model,band,draw,layer,head,js_divergence
pythia-70m,low,draw_1,0,0,0.0
pythia-70m,low,draw_1,0,1,0.0
pythia-70m,low,draw_1,0,2,0.0
pythia-70m,low,draw_1,0,3,0.0
pythia-70m,low,draw_1,0,4,0.0
pythia-70m,low,draw_1,0,5,0.0
pythia-70m,low,draw_1,0,6,0.0
pythia-70m,low,draw_1,0,7,0.0
pythia-70m,low,draw_1,1,0,0.0
pythia-70m,low,draw_1,1,1,0.0
pythia-70m,low,draw_1,1,2,0.0
pythia-70m,low,draw_1,1,3,0.0
pythia-70m,low,draw_1,1,4,0.0
pythia-70m,low,draw_1,1,5,0.0
pythia-70m,low,draw_1,1,6,0.0
pythia-70m,low,draw_1,1,7,0.0
pythia-70m,low,draw_1,2,0,0.004638735596633222
pythia-70m,low,draw_1,2,1,0.000960862724638726
pythia-70m,low,draw_1,2,2,0.005889546675728788
pythia-70m,low,draw_1,2,3,0.004336144752747176
pythia-70m,low,draw_1,2,4,0.003973288761880983
pythia-70m,low,draw_1,2,5,0.005656817263412789
pythia-70m,low,draw_1,2,6,0.005593151487315747
pythia-70m,low,draw_1,2,7,0.0037190187764308113
pythia-70m,low,draw_1,3,0,0.009434229911260006
pythia-70m,low,draw_1,3,1,0.00970077702158116
pythia-70m,low,draw_1,3,2,0.00783019000216359
pythia-70m,low,draw_1,3,3,0.0037970573746724857
pythia-70m,low,draw_1,3,4,0.003910561506762027
pythia-70m,low,draw_1,3,5,0.009266468154724006
pythia-70m,low,draw_1,3,6,0.006036048775132502
pythia-70m,low,draw_1,3,7,0.0027736679295396636
pythia-70m,low,draw_1,4,0,0.012229768320198306
pythia-70m,low,draw_1,4,1,0.006062715777954985
pythia-70m,low,draw_1,4,2,0.018620921018864433
pythia-70m,low,draw_1,4,3,0.03148260570694674
pythia-70m,low,draw_1,4,4,0.021566537327049388
pythia-70m,low,draw_1,4,5,0.013244488271502777
pythia-70m,low,draw_1,4,6,0.020900106307718592
pythia-70m,low,draw_1,4,7,0.01952975982703286
pythia-70m,low,draw_1,5,0,0.017836241924822555
pythia-70m,low,draw_1,5,1,0.012393669625387233
pythia-70m,low,draw_1,5,2,0.01177525803932187
pythia-70m,low,draw_1,5,3,0.017923427259724768
pythia-70m,low,draw_1,5,4,0.018192503630537798
pythia-70m,low,draw_1,5,5,0.008687451050673204
pythia-70m,low,draw_1,5,6,0.031017641960101417
pythia-70m,low,draw_1,5,7,0.00635480249223834
pythia-70m,low,draw_2,0,0,0.0
pythia-70m,low,draw_2,0,1,0.0
pythia-70m,low,draw_2,0,2,0.0
pythia-70m,low,draw_2,0,3,0.0
pythia-70m,low,draw_2,0,4,0.0
pythia-70m,low,draw_2,0,5,0.0
pythia-70m,low,draw_2,0,6,0.0
pythia-70m,low,draw_2,0,7,0.0
pythia-70m,low,draw_2,1,0,0.0
pythia-70m,low,draw_2,1,1,0.0
pythia-70m,low,draw_2,1,2,0.0
pythia-70m,low,draw_2,1,3,0.0
pythia-70m,low,draw_2,1,4,0.0
pythia-70m,low,draw_2,1,5,0.0
pythia-70m,low,draw_2,1,6,0.0
pythia-70m,low,draw_2,1,7,0.0
pythia-70m,low,draw_2,2,0,0.004371023883210075
pythia-70m,low,draw_2,2,1,0.001246022848725061
pythia-70m,low,draw_2,2,2,0.005453723140453305
pythia-70m,low,draw_2,2,3,0.0031218443897085973
pythia-70m,low,draw_2,2,4,0.0032739882352989507
pythia-70m,low,draw_2,2,5,0.005928465436368083
pythia-70m,low,draw_2,2,6,0.006559742148674289
pythia-70m,low,draw_2,2,7,0.0029265764725683037
pythia-70m,low,draw_2,3,0,0.0075661382953903815
pythia-70m,low,draw_2,3,1,0.004576236391459851
pythia-70m,low,draw_2,3,2,0.007591550428013222
pythia-70m,low,draw_2,3,3,0.003323866803553574
pythia-70m,low,draw_2,3,4,0.0031770354122014318
pythia-70m,low,draw_2,3,5,0.005729754024528513
pythia-70m,low,draw_2,3,6,0.004689282460862716
pythia-70m,low,draw_2,3,7,0.00239035180984512
pythia-70m,low,draw_2,4,0,0.010631320034940469
pythia-70m,low,draw_2,4,1,0.007324450459391379
pythia-70m,low,draw_2,4,2,0.020110790210019575
pythia-70m,low,draw_2,4,3,0.02840335566908846
pythia-70m,low,draw_2,4,4,0.021361558083702693
pythia-70m,low,draw_2,4,5,0.013508071401928216
pythia-70m,low,draw_2,4,6,0.02142493195880437
pythia-70m,low,draw_2,4,7,0.012545528469731164
pythia-70m,low,draw_2,5,0,0.011317005228690447
pythia-70m,low,draw_2,5,1,0.012219696627012949
pythia-70m,low,draw_2,5,2,0.011884371435364294
pythia-70m,low,draw_2,5,3,0.023012176352415734
pythia-70m,low,draw_2,5,4,0.005381547578575384
pythia-70m,low,draw_2,5,5,0.01125688659141636
pythia-70m,low,draw_2,5,6,0.03316442253537419
pythia-70m,low,draw_2,5,7,0.008045722868240398
pythia-70m,low,draw_3,0,0,0.0
pythia-70m,low,draw_3,0,1,0.0
pythia-70m,low,draw_3,0,2,0.0
pythia-70m,low,draw_3,0,3,0.0
pythia-70m,low,draw_3,0,4,0.0
pythia-70m,low,draw_3,0,5,0.0
pythia-70m,low,draw_3,0,6,0.0
pythia-70m,low,draw_3,0,7,0.0
pythia-70m,low,draw_3,1,0,0.0
pythia-70m,low,draw_3,1,1,0.0
pythia-70m,low,draw_3,1,2,0.0
pythia-70m,low,draw_3,1,3,0.0
pythia-70m,low,draw_3,1,4,0.0
pythia-70m,low,draw_3,1,5,0.0
pythia-70m,low,draw_3,1,6,0.0
pythia-70m,low,draw_3,1,7,0.0
pythia-70m,low,draw_3,2,0,0.0038619792399633645
pythia-70m,low,draw_3,2,1,0.0013709127177236418
pythia-70m,low,draw_3,2,2,0.005097223552156325
pythia-70m,low,draw_3,2,3,0.005252171836376183
pythia-70m,low,draw_3,2,4,0.003236293476566172
pythia-70m,low,draw_3,2,5,0.0069822745186755636
pythia-70m,low,draw_3,2,6,0.0057741639932927255
pythia-70m,low,draw_3,2,7,0.003357419065570821
pythia-70m,low,draw_3,3,0,0.01032875338273479
pythia-70m,low,draw_3,3,1,0.00920939027937407
pythia-70m,low,draw_3,3,2,0.007015482372600234
pythia-70m,low,draw_3,3,3,0.005169287805365239
pythia-70m,low,draw_3,3,4,0.0034612529039900284
pythia-70m,low,draw_3,3,5,0.007961460544518474
pythia-70m,low,draw_3,3,6,0.00423425382279308
pythia-70m,low,draw_3,3,7,0.0029409163578110738
pythia-70m,low,draw_3,4,0,0.006152275346194061
pythia-70m,low,draw_3,4,1,0.006743593946326558
pythia-70m,low,draw_3,4,2,0.014875160451895698
pythia-70m,low,draw_3,4,3,0.016681691642310724
pythia-70m,low,draw_3,4,4,0.013829637657893409
pythia-70m,low,draw_3,4,5,0.012447412708753661
pythia-70m,low,draw_3,4,6,0.02470288501032687
pythia-70m,low,draw_3,4,7,0.015185301248213668
pythia-70m,low,draw_3,5,0,0.0049924113569678194
pythia-70m,low,draw_3,5,1,0.012329587832388725
pythia-70m,low,draw_3,5,2,0.020456010242686496
pythia-70m,low,draw_3,5,3,0.02871751126138462
pythia-70m,low,draw_3,5,4,0.019849269816838575
pythia-70m,low,draw_3,5,5,0.011923866215284963
pythia-70m,low,draw_3,5,6,0.032640821779990066
pythia-70m,low,draw_3,5,7,0.013410196989582604
pythia-70m,medium,draw_1,0,0,0.0
pythia-70m,medium,draw_1,0,1,0.0
pythia-70m,medium,draw_1,0,2,0.0
pythia-70m,medium,draw_1,0,3,0.0
pythia-70m,medium,draw_1,0,4,0.0
pythia-70m,medium,draw_1,0,5,0.0
pythia-70m,medium,draw_1,0,6,0.0
pythia-70m,medium,draw_1,0,7,0.0
pythia-70m,medium,draw_1,1,0,0.0
pythia-70m,medium,draw_1,1,1,0.0
pythia-70m,medium,draw_1,1,2,0.0
pythia-70m,medium,draw_1,1,3,0.0
pythia-70m,medium,draw_1,1,4,0.0
pythia-70m,medium,draw_1,1,5,0.0
pythia-70m,medium,draw_1,1,6,0.0
pythia-70m,medium,draw_1,1,7,0.0
pythia-70m,medium,draw_1,2,0,0.006620011170817585
pythia-70m,medium,draw_1,2,1,0.0015250823802980477
pythia-70m,medium,draw_1,2,2,0.0036472615604984694
pythia-70m,medium,draw_1,2,3,0.0026838557380604055
pythia-70m,medium,draw_1,2,4,0.002506970168860312
pythia-70m,medium,draw_1,2,5,0.002873548428254442
pythia-70m,medium,draw_1,2,6,0.0045425949375442745
pythia-70m,medium,draw_1,2,7,0.0028839313163252873
pythia-70m,medium,draw_1,3,0,0.005940929596989027
pythia-70m,medium,draw_1,3,1,0.0087285158380776
pythia-70m,medium,draw_1,3,2,0.0037524960032420704
pythia-70m,medium,draw_1,3,3,0.0026082216701091786
pythia-70m,medium,draw_1,3,4,0.0023254639832011354
pythia-70m,medium,draw_1,3,5,0.006713216923521252
pythia-70m,medium,draw_1,3,6,0.002309541565838917
pythia-70m,medium,draw_1,3,7,0.0019391770697609774
pythia-70m,medium,draw_1,4,0,0.01246540340827668
pythia-70m,medium,draw_1,4,1,0.0039720584507576245
pythia-70m,medium,draw_1,4,2,0.014171082293358962
pythia-70m,medium,draw_1,4,3,0.012925566788439325
pythia-70m,medium,draw_1,4,4,0.016245802763680796
pythia-70m,medium,draw_1,4,5,0.011170250440652054
pythia-70m,medium,draw_1,4,6,0.021878149186953817
pythia-70m,medium,draw_1,4,7,0.014738562615486964
pythia-70m,medium,draw_1,5,0,0.007829484693536625
pythia-70m,medium,draw_1,5,1,0.016260491532511915
pythia-70m,medium,draw_1,5,2,0.011400702557193844
pythia-70m,medium,draw_1,5,3,0.011373588827929632
pythia-70m,medium,draw_1,5,4,0.010699101761306815
pythia-70m,medium,draw_1,5,5,0.009614045226506116
pythia-70m,medium,draw_1,5,6,0.04174589686964385
pythia-70m,medium,draw_1,5,7,0.005121426782829026
pythia-70m,medium,draw_2,0,0,0.0
pythia-70m,medium,draw_2,0,1,0.0
pythia-70m,medium,draw_2,0,2,0.0
pythia-70m,medium,draw_2,0,3,0.0
pythia-70m,medium,draw_2,0,4,0.0
pythia-70m,medium,draw_2,0,5,0.0
pythia-70m,medium,draw_2,0,6,0.0
pythia-70m,medium,draw_2,0,7,0.0
pythia-70m,medium,draw_2,1,0,0.0
pythia-70m,medium,draw_2,1,1,0.0
pythia-70m,medium,draw_2,1,2,0.0
pythia-70m,medium,draw_2,1,3,0.0
pythia-70m,medium,draw_2,1,4,0.0
pythia-70m,medium,draw_2,1,5,0.0
pythia-70m,medium,draw_2,1,6,0.0
pythia-70m,medium,draw_2,1,7,0.0
pythia-70m,medium,draw_2,2,0,0.0
pythia-70m,medium,draw_2,2,1,0.0
pythia-70m,medium,draw_2,2,2,0.0
pythia-70m,medium,draw_2,2,3,0.0
pythia-70m,medium,draw_2,2,4,0.0
pythia-70m,medium,draw_2,2,5,0.0
pythia-70m,medium,draw_2,2,6,0.0
pythia-70m,medium,draw_2,2,7,0.0
pythia-70m,medium,draw_2,3,0,0.0
pythia-70m,medium,draw_2,3,1,0.0
pythia-70m,medium,draw_2,3,2,0.0
pythia-70m,medium,draw_2,3,3,0.0
pythia-70m,medium,draw_2,3,4,0.0
pythia-70m,medium,draw_2,3,5,0.0
pythia-70m,medium,draw_2,3,6,0.0
pythia-70m,medium,draw_2,3,7,0.0
pythia-70m,medium,draw_2,4,0,0.0
pythia-70m,medium,draw_2,4,1,0.0
pythia-70m,medium,draw_2,4,2,0.0
pythia-70m,medium,draw_2,4,3,0.0
pythia-70m,medium,draw_2,4,4,0.0
pythia-70m,medium,draw_2,4,5,0.0
pythia-70m,medium,draw_2,4,6,0.0
pythia-70m,medium,draw_2,4,7,0.0
pythia-70m,medium,draw_2,5,0,0.00168980862930247
pythia-70m,medium,draw_2,5,1,0.00302063931162872
pythia-70m,medium,draw_2,5,2,0.0026247944790420016
pythia-70m,medium,draw_2,5,3,0.002927192977028841
pythia-70m,medium,draw_2,5,4,0.0032529192067999274
pythia-70m,medium,draw_2,5,5,0.001024364752277041
pythia-70m,medium,draw_2,5,6,0.01403879391916689
pythia-70m,medium,draw_2,5,7,0.0011363700794042733
pythia-70m,medium,draw_3,0,0,0.0
pythia-70m,medium,draw_3,0,1,0.0
pythia-70m,medium,draw_3,0,2,0.0
pythia-70m,medium,draw_3,0,3,0.0
pythia-70m,medium,draw_3,0,4,0.0
pythia-70m,medium,draw_3,0,5,0.0
pythia-70m,medium,draw_3,0,6,0.0
pythia-70m,medium,draw_3,0,7,0.0
pythia-70m,medium,draw_3,1,0,0.0
pythia-70m,medium,draw_3,1,1,0.0
pythia-70m,medium,draw_3,1,2,0.0
pythia-70m,medium,draw_3,1,3,0.0
pythia-70m,medium,draw_3,1,4,0.0
pythia-70m,medium,draw_3,1,5,0.0
pythia-70m,medium,draw_3,1,6,0.0
pythia-70m,medium,draw_3,1,7,0.0
pythia-70m,medium,draw_3,2,0,0.0
pythia-70m,medium,draw_3,2,1,0.0
pythia-70m,medium,draw_3,2,2,0.0
pythia-70m,medium,draw_3,2,3,0.0
pythia-70m,medium,draw_3,2,4,0.0
pythia-70m,medium,draw_3,2,5,0.0
pythia-70m,medium,draw_3,2,6,0.0
pythia-70m,medium,draw_3,2,7,0.0
pythia-70m,medium,draw_3,3,0,0.0
pythia-70m,medium,draw_3,3,1,0.0
pythia-70m,medium,draw_3,3,2,0.0
pythia-70m,medium,draw_3,3,3,0.0
pythia-70m,medium,draw_3,3,4,0.0
pythia-70m,medium,draw_3,3,5,0.0
pythia-70m,medium,draw_3,3,6,0.0
pythia-70m,medium,draw_3,3,7,0.0
pythia-70m,medium,draw_3,4,0,0.0
pythia-70m,medium,draw_3,4,1,0.0
pythia-70m,medium,draw_3,4,2,0.0
pythia-70m,medium,draw_3,4,3,0.0
pythia-70m,medium,draw_3,4,4,0.0
pythia-70m,medium,draw_3,4,5,0.0
pythia-70m,medium,draw_3,4,6,0.0
pythia-70m,medium,draw_3,4,7,0.0
pythia-70m,medium,draw_3,5,0,0.0006149132699299446
pythia-70m,medium,draw_3,5,1,0.002960527048593198
pythia-70m,medium,draw_3,5,2,0.0013543088640387076
pythia-70m,medium,draw_3,5,3,0.0011962771415116487
pythia-70m,medium,draw_3,5,4,0.0006306044770178725
pythia-70m,medium,draw_3,5,5,0.0005645896935534508
pythia-70m,medium,draw_3,5,6,0.002339650582378553
pythia-70m,medium,draw_3,5,7,0.001758339590943608
pythia-70m,high,draw_1,0,0,0.0
pythia-70m,high,draw_1,0,1,0.0
pythia-70m,high,draw_1,0,2,0.0
pythia-70m,high,draw_1,0,3,0.0
pythia-70m,high,draw_1,0,4,0.0
pythia-70m,high,draw_1,0,5,0.0
pythia-70m,high,draw_1,0,6,0.0
pythia-70m,high,draw_1,0,7,0.0
pythia-70m,high,draw_1,1,0,0.0
pythia-70m,high,draw_1,1,1,0.0
pythia-70m,high,draw_1,1,2,0.0
pythia-70m,high,draw_1,1,3,0.0
pythia-70m,high,draw_1,1,4,0.0
pythia-70m,high,draw_1,1,5,0.0
pythia-70m,high,draw_1,1,6,0.0
pythia-70m,high,draw_1,1,7,0.0
pythia-70m,high,draw_1,2,0,0.00498553350454736
pythia-70m,high,draw_1,2,1,0.0009612961420639221
pythia-70m,high,draw_1,2,2,0.002384129332827621
pythia-70m,high,draw_1,2,3,0.001768427988302914
pythia-70m,high,draw_1,2,4,0.003201874279444336
pythia-70m,high,draw_1,2,5,0.005394524165286275
pythia-70m,high,draw_1,2,6,0.006385991220202203
pythia-70m,high,draw_1,2,7,0.004405589726735374
pythia-70m,high,draw_1,3,0,0.008467951739009763
pythia-70m,high,draw_1,3,1,0.004374747646879071
pythia-70m,high,draw_1,3,2,0.002380172403308367
pythia-70m,high,draw_1,3,3,0.007972922619087408
pythia-70m,high,draw_1,3,4,0.0015769962936884269
pythia-70m,high,draw_1,3,5,0.01310585200492686
pythia-70m,high,draw_1,3,6,0.007760408828385233
pythia-70m,high,draw_1,3,7,0.002170805758262433
pythia-70m,high,draw_1,4,0,0.02018072562204862
pythia-70m,high,draw_1,4,1,0.008276372321585804
pythia-70m,high,draw_1,4,2,0.026178120332326197
pythia-70m,high,draw_1,4,3,0.020648631768642404
pythia-70m,high,draw_1,4,4,0.014555921062822679
pythia-70m,high,draw_1,4,5,0.01939168852676945
pythia-70m,high,draw_1,4,6,0.024129942861524974
pythia-70m,high,draw_1,4,7,0.016165939897067435
pythia-70m,high,draw_1,5,0,0.014121149862344144
pythia-70m,high,draw_1,5,1,0.015968652640706585
pythia-70m,high,draw_1,5,2,0.017631892254638314
pythia-70m,high,draw_1,5,3,0.030985930939493297
pythia-70m,high,draw_1,5,4,0.0190680831885564
pythia-70m,high,draw_1,5,5,0.014319541268813726
pythia-70m,high,draw_1,5,6,0.045525307423641886
pythia-70m,high,draw_1,5,7,0.011681746633048983
pythia-70m,high,draw_2,0,0,0.0
pythia-70m,high,draw_2,0,1,0.0
pythia-70m,high,draw_2,0,2,0.0
pythia-70m,high,draw_2,0,3,0.0
pythia-70m,high,draw_2,0,4,0.0
pythia-70m,high,draw_2,0,5,0.0
pythia-70m,high,draw_2,0,6,0.0
pythia-70m,high,draw_2,0,7,0.0
pythia-70m,high,draw_2,1,0,0.0
pythia-70m,high,draw_2,1,1,0.0
pythia-70m,high,draw_2,1,2,0.0
pythia-70m,high,draw_2,1,3,0.0
pythia-70m,high,draw_2,1,4,0.0
pythia-70m,high,draw_2,1,5,0.0
pythia-70m,high,draw_2,1,6,0.0
pythia-70m,high,draw_2,1,7,0.0
pythia-70m,high,draw_2,2,0,0.0
pythia-70m,high,draw_2,2,1,0.0
pythia-70m,high,draw_2,2,2,0.0
pythia-70m,high,draw_2,2,3,0.0
pythia-70m,high,draw_2,2,4,0.0
pythia-70m,high,draw_2,2,5,0.0
pythia-70m,high,draw_2,2,6,0.0
pythia-70m,high,draw_2,2,7,0.0
pythia-70m,high,draw_2,3,0,0.0
pythia-70m,high,draw_2,3,1,0.0
pythia-70m,high,draw_2,3,2,0.0
pythia-70m,high,draw_2,3,3,0.0
pythia-70m,high,draw_2,3,4,0.0
pythia-70m,high,draw_2,3,5,0.0
pythia-70m,high,draw_2,3,6,0.0
pythia-70m,high,draw_2,3,7,0.0
pythia-70m,high,draw_2,4,0,0.0
pythia-70m,high,draw_2,4,1,0.0
pythia-70m,high,draw_2,4,2,0.0
pythia-70m,high,draw_2,4,3,0.0
pythia-70m,high,draw_2,4,4,0.0
pythia-70m,high,draw_2,4,5,0.0
pythia-70m,high,draw_2,4,6,0.0
pythia-70m,high,draw_2,4,7,0.0
pythia-70m,high,draw_2,5,0,0.002401502663605925
pythia-70m,high,draw_2,5,1,0.0023561724010912996
pythia-70m,high,draw_2,5,2,0.0026045678417700286
pythia-70m,high,draw_2,5,3,0.0029905036923964
pythia-70m,high,draw_2,5,4,0.0022270048386959953
pythia-70m,high,draw_2,5,5,0.0018382813974309304
pythia-70m,high,draw_2,5,6,0.004848619784695889
pythia-70m,high,draw_2,5,7,0.0013865781766535302
pythia-70m,high,draw_3,0,0,0.0
pythia-70m,high,draw_3,0,1,0.0
pythia-70m,high,draw_3,0,2,0.0
pythia-70m,high,draw_3,0,3,0.0
pythia-70m,high,draw_3,0,4,0.0
pythia-70m,high,draw_3,0,5,0.0
pythia-70m,high,draw_3,0,6,0.0
pythia-70m,high,draw_3,0,7,0.0
pythia-70m,high,draw_3,1,0,0.0
pythia-70m,high,draw_3,1,1,0.0
pythia-70m,high,draw_3,1,2,0.0
pythia-70m,high,draw_3,1,3,0.0
pythia-70m,high,draw_3,1,4,0.0
pythia-70m,high,draw_3,1,5,0.0
pythia-70m,high,draw_3,1,6,0.0
pythia-70m,high,draw_3,1,7,0.0
pythia-70m,high,draw_3,2,0,0.005458221294779201
pythia-70m,high,draw_3,2,1,0.00045120386969047524
pythia-70m,high,draw_3,2,2,0.002189852208773743
pythia-70m,high,draw_3,2,3,0.001492470750119991
pythia-70m,high,draw_3,2,4,0.003311394537934393
pythia-70m,high,draw_3,2,5,0.004644587784937202
pythia-70m,high,draw_3,2,6,0.009807576283731677
pythia-70m,high,draw_3,2,7,0.0038114953908687404
pythia-70m,high,draw_3,3,0,0.00995430176023787
pythia-70m,high,draw_3,3,1,0.010290637106213904
pythia-70m,high,draw_3,3,2,0.003780185029243396
pythia-70m,high,draw_3,3,3,0.008787672856860083
pythia-70m,high,draw_3,3,4,0.001904429108662441
pythia-70m,high,draw_3,3,5,0.00824924027977699
pythia-70m,high,draw_3,3,6,0.0023412904524871036
pythia-70m,high,draw_3,3,7,0.0019401645547660739
pythia-70m,high,draw_3,4,0,0.01407366576730959
pythia-70m,high,draw_3,4,1,0.01021265811871171
pythia-70m,high,draw_3,4,2,0.019216073932215718
pythia-70m,high,draw_3,4,3,0.03575856929069467
pythia-70m,high,draw_3,4,4,0.010747783460444459
pythia-70m,high,draw_3,4,5,0.01669664363079633
pythia-70m,high,draw_3,4,6,0.017997917960331882
pythia-70m,high,draw_3,4,7,0.018941259196350382
pythia-70m,high,draw_3,5,0,0.017294921985391436
pythia-70m,high,draw_3,5,1,0.01484424533770421
pythia-70m,high,draw_3,5,2,0.020187917112501123
pythia-70m,high,draw_3,5,3,0.01972591427408391
pythia-70m,high,draw_3,5,4,0.01955709684316604
pythia-70m,high,draw_3,5,5,0.010390918155483845
pythia-70m,high,draw_3,5,6,0.027880107406857486
pythia-70m,high,draw_3,5,7,0.01251482122140499
pythia-70m,very_high,draw_1,0,0,0.0
pythia-70m,very_high,draw_1,0,1,0.0
pythia-70m,very_high,draw_1,0,2,0.0
pythia-70m,very_high,draw_1,0,3,0.0
pythia-70m,very_high,draw_1,0,4,0.0
pythia-70m,very_high,draw_1,0,5,0.0
pythia-70m,very_high,draw_1,0,6,0.0
pythia-70m,very_high,draw_1,0,7,0.0
pythia-70m,very_high,draw_1,1,0,0.0
pythia-70m,very_high,draw_1,1,1,0.0
pythia-70m,very_high,draw_1,1,2,0.0
pythia-70m,very_high,draw_1,1,3,0.0
pythia-70m,very_high,draw_1,1,4,0.0
pythia-70m,very_high,draw_1,1,5,0.0
pythia-70m,very_high,draw_1,1,6,0.0
pythia-70m,very_high,draw_1,1,7,0.0
pythia-70m,very_high,draw_1,2,0,0.0
pythia-70m,very_high,draw_1,2,1,0.0
pythia-70m,very_high,draw_1,2,2,0.0
pythia-70m,very_high,draw_1,2,3,0.0
pythia-70m,very_high,draw_1,2,4,0.0
pythia-70m,very_high,draw_1,2,5,0.0
pythia-70m,very_high,draw_1,2,6,0.0
pythia-70m,very_high,draw_1,2,7,0.0
pythia-70m,very_high,draw_1,3,0,0.0
pythia-70m,very_high,draw_1,3,1,0.0
pythia-70m,very_high,draw_1,3,2,0.0
pythia-70m,very_high,draw_1,3,3,0.0
pythia-70m,very_high,draw_1,3,4,0.0
pythia-70m,very_high,draw_1,3,5,0.0
pythia-70m,very_high,draw_1,3,6,0.0
pythia-70m,very_high,draw_1,3,7,0.0
pythia-70m,very_high,draw_1,4,0,0.0
pythia-70m,very_high,draw_1,4,1,0.0
pythia-70m,very_high,draw_1,4,2,0.0
pythia-70m,very_high,draw_1,4,3,0.0
pythia-70m,very_high,draw_1,4,4,0.0
pythia-70m,very_high,draw_1,4,5,0.0
pythia-70m,very_high,draw_1,4,6,0.0
pythia-70m,very_high,draw_1,4,7,0.0
pythia-70m,very_high,draw_1,5,0,0.0021605773150231338
pythia-70m,very_high,draw_1,5,1,0.003025949545499432
pythia-70m,very_high,draw_1,5,2,0.003481744640344428
pythia-70m,very_high,draw_1,5,3,0.005820483038791222
pythia-70m,very_high,draw_1,5,4,0.0010620918051898096
pythia-70m,very_high,draw_1,5,5,0.0023952194487935753
pythia-70m,very_high,draw_1,5,6,0.015821874358939846
pythia-70m,very_high,draw_1,5,7,0.002677895744213779
pythia-70m,very_high,draw_2,0,0,0.0
pythia-70m,very_high,draw_2,0,1,0.0
pythia-70m,very_high,draw_2,0,2,0.0
pythia-70m,very_high,draw_2,0,3,0.0
pythia-70m,very_high,draw_2,0,4,0.0
pythia-70m,very_high,draw_2,0,5,0.0
pythia-70m,very_high,draw_2,0,6,0.0
pythia-70m,very_high,draw_2,0,7,0.0
pythia-70m,very_high,draw_2,1,0,0.0
pythia-70m,very_high,draw_2,1,1,0.0
pythia-70m,very_high,draw_2,1,2,0.0
pythia-70m,very_high,draw_2,1,3,0.0
pythia-70m,very_high,draw_2,1,4,0.0
pythia-70m,very_high,draw_2,1,5,0.0
pythia-70m,very_high,draw_2,1,6,0.0
pythia-70m,very_high,draw_2,1,7,0.0
pythia-70m,very_high,draw_2,2,0,0.0
pythia-70m,very_high,draw_2,2,1,0.0
pythia-70m,very_high,draw_2,2,2,0.0
pythia-70m,very_high,draw_2,2,3,0.0
pythia-70m,very_high,draw_2,2,4,0.0
pythia-70m,very_high,draw_2,2,5,0.0
pythia-70m,very_high,draw_2,2,6,0.0
pythia-70m,very_high,draw_2,2,7,0.0
pythia-70m,very_high,draw_2,3,0,0.0
pythia-70m,very_high,draw_2,3,1,0.0
pythia-70m,very_high,draw_2,3,2,0.0
pythia-70m,very_high,draw_2,3,3,0.0
pythia-70m,very_high,draw_2,3,4,0.0
pythia-70m,very_high,draw_2,3,5,0.0
pythia-70m,very_high,draw_2,3,6,0.0
pythia-70m,very_high,draw_2,3,7,0.0
pythia-70m,very_high,draw_2,4,0,0.0
pythia-70m,very_high,draw_2,4,1,0.0
pythia-70m,very_high,draw_2,4,2,0.0
pythia-70m,very_high,draw_2,4,3,0.0
pythia-70m,very_high,draw_2,4,4,0.0
pythia-70m,very_high,draw_2,4,5,0.0
pythia-70m,very_high,draw_2,4,6,0.0
pythia-70m,very_high,draw_2,4,7,0.0
pythia-70m,very_high,draw_2,5,0,0.0024037769305080814
pythia-70m,very_high,draw_2,5,1,0.005839867952625173
pythia-70m,very_high,draw_2,5,2,0.002313424406916988
pythia-70m,very_high,draw_2,5,3,0.00587076827852048
pythia-70m,very_high,draw_2,5,4,0.00910240924755632
pythia-70m,very_high,draw_2,5,5,0.0019462060566115828
pythia-70m,very_high,draw_2,5,6,0.022931409073396435
pythia-70m,very_high,draw_2,5,7,0.0043679999438573916
pythia-70m,very_high,draw_3,0,0,0.0
pythia-70m,very_high,draw_3,0,1,0.0
pythia-70m,very_high,draw_3,0,2,0.0
pythia-70m,very_high,draw_3,0,3,0.0
pythia-70m,very_high,draw_3,0,4,0.0
pythia-70m,very_high,draw_3,0,5,0.0
pythia-70m,very_high,draw_3,0,6,0.0
pythia-70m,very_high,draw_3,0,7,0.0
pythia-70m,very_high,draw_3,1,0,0.0
pythia-70m,very_high,draw_3,1,1,0.0
pythia-70m,very_high,draw_3,1,2,0.0
pythia-70m,very_high,draw_3,1,3,0.0
pythia-70m,very_high,draw_3,1,4,0.0
pythia-70m,very_high,draw_3,1,5,0.0
pythia-70m,very_high,draw_3,1,6,0.0
pythia-70m,very_high,draw_3,1,7,0.0
pythia-70m,very_high,draw_3,2,0,0.0
pythia-70m,very_high,draw_3,2,1,0.0
pythia-70m,very_high,draw_3,2,2,0.0
pythia-70m,very_high,draw_3,2,3,0.0
pythia-70m,very_high,draw_3,2,4,0.0
pythia-70m,very_high,draw_3,2,5,0.0
pythia-70m,very_high,draw_3,2,6,0.0
pythia-70m,very_high,draw_3,2,7,0.0
pythia-70m,very_high,draw_3,3,0,0.0
pythia-70m,very_high,draw_3,3,1,0.0
pythia-70m,very_high,draw_3,3,2,0.0
pythia-70m,very_high,draw_3,3,3,0.0
pythia-70m,very_high,draw_3,3,4,0.0
pythia-70m,very_high,draw_3,3,5,0.0
pythia-70m,very_high,draw_3,3,6,0.0
pythia-70m,very_high,draw_3,3,7,0.0
pythia-70m,very_high,draw_3,4,0,0.0
pythia-70m,very_high,draw_3,4,1,0.0
pythia-70m,very_high,draw_3,4,2,0.0
pythia-70m,very_high,draw_3,4,3,0.0
pythia-70m,very_high,draw_3,4,4,0.0
pythia-70m,very_high,draw_3,4,5,0.0
pythia-70m,very_high,draw_3,4,6,0.0
pythia-70m,very_high,draw_3,4,7,0.0
pythia-70m,very_high,draw_3,5,0,0.0024649232469561365
pythia-70m,very_high,draw_3,5,1,0.0048064791965386966
pythia-70m,very_high,draw_3,5,2,0.003174453912076589
pythia-70m,very_high,draw_3,5,3,0.005380274501573602
pythia-70m,very_high,draw_3,5,4,0.00391092942142981
pythia-70m,very_high,draw_3,5,5,0.004643725517474526
pythia-70m,very_high,draw_3,5,6,0.0046791143757852725
pythia-70m,very_high,draw_3,5,7,0.0028485343479300643
pythia-70m,control,draw_1,0,0,0.0
pythia-70m,control,draw_1,0,1,0.0
pythia-70m,control,draw_1,0,2,0.0
pythia-70m,control,draw_1,0,3,0.0
pythia-70m,control,draw_1,0,4,0.0
pythia-70m,control,draw_1,0,5,0.0
pythia-70m,control,draw_1,0,6,0.0
pythia-70m,control,draw_1,0,7,0.0
pythia-70m,control,draw_1,1,0,0.0
pythia-70m,control,draw_1,1,1,0.0
pythia-70m,control,draw_1,1,2,0.0
pythia-70m,control,draw_1,1,3,0.0
pythia-70m,control,draw_1,1,4,0.0
pythia-70m,control,draw_1,1,5,0.0
pythia-70m,control,draw_1,1,6,0.0
pythia-70m,control,draw_1,1,7,0.0
pythia-70m,control,draw_1,2,0,0.0039270302756974655
pythia-70m,control,draw_1,2,1,0.002831661882648303
pythia-70m,control,draw_1,2,2,0.0034000103766378543
pythia-70m,control,draw_1,2,3,0.0033828192479823955
pythia-70m,control,draw_1,2,4,0.002418391708779584
pythia-70m,control,draw_1,2,5,0.004553905006394778
pythia-70m,control,draw_1,2,6,0.012475826126742686
pythia-70m,control,draw_1,2,7,0.002814359964666088
pythia-70m,control,draw_1,3,0,0.011239675189773637
pythia-70m,control,draw_1,3,1,0.013973784898065868
pythia-70m,control,draw_1,3,2,0.008635664116669278
pythia-70m,control,draw_1,3,3,0.011381211144004517
pythia-70m,control,draw_1,3,4,0.002741167241065209
pythia-70m,control,draw_1,3,5,0.011278153594810653
pythia-70m,control,draw_1,3,6,0.008790196156901818
pythia-70m,control,draw_1,3,7,0.005111505020963018
pythia-70m,control,draw_1,4,0,0.019011221917888853
pythia-70m,control,draw_1,4,1,0.010728313687641296
pythia-70m,control,draw_1,4,2,0.023706553323296436
pythia-70m,control,draw_1,4,3,0.02018896516195666
pythia-70m,control,draw_1,4,4,0.017746645717005405
pythia-70m,control,draw_1,4,5,0.01860974325236881
pythia-70m,control,draw_1,4,6,0.014326638876890497
pythia-70m,control,draw_1,4,7,0.03787340259448884
pythia-70m,control,draw_1,5,0,0.011593448665645793
pythia-70m,control,draw_1,5,1,0.02089285976629829
pythia-70m,control,draw_1,5,2,0.01876425350348342
pythia-70m,control,draw_1,5,3,0.03245774706162403
pythia-70m,control,draw_1,5,4,0.021662663878098128
pythia-70m,control,draw_1,5,5,0.014814097737177968
pythia-70m,control,draw_1,5,6,0.025884181285751227
pythia-70m,control,draw_1,5,7,0.018726963927534278
pythia-70m,control,draw_2,0,0,0.0
pythia-70m,control,draw_2,0,1,0.0
pythia-70m,control,draw_2,0,2,0.0
pythia-70m,control,draw_2,0,3,0.0
pythia-70m,control,draw_2,0,4,0.0
pythia-70m,control,draw_2,0,5,0.0
pythia-70m,control,draw_2,0,6,0.0
pythia-70m,control,draw_2,0,7,0.0
pythia-70m,control,draw_2,1,0,0.0
pythia-70m,control,draw_2,1,1,0.0
pythia-70m,control,draw_2,1,2,0.0
pythia-70m,control,draw_2,1,3,0.0
pythia-70m,control,draw_2,1,4,0.0
pythia-70m,control,draw_2,1,5,0.0
pythia-70m,control,draw_2,1,6,0.0
pythia-70m,control,draw_2,1,7,0.0
pythia-70m,control,draw_2,2,0,0.0
pythia-70m,control,draw_2,2,1,0.0
pythia-70m,control,draw_2,2,2,0.0
pythia-70m,control,draw_2,2,3,0.0
pythia-70m,control,draw_2,2,4,0.0
pythia-70m,control,draw_2,2,5,0.0
pythia-70m,control,draw_2,2,6,0.0
pythia-70m,control,draw_2,2,7,0.0
pythia-70m,control,draw_2,3,0,0.0
pythia-70m,control,draw_2,3,1,0.0
pythia-70m,control,draw_2,3,2,0.0
pythia-70m,control,draw_2,3,3,0.0
pythia-70m,control,draw_2,3,4,0.0
pythia-70m,control,draw_2,3,5,0.0
pythia-70m,control,draw_2,3,6,0.0
pythia-70m,control,draw_2,3,7,0.0
pythia-70m,control,draw_2,4,0,0.0
pythia-70m,control,draw_2,4,1,0.0
pythia-70m,control,draw_2,4,2,0.0
pythia-70m,control,draw_2,4,3,0.0
pythia-70m,control,draw_2,4,4,0.0
pythia-70m,control,draw_2,4,5,0.0
pythia-70m,control,draw_2,4,6,0.0
pythia-70m,control,draw_2,4,7,0.0
pythia-70m,control,draw_2,5,0,0.002341163034558444
pythia-70m,control,draw_2,5,1,0.0029676407895471045
pythia-70m,control,draw_2,5,2,0.0038698557357011026
pythia-70m,control,draw_2,5,3,0.009357682546778004
pythia-70m,control,draw_2,5,4,0.002330033827486108
pythia-70m,control,draw_2,5,5,0.003238069097393564
pythia-70m,control,draw_2,5,6,0.010891035517286889
pythia-70m,control,draw_2,5,7,0.002476570095537975
pythia-70m,control,draw_3,0,0,0.0
pythia-70m,control,draw_3,0,1,0.0
pythia-70m,control,draw_3,0,2,0.0
pythia-70m,control,draw_3,0,3,0.0
pythia-70m,control,draw_3,0,4,0.0
pythia-70m,control,draw_3,0,5,0.0
pythia-70m,control,draw_3,0,6,0.0
pythia-70m,control,draw_3,0,7,0.0
pythia-70m,control,draw_3,1,0,0.0
pythia-70m,control,draw_3,1,1,0.0
pythia-70m,control,draw_3,1,2,0.0
pythia-70m,control,draw_3,1,3,0.0
pythia-70m,control,draw_3,1,4,0.0
pythia-70m,control,draw_3,1,5,0.0
pythia-70m,control,draw_3,1,6,0.0
pythia-70m,control,draw_3,1,7,0.0
pythia-70m,control,draw_3,2,0,0.005262781012066132
pythia-70m,control,draw_3,2,1,0.003558595298804439
pythia-70m,control,draw_3,2,2,0.0038859765144402055
pythia-70m,control,draw_3,2,3,0.0035130358804767443
pythia-70m,control,draw_3,2,4,0.0026534229110604917
pythia-70m,control,draw_3,2,5,0.010920358321273457
pythia-70m,control,draw_3,2,6,0.012591489957208246
pythia-70m,control,draw_3,2,7,0.003976367677504663
pythia-70m,control,draw_3,3,0,0.013002772085865597
pythia-70m,control,draw_3,3,1,0.020373732061331695
pythia-70m,control,draw_3,3,2,0.009302528604726105
pythia-70m,control,draw_3,3,3,0.012113223838962264
pythia-70m,control,draw_3,3,4,0.0025792798477554243
pythia-70m,control,draw_3,3,5,0.014996116432383693
pythia-70m,control,draw_3,3,6,0.008353941404311852
pythia-70m,control,draw_3,3,7,0.004835023822435187
pythia-70m,control,draw_3,4,0,0.019501154780104828
pythia-70m,control,draw_3,4,1,0.014758517979174513
pythia-70m,control,draw_3,4,2,0.02604337825713526
pythia-70m,control,draw_3,4,3,0.01870836593909217
pythia-70m,control,draw_3,4,4,0.02705651370567911
pythia-70m,control,draw_3,4,5,0.01972866203565155
pythia-70m,control,draw_3,4,6,0.02380084974259364
pythia-70m,control,draw_3,4,7,0.027001508360747144
pythia-70m,control,draw_3,5,0,0.018483448675868062
pythia-70m,control,draw_3,5,1,0.025800132970729493
pythia-70m,control,draw_3,5,2,0.011383685588080058
pythia-70m,control,draw_3,5,3,0.0327580330568563
pythia-70m,control,draw_3,5,4,0.014495982621235198
pythia-70m,control,draw_3,5,5,0.016034921935968022
pythia-70m,control,draw_3,5,6,0.035251551176961854
pythia-70m,control,draw_3,5,7,0.014217523584817503
pythia-160m,low,draw_1,0,0,0.0
pythia-160m,low,draw_1,0,1,0.0
pythia-160m,low,draw_1,0,2,0.0
pythia-160m,low,draw_1,0,3,0.0
pythia-160m,low,draw_1,0,4,0.0
pythia-160m,low,draw_1,0,5,0.0
pythia-160m,low,draw_1,0,6,0.0
pythia-160m,low,draw_1,0,7,0.0
pythia-160m,low,draw_1,0,8,0.0
pythia-160m,low,draw_1,0,9,0.0
pythia-160m,low,draw_1,0,10,0.0
pythia-160m,low,draw_1,0,11,0.0
pythia-160m,low,draw_1,1,0,0.0002692606165901927
pythia-160m,low,draw_1,1,1,0.0002498244482026602
pythia-160m,low,draw_1,1,2,0.00020279879293075642
pythia-160m,low,draw_1,1,3,0.0010786828031191492
pythia-160m,low,draw_1,1,4,0.0016105546142289014
pythia-160m,low,draw_1,1,5,0.0020290532176953876
pythia-160m,low,draw_1,1,6,0.0005694769378819336
pythia-160m,low,draw_1,1,7,0.00022812958121394626
pythia-160m,low,draw_1,1,8,0.0007654221195069233
pythia-160m,low,draw_1,1,9,0.000882189466206609
pythia-160m,low,draw_1,1,10,0.0007677469184351825
pythia-160m,low,draw_1,1,11,0.00020902226312947606
pythia-160m,low,draw_1,2,0,0.004689769642438358
pythia-160m,low,draw_1,2,1,0.004447439699196393
pythia-160m,low,draw_1,2,2,0.006107362488585094
pythia-160m,low,draw_1,2,3,0.006052299430415181
pythia-160m,low,draw_1,2,4,0.0030848685771825792
pythia-160m,low,draw_1,2,5,0.003380533190872416
pythia-160m,low,draw_1,2,6,0.004548072714954582
pythia-160m,low,draw_1,2,7,0.006734167100768537
pythia-160m,low,draw_1,2,8,0.0034880395303064833
pythia-160m,low,draw_1,2,9,0.004771892011002583
pythia-160m,low,draw_1,2,10,0.004296195995260811
pythia-160m,low,draw_1,2,11,0.017337019748609496
pythia-160m,low,draw_1,3,0,0.003407436560634465
pythia-160m,low,draw_1,3,1,0.0033256525510930632
pythia-160m,low,draw_1,3,2,0.0004104712194387571
pythia-160m,low,draw_1,3,3,0.008994988205825396
pythia-160m,low,draw_1,3,4,0.0043790165896215125
pythia-160m,low,draw_1,3,5,0.0092046740022527
pythia-160m,low,draw_1,3,6,0.010590364307639485
pythia-160m,low,draw_1,3,7,0.0027299803090935545
pythia-160m,low,draw_1,3,8,0.007308351694491923
pythia-160m,low,draw_1,3,9,0.004652442068699385
pythia-160m,low,draw_1,3,10,0.004099734411966904
pythia-160m,low,draw_1,3,11,0.005653252645203889
pythia-160m,low,draw_1,4,0,0.0032498713293647235
pythia-160m,low,draw_1,4,1,0.012587542641892673
pythia-160m,low,draw_1,4,2,0.005278774713018134
pythia-160m,low,draw_1,4,3,0.006961346962768803
pythia-160m,low,draw_1,4,4,0.012427435951990414
pythia-160m,low,draw_1,4,5,0.004843686222610214
pythia-160m,low,draw_1,4,6,0.0056077820886163724
pythia-160m,low,draw_1,4,7,0.007914738446409561
pythia-160m,low,draw_1,4,8,0.004064735362269454
pythia-160m,low,draw_1,4,9,0.004733189299795346
pythia-160m,low,draw_1,4,10,0.008206337735323288
pythia-160m,low,draw_1,4,11,0.002724289495053056
pythia-160m,low,draw_1,5,0,0.003328939779743521
pythia-160m,low,draw_1,5,1,0.00956305878520469
pythia-160m,low,draw_1,5,2,0.013799417304967998
pythia-160m,low,draw_1,5,3,0.0030211752104264225
pythia-160m,low,draw_1,5,4,0.006763054824389802
pythia-160m,low,draw_1,5,5,0.010026560045956558
pythia-160m,low,draw_1,5,6,0.02107042224731336
pythia-160m,low,draw_1,5,7,0.00842445080197837
pythia-160m,low,draw_1,5,8,0.004903766256618926
pythia-160m,low,draw_1,5,9,0.0017327070851321058
pythia-160m,low,draw_1,5,10,0.00692663733655773
pythia-160m,low,draw_1,5,11,0.00952233714172965
pythia-160m,low,draw_1,6,0,0.02291142110593205
pythia-160m,low,draw_1,6,1,0.008107332042735393
pythia-160m,low,draw_1,6,2,0.009695228524040351
pythia-160m,low,draw_1,6,3,0.013484371555776586
pythia-160m,low,draw_1,6,4,0.009805514407148481
pythia-160m,low,draw_1,6,5,0.007568321881662836
pythia-160m,low,draw_1,6,6,0.014168193402479975
pythia-160m,low,draw_1,6,7,0.007561621050479881
pythia-160m,low,draw_1,6,8,0.005044224261448155
pythia-160m,low,draw_1,6,9,0.00912079118950753
pythia-160m,low,draw_1,6,10,0.0115897358634435
pythia-160m,low,draw_1,6,11,0.014720398260368243
pythia-160m,low,draw_1,7,0,0.011681220937140883
pythia-160m,low,draw_1,7,1,0.01368254007164325
pythia-160m,low,draw_1,7,2,0.008186827375814557
pythia-160m,low,draw_1,7,3,0.016926309983609417
pythia-160m,low,draw_1,7,4,0.018515597438489947
pythia-160m,low,draw_1,7,5,0.015566924692588193
pythia-160m,low,draw_1,7,6,0.0244903564453125
pythia-160m,low,draw_1,7,7,0.004998036679916747
pythia-160m,low,draw_1,7,8,0.005369284986332835
pythia-160m,low,draw_1,7,9,0.011861558087599469
pythia-160m,low,draw_1,7,10,3.928484214135189e-06
pythia-160m,low,draw_1,7,11,0.012678956536337807
pythia-160m,low,draw_1,8,0,0.012794097116262884
pythia-160m,low,draw_1,8,1,0.02563327830405009
pythia-160m,low,draw_1,8,2,0.017213258284976482
pythia-160m,low,draw_1,8,3,0.037303373553318905
pythia-160m,low,draw_1,8,4,0.05276869610678977
pythia-160m,low,draw_1,8,5,0.014505248787031372
pythia-160m,low,draw_1,8,6,0.0006098878205140943
pythia-160m,low,draw_1,8,7,0.026407592773860705
pythia-160m,low,draw_1,8,8,0.031526465793423865
pythia-160m,low,draw_1,8,9,0.007355793801733484
pythia-160m,low,draw_1,8,10,0.01547215534877476
pythia-160m,low,draw_1,8,11,0.02644886505742307
pythia-160m,low,draw_1,9,0,0.017258708158210706
pythia-160m,low,draw_1,9,1,0.01764527713085019
pythia-160m,low,draw_1,9,2,0.03597174974178133
pythia-160m,low,draw_1,9,3,0.037234622006831634
pythia-160m,low,draw_1,9,4,0.033913756310944385
pythia-160m,low,draw_1,9,5,0.023811667897502328
pythia-160m,low,draw_1,9,6,0.03754356444115154
pythia-160m,low,draw_1,9,7,0.022485306467431458
pythia-160m,low,draw_1,9,8,0.025707346481120174
pythia-160m,low,draw_1,9,9,0.022429265102839057
pythia-160m,low,draw_1,9,10,0.0019711772185512636
pythia-160m,low,draw_1,9,11,0.0037898157001515667
pythia-160m,low,draw_1,10,0,0.03452357760642878
pythia-160m,low,draw_1,10,1,0.04055055131903083
pythia-160m,low,draw_1,10,2,0.03906535495815468
pythia-160m,low,draw_1,10,3,0.02258459549555142
pythia-160m,low,draw_1,10,4,0.053754472428649946
pythia-160m,low,draw_1,10,5,0.013847504501964022
pythia-160m,low,draw_1,10,6,0.036219778951629485
pythia-160m,low,draw_1,10,7,0.02284353478960783
pythia-160m,low,draw_1,10,8,0.020763946321295745
pythia-160m,low,draw_1,10,9,0.023530528347584324
pythia-160m,low,draw_1,10,10,0.025525800405472424
pythia-160m,low,draw_1,10,11,0.0311050620884812
pythia-160m,low,draw_1,11,0,0.01855736324190952
pythia-160m,low,draw_1,11,1,0.04669430296427117
pythia-160m,low,draw_1,11,2,0.04547140902268737
pythia-160m,low,draw_1,11,3,0.01768340597038263
pythia-160m,low,draw_1,11,4,0.035835404991707565
pythia-160m,low,draw_1,11,5,0.05914168065891402
pythia-160m,low,draw_1,11,6,0.03482796793239529
pythia-160m,low,draw_1,11,7,0.057105043106063666
pythia-160m,low,draw_1,11,8,0.02362011260866419
pythia-160m,low,draw_1,11,9,0.05626213287262551
pythia-160m,low,draw_1,11,10,0.05680543254599262
pythia-160m,low,draw_1,11,11,0.04492547186673743
pythia-160m,low,draw_2,0,0,0.0
pythia-160m,low,draw_2,0,1,0.0
pythia-160m,low,draw_2,0,2,0.0
pythia-160m,low,draw_2,0,3,0.0
pythia-160m,low,draw_2,0,4,0.0
pythia-160m,low,draw_2,0,5,0.0
pythia-160m,low,draw_2,0,6,0.0
pythia-160m,low,draw_2,0,7,0.0
pythia-160m,low,draw_2,0,8,0.0
pythia-160m,low,draw_2,0,9,0.0
pythia-160m,low,draw_2,0,10,0.0
pythia-160m,low,draw_2,0,11,0.0
pythia-160m,low,draw_2,1,0,0.0034742532049541765
pythia-160m,low,draw_2,1,1,0.0019700261590555224
pythia-160m,low,draw_2,1,2,0.0037786689749266943
pythia-160m,low,draw_2,1,3,0.0063152863371355875
pythia-160m,low,draw_2,1,4,0.012059515477492223
pythia-160m,low,draw_2,1,5,0.009069103992766244
pythia-160m,low,draw_2,1,6,0.006687990084297876
pythia-160m,low,draw_2,1,7,0.0029317927743566573
pythia-160m,low,draw_2,1,8,0.006432511702176909
pythia-160m,low,draw_2,1,9,0.012312824060591674
pythia-160m,low,draw_2,1,10,0.005681083289031245
pythia-160m,low,draw_2,1,11,0.003105229182569518
pythia-160m,low,draw_2,2,0,0.009812549268809928
pythia-160m,low,draw_2,2,1,0.0163251893756096
pythia-160m,low,draw_2,2,2,0.00757344136815477
pythia-160m,low,draw_2,2,3,0.01161633883097582
pythia-160m,low,draw_2,2,4,0.008777481635071286
pythia-160m,low,draw_2,2,5,0.00778896542070626
pythia-160m,low,draw_2,2,6,0.01793261553972022
pythia-160m,low,draw_2,2,7,0.009870639560837786
pythia-160m,low,draw_2,2,8,0.002103067893006451
pythia-160m,low,draw_2,2,9,0.00869131369487901
pythia-160m,low,draw_2,2,10,0.006884018370475095
pythia-160m,low,draw_2,2,11,0.018873987186886765
pythia-160m,low,draw_2,3,0,0.001474606248713331
pythia-160m,low,draw_2,3,1,0.0036718576543733087
pythia-160m,low,draw_2,3,2,0.0015203566760910758
pythia-160m,low,draw_2,3,3,0.008138922800306765
pythia-160m,low,draw_2,3,4,0.0013741900891821187
pythia-160m,low,draw_2,3,5,0.00957237909833911
pythia-160m,low,draw_2,3,6,0.007211216777934559
pythia-160m,low,draw_2,3,7,0.009535819962639107
pythia-160m,low,draw_2,3,8,0.004326796726046997
pythia-160m,low,draw_2,3,9,0.011282009566445848
pythia-160m,low,draw_2,3,10,0.0076318164795903904
pythia-160m,low,draw_2,3,11,0.007443869307033923
pythia-160m,low,draw_2,4,0,0.00646167605130235
pythia-160m,low,draw_2,4,1,0.004418276257341689
pythia-160m,low,draw_2,4,2,0.007563079638252307
pythia-160m,low,draw_2,4,3,0.006079265580779708
pythia-160m,low,draw_2,4,4,0.013568004636875765
pythia-160m,low,draw_2,4,5,0.006766692333408142
pythia-160m,low,draw_2,4,6,0.006652175254075268
pythia-160m,low,draw_2,4,7,0.0033581287250633697
pythia-160m,low,draw_2,4,8,0.006603551964182438
pythia-160m,low,draw_2,4,9,0.008037097303420835
pythia-160m,low,draw_2,4,10,0.007004452654782553
pythia-160m,low,draw_2,4,11,0.011196631009619243
pythia-160m,low,draw_2,5,0,0.006141769514871026
pythia-160m,low,draw_2,5,1,0.0034974637424101777
pythia-160m,low,draw_2,5,2,0.005844100025841833
pythia-160m,low,draw_2,5,3,0.00499532840866923
pythia-160m,low,draw_2,5,4,0.005207789723021447
pythia-160m,low,draw_2,5,5,0.006573877880792849
pythia-160m,low,draw_2,5,6,0.018864179012483343
pythia-160m,low,draw_2,5,7,0.008733052694337457
pythia-160m,low,draw_2,5,8,0.004358077513529262
pythia-160m,low,draw_2,5,9,0.00441405043498802
pythia-160m,low,draw_2,5,10,0.009852391223486447
pythia-160m,low,draw_2,5,11,0.0059852539315323515
pythia-160m,low,draw_2,6,0,0.012219089274684047
pythia-160m,low,draw_2,6,1,0.00354010688782534
pythia-160m,low,draw_2,6,2,0.01289291831048686
pythia-160m,low,draw_2,6,3,0.004751263254029114
pythia-160m,low,draw_2,6,4,0.0061203705995944374
pythia-160m,low,draw_2,6,5,0.005265675236040676
pythia-160m,low,draw_2,6,6,0.009259863120336002
pythia-160m,low,draw_2,6,7,0.006434049844643221
pythia-160m,low,draw_2,6,8,0.00534496876044829
pythia-160m,low,draw_2,6,9,0.01913942763904175
pythia-160m,low,draw_2,6,10,0.009365982975689878
pythia-160m,low,draw_2,6,11,0.012392818931061656
pythia-160m,low,draw_2,7,0,0.006585686774688059
pythia-160m,low,draw_2,7,1,0.018876016359722934
pythia-160m,low,draw_2,7,2,0.009838908126783744
pythia-160m,low,draw_2,7,3,0.008446218723406037
pythia-160m,low,draw_2,7,4,0.01861068469806945
pythia-160m,low,draw_2,7,5,0.016378737553174212
pythia-160m,low,draw_2,7,6,0.023227082380929964
pythia-160m,low,draw_2,7,7,0.005669764411098474
pythia-160m,low,draw_2,7,8,0.006494415943325744
pythia-160m,low,draw_2,7,9,0.010013796122814172
pythia-160m,low,draw_2,7,10,0.03587434930524881
pythia-160m,low,draw_2,7,11,0.00624263406671723
pythia-160m,low,draw_2,8,0,0.0045365157523292125
pythia-160m,low,draw_2,8,1,0.02595680361935684
pythia-160m,low,draw_2,8,2,0.01375528102923945
pythia-160m,low,draw_2,8,3,0.015446119993122282
pythia-160m,low,draw_2,8,4,0.028711476531775124
pythia-160m,low,draw_2,8,5,0.003134576168882441
pythia-160m,low,draw_2,8,6,0.0011162675378976136
pythia-160m,low,draw_2,8,7,0.028002892105888817
pythia-160m,low,draw_2,8,8,0.039518627294884284
pythia-160m,low,draw_2,8,9,0.0038957797765500246
pythia-160m,low,draw_2,8,10,0.01887021120372051
pythia-160m,low,draw_2,8,11,0.022790039723374185
pythia-160m,low,draw_2,9,0,0.029644520762219635
pythia-160m,low,draw_2,9,1,0.03673878830616091
pythia-160m,low,draw_2,9,2,0.0173969209200708
pythia-160m,low,draw_2,9,3,0.018147330018220834
pythia-160m,low,draw_2,9,4,0.03407584833829069
pythia-160m,low,draw_2,9,5,0.03610654146527653
pythia-160m,low,draw_2,9,6,0.0340253735433809
pythia-160m,low,draw_2,9,7,0.027790352080931162
pythia-160m,low,draw_2,9,8,0.03406984526723432
pythia-160m,low,draw_2,9,9,0.0371787072929414
pythia-160m,low,draw_2,9,10,0.00854416060462579
pythia-160m,low,draw_2,9,11,0.0015085388425748363
pythia-160m,low,draw_2,10,0,0.01779439294697005
pythia-160m,low,draw_2,10,1,0.042964124972513784
pythia-160m,low,draw_2,10,2,0.022737748728966382
pythia-160m,low,draw_2,10,3,0.00469638115378509
pythia-160m,low,draw_2,10,4,0.06205282575957114
pythia-160m,low,draw_2,10,5,0.011131725864751349
pythia-160m,low,draw_2,10,6,0.03437997005848704
pythia-160m,low,draw_2,10,7,0.021902973891487525
pythia-160m,low,draw_2,10,8,0.029176065585290397
pythia-160m,low,draw_2,10,9,0.02167003911989323
pythia-160m,low,draw_2,10,10,0.019434480551034174
pythia-160m,low,draw_2,10,11,0.035386085908635574
pythia-160m,low,draw_2,11,0,0.011322957126176076
pythia-160m,low,draw_2,11,1,0.05675920660311289
pythia-160m,low,draw_2,11,2,0.029169567986887246
pythia-160m,low,draw_2,11,3,0.00415416022172026
pythia-160m,low,draw_2,11,4,0.01793977621106312
pythia-160m,low,draw_2,11,5,0.06379542226793383
pythia-160m,low,draw_2,11,6,0.028230220653776037
pythia-160m,low,draw_2,11,7,0.042333515895024494
pythia-160m,low,draw_2,11,8,0.011028241632779285
pythia-160m,low,draw_2,11,9,0.04691257063902017
pythia-160m,low,draw_2,11,10,0.02847002593451514
pythia-160m,low,draw_2,11,11,0.028654208142133635
pythia-160m,low,draw_3,0,0,0.0
pythia-160m,low,draw_3,0,1,0.0
pythia-160m,low,draw_3,0,2,0.0
pythia-160m,low,draw_3,0,3,0.0
pythia-160m,low,draw_3,0,4,0.0
pythia-160m,low,draw_3,0,5,0.0
pythia-160m,low,draw_3,0,6,0.0
pythia-160m,low,draw_3,0,7,0.0
pythia-160m,low,draw_3,0,8,0.0
pythia-160m,low,draw_3,0,9,0.0
pythia-160m,low,draw_3,0,10,0.0
pythia-160m,low,draw_3,0,11,0.0
pythia-160m,low,draw_3,1,0,0.003243919507413877
pythia-160m,low,draw_3,1,1,0.0020906724954951835
pythia-160m,low,draw_3,1,2,0.00291065151045458
pythia-160m,low,draw_3,1,3,0.004955810038160973
pythia-160m,low,draw_3,1,4,0.010569947225852612
pythia-160m,low,draw_3,1,5,0.007892452845042872
pythia-160m,low,draw_3,1,6,0.0047469052640873545
pythia-160m,low,draw_3,1,7,0.004691475930438906
pythia-160m,low,draw_3,1,8,0.004723760972478831
pythia-160m,low,draw_3,1,9,0.00962798379552433
pythia-160m,low,draw_3,1,10,0.009414037948913732
pythia-160m,low,draw_3,1,11,0.0032460899594005943
pythia-160m,low,draw_3,2,0,0.009197452658094048
pythia-160m,low,draw_3,2,1,0.010898143450724991
pythia-160m,low,draw_3,2,2,0.008743905250239235
pythia-160m,low,draw_3,2,3,0.012275086477270278
pythia-160m,low,draw_3,2,4,0.006707229367358857
pythia-160m,low,draw_3,2,5,0.0064226905874502135
pythia-160m,low,draw_3,2,6,0.014425117187131424
pythia-160m,low,draw_3,2,7,0.01194616164982485
pythia-160m,low,draw_3,2,8,0.002721847314295515
pythia-160m,low,draw_3,2,9,0.008877698019351657
pythia-160m,low,draw_3,2,10,0.006892772678570742
pythia-160m,low,draw_3,2,11,0.026546495538753347
pythia-160m,low,draw_3,3,0,0.0018209054426395596
pythia-160m,low,draw_3,3,1,0.005003184518871074
pythia-160m,low,draw_3,3,2,0.0011667081804522833
pythia-160m,low,draw_3,3,3,0.010845951129695825
pythia-160m,low,draw_3,3,4,0.0031367970543834476
pythia-160m,low,draw_3,3,5,0.009219836829158144
pythia-160m,low,draw_3,3,6,0.009252399395414437
pythia-160m,low,draw_3,3,7,0.006875155552816595
pythia-160m,low,draw_3,3,8,0.004603166912836376
pythia-160m,low,draw_3,3,9,0.013312202561944259
pythia-160m,low,draw_3,3,10,0.0043923019261362
pythia-160m,low,draw_3,3,11,0.008077496929627467
pythia-160m,low,draw_3,4,0,0.005026714462851936
pythia-160m,low,draw_3,4,1,0.010753857913685473
pythia-160m,low,draw_3,4,2,0.004649939154251207
pythia-160m,low,draw_3,4,3,0.007089917358891181
pythia-160m,low,draw_3,4,4,0.003952409291218804
pythia-160m,low,draw_3,4,5,0.004355351982133786
pythia-160m,low,draw_3,4,6,0.0029701898367967433
pythia-160m,low,draw_3,4,7,0.003893473712125991
pythia-160m,low,draw_3,4,8,0.0048162263896502746
pythia-160m,low,draw_3,4,9,0.007647407248893956
pythia-160m,low,draw_3,4,10,0.002281131552289519
pythia-160m,low,draw_3,4,11,0.0054882414934518805
pythia-160m,low,draw_3,5,0,0.0073833896711584185
pythia-160m,low,draw_3,5,1,0.0071623965934750206
pythia-160m,low,draw_3,5,2,0.007829541380767665
pythia-160m,low,draw_3,5,3,0.008841299748333337
pythia-160m,low,draw_3,5,4,0.009905219737301027
pythia-160m,low,draw_3,5,5,0.006376813898713566
pythia-160m,low,draw_3,5,6,0.019780483590796243
pythia-160m,low,draw_3,5,7,0.009138514757079611
pythia-160m,low,draw_3,5,8,0.006958948874831354
pythia-160m,low,draw_3,5,9,0.0032075791847368737
pythia-160m,low,draw_3,5,10,0.008525063224669288
pythia-160m,low,draw_3,5,11,0.01104272829478132
pythia-160m,low,draw_3,6,0,0.019697806850197754
pythia-160m,low,draw_3,6,1,0.011559364868021301
pythia-160m,low,draw_3,6,2,0.01755248292280406
pythia-160m,low,draw_3,6,3,0.0070867465941549
pythia-160m,low,draw_3,6,4,0.004843611114379702
pythia-160m,low,draw_3,6,5,0.0030804430359017004
pythia-160m,low,draw_3,6,6,0.009886781332371058
pythia-160m,low,draw_3,6,7,0.00617251259718451
pythia-160m,low,draw_3,6,8,0.004149933046473556
pythia-160m,low,draw_3,6,9,0.016793049540262152
pythia-160m,low,draw_3,6,10,0.007395537660663949
pythia-160m,low,draw_3,6,11,0.008571141750986057
pythia-160m,low,draw_3,7,0,0.006720082700456114
pythia-160m,low,draw_3,7,1,0.01027741745360888
pythia-160m,low,draw_3,7,2,0.006536768441503207
pythia-160m,low,draw_3,7,3,0.007483646611724793
pythia-160m,low,draw_3,7,4,0.012829041287811324
pythia-160m,low,draw_3,7,5,0.017021726345568165
pythia-160m,low,draw_3,7,6,0.026129164826055654
pythia-160m,low,draw_3,7,7,0.004107229824628119
pythia-160m,low,draw_3,7,8,0.007666261765452538
pythia-160m,low,draw_3,7,9,0.011983633304641708
pythia-160m,low,draw_3,7,10,0.010739949383364976
pythia-160m,low,draw_3,7,11,0.008492079902022553
pythia-160m,low,draw_3,8,0,0.006488249462165797
pythia-160m,low,draw_3,8,1,0.03501313438062555
pythia-160m,low,draw_3,8,2,0.022055360330868044
pythia-160m,low,draw_3,8,3,0.035750919458388014
pythia-160m,low,draw_3,8,4,0.04055278622898108
pythia-160m,low,draw_3,8,5,0.006176896644999704
pythia-160m,low,draw_3,8,6,0.007861057733689608
pythia-160m,low,draw_3,8,7,0.024927722396644463
pythia-160m,low,draw_3,8,8,0.022621008115038848
pythia-160m,low,draw_3,8,9,0.007835401184011815
pythia-160m,low,draw_3,8,10,0.016640832330526996
pythia-160m,low,draw_3,8,11,0.01701811228932483
pythia-160m,low,draw_3,9,0,0.012003289100638918
pythia-160m,low,draw_3,9,1,0.025415571044132668
pythia-160m,low,draw_3,9,2,0.025013357138826152
pythia-160m,low,draw_3,9,3,0.02409269296041168
pythia-160m,low,draw_3,9,4,0.03826517636175155
pythia-160m,low,draw_3,9,5,0.012045039359695486
pythia-160m,low,draw_3,9,6,0.03204130982970524
pythia-160m,low,draw_3,9,7,0.023167942576119448
pythia-160m,low,draw_3,9,8,0.024030817359860675
pythia-160m,low,draw_3,9,9,0.025121155268962015
pythia-160m,low,draw_3,9,10,0.005984579513211478
pythia-160m,low,draw_3,9,11,0.003163242396154245
pythia-160m,low,draw_3,10,0,0.03459011321714048
pythia-160m,low,draw_3,10,1,0.025575628642648764
pythia-160m,low,draw_3,10,2,0.027657814786442296
pythia-160m,low,draw_3,10,3,0.020159834498672702
pythia-160m,low,draw_3,10,4,0.032662089358497404
pythia-160m,low,draw_3,10,5,0.015045282081017033
pythia-160m,low,draw_3,10,6,0.038277901836355606
pythia-160m,low,draw_3,10,7,0.031300537401918335
pythia-160m,low,draw_3,10,8,0.04373639301739343
pythia-160m,low,draw_3,10,9,0.014091063133046824
pythia-160m,low,draw_3,10,10,0.02833958085409432
pythia-160m,low,draw_3,10,11,0.027460296923191792
pythia-160m,low,draw_3,11,0,0.011757419284949671
pythia-160m,low,draw_3,11,1,0.03585891073524775
pythia-160m,low,draw_3,11,2,0.039960266128150616
pythia-160m,low,draw_3,11,3,0.023729504557828907
pythia-160m,low,draw_3,11,4,0.032405258496570194
pythia-160m,low,draw_3,11,5,0.05606256231957845
pythia-160m,low,draw_3,11,6,0.02559404999853498
pythia-160m,low,draw_3,11,7,0.04079028512722084
pythia-160m,low,draw_3,11,8,0.01804124523469768
pythia-160m,low,draw_3,11,9,0.04470346314493348
pythia-160m,low,draw_3,11,10,0.03338334665623249
pythia-160m,low,draw_3,11,11,0.02762172531524774
pythia-160m,medium,draw_1,0,0,0.0
pythia-160m,medium,draw_1,0,1,0.0
pythia-160m,medium,draw_1,0,2,0.0
pythia-160m,medium,draw_1,0,3,0.0
pythia-160m,medium,draw_1,0,4,0.0
pythia-160m,medium,draw_1,0,5,0.0
pythia-160m,medium,draw_1,0,6,0.0
pythia-160m,medium,draw_1,0,7,0.0
pythia-160m,medium,draw_1,0,8,0.0
pythia-160m,medium,draw_1,0,9,0.0
pythia-160m,medium,draw_1,0,10,0.0
pythia-160m,medium,draw_1,0,11,0.0
pythia-160m,medium,draw_1,1,0,0.001941722127480661
pythia-160m,medium,draw_1,1,1,0.002111589138392742
pythia-160m,medium,draw_1,1,2,0.0012159732737703978
pythia-160m,medium,draw_1,1,3,0.004152253728516075
pythia-160m,medium,draw_1,1,4,0.012841227468043382
pythia-160m,medium,draw_1,1,5,0.003575077618138977
pythia-160m,medium,draw_1,1,6,0.00426946262328896
pythia-160m,medium,draw_1,1,7,0.0020559696572920393
pythia-160m,medium,draw_1,1,8,0.0035229354010196654
pythia-160m,medium,draw_1,1,9,0.00674757838693155
pythia-160m,medium,draw_1,1,10,0.008447993114875575
pythia-160m,medium,draw_1,1,11,0.002049639361231064
pythia-160m,medium,draw_1,2,0,0.0033364603649888845
pythia-160m,medium,draw_1,2,1,0.007679655459920226
pythia-160m,medium,draw_1,2,2,0.007693520938903569
pythia-160m,medium,draw_1,2,3,0.009812638247823552
pythia-160m,medium,draw_1,2,4,0.004158460086318322
pythia-160m,medium,draw_1,2,5,0.003041471939170393
pythia-160m,medium,draw_1,2,6,0.005856319465258296
pythia-160m,medium,draw_1,2,7,0.008206442356599349
pythia-160m,medium,draw_1,2,8,0.002934094928440767
pythia-160m,medium,draw_1,2,9,0.004532621300515015
pythia-160m,medium,draw_1,2,10,0.007864444126966597
pythia-160m,medium,draw_1,2,11,0.021055050070052445
pythia-160m,medium,draw_1,3,0,0.003331700772882927
pythia-160m,medium,draw_1,3,1,0.0037383838575206856
pythia-160m,medium,draw_1,3,2,0.002055757309798957
pythia-160m,medium,draw_1,3,3,0.014035647636621582
pythia-160m,medium,draw_1,3,4,0.003367494097865907
pythia-160m,medium,draw_1,3,5,0.010021574916218707
pythia-160m,medium,draw_1,3,6,0.008061685572056039
pythia-160m,medium,draw_1,3,7,0.003601486376435778
pythia-160m,medium,draw_1,3,8,0.004435257809457074
pythia-160m,medium,draw_1,3,9,0.00871923310383888
pythia-160m,medium,draw_1,3,10,0.004429032735688911
pythia-160m,medium,draw_1,3,11,0.00570165944375062
pythia-160m,medium,draw_1,4,0,0.004919427441008627
pythia-160m,medium,draw_1,4,1,0.001856460132919421
pythia-160m,medium,draw_1,4,2,0.005245523616702904
pythia-160m,medium,draw_1,4,3,0.010772013439420984
pythia-160m,medium,draw_1,4,4,0.00967866956819175
pythia-160m,medium,draw_1,4,5,0.004005235939670695
pythia-160m,medium,draw_1,4,6,0.008191547000114187
pythia-160m,medium,draw_1,4,7,0.005816719138828943
pythia-160m,medium,draw_1,4,8,0.0036422357878928726
pythia-160m,medium,draw_1,4,9,0.0022469684074360357
pythia-160m,medium,draw_1,4,10,0.002362215475366213
pythia-160m,medium,draw_1,4,11,0.003118012764058999
pythia-160m,medium,draw_1,5,0,0.008934363041820043
pythia-160m,medium,draw_1,5,1,0.0028853034639645682
pythia-160m,medium,draw_1,5,2,0.004776921046544928
pythia-160m,medium,draw_1,5,3,0.004350941509830699
pythia-160m,medium,draw_1,5,4,0.0029702838410423935
pythia-160m,medium,draw_1,5,5,0.007682330544287159
pythia-160m,medium,draw_1,5,6,0.018936812722221096
pythia-160m,medium,draw_1,5,7,0.011257681581379903
pythia-160m,medium,draw_1,5,8,0.00577005212055864
pythia-160m,medium,draw_1,5,9,0.0015870877088395362
pythia-160m,medium,draw_1,5,10,0.005984629664102341
pythia-160m,medium,draw_1,5,11,0.004917498413816816
pythia-160m,medium,draw_1,6,0,0.0056386180861245985
pythia-160m,medium,draw_1,6,1,0.002205951562932785
pythia-160m,medium,draw_1,6,2,0.006206211160147375
pythia-160m,medium,draw_1,6,3,0.005302965699642219
pythia-160m,medium,draw_1,6,4,0.0023802885628111154
pythia-160m,medium,draw_1,6,5,0.006024821624463236
pythia-160m,medium,draw_1,6,6,0.005262877788342592
pythia-160m,medium,draw_1,6,7,0.006023111028086536
pythia-160m,medium,draw_1,6,8,0.004277985271046951
pythia-160m,medium,draw_1,6,9,0.006373159363005547
pythia-160m,medium,draw_1,6,10,0.006170923413936817
pythia-160m,medium,draw_1,6,11,0.005040588018615159
pythia-160m,medium,draw_1,7,0,0.006552562634534894
pythia-160m,medium,draw_1,7,1,0.0069420984508334616
pythia-160m,medium,draw_1,7,2,0.0059033497075247484
pythia-160m,medium,draw_1,7,3,0.005537075459117392
pythia-160m,medium,draw_1,7,4,0.018965292195067405
pythia-160m,medium,draw_1,7,5,0.010073996889246766
pythia-160m,medium,draw_1,7,6,0.014262262884347551
pythia-160m,medium,draw_1,7,7,0.0016533621440807122
pythia-160m,medium,draw_1,7,8,0.0027424847983899448
pythia-160m,medium,draw_1,7,9,0.008017322570913235
pythia-160m,medium,draw_1,7,10,0.01123273868011211
pythia-160m,medium,draw_1,7,11,0.004176254710803701
pythia-160m,medium,draw_1,8,0,0.011907929313384162
pythia-160m,medium,draw_1,8,1,0.023493117166112326
pythia-160m,medium,draw_1,8,2,0.011776608696025506
pythia-160m,medium,draw_1,8,3,0.0283926162089024
pythia-160m,medium,draw_1,8,4,0.03912573702562846
pythia-160m,medium,draw_1,8,5,0.02012466383171603
pythia-160m,medium,draw_1,8,6,0.0005805027784519859
pythia-160m,medium,draw_1,8,7,0.029057906996638003
pythia-160m,medium,draw_1,8,8,0.025285873835614987
pythia-160m,medium,draw_1,8,9,0.008734892099556753
pythia-160m,medium,draw_1,8,10,0.010298155918706312
pythia-160m,medium,draw_1,8,11,0.015537572436622274
pythia-160m,medium,draw_1,9,0,0.010754464459922583
pythia-160m,medium,draw_1,9,1,0.020133528391929712
pythia-160m,medium,draw_1,9,2,0.029880188377950645
pythia-160m,medium,draw_1,9,3,0.01665134888629468
pythia-160m,medium,draw_1,9,4,0.019428242313210452
pythia-160m,medium,draw_1,9,5,0.015477655489154708
pythia-160m,medium,draw_1,9,6,0.01895037708106833
pythia-160m,medium,draw_1,9,7,0.01936463050771238
pythia-160m,medium,draw_1,9,8,0.03424285433248524
pythia-160m,medium,draw_1,9,9,0.02659632321016059
pythia-160m,medium,draw_1,9,10,0.007693746254663641
pythia-160m,medium,draw_1,9,11,0.002775637928417926
pythia-160m,medium,draw_1,10,0,0.024253612419995952
pythia-160m,medium,draw_1,10,1,0.03818208223165862
pythia-160m,medium,draw_1,10,2,0.0260319972464812
pythia-160m,medium,draw_1,10,3,0.0051016333123480966
pythia-160m,medium,draw_1,10,4,0.03311766467320966
pythia-160m,medium,draw_1,10,5,0.00892459166548371
pythia-160m,medium,draw_1,10,6,0.017410720465191987
pythia-160m,medium,draw_1,10,7,0.013949860232317549
pythia-160m,medium,draw_1,10,8,0.02963536148186268
pythia-160m,medium,draw_1,10,9,0.019170971274255766
pythia-160m,medium,draw_1,10,10,0.022116160665705844
pythia-160m,medium,draw_1,10,11,0.01950722050675643
pythia-160m,medium,draw_1,11,0,0.013168021670224968
pythia-160m,medium,draw_1,11,1,0.028558582737870587
pythia-160m,medium,draw_1,11,2,0.017778126391553094
pythia-160m,medium,draw_1,11,3,0.007348944977770892
pythia-160m,medium,draw_1,11,4,0.02009445148079888
pythia-160m,medium,draw_1,11,5,0.03434119892711686
pythia-160m,medium,draw_1,11,6,0.02037359421083224
pythia-160m,medium,draw_1,11,7,0.03568219781388681
pythia-160m,medium,draw_1,11,8,0.034687654520670075
pythia-160m,medium,draw_1,11,9,0.021372185193233067
pythia-160m,medium,draw_1,11,10,0.02471577890938199
pythia-160m,medium,draw_1,11,11,0.015648663751287324
pythia-160m,medium,draw_2,0,0,0.0
pythia-160m,medium,draw_2,0,1,0.0
pythia-160m,medium,draw_2,0,2,0.0
pythia-160m,medium,draw_2,0,3,0.0
pythia-160m,medium,draw_2,0,4,0.0
pythia-160m,medium,draw_2,0,5,0.0
pythia-160m,medium,draw_2,0,6,0.0
pythia-160m,medium,draw_2,0,7,0.0
pythia-160m,medium,draw_2,0,8,0.0
pythia-160m,medium,draw_2,0,9,0.0
pythia-160m,medium,draw_2,0,10,0.0
pythia-160m,medium,draw_2,0,11,0.0
pythia-160m,medium,draw_2,1,0,0.0001747047014158397
pythia-160m,medium,draw_2,1,1,
pythia-160m,medium,draw_2,1,2,
pythia-160m,medium,draw_2,1,3,0.0005437047745851221
pythia-160m,medium,draw_2,1,4,0.0006141118357220587
pythia-160m,medium,draw_2,1,5,0.0016094948714714668
pythia-160m,medium,draw_2,1,6,0.00024773881703326337
pythia-160m,medium,draw_2,1,7,0.00019731611488546877
pythia-160m,medium,draw_2,1,8,0.00035912011668257044
pythia-160m,medium,draw_2,1,9,0.0005789046620206893
pythia-160m,medium,draw_2,1,10,0.0005301451421368244
pythia-160m,medium,draw_2,1,11,0.00011576050680574237
pythia-160m,medium,draw_2,2,0,0.003454437437840599
pythia-160m,medium,draw_2,2,1,0.004640133527055968
pythia-160m,medium,draw_2,2,2,0.006950256983076187
pythia-160m,medium,draw_2,2,3,0.00625343033038833
pythia-160m,medium,draw_2,2,4,0.0037514158443933553
pythia-160m,medium,draw_2,2,5,0.0020590197324430897
pythia-160m,medium,draw_2,2,6,0.00319536574337274
pythia-160m,medium,draw_2,2,7,0.0054634242862647885
pythia-160m,medium,draw_2,2,8,0.0027374911858877265
pythia-160m,medium,draw_2,2,9,0.0038274931872834834
pythia-160m,medium,draw_2,2,10,0.007130370251031784
pythia-160m,medium,draw_2,2,11,0.015547395750171033
pythia-160m,medium,draw_2,3,0,0.002808189851988444
pythia-160m,medium,draw_2,3,1,0.005140901506119802
pythia-160m,medium,draw_2,3,2,0.0016474833536403767
pythia-160m,medium,draw_2,3,3,0.012186624636146982
pythia-160m,medium,draw_2,3,4,0.002013186378324416
pythia-160m,medium,draw_2,3,5,0.010746872216357003
pythia-160m,medium,draw_2,3,6,0.009326729645451974
pythia-160m,medium,draw_2,3,7,0.004621819813344977
pythia-160m,medium,draw_2,3,8,0.0039897101518195305
pythia-160m,medium,draw_2,3,9,0.011405962685663533
pythia-160m,medium,draw_2,3,10,0.004603345521884315
pythia-160m,medium,draw_2,3,11,0.0074805036474265485
pythia-160m,medium,draw_2,4,0,0.00406581415367054
pythia-160m,medium,draw_2,4,1,0.004527238735362072
pythia-160m,medium,draw_2,4,2,0.0028337501168458723
pythia-160m,medium,draw_2,4,3,0.004890554965373946
pythia-160m,medium,draw_2,4,4,0.0053164509411208006
pythia-160m,medium,draw_2,4,5,0.004790986411685575
pythia-160m,medium,draw_2,4,6,0.0017657507246729921
pythia-160m,medium,draw_2,4,7,0.004910234844662539
pythia-160m,medium,draw_2,4,8,0.005149670350804598
pythia-160m,medium,draw_2,4,9,0.005443931198899032
pythia-160m,medium,draw_2,4,10,0.008062053798140376
pythia-160m,medium,draw_2,4,11,0.011045283179693475
pythia-160m,medium,draw_2,5,0,0.004406759885816899
pythia-160m,medium,draw_2,5,1,0.004511172666157692
pythia-160m,medium,draw_2,5,2,0.009601724113748504
pythia-160m,medium,draw_2,5,3,0.004406491781906528
pythia-160m,medium,draw_2,5,4,0.010414818681145991
pythia-160m,medium,draw_2,5,5,0.004837267776863182
pythia-160m,medium,draw_2,5,6,0.00796934220638519
pythia-160m,medium,draw_2,5,7,0.0032335529788846346
pythia-160m,medium,draw_2,5,8,0.003704249793158449
pythia-160m,medium,draw_2,5,9,0.0029601530004128396
pythia-160m,medium,draw_2,5,10,0.005368486091109119
pythia-160m,medium,draw_2,5,11,0.005824661742056783
pythia-160m,medium,draw_2,6,0,0.015507979771951489
pythia-160m,medium,draw_2,6,1,0.008136422874603729
pythia-160m,medium,draw_2,6,2,0.007277598622036569
pythia-160m,medium,draw_2,6,3,0.005503083253789254
pythia-160m,medium,draw_2,6,4,0.004360522694556118
pythia-160m,medium,draw_2,6,5,0.004120383407629452
pythia-160m,medium,draw_2,6,6,0.008018015439829962
pythia-160m,medium,draw_2,6,7,0.006768632363043077
pythia-160m,medium,draw_2,6,8,0.00414176704181388
pythia-160m,medium,draw_2,6,9,0.016506284550846767
pythia-160m,medium,draw_2,6,10,0.012062282669007014
pythia-160m,medium,draw_2,6,11,0.007801741404366318
pythia-160m,medium,draw_2,7,0,0.00687728663301849
pythia-160m,medium,draw_2,7,1,0.009412528385781733
pythia-160m,medium,draw_2,7,2,0.009767335503502955
pythia-160m,medium,draw_2,7,3,0.010664665577153055
pythia-160m,medium,draw_2,7,4,0.010994602107702221
pythia-160m,medium,draw_2,7,5,0.01542173594569236
pythia-160m,medium,draw_2,7,6,0.025462132410369938
pythia-160m,medium,draw_2,7,7,0.002286978618013832
pythia-160m,medium,draw_2,7,8,0.00539742812256831
pythia-160m,medium,draw_2,7,9,0.012839865267276868
pythia-160m,medium,draw_2,7,10,0.0
pythia-160m,medium,draw_2,7,11,0.0074613199121182526
pythia-160m,medium,draw_2,8,0,0.00753891146749765
pythia-160m,medium,draw_2,8,1,0.030865230185905472
pythia-160m,medium,draw_2,8,2,0.026794790947688305
pythia-160m,medium,draw_2,8,3,0.021828036420662212
pythia-160m,medium,draw_2,8,4,0.021197249501281164
pythia-160m,medium,draw_2,8,5,0.017962837088607672
pythia-160m,medium,draw_2,8,6,0.0012682895874082847
pythia-160m,medium,draw_2,8,7,0.025331878558708252
pythia-160m,medium,draw_2,8,8,0.028685208554265262
pythia-160m,medium,draw_2,8,9,0.0060338635607235245
pythia-160m,medium,draw_2,8,10,0.015472641591433751
pythia-160m,medium,draw_2,8,11,0.028711467408785038
pythia-160m,medium,draw_2,9,0,0.011238934601668958
pythia-160m,medium,draw_2,9,1,0.01557482919915063
pythia-160m,medium,draw_2,9,2,0.03251499009715504
pythia-160m,medium,draw_2,9,3,0.020345307984332203
pythia-160m,medium,draw_2,9,4,0.03212920568494778
pythia-160m,medium,draw_2,9,5,0.02257525594509844
pythia-160m,medium,draw_2,9,6,0.027537450633324564
pythia-160m,medium,draw_2,9,7,0.02412673675692078
pythia-160m,medium,draw_2,9,8,0.033424552459014774
pythia-160m,medium,draw_2,9,9,0.020709233631118786
pythia-160m,medium,draw_2,9,10,0.002222945278917457
pythia-160m,medium,draw_2,9,11,0.0033420935078900165
pythia-160m,medium,draw_2,10,0,0.0297205000440076
pythia-160m,medium,draw_2,10,1,0.03434015141322069
pythia-160m,medium,draw_2,10,2,0.030881853382228833
pythia-160m,medium,draw_2,10,3,0.020095848367340238
pythia-160m,medium,draw_2,10,4,0.07266825556266561
pythia-160m,medium,draw_2,10,5,0.01019839605337537
pythia-160m,medium,draw_2,10,6,0.05763678096340006
pythia-160m,medium,draw_2,10,7,0.02565231857615154
pythia-160m,medium,draw_2,10,8,0.02261116875274936
pythia-160m,medium,draw_2,10,9,0.025207226268918963
pythia-160m,medium,draw_2,10,10,0.020790811928978168
pythia-160m,medium,draw_2,10,11,0.02831380045769392
pythia-160m,medium,draw_2,11,0,0.015764753260509454
pythia-160m,medium,draw_2,11,1,0.0449447625360471
pythia-160m,medium,draw_2,11,2,0.018317261100637607
pythia-160m,medium,draw_2,11,3,0.03219810226158728
pythia-160m,medium,draw_2,11,4,0.01768183084360525
pythia-160m,medium,draw_2,11,5,0.06723776007563156
pythia-160m,medium,draw_2,11,6,0.020502908722098437
pythia-160m,medium,draw_2,11,7,0.047289006010715354
pythia-160m,medium,draw_2,11,8,0.02808260222064273
pythia-160m,medium,draw_2,11,9,0.032307618609579626
pythia-160m,medium,draw_2,11,10,0.03711321459532248
pythia-160m,medium,draw_2,11,11,0.025661509051517026
pythia-160m,medium,draw_3,0,0,0.0
pythia-160m,medium,draw_3,0,1,0.0
pythia-160m,medium,draw_3,0,2,0.0
pythia-160m,medium,draw_3,0,3,0.0
pythia-160m,medium,draw_3,0,4,0.0
pythia-160m,medium,draw_3,0,5,0.0
pythia-160m,medium,draw_3,0,6,0.0
pythia-160m,medium,draw_3,0,7,0.0
pythia-160m,medium,draw_3,0,8,0.0
pythia-160m,medium,draw_3,0,9,0.0
pythia-160m,medium,draw_3,0,10,0.0
pythia-160m,medium,draw_3,0,11,0.0
pythia-160m,medium,draw_3,1,0,0.002822979074605907
pythia-160m,medium,draw_3,1,1,0.002639691952545345
pythia-160m,medium,draw_3,1,2,0.0012486434188595478
pythia-160m,medium,draw_3,1,3,0.00380989917366362
pythia-160m,medium,draw_3,1,4,0.003370636369562726
pythia-160m,medium,draw_3,1,5,0.005395566155961846
pythia-160m,medium,draw_3,1,6,0.0017687077429718626
pythia-160m,medium,draw_3,1,7,0.0017418051412877733
pythia-160m,medium,draw_3,1,8,0.002936530317536957
pythia-160m,medium,draw_3,1,9,0.0025892504450287833
pythia-160m,medium,draw_3,1,10,0.0034021528925588123
pythia-160m,medium,draw_3,1,11,0.0017631021522817184
pythia-160m,medium,draw_3,2,0,0.00304486688820554
pythia-160m,medium,draw_3,2,1,0.004987687134518499
pythia-160m,medium,draw_3,2,2,0.006215714126363144
pythia-160m,medium,draw_3,2,3,0.004282241083716431
pythia-160m,medium,draw_3,2,4,0.0036398029462199983
pythia-160m,medium,draw_3,2,5,0.0027057587470118404
pythia-160m,medium,draw_3,2,6,0.0027496651722834927
pythia-160m,medium,draw_3,2,7,0.007946865935351861
pythia-160m,medium,draw_3,2,8,0.0026827331454722107
pythia-160m,medium,draw_3,2,9,0.002956067959831594
pythia-160m,medium,draw_3,2,10,0.006504572291537159
pythia-160m,medium,draw_3,2,11,0.014511164555806986
pythia-160m,medium,draw_3,3,0,0.0010930954941820966
pythia-160m,medium,draw_3,3,1,0.0043358796240406386
pythia-160m,medium,draw_3,3,2,0.001433364566113526
pythia-160m,medium,draw_3,3,3,0.008677637252075219
pythia-160m,medium,draw_3,3,4,0.003058583256215087
pythia-160m,medium,draw_3,3,5,0.008510865737490988
pythia-160m,medium,draw_3,3,6,0.0046221035654502715
pythia-160m,medium,draw_3,3,7,0.005227644208267171
pythia-160m,medium,draw_3,3,8,0.0035761154137534104
pythia-160m,medium,draw_3,3,9,0.008068891805046137
pythia-160m,medium,draw_3,3,10,0.003850146567276487
pythia-160m,medium,draw_3,3,11,0.005148428263894741
pythia-160m,medium,draw_3,4,0,0.002450256399918885
pythia-160m,medium,draw_3,4,1,0.0043500741413144365
pythia-160m,medium,draw_3,4,2,0.0038393937812086086
pythia-160m,medium,draw_3,4,3,0.0066675102976324185
pythia-160m,medium,draw_3,4,4,0.005123557374005
pythia-160m,medium,draw_3,4,5,0.004589389178664355
pythia-160m,medium,draw_3,4,6,0.0016612639789933528
pythia-160m,medium,draw_3,4,7,0.003830916376466613
pythia-160m,medium,draw_3,4,8,0.0040563166826028405
pythia-160m,medium,draw_3,4,9,0.005975038639596073
pythia-160m,medium,draw_3,4,10,0.0032935015143952724
pythia-160m,medium,draw_3,4,11,0.009036860418337742
pythia-160m,medium,draw_3,5,0,0.002808540259876208
pythia-160m,medium,draw_3,5,1,0.0060514975227580325
pythia-160m,medium,draw_3,5,2,0.00851641224527266
pythia-160m,medium,draw_3,5,3,0.0036727650906577796
pythia-160m,medium,draw_3,5,4,0.009907426470760278
pythia-160m,medium,draw_3,5,5,0.004524393384311091
pythia-160m,medium,draw_3,5,6,0.006605584793584356
pythia-160m,medium,draw_3,5,7,0.003647594196529277
pythia-160m,medium,draw_3,5,8,0.00425138725839983
pythia-160m,medium,draw_3,5,9,0.0023982264029721416
pythia-160m,medium,draw_3,5,10,0.0056242578763216165
pythia-160m,medium,draw_3,5,11,0.006604810954507703
pythia-160m,medium,draw_3,6,0,0.013054096927102929
pythia-160m,medium,draw_3,6,1,0.008152037956529263
pythia-160m,medium,draw_3,6,2,0.005634244584003939
pythia-160m,medium,draw_3,6,3,0.006313557923007349
pythia-160m,medium,draw_3,6,4,0.0034634972370197296
pythia-160m,medium,draw_3,6,5,0.003483134043385929
pythia-160m,medium,draw_3,6,6,0.008571117133137006
pythia-160m,medium,draw_3,6,7,0.006432658746398923
pythia-160m,medium,draw_3,6,8,0.004451122419242407
pythia-160m,medium,draw_3,6,9,0.011974589310801751
pythia-160m,medium,draw_3,6,10,0.009565028016783288
pythia-160m,medium,draw_3,6,11,0.008933525820983846
pythia-160m,medium,draw_3,7,0,0.008024604911241932
pythia-160m,medium,draw_3,7,1,0.010221785448108867
pythia-160m,medium,draw_3,7,2,0.005957643680671804
pythia-160m,medium,draw_3,7,3,0.0075190692611067185
pythia-160m,medium,draw_3,7,4,0.0131531425527504
pythia-160m,medium,draw_3,7,5,0.010354400388587212
pythia-160m,medium,draw_3,7,6,0.019165588784078657
pythia-160m,medium,draw_3,7,7,0.0021237142929827232
pythia-160m,medium,draw_3,7,8,0.0060746871094583595
pythia-160m,medium,draw_3,7,9,0.012360610451209456
pythia-160m,medium,draw_3,7,10,0.016480438770376325
pythia-160m,medium,draw_3,7,11,0.008829913471151148
pythia-160m,medium,draw_3,8,0,0.007009024052027817
pythia-160m,medium,draw_3,8,1,0.039726168678379664
pythia-160m,medium,draw_3,8,2,0.024059706636483824
pythia-160m,medium,draw_3,8,3,0.028643199996492348
pythia-160m,medium,draw_3,8,4,0.05263133269162393
pythia-160m,medium,draw_3,8,5,0.00806338576969915
pythia-160m,medium,draw_3,8,6,0.0008474279423676931
pythia-160m,medium,draw_3,8,7,0.0214522728802846
pythia-160m,medium,draw_3,8,8,0.025145191557530016
pythia-160m,medium,draw_3,8,9,0.0026772055263670487
pythia-160m,medium,draw_3,8,10,0.011696912490622918
pythia-160m,medium,draw_3,8,11,0.018660993717367326
pythia-160m,medium,draw_3,9,0,0.016790033696562654
pythia-160m,medium,draw_3,9,1,0.01940939861150149
pythia-160m,medium,draw_3,9,2,0.03151073314439512
pythia-160m,medium,draw_3,9,3,0.01733336481142271
pythia-160m,medium,draw_3,9,4,0.02469150730245751
pythia-160m,medium,draw_3,9,5,0.023564397485369346
pythia-160m,medium,draw_3,9,6,0.023951543348135373
pythia-160m,medium,draw_3,9,7,0.024151989276156628
pythia-160m,medium,draw_3,9,8,0.02246959923540635
pythia-160m,medium,draw_3,9,9,0.022013448890075872
pythia-160m,medium,draw_3,9,10,0.0036950605822110506
pythia-160m,medium,draw_3,9,11,0.003092830062090536
pythia-160m,medium,draw_3,10,0,0.04169388095899191
pythia-160m,medium,draw_3,10,1,0.04398363085247706
pythia-160m,medium,draw_3,10,2,0.013252712894212816
pythia-160m,medium,draw_3,10,3,0.028999118859371256
pythia-160m,medium,draw_3,10,4,0.05440496151226623
pythia-160m,medium,draw_3,10,5,0.013466577268778085
pythia-160m,medium,draw_3,10,6,0.035215024032596756
pythia-160m,medium,draw_3,10,7,0.02857644489635818
pythia-160m,medium,draw_3,10,8,0.03708845257723842
pythia-160m,medium,draw_3,10,9,0.025148698329683916
pythia-160m,medium,draw_3,10,10,0.023834178450723543
pythia-160m,medium,draw_3,10,11,0.041143940414775884
pythia-160m,medium,draw_3,11,0,0.028192913906144385
pythia-160m,medium,draw_3,11,1,0.05451079754954819
pythia-160m,medium,draw_3,11,2,0.04339044269809196
pythia-160m,medium,draw_3,11,3,0.05732960781260198
pythia-160m,medium,draw_3,11,4,0.03954292737428633
pythia-160m,medium,draw_3,11,5,0.04863348313141145
pythia-160m,medium,draw_3,11,6,0.021344638058791818
pythia-160m,medium,draw_3,11,7,0.03964029590280624
pythia-160m,medium,draw_3,11,8,0.016321188380703986
pythia-160m,medium,draw_3,11,9,0.026162732363606264
pythia-160m,medium,draw_3,11,10,0.052622703356588474
pythia-160m,medium,draw_3,11,11,0.024507372877429847
pythia-160m,high,draw_1,0,0,0.0
pythia-160m,high,draw_1,0,1,0.0
pythia-160m,high,draw_1,0,2,0.0
pythia-160m,high,draw_1,0,3,0.0
pythia-160m,high,draw_1,0,4,0.0
pythia-160m,high,draw_1,0,5,0.0
pythia-160m,high,draw_1,0,6,0.0
pythia-160m,high,draw_1,0,7,0.0
pythia-160m,high,draw_1,0,8,0.0
pythia-160m,high,draw_1,0,9,0.0
pythia-160m,high,draw_1,0,10,0.0
pythia-160m,high,draw_1,0,11,0.0
pythia-160m,high,draw_1,1,0,0.0017852416401542863
pythia-160m,high,draw_1,1,1,0.002426222434175026
pythia-160m,high,draw_1,1,2,0.0018989607434280141
pythia-160m,high,draw_1,1,3,0.006589350423001778
pythia-160m,high,draw_1,1,4,0.005856832558657669
pythia-160m,high,draw_1,1,5,0.003407363959079022
pythia-160m,high,draw_1,1,6,0.0015236552247940732
pythia-160m,high,draw_1,1,7,0.0025536712949750223
pythia-160m,high,draw_1,1,8,0.005516132707655322
pythia-160m,high,draw_1,1,9,0.0029745571270976584
pythia-160m,high,draw_1,1,10,0.0029271432637406735
pythia-160m,high,draw_1,1,11,0.0021883598621647454
pythia-160m,high,draw_1,2,0,0.0069990536872866875
pythia-160m,high,draw_1,2,1,0.004574418526154559
pythia-160m,high,draw_1,2,2,0.005685390046402999
pythia-160m,high,draw_1,2,3,0.00495530202628135
pythia-160m,high,draw_1,2,4,0.0032363378789598773
pythia-160m,high,draw_1,2,5,0.0026247168616029765
pythia-160m,high,draw_1,2,6,0.003967160443033034
pythia-160m,high,draw_1,2,7,0.004518078549631674
pythia-160m,high,draw_1,2,8,0.0011869717269148623
pythia-160m,high,draw_1,2,9,0.00295323603537379
pythia-160m,high,draw_1,2,10,0.006989732475647234
pythia-160m,high,draw_1,2,11,0.004767730669818429
pythia-160m,high,draw_1,3,0,0.0021311085469639594
pythia-160m,high,draw_1,3,1,0.004225100554413784
pythia-160m,high,draw_1,3,2,0.0002687771645096058
pythia-160m,high,draw_1,3,3,0.002407554542219778
pythia-160m,high,draw_1,3,4,0.001946781705722749
pythia-160m,high,draw_1,3,5,0.002711828550529769
pythia-160m,high,draw_1,3,6,0.0025887014585292295
pythia-160m,high,draw_1,3,7,0.003803147115539081
pythia-160m,high,draw_1,3,8,0.002498355879920603
pythia-160m,high,draw_1,3,9,0.0028529498321355796
pythia-160m,high,draw_1,3,10,0.005188126071334284
pythia-160m,high,draw_1,3,11,0.006186835098432553
pythia-160m,high,draw_1,4,0,0.0066235097342599815
pythia-160m,high,draw_1,4,1,0.006102098061930225
pythia-160m,high,draw_1,4,2,0.006422588629964635
pythia-160m,high,draw_1,4,3,0.006206497211121064
pythia-160m,high,draw_1,4,4,0.0042271071611808386
pythia-160m,high,draw_1,4,5,0.00926794969378611
pythia-160m,high,draw_1,4,6,0.0033745051130206136
pythia-160m,high,draw_1,4,7,0.0017371768637695852
pythia-160m,high,draw_1,4,8,0.0034511295459639002
pythia-160m,high,draw_1,4,9,0.004942577399026396
pythia-160m,high,draw_1,4,10,0.00604975297652136
pythia-160m,high,draw_1,4,11,0.0032785181460475397
pythia-160m,high,draw_1,5,0,0.002055462530697588
pythia-160m,high,draw_1,5,1,0.0026432397680019102
pythia-160m,high,draw_1,5,2,0.004956752511868398
pythia-160m,high,draw_1,5,3,0.0029491335496532366
pythia-160m,high,draw_1,5,4,0.0037099210623902468
pythia-160m,high,draw_1,5,5,0.003469138945184863
pythia-160m,high,draw_1,5,6,0.012315729296889531
pythia-160m,high,draw_1,5,7,0.005180316750716029
pythia-160m,high,draw_1,5,8,0.0038252160958847157
pythia-160m,high,draw_1,5,9,0.0019030928817477884
pythia-160m,high,draw_1,5,10,0.006720591017549665
pythia-160m,high,draw_1,5,11,0.002381620171083157
pythia-160m,high,draw_1,6,0,0.00751427971776204
pythia-160m,high,draw_1,6,1,0.0030827392096956356
pythia-160m,high,draw_1,6,2,0.007872010238597122
pythia-160m,high,draw_1,6,3,0.0026644233605339013
pythia-160m,high,draw_1,6,4,0.003087279888475984
pythia-160m,high,draw_1,6,5,0.0033557412891150724
pythia-160m,high,draw_1,6,6,0.004082852502280916
pythia-160m,high,draw_1,6,7,0.003758017021886801
pythia-160m,high,draw_1,6,8,0.005173286475517936
pythia-160m,high,draw_1,6,9,0.008919307555012277
pythia-160m,high,draw_1,6,10,0.005903273291199415
pythia-160m,high,draw_1,6,11,0.004301280505040452
pythia-160m,high,draw_1,7,0,0.0038147044181756676
pythia-160m,high,draw_1,7,1,0.009047877307295263
pythia-160m,high,draw_1,7,2,0.00474471058333075
pythia-160m,high,draw_1,7,3,0.006673125716531195
pythia-160m,high,draw_1,7,4,0.010616592392302636
pythia-160m,high,draw_1,7,5,0.0105263462355977
pythia-160m,high,draw_1,7,6,0.007975444601001679
pythia-160m,high,draw_1,7,7,0.003688916793651686
pythia-160m,high,draw_1,7,8,0.0036903506841282525
pythia-160m,high,draw_1,7,9,0.013262902565670899
pythia-160m,high,draw_1,7,10,0.00565913392905035
pythia-160m,high,draw_1,7,11,0.0064898758567736485
pythia-160m,high,draw_1,8,0,0.006484130634753975
pythia-160m,high,draw_1,8,1,0.030641616514913324
pythia-160m,high,draw_1,8,2,0.03511297191367337
pythia-160m,high,draw_1,8,3,0.02421386413743434
pythia-160m,high,draw_1,8,4,0.04107407537662953
pythia-160m,high,draw_1,8,5,0.004355079669316564
pythia-160m,high,draw_1,8,6,0.0016314167191547578
pythia-160m,high,draw_1,8,7,0.02392216698926495
pythia-160m,high,draw_1,8,8,0.028396146259135467
pythia-160m,high,draw_1,8,9,0.0033181389911199157
pythia-160m,high,draw_1,8,10,0.0063324928276510236
pythia-160m,high,draw_1,8,11,0.019727641904683818
pythia-160m,high,draw_1,9,0,0.01678164194746415
pythia-160m,high,draw_1,9,1,0.017022675260816567
pythia-160m,high,draw_1,9,2,0.04603910197009187
pythia-160m,high,draw_1,9,3,0.0176385760623094
pythia-160m,high,draw_1,9,4,0.025301563890298456
pythia-160m,high,draw_1,9,5,0.02422987841840696
pythia-160m,high,draw_1,9,6,0.01813536608836328
pythia-160m,high,draw_1,9,7,0.0204727960980091
pythia-160m,high,draw_1,9,8,0.03130837479382137
pythia-160m,high,draw_1,9,9,0.02642649805727833
pythia-160m,high,draw_1,9,10,0.002986609844760131
pythia-160m,high,draw_1,9,11,0.010144052551393539
pythia-160m,high,draw_1,10,0,0.02454443691418394
pythia-160m,high,draw_1,10,1,0.027906368764771972
pythia-160m,high,draw_1,10,2,0.044790116179784636
pythia-160m,high,draw_1,10,3,0.007968608125803951
pythia-160m,high,draw_1,10,4,0.05140241024495124
pythia-160m,high,draw_1,10,5,0.009297347775527447
pythia-160m,high,draw_1,10,6,0.036093422967700774
pythia-160m,high,draw_1,10,7,0.017597677694428278
pythia-160m,high,draw_1,10,8,0.026694245168204688
pythia-160m,high,draw_1,10,9,0.020003043048945093
pythia-160m,high,draw_1,10,10,0.018777553484368124
pythia-160m,high,draw_1,10,11,0.019537498547469456
pythia-160m,high,draw_1,11,0,0.0050553000872492855
pythia-160m,high,draw_1,11,1,0.03165779177892519
pythia-160m,high,draw_1,11,2,0.01910131636657966
pythia-160m,high,draw_1,11,3,0.012152834026574532
pythia-160m,high,draw_1,11,4,0.02148067377460515
pythia-160m,high,draw_1,11,5,0.04705457760739276
pythia-160m,high,draw_1,11,6,0.026292314895051017
pythia-160m,high,draw_1,11,7,0.04099225190041094
pythia-160m,high,draw_1,11,8,0.040654230834775346
pythia-160m,high,draw_1,11,9,0.017507547178432628
pythia-160m,high,draw_1,11,10,0.035497819081222286
pythia-160m,high,draw_1,11,11,0.025682645316072113
pythia-160m,high,draw_2,0,0,0.0
pythia-160m,high,draw_2,0,1,0.0
pythia-160m,high,draw_2,0,2,0.0
pythia-160m,high,draw_2,0,3,0.0
pythia-160m,high,draw_2,0,4,0.0
pythia-160m,high,draw_2,0,5,0.0
pythia-160m,high,draw_2,0,6,0.0
pythia-160m,high,draw_2,0,7,0.0
pythia-160m,high,draw_2,0,8,0.0
pythia-160m,high,draw_2,0,9,0.0
pythia-160m,high,draw_2,0,10,0.0
pythia-160m,high,draw_2,0,11,0.0
pythia-160m,high,draw_2,1,0,0.00016007530642716408
pythia-160m,high,draw_2,1,1,
pythia-160m,high,draw_2,1,2,0.0001847434787105672
pythia-160m,high,draw_2,1,3,0.0002119561282170807
pythia-160m,high,draw_2,1,4,0.0002583551071989178
pythia-160m,high,draw_2,1,5,0.00028674688840244346
pythia-160m,high,draw_2,1,6,4.175253249352978e-05
pythia-160m,high,draw_2,1,7,
pythia-160m,high,draw_2,1,8,0.00025087798198883843
pythia-160m,high,draw_2,1,9,3.4602742302945584e-05
pythia-160m,high,draw_2,1,10,0.0004966132523624235
pythia-160m,high,draw_2,1,11,4.791205096084774e-05
pythia-160m,high,draw_2,2,0,8.92004170307542e-05
pythia-160m,high,draw_2,2,1,
pythia-160m,high,draw_2,2,2,0.00020585231877490298
pythia-160m,high,draw_2,2,3,0.00011960250851533197
pythia-160m,high,draw_2,2,4,0.00011516777319765064
pythia-160m,high,draw_2,2,5,
pythia-160m,high,draw_2,2,6,9.61320740685164e-05
pythia-160m,high,draw_2,2,7,0.0002672390450788704
pythia-160m,high,draw_2,2,8,
pythia-160m,high,draw_2,2,9,5.747816545602479e-05
pythia-160m,high,draw_2,2,10,0.0002466386904631561
pythia-160m,high,draw_2,2,11,0.0001502574340151301
pythia-160m,high,draw_2,3,0,0.0005097725984673707
pythia-160m,high,draw_2,3,1,0.001605500444130714
pythia-160m,high,draw_2,3,2,0.00023530065759603982
pythia-160m,high,draw_2,3,3,0.0014156998907157228
pythia-160m,high,draw_2,3,4,0.0004838391243559626
pythia-160m,high,draw_2,3,5,0.0013127104393249663
pythia-160m,high,draw_2,3,6,0.0010994297355889893
pythia-160m,high,draw_2,3,7,0.0004824461069372627
pythia-160m,high,draw_2,3,8,0.0005386326873545246
pythia-160m,high,draw_2,3,9,0.0009878445643415024
pythia-160m,high,draw_2,3,10,0.0012000815698084248
pythia-160m,high,draw_2,3,11,0.0015693576577903887
pythia-160m,high,draw_2,4,0,0.001450111895708449
pythia-160m,high,draw_2,4,1,0.00048413767690506487
pythia-160m,high,draw_2,4,2,0.00297142359718485
pythia-160m,high,draw_2,4,3,0.0012218499756787764
pythia-160m,high,draw_2,4,4,0.0012575402814899907
pythia-160m,high,draw_2,4,5,0.0013787554926418823
pythia-160m,high,draw_2,4,6,0.0015128126092102247
pythia-160m,high,draw_2,4,7,0.0010603108707689366
pythia-160m,high,draw_2,4,8,0.0013491010048289082
pythia-160m,high,draw_2,4,9,0.0013388948887220727
pythia-160m,high,draw_2,4,10,0.001524551827791074
pythia-160m,high,draw_2,4,11,0.00039004463429762086
pythia-160m,high,draw_2,5,0,0.0008377555275798688
pythia-160m,high,draw_2,5,1,0.0010688957700295256
pythia-160m,high,draw_2,5,2,0.0016827190785898233
pythia-160m,high,draw_2,5,3,0.0010989026559469297
pythia-160m,high,draw_2,5,4,0.0014146889800379207
pythia-160m,high,draw_2,5,5,0.0015760863901672054
pythia-160m,high,draw_2,5,6,0.0030392208971213707
pythia-160m,high,draw_2,5,7,0.001412781514127085
pythia-160m,high,draw_2,5,8,0.0011232324115246167
pythia-160m,high,draw_2,5,9,0.0010240397431671808
pythia-160m,high,draw_2,5,10,0.002069105827655313
pythia-160m,high,draw_2,5,11,0.001060623479048231
pythia-160m,high,draw_2,6,0,0.003392169003972128
pythia-160m,high,draw_2,6,1,0.0010756296407508318
pythia-160m,high,draw_2,6,2,0.0042945359647779445
pythia-160m,high,draw_2,6,3,0.002372214589952099
pythia-160m,high,draw_2,6,4,0.0017033755274425046
pythia-160m,high,draw_2,6,5,0.0009442435311094469
pythia-160m,high,draw_2,6,6,0.002016521058181559
pythia-160m,high,draw_2,6,7,0.0021555706298051216
pythia-160m,high,draw_2,6,8,0.0012033525860677653
pythia-160m,high,draw_2,6,9,0.003965083758601771
pythia-160m,high,draw_2,6,10,0.003599970858664169
pythia-160m,high,draw_2,6,11,0.0016867412006592187
pythia-160m,high,draw_2,7,0,0.0046168318259905
pythia-160m,high,draw_2,7,1,0.0051738884001778125
pythia-160m,high,draw_2,7,2,0.004511495229625537
pythia-160m,high,draw_2,7,3,0.005042937446706877
pythia-160m,high,draw_2,7,4,0.0042171163398191745
pythia-160m,high,draw_2,7,5,0.005587794544986635
pythia-160m,high,draw_2,7,6,0.007250654810692997
pythia-160m,high,draw_2,7,7,0.002972781365975387
pythia-160m,high,draw_2,7,8,0.002126307088834016
pythia-160m,high,draw_2,7,9,0.006574800332551577
pythia-160m,high,draw_2,7,10,0.005987830549139446
pythia-160m,high,draw_2,7,11,0.0037291004761219166
pythia-160m,high,draw_2,8,0,0.006286648870610472
pythia-160m,high,draw_2,8,1,0.017367099641405235
pythia-160m,high,draw_2,8,2,0.015887978266949623
pythia-160m,high,draw_2,8,3,0.026469209880954712
pythia-160m,high,draw_2,8,4,0.025802902183957244
pythia-160m,high,draw_2,8,5,0.008179086349184028
pythia-160m,high,draw_2,8,6,0.0003112148865158393
pythia-160m,high,draw_2,8,7,0.01361157753147032
pythia-160m,high,draw_2,8,8,0.01439963887758055
pythia-160m,high,draw_2,8,9,0.009344968154013525
pythia-160m,high,draw_2,8,10,0.005432595007969607
pythia-160m,high,draw_2,8,11,0.012903037425980512
pythia-160m,high,draw_2,9,0,0.003410245480194785
pythia-160m,high,draw_2,9,1,0.009887140458633745
pythia-160m,high,draw_2,9,2,0.01615231745330303
pythia-160m,high,draw_2,9,3,0.010578439586964508
pythia-160m,high,draw_2,9,4,0.01606341434007294
pythia-160m,high,draw_2,9,5,0.011610873219856653
pythia-160m,high,draw_2,9,6,0.010825244836668158
pythia-160m,high,draw_2,9,7,0.01809117352891163
pythia-160m,high,draw_2,9,8,0.015195562020768487
pythia-160m,high,draw_2,9,9,0.014740456204522502
pythia-160m,high,draw_2,9,10,0.006729148412740591
pythia-160m,high,draw_2,9,11,0.007190378267701322
pythia-160m,high,draw_2,10,0,0.017764625355955754
pythia-160m,high,draw_2,10,1,0.018630854913155345
pythia-160m,high,draw_2,10,2,0.019030529477144197
pythia-160m,high,draw_2,10,3,0.007929439903431647
pythia-160m,high,draw_2,10,4,0.022760023524719317
pythia-160m,high,draw_2,10,5,0.009160803078627032
pythia-160m,high,draw_2,10,6,0.015567664099491717
pythia-160m,high,draw_2,10,7,0.015721246333316133
pythia-160m,high,draw_2,10,8,0.019125487584516748
pythia-160m,high,draw_2,10,9,0.019983701509665153
pythia-160m,high,draw_2,10,10,0.014574120672024257
pythia-160m,high,draw_2,10,11,0.021288896180518133
pythia-160m,high,draw_2,11,0,0.011799331616092526
pythia-160m,high,draw_2,11,1,0.03110557763407447
pythia-160m,high,draw_2,11,2,0.01251043679344997
pythia-160m,high,draw_2,11,3,0.008952368734076703
pythia-160m,high,draw_2,11,4,0.02197567998425827
pythia-160m,high,draw_2,11,5,0.0376297176195992
pythia-160m,high,draw_2,11,6,0.015838896835401007
pythia-160m,high,draw_2,11,7,0.023898720034556276
pythia-160m,high,draw_2,11,8,0.014036862693233709
pythia-160m,high,draw_2,11,9,0.009425900038813669
pythia-160m,high,draw_2,11,10,0.031835635964890516
pythia-160m,high,draw_2,11,11,0.01746179246302781
pythia-160m,high,draw_3,0,0,0.0
pythia-160m,high,draw_3,0,1,0.0
pythia-160m,high,draw_3,0,2,0.0
pythia-160m,high,draw_3,0,3,0.0
pythia-160m,high,draw_3,0,4,0.0
pythia-160m,high,draw_3,0,5,0.0
pythia-160m,high,draw_3,0,6,0.0
pythia-160m,high,draw_3,0,7,0.0
pythia-160m,high,draw_3,0,8,0.0
pythia-160m,high,draw_3,0,9,0.0
pythia-160m,high,draw_3,0,10,0.0
pythia-160m,high,draw_3,0,11,0.0
pythia-160m,high,draw_3,1,0,0.0011349990517645395
pythia-160m,high,draw_3,1,1,0.001717139269608789
pythia-160m,high,draw_3,1,2,0.0007764619268636762
pythia-160m,high,draw_3,1,3,0.003281364527173169
pythia-160m,high,draw_3,1,4,0.006997136470431335
pythia-160m,high,draw_3,1,5,0.002903979478114937
pythia-160m,high,draw_3,1,6,0.0015018466041570473
pythia-160m,high,draw_3,1,7,0.001261471417782753
pythia-160m,high,draw_3,1,8,0.00465863568468858
pythia-160m,high,draw_3,1,9,0.0031303920365077635
pythia-160m,high,draw_3,1,10,0.006531722564069521
pythia-160m,high,draw_3,1,11,0.0012716852767720734
pythia-160m,high,draw_3,2,0,0.004450389634074894
pythia-160m,high,draw_3,2,1,0.002292488652154781
pythia-160m,high,draw_3,2,2,0.002193314921267447
pythia-160m,high,draw_3,2,3,0.003355311955728777
pythia-160m,high,draw_3,2,4,0.005376707199748362
pythia-160m,high,draw_3,2,5,0.002224089552135397
pythia-160m,high,draw_3,2,6,0.0027663368175177934
pythia-160m,high,draw_3,2,7,0.00715290628218003
pythia-160m,high,draw_3,2,8,0.0012672347379171856
pythia-160m,high,draw_3,2,9,0.0018051180613786399
pythia-160m,high,draw_3,2,10,0.00946704265573711
pythia-160m,high,draw_3,2,11,0.002258806558624535
pythia-160m,high,draw_3,3,0,0.0017068202075960228
pythia-160m,high,draw_3,3,1,0.0016520370010975635
pythia-160m,high,draw_3,3,2,0.0011089358413378105
pythia-160m,high,draw_3,3,3,0.004384738554584227
pythia-160m,high,draw_3,3,4,0.001079526469401253
pythia-160m,high,draw_3,3,5,0.004886755245535194
pythia-160m,high,draw_3,3,6,0.005685796996796572
pythia-160m,high,draw_3,3,7,0.005492798475179885
pythia-160m,high,draw_3,3,8,0.002585803452072204
pythia-160m,high,draw_3,3,9,0.00234875095807833
pythia-160m,high,draw_3,3,10,0.005014519311399461
pythia-160m,high,draw_3,3,11,0.006032719096881227
pythia-160m,high,draw_3,4,0,0.003422721045396007
pythia-160m,high,draw_3,4,1,0.003714367661911208
pythia-160m,high,draw_3,4,2,0.003928427493069652
pythia-160m,high,draw_3,4,3,0.005557186507595279
pythia-160m,high,draw_3,4,4,0.004609024205740121
pythia-160m,high,draw_3,4,5,0.004444726403564056
pythia-160m,high,draw_3,4,6,0.002173326263316206
pythia-160m,high,draw_3,4,7,0.004132393074295873
pythia-160m,high,draw_3,4,8,0.004304362515812783
pythia-160m,high,draw_3,4,9,0.003902282413534265
pythia-160m,high,draw_3,4,10,0.012890928302794648
pythia-160m,high,draw_3,4,11,0.005072486379298415
pythia-160m,high,draw_3,5,0,0.0028134706434173877
pythia-160m,high,draw_3,5,1,0.004035992522995095
pythia-160m,high,draw_3,5,2,0.006338591878016024
pythia-160m,high,draw_3,5,3,0.0043248039871148156
pythia-160m,high,draw_3,5,4,0.007917514681705422
pythia-160m,high,draw_3,5,5,0.006130905682564198
pythia-160m,high,draw_3,5,6,0.008206867920924371
pythia-160m,high,draw_3,5,7,0.0049980312208019574
pythia-160m,high,draw_3,5,8,0.0022868783994613186
pythia-160m,high,draw_3,5,9,0.002436304722833036
pythia-160m,high,draw_3,5,10,0.007274311620910457
pythia-160m,high,draw_3,5,11,0.003575054976592856
pythia-160m,high,draw_3,6,0,0.007632533381414011
pythia-160m,high,draw_3,6,1,0.006729998499556854
pythia-160m,high,draw_3,6,2,0.009460035438102471
pythia-160m,high,draw_3,6,3,0.005656495054084308
pythia-160m,high,draw_3,6,4,0.004523478247569344
pythia-160m,high,draw_3,6,5,0.004906431087385428
pythia-160m,high,draw_3,6,6,0.004502372300685326
pythia-160m,high,draw_3,6,7,0.007033676980297439
pythia-160m,high,draw_3,6,8,0.005973489491787495
pythia-160m,high,draw_3,6,9,0.013112752044676376
pythia-160m,high,draw_3,6,10,0.008575805133611433
pythia-160m,high,draw_3,6,11,0.008349116628730321
pythia-160m,high,draw_3,7,0,0.004603190622400945
pythia-160m,high,draw_3,7,1,0.008685733116997642
pythia-160m,high,draw_3,7,2,0.014334647655929407
pythia-160m,high,draw_3,7,3,0.0063687898880871825
pythia-160m,high,draw_3,7,4,0.007585137750365541
pythia-160m,high,draw_3,7,5,0.011431854062667978
pythia-160m,high,draw_3,7,6,0.013310944861026764
pythia-160m,high,draw_3,7,7,0.006161761124786108
pythia-160m,high,draw_3,7,8,0.005987123305106108
pythia-160m,high,draw_3,7,9,0.012593642831945688
pythia-160m,high,draw_3,7,10,0.021916598761422212
pythia-160m,high,draw_3,7,11,0.010710730470721441
pythia-160m,high,draw_3,8,0,0.010114427916475823
pythia-160m,high,draw_3,8,1,0.0388034186010796
pythia-160m,high,draw_3,8,2,0.02582418869496023
pythia-160m,high,draw_3,8,3,0.028652237633220643
pythia-160m,high,draw_3,8,4,0.03740986612684833
pythia-160m,high,draw_3,8,5,0.011075608753460555
pythia-160m,high,draw_3,8,6,0.005881292112079471
pythia-160m,high,draw_3,8,7,0.026856903558029097
pythia-160m,high,draw_3,8,8,0.03444877694388738
pythia-160m,high,draw_3,8,9,0.013518311872246447
pythia-160m,high,draw_3,8,10,0.0060256352328600955
pythia-160m,high,draw_3,8,11,0.025148903165613967
pythia-160m,high,draw_3,9,0,0.011825728876714008
pythia-160m,high,draw_3,9,1,0.03129614276941188
pythia-160m,high,draw_3,9,2,0.037574722367467055
pythia-160m,high,draw_3,9,3,0.02569968314301364
pythia-160m,high,draw_3,9,4,0.030879920408073348
pythia-160m,high,draw_3,9,5,0.026730633074422448
pythia-160m,high,draw_3,9,6,0.034101133677046605
pythia-160m,high,draw_3,9,7,0.030639756723037804
pythia-160m,high,draw_3,9,8,0.027309422786715908
pythia-160m,high,draw_3,9,9,0.024503004664255857
pythia-160m,high,draw_3,9,10,0.011277018095992332
pythia-160m,high,draw_3,9,11,0.021362680704349737
pythia-160m,high,draw_3,10,0,0.046005373016747036
pythia-160m,high,draw_3,10,1,0.047340021124276994
pythia-160m,high,draw_3,10,2,0.05443105644154318
pythia-160m,high,draw_3,10,3,0.04133498935715159
pythia-160m,high,draw_3,10,4,0.03889170501177979
pythia-160m,high,draw_3,10,5,0.01367337780594941
pythia-160m,high,draw_3,10,6,0.039370715593182885
pythia-160m,high,draw_3,10,7,0.03273292653809932
pythia-160m,high,draw_3,10,8,0.01877168299451134
pythia-160m,high,draw_3,10,9,0.018872870740411073
pythia-160m,high,draw_3,10,10,0.023202885378056246
pythia-160m,high,draw_3,10,11,0.024532638130123473
pythia-160m,high,draw_3,11,0,0.015852178164483935
pythia-160m,high,draw_3,11,1,0.06174044710564147
pythia-160m,high,draw_3,11,2,0.018700097342016428
pythia-160m,high,draw_3,11,3,0.023830291383788133
pythia-160m,high,draw_3,11,4,0.043396013530829634
pythia-160m,high,draw_3,11,5,0.05694867501972974
pythia-160m,high,draw_3,11,6,0.021889244810216934
pythia-160m,high,draw_3,11,7,0.044428756995575
pythia-160m,high,draw_3,11,8,0.015724375546379583
pythia-160m,high,draw_3,11,9,0.03506635889377564
pythia-160m,high,draw_3,11,10,0.023881000583353185
pythia-160m,high,draw_3,11,11,0.021480654806214746
pythia-160m,very_high,draw_1,0,0,0.0
pythia-160m,very_high,draw_1,0,1,0.0
pythia-160m,very_high,draw_1,0,2,0.0
pythia-160m,very_high,draw_1,0,3,0.0
pythia-160m,very_high,draw_1,0,4,0.0
pythia-160m,very_high,draw_1,0,5,0.0
pythia-160m,very_high,draw_1,0,6,0.0
pythia-160m,very_high,draw_1,0,7,0.0
pythia-160m,very_high,draw_1,0,8,0.0
pythia-160m,very_high,draw_1,0,9,0.0
pythia-160m,very_high,draw_1,0,10,0.0
pythia-160m,very_high,draw_1,0,11,0.0
pythia-160m,very_high,draw_1,1,0,0.003744058807605406
pythia-160m,very_high,draw_1,1,1,0.0023792524796617093
pythia-160m,very_high,draw_1,1,2,0.0056635447380587196
pythia-160m,very_high,draw_1,1,3,0.00471654575382334
pythia-160m,very_high,draw_1,1,4,0.004367770481975382
pythia-160m,very_high,draw_1,1,5,0.006256382633588701
pythia-160m,very_high,draw_1,1,6,0.007026361713314508
pythia-160m,very_high,draw_1,1,7,0.0030992883497680404
pythia-160m,very_high,draw_1,1,8,0.009888735763532535
pythia-160m,very_high,draw_1,1,9,0.005750951237484307
pythia-160m,very_high,draw_1,1,10,0.008091413979600537
pythia-160m,very_high,draw_1,1,11,0.004018158449891182
pythia-160m,very_high,draw_1,2,0,0.0074024433881651535
pythia-160m,very_high,draw_1,2,1,0.006871590283546868
pythia-160m,very_high,draw_1,2,2,0.012499413113302165
pythia-160m,very_high,draw_1,2,3,0.016010460297039147
pythia-160m,very_high,draw_1,2,4,0.004367137837692725
pythia-160m,very_high,draw_1,2,5,0.006784228615744295
pythia-160m,very_high,draw_1,2,6,0.004694245000688126
pythia-160m,very_high,draw_1,2,7,0.00549059118840294
pythia-160m,very_high,draw_1,2,8,0.0046113173889817186
pythia-160m,very_high,draw_1,2,9,0.00464295985897634
pythia-160m,very_high,draw_1,2,10,0.01663721162919501
pythia-160m,very_high,draw_1,2,11,0.01569400391979036
pythia-160m,very_high,draw_1,3,0,0.0032846603594777314
pythia-160m,very_high,draw_1,3,1,0.004944612891230957
pythia-160m,very_high,draw_1,3,2,0.0009633394665627722
pythia-160m,very_high,draw_1,3,3,0.006391720781605963
pythia-160m,very_high,draw_1,3,4,0.003370068601989273
pythia-160m,very_high,draw_1,3,5,0.0075915753471110115
pythia-160m,very_high,draw_1,3,6,0.005505775174623306
pythia-160m,very_high,draw_1,3,7,0.003264893958966388
pythia-160m,very_high,draw_1,3,8,0.003647774590265622
pythia-160m,very_high,draw_1,3,9,0.004847163960376511
pythia-160m,very_high,draw_1,3,10,0.011056308918080836
pythia-160m,very_high,draw_1,3,11,0.005196476051799483
pythia-160m,very_high,draw_1,4,0,0.005628099423744361
pythia-160m,very_high,draw_1,4,1,0.0031505589104691475
pythia-160m,very_high,draw_1,4,2,0.006558676136733656
pythia-160m,very_high,draw_1,4,3,0.005902683496440546
pythia-160m,very_high,draw_1,4,4,0.005028205123473986
pythia-160m,very_high,draw_1,4,5,0.004464584525785793
pythia-160m,very_high,draw_1,4,6,0.002001858027891917
pythia-160m,very_high,draw_1,4,7,0.003467346831139699
pythia-160m,very_high,draw_1,4,8,0.0077239829718499485
pythia-160m,very_high,draw_1,4,9,0.006222767519165581
pythia-160m,very_high,draw_1,4,10,0.015580333255478399
pythia-160m,very_high,draw_1,4,11,0.006359644376278615
pythia-160m,very_high,draw_1,5,0,0.00625041726515074
pythia-160m,very_high,draw_1,5,1,0.003213191311833379
pythia-160m,very_high,draw_1,5,2,0.005352848122180232
pythia-160m,very_high,draw_1,5,3,0.008708648074743277
pythia-160m,very_high,draw_1,5,4,0.00693532132441918
pythia-160m,very_high,draw_1,5,5,0.005661614789379404
pythia-160m,very_high,draw_1,5,6,0.016947016609870986
pythia-160m,very_high,draw_1,5,7,0.003815941607657717
pythia-160m,very_high,draw_1,5,8,0.006625521889521995
pythia-160m,very_high,draw_1,5,9,0.005358663990979569
pythia-160m,very_high,draw_1,5,10,0.0079847673677357
pythia-160m,very_high,draw_1,5,11,0.008766521666096745
pythia-160m,very_high,draw_1,6,0,0.021844514743922776
pythia-160m,very_high,draw_1,6,1,0.006808139274823488
pythia-160m,very_high,draw_1,6,2,0.013546104398441403
pythia-160m,very_high,draw_1,6,3,0.016070956939799964
pythia-160m,very_high,draw_1,6,4,0.005494389132481221
pythia-160m,very_high,draw_1,6,5,0.00543755892127001
pythia-160m,very_high,draw_1,6,6,0.007610981656803778
pythia-160m,very_high,draw_1,6,7,0.004805801731729533
pythia-160m,very_high,draw_1,6,8,0.005300286772718634
pythia-160m,very_high,draw_1,6,9,0.016576776514389664
pythia-160m,very_high,draw_1,6,10,0.007512862016094509
pythia-160m,very_high,draw_1,6,11,0.012218546204684518
pythia-160m,very_high,draw_1,7,0,0.011316718481610075
pythia-160m,very_high,draw_1,7,1,0.007233088517222275
pythia-160m,very_high,draw_1,7,2,0.013234094746267149
pythia-160m,very_high,draw_1,7,3,0.013429314346993392
pythia-160m,very_high,draw_1,7,4,0.007306552482502627
pythia-160m,very_high,draw_1,7,5,0.014002752411165338
pythia-160m,very_high,draw_1,7,6,0.02112959954557228
pythia-160m,very_high,draw_1,7,7,0.012338726611255554
pythia-160m,very_high,draw_1,7,8,0.004508342795815082
pythia-160m,very_high,draw_1,7,9,0.019947022456083232
pythia-160m,very_high,draw_1,7,10,0.01992066323578
pythia-160m,very_high,draw_1,7,11,0.005014619427887712
pythia-160m,very_high,draw_1,8,0,0.018314385806423014
pythia-160m,very_high,draw_1,8,1,0.051624937257197495
pythia-160m,very_high,draw_1,8,2,0.043435198410724275
pythia-160m,very_high,draw_1,8,3,0.03330571789660967
pythia-160m,very_high,draw_1,8,4,0.04855059430000982
pythia-160m,very_high,draw_1,8,5,0.03360763965444568
pythia-160m,very_high,draw_1,8,6,0.0031590874507294573
pythia-160m,very_high,draw_1,8,7,0.02695304742746662
pythia-160m,very_high,draw_1,8,8,0.02269156884719453
pythia-160m,very_high,draw_1,8,9,0.008182469169937617
pythia-160m,very_high,draw_1,8,10,0.015816550042894773
pythia-160m,very_high,draw_1,8,11,0.02992922110369662
pythia-160m,very_high,draw_1,9,0,0.014337445155130715
pythia-160m,very_high,draw_1,9,1,0.0435429698423579
pythia-160m,very_high,draw_1,9,2,0.04552859580774309
pythia-160m,very_high,draw_1,9,3,0.03341354633478473
pythia-160m,very_high,draw_1,9,4,0.04980649664341836
pythia-160m,very_high,draw_1,9,5,0.02728957851531157
pythia-160m,very_high,draw_1,9,6,0.039961349852476964
pythia-160m,very_high,draw_1,9,7,0.02960043342340617
pythia-160m,very_high,draw_1,9,8,0.0369606583045908
pythia-160m,very_high,draw_1,9,9,0.04941342036768626
pythia-160m,very_high,draw_1,9,10,0.010637666874223057
pythia-160m,very_high,draw_1,9,11,0.004783075169615483
pythia-160m,very_high,draw_1,10,0,0.045332003067086735
pythia-160m,very_high,draw_1,10,1,0.06788031083237822
pythia-160m,very_high,draw_1,10,2,0.03794756382883883
pythia-160m,very_high,draw_1,10,3,0.013124838342692874
pythia-160m,very_high,draw_1,10,4,0.038832742797338664
pythia-160m,very_high,draw_1,10,5,0.01637771045682977
pythia-160m,very_high,draw_1,10,6,0.04153789222692744
pythia-160m,very_high,draw_1,10,7,0.040975255627151874
pythia-160m,very_high,draw_1,10,8,0.04268550581963912
pythia-160m,very_high,draw_1,10,9,0.037154722113352356
pythia-160m,very_high,draw_1,10,10,0.03034140279346388
pythia-160m,very_high,draw_1,10,11,0.02307824882607761
pythia-160m,very_high,draw_1,11,0,0.029670871293787777
pythia-160m,very_high,draw_1,11,1,0.047812382559226915
pythia-160m,very_high,draw_1,11,2,0.036644570454929366
pythia-160m,very_high,draw_1,11,3,0.015916687088838012
pythia-160m,very_high,draw_1,11,4,0.053601969375033545
pythia-160m,very_high,draw_1,11,5,0.06645841162713341
pythia-160m,very_high,draw_1,11,6,0.05492595431248534
pythia-160m,very_high,draw_1,11,7,0.04771297198202811
pythia-160m,very_high,draw_1,11,8,0.042582520861707066
pythia-160m,very_high,draw_1,11,9,0.03412487539680844
pythia-160m,very_high,draw_1,11,10,0.03134338945543216
pythia-160m,very_high,draw_1,11,11,0.03652223117131549
pythia-160m,very_high,draw_2,0,0,0.0
pythia-160m,very_high,draw_2,0,1,0.0
pythia-160m,very_high,draw_2,0,2,0.0
pythia-160m,very_high,draw_2,0,3,0.0
pythia-160m,very_high,draw_2,0,4,0.0
pythia-160m,very_high,draw_2,0,5,0.0
pythia-160m,very_high,draw_2,0,6,0.0
pythia-160m,very_high,draw_2,0,7,0.0
pythia-160m,very_high,draw_2,0,8,0.0
pythia-160m,very_high,draw_2,0,9,0.0
pythia-160m,very_high,draw_2,0,10,0.0
pythia-160m,very_high,draw_2,0,11,0.0
pythia-160m,very_high,draw_2,1,0,0.0037522274470091206
pythia-160m,very_high,draw_2,1,1,0.002881793602096319
pythia-160m,very_high,draw_2,1,2,0.003196718584665294
pythia-160m,very_high,draw_2,1,3,0.007276478788425951
pythia-160m,very_high,draw_2,1,4,0.0034399807262660833
pythia-160m,very_high,draw_2,1,5,0.008364661282719607
pythia-160m,very_high,draw_2,1,6,0.0019270905194384818
pythia-160m,very_high,draw_2,1,7,0.0039558875063723875
pythia-160m,very_high,draw_2,1,8,0.006460322436989491
pythia-160m,very_high,draw_2,1,9,0.0014379375349434732
pythia-160m,very_high,draw_2,1,10,0.003768102512619781
pythia-160m,very_high,draw_2,1,11,0.002236502710340805
pythia-160m,very_high,draw_2,2,0,0.005994175603560361
pythia-160m,very_high,draw_2,2,1,0.0053773594202885435
pythia-160m,very_high,draw_2,2,2,0.01108331783323919
pythia-160m,very_high,draw_2,2,3,0.009721151426309643
pythia-160m,very_high,draw_2,2,4,0.005943829631441213
pythia-160m,very_high,draw_2,2,5,0.0038761041117581284
pythia-160m,very_high,draw_2,2,6,0.004968077541377307
pythia-160m,very_high,draw_2,2,7,0.008252608891112404
pythia-160m,very_high,draw_2,2,8,0.003660432113563937
pythia-160m,very_high,draw_2,2,9,0.005948976049964321
pythia-160m,very_high,draw_2,2,10,0.01219934579193421
pythia-160m,very_high,draw_2,2,11,0.01870844527751279
pythia-160m,very_high,draw_2,3,0,0.002128801028796744
pythia-160m,very_high,draw_2,3,1,0.00264443897040706
pythia-160m,very_high,draw_2,3,2,0.0008537212368041268
pythia-160m,very_high,draw_2,3,3,0.019702423547575364
pythia-160m,very_high,draw_2,3,4,0.003919667802606223
pythia-160m,very_high,draw_2,3,5,0.004860769000823261
pythia-160m,very_high,draw_2,3,6,0.005057163602491358
pythia-160m,very_high,draw_2,3,7,0.0036008519572832765
pythia-160m,very_high,draw_2,3,8,0.002768421762797455
pythia-160m,very_high,draw_2,3,9,0.0024161281871709754
pythia-160m,very_high,draw_2,3,10,0.0038366871269646208
pythia-160m,very_high,draw_2,3,11,0.003967595088296584
pythia-160m,very_high,draw_2,4,0,0.0069919212494737705
pythia-160m,very_high,draw_2,4,1,0.006375357813879556
pythia-160m,very_high,draw_2,4,2,0.004622985014282007
pythia-160m,very_high,draw_2,4,3,0.005324772886186459
pythia-160m,very_high,draw_2,4,4,0.005468442708135366
pythia-160m,very_high,draw_2,4,5,0.003845841114572458
pythia-160m,very_high,draw_2,4,6,0.007534862906535102
pythia-160m,very_high,draw_2,4,7,0.0032429593816239127
pythia-160m,very_high,draw_2,4,8,0.0036078926217534856
pythia-160m,very_high,draw_2,4,9,0.006985462237874174
pythia-160m,very_high,draw_2,4,10,0.015665823349654384
pythia-160m,very_high,draw_2,4,11,0.001926258819098385
pythia-160m,very_high,draw_2,5,0,0.008292040623225869
pythia-160m,very_high,draw_2,5,1,0.002793238975217056
pythia-160m,very_high,draw_2,5,2,0.004559367599707625
pythia-160m,very_high,draw_2,5,3,0.0033274417135764536
pythia-160m,very_high,draw_2,5,4,0.003507802635633138
pythia-160m,very_high,draw_2,5,5,0.003922052382854715
pythia-160m,very_high,draw_2,5,6,0.016073515619981067
pythia-160m,very_high,draw_2,5,7,0.01069649003852767
pythia-160m,very_high,draw_2,5,8,0.0036935814892693737
pythia-160m,very_high,draw_2,5,9,0.001680015802873879
pythia-160m,very_high,draw_2,5,10,0.00641860365654793
pythia-160m,very_high,draw_2,5,11,0.005726753841211554
pythia-160m,very_high,draw_2,6,0,0.011075463569822556
pythia-160m,very_high,draw_2,6,1,0.003728196749807146
pythia-160m,very_high,draw_2,6,2,0.008427297413969933
pythia-160m,very_high,draw_2,6,3,0.015051177025330494
pythia-160m,very_high,draw_2,6,4,0.0043617172468011335
pythia-160m,very_high,draw_2,6,5,0.0038221629520772127
pythia-160m,very_high,draw_2,6,6,0.0060554278982367015
pythia-160m,very_high,draw_2,6,7,0.004411581526907652
pythia-160m,very_high,draw_2,6,8,0.0046578812637935
pythia-160m,very_high,draw_2,6,9,0.011544394580526833
pythia-160m,very_high,draw_2,6,10,0.006548852019148371
pythia-160m,very_high,draw_2,6,11,0.010381270909159145
pythia-160m,very_high,draw_2,7,0,0.0068639623567799
pythia-160m,very_high,draw_2,7,1,0.005953994596492471
pythia-160m,very_high,draw_2,7,2,0.014684561057473764
pythia-160m,very_high,draw_2,7,3,0.009043849168158705
pythia-160m,very_high,draw_2,7,4,0.011098254466289613
pythia-160m,very_high,draw_2,7,5,0.01310038134201503
pythia-160m,very_high,draw_2,7,6,0.015591712601166454
pythia-160m,very_high,draw_2,7,7,0.01128153489768868
pythia-160m,very_high,draw_2,7,8,0.004605229188303726
pythia-160m,very_high,draw_2,7,9,0.02325891090449565
pythia-160m,very_high,draw_2,7,10,0.01969890165934219
pythia-160m,very_high,draw_2,7,11,0.0049830409319723485
pythia-160m,very_high,draw_2,8,0,0.02238184801573473
pythia-160m,very_high,draw_2,8,1,0.020860374740152683
pythia-160m,very_high,draw_2,8,2,0.023721792406895814
pythia-160m,very_high,draw_2,8,3,0.03215859209897548
pythia-160m,very_high,draw_2,8,4,0.05981539122176719
pythia-160m,very_high,draw_2,8,5,0.015127762906112655
pythia-160m,very_high,draw_2,8,6,0.003955861986375328
pythia-160m,very_high,draw_2,8,7,0.025508459323594745
pythia-160m,very_high,draw_2,8,8,0.01902028866748528
pythia-160m,very_high,draw_2,8,9,0.006552399959092997
pythia-160m,very_high,draw_2,8,10,0.013942192996619954
pythia-160m,very_high,draw_2,8,11,0.02118862255772437
pythia-160m,very_high,draw_2,9,0,0.014338725975846586
pythia-160m,very_high,draw_2,9,1,0.021874313684323774
pythia-160m,very_high,draw_2,9,2,0.03259892709196456
pythia-160m,very_high,draw_2,9,3,0.028206618621318992
pythia-160m,very_high,draw_2,9,4,0.026548530257016242
pythia-160m,very_high,draw_2,9,5,0.035479618074281405
pythia-160m,very_high,draw_2,9,6,0.038736226504624424
pythia-160m,very_high,draw_2,9,7,0.03121566562682882
pythia-160m,very_high,draw_2,9,8,0.033516085611526115
pythia-160m,very_high,draw_2,9,9,0.02587869931983988
pythia-160m,very_high,draw_2,9,10,0.008912101539448068
pythia-160m,very_high,draw_2,9,11,0.01637527306645017
pythia-160m,very_high,draw_2,10,0,0.04084588874034509
pythia-160m,very_high,draw_2,10,1,0.025815499199026346
pythia-160m,very_high,draw_2,10,2,0.046009624013801445
pythia-160m,very_high,draw_2,10,3,0.004184855039139478
pythia-160m,very_high,draw_2,10,4,0.0618841593939771
pythia-160m,very_high,draw_2,10,5,0.01223996250388745
pythia-160m,very_high,draw_2,10,6,0.0270609386426746
pythia-160m,very_high,draw_2,10,7,0.02735197207608105
pythia-160m,very_high,draw_2,10,8,0.023130936442595233
pythia-160m,very_high,draw_2,10,9,0.031591298808397596
pythia-160m,very_high,draw_2,10,10,0.025016411222722638
pythia-160m,very_high,draw_2,10,11,0.04449357187195541
pythia-160m,very_high,draw_2,11,0,0.02376581746022823
pythia-160m,very_high,draw_2,11,1,0.05484618002923049
pythia-160m,very_high,draw_2,11,2,0.03026813895248785
pythia-160m,very_high,draw_2,11,3,0.044247370642969436
pythia-160m,very_high,draw_2,11,4,0.022421735263016863
pythia-160m,very_high,draw_2,11,5,0.047220669205943686
pythia-160m,very_high,draw_2,11,6,0.028716278876833635
pythia-160m,very_high,draw_2,11,7,0.03753593413181811
pythia-160m,very_high,draw_2,11,8,0.05090717602953611
pythia-160m,very_high,draw_2,11,9,0.039031242739399584
pythia-160m,very_high,draw_2,11,10,0.04550013293191858
pythia-160m,very_high,draw_2,11,11,0.0376704304357644
pythia-160m,very_high,draw_3,0,0,0.0
pythia-160m,very_high,draw_3,0,1,0.0
pythia-160m,very_high,draw_3,0,2,0.0
pythia-160m,very_high,draw_3,0,3,0.0
pythia-160m,very_high,draw_3,0,4,0.0
pythia-160m,very_high,draw_3,0,5,0.0
pythia-160m,very_high,draw_3,0,6,0.0
pythia-160m,very_high,draw_3,0,7,0.0
pythia-160m,very_high,draw_3,0,8,0.0
pythia-160m,very_high,draw_3,0,9,0.0
pythia-160m,very_high,draw_3,0,10,0.0
pythia-160m,very_high,draw_3,0,11,0.0
pythia-160m,very_high,draw_3,1,0,0.004520150671774201
pythia-160m,very_high,draw_3,1,1,0.003181070994949396
pythia-160m,very_high,draw_3,1,2,0.0035753136922352354
pythia-160m,very_high,draw_3,1,3,0.008079979067207447
pythia-160m,very_high,draw_3,1,4,0.0048054792400707485
pythia-160m,very_high,draw_3,1,5,0.009213819072812048
pythia-160m,very_high,draw_3,1,6,0.0023372734509230684
pythia-160m,very_high,draw_3,1,7,0.004226929006841751
pythia-160m,very_high,draw_3,1,8,0.00648907027895691
pythia-160m,very_high,draw_3,1,9,0.0020999908447265625
pythia-160m,very_high,draw_3,1,10,0.0037915903254753984
pythia-160m,very_high,draw_3,1,11,0.0033891100301334603
pythia-160m,very_high,draw_3,2,0,0.003660177675039959
pythia-160m,very_high,draw_3,2,1,0.0030599959759524085
pythia-160m,very_high,draw_3,2,2,0.0091348579392694
pythia-160m,very_high,draw_3,2,3,0.00763271831590512
pythia-160m,very_high,draw_3,2,4,0.0031766076937848374
pythia-160m,very_high,draw_3,2,5,0.0037640045316687304
pythia-160m,very_high,draw_3,2,6,0.003943223612707571
pythia-160m,very_high,draw_3,2,7,0.004945860558916014
pythia-160m,very_high,draw_3,2,8,0.002653784843907071
pythia-160m,very_high,draw_3,2,9,0.0026676764659738974
pythia-160m,very_high,draw_3,2,10,0.007701887949778882
pythia-160m,very_high,draw_3,2,11,0.014215541912606697
pythia-160m,very_high,draw_3,3,0,0.0017069097255795122
pythia-160m,very_high,draw_3,3,1,0.003878734957474981
pythia-160m,very_high,draw_3,3,2,0.001962868408058415
pythia-160m,very_high,draw_3,3,3,0.008682599588645989
pythia-160m,very_high,draw_3,3,4,0.003973069009652653
pythia-160m,very_high,draw_3,3,5,0.004345755630347423
pythia-160m,very_high,draw_3,3,6,0.0033854712894890084
pythia-160m,very_high,draw_3,3,7,0.004489770658964128
pythia-160m,very_high,draw_3,3,8,0.002730818387476154
pythia-160m,very_high,draw_3,3,9,0.004872433240589067
pythia-160m,very_high,draw_3,3,10,0.0033654663977216305
pythia-160m,very_high,draw_3,3,11,0.006576024719168908
pythia-160m,very_high,draw_3,4,0,0.006518132262169064
pythia-160m,very_high,draw_3,4,1,0.004213424653992901
pythia-160m,very_high,draw_3,4,2,0.008785856509933566
pythia-160m,very_high,draw_3,4,3,0.0070282719931664805
pythia-160m,very_high,draw_3,4,4,0.009435707471519585
pythia-160m,very_high,draw_3,4,5,0.0075438722434100795
pythia-160m,very_high,draw_3,4,6,0.008323297920642445
pythia-160m,very_high,draw_3,4,7,0.004425547012698501
pythia-160m,very_high,draw_3,4,8,0.006989349916284859
pythia-160m,very_high,draw_3,4,9,0.008459361049471845
pythia-160m,very_high,draw_3,4,10,0.013505764219275703
pythia-160m,very_high,draw_3,4,11,0.0029729517700407223
pythia-160m,very_high,draw_3,5,0,0.006053972033751411
pythia-160m,very_high,draw_3,5,1,0.002688862368738757
pythia-160m,very_high,draw_3,5,2,0.005747369678020199
pythia-160m,very_high,draw_3,5,3,0.004209937993838573
pythia-160m,very_high,draw_3,5,4,0.00718047023391231
pythia-160m,very_high,draw_3,5,5,0.007855178629837688
pythia-160m,very_high,draw_3,5,6,0.019493683061722916
pythia-160m,very_high,draw_3,5,7,0.0077198351937455695
pythia-160m,very_high,draw_3,5,8,0.008198156299561488
pythia-160m,very_high,draw_3,5,9,0.0032147873190426623
pythia-160m,very_high,draw_3,5,10,0.009114724006305232
pythia-160m,very_high,draw_3,5,11,0.0072458525255054
pythia-160m,very_high,draw_3,6,0,0.013097234065043336
pythia-160m,very_high,draw_3,6,1,0.005443629135558799
pythia-160m,very_high,draw_3,6,2,0.010024931513850852
pythia-160m,very_high,draw_3,6,3,0.018030524061141223
pythia-160m,very_high,draw_3,6,4,0.005612739495947325
pythia-160m,very_high,draw_3,6,5,0.0034844915711036597
pythia-160m,very_high,draw_3,6,6,0.004475184583886242
pythia-160m,very_high,draw_3,6,7,0.006345659180245678
pythia-160m,very_high,draw_3,6,8,0.0029265217763849477
pythia-160m,very_high,draw_3,6,9,0.010104155934240435
pythia-160m,very_high,draw_3,6,10,0.004402696124057823
pythia-160m,very_high,draw_3,6,11,0.010990486417706915
pythia-160m,very_high,draw_3,7,0,0.0062882157497629754
pythia-160m,very_high,draw_3,7,1,0.008411064054437744
pythia-160m,very_high,draw_3,7,2,0.0094146728515625
pythia-160m,very_high,draw_3,7,3,0.009725992425907595
pythia-160m,very_high,draw_3,7,4,0.006754938128279215
pythia-160m,very_high,draw_3,7,5,0.01922493885865956
pythia-160m,very_high,draw_3,7,6,0.007120974174427796
pythia-160m,very_high,draw_3,7,7,0.009711455070117324
pythia-160m,very_high,draw_3,7,8,0.0035795766247146334
pythia-160m,very_high,draw_3,7,9,0.011409410696459017
pythia-160m,very_high,draw_3,7,10,0.000957032965152527
pythia-160m,very_high,draw_3,7,11,0.00498809995327389
pythia-160m,very_high,draw_3,8,0,0.017675635958964885
pythia-160m,very_high,draw_3,8,1,0.027950559416658145
pythia-160m,very_high,draw_3,8,2,0.023965118388364282
pythia-160m,very_high,draw_3,8,3,0.02287445037823475
pythia-160m,very_high,draw_3,8,4,0.05298191490342815
pythia-160m,very_high,draw_3,8,5,0.023755388852381928
pythia-160m,very_high,draw_3,8,6,0.0008842051225081583
pythia-160m,very_high,draw_3,8,7,0.02532670912390106
pythia-160m,very_high,draw_3,8,8,0.02376942365969943
pythia-160m,very_high,draw_3,8,9,0.007293004587260489
pythia-160m,very_high,draw_3,8,10,0.013425735845092232
pythia-160m,very_high,draw_3,8,11,0.018490597500936977
pythia-160m,very_high,draw_3,9,0,0.014295807926296141
pythia-160m,very_high,draw_3,9,1,0.023921367666357572
pythia-160m,very_high,draw_3,9,2,0.03927177458479595
pythia-160m,very_high,draw_3,9,3,0.0350929359027822
pythia-160m,very_high,draw_3,9,4,0.03512444315647978
pythia-160m,very_high,draw_3,9,5,0.016609274251135283
pythia-160m,very_high,draw_3,9,6,0.028672926297845104
pythia-160m,very_high,draw_3,9,7,0.03310356043207651
pythia-160m,very_high,draw_3,9,8,0.027608749639739777
pythia-160m,very_high,draw_3,9,9,0.032878293055376887
pythia-160m,very_high,draw_3,9,10,0.006362429321284008
pythia-160m,very_high,draw_3,9,11,0.003017782390341225
pythia-160m,very_high,draw_3,10,0,0.055169092464961475
pythia-160m,very_high,draw_3,10,1,0.05286436924554354
pythia-160m,very_high,draw_3,10,2,0.03264368559890148
pythia-160m,very_high,draw_3,10,3,0.02108803015882961
pythia-160m,very_high,draw_3,10,4,0.04078349918661574
pythia-160m,very_high,draw_3,10,5,0.013411212640351276
pythia-160m,very_high,draw_3,10,6,0.04030259417053563
pythia-160m,very_high,draw_3,10,7,0.032741356184333416
pythia-160m,very_high,draw_3,10,8,0.03385454912764359
pythia-160m,very_high,draw_3,10,9,0.025982393420606084
pythia-160m,very_high,draw_3,10,10,0.04820528713753032
pythia-160m,very_high,draw_3,10,11,0.04883241634584758
pythia-160m,very_high,draw_3,11,0,0.044923761576967314
pythia-160m,very_high,draw_3,11,1,0.06704836928009952
pythia-160m,very_high,draw_3,11,2,0.03178431217349887
pythia-160m,very_high,draw_3,11,3,0.004759980830115721
pythia-160m,very_high,draw_3,11,4,0.0380836846834643
pythia-160m,very_high,draw_3,11,5,0.08777456568055303
pythia-160m,very_high,draw_3,11,6,0.033101409899603175
pythia-160m,very_high,draw_3,11,7,0.03186504102958642
pythia-160m,very_high,draw_3,11,8,0.03260584365576175
pythia-160m,very_high,draw_3,11,9,0.04810375059159404
pythia-160m,very_high,draw_3,11,10,0.03198828534256572
pythia-160m,very_high,draw_3,11,11,0.04716807872846272
pythia-160m,control,draw_1,0,0,0.0
pythia-160m,control,draw_1,0,1,0.0
pythia-160m,control,draw_1,0,2,0.0
pythia-160m,control,draw_1,0,3,0.0
pythia-160m,control,draw_1,0,4,0.0
pythia-160m,control,draw_1,0,5,0.0
pythia-160m,control,draw_1,0,6,0.0
pythia-160m,control,draw_1,0,7,0.0
pythia-160m,control,draw_1,0,8,0.0
pythia-160m,control,draw_1,0,9,0.0
pythia-160m,control,draw_1,0,10,0.0
pythia-160m,control,draw_1,0,11,0.0
pythia-160m,control,draw_1,1,0,0.0032492919766252916
pythia-160m,control,draw_1,1,1,0.0025869020112182844
pythia-160m,control,draw_1,1,2,0.0032619788371683416
pythia-160m,control,draw_1,1,3,0.006468930285413221
pythia-160m,control,draw_1,1,4,0.004317408236118332
pythia-160m,control,draw_1,1,5,0.006416527748172474
pythia-160m,control,draw_1,1,6,0.0022221716660946805
pythia-160m,control,draw_1,1,7,0.0026472033886709326
pythia-160m,control,draw_1,1,8,0.006291403849216525
pythia-160m,control,draw_1,1,9,0.001723025586219653
pythia-160m,control,draw_1,1,10,0.0030949968600734452
pythia-160m,control,draw_1,1,11,0.0019328980490820773
pythia-160m,control,draw_1,2,0,0.0053463332617023195
pythia-160m,control,draw_1,2,1,0.006451874520890653
pythia-160m,control,draw_1,2,2,0.008983860700855639
pythia-160m,control,draw_1,2,3,0.007575134448144666
pythia-160m,control,draw_1,2,4,0.005607503773301461
pythia-160m,control,draw_1,2,5,0.005265639309870748
pythia-160m,control,draw_1,2,6,0.004002277403483923
pythia-160m,control,draw_1,2,7,0.00452401384215434
pythia-160m,control,draw_1,2,8,0.0032869322995992306
pythia-160m,control,draw_1,2,9,0.005437360879951714
pythia-160m,control,draw_1,2,10,0.010202582024959172
pythia-160m,control,draw_1,2,11,0.014450927193533655
pythia-160m,control,draw_1,3,0,0.0020644762648229145
pythia-160m,control,draw_1,3,1,0.0014123990678818479
pythia-160m,control,draw_1,3,2,0.0009052976668817948
pythia-160m,control,draw_1,3,3,0.01357382286647135
pythia-160m,control,draw_1,3,4,0.003029609416872251
pythia-160m,control,draw_1,3,5,0.005520892361062588
pythia-160m,control,draw_1,3,6,0.004111404899596149
pythia-160m,control,draw_1,3,7,0.003634739961794899
pythia-160m,control,draw_1,3,8,0.002235295419583739
pythia-160m,control,draw_1,3,9,0.002553534529010416
pythia-160m,control,draw_1,3,10,0.0031469287232971732
pythia-160m,control,draw_1,3,11,0.0028984884665839523
pythia-160m,control,draw_1,4,0,0.00441741531582708
pythia-160m,control,draw_1,4,1,0.005730392091210072
pythia-160m,control,draw_1,4,2,0.0034638280900604417
pythia-160m,control,draw_1,4,3,0.0035820602730950776
pythia-160m,control,draw_1,4,4,0.00412258262188447
pythia-160m,control,draw_1,4,5,0.004943303089997023
pythia-160m,control,draw_1,4,6,0.008167423191560729
pythia-160m,control,draw_1,4,7,0.002387965448871981
pythia-160m,control,draw_1,4,8,0.004581848829249768
pythia-160m,control,draw_1,4,9,0.006658745847337369
pythia-160m,control,draw_1,4,10,0.016765648730019914
pythia-160m,control,draw_1,4,11,0.006486323442973596
pythia-160m,control,draw_1,5,0,0.0054655323850045226
pythia-160m,control,draw_1,5,1,0.003174142753154954
pythia-160m,control,draw_1,5,2,0.010322166908634824
pythia-160m,control,draw_1,5,3,0.004456950978484865
pythia-160m,control,draw_1,5,4,0.00474254921450739
pythia-160m,control,draw_1,5,5,0.00457423003908543
pythia-160m,control,draw_1,5,6,0.00915169964020489
pythia-160m,control,draw_1,5,7,0.009288251262104294
pythia-160m,control,draw_1,5,8,0.0067277720985912046
pythia-160m,control,draw_1,5,9,0.004678225811257596
pythia-160m,control,draw_1,5,10,0.0072414238535754225
pythia-160m,control,draw_1,5,11,0.003991444095426366
pythia-160m,control,draw_1,6,0,0.013411998197806639
pythia-160m,control,draw_1,6,1,0.008491253056183168
pythia-160m,control,draw_1,6,2,0.01228488888472345
pythia-160m,control,draw_1,6,3,0.014803707233778027
pythia-160m,control,draw_1,6,4,0.0059222256688662295
pythia-160m,control,draw_1,6,5,0.0035312724909234965
pythia-160m,control,draw_1,6,6,0.006933659062951025
pythia-160m,control,draw_1,6,7,0.006343087973368669
pythia-160m,control,draw_1,6,8,0.0034188627027671756
pythia-160m,control,draw_1,6,9,0.013777774007496406
pythia-160m,control,draw_1,6,10,0.010631820653647059
pythia-160m,control,draw_1,6,11,0.00877927195107356
pythia-160m,control,draw_1,7,0,0.010860758657263051
pythia-160m,control,draw_1,7,1,0.008439661869802585
pythia-160m,control,draw_1,7,2,0.009715715664464787
pythia-160m,control,draw_1,7,3,0.01279304896577045
pythia-160m,control,draw_1,7,4,0.009738003888830137
pythia-160m,control,draw_1,7,5,0.012083359332834285
pythia-160m,control,draw_1,7,6,0.014080741594440904
pythia-160m,control,draw_1,7,7,0.00850773194407805
pythia-160m,control,draw_1,7,8,0.006349546123651331
pythia-160m,control,draw_1,7,9,0.01546724080676312
pythia-160m,control,draw_1,7,10,0.001748563354528998
pythia-160m,control,draw_1,7,11,0.00961134986602698
pythia-160m,control,draw_1,8,0,0.01533438885004944
pythia-160m,control,draw_1,8,1,0.026733361422717802
pythia-160m,control,draw_1,8,2,0.032293841906572356
pythia-160m,control,draw_1,8,3,0.026027786509609394
pythia-160m,control,draw_1,8,4,0.06812310258821573
pythia-160m,control,draw_1,8,5,0.02002260864842242
pythia-160m,control,draw_1,8,6,0.0011685585084463682
pythia-160m,control,draw_1,8,7,0.027930812212832976
pythia-160m,control,draw_1,8,8,0.02882940744697965
pythia-160m,control,draw_1,8,9,0.012920614465111828
pythia-160m,control,draw_1,8,10,0.01214903045975016
pythia-160m,control,draw_1,8,11,0.023135290735709413
pythia-160m,control,draw_1,9,0,0.010014872876260418
pythia-160m,control,draw_1,9,1,0.02533421301876415
pythia-160m,control,draw_1,9,2,0.03968664076393128
pythia-160m,control,draw_1,9,3,0.031106593729773528
pythia-160m,control,draw_1,9,4,0.02683539724222607
pythia-160m,control,draw_1,9,5,0.023402978388013435
pythia-160m,control,draw_1,9,6,0.01942582586207772
pythia-160m,control,draw_1,9,7,0.02691970209337677
pythia-160m,control,draw_1,9,8,0.026060019423653404
pythia-160m,control,draw_1,9,9,0.04188539265283138
pythia-160m,control,draw_1,9,10,0.007566597708512936
pythia-160m,control,draw_1,9,11,0.0047247210526410585
pythia-160m,control,draw_1,10,0,0.04796347377071683
pythia-160m,control,draw_1,10,1,0.050096726176531214
pythia-160m,control,draw_1,10,2,0.03080774829565862
pythia-160m,control,draw_1,10,3,0.007018311607570955
pythia-160m,control,draw_1,10,4,0.025245523553226238
pythia-160m,control,draw_1,10,5,0.014336953906686042
pythia-160m,control,draw_1,10,6,0.028316100810373467
pythia-160m,control,draw_1,10,7,0.01432267294029739
pythia-160m,control,draw_1,10,8,0.018895765501586972
pythia-160m,control,draw_1,10,9,0.02066464711526891
pythia-160m,control,draw_1,10,10,0.030481510783685446
pythia-160m,control,draw_1,10,11,0.0388485832832546
pythia-160m,control,draw_1,11,0,0.012198464248440267
pythia-160m,control,draw_1,11,1,0.03797540765249074
pythia-160m,control,draw_1,11,2,0.016341627024915338
pythia-160m,control,draw_1,11,3,0.015262332504825298
pythia-160m,control,draw_1,11,4,0.0320225383960843
pythia-160m,control,draw_1,11,5,0.05455372618713652
pythia-160m,control,draw_1,11,6,0.04107565970711665
pythia-160m,control,draw_1,11,7,0.03924316707172978
pythia-160m,control,draw_1,11,8,0.02492267115585844
pythia-160m,control,draw_1,11,9,0.03291516393262342
pythia-160m,control,draw_1,11,10,0.050352438700075754
pythia-160m,control,draw_1,11,11,0.019345177985607108
pythia-160m,control,draw_2,0,0,0.0
pythia-160m,control,draw_2,0,1,0.0
pythia-160m,control,draw_2,0,2,0.0
pythia-160m,control,draw_2,0,3,0.0
pythia-160m,control,draw_2,0,4,0.0
pythia-160m,control,draw_2,0,5,0.0
pythia-160m,control,draw_2,0,6,0.0
pythia-160m,control,draw_2,0,7,0.0
pythia-160m,control,draw_2,0,8,0.0
pythia-160m,control,draw_2,0,9,0.0
pythia-160m,control,draw_2,0,10,0.0
pythia-160m,control,draw_2,0,11,0.0
pythia-160m,control,draw_2,1,0,
pythia-160m,control,draw_2,1,1,0.0001486569953405443
pythia-160m,control,draw_2,1,2,
pythia-160m,control,draw_2,1,3,0.0003982158437610446
pythia-160m,control,draw_2,1,4,0.00043592097277411453
pythia-160m,control,draw_2,1,5,0.0006029605394109222
pythia-160m,control,draw_2,1,6,0.00023889874743425257
pythia-160m,control,draw_2,1,7,0.00017981123963945278
pythia-160m,control,draw_2,1,8,0.0003568679364973261
pythia-160m,control,draw_2,1,9,0.00020099803332397151
pythia-160m,control,draw_2,1,10,0.0002704654661103676
pythia-160m,control,draw_2,1,11,4.3373837628428756e-05
pythia-160m,control,draw_2,2,0,0.0021476372940868534
pythia-160m,control,draw_2,2,1,0.0021849675532507077
pythia-160m,control,draw_2,2,2,0.006188911046503465
pythia-160m,control,draw_2,2,3,0.005640971247449145
pythia-160m,control,draw_2,2,4,0.001855770826846827
pythia-160m,control,draw_2,2,5,0.001951178963315869
pythia-160m,control,draw_2,2,6,0.002945939326494148
pythia-160m,control,draw_2,2,7,0.0024301927058922247
pythia-160m,control,draw_2,2,8,0.0018358327196535845
pythia-160m,control,draw_2,2,9,0.002505292082882454
pythia-160m,control,draw_2,2,10,0.004562113189671173
pythia-160m,control,draw_2,2,11,0.00748343660329201
pythia-160m,control,draw_2,3,0,0.001276376841500569
pythia-160m,control,draw_2,3,1,0.0033591609847850477
pythia-160m,control,draw_2,3,2,0.001366983604979903
pythia-160m,control,draw_2,3,3,0.004856227984188257
pythia-160m,control,draw_2,3,4,0.001468831832361237
pythia-160m,control,draw_2,3,5,0.003709647462629356
pythia-160m,control,draw_2,3,6,0.0020555714877479583
pythia-160m,control,draw_2,3,7,0.0027523087034232846
pythia-160m,control,draw_2,3,8,0.0014958891618211698
pythia-160m,control,draw_2,3,9,0.003649443339188809
pythia-160m,control,draw_2,3,10,0.0021078377175647433
pythia-160m,control,draw_2,3,11,0.0032633893455295934
pythia-160m,control,draw_2,4,0,0.004675356214608473
pythia-160m,control,draw_2,4,1,0.0025501258353643913
pythia-160m,control,draw_2,4,2,0.005227265618589434
pythia-160m,control,draw_2,4,3,0.00470749408080778
pythia-160m,control,draw_2,4,4,0.006804855391690006
pythia-160m,control,draw_2,4,5,0.007166739073786562
pythia-160m,control,draw_2,4,6,0.004076465666230902
pythia-160m,control,draw_2,4,7,0.0031567881809606946
pythia-160m,control,draw_2,4,8,0.004661856999281377
pythia-160m,control,draw_2,4,9,0.004763539727201341
pythia-160m,control,draw_2,4,10,0.00901808068935629
pythia-160m,control,draw_2,4,11,0.0021586813669223653
pythia-160m,control,draw_2,5,0,0.003339754384536478
pythia-160m,control,draw_2,5,1,0.0027925212479095324
pythia-160m,control,draw_2,5,2,0.009483065796919321
pythia-160m,control,draw_2,5,3,0.005179518208669774
pythia-160m,control,draw_2,5,4,0.0037048763260157905
pythia-160m,control,draw_2,5,5,0.010620187753684085
pythia-160m,control,draw_2,5,6,0.008694445756319143
pythia-160m,control,draw_2,5,7,0.007494419139948879
pythia-160m,control,draw_2,5,8,0.008050153750647295
pythia-160m,control,draw_2,5,9,0.005925027408511623
pythia-160m,control,draw_2,5,10,0.005082610646826605
pythia-160m,control,draw_2,5,11,0.0043199126494976
pythia-160m,control,draw_2,6,0,0.009712129339265052
pythia-160m,control,draw_2,6,1,0.010513701521420478
pythia-160m,control,draw_2,6,2,0.010196068542042438
pythia-160m,control,draw_2,6,3,0.014621503227506884
pythia-160m,control,draw_2,6,4,0.010199274975264844
pythia-160m,control,draw_2,6,5,0.0048509391954020065
pythia-160m,control,draw_2,6,6,0.009362585197242212
pythia-160m,control,draw_2,6,7,0.005670483008517591
pythia-160m,control,draw_2,6,8,0.004580229978341804
pythia-160m,control,draw_2,6,9,0.013042235170455267
pythia-160m,control,draw_2,6,10,0.009004078773409621
pythia-160m,control,draw_2,6,11,0.009012714554194392
pythia-160m,control,draw_2,7,0,0.00838267811244644
pythia-160m,control,draw_2,7,1,0.009290149126821396
pythia-160m,control,draw_2,7,2,0.009869883235122473
pythia-160m,control,draw_2,7,3,0.008396749202010792
pythia-160m,control,draw_2,7,4,0.00857440086944699
pythia-160m,control,draw_2,7,5,0.016188068661357732
pythia-160m,control,draw_2,7,6,0.02148898573731144
pythia-160m,control,draw_2,7,7,0.006789956464790398
pythia-160m,control,draw_2,7,8,0.004469393640931363
pythia-160m,control,draw_2,7,9,0.019634465093531575
pythia-160m,control,draw_2,7,10,0.01271167031399015
pythia-160m,control,draw_2,7,11,0.008909691569949887
pythia-160m,control,draw_2,8,0,0.016759836729321395
pythia-160m,control,draw_2,8,1,0.041381433648148586
pythia-160m,control,draw_2,8,2,0.017260334544244495
pythia-160m,control,draw_2,8,3,0.04741831168278491
pythia-160m,control,draw_2,8,4,0.06493022650379185
pythia-160m,control,draw_2,8,5,0.018229197355937102
pythia-160m,control,draw_2,8,6,0.0010408372172949973
pythia-160m,control,draw_2,8,7,0.030684214548669896
pythia-160m,control,draw_2,8,8,0.029898916763853273
pythia-160m,control,draw_2,8,9,0.007973764889166938
pythia-160m,control,draw_2,8,10,0.006826664817458675
pythia-160m,control,draw_2,8,11,0.02360741421917245
pythia-160m,control,draw_2,9,0,0.01972904927329111
pythia-160m,control,draw_2,9,1,0.029726574696627307
pythia-160m,control,draw_2,9,2,0.02088952882898419
pythia-160m,control,draw_2,9,3,0.0293125200221338
pythia-160m,control,draw_2,9,4,0.03253222495568484
pythia-160m,control,draw_2,9,5,0.033956528084938195
pythia-160m,control,draw_2,9,6,0.032178027639369555
pythia-160m,control,draw_2,9,7,0.030429276509808808
pythia-160m,control,draw_2,9,8,0.02141264569756426
pythia-160m,control,draw_2,9,9,0.024591816871476786
pythia-160m,control,draw_2,9,10,0.0060081188261737325
pythia-160m,control,draw_2,9,11,0.006833256627947059
pythia-160m,control,draw_2,10,0,0.03942612294068198
pythia-160m,control,draw_2,10,1,0.05778690573837301
pythia-160m,control,draw_2,10,2,0.03722930182868668
pythia-160m,control,draw_2,10,3,0.01659185637709808
pythia-160m,control,draw_2,10,4,0.05467409156864216
pythia-160m,control,draw_2,10,5,0.01140911606811141
pythia-160m,control,draw_2,10,6,0.05259443630188913
pythia-160m,control,draw_2,10,7,0.02311802726733816
pythia-160m,control,draw_2,10,8,0.023336312543618905
pythia-160m,control,draw_2,10,9,0.015094201302099769
pythia-160m,control,draw_2,10,10,0.03181974885803343
pythia-160m,control,draw_2,10,11,0.03926074268546113
pythia-160m,control,draw_2,11,0,0.009344149034808182
pythia-160m,control,draw_2,11,1,0.05783523301096535
pythia-160m,control,draw_2,11,2,0.026205518701771457
pythia-160m,control,draw_2,11,3,0.021234379981000372
pythia-160m,control,draw_2,11,4,0.025799973915241352
pythia-160m,control,draw_2,11,5,0.040784516792885375
pythia-160m,control,draw_2,11,6,0.03453505585160433
pythia-160m,control,draw_2,11,7,0.04225119841656355
pythia-160m,control,draw_2,11,8,0.029376549464307535
pythia-160m,control,draw_2,11,9,0.028108644365714485
pythia-160m,control,draw_2,11,10,0.04026668672379404
pythia-160m,control,draw_2,11,11,0.025149125358634714
pythia-160m,control,draw_3,0,0,0.0
pythia-160m,control,draw_3,0,1,0.0
pythia-160m,control,draw_3,0,2,0.0
pythia-160m,control,draw_3,0,3,0.0
pythia-160m,control,draw_3,0,4,0.0
pythia-160m,control,draw_3,0,5,0.0
pythia-160m,control,draw_3,0,6,0.0
pythia-160m,control,draw_3,0,7,0.0
pythia-160m,control,draw_3,0,8,0.0
pythia-160m,control,draw_3,0,9,0.0
pythia-160m,control,draw_3,0,10,0.0
pythia-160m,control,draw_3,0,11,0.0
pythia-160m,control,draw_3,1,0,0.003259510932009824
pythia-160m,control,draw_3,1,1,0.0020567091631993753
pythia-160m,control,draw_3,1,2,0.0026448702200523185
pythia-160m,control,draw_3,1,3,0.0077229712023594065
pythia-160m,control,draw_3,1,4,0.004085930325754142
pythia-160m,control,draw_3,1,5,0.008067849789348729
pythia-160m,control,draw_3,1,6,0.001528132681556714
pythia-160m,control,draw_3,1,7,0.0028656001035143493
pythia-160m,control,draw_3,1,8,0.007033573534956697
pythia-160m,control,draw_3,1,9,0.0019709575814764275
pythia-160m,control,draw_3,1,10,0.002495635039802367
pythia-160m,control,draw_3,1,11,0.0018272708499986363
pythia-160m,control,draw_3,2,0,0.006721287928708121
pythia-160m,control,draw_3,2,1,0.0072526976280023175
pythia-160m,control,draw_3,2,2,0.01181148799104012
pythia-160m,control,draw_3,2,3,0.010747523499725683
pythia-160m,control,draw_3,2,4,0.007613405639871208
pythia-160m,control,draw_3,2,5,0.006328632200483732
pythia-160m,control,draw_3,2,6,0.004884373892047534
pythia-160m,control,draw_3,2,7,0.0067781223772604695
pythia-160m,control,draw_3,2,8,0.00300800429698728
pythia-160m,control,draw_3,2,9,0.005711069387329835
pythia-160m,control,draw_3,2,10,0.010309716741118772
pythia-160m,control,draw_3,2,11,0.01667231321920838
pythia-160m,control,draw_3,3,0,0.0034033000759360484
pythia-160m,control,draw_3,3,1,0.004246126486258137
pythia-160m,control,draw_3,3,2,0.0008988788959720582
pythia-160m,control,draw_3,3,3,0.019986788793313694
pythia-160m,control,draw_3,3,4,0.0025402618748265804
pythia-160m,control,draw_3,3,5,0.007924817124772434
pythia-160m,control,draw_3,3,6,0.005045101905828924
pythia-160m,control,draw_3,3,7,0.004995070410161706
pythia-160m,control,draw_3,3,8,0.0030986855391880314
pythia-160m,control,draw_3,3,9,0.0055922733317751196
pythia-160m,control,draw_3,3,10,0.004302410331711005
pythia-160m,control,draw_3,3,11,0.006266226370932492
pythia-160m,control,draw_3,4,0,0.008365056182963872
pythia-160m,control,draw_3,4,1,0.009638418266279949
pythia-160m,control,draw_3,4,2,0.005986786666486992
pythia-160m,control,draw_3,4,3,0.012042587824243457
pythia-160m,control,draw_3,4,4,0.007294265773100813
pythia-160m,control,draw_3,4,5,0.008337251053047641
pythia-160m,control,draw_3,4,6,0.008173173837783657
pythia-160m,control,draw_3,4,7,0.006487888359596766
pythia-160m,control,draw_3,4,8,0.007397582024426775
pythia-160m,control,draw_3,4,9,0.007116561850699169
pythia-160m,control,draw_3,4,10,0.015315809046667227
pythia-160m,control,draw_3,4,11,0.01230721017356274
pythia-160m,control,draw_3,5,0,0.014390265775472474
pythia-160m,control,draw_3,5,1,0.00668077549941121
pythia-160m,control,draw_3,5,2,0.011804333984883841
pythia-160m,control,draw_3,5,3,0.007775300092728257
pythia-160m,control,draw_3,5,4,0.004490133650472593
pythia-160m,control,draw_3,5,5,0.008350435050216347
pythia-160m,control,draw_3,5,6,0.020237418771072553
pythia-160m,control,draw_3,5,7,0.016926686537505675
pythia-160m,control,draw_3,5,8,0.00751111590961674
pythia-160m,control,draw_3,5,9,0.00940641693479188
pythia-160m,control,draw_3,5,10,0.01018983615874998
pythia-160m,control,draw_3,5,11,0.006744187339206096
pythia-160m,control,draw_3,6,0,0.007331609970177869
pythia-160m,control,draw_3,6,1,0.006055475960430567
pythia-160m,control,draw_3,6,2,0.02235659042157671
pythia-160m,control,draw_3,6,3,0.006642403434580748
pythia-160m,control,draw_3,6,4,0.010126506742472315
pythia-160m,control,draw_3,6,5,0.006883240422608417
pythia-160m,control,draw_3,6,6,0.006367446237408918
pythia-160m,control,draw_3,6,7,0.006146076050093021
pythia-160m,control,draw_3,6,8,0.009520917349828729
pythia-160m,control,draw_3,6,9,0.006577632175786917
pythia-160m,control,draw_3,6,10,0.007722581155259436
pythia-160m,control,draw_3,6,11,0.007119394351482756
pythia-160m,control,draw_3,7,0,0.008839906382275635
pythia-160m,control,draw_3,7,1,0.014422562199964429
pythia-160m,control,draw_3,7,2,0.007033615947730415
pythia-160m,control,draw_3,7,3,0.005946996197094125
pythia-160m,control,draw_3,7,4,0.01637869490685681
pythia-160m,control,draw_3,7,5,0.013060437696554498
pythia-160m,control,draw_3,7,6,0.008741714842310988
pythia-160m,control,draw_3,7,7,0.006302683989091746
pythia-160m,control,draw_3,7,8,0.005579023116602068
pythia-160m,control,draw_3,7,9,0.009542708247991966
pythia-160m,control,draw_3,7,10,0.0034557662349273314
pythia-160m,control,draw_3,7,11,0.004091993235585709
pythia-160m,control,draw_3,8,0,0.010188069111855099
pythia-160m,control,draw_3,8,1,0.02126911408783303
pythia-160m,control,draw_3,8,2,0.024221312671869593
pythia-160m,control,draw_3,8,3,0.02063667168730121
pythia-160m,control,draw_3,8,4,0.0435413081848428
pythia-160m,control,draw_3,8,5,0.016552643543601846
pythia-160m,control,draw_3,8,6,0.002057243503011362
pythia-160m,control,draw_3,8,7,0.014739986285412498
pythia-160m,control,draw_3,8,8,0.0188772112492745
pythia-160m,control,draw_3,8,9,0.01291153478043591
pythia-160m,control,draw_3,8,10,0.00955076179131864
pythia-160m,control,draw_3,8,11,0.02102809646078776
pythia-160m,control,draw_3,9,0,0.016683061141857528
pythia-160m,control,draw_3,9,1,0.007029475875720673
pythia-160m,control,draw_3,9,2,0.037950688248757206
pythia-160m,control,draw_3,9,3,0.021292891125300462
pythia-160m,control,draw_3,9,4,0.022237968051382742
pythia-160m,control,draw_3,9,5,0.017329861929778943
pythia-160m,control,draw_3,9,6,0.03402088946820903
pythia-160m,control,draw_3,9,7,0.027923866437306842
pythia-160m,control,draw_3,9,8,0.023785768985217136
pythia-160m,control,draw_3,9,9,0.03886366245923663
pythia-160m,control,draw_3,9,10,0.0074956173159121935
pythia-160m,control,draw_3,9,11,0.005670890707900348
pythia-160m,control,draw_3,10,0,0.026898566257081112
pythia-160m,control,draw_3,10,1,0.028773998242605014
pythia-160m,control,draw_3,10,2,0.03147156963766523
pythia-160m,control,draw_3,10,3,0.01819330109864882
pythia-160m,control,draw_3,10,4,0.036579785891625395
pythia-160m,control,draw_3,10,5,0.010585480419281703
pythia-160m,control,draw_3,10,6,0.024434579334613363
pythia-160m,control,draw_3,10,7,0.024934822294892054
pythia-160m,control,draw_3,10,8,0.021106286650290622
pythia-160m,control,draw_3,10,9,0.020703739368571818
pythia-160m,control,draw_3,10,10,0.023663681141805188
pythia-160m,control,draw_3,10,11,0.022811179006473146
pythia-160m,control,draw_3,11,0,0.014229865968991836
pythia-160m,control,draw_3,11,1,0.046743172805260906
pythia-160m,control,draw_3,11,2,0.04454357035343624
pythia-160m,control,draw_3,11,3,0.024026500595789757
pythia-160m,control,draw_3,11,4,0.02243656022501556
pythia-160m,control,draw_3,11,5,0.03404179243013128
pythia-160m,control,draw_3,11,6,0.01921238411822945
pythia-160m,control,draw_3,11,7,0.028840118471351317
pythia-160m,control,draw_3,11,8,0.027075605458144792
pythia-160m,control,draw_3,11,9,0.045672713864192374
pythia-160m,control,draw_3,11,10,0.024830341261276062
pythia-160m,control,draw_3,11,11,0.035721692087375766
pythia-410m,low,draw_1,0,0,0.0
pythia-410m,low,draw_1,0,1,0.0
pythia-410m,low,draw_1,0,2,0.0
pythia-410m,low,draw_1,0,3,0.0
pythia-410m,low,draw_1,0,4,0.0
pythia-410m,low,draw_1,0,5,0.0
pythia-410m,low,draw_1,0,6,0.0
pythia-410m,low,draw_1,0,7,0.0
pythia-410m,low,draw_1,0,8,0.0
pythia-410m,low,draw_1,0,9,0.0
pythia-410m,low,draw_1,0,10,0.0
pythia-410m,low,draw_1,0,11,0.0
pythia-410m,low,draw_1,0,12,0.0
pythia-410m,low,draw_1,0,13,0.0
pythia-410m,low,draw_1,0,14,0.0
pythia-410m,low,draw_1,0,15,0.0
pythia-410m,low,draw_1,1,0,0.003612185465898029
pythia-410m,low,draw_1,1,1,0.005017421878491989
pythia-410m,low,draw_1,1,2,0.006560676014689055
pythia-410m,low,draw_1,1,3,0.004174568771924432
pythia-410m,low,draw_1,1,4,0.0031977210366450942
pythia-410m,low,draw_1,1,5,0.0060181126389652366
pythia-410m,low,draw_1,1,6,0.004706339367296487
pythia-410m,low,draw_1,1,7,0.0055400818313415005
pythia-410m,low,draw_1,1,8,0.018314820426686376
pythia-410m,low,draw_1,1,9,0.0024085954431077162
pythia-410m,low,draw_1,1,10,0.01425539250934898
pythia-410m,low,draw_1,1,11,0.004431105447946618
pythia-410m,low,draw_1,1,12,0.01130102374884392
pythia-410m,low,draw_1,1,13,0.004073544797057613
pythia-410m,low,draw_1,1,14,0.003659298930988008
pythia-410m,low,draw_1,1,15,0.0031878067257915064
pythia-410m,low,draw_1,2,0,0.012800316575032406
pythia-410m,low,draw_1,2,1,0.007491039819693751
pythia-410m,low,draw_1,2,2,0.0064216032407398965
pythia-410m,low,draw_1,2,3,0.007738713040718228
pythia-410m,low,draw_1,2,4,0.010665429668680445
pythia-410m,low,draw_1,2,5,0.010855397887202816
pythia-410m,low,draw_1,2,6,0.010890226456298462
pythia-410m,low,draw_1,2,7,0.0033982337282190494
pythia-410m,low,draw_1,2,8,0.019386938535423313
pythia-410m,low,draw_1,2,9,0.010868693100043812
pythia-410m,low,draw_1,2,10,0.007308717058641125
pythia-410m,low,draw_1,2,11,0.0059463073448972024
pythia-410m,low,draw_1,2,12,0.006303053970511766
pythia-410m,low,draw_1,2,13,0.0030108910371311366
pythia-410m,low,draw_1,2,14,0.007755004645268345
pythia-410m,low,draw_1,2,15,0.004056183944033507
pythia-410m,low,draw_1,3,0,0.005424606815784461
pythia-410m,low,draw_1,3,1,0.0034305222767307244
pythia-410m,low,draw_1,3,2,0.006555794486003313
pythia-410m,low,draw_1,3,3,0.004852054997876402
pythia-410m,low,draw_1,3,4,0.004044046914731872
pythia-410m,low,draw_1,3,5,0.009680046679584733
pythia-410m,low,draw_1,3,6,0.00744710198639559
pythia-410m,low,draw_1,3,7,0.011531218431463165
pythia-410m,low,draw_1,3,8,0.004532752928511674
pythia-410m,low,draw_1,3,9,0.007635678564387896
pythia-410m,low,draw_1,3,10,0.002931313758731881
pythia-410m,low,draw_1,3,11,0.009118090462895734
pythia-410m,low,draw_1,3,12,0.0020793319592856438
pythia-410m,low,draw_1,3,13,0.009518518964223534
pythia-410m,low,draw_1,3,14,0.013797890259389255
pythia-410m,low,draw_1,3,15,0.003555312177113499
pythia-410m,low,draw_1,4,0,0.015491699296181369
pythia-410m,low,draw_1,4,1,0.011529388446919184
pythia-410m,low,draw_1,4,2,0.018529515696978888
pythia-410m,low,draw_1,4,3,0.018888494985977132
pythia-410m,low,draw_1,4,4,0.027436518403511245
pythia-410m,low,draw_1,4,5,0.03045366843195229
pythia-410m,low,draw_1,4,6,0.018229361799875998
pythia-410m,low,draw_1,4,7,0.010405443927204137
pythia-410m,low,draw_1,4,8,0.010614525210670963
pythia-410m,low,draw_1,4,9,0.004399072102456744
pythia-410m,low,draw_1,4,10,0.00936345554379764
pythia-410m,low,draw_1,4,11,0.006086703032885933
pythia-410m,low,draw_1,4,12,0.010804459129307333
pythia-410m,low,draw_1,4,13,0.004463119180135754
pythia-410m,low,draw_1,4,14,0.004780946553642667
pythia-410m,low,draw_1,4,15,0.01574045974015347
pythia-410m,low,draw_1,5,0,0.009179680398167238
pythia-410m,low,draw_1,5,1,0.011463078325547946
pythia-410m,low,draw_1,5,2,0.0017578884942793848
pythia-410m,low,draw_1,5,3,0.017875337617943562
pythia-410m,low,draw_1,5,4,0.014037345783790081
pythia-410m,low,draw_1,5,5,0.0076847812557221465
pythia-410m,low,draw_1,5,6,0.005992339392468963
pythia-410m,low,draw_1,5,7,0.004068515469330616
pythia-410m,low,draw_1,5,8,0.02727094392077728
pythia-410m,low,draw_1,5,9,0.0039000741745957115
pythia-410m,low,draw_1,5,10,0.007553751753664121
pythia-410m,low,draw_1,5,11,0.01746005899344286
pythia-410m,low,draw_1,5,12,0.021790966554268324
pythia-410m,low,draw_1,5,13,0.014068086329157486
pythia-410m,low,draw_1,5,14,0.0116542915990238
pythia-410m,low,draw_1,5,15,0.013130316548047812
pythia-410m,low,draw_1,6,0,0.015943906793001908
pythia-410m,low,draw_1,6,1,0.034028358607243944
pythia-410m,low,draw_1,6,2,0.021118122718197258
pythia-410m,low,draw_1,6,3,0.019517038062250917
pythia-410m,low,draw_1,6,4,0.020755126654367698
pythia-410m,low,draw_1,6,5,0.012969019237848847
pythia-410m,low,draw_1,6,6,0.018191463749999262
pythia-410m,low,draw_1,6,7,0.010832587704670745
pythia-410m,low,draw_1,6,8,0.004038526869597651
pythia-410m,low,draw_1,6,9,0.011002454577977173
pythia-410m,low,draw_1,6,10,0.014797642901393274
pythia-410m,low,draw_1,6,11,0.013994512623749402
pythia-410m,low,draw_1,6,12,0.016854035348600683
pythia-410m,low,draw_1,6,13,0.013499902644567985
pythia-410m,low,draw_1,6,14,0.018398785964941974
pythia-410m,low,draw_1,6,15,0.02686865006257106
pythia-410m,low,draw_1,7,0,0.013824833408131489
pythia-410m,low,draw_1,7,1,0.015052538259081741
pythia-410m,low,draw_1,7,2,0.01569036134664722
pythia-410m,low,draw_1,7,3,0.024204327197674846
pythia-410m,low,draw_1,7,4,0.017236673186849318
pythia-410m,low,draw_1,7,5,0.012783218446435336
pythia-410m,low,draw_1,7,6,0.01622491874207007
pythia-410m,low,draw_1,7,7,0.01855083318882987
pythia-410m,low,draw_1,7,8,0.0008655885594842054
pythia-410m,low,draw_1,7,9,0.016390823309419645
pythia-410m,low,draw_1,7,10,0.015907175992212842
pythia-410m,low,draw_1,7,11,0.013218802881261888
pythia-410m,low,draw_1,7,12,0.018556908424371493
pythia-410m,low,draw_1,7,13,0.02090182321520888
pythia-410m,low,draw_1,7,14,0.02995364226845792
pythia-410m,low,draw_1,7,15,0.008495261436559414
pythia-410m,low,draw_1,8,0,0.018785465742827075
pythia-410m,low,draw_1,8,1,0.02116631932492613
pythia-410m,low,draw_1,8,2,0.010482743664332281
pythia-410m,low,draw_1,8,3,0.02681940540016779
pythia-410m,low,draw_1,8,4,0.010746170790124708
pythia-410m,low,draw_1,8,5,0.018856000350344067
pythia-410m,low,draw_1,8,6,0.012491521949779191
pythia-410m,low,draw_1,8,7,0.007067545690194177
pythia-410m,low,draw_1,8,8,0.030507085903858967
pythia-410m,low,draw_1,8,9,0.006818720944091493
pythia-410m,low,draw_1,8,10,0.030280197065705332
pythia-410m,low,draw_1,8,11,0.010671127928635383
pythia-410m,low,draw_1,8,12,0.016406015553388754
pythia-410m,low,draw_1,8,13,0.021914709027675765
pythia-410m,low,draw_1,8,14,0.021958315991136425
pythia-410m,low,draw_1,8,15,0.017258385223514507
pythia-410m,low,draw_1,9,0,0.00548660429711481
pythia-410m,low,draw_1,9,1,0.009628413784556832
pythia-410m,low,draw_1,9,2,0.006892054838442305
pythia-410m,low,draw_1,9,3,0.021978954895899135
pythia-410m,low,draw_1,9,4,0.014225182566695254
pythia-410m,low,draw_1,9,5,0.005951059780123053
pythia-410m,low,draw_1,9,6,0.009865954716631072
pythia-410m,low,draw_1,9,7,0.007674018060397318
pythia-410m,low,draw_1,9,8,0.015104536484981206
pythia-410m,low,draw_1,9,9,0.007685243280660014
pythia-410m,low,draw_1,9,10,0.010581915208251387
pythia-410m,low,draw_1,9,11,0.005343717604820941
pythia-410m,low,draw_1,9,12,0.018010193776964584
pythia-410m,low,draw_1,9,13,0.01507318916224973
pythia-410m,low,draw_1,9,14,0.013858280125063824
pythia-410m,low,draw_1,9,15,0.013258469728567838
pythia-410m,low,draw_1,10,0,0.013617571098566506
pythia-410m,low,draw_1,10,1,0.007892836341136203
pythia-410m,low,draw_1,10,2,0.011474959388426782
pythia-410m,low,draw_1,10,3,0.021562943335222167
pythia-410m,low,draw_1,10,4,0.013311216525741113
pythia-410m,low,draw_1,10,5,0.004285988084682627
pythia-410m,low,draw_1,10,6,0.024730938626641233
pythia-410m,low,draw_1,10,7,0.018236525645334914
pythia-410m,low,draw_1,10,8,0.007796293777789963
pythia-410m,low,draw_1,10,9,0.00954695117126169
pythia-410m,low,draw_1,10,10,0.012594043782986683
pythia-410m,low,draw_1,10,11,0.012132752449073716
pythia-410m,low,draw_1,10,12,0.009876272585342185
pythia-410m,low,draw_1,10,13,0.013766362454646864
pythia-410m,low,draw_1,10,14,0.006798554708253621
pythia-410m,low,draw_1,10,15,0.011094047372821703
pythia-410m,low,draw_1,11,0,0.009232617153033685
pythia-410m,low,draw_1,11,1,0.018250705367382034
pythia-410m,low,draw_1,11,2,0.009444766736118194
pythia-410m,low,draw_1,11,3,0.0055445532300833775
pythia-410m,low,draw_1,11,4,0.00850145661249212
pythia-410m,low,draw_1,11,5,0.00924508626072805
pythia-410m,low,draw_1,11,6,0.014554613364046724
pythia-410m,low,draw_1,11,7,0.0055682220132624695
pythia-410m,low,draw_1,11,8,0.004862061753633212
pythia-410m,low,draw_1,11,9,0.00741672509737764
pythia-410m,low,draw_1,11,10,0.010195897275589462
pythia-410m,low,draw_1,11,11,0.0034588664415650125
pythia-410m,low,draw_1,11,12,0.007351783697933459
pythia-410m,low,draw_1,11,13,0.012254936869352568
pythia-410m,low,draw_1,11,14,0.009983562709138217
pythia-410m,low,draw_1,11,15,0.009797378414550166
pythia-410m,low,draw_1,12,0,0.011557522971990449
pythia-410m,low,draw_1,12,1,0.00798549996285145
pythia-410m,low,draw_1,12,2,0.012670699432221506
pythia-410m,low,draw_1,12,3,0.012014533625082594
pythia-410m,low,draw_1,12,4,0.00996453399103858
pythia-410m,low,draw_1,12,5,0.015798786907446453
pythia-410m,low,draw_1,12,6,0.022771016633474486
pythia-410m,low,draw_1,12,7,0.014327677925169431
pythia-410m,low,draw_1,12,8,0.01809614462887733
pythia-410m,low,draw_1,12,9,0.009233096287754757
pythia-410m,low,draw_1,12,10,0.01241259114000526
pythia-410m,low,draw_1,12,11,0.014978585508745366
pythia-410m,low,draw_1,12,12,0.012855618077549407
pythia-410m,low,draw_1,12,13,0.01073936877874538
pythia-410m,low,draw_1,12,14,0.009416091663652561
pythia-410m,low,draw_1,12,15,0.005668335928269394
pythia-410m,low,draw_1,13,0,0.013698084436472224
pythia-410m,low,draw_1,13,1,0.014154282946768596
pythia-410m,low,draw_1,13,2,0.01051063116019044
pythia-410m,low,draw_1,13,3,0.014068962431857745
pythia-410m,low,draw_1,13,4,0.007345399430378694
pythia-410m,low,draw_1,13,5,0.006664489017747889
pythia-410m,low,draw_1,13,6,0.010934628595072665
pythia-410m,low,draw_1,13,7,0.017365822632886753
pythia-410m,low,draw_1,13,8,0.01754462921742926
pythia-410m,low,draw_1,13,9,0.014304922484059552
pythia-410m,low,draw_1,13,10,0.017296853727643786
pythia-410m,low,draw_1,13,11,0.01667724566375191
pythia-410m,low,draw_1,13,12,0.018642525060866916
pythia-410m,low,draw_1,13,13,0.005281877827429745
pythia-410m,low,draw_1,13,14,0.011698947009368082
pythia-410m,low,draw_1,13,15,0.011102710305066946
pythia-410m,low,draw_1,14,0,0.013735417031255186
pythia-410m,low,draw_1,14,1,0.01729711452997136
pythia-410m,low,draw_1,14,2,0.025819724266692577
pythia-410m,low,draw_1,14,3,0.02864564864864925
pythia-410m,low,draw_1,14,4,0.006680258162211969
pythia-410m,low,draw_1,14,5,0.021460587706108928
pythia-410m,low,draw_1,14,6,0.006850159700474208
pythia-410m,low,draw_1,14,7,0.016495556419109256
pythia-410m,low,draw_1,14,8,0.0069522415494624665
pythia-410m,low,draw_1,14,9,0.016737392779198085
pythia-410m,low,draw_1,14,10,0.01622169680482828
pythia-410m,low,draw_1,14,11,0.017554684745930964
pythia-410m,low,draw_1,14,12,0.014962046055522465
pythia-410m,low,draw_1,14,13,0.017409275303532753
pythia-410m,low,draw_1,14,14,0.010100334384625317
pythia-410m,low,draw_1,14,15,0.011928640694085448
pythia-410m,low,draw_1,15,0,0.008869075159353361
pythia-410m,low,draw_1,15,1,0.004128264781618401
pythia-410m,low,draw_1,15,2,0.011144627452442473
pythia-410m,low,draw_1,15,3,0.01282873332306813
pythia-410m,low,draw_1,15,4,0.007091681246233791
pythia-410m,low,draw_1,15,5,0.012620296206020423
pythia-410m,low,draw_1,15,6,0.01593821786626491
pythia-410m,low,draw_1,15,7,0.007292583810937998
pythia-410m,low,draw_1,15,8,0.012493899372885054
pythia-410m,low,draw_1,15,9,0.008055424959771086
pythia-410m,low,draw_1,15,10,0.013644386654952332
pythia-410m,low,draw_1,15,11,0.007377936150518348
pythia-410m,low,draw_1,15,12,0.015653825783735732
pythia-410m,low,draw_1,15,13,0.009461868856418327
pythia-410m,low,draw_1,15,14,0.007577916041361698
pythia-410m,low,draw_1,15,15,0.012195748837293914
pythia-410m,low,draw_1,16,0,0.006857934539577747
pythia-410m,low,draw_1,16,1,0.019777717276855844
pythia-410m,low,draw_1,16,2,0.014715200511958421
pythia-410m,low,draw_1,16,3,0.014469631980444762
pythia-410m,low,draw_1,16,4,0.014007732498437276
pythia-410m,low,draw_1,16,5,0.01747816109875865
pythia-410m,low,draw_1,16,6,0.00898291024222428
pythia-410m,low,draw_1,16,7,0.02799962846608472
pythia-410m,low,draw_1,16,8,0.00795217084167081
pythia-410m,low,draw_1,16,9,0.0060637921857715545
pythia-410m,low,draw_1,16,10,0.015579983938347796
pythia-410m,low,draw_1,16,11,0.024171184978811065
pythia-410m,low,draw_1,16,12,0.014888894884182543
pythia-410m,low,draw_1,16,13,0.01172105200330443
pythia-410m,low,draw_1,16,14,0.008069701517492192
pythia-410m,low,draw_1,16,15,0.011782087585287218
pythia-410m,low,draw_1,17,0,0.0260739689897155
pythia-410m,low,draw_1,17,1,0.020165823330551225
pythia-410m,low,draw_1,17,2,0.013156273136917076
pythia-410m,low,draw_1,17,3,0.01195048886336282
pythia-410m,low,draw_1,17,4,0.012698585748517064
pythia-410m,low,draw_1,17,5,0.01301465806955694
pythia-410m,low,draw_1,17,6,0.00947230042816705
pythia-410m,low,draw_1,17,7,0.022203221208147845
pythia-410m,low,draw_1,17,8,0.00279571768888939
pythia-410m,low,draw_1,17,9,0.015120945102768596
pythia-410m,low,draw_1,17,10,0.019776574587995335
pythia-410m,low,draw_1,17,11,0.02112173177096924
pythia-410m,low,draw_1,17,12,0.006165570467472356
pythia-410m,low,draw_1,17,13,0.00584930309264397
pythia-410m,low,draw_1,17,14,0.0035615505850813455
pythia-410m,low,draw_1,17,15,0.011512016894518619
pythia-410m,low,draw_1,18,0,0.013124103233449065
pythia-410m,low,draw_1,18,1,0.005111957657138092
pythia-410m,low,draw_1,18,2,0.0194288310248342
pythia-410m,low,draw_1,18,3,0.06440038763159693
pythia-410m,low,draw_1,18,4,0.008307059277082524
pythia-410m,low,draw_1,18,5,0.002799356269818745
pythia-410m,low,draw_1,18,6,0.0028658793875417313
pythia-410m,low,draw_1,18,7,0.014550802071607657
pythia-410m,low,draw_1,18,8,0.015714465623066564
pythia-410m,low,draw_1,18,9,0.002967846730655568
pythia-410m,low,draw_1,18,10,0.015612878791746188
pythia-410m,low,draw_1,18,11,0.026083073380535077
pythia-410m,low,draw_1,18,12,0.012644782973689673
pythia-410m,low,draw_1,18,13,0.010832443293994652
pythia-410m,low,draw_1,18,14,0.014056675461366437
pythia-410m,low,draw_1,18,15,0.009555559288107396
pythia-410m,low,draw_1,19,0,0.005588048451870467
pythia-410m,low,draw_1,19,1,0.0051964074429435726
pythia-410m,low,draw_1,19,2,0.01767989836475192
pythia-410m,low,draw_1,19,3,0.0070621545186112
pythia-410m,low,draw_1,19,4,0.018637032116030638
pythia-410m,low,draw_1,19,5,0.004877614256859919
pythia-410m,low,draw_1,19,6,0.02437302000611502
pythia-410m,low,draw_1,19,7,0.019824210587391793
pythia-410m,low,draw_1,19,8,0.01655847466081323
pythia-410m,low,draw_1,19,9,0.018986580270753433
pythia-410m,low,draw_1,19,10,0.01205946660705775
pythia-410m,low,draw_1,19,11,0.017751599351847874
pythia-410m,low,draw_1,19,12,0.017469257750194974
pythia-410m,low,draw_1,19,13,0.002493213292975756
pythia-410m,low,draw_1,19,14,0.009299235568292354
pythia-410m,low,draw_1,19,15,0.007414440930469385
pythia-410m,low,draw_1,20,0,0.0022157694598289373
pythia-410m,low,draw_1,20,1,0.022221712731839958
pythia-410m,low,draw_1,20,2,0.023737812524803368
pythia-410m,low,draw_1,20,3,0.01002163190936134
pythia-410m,low,draw_1,20,4,0.01314149089676492
pythia-410m,low,draw_1,20,5,0.00045451878987959744
pythia-410m,low,draw_1,20,6,0.022166380951435763
pythia-410m,low,draw_1,20,7,0.03327126383393434
pythia-410m,low,draw_1,20,8,
pythia-410m,low,draw_1,20,9,0.0010130173401522054
pythia-410m,low,draw_1,20,10,0.0005144837054094623
pythia-410m,low,draw_1,20,11,0.015779557833737048
pythia-410m,low,draw_1,20,12,0.005076968681521546
pythia-410m,low,draw_1,20,13,0.020157756251279284
pythia-410m,low,draw_1,20,14,0.007926761012013828
pythia-410m,low,draw_1,20,15,0.011737646821248119
pythia-410m,low,draw_1,21,0,0.006501653231986627
pythia-410m,low,draw_1,21,1,0.01884826748108855
pythia-410m,low,draw_1,21,2,0.010929636917481205
pythia-410m,low,draw_1,21,3,0.003463382744003809
pythia-410m,low,draw_1,21,4,0.019544340753440817
pythia-410m,low,draw_1,21,5,0.012513573502147522
pythia-410m,low,draw_1,21,6,0.017934237610015603
pythia-410m,low,draw_1,21,7,0.008975946999416992
pythia-410m,low,draw_1,21,8,0.03860335969543618
pythia-410m,low,draw_1,21,9,0.025217700777184406
pythia-410m,low,draw_1,21,10,0.026488084371566713
pythia-410m,low,draw_1,21,11,0.029706083930948073
pythia-410m,low,draw_1,21,12,0.01233751887799643
pythia-410m,low,draw_1,21,13,0.036901325281330236
pythia-410m,low,draw_1,21,14,0.014122826394420316
pythia-410m,low,draw_1,21,15,0.0032348908342231682
pythia-410m,low,draw_1,22,0,0.03179967151524108
pythia-410m,low,draw_1,22,1,0.05625357417831169
pythia-410m,low,draw_1,22,2,0.024317195172897856
pythia-410m,low,draw_1,22,3,0.024477808699919546
pythia-410m,low,draw_1,22,4,0.0018332450898226535
pythia-410m,low,draw_1,22,5,0.01335920761882623
pythia-410m,low,draw_1,22,6,0.018737255548480436
pythia-410m,low,draw_1,22,7,0.02768599002725669
pythia-410m,low,draw_1,22,8,0.05402341674740849
pythia-410m,low,draw_1,22,9,0.0340596782922038
pythia-410m,low,draw_1,22,10,0.03365456252773344
pythia-410m,low,draw_1,22,11,0.011629890270200333
pythia-410m,low,draw_1,22,12,0.007162183514683454
pythia-410m,low,draw_1,22,13,0.032217647663248014
pythia-410m,low,draw_1,22,14,0.028221578973451636
pythia-410m,low,draw_1,22,15,0.04777138181585168
pythia-410m,low,draw_1,23,0,0.02748506507581915
pythia-410m,low,draw_1,23,1,0.023568529688588927
pythia-410m,low,draw_1,23,2,0.011478675086489616
pythia-410m,low,draw_1,23,3,0.010624443466498152
pythia-410m,low,draw_1,23,4,0.014105990210388516
pythia-410m,low,draw_1,23,5,0.024561997677933045
pythia-410m,low,draw_1,23,6,0.02650250046725903
pythia-410m,low,draw_1,23,7,0.04123216332125103
pythia-410m,low,draw_1,23,8,0.0428754840114858
pythia-410m,low,draw_1,23,9,0.0009384991457850791
pythia-410m,low,draw_1,23,10,0.04118201163814336
pythia-410m,low,draw_1,23,11,0.02778565156335074
pythia-410m,low,draw_1,23,12,0.024695109140861555
pythia-410m,low,draw_1,23,13,0.03307590409331812
pythia-410m,low,draw_1,23,14,0.02260010948110788
pythia-410m,low,draw_1,23,15,0.022378417477336484
pythia-410m,low,draw_2,0,0,0.0
pythia-410m,low,draw_2,0,1,0.0
pythia-410m,low,draw_2,0,2,0.0
pythia-410m,low,draw_2,0,3,0.0
pythia-410m,low,draw_2,0,4,0.0
pythia-410m,low,draw_2,0,5,0.0
pythia-410m,low,draw_2,0,6,0.0
pythia-410m,low,draw_2,0,7,0.0
pythia-410m,low,draw_2,0,8,0.0
pythia-410m,low,draw_2,0,9,0.0
pythia-410m,low,draw_2,0,10,0.0
pythia-410m,low,draw_2,0,11,0.0
pythia-410m,low,draw_2,0,12,0.0
pythia-410m,low,draw_2,0,13,0.0
pythia-410m,low,draw_2,0,14,0.0
pythia-410m,low,draw_2,0,15,0.0
pythia-410m,low,draw_2,1,0,0.003913426233570705
pythia-410m,low,draw_2,1,1,0.002017754000024203
pythia-410m,low,draw_2,1,2,0.015705438035499345
pythia-410m,low,draw_2,1,3,0.007617086018595457
pythia-410m,low,draw_2,1,4,0.004855430837269918
pythia-410m,low,draw_2,1,5,0.009390355984615907
pythia-410m,low,draw_2,1,6,0.004872349615610982
pythia-410m,low,draw_2,1,7,0.0066818546992226955
pythia-410m,low,draw_2,1,8,0.04301430173384249
pythia-410m,low,draw_2,1,9,0.005825056464498188
pythia-410m,low,draw_2,1,10,0.01087161147453935
pythia-410m,low,draw_2,1,11,0.007711940532985249
pythia-410m,low,draw_2,1,12,0.008489057025451491
pythia-410m,low,draw_2,1,13,0.013222036782112636
pythia-410m,low,draw_2,1,14,0.005445586903292812
pythia-410m,low,draw_2,1,15,0.0045647294146829815
pythia-410m,low,draw_2,2,0,0.012185806657685068
pythia-410m,low,draw_2,2,1,0.01178364986805476
pythia-410m,low,draw_2,2,2,0.008279535244955533
pythia-410m,low,draw_2,2,3,0.007340580823616895
pythia-410m,low,draw_2,2,4,0.018532805967100628
pythia-410m,low,draw_2,2,5,0.009052767702100985
pythia-410m,low,draw_2,2,6,0.01221852953110087
pythia-410m,low,draw_2,2,7,0.00196191182096058
pythia-410m,low,draw_2,2,8,0.018164333859334303
pythia-410m,low,draw_2,2,9,0.015569351236598706
pythia-410m,low,draw_2,2,10,0.009830380854899217
pythia-410m,low,draw_2,2,11,0.008438516903649385
pythia-410m,low,draw_2,2,12,0.007211091663602437
pythia-410m,low,draw_2,2,13,0.005365839197734934
pythia-410m,low,draw_2,2,14,0.009295937451804613
pythia-410m,low,draw_2,2,15,0.008046132517559286
pythia-410m,low,draw_2,3,0,0.0094508183587216
pythia-410m,low,draw_2,3,1,0.005985550542117173
pythia-410m,low,draw_2,3,2,0.011432764169216248
pythia-410m,low,draw_2,3,3,0.010346297283585932
pythia-410m,low,draw_2,3,4,0.007676270483892996
pythia-410m,low,draw_2,3,5,0.009451221765101532
pythia-410m,low,draw_2,3,6,0.014574048781547697
pythia-410m,low,draw_2,3,7,0.02867288874177493
pythia-410m,low,draw_2,3,8,0.004697906161490468
pythia-410m,low,draw_2,3,9,0.008812290862151705
pythia-410m,low,draw_2,3,10,0.005367701987580203
pythia-410m,low,draw_2,3,11,0.010886015161650922
pythia-410m,low,draw_2,3,12,0.0085481739667619
pythia-410m,low,draw_2,3,13,0.0037240218864171997
pythia-410m,low,draw_2,3,14,0.009912111900122561
pythia-410m,low,draw_2,3,15,0.006589041239880789
pythia-410m,low,draw_2,4,0,0.012281856093605418
pythia-410m,low,draw_2,4,1,0.019169670201465046
pythia-410m,low,draw_2,4,2,0.019036572403045255
pythia-410m,low,draw_2,4,3,0.014787400256787509
pythia-410m,low,draw_2,4,4,0.02329132446748071
pythia-410m,low,draw_2,4,5,0.032236393960529026
pythia-410m,low,draw_2,4,6,0.025990484027920552
pythia-410m,low,draw_2,4,7,0.013448101549616098
pythia-410m,low,draw_2,4,8,0.011456589550298692
pythia-410m,low,draw_2,4,9,0.0025598807319497725
pythia-410m,low,draw_2,4,10,0.015068465601459505
pythia-410m,low,draw_2,4,11,0.008097068544357213
pythia-410m,low,draw_2,4,12,0.01578045049851665
pythia-410m,low,draw_2,4,13,0.008041256970588866
pythia-410m,low,draw_2,4,14,0.003989049924758921
pythia-410m,low,draw_2,4,15,0.015392314338916593
pythia-410m,low,draw_2,5,0,0.006926002846909437
pythia-410m,low,draw_2,5,1,0.01182614478857087
pythia-410m,low,draw_2,5,2,0.002566613820723599
pythia-410m,low,draw_2,5,3,0.017364751683267978
pythia-410m,low,draw_2,5,4,0.013520165408432167
pythia-410m,low,draw_2,5,5,0.0057496080977669575
pythia-410m,low,draw_2,5,6,0.004647409842399247
pythia-410m,low,draw_2,5,7,0.002428308759835357
pythia-410m,low,draw_2,5,8,0.013612067162983616
pythia-410m,low,draw_2,5,9,0.010622912072043364
pythia-410m,low,draw_2,5,10,0.015508737002039693
pythia-410m,low,draw_2,5,11,0.010477910302072579
pythia-410m,low,draw_2,5,12,0.01105866986413254
pythia-410m,low,draw_2,5,13,0.01819580045879471
pythia-410m,low,draw_2,5,14,0.01482010231361693
pythia-410m,low,draw_2,5,15,0.013736238606074598
pythia-410m,low,draw_2,6,0,0.01661173950338527
pythia-410m,low,draw_2,6,1,0.02841208342110908
pythia-410m,low,draw_2,6,2,0.02128575095835118
pythia-410m,low,draw_2,6,3,0.019869049827835453
pythia-410m,low,draw_2,6,4,0.019646496802531915
pythia-410m,low,draw_2,6,5,0.006717789111345775
pythia-410m,low,draw_2,6,6,0.016106707142167123
pythia-410m,low,draw_2,6,7,0.00812294258549235
pythia-410m,low,draw_2,6,8,0.006131093188910445
pythia-410m,low,draw_2,6,9,0.014429171953404343
pythia-410m,low,draw_2,6,10,0.01758509074053213
pythia-410m,low,draw_2,6,11,0.008700172953523934
pythia-410m,low,draw_2,6,12,0.011275909584019207
pythia-410m,low,draw_2,6,13,0.006526169989844701
pythia-410m,low,draw_2,6,14,0.012528107007585386
pythia-410m,low,draw_2,6,15,0.021146182398350064
pythia-410m,low,draw_2,7,0,0.0136689114764722
pythia-410m,low,draw_2,7,1,0.023454362048792726
pythia-410m,low,draw_2,7,2,0.009928149600954589
pythia-410m,low,draw_2,7,3,0.0338198762476933
pythia-410m,low,draw_2,7,4,0.01000751057088591
pythia-410m,low,draw_2,7,5,0.010206453331091679
pythia-410m,low,draw_2,7,6,0.031175367821735255
pythia-410m,low,draw_2,7,7,0.007963196760149676
pythia-410m,low,draw_2,7,8,0.016358374631947628
pythia-410m,low,draw_2,7,9,0.008829744547006708
pythia-410m,low,draw_2,7,10,0.007362203645651636
pythia-410m,low,draw_2,7,11,0.016660906807203016
pythia-410m,low,draw_2,7,12,0.019201462751320834
pythia-410m,low,draw_2,7,13,0.04067230296166254
pythia-410m,low,draw_2,7,14,0.0334503179396518
pythia-410m,low,draw_2,7,15,0.00722007419918458
pythia-410m,low,draw_2,8,0,0.012433811314375463
pythia-410m,low,draw_2,8,1,0.022656533685503088
pythia-410m,low,draw_2,8,2,0.007936952306759166
pythia-410m,low,draw_2,8,3,0.04951758472221553
pythia-410m,low,draw_2,8,4,0.02749918500616477
pythia-410m,low,draw_2,8,5,0.030372325452133572
pythia-410m,low,draw_2,8,6,0.048147159489201986
pythia-410m,low,draw_2,8,7,0.03096179760001261
pythia-410m,low,draw_2,8,8,0.02368783255376045
pythia-410m,low,draw_2,8,9,0.021755887054225754
pythia-410m,low,draw_2,8,10,0.03949392022502017
pythia-410m,low,draw_2,8,11,0.009781736256411605
pythia-410m,low,draw_2,8,12,0.022724239662336658
pythia-410m,low,draw_2,8,13,0.03505383913532412
pythia-410m,low,draw_2,8,14,0.03108343141425284
pythia-410m,low,draw_2,8,15,0.014906626469678448
pythia-410m,low,draw_2,9,0,0.011766872592606174
pythia-410m,low,draw_2,9,1,0.009672635630604961
pythia-410m,low,draw_2,9,2,0.009305386135996286
pythia-410m,low,draw_2,9,3,0.029458723440508754
pythia-410m,low,draw_2,9,4,0.008955129596095329
pythia-410m,low,draw_2,9,5,0.011614544810315324
pythia-410m,low,draw_2,9,6,0.015678001083014904
pythia-410m,low,draw_2,9,7,0.012762989706009125
pythia-410m,low,draw_2,9,8,0.01682342649286804
pythia-410m,low,draw_2,9,9,0.01028067070371063
pythia-410m,low,draw_2,9,10,0.012847253642714121
pythia-410m,low,draw_2,9,11,0.010131122811050844
pythia-410m,low,draw_2,9,12,0.014460903004744783
pythia-410m,low,draw_2,9,13,0.02680021149852997
pythia-410m,low,draw_2,9,14,0.013580697300908006
pythia-410m,low,draw_2,9,15,0.013981968210402956
pythia-410m,low,draw_2,10,0,0.017565092414665154
pythia-410m,low,draw_2,10,1,0.017634849945704998
pythia-410m,low,draw_2,10,2,0.012971376455083058
pythia-410m,low,draw_2,10,3,0.019686886455232276
pythia-410m,low,draw_2,10,4,0.019447869898982142
pythia-410m,low,draw_2,10,5,0.011455921416856566
pythia-410m,low,draw_2,10,6,0.014226221353389641
pythia-410m,low,draw_2,10,7,0.013300560051035177
pythia-410m,low,draw_2,10,8,0.01247172552538982
pythia-410m,low,draw_2,10,9,0.0114162997699093
pythia-410m,low,draw_2,10,10,0.021685810126680843
pythia-410m,low,draw_2,10,11,0.02797078796505972
pythia-410m,low,draw_2,10,12,0.024024165053321715
pythia-410m,low,draw_2,10,13,0.027271972692038612
pythia-410m,low,draw_2,10,14,0.00879237655571465
pythia-410m,low,draw_2,10,15,0.019390222900687863
pythia-410m,low,draw_2,11,0,0.008354143464832816
pythia-410m,low,draw_2,11,1,0.027801264522034876
pythia-410m,low,draw_2,11,2,0.009363040585084676
pythia-410m,low,draw_2,11,3,0.009661423298939533
pythia-410m,low,draw_2,11,4,0.019566911684576624
pythia-410m,low,draw_2,11,5,0.009920810946061759
pythia-410m,low,draw_2,11,6,0.009823369873270153
pythia-410m,low,draw_2,11,7,0.01589482319951146
pythia-410m,low,draw_2,11,8,0.016273435940378438
pythia-410m,low,draw_2,11,9,0.018712287343458228
pythia-410m,low,draw_2,11,10,0.012524441227316444
pythia-410m,low,draw_2,11,11,0.008690474408671541
pythia-410m,low,draw_2,11,12,0.009532739943479251
pythia-410m,low,draw_2,11,13,0.021462852361354937
pythia-410m,low,draw_2,11,14,0.00829845502809367
pythia-410m,low,draw_2,11,15,0.020877636351430126
pythia-410m,low,draw_2,12,0,0.027118324141115938
pythia-410m,low,draw_2,12,1,0.015962144774750175
pythia-410m,low,draw_2,12,2,0.015226778786685493
pythia-410m,low,draw_2,12,3,0.013763662450442627
pythia-410m,low,draw_2,12,4,0.015628302120921506
pythia-410m,low,draw_2,12,5,0.011386063002324866
pythia-410m,low,draw_2,12,6,0.013576158678245688
pythia-410m,low,draw_2,12,7,0.019315641159511572
pythia-410m,low,draw_2,12,8,0.02747106925823425
pythia-410m,low,draw_2,12,9,0.013874932346012591
pythia-410m,low,draw_2,12,10,0.019098421201251905
pythia-410m,low,draw_2,12,11,0.01606970914119279
pythia-410m,low,draw_2,12,12,0.01807437862587704
pythia-410m,low,draw_2,12,13,0.013091691997295226
pythia-410m,low,draw_2,12,14,0.016941152588324224
pythia-410m,low,draw_2,12,15,0.020407526574633763
pythia-410m,low,draw_2,13,0,0.013788146091191902
pythia-410m,low,draw_2,13,1,0.01465426766086205
pythia-410m,low,draw_2,13,2,0.01723905125117525
pythia-410m,low,draw_2,13,3,0.020425002046744606
pythia-410m,low,draw_2,13,4,0.007931743631842403
pythia-410m,low,draw_2,13,5,0.017003590187552604
pythia-410m,low,draw_2,13,6,0.01422284182193297
pythia-410m,low,draw_2,13,7,0.011570489320556548
pythia-410m,low,draw_2,13,8,0.03011676312276243
pythia-410m,low,draw_2,13,9,0.015424265995502982
pythia-410m,low,draw_2,13,10,0.021203695444223482
pythia-410m,low,draw_2,13,11,0.02040167360188435
pythia-410m,low,draw_2,13,12,0.036187388469346285
pythia-410m,low,draw_2,13,13,0.012140667048204113
pythia-410m,low,draw_2,13,14,0.009832121533879967
pythia-410m,low,draw_2,13,15,0.0132926195623479
pythia-410m,low,draw_2,14,0,0.02219017104866194
pythia-410m,low,draw_2,14,1,0.016661137387631864
pythia-410m,low,draw_2,14,2,0.02713244184781257
pythia-410m,low,draw_2,14,3,0.02913059192455411
pythia-410m,low,draw_2,14,4,0.01066555826263162
pythia-410m,low,draw_2,14,5,0.031954032003685434
pythia-410m,low,draw_2,14,6,0.01033318052588267
pythia-410m,low,draw_2,14,7,0.029606510101759836
pythia-410m,low,draw_2,14,8,0.011150855367586986
pythia-410m,low,draw_2,14,9,0.015365774841229677
pythia-410m,low,draw_2,14,10,0.019815519025963214
pythia-410m,low,draw_2,14,11,0.021703581219111607
pythia-410m,low,draw_2,14,12,0.021083087400709986
pythia-410m,low,draw_2,14,13,0.024192746299772718
pythia-410m,low,draw_2,14,14,0.009085856165484983
pythia-410m,low,draw_2,14,15,0.013395484212707323
pythia-410m,low,draw_2,15,0,0.014278865891580264
pythia-410m,low,draw_2,15,1,0.005894528797756176
pythia-410m,low,draw_2,15,2,0.029836746780944893
pythia-410m,low,draw_2,15,3,0.018387682092185668
pythia-410m,low,draw_2,15,4,0.009406068075310293
pythia-410m,low,draw_2,15,5,0.03183941865973514
pythia-410m,low,draw_2,15,6,0.015580783433385058
pythia-410m,low,draw_2,15,7,0.008947260418225047
pythia-410m,low,draw_2,15,8,0.011746106403700492
pythia-410m,low,draw_2,15,9,0.011440323527141107
pythia-410m,low,draw_2,15,10,0.023870184588453226
pythia-410m,low,draw_2,15,11,0.00831518781302372
pythia-410m,low,draw_2,15,12,0.024965048363410704
pythia-410m,low,draw_2,15,13,0.012752720668551197
pythia-410m,low,draw_2,15,14,0.015529221670083563
pythia-410m,low,draw_2,15,15,0.024341841210446816
pythia-410m,low,draw_2,16,0,0.013377829494445029
pythia-410m,low,draw_2,16,1,0.02508967194668376
pythia-410m,low,draw_2,16,2,0.011144836367870435
pythia-410m,low,draw_2,16,3,0.01930601515260887
pythia-410m,low,draw_2,16,4,0.02417421062065476
pythia-410m,low,draw_2,16,5,0.021048826156415065
pythia-410m,low,draw_2,16,6,0.011300341266607491
pythia-410m,low,draw_2,16,7,0.04979016990004719
pythia-410m,low,draw_2,16,8,0.00899976586018254
pythia-410m,low,draw_2,16,9,0.009333332574466169
pythia-410m,low,draw_2,16,10,0.01934938998380506
pythia-410m,low,draw_2,16,11,0.01588428581556289
pythia-410m,low,draw_2,16,12,0.02750160641001626
pythia-410m,low,draw_2,16,13,0.017694020016206517
pythia-410m,low,draw_2,16,14,0.017905447789745878
pythia-410m,low,draw_2,16,15,0.023265908362038127
pythia-410m,low,draw_2,17,0,0.026098326546537584
pythia-410m,low,draw_2,17,1,0.024519598072517624
pythia-410m,low,draw_2,17,2,0.018531394127993702
pythia-410m,low,draw_2,17,3,0.01673163619277949
pythia-410m,low,draw_2,17,4,0.012248994701935417
pythia-410m,low,draw_2,17,5,0.021906858845843126
pythia-410m,low,draw_2,17,6,0.010678563485437933
pythia-410m,low,draw_2,17,7,0.030315454611866167
pythia-410m,low,draw_2,17,8,0.008771358646866938
pythia-410m,low,draw_2,17,9,0.021379438068937565
pythia-410m,low,draw_2,17,10,0.02313298851005486
pythia-410m,low,draw_2,17,11,0.0353931419580683
pythia-410m,low,draw_2,17,12,0.00638437198109259
pythia-410m,low,draw_2,17,13,0.01144416427589353
pythia-410m,low,draw_2,17,14,0.012491484671536875
pythia-410m,low,draw_2,17,15,0.017273279463236136
pythia-410m,low,draw_2,18,0,0.018700203173276808
pythia-410m,low,draw_2,18,1,0.006288013257810624
pythia-410m,low,draw_2,18,2,0.017446762225879646
pythia-410m,low,draw_2,18,3,0.03299449843999227
pythia-410m,low,draw_2,18,4,0.011515399030428095
pythia-410m,low,draw_2,18,5,0.007810868152421976
pythia-410m,low,draw_2,18,6,0.010448102050229733
pythia-410m,low,draw_2,18,7,0.02526682004641349
pythia-410m,low,draw_2,18,8,0.01964769890162021
pythia-410m,low,draw_2,18,9,0.010284432317803838
pythia-410m,low,draw_2,18,10,0.027454744860988818
pythia-410m,low,draw_2,18,11,0.029644712204970877
pythia-410m,low,draw_2,18,12,0.017968037256845603
pythia-410m,low,draw_2,18,13,0.01584924771500917
pythia-410m,low,draw_2,18,14,0.01653690580015444
pythia-410m,low,draw_2,18,15,0.020014715051505247
pythia-410m,low,draw_2,19,0,0.010838641481805971
pythia-410m,low,draw_2,19,1,0.006142060047818552
pythia-410m,low,draw_2,19,2,0.034636498324694266
pythia-410m,low,draw_2,19,3,0.011570821341994426
pythia-410m,low,draw_2,19,4,0.02080779905875752
pythia-410m,low,draw_2,19,5,0.009205205178309726
pythia-410m,low,draw_2,19,6,0.024070381851074716
pythia-410m,low,draw_2,19,7,0.01991194361785625
pythia-410m,low,draw_2,19,8,0.020907477012562143
pythia-410m,low,draw_2,19,9,0.02445122751058536
pythia-410m,low,draw_2,19,10,0.016252872148455607
pythia-410m,low,draw_2,19,11,0.020501162665658178
pythia-410m,low,draw_2,19,12,0.021971248210721054
pythia-410m,low,draw_2,19,13,0.007232528194289361
pythia-410m,low,draw_2,19,14,0.011407388959319285
pythia-410m,low,draw_2,19,15,0.018206288429666415
pythia-410m,low,draw_2,20,0,0.01048366537407227
pythia-410m,low,draw_2,20,1,0.03331630364593546
pythia-410m,low,draw_2,20,2,0.021099637151551724
pythia-410m,low,draw_2,20,3,0.007245200799728726
pythia-410m,low,draw_2,20,4,0.015733327524305833
pythia-410m,low,draw_2,20,5,0.013028573427828958
pythia-410m,low,draw_2,20,6,0.031077403781063506
pythia-410m,low,draw_2,20,7,0.033193099387604924
pythia-410m,low,draw_2,20,8,0.0008365160735444794
pythia-410m,low,draw_2,20,9,0.006061902645349651
pythia-410m,low,draw_2,20,10,0.006055999212882582
pythia-410m,low,draw_2,20,11,0.020781783794192713
pythia-410m,low,draw_2,20,12,0.014311387784738627
pythia-410m,low,draw_2,20,13,0.021958146337657938
pythia-410m,low,draw_2,20,14,0.007650074587919792
pythia-410m,low,draw_2,20,15,0.014379148027335099
pythia-410m,low,draw_2,21,0,0.015692330184533487
pythia-410m,low,draw_2,21,1,0.0239698493198275
pythia-410m,low,draw_2,21,2,0.015936802622085716
pythia-410m,low,draw_2,21,3,0.00964226668846638
pythia-410m,low,draw_2,21,4,0.0205370525682655
pythia-410m,low,draw_2,21,5,0.013551314587707686
pythia-410m,low,draw_2,21,6,0.03588915844023045
pythia-410m,low,draw_2,21,7,0.0126251335042561
pythia-410m,low,draw_2,21,8,0.042862502053977056
pythia-410m,low,draw_2,21,9,0.02077376677738856
pythia-410m,low,draw_2,21,10,0.04874923770794559
pythia-410m,low,draw_2,21,11,0.05255518598505826
pythia-410m,low,draw_2,21,12,0.011693848538047289
pythia-410m,low,draw_2,21,13,0.04839439877861355
pythia-410m,low,draw_2,21,14,0.019925114365949327
pythia-410m,low,draw_2,21,15,0.014887146271853112
pythia-410m,low,draw_2,22,0,0.02918974641427324
pythia-410m,low,draw_2,22,1,0.07884435574963747
pythia-410m,low,draw_2,22,2,0.035475084822487284
pythia-410m,low,draw_2,22,3,0.032076246651155424
pythia-410m,low,draw_2,22,4,0.010445436624308042
pythia-410m,low,draw_2,22,5,0.017074533825508845
pythia-410m,low,draw_2,22,6,0.024783239985698712
pythia-410m,low,draw_2,22,7,0.03428335476741092
pythia-410m,low,draw_2,22,8,0.05951983431562253
pythia-410m,low,draw_2,22,9,0.041899462278538614
pythia-410m,low,draw_2,22,10,0.04722149262456809
pythia-410m,low,draw_2,22,11,0.016972162173117724
pythia-410m,low,draw_2,22,12,0.00864141764231161
pythia-410m,low,draw_2,22,13,0.06448841573775244
pythia-410m,low,draw_2,22,14,0.03749980827123584
pythia-410m,low,draw_2,22,15,0.05944320923730031
pythia-410m,low,draw_2,23,0,0.03211279315749245
pythia-410m,low,draw_2,23,1,0.029341274631872465
pythia-410m,low,draw_2,23,2,0.00998964919639889
pythia-410m,low,draw_2,23,3,0.020992026378643606
pythia-410m,low,draw_2,23,4,0.005862405981476808
pythia-410m,low,draw_2,23,5,0.02603414036850028
pythia-410m,low,draw_2,23,6,0.036006173959407424
pythia-410m,low,draw_2,23,7,0.05853955225941375
pythia-410m,low,draw_2,23,8,0.05342373354837223
pythia-410m,low,draw_2,23,9,0.0012542083625530034
pythia-410m,low,draw_2,23,10,0.05520450215871748
pythia-410m,low,draw_2,23,11,0.037311605241485
pythia-410m,low,draw_2,23,12,0.024889933541793693
pythia-410m,low,draw_2,23,13,0.06292478184726609
pythia-410m,low,draw_2,23,14,0.01911012411345268
pythia-410m,low,draw_2,23,15,0.04423031050934987
pythia-410m,low,draw_3,0,0,0.0
pythia-410m,low,draw_3,0,1,0.0
pythia-410m,low,draw_3,0,2,0.0
pythia-410m,low,draw_3,0,3,0.0
pythia-410m,low,draw_3,0,4,0.0
pythia-410m,low,draw_3,0,5,0.0
pythia-410m,low,draw_3,0,6,0.0
pythia-410m,low,draw_3,0,7,0.0
pythia-410m,low,draw_3,0,8,0.0
pythia-410m,low,draw_3,0,9,0.0
pythia-410m,low,draw_3,0,10,0.0
pythia-410m,low,draw_3,0,11,0.0
pythia-410m,low,draw_3,0,12,0.0
pythia-410m,low,draw_3,0,13,0.0
pythia-410m,low,draw_3,0,14,0.0
pythia-410m,low,draw_3,0,15,0.0
pythia-410m,low,draw_3,1,0,0.002848834140905238
pythia-410m,low,draw_3,1,1,0.0035905497322644593
pythia-410m,low,draw_3,1,2,0.004491365010181192
pythia-410m,low,draw_3,1,3,0.011577972582278453
pythia-410m,low,draw_3,1,4,0.009026744182984204
pythia-410m,low,draw_3,1,5,0.005345946745082643
pythia-410m,low,draw_3,1,6,0.010043317689883677
pythia-410m,low,draw_3,1,7,0.0075537291178580076
pythia-410m,low,draw_3,1,8,0.006517708067974694
pythia-410m,low,draw_3,1,9,0.006094404811630099
pythia-410m,low,draw_3,1,10,0.009889799647636326
pythia-410m,low,draw_3,1,11,0.011281122126013059
pythia-410m,low,draw_3,1,12,0.006830213057265384
pythia-410m,low,draw_3,1,13,0.0118880473024231
pythia-410m,low,draw_3,1,14,0.008058201031862819
pythia-410m,low,draw_3,1,15,0.0027847276975027702
pythia-410m,low,draw_3,2,0,0.007789521212148968
pythia-410m,low,draw_3,2,1,0.003264266006498187
pythia-410m,low,draw_3,2,2,0.0032962692899812214
pythia-410m,low,draw_3,2,3,0.006340750963929593
pythia-410m,low,draw_3,2,4,0.0034654986778320856
pythia-410m,low,draw_3,2,5,0.009133126572148462
pythia-410m,low,draw_3,2,6,0.015607543783185553
pythia-410m,low,draw_3,2,7,0.005695070897709023
pythia-410m,low,draw_3,2,8,0.005240352810378994
pythia-410m,low,draw_3,2,9,0.005363131305235334
pythia-410m,low,draw_3,2,10,0.006258096028742232
pythia-410m,low,draw_3,2,11,0.0028417552011136284
pythia-410m,low,draw_3,2,12,0.0037806734061282114
pythia-410m,low,draw_3,2,13,0.005047292826395963
pythia-410m,low,draw_3,2,14,0.007268481966682758
pythia-410m,low,draw_3,2,15,0.0031789362588765875
pythia-410m,low,draw_3,3,0,0.0037999612379655814
pythia-410m,low,draw_3,3,1,0.0031432225853917717
pythia-410m,low,draw_3,3,2,0.006428213132176804
pythia-410m,low,draw_3,3,3,0.013270546127006887
pythia-410m,low,draw_3,3,4,0.01723346983684648
pythia-410m,low,draw_3,3,5,0.0047062357847694365
pythia-410m,low,draw_3,3,6,0.011427956968991014
pythia-410m,low,draw_3,3,7,0.017136579709177004
pythia-410m,low,draw_3,3,8,0.00827247424688069
pythia-410m,low,draw_3,3,9,0.008278536441956624
pythia-410m,low,draw_3,3,10,0.012302624012857378
pythia-410m,low,draw_3,3,11,0.007609979005168663
pythia-410m,low,draw_3,3,12,0.004495592809112182
pythia-410m,low,draw_3,3,13,0.012042679660097725
pythia-410m,low,draw_3,3,14,0.006060397912345223
pythia-410m,low,draw_3,3,15,0.0027872570529353323
pythia-410m,low,draw_3,4,0,0.011197341906043016
pythia-410m,low,draw_3,4,1,0.0058874411744015654
pythia-410m,low,draw_3,4,2,0.006330265697467925
pythia-410m,low,draw_3,4,3,0.009257590446143011
pythia-410m,low,draw_3,4,4,0.01929129482680172
pythia-410m,low,draw_3,4,5,0.03343547836101488
pythia-410m,low,draw_3,4,6,0.006722210987934587
pythia-410m,low,draw_3,4,7,0.004369871835907188
pythia-410m,low,draw_3,4,8,0.00495201924886532
pythia-410m,low,draw_3,4,9,0.0026868578571991476
pythia-410m,low,draw_3,4,10,0.01412848515261399
pythia-410m,low,draw_3,4,11,0.005959217704076437
pythia-410m,low,draw_3,4,12,0.010977576001558782
pythia-410m,low,draw_3,4,13,0.006982926037066597
pythia-410m,low,draw_3,4,14,0.0032252853679680038
pythia-410m,low,draw_3,4,15,0.006571934055393166
pythia-410m,low,draw_3,5,0,0.011839994421402641
pythia-410m,low,draw_3,5,1,0.005951583043721727
pythia-410m,low,draw_3,5,2,0.0017387572585082255
pythia-410m,low,draw_3,5,3,0.007115359409230023
pythia-410m,low,draw_3,5,4,0.010368521199790365
pythia-410m,low,draw_3,5,5,0.005595790328100286
pythia-410m,low,draw_3,5,6,0.006259772922612785
pythia-410m,low,draw_3,5,7,0.00240836056211487
pythia-410m,low,draw_3,5,8,0.0200822707731235
pythia-410m,low,draw_3,5,9,0.007921362851931157
pythia-410m,low,draw_3,5,10,0.00747883438328661
pythia-410m,low,draw_3,5,11,0.012653652713131243
pythia-410m,low,draw_3,5,12,0.013161640963276686
pythia-410m,low,draw_3,5,13,0.009989306502004934
pythia-410m,low,draw_3,5,14,0.010188670063585365
pythia-410m,low,draw_3,5,15,0.010952457563074357
pythia-410m,low,draw_3,6,0,0.014706727123852166
pythia-410m,low,draw_3,6,1,0.017117006989850057
pythia-410m,low,draw_3,6,2,0.01949523794647668
pythia-410m,low,draw_3,6,3,0.013359982618936101
pythia-410m,low,draw_3,6,4,0.01292238932213609
pythia-410m,low,draw_3,6,5,0.006605350723712319
pythia-410m,low,draw_3,6,6,0.013894572803407295
pythia-410m,low,draw_3,6,7,0.007812811986833005
pythia-410m,low,draw_3,6,8,0.003437095159023699
pythia-410m,low,draw_3,6,9,0.009782032296627231
pythia-410m,low,draw_3,6,10,0.007782259169500787
pythia-410m,low,draw_3,6,11,0.010389134534978221
pythia-410m,low,draw_3,6,12,0.009676785494712526
pythia-410m,low,draw_3,6,13,0.0067832525876474585
pythia-410m,low,draw_3,6,14,0.01443472977143625
pythia-410m,low,draw_3,6,15,0.026169389323793125
pythia-410m,low,draw_3,7,0,0.005008277672097602
pythia-410m,low,draw_3,7,1,0.012230961708208973
pythia-410m,low,draw_3,7,2,0.007781529880903945
pythia-410m,low,draw_3,7,3,0.014470717075617662
pythia-410m,low,draw_3,7,4,0.013414758676717434
pythia-410m,low,draw_3,7,5,0.009660744737631302
pythia-410m,low,draw_3,7,6,0.01625961627261557
pythia-410m,low,draw_3,7,7,0.010210975541145735
pythia-410m,low,draw_3,7,8,0.007096677571456875
pythia-410m,low,draw_3,7,9,0.008569056623205116
pythia-410m,low,draw_3,7,10,0.009516657467761567
pythia-410m,low,draw_3,7,11,0.010504271289344697
pythia-410m,low,draw_3,7,12,0.010743059859833714
pythia-410m,low,draw_3,7,13,0.013952436595893304
pythia-410m,low,draw_3,7,14,0.02180436376138608
pythia-410m,low,draw_3,7,15,0.010323246738494904
pythia-410m,low,draw_3,8,0,0.0124313580180467
pythia-410m,low,draw_3,8,1,0.013766033704064463
pythia-410m,low,draw_3,8,2,0.005033429077829041
pythia-410m,low,draw_3,8,3,0.0549926101565631
pythia-410m,low,draw_3,8,4,0.03045616646574081
pythia-410m,low,draw_3,8,5,0.02576173265744543
pythia-410m,low,draw_3,8,6,0.026251898488295178
pythia-410m,low,draw_3,8,7,0.02004338579059023
pythia-410m,low,draw_3,8,8,0.017506963680663293
pythia-410m,low,draw_3,8,9,0.015964163955389146
pythia-410m,low,draw_3,8,10,0.032278816889634965
pythia-410m,low,draw_3,8,11,0.005946392385143011
pythia-410m,low,draw_3,8,12,0.01917380463542473
pythia-410m,low,draw_3,8,13,0.02729085932952848
pythia-410m,low,draw_3,8,14,0.017006298624028415
pythia-410m,low,draw_3,8,15,0.011712537052345038
pythia-410m,low,draw_3,9,0,0.010638478044269461
pythia-410m,low,draw_3,9,1,0.0083693067040095
pythia-410m,low,draw_3,9,2,0.0050815776861519975
pythia-410m,low,draw_3,9,3,0.019880073650073948
pythia-410m,low,draw_3,9,4,0.01645795686596553
pythia-410m,low,draw_3,9,5,0.007885829065865883
pythia-410m,low,draw_3,9,6,0.01999976982579364
pythia-410m,low,draw_3,9,7,0.006593734293133381
pythia-410m,low,draw_3,9,8,0.009713693463436545
pythia-410m,low,draw_3,9,9,0.011049639219763693
pythia-410m,low,draw_3,9,10,0.008471526689412087
pythia-410m,low,draw_3,9,11,0.006004032360120917
pythia-410m,low,draw_3,9,12,0.015710344291994634
pythia-410m,low,draw_3,9,13,0.016474970444463173
pythia-410m,low,draw_3,9,14,0.005277055640459925
pythia-410m,low,draw_3,9,15,0.01029672933552882
pythia-410m,low,draw_3,10,0,0.005628312083885068
pythia-410m,low,draw_3,10,1,0.00990068500778751
pythia-410m,low,draw_3,10,2,0.008603282438456499
pythia-410m,low,draw_3,10,3,0.016409497493110714
pythia-410m,low,draw_3,10,4,0.010688127215846688
pythia-410m,low,draw_3,10,5,0.007446399476843016
pythia-410m,low,draw_3,10,6,0.021962298495094783
pythia-410m,low,draw_3,10,7,0.014488547644347793
pythia-410m,low,draw_3,10,8,0.01067776081191133
pythia-410m,low,draw_3,10,9,0.008397153424221978
pythia-410m,low,draw_3,10,10,0.01107600553523381
pythia-410m,low,draw_3,10,11,0.022724860812485904
pythia-410m,low,draw_3,10,12,0.01738659336730084
pythia-410m,low,draw_3,10,13,0.013521857264919036
pythia-410m,low,draw_3,10,14,0.009930755314148406
pythia-410m,low,draw_3,10,15,0.011338589414276404
pythia-410m,low,draw_3,11,0,0.009929876072298827
pythia-410m,low,draw_3,11,1,0.0203913406862158
pythia-410m,low,draw_3,11,2,0.007727666944416182
pythia-410m,low,draw_3,11,3,0.010319654739369894
pythia-410m,low,draw_3,11,4,0.009009927326234053
pythia-410m,low,draw_3,11,5,0.007792127298367467
pythia-410m,low,draw_3,11,6,0.014748018262343095
pythia-410m,low,draw_3,11,7,0.010671817242419303
pythia-410m,low,draw_3,11,8,0.0071880133169549415
pythia-410m,low,draw_3,11,9,0.008854646171588989
pythia-410m,low,draw_3,11,10,0.007989048088884869
pythia-410m,low,draw_3,11,11,0.006019685959661254
pythia-410m,low,draw_3,11,12,0.0074195601945828945
pythia-410m,low,draw_3,11,13,0.010202065335677725
pythia-410m,low,draw_3,11,14,0.0067251300625071194
pythia-410m,low,draw_3,11,15,0.02116758429327215
pythia-410m,low,draw_3,12,0,0.012735527789412808
pythia-410m,low,draw_3,12,1,0.007480122842864948
pythia-410m,low,draw_3,12,2,0.006909010728380971
pythia-410m,low,draw_3,12,3,0.005912758611822172
pythia-410m,low,draw_3,12,4,0.010372433337930672
pythia-410m,low,draw_3,12,5,0.013141308186696251
pythia-410m,low,draw_3,12,6,0.007767184530496269
pythia-410m,low,draw_3,12,7,0.015544434055084514
pythia-410m,low,draw_3,12,8,0.01945883768291139
pythia-410m,low,draw_3,12,9,0.012948013119361975
pythia-410m,low,draw_3,12,10,0.01579104427059031
pythia-410m,low,draw_3,12,11,0.014658201460358527
pythia-410m,low,draw_3,12,12,0.014071830329807175
pythia-410m,low,draw_3,12,13,0.01316694250071266
pythia-410m,low,draw_3,12,14,0.013608549549726973
pythia-410m,low,draw_3,12,15,0.008494661028135168
pythia-410m,low,draw_3,13,0,0.015179044245069518
pythia-410m,low,draw_3,13,1,0.012584528440726958
pythia-410m,low,draw_3,13,2,0.0059711235868236835
pythia-410m,low,draw_3,13,3,0.015870476629799145
pythia-410m,low,draw_3,13,4,0.006450121229953395
pythia-410m,low,draw_3,13,5,0.00911486609622037
pythia-410m,low,draw_3,13,6,0.008747086273327646
pythia-410m,low,draw_3,13,7,0.008175134766588214
pythia-410m,low,draw_3,13,8,0.016813487540081558
pythia-410m,low,draw_3,13,9,0.010560129367285884
pythia-410m,low,draw_3,13,10,0.017161613715939175
pythia-410m,low,draw_3,13,11,0.017296295092651532
pythia-410m,low,draw_3,13,12,0.02417357373826125
pythia-410m,low,draw_3,13,13,0.005586328169776213
pythia-410m,low,draw_3,13,14,0.012617602378413521
pythia-410m,low,draw_3,13,15,0.01115281922626207
pythia-410m,low,draw_3,14,0,0.014950047768562418
pythia-410m,low,draw_3,14,1,0.01043956290402336
pythia-410m,low,draw_3,14,2,0.026090882901902188
pythia-410m,low,draw_3,14,3,0.02150862040978601
pythia-410m,low,draw_3,14,4,0.007506937990100344
pythia-410m,low,draw_3,14,5,0.021826511045461915
pythia-410m,low,draw_3,14,6,0.006796268331238083
pythia-410m,low,draw_3,14,7,0.024116746611128722
pythia-410m,low,draw_3,14,8,0.014616984136329924
pythia-410m,low,draw_3,14,9,0.01698250953987313
pythia-410m,low,draw_3,14,10,0.014866343631075755
pythia-410m,low,draw_3,14,11,0.01495403756298798
pythia-410m,low,draw_3,14,12,0.010991617095269022
pythia-410m,low,draw_3,14,13,0.01854335994405252
pythia-410m,low,draw_3,14,14,0.007805098066996074
pythia-410m,low,draw_3,14,15,0.012008280426744617
pythia-410m,low,draw_3,15,0,0.011413068046157587
pythia-410m,low,draw_3,15,1,0.005736427671280189
pythia-410m,low,draw_3,15,2,0.018003868589912254
pythia-410m,low,draw_3,15,3,0.012200066248376636
pythia-410m,low,draw_3,15,4,0.005536128938438559
pythia-410m,low,draw_3,15,5,0.01643716710366813
pythia-410m,low,draw_3,15,6,0.010874180468242073
pythia-410m,low,draw_3,15,7,0.005158780075648061
pythia-410m,low,draw_3,15,8,0.020516872533452052
pythia-410m,low,draw_3,15,9,0.010512428080966788
pythia-410m,low,draw_3,15,10,0.01722427272797473
pythia-410m,low,draw_3,15,11,0.01001759257997008
pythia-410m,low,draw_3,15,12,0.021996786854533885
pythia-410m,low,draw_3,15,13,0.006946594095765958
pythia-410m,low,draw_3,15,14,0.014171074078364992
pythia-410m,low,draw_3,15,15,0.010348243676184367
pythia-410m,low,draw_3,16,0,0.007294191958462782
pythia-410m,low,draw_3,16,1,0.0156653384586187
pythia-410m,low,draw_3,16,2,0.012082075487395639
pythia-410m,low,draw_3,16,3,0.014674304931436094
pythia-410m,low,draw_3,16,4,0.014487664773025518
pythia-410m,low,draw_3,16,5,0.01964276782760967
pythia-410m,low,draw_3,16,6,0.010162713285040469
pythia-410m,low,draw_3,16,7,0.028227332826582546
pythia-410m,low,draw_3,16,8,0.011889991593745122
pythia-410m,low,draw_3,16,9,0.006645312127701502
pythia-410m,low,draw_3,16,10,0.01689733319393255
pythia-410m,low,draw_3,16,11,0.013191683150611122
pythia-410m,low,draw_3,16,12,0.01853326608719705
pythia-410m,low,draw_3,16,13,0.011327368252651609
pythia-410m,low,draw_3,16,14,0.025085638328637642
pythia-410m,low,draw_3,16,15,0.016088173551758865
pythia-410m,low,draw_3,17,0,0.015116705276871005
pythia-410m,low,draw_3,17,1,0.021726534517390896
pythia-410m,low,draw_3,17,2,0.013731335443705965
pythia-410m,low,draw_3,17,3,0.016520931981682346
pythia-410m,low,draw_3,17,4,0.01376037394611803
pythia-410m,low,draw_3,17,5,0.014400271483642075
pythia-410m,low,draw_3,17,6,0.008602610911529283
pythia-410m,low,draw_3,17,7,0.023811045763710965
pythia-410m,low,draw_3,17,8,0.006689933904021759
pythia-410m,low,draw_3,17,9,0.013692134084143525
pythia-410m,low,draw_3,17,10,0.013732632528253814
pythia-410m,low,draw_3,17,11,0.02090346340548381
pythia-410m,low,draw_3,17,12,0.006851003002677215
pythia-410m,low,draw_3,17,13,0.0065340870341620595
pythia-410m,low,draw_3,17,14,0.008564604501789232
pythia-410m,low,draw_3,17,15,0.012817795497063503
pythia-410m,low,draw_3,18,0,0.023200510829831034
pythia-410m,low,draw_3,18,1,0.013632625413570076
pythia-410m,low,draw_3,18,2,0.024034939605930585
pythia-410m,low,draw_3,18,3,0.030665474148469356
pythia-410m,low,draw_3,18,4,0.012973298038704556
pythia-410m,low,draw_3,18,5,0.010399925418532463
pythia-410m,low,draw_3,18,6,0.009749426669610844
pythia-410m,low,draw_3,18,7,0.015562761952160142
pythia-410m,low,draw_3,18,8,0.024075417283284033
pythia-410m,low,draw_3,18,9,0.00774315516297792
pythia-410m,low,draw_3,18,10,0.02857973228083189
pythia-410m,low,draw_3,18,11,0.029343091750150596
pythia-410m,low,draw_3,18,12,0.02138682660964
pythia-410m,low,draw_3,18,13,0.022829399915828535
pythia-410m,low,draw_3,18,14,0.027949347362448987
pythia-410m,low,draw_3,18,15,0.021072304826997516
pythia-410m,low,draw_3,19,0,0.01294239815899814
pythia-410m,low,draw_3,19,1,0.0077804283385467885
pythia-410m,low,draw_3,19,2,0.027005853940290446
pythia-410m,low,draw_3,19,3,0.011663621384790438
pythia-410m,low,draw_3,19,4,0.026547352858239667
pythia-410m,low,draw_3,19,5,0.009688976611765755
pythia-410m,low,draw_3,19,6,0.02761026336112901
pythia-410m,low,draw_3,19,7,0.02358947348442261
pythia-410m,low,draw_3,19,8,0.0256079669929577
pythia-410m,low,draw_3,19,9,0.018171028434524995
pythia-410m,low,draw_3,19,10,0.012539994390491431
pythia-410m,low,draw_3,19,11,0.02113341045723562
pythia-410m,low,draw_3,19,12,0.022050850862202268
pythia-410m,low,draw_3,19,13,0.008080419395864128
pythia-410m,low,draw_3,19,14,0.006594298691527589
pythia-410m,low,draw_3,19,15,0.03586409823886592
pythia-410m,low,draw_3,20,0,0.012737510658392539
pythia-410m,low,draw_3,20,1,0.024123924732102835
pythia-410m,low,draw_3,20,2,0.022183240973678048
pythia-410m,low,draw_3,20,3,0.011415313139448154
pythia-410m,low,draw_3,20,4,0.01142980319337444
pythia-410m,low,draw_3,20,5,0.011183197369131476
pythia-410m,low,draw_3,20,6,0.022911489700738315
pythia-410m,low,draw_3,20,7,0.030540875125524513
pythia-410m,low,draw_3,20,8,0.007679124642338855
pythia-410m,low,draw_3,20,9,0.01445300446118532
pythia-410m,low,draw_3,20,10,0.011185521125014466
pythia-410m,low,draw_3,20,11,0.022402999622219217
pythia-410m,low,draw_3,20,12,0.007820469918629268
pythia-410m,low,draw_3,20,13,0.020259240539165033
pythia-410m,low,draw_3,20,14,0.010427328268846923
pythia-410m,low,draw_3,20,15,0.011426657430155557
pythia-410m,low,draw_3,21,0,0.023377408538973094
pythia-410m,low,draw_3,21,1,0.015057523403491696
pythia-410m,low,draw_3,21,2,0.014519112642774348
pythia-410m,low,draw_3,21,3,0.0070932195436958665
pythia-410m,low,draw_3,21,4,0.015109782805808658
pythia-410m,low,draw_3,21,5,0.012922576253546064
pythia-410m,low,draw_3,21,6,0.022765890841381732
pythia-410m,low,draw_3,21,7,0.01274848768846442
pythia-410m,low,draw_3,21,8,0.03472633217455215
pythia-410m,low,draw_3,21,9,0.024918200549339065
pythia-410m,low,draw_3,21,10,0.032968713949057225
pythia-410m,low,draw_3,21,11,0.02793907611276553
pythia-410m,low,draw_3,21,12,0.01018192365799233
pythia-410m,low,draw_3,21,13,0.03138940235907009
pythia-410m,low,draw_3,21,14,0.018818711627420968
pythia-410m,low,draw_3,21,15,0.009741659859182033
pythia-410m,low,draw_3,22,0,0.03084527127979265
pythia-410m,low,draw_3,22,1,0.05095255823706283
pythia-410m,low,draw_3,22,2,0.029067039974734178
pythia-410m,low,draw_3,22,3,0.02339790645738671
pythia-410m,low,draw_3,22,4,0.01080038348568354
pythia-410m,low,draw_3,22,5,0.021058760455405195
pythia-410m,low,draw_3,22,6,0.008165161898529292
pythia-410m,low,draw_3,22,7,0.025034562820946175
pythia-410m,low,draw_3,22,8,0.05100123047936662
pythia-410m,low,draw_3,22,9,0.032406587687809504
pythia-410m,low,draw_3,22,10,0.04197006280367905
pythia-410m,low,draw_3,22,11,0.013450637704859107
pythia-410m,low,draw_3,22,12,0.01062541177465364
pythia-410m,low,draw_3,22,13,0.034448185548255905
pythia-410m,low,draw_3,22,14,0.038588113937932725
pythia-410m,low,draw_3,22,15,0.028748597290323342
pythia-410m,low,draw_3,23,0,0.031739588857270414
pythia-410m,low,draw_3,23,1,0.024449530111025526
pythia-410m,low,draw_3,23,2,0.003015161670550682
pythia-410m,low,draw_3,23,3,0.014893154617783231
pythia-410m,low,draw_3,23,4,0.018563293669652196
pythia-410m,low,draw_3,23,5,0.04779087811922274
pythia-410m,low,draw_3,23,6,0.04337932035565399
pythia-410m,low,draw_3,23,7,0.0552967105099338
pythia-410m,low,draw_3,23,8,0.054919239339762636
pythia-410m,low,draw_3,23,9,0.0006019095068208586
pythia-410m,low,draw_3,23,10,0.03725495768564558
pythia-410m,low,draw_3,23,11,0.032834581200077546
pythia-410m,low,draw_3,23,12,0.022395198442457034
pythia-410m,low,draw_3,23,13,0.039727153295439396
pythia-410m,low,draw_3,23,14,0.01766462369067015
pythia-410m,low,draw_3,23,15,0.021016582206638105
pythia-410m,medium,draw_1,0,0,0.0
pythia-410m,medium,draw_1,0,1,0.0
pythia-410m,medium,draw_1,0,2,0.0
pythia-410m,medium,draw_1,0,3,0.0
pythia-410m,medium,draw_1,0,4,0.0
pythia-410m,medium,draw_1,0,5,0.0
pythia-410m,medium,draw_1,0,6,0.0
pythia-410m,medium,draw_1,0,7,0.0
pythia-410m,medium,draw_1,0,8,0.0
pythia-410m,medium,draw_1,0,9,0.0
pythia-410m,medium,draw_1,0,10,0.0
pythia-410m,medium,draw_1,0,11,0.0
pythia-410m,medium,draw_1,0,12,0.0
pythia-410m,medium,draw_1,0,13,0.0
pythia-410m,medium,draw_1,0,14,0.0
pythia-410m,medium,draw_1,0,15,0.0
pythia-410m,medium,draw_1,1,0,0.004343097754970398
pythia-410m,medium,draw_1,1,1,0.0023614426184700543
pythia-410m,medium,draw_1,1,2,0.0070891897173097
pythia-410m,medium,draw_1,1,3,0.007185767829309897
pythia-410m,medium,draw_1,1,4,0.007530193077611428
pythia-410m,medium,draw_1,1,5,0.0028015672765851723
pythia-410m,medium,draw_1,1,6,0.004508352479129057
pythia-410m,medium,draw_1,1,7,0.005000609806805263
pythia-410m,medium,draw_1,1,8,0.020211990501768702
pythia-410m,medium,draw_1,1,9,0.005744371728616007
pythia-410m,medium,draw_1,1,10,0.003908022835884842
pythia-410m,medium,draw_1,1,11,0.007238345592107814
pythia-410m,medium,draw_1,1,12,0.0022229082514850654
pythia-410m,medium,draw_1,1,13,0.009632726215291678
pythia-410m,medium,draw_1,1,14,0.003705477226637905
pythia-410m,medium,draw_1,1,15,0.003483657798483876
pythia-410m,medium,draw_1,2,0,0.003305988188465408
pythia-410m,medium,draw_1,2,1,0.002509841430178843
pythia-410m,medium,draw_1,2,2,0.0019671260295491097
pythia-410m,medium,draw_1,2,3,0.00363071465117249
pythia-410m,medium,draw_1,2,4,0.003358248973109485
pythia-410m,medium,draw_1,2,5,0.004747368907150235
pythia-410m,medium,draw_1,2,6,0.005321478074539863
pythia-410m,medium,draw_1,2,7,0.002893889788864577
pythia-410m,medium,draw_1,2,8,0.0034674926684166016
pythia-410m,medium,draw_1,2,9,0.005575424421281559
pythia-410m,medium,draw_1,2,10,0.004195490695900163
pythia-410m,medium,draw_1,2,11,0.0023802610518622426
pythia-410m,medium,draw_1,2,12,0.0036983573602637947
pythia-410m,medium,draw_1,2,13,0.0028987181462093873
pythia-410m,medium,draw_1,2,14,0.004786212352090983
pythia-410m,medium,draw_1,2,15,0.0023210121045932884
pythia-410m,medium,draw_1,3,0,0.002888773799804235
pythia-410m,medium,draw_1,3,1,0.002856793137916501
pythia-410m,medium,draw_1,3,2,0.009223218563222368
pythia-410m,medium,draw_1,3,3,0.006417155353281251
pythia-410m,medium,draw_1,3,4,0.008968547168292313
pythia-410m,medium,draw_1,3,5,0.005344623666794299
pythia-410m,medium,draw_1,3,6,0.006939809826799436
pythia-410m,medium,draw_1,3,7,0.010853735510860812
pythia-410m,medium,draw_1,3,8,0.007572538237378754
pythia-410m,medium,draw_1,3,9,0.005416448334942116
pythia-410m,medium,draw_1,3,10,0.00985826864199621
pythia-410m,medium,draw_1,3,11,0.0036966739105227437
pythia-410m,medium,draw_1,3,12,0.004356905343180992
pythia-410m,medium,draw_1,3,13,0.006869396003767911
pythia-410m,medium,draw_1,3,14,0.007837132832631757
pythia-410m,medium,draw_1,3,15,0.003878573864788217
pythia-410m,medium,draw_1,4,0,0.008915442900631463
pythia-410m,medium,draw_1,4,1,0.010348848333451705
pythia-410m,medium,draw_1,4,2,0.005946911165482768
pythia-410m,medium,draw_1,4,3,0.012725612812337335
pythia-410m,medium,draw_1,4,4,0.007306040616855201
pythia-410m,medium,draw_1,4,5,0.016907378642490502
pythia-410m,medium,draw_1,4,6,0.010702525960907016
pythia-410m,medium,draw_1,4,7,0.004694413944811999
pythia-410m,medium,draw_1,4,8,0.003304027757413961
pythia-410m,medium,draw_1,4,9,0.0030446852745945902
pythia-410m,medium,draw_1,4,10,0.012764838919809984
pythia-410m,medium,draw_1,4,11,0.0052112150570961255
pythia-410m,medium,draw_1,4,12,0.012834110017238984
pythia-410m,medium,draw_1,4,13,0.0033563439978502164
pythia-410m,medium,draw_1,4,14,0.004034362942557929
pythia-410m,medium,draw_1,4,15,0.008489935934412815
pythia-410m,medium,draw_1,5,0,0.00800790459591545
pythia-410m,medium,draw_1,5,1,0.004164059653513796
pythia-410m,medium,draw_1,5,2,0.001585248843725286
pythia-410m,medium,draw_1,5,3,0.007829112034472218
pythia-410m,medium,draw_1,5,4,0.011275275270001469
pythia-410m,medium,draw_1,5,5,0.0059368946212288096
pythia-410m,medium,draw_1,5,6,0.0032297850280822594
pythia-410m,medium,draw_1,5,7,0.0011210570381297684
pythia-410m,medium,draw_1,5,8,0.008009636194466579
pythia-410m,medium,draw_1,5,9,0.004877677840336501
pythia-410m,medium,draw_1,5,10,0.007725872383839644
pythia-410m,medium,draw_1,5,11,0.010328209542936232
pythia-410m,medium,draw_1,5,12,0.009886258809798007
pythia-410m,medium,draw_1,5,13,0.006000163509766031
pythia-410m,medium,draw_1,5,14,0.009998806909265256
pythia-410m,medium,draw_1,5,15,0.00445752190762629
pythia-410m,medium,draw_1,6,0,0.0166237766642177
pythia-410m,medium,draw_1,6,1,0.015853481636466795
pythia-410m,medium,draw_1,6,2,0.020323991046929894
pythia-410m,medium,draw_1,6,3,0.01887745946845451
pythia-410m,medium,draw_1,6,4,0.01558945942586369
pythia-410m,medium,draw_1,6,5,0.0050564082061151355
pythia-410m,medium,draw_1,6,6,0.013256573015840878
pythia-410m,medium,draw_1,6,7,0.008513195027167846
pythia-410m,medium,draw_1,6,8,0.003471758056244326
pythia-410m,medium,draw_1,6,9,0.011422615244337644
pythia-410m,medium,draw_1,6,10,0.012626908406224909
pythia-410m,medium,draw_1,6,11,0.0033859499835454583
pythia-410m,medium,draw_1,6,12,0.006931622990735997
pythia-410m,medium,draw_1,6,13,0.009209750539030562
pythia-410m,medium,draw_1,6,14,0.007362859837845473
pythia-410m,medium,draw_1,6,15,0.02010672178990378
pythia-410m,medium,draw_1,7,0,0.008267034273150635
pythia-410m,medium,draw_1,7,1,0.014537821789479717
pythia-410m,medium,draw_1,7,2,0.019750705517911908
pythia-410m,medium,draw_1,7,3,0.019179641572805994
pythia-410m,medium,draw_1,7,4,0.006311271656592941
pythia-410m,medium,draw_1,7,5,0.013317647402359424
pythia-410m,medium,draw_1,7,6,0.02837406598273222
pythia-410m,medium,draw_1,7,7,0.005886474665224534
pythia-410m,medium,draw_1,7,8,0.007505517932255058
pythia-410m,medium,draw_1,7,9,0.008896282965288608
pythia-410m,medium,draw_1,7,10,0.01340632899968006
pythia-410m,medium,draw_1,7,11,0.004386522027863061
pythia-410m,medium,draw_1,7,12,0.01456034617186545
pythia-410m,medium,draw_1,7,13,0.013898536303779057
pythia-410m,medium,draw_1,7,14,0.03349946292859911
pythia-410m,medium,draw_1,7,15,0.00730704688677144
pythia-410m,medium,draw_1,8,0,0.008994852311248896
pythia-410m,medium,draw_1,8,1,0.015335332574284452
pythia-410m,medium,draw_1,8,2,0.0069963087025458285
pythia-410m,medium,draw_1,8,3,0.041015284400615665
pythia-410m,medium,draw_1,8,4,0.016148043833369458
pythia-410m,medium,draw_1,8,5,0.0222765360416058
pythia-410m,medium,draw_1,8,6,0.028372102687842037
pythia-410m,medium,draw_1,8,7,0.019016194319518693
pythia-410m,medium,draw_1,8,8,0.014571189849162431
pythia-410m,medium,draw_1,8,9,0.01825707814595913
pythia-410m,medium,draw_1,8,10,0.04350316888130013
pythia-410m,medium,draw_1,8,11,0.005284100008432367
pythia-410m,medium,draw_1,8,12,0.012122618159393897
pythia-410m,medium,draw_1,8,13,0.023597978750186967
pythia-410m,medium,draw_1,8,14,0.013309569507485216
pythia-410m,medium,draw_1,8,15,0.018997820495271656
pythia-410m,medium,draw_1,9,0,0.00583636682673761
pythia-410m,medium,draw_1,9,1,0.01525574701503102
pythia-410m,medium,draw_1,9,2,0.006678680853323429
pythia-410m,medium,draw_1,9,3,0.02801236490071728
pythia-410m,medium,draw_1,9,4,0.022768245525580388
pythia-410m,medium,draw_1,9,5,0.008737745410142788
pythia-410m,medium,draw_1,9,6,0.013759537419808582
pythia-410m,medium,draw_1,9,7,0.007300884109607267
pythia-410m,medium,draw_1,9,8,0.013058414155994298
pythia-410m,medium,draw_1,9,9,0.0066539190436736605
pythia-410m,medium,draw_1,9,10,0.007311772659418704
pythia-410m,medium,draw_1,9,11,0.0042479553089467825
pythia-410m,medium,draw_1,9,12,0.01572709424456603
pythia-410m,medium,draw_1,9,13,0.02186110712065951
pythia-410m,medium,draw_1,9,14,0.008017896562843446
pythia-410m,medium,draw_1,9,15,0.02114278468918712
pythia-410m,medium,draw_1,10,0,0.006704954169875228
pythia-410m,medium,draw_1,10,1,0.011996644920411898
pythia-410m,medium,draw_1,10,2,0.015413219983778988
pythia-410m,medium,draw_1,10,3,0.013237572803230417
pythia-410m,medium,draw_1,10,4,0.009950919875771702
pythia-410m,medium,draw_1,10,5,0.012342386241125679
pythia-410m,medium,draw_1,10,6,0.02280078477305597
pythia-410m,medium,draw_1,10,7,0.012528070999749558
pythia-410m,medium,draw_1,10,8,0.009524564978284831
pythia-410m,medium,draw_1,10,9,0.008581095150676022
pythia-410m,medium,draw_1,10,10,0.015155970344101813
pythia-410m,medium,draw_1,10,11,0.027843759391308922
pythia-410m,medium,draw_1,10,12,0.011539405002939483
pythia-410m,medium,draw_1,10,13,0.02248807232080347
pythia-410m,medium,draw_1,10,14,0.01403917640099574
pythia-410m,medium,draw_1,10,15,0.014100539148531653
pythia-410m,medium,draw_1,11,0,0.008803339462144344
pythia-410m,medium,draw_1,11,1,0.035733630896728534
pythia-410m,medium,draw_1,11,2,0.012374526323433969
pythia-410m,medium,draw_1,11,3,0.0044339009238430335
pythia-410m,medium,draw_1,11,4,0.009427650570818026
pythia-410m,medium,draw_1,11,5,0.006551405774474187
pythia-410m,medium,draw_1,11,6,0.016022888323266954
pythia-410m,medium,draw_1,11,7,0.008934607352178851
pythia-410m,medium,draw_1,11,8,0.006936798060460327
pythia-410m,medium,draw_1,11,9,0.008001172697367713
pythia-410m,medium,draw_1,11,10,0.010405846684694187
pythia-410m,medium,draw_1,11,11,0.003745779234784444
pythia-410m,medium,draw_1,11,12,0.0090027655581782
pythia-410m,medium,draw_1,11,13,0.013496397847573952
pythia-410m,medium,draw_1,11,14,0.00763885245598029
pythia-410m,medium,draw_1,11,15,0.02660962633063521
pythia-410m,medium,draw_1,12,0,0.018067975233870805
pythia-410m,medium,draw_1,12,1,0.011183857073433598
pythia-410m,medium,draw_1,12,2,0.0134084432917991
pythia-410m,medium,draw_1,12,3,0.012622194570855755
pythia-410m,medium,draw_1,12,4,0.018626824179926324
pythia-410m,medium,draw_1,12,5,0.008441527711090658
pythia-410m,medium,draw_1,12,6,0.007236073492051509
pythia-410m,medium,draw_1,12,7,0.01929802525331498
pythia-410m,medium,draw_1,12,8,0.011095503905372407
pythia-410m,medium,draw_1,12,9,0.030229881316773472
pythia-410m,medium,draw_1,12,10,0.006739247639782023
pythia-410m,medium,draw_1,12,11,0.024182138341895105
pythia-410m,medium,draw_1,12,12,0.005154693578130833
pythia-410m,medium,draw_1,12,13,0.009422796444924908
pythia-410m,medium,draw_1,12,14,0.00822934271005708
pythia-410m,medium,draw_1,12,15,0.012890331692140267
pythia-410m,medium,draw_1,13,0,0.008432293174981887
pythia-410m,medium,draw_1,13,1,0.012498616769745272
pythia-410m,medium,draw_1,13,2,0.006574515365770243
pythia-410m,medium,draw_1,13,3,0.014655345043097172
pythia-410m,medium,draw_1,13,4,0.006548280925882481
pythia-410m,medium,draw_1,13,5,0.0038856769248541896
pythia-410m,medium,draw_1,13,6,0.00896060126664491
pythia-410m,medium,draw_1,13,7,0.004712411194602205
pythia-410m,medium,draw_1,13,8,0.018787998634780746
pythia-410m,medium,draw_1,13,9,0.016183771213016115
pythia-410m,medium,draw_1,13,10,0.02034296040908925
pythia-410m,medium,draw_1,13,11,0.02110703194210308
pythia-410m,medium,draw_1,13,12,0.023988284485907896
pythia-410m,medium,draw_1,13,13,0.0032485689002593335
pythia-410m,medium,draw_1,13,14,0.012354229116756068
pythia-410m,medium,draw_1,13,15,0.007128624612490192
pythia-410m,medium,draw_1,14,0,0.007477868744285758
pythia-410m,medium,draw_1,14,1,0.009051105441188412
pythia-410m,medium,draw_1,14,2,0.032659287750601014
pythia-410m,medium,draw_1,14,3,0.018701149402634787
pythia-410m,medium,draw_1,14,4,0.003186899329238106
pythia-410m,medium,draw_1,14,5,0.025445192873837254
pythia-410m,medium,draw_1,14,6,0.010183012643417071
pythia-410m,medium,draw_1,14,7,0.011658083076053876
pythia-410m,medium,draw_1,14,8,0.012156781243671517
pythia-410m,medium,draw_1,14,9,0.012040400473883335
pythia-410m,medium,draw_1,14,10,0.008745191609456268
pythia-410m,medium,draw_1,14,11,0.011879910509396277
pythia-410m,medium,draw_1,14,12,0.01692862419610127
pythia-410m,medium,draw_1,14,13,0.005267523721259125
pythia-410m,medium,draw_1,14,14,0.01496277547918226
pythia-410m,medium,draw_1,14,15,0.014116741189098968
pythia-410m,medium,draw_1,15,0,0.0071590739763900905
pythia-410m,medium,draw_1,15,1,0.004865611968597433
pythia-410m,medium,draw_1,15,2,0.006774043123214271
pythia-410m,medium,draw_1,15,3,0.01428537354481364
pythia-410m,medium,draw_1,15,4,0.008582193965827824
pythia-410m,medium,draw_1,15,5,0.007951684980438621
pythia-410m,medium,draw_1,15,6,0.011670624739736745
pythia-410m,medium,draw_1,15,7,0.007856701720903737
pythia-410m,medium,draw_1,15,8,0.028578224082301044
pythia-410m,medium,draw_1,15,9,0.005085717569350066
pythia-410m,medium,draw_1,15,10,0.006866079955980542
pythia-410m,medium,draw_1,15,11,0.011479814089647218
pythia-410m,medium,draw_1,15,12,0.0097275498331449
pythia-410m,medium,draw_1,15,13,0.009628297409807139
pythia-410m,medium,draw_1,15,14,0.012511616204431381
pythia-410m,medium,draw_1,15,15,0.015859593674134018
pythia-410m,medium,draw_1,16,0,0.010020784965141978
pythia-410m,medium,draw_1,16,1,0.01605106755560883
pythia-410m,medium,draw_1,16,2,0.009263450955459674
pythia-410m,medium,draw_1,16,3,0.012300164071519543
pythia-410m,medium,draw_1,16,4,0.011880873255868153
pythia-410m,medium,draw_1,16,5,0.013195476761791267
pythia-410m,medium,draw_1,16,6,0.010859123232850884
pythia-410m,medium,draw_1,16,7,0.0165468552228406
pythia-410m,medium,draw_1,16,8,0.005508716078797004
pythia-410m,medium,draw_1,16,9,0.003946903030313152
pythia-410m,medium,draw_1,16,10,0.0164402282052175
pythia-410m,medium,draw_1,16,11,0.01911562118497495
pythia-410m,medium,draw_1,16,12,0.009848083369418687
pythia-410m,medium,draw_1,16,13,0.011067397303745521
pythia-410m,medium,draw_1,16,14,0.01687907286232676
pythia-410m,medium,draw_1,16,15,0.011423359847657636
pythia-410m,medium,draw_1,17,0,0.01825818522329541
pythia-410m,medium,draw_1,17,1,0.025048930091724732
pythia-410m,medium,draw_1,17,2,0.009835906742913665
pythia-410m,medium,draw_1,17,3,0.018879263199246193
pythia-410m,medium,draw_1,17,4,0.012141155471628732
pythia-410m,medium,draw_1,17,5,0.00913396740356609
pythia-410m,medium,draw_1,17,6,0.006579387428128454
pythia-410m,medium,draw_1,17,7,0.0111043838959995
pythia-410m,medium,draw_1,17,8,0.00300564013639621
pythia-410m,medium,draw_1,17,9,0.011677792744898191
pythia-410m,medium,draw_1,17,10,0.00948977616253587
pythia-410m,medium,draw_1,17,11,0.008317767847437596
pythia-410m,medium,draw_1,17,12,0.005550663734570576
pythia-410m,medium,draw_1,17,13,0.0028528309206181336
pythia-410m,medium,draw_1,17,14,0.00413750478358961
pythia-410m,medium,draw_1,17,15,0.016495728441719558
pythia-410m,medium,draw_1,18,0,0.01635411214794094
pythia-410m,medium,draw_1,18,1,0.01853770966271814
pythia-410m,medium,draw_1,18,2,0.014712238942011466
pythia-410m,medium,draw_1,18,3,0.061348898370137406
pythia-410m,medium,draw_1,18,4,0.0046047994262359004
pythia-410m,medium,draw_1,18,5,0.011080849199918714
pythia-410m,medium,draw_1,18,6,0.007616921719780446
pythia-410m,medium,draw_1,18,7,0.0065259302842258044
pythia-410m,medium,draw_1,18,8,0.01611569415435097
pythia-410m,medium,draw_1,18,9,0.009890600060368232
pythia-410m,medium,draw_1,18,10,0.015432889483887827
pythia-410m,medium,draw_1,18,11,0.01918794241387012
pythia-410m,medium,draw_1,18,12,0.011344643508261996
pythia-410m,medium,draw_1,18,13,0.012194969655602576
pythia-410m,medium,draw_1,18,14,0.022485641701283324
pythia-410m,medium,draw_1,18,15,0.012227410947440643
pythia-410m,medium,draw_1,19,0,0.005345129047851536
pythia-410m,medium,draw_1,19,1,0.007413561613379571
pythia-410m,medium,draw_1,19,2,0.029879555259779603
pythia-410m,medium,draw_1,19,3,0.0101527965272411
pythia-410m,medium,draw_1,19,4,0.022172419798578057
pythia-410m,medium,draw_1,19,5,0.005641636766294495
pythia-410m,medium,draw_1,19,6,0.017546433948587566
pythia-410m,medium,draw_1,19,7,0.012020780544106385
pythia-410m,medium,draw_1,19,8,0.020396173543706753
pythia-410m,medium,draw_1,19,9,0.011273976202252336
pythia-410m,medium,draw_1,19,10,0.009805813439518083
pythia-410m,medium,draw_1,19,11,0.02149378099231657
pythia-410m,medium,draw_1,19,12,0.011816298025203094
pythia-410m,medium,draw_1,19,13,0.007818048712099526
pythia-410m,medium,draw_1,19,14,0.0147586722875428
pythia-410m,medium,draw_1,19,15,0.021658987073068948
pythia-410m,medium,draw_1,20,0,0.0028518325697369415
pythia-410m,medium,draw_1,20,1,0.015251029902827368
pythia-410m,medium,draw_1,20,2,0.01610411036210336
pythia-410m,medium,draw_1,20,3,0.01601086566152657
pythia-410m,medium,draw_1,20,4,0.008849381549407722
pythia-410m,medium,draw_1,20,5,0.0007837811982422066
pythia-410m,medium,draw_1,20,6,0.01908574435206214
pythia-410m,medium,draw_1,20,7,0.02433582884135106
pythia-410m,medium,draw_1,20,8,0.0001876748574039306
pythia-410m,medium,draw_1,20,9,0.00026872317651534125
pythia-410m,medium,draw_1,20,10,0.0008318847203782792
pythia-410m,medium,draw_1,20,11,0.028250714605223853
pythia-410m,medium,draw_1,20,12,0.005548820078493002
pythia-410m,medium,draw_1,20,13,0.011771409115504061
pythia-410m,medium,draw_1,20,14,0.01488511492598767
pythia-410m,medium,draw_1,20,15,0.0073852829696146455
pythia-410m,medium,draw_1,21,0,0.01300880900137268
pythia-410m,medium,draw_1,21,1,0.012555818614496575
pythia-410m,medium,draw_1,21,2,0.024069950193583718
pythia-410m,medium,draw_1,21,3,0.003963962410584013
pythia-410m,medium,draw_1,21,4,0.012590529538481159
pythia-410m,medium,draw_1,21,5,0.014040485985465668
pythia-410m,medium,draw_1,21,6,0.018452882678930443
pythia-410m,medium,draw_1,21,7,0.014555953053981024
pythia-410m,medium,draw_1,21,8,0.03330455567065158
pythia-410m,medium,draw_1,21,9,0.020337136795179768
pythia-410m,medium,draw_1,21,10,0.030013328276222852
pythia-410m,medium,draw_1,21,11,0.03176769214355196
pythia-410m,medium,draw_1,21,12,0.010512305573398427
pythia-410m,medium,draw_1,21,13,0.029230940653185364
pythia-410m,medium,draw_1,21,14,0.015760995932198717
pythia-410m,medium,draw_1,21,15,0.0019025448865159361
pythia-410m,medium,draw_1,22,0,0.033050572332784356
pythia-410m,medium,draw_1,22,1,0.06502027311787047
pythia-410m,medium,draw_1,22,2,0.039145176536259374
pythia-410m,medium,draw_1,22,3,0.01366407308038266
pythia-410m,medium,draw_1,22,4,0.0029036315041832293
pythia-410m,medium,draw_1,22,5,0.02243191201573547
pythia-410m,medium,draw_1,22,6,0.03417987312538968
pythia-410m,medium,draw_1,22,7,0.028037307626281753
pythia-410m,medium,draw_1,22,8,0.039998935735596076
pythia-410m,medium,draw_1,22,9,0.028072520723526125
pythia-410m,medium,draw_1,22,10,0.029996332435512717
pythia-410m,medium,draw_1,22,11,0.006282430011011325
pythia-410m,medium,draw_1,22,12,0.016314648101195962
pythia-410m,medium,draw_1,22,13,0.031457846820802916
pythia-410m,medium,draw_1,22,14,0.027287425204221276
pythia-410m,medium,draw_1,22,15,0.030432555015509517
pythia-410m,medium,draw_1,23,0,0.02451738428850448
pythia-410m,medium,draw_1,23,1,0.0413758335430228
pythia-410m,medium,draw_1,23,2,0.0027784472643503193
pythia-410m,medium,draw_1,23,3,0.008792229667867395
pythia-410m,medium,draw_1,23,4,0.015581659468458893
pythia-410m,medium,draw_1,23,5,0.04117053444596344
pythia-410m,medium,draw_1,23,6,0.04165477539541028
pythia-410m,medium,draw_1,23,7,0.0643595681165598
pythia-410m,medium,draw_1,23,8,0.041184203801073155
pythia-410m,medium,draw_1,23,9,0.0018579530784413204
pythia-410m,medium,draw_1,23,10,0.03996978703960535
pythia-410m,medium,draw_1,23,11,0.039119692002187983
pythia-410m,medium,draw_1,23,12,0.02780886572763637
pythia-410m,medium,draw_1,23,13,0.05769511182449246
pythia-410m,medium,draw_1,23,14,0.026540647047985453
pythia-410m,medium,draw_1,23,15,0.02999003875777935
pythia-410m,medium,draw_2,0,0,0.0
pythia-410m,medium,draw_2,0,1,0.0
pythia-410m,medium,draw_2,0,2,0.0
pythia-410m,medium,draw_2,0,3,0.0
pythia-410m,medium,draw_2,0,4,0.0
pythia-410m,medium,draw_2,0,5,0.0
pythia-410m,medium,draw_2,0,6,0.0
pythia-410m,medium,draw_2,0,7,0.0
pythia-410m,medium,draw_2,0,8,0.0
pythia-410m,medium,draw_2,0,9,0.0
pythia-410m,medium,draw_2,0,10,0.0
pythia-410m,medium,draw_2,0,11,0.0
pythia-410m,medium,draw_2,0,12,0.0
pythia-410m,medium,draw_2,0,13,0.0
pythia-410m,medium,draw_2,0,14,0.0
pythia-410m,medium,draw_2,0,15,0.0
pythia-410m,medium,draw_2,1,0,0.0034132078393991575
pythia-410m,medium,draw_2,1,1,0.006678625292144508
pythia-410m,medium,draw_2,1,2,0.008747308781011478
pythia-410m,medium,draw_2,1,3,0.006686525591797981
pythia-410m,medium,draw_2,1,4,0.011022637553999815
pythia-410m,medium,draw_2,1,5,0.008177422664014099
pythia-410m,medium,draw_2,1,6,0.009148518931696697
pythia-410m,medium,draw_2,1,7,0.018103228559552577
pythia-410m,medium,draw_2,1,8,0.03671065822173611
pythia-410m,medium,draw_2,1,9,0.006626285074581293
pythia-410m,medium,draw_2,1,10,0.03571873609454134
pythia-410m,medium,draw_2,1,11,0.006842886424176419
pythia-410m,medium,draw_2,1,12,0.005732093889789888
pythia-410m,medium,draw_2,1,13,0.01224337947860878
pythia-410m,medium,draw_2,1,14,0.01837013086816616
pythia-410m,medium,draw_2,1,15,0.008882334795034337
pythia-410m,medium,draw_2,2,0,0.010339166758863254
pythia-410m,medium,draw_2,2,1,0.011049496987340675
pythia-410m,medium,draw_2,2,2,0.003724220923478924
pythia-410m,medium,draw_2,2,3,0.00732292024704954
pythia-410m,medium,draw_2,2,4,0.021176868497362666
pythia-410m,medium,draw_2,2,5,0.00979959718154761
pythia-410m,medium,draw_2,2,6,0.01375736179025118
pythia-410m,medium,draw_2,2,7,0.005249356104045441
pythia-410m,medium,draw_2,2,8,0.012649816825154444
pythia-410m,medium,draw_2,2,9,0.018378389561045712
pythia-410m,medium,draw_2,2,10,0.01424633410795989
pythia-410m,medium,draw_2,2,11,0.011846098755647563
pythia-410m,medium,draw_2,2,12,0.007693049953273664
pythia-410m,medium,draw_2,2,13,0.00608961429616352
pythia-410m,medium,draw_2,2,14,0.010062176450605542
pythia-410m,medium,draw_2,2,15,0.008519772577125431
pythia-410m,medium,draw_2,3,0,0.012280922411839944
pythia-410m,medium,draw_2,3,1,0.007878778619020903
pythia-410m,medium,draw_2,3,2,0.017342661814607245
pythia-410m,medium,draw_2,3,3,0.009455424174000646
pythia-410m,medium,draw_2,3,4,0.011651366937151497
pythia-410m,medium,draw_2,3,5,0.008478337812854921
pythia-410m,medium,draw_2,3,6,0.009413498074084939
pythia-410m,medium,draw_2,3,7,0.019848816742930462
pythia-410m,medium,draw_2,3,8,0.009225149524720384
pythia-410m,medium,draw_2,3,9,0.01228631498545726
pythia-410m,medium,draw_2,3,10,0.01311726574280869
pythia-410m,medium,draw_2,3,11,0.013400018872563127
pythia-410m,medium,draw_2,3,12,0.003613532265436955
pythia-410m,medium,draw_2,3,13,0.009963971732388516
pythia-410m,medium,draw_2,3,14,0.006116721648440587
pythia-410m,medium,draw_2,3,15,0.004747521401335863
pythia-410m,medium,draw_2,4,0,0.008494713276488345
pythia-410m,medium,draw_2,4,1,0.00849467558918393
pythia-410m,medium,draw_2,4,2,0.015826365702144914
pythia-410m,medium,draw_2,4,3,0.019770115278233052
pythia-410m,medium,draw_2,4,4,0.012020425238539922
pythia-410m,medium,draw_2,4,5,0.018915957144044704
pythia-410m,medium,draw_2,4,6,0.005947909445592625
pythia-410m,medium,draw_2,4,7,0.007036108542075512
pythia-410m,medium,draw_2,4,8,0.007671918616030061
pythia-410m,medium,draw_2,4,9,0.006259991437912607
pythia-410m,medium,draw_2,4,10,0.014188644305068682
pythia-410m,medium,draw_2,4,11,0.00453684112471806
pythia-410m,medium,draw_2,4,12,0.008807482556820814
pythia-410m,medium,draw_2,4,13,0.004653799336565989
pythia-410m,medium,draw_2,4,14,0.005075256518680641
pythia-410m,medium,draw_2,4,15,0.010287983218976128
pythia-410m,medium,draw_2,5,0,0.009263387333965542
pythia-410m,medium,draw_2,5,1,0.005833973062757796
pythia-410m,medium,draw_2,5,2,0.002163864957748216
pythia-410m,medium,draw_2,5,3,0.015922816904399343
pythia-410m,medium,draw_2,5,4,0.016017749837320808
pythia-410m,medium,draw_2,5,5,0.011455550497060348
pythia-410m,medium,draw_2,5,6,0.005375394399860754
pythia-410m,medium,draw_2,5,7,0.0010472303704368686
pythia-410m,medium,draw_2,5,8,0.01442747352832163
pythia-410m,medium,draw_2,5,9,0.009356835769136379
pythia-410m,medium,draw_2,5,10,0.006409731281020428
pythia-410m,medium,draw_2,5,11,0.018523971958768006
pythia-410m,medium,draw_2,5,12,0.01044413117417135
pythia-410m,medium,draw_2,5,13,0.006109290371374847
pythia-410m,medium,draw_2,5,14,0.010187478837769416
pythia-410m,medium,draw_2,5,15,0.005656655839476518
pythia-410m,medium,draw_2,6,0,0.008877510744018881
pythia-410m,medium,draw_2,6,1,0.01765827113848249
pythia-410m,medium,draw_2,6,2,0.011318740986404958
pythia-410m,medium,draw_2,6,3,0.011802372500155507
pythia-410m,medium,draw_2,6,4,0.015420191670667306
pythia-410m,medium,draw_2,6,5,0.005914346426130233
pythia-410m,medium,draw_2,6,6,0.007893929571475868
pythia-410m,medium,draw_2,6,7,0.006853989836600985
pythia-410m,medium,draw_2,6,8,0.005020616966861085
pythia-410m,medium,draw_2,6,9,0.005223389064131774
pythia-410m,medium,draw_2,6,10,0.007139209754447515
pythia-410m,medium,draw_2,6,11,0.006368529406537232
pythia-410m,medium,draw_2,6,12,0.007335372220777722
pythia-410m,medium,draw_2,6,13,0.010102966266373898
pythia-410m,medium,draw_2,6,14,0.005646697815714276
pythia-410m,medium,draw_2,6,15,0.027155121230968065
pythia-410m,medium,draw_2,7,0,0.008476013537179323
pythia-410m,medium,draw_2,7,1,0.012690805818194952
pythia-410m,medium,draw_2,7,2,0.022421501618443168
pythia-410m,medium,draw_2,7,3,0.012625782409689985
pythia-410m,medium,draw_2,7,4,0.007539784127155951
pythia-410m,medium,draw_2,7,5,0.00910097151355066
pythia-410m,medium,draw_2,7,6,0.012394082329065418
pythia-410m,medium,draw_2,7,7,0.0054626218432930924
pythia-410m,medium,draw_2,7,8,0.003371415545022066
pythia-410m,medium,draw_2,7,9,0.009185036916607334
pythia-410m,medium,draw_2,7,10,0.015738100261977833
pythia-410m,medium,draw_2,7,11,0.007785002739400568
pythia-410m,medium,draw_2,7,12,0.011856799551775562
pythia-410m,medium,draw_2,7,13,0.011138848082452843
pythia-410m,medium,draw_2,7,14,0.020135961089601785
pythia-410m,medium,draw_2,7,15,0.02604269097717753
pythia-410m,medium,draw_2,8,0,0.011782359301518507
pythia-410m,medium,draw_2,8,1,0.020373325649667633
pythia-410m,medium,draw_2,8,2,0.008832199809377913
pythia-410m,medium,draw_2,8,3,0.01724012578889198
pythia-410m,medium,draw_2,8,4,0.013593468036275955
pythia-410m,medium,draw_2,8,5,0.015919577701556244
pythia-410m,medium,draw_2,8,6,0.015115773414546063
pythia-410m,medium,draw_2,8,7,0.00973011691632422
pythia-410m,medium,draw_2,8,8,0.017625805310208853
pythia-410m,medium,draw_2,8,9,0.00778376871999638
pythia-410m,medium,draw_2,8,10,0.02649638523952086
pythia-410m,medium,draw_2,8,11,0.012458935589133448
pythia-410m,medium,draw_2,8,12,0.010566408449091656
pythia-410m,medium,draw_2,8,13,0.013516891947594565
pythia-410m,medium,draw_2,8,14,0.015011639797569868
pythia-410m,medium,draw_2,8,15,0.015979243670851115
pythia-410m,medium,draw_2,9,0,0.00708301766802624
pythia-410m,medium,draw_2,9,1,0.018819163210754504
pythia-410m,medium,draw_2,9,2,0.014840432924993197
pythia-410m,medium,draw_2,9,3,0.0162964438676725
pythia-410m,medium,draw_2,9,4,0.019836144078528576
pythia-410m,medium,draw_2,9,5,0.004896228954803401
pythia-410m,medium,draw_2,9,6,0.011558278398894922
pythia-410m,medium,draw_2,9,7,0.011568159871954885
pythia-410m,medium,draw_2,9,8,0.01253492572319246
pythia-410m,medium,draw_2,9,9,0.014649709010570512
pythia-410m,medium,draw_2,9,10,0.011861310882177371
pythia-410m,medium,draw_2,9,11,0.00917359584977632
pythia-410m,medium,draw_2,9,12,0.011925562454003964
pythia-410m,medium,draw_2,9,13,0.013483814693094866
pythia-410m,medium,draw_2,9,14,0.017689511758078105
pythia-410m,medium,draw_2,9,15,0.015434563068676618
pythia-410m,medium,draw_2,10,0,0.008755583295627473
pythia-410m,medium,draw_2,10,1,0.008238707582937984
pythia-410m,medium,draw_2,10,2,0.010001808149484153
pythia-410m,medium,draw_2,10,3,0.021167064565427027
pythia-410m,medium,draw_2,10,4,0.010611686292338687
pythia-410m,medium,draw_2,10,5,0.009233851189711659
pythia-410m,medium,draw_2,10,6,0.015509431331708236
pythia-410m,medium,draw_2,10,7,0.009173565710357922
pythia-410m,medium,draw_2,10,8,0.01043575785450135
pythia-410m,medium,draw_2,10,9,0.008118070148267584
pythia-410m,medium,draw_2,10,10,0.01523143271084158
pythia-410m,medium,draw_2,10,11,0.019390403014317926
pythia-410m,medium,draw_2,10,12,0.009260202166193773
pythia-410m,medium,draw_2,10,13,0.01446290740283248
pythia-410m,medium,draw_2,10,14,0.018697232666921023
pythia-410m,medium,draw_2,10,15,0.010694937665726273
pythia-410m,medium,draw_2,11,0,0.009062964475275825
pythia-410m,medium,draw_2,11,1,0.01908421557969324
pythia-410m,medium,draw_2,11,2,0.008472846243569495
pythia-410m,medium,draw_2,11,3,0.0055717071799234056
pythia-410m,medium,draw_2,11,4,0.006753818895777264
pythia-410m,medium,draw_2,11,5,0.0083698422138986
pythia-410m,medium,draw_2,11,6,0.013825428110072995
pythia-410m,medium,draw_2,11,7,0.005199185027566459
pythia-410m,medium,draw_2,11,8,0.008241778582219016
pythia-410m,medium,draw_2,11,9,0.008487059322458374
pythia-410m,medium,draw_2,11,10,0.009757812176159227
pythia-410m,medium,draw_2,11,11,0.009105834192577303
pythia-410m,medium,draw_2,11,12,0.008946966439759433
pythia-410m,medium,draw_2,11,13,0.011377187345819726
pythia-410m,medium,draw_2,11,14,0.007962028968372097
pythia-410m,medium,draw_2,11,15,0.01431123933018798
pythia-410m,medium,draw_2,12,0,0.01471478219977646
pythia-410m,medium,draw_2,12,1,0.016106855310448788
pythia-410m,medium,draw_2,12,2,0.009914777600968198
pythia-410m,medium,draw_2,12,3,0.007323762263536694
pythia-410m,medium,draw_2,12,4,0.010318840012411916
pythia-410m,medium,draw_2,12,5,0.01584859949104087
pythia-410m,medium,draw_2,12,6,0.008930515086796566
pythia-410m,medium,draw_2,12,7,0.01068145887752459
pythia-410m,medium,draw_2,12,8,0.011368817405295406
pythia-410m,medium,draw_2,12,9,0.028893108376979264
pythia-410m,medium,draw_2,12,10,0.00962948073942445
pythia-410m,medium,draw_2,12,11,0.02748850839051301
pythia-410m,medium,draw_2,12,12,0.011240369123153288
pythia-410m,medium,draw_2,12,13,0.011567732168439584
pythia-410m,medium,draw_2,12,14,0.009673073413197666
pythia-410m,medium,draw_2,12,15,0.00634967847395319
pythia-410m,medium,draw_2,13,0,0.018129127115804174
pythia-410m,medium,draw_2,13,1,0.013113130464970986
pythia-410m,medium,draw_2,13,2,0.009649878251463998
pythia-410m,medium,draw_2,13,3,0.010473060467227171
pythia-410m,medium,draw_2,13,4,0.00790241631391706
pythia-410m,medium,draw_2,13,5,0.006741038523675074
pythia-410m,medium,draw_2,13,6,0.012909677272256401
pythia-410m,medium,draw_2,13,7,0.010200142764978291
pythia-410m,medium,draw_2,13,8,0.01906445098492384
pythia-410m,medium,draw_2,13,9,0.011125425765912675
pythia-410m,medium,draw_2,13,10,0.015787709824326982
pythia-410m,medium,draw_2,13,11,0.021493393728181872
pythia-410m,medium,draw_2,13,12,0.0242421126930012
pythia-410m,medium,draw_2,13,13,0.007365450435206706
pythia-410m,medium,draw_2,13,14,0.014046004902073415
pythia-410m,medium,draw_2,13,15,0.00934692611858713
pythia-410m,medium,draw_2,14,0,0.01351125599174023
pythia-410m,medium,draw_2,14,1,0.007782188113617001
pythia-410m,medium,draw_2,14,2,0.024350369339448705
pythia-410m,medium,draw_2,14,3,0.026679367612258687
pythia-410m,medium,draw_2,14,4,0.010380436135265077
pythia-410m,medium,draw_2,14,5,0.016128309964620464
pythia-410m,medium,draw_2,14,6,0.009468481284284902
pythia-410m,medium,draw_2,14,7,0.02308241510306083
pythia-410m,medium,draw_2,14,8,0.010770008516926461
pythia-410m,medium,draw_2,14,9,0.01410709502406487
pythia-410m,medium,draw_2,14,10,0.01188251562417006
pythia-410m,medium,draw_2,14,11,0.010425594844845397
pythia-410m,medium,draw_2,14,12,0.014657359088605092
pythia-410m,medium,draw_2,14,13,0.011362537984907805
pythia-410m,medium,draw_2,14,14,0.01065077959197205
pythia-410m,medium,draw_2,14,15,0.0215008541055957
pythia-410m,medium,draw_2,15,0,0.013854438502260865
pythia-410m,medium,draw_2,15,1,0.008945281264769064
pythia-410m,medium,draw_2,15,2,0.011241217061941602
pythia-410m,medium,draw_2,15,3,0.013779156487815625
pythia-410m,medium,draw_2,15,4,0.01113661520201326
pythia-410m,medium,draw_2,15,5,0.014549288377089287
pythia-410m,medium,draw_2,15,6,0.00927485099983112
pythia-410m,medium,draw_2,15,7,0.01079164844055582
pythia-410m,medium,draw_2,15,8,0.009509712822605551
pythia-410m,medium,draw_2,15,9,0.01180581073944398
pythia-410m,medium,draw_2,15,10,0.015909187514464934
pythia-410m,medium,draw_2,15,11,0.007586914052434188
pythia-410m,medium,draw_2,15,12,0.013691096758099371
pythia-410m,medium,draw_2,15,13,0.012618293187836067
pythia-410m,medium,draw_2,15,14,0.010250149049870937
pythia-410m,medium,draw_2,15,15,0.01059260105944276
pythia-410m,medium,draw_2,16,0,0.008633606370395959
pythia-410m,medium,draw_2,16,1,0.009583022930504973
pythia-410m,medium,draw_2,16,2,0.011231807183244751
pythia-410m,medium,draw_2,16,3,0.008172355680740796
pythia-410m,medium,draw_2,16,4,0.010497321891147684
pythia-410m,medium,draw_2,16,5,0.009168112018129733
pythia-410m,medium,draw_2,16,6,0.012945040135419117
pythia-410m,medium,draw_2,16,7,0.020928384590105396
pythia-410m,medium,draw_2,16,8,0.011073899933095977
pythia-410m,medium,draw_2,16,9,0.010396687089999426
pythia-410m,medium,draw_2,16,10,0.013023311657289002
pythia-410m,medium,draw_2,16,11,0.013257137228420594
pythia-410m,medium,draw_2,16,12,0.008951379573565248
pythia-410m,medium,draw_2,16,13,0.008428410668577517
pythia-410m,medium,draw_2,16,14,0.024710422874884543
pythia-410m,medium,draw_2,16,15,0.007739786677536608
pythia-410m,medium,draw_2,17,0,0.00948168923624801
pythia-410m,medium,draw_2,17,1,0.019089069866830184
pythia-410m,medium,draw_2,17,2,0.009083631269452603
pythia-410m,medium,draw_2,17,3,0.008776255555269053
pythia-410m,medium,draw_2,17,4,0.01989612691889015
pythia-410m,medium,draw_2,17,5,0.010894567022815403
pythia-410m,medium,draw_2,17,6,0.0048100428300714825
pythia-410m,medium,draw_2,17,7,0.01817374304741773
pythia-410m,medium,draw_2,17,8,0.006916876678338465
pythia-410m,medium,draw_2,17,9,0.011226467399328758
pythia-410m,medium,draw_2,17,10,0.01107136676725226
pythia-410m,medium,draw_2,17,11,0.012717738426334299
pythia-410m,medium,draw_2,17,12,0.008179749949489218
pythia-410m,medium,draw_2,17,13,0.007367173537361702
pythia-410m,medium,draw_2,17,14,0.009282761093227298
pythia-410m,medium,draw_2,17,15,0.012439435331339664
pythia-410m,medium,draw_2,18,0,0.018233778879555546
pythia-410m,medium,draw_2,18,1,0.009714313649837488
pythia-410m,medium,draw_2,18,2,0.012604241211865473
pythia-410m,medium,draw_2,18,3,0.07698659277997075
pythia-410m,medium,draw_2,18,4,0.012049582865596487
pythia-410m,medium,draw_2,18,5,0.00939851607950201
pythia-410m,medium,draw_2,18,6,0.010474480748031428
pythia-410m,medium,draw_2,18,7,0.013060976400239285
pythia-410m,medium,draw_2,18,8,0.021123714489379608
pythia-410m,medium,draw_2,18,9,0.005941572538636139
pythia-410m,medium,draw_2,18,10,0.012432453633863328
pythia-410m,medium,draw_2,18,11,0.019403699785058643
pythia-410m,medium,draw_2,18,12,0.01328909294840746
pythia-410m,medium,draw_2,18,13,0.01522347942475434
pythia-410m,medium,draw_2,18,14,0.02778422700708251
pythia-410m,medium,draw_2,18,15,0.0172560022339577
pythia-410m,medium,draw_2,19,0,0.011501259748297884
pythia-410m,medium,draw_2,19,1,0.007244046830176651
pythia-410m,medium,draw_2,19,2,0.017463657417460327
pythia-410m,medium,draw_2,19,3,0.010699441782467569
pythia-410m,medium,draw_2,19,4,0.02767376278897747
pythia-410m,medium,draw_2,19,5,0.009067396580937808
pythia-410m,medium,draw_2,19,6,0.02065266389681636
pythia-410m,medium,draw_2,19,7,0.016776887651001434
pythia-410m,medium,draw_2,19,8,0.02284851960765024
pythia-410m,medium,draw_2,19,9,0.014260562948239344
pythia-410m,medium,draw_2,19,10,0.012687137153885416
pythia-410m,medium,draw_2,19,11,0.01344685439514333
pythia-410m,medium,draw_2,19,12,0.021307450438866744
pythia-410m,medium,draw_2,19,13,0.008145414014129188
pythia-410m,medium,draw_2,19,14,0.010116172943555754
pythia-410m,medium,draw_2,19,15,0.018930333615278006
pythia-410m,medium,draw_2,20,0,0.014297018175828295
pythia-410m,medium,draw_2,20,1,0.017487842120919393
pythia-410m,medium,draw_2,20,2,0.021387042300071796
pythia-410m,medium,draw_2,20,3,0.029776560215235056
pythia-410m,medium,draw_2,20,4,0.012642845989137634
pythia-410m,medium,draw_2,20,5,0.014705554551133315
pythia-410m,medium,draw_2,20,6,0.013093632599092634
pythia-410m,medium,draw_2,20,7,0.02853363159344188
pythia-410m,medium,draw_2,20,8,0.0026346639449977317
pythia-410m,medium,draw_2,20,9,0.00785139393566205
pythia-410m,medium,draw_2,20,10,0.004498606998106371
pythia-410m,medium,draw_2,20,11,0.020995092922576206
pythia-410m,medium,draw_2,20,12,0.011991916325893852
pythia-410m,medium,draw_2,20,13,0.015693263974638633
pythia-410m,medium,draw_2,20,14,0.014573427712943439
pythia-410m,medium,draw_2,20,15,0.010512089624377849
pythia-410m,medium,draw_2,21,0,0.013700729919185878
pythia-410m,medium,draw_2,21,1,0.013750665630612304
pythia-410m,medium,draw_2,21,2,0.014146885943016187
pythia-410m,medium,draw_2,21,3,0.007723179878890286
pythia-410m,medium,draw_2,21,4,0.015642476738696325
pythia-410m,medium,draw_2,21,5,0.011862307646739964
pythia-410m,medium,draw_2,21,6,0.016385920984572786
pythia-410m,medium,draw_2,21,7,0.00888495978040332
pythia-410m,medium,draw_2,21,8,0.02484683554085122
pythia-410m,medium,draw_2,21,9,0.02046952192474394
pythia-410m,medium,draw_2,21,10,0.025937601993759534
pythia-410m,medium,draw_2,21,11,0.037797902398813824
pythia-410m,medium,draw_2,21,12,0.0057252086799446525
pythia-410m,medium,draw_2,21,13,0.04664041011926937
pythia-410m,medium,draw_2,21,14,0.015526565796179094
pythia-410m,medium,draw_2,21,15,0.015613480881604618
pythia-410m,medium,draw_2,22,0,0.023175908098624343
pythia-410m,medium,draw_2,22,1,0.05065012012042152
pythia-410m,medium,draw_2,22,2,0.041518413588773
pythia-410m,medium,draw_2,22,3,0.008649267285856608
pythia-410m,medium,draw_2,22,4,0.0037147208535859523
pythia-410m,medium,draw_2,22,5,0.020252467412890753
pythia-410m,medium,draw_2,22,6,0.021511437429476563
pythia-410m,medium,draw_2,22,7,0.031245380298563646
pythia-410m,medium,draw_2,22,8,0.04942518691415059
pythia-410m,medium,draw_2,22,9,0.038692940527984825
pythia-410m,medium,draw_2,22,10,0.03639260857643823
pythia-410m,medium,draw_2,22,11,0.012052835284787212
pythia-410m,medium,draw_2,22,12,0.0151240094534826
pythia-410m,medium,draw_2,22,13,0.035080862012848595
pythia-410m,medium,draw_2,22,14,0.033712605013001336
pythia-410m,medium,draw_2,22,15,0.034376654869581594
pythia-410m,medium,draw_2,23,0,0.02964068379242998
pythia-410m,medium,draw_2,23,1,0.022717498130558452
pythia-410m,medium,draw_2,23,2,0.002434735292548823
pythia-410m,medium,draw_2,23,3,0.01818878378384622
pythia-410m,medium,draw_2,23,4,0.01933605285571589
pythia-410m,medium,draw_2,23,5,0.03369963586888919
pythia-410m,medium,draw_2,23,6,0.04102183618518632
pythia-410m,medium,draw_2,23,7,0.04881933133095771
pythia-410m,medium,draw_2,23,8,0.052255201882731694
pythia-410m,medium,draw_2,23,9,0.0014431630798163839
pythia-410m,medium,draw_2,23,10,0.04609575115725207
pythia-410m,medium,draw_2,23,11,0.027482079885370728
pythia-410m,medium,draw_2,23,12,0.020989916136606137
pythia-410m,medium,draw_2,23,13,0.04969313695259815
pythia-410m,medium,draw_2,23,14,0.028865326970181158
pythia-410m,medium,draw_2,23,15,0.032249503928673685
pythia-410m,medium,draw_3,0,0,0.0
pythia-410m,medium,draw_3,0,1,0.0
pythia-410m,medium,draw_3,0,2,0.0
pythia-410m,medium,draw_3,0,3,0.0
pythia-410m,medium,draw_3,0,4,0.0
pythia-410m,medium,draw_3,0,5,0.0
pythia-410m,medium,draw_3,0,6,0.0
pythia-410m,medium,draw_3,0,7,0.0
pythia-410m,medium,draw_3,0,8,0.0
pythia-410m,medium,draw_3,0,9,0.0
pythia-410m,medium,draw_3,0,10,0.0
pythia-410m,medium,draw_3,0,11,0.0
pythia-410m,medium,draw_3,0,12,0.0
pythia-410m,medium,draw_3,0,13,0.0
pythia-410m,medium,draw_3,0,14,0.0
pythia-410m,medium,draw_3,0,15,0.0
pythia-410m,medium,draw_3,1,0,0.00611481871653559
pythia-410m,medium,draw_3,1,1,0.0033583248029968606
pythia-410m,medium,draw_3,1,2,0.008222200999490085
pythia-410m,medium,draw_3,1,3,0.003606908726867912
pythia-410m,medium,draw_3,1,4,0.0032106309511145386
pythia-410m,medium,draw_3,1,5,0.004572744934676087
pythia-410m,medium,draw_3,1,6,0.004058887635550014
pythia-410m,medium,draw_3,1,7,0.00866404167511177
pythia-410m,medium,draw_3,1,8,0.01943327200206307
pythia-410m,medium,draw_3,1,9,0.002512192210126157
pythia-410m,medium,draw_3,1,10,0.004357680146374335
pythia-410m,medium,draw_3,1,11,0.005054273421433194
pythia-410m,medium,draw_3,1,12,0.0032347440697638526
pythia-410m,medium,draw_3,1,13,0.008174858858607807
pythia-410m,medium,draw_3,1,14,0.0029789928147829015
pythia-410m,medium,draw_3,1,15,0.010184767351284605
pythia-410m,medium,draw_3,2,0,0.0060154782343507926
pythia-410m,medium,draw_3,2,1,0.008822801852888989
pythia-410m,medium,draw_3,2,2,0.0036100622930045224
pythia-410m,medium,draw_3,2,3,0.009841135274751538
pythia-410m,medium,draw_3,2,4,0.0074038389930234354
pythia-410m,medium,draw_3,2,5,0.005421698124539961
pythia-410m,medium,draw_3,2,6,0.01185958398099577
pythia-410m,medium,draw_3,2,7,0.0028726620753568707
pythia-410m,medium,draw_3,2,8,0.015485224037249138
pythia-410m,medium,draw_3,2,9,0.006768127654073495
pythia-410m,medium,draw_3,2,10,0.012067358124527047
pythia-410m,medium,draw_3,2,11,0.00580688336528531
pythia-410m,medium,draw_3,2,12,0.00313180605125025
pythia-410m,medium,draw_3,2,13,0.006076550522945967
pythia-410m,medium,draw_3,2,14,0.00493352896352592
pythia-410m,medium,draw_3,2,15,0.004768328857230467
pythia-410m,medium,draw_3,3,0,0.005012320597570266
pythia-410m,medium,draw_3,3,1,0.0032058882406492783
pythia-410m,medium,draw_3,3,2,0.013125297349303372
pythia-410m,medium,draw_3,3,3,0.0111110966937109
pythia-410m,medium,draw_3,3,4,0.004873732230051827
pythia-410m,medium,draw_3,3,5,0.009726218347703843
pythia-410m,medium,draw_3,3,6,0.007617777563128745
pythia-410m,medium,draw_3,3,7,0.014764729465090961
pythia-410m,medium,draw_3,3,8,0.004359122516385878
pythia-410m,medium,draw_3,3,9,0.009386617446063845
pythia-410m,medium,draw_3,3,10,0.005219197366864418
pythia-410m,medium,draw_3,3,11,0.009209666795718482
pythia-410m,medium,draw_3,3,12,0.005289465335989331
pythia-410m,medium,draw_3,3,13,0.004876382886083858
pythia-410m,medium,draw_3,3,14,0.010278676829871426
pythia-410m,medium,draw_3,3,15,0.0036273889905624294
pythia-410m,medium,draw_3,4,0,0.008081718630757429
pythia-410m,medium,draw_3,4,1,0.007585256695030744
pythia-410m,medium,draw_3,4,2,0.005567345153110458
pythia-410m,medium,draw_3,4,3,0.013707083682826662
pythia-410m,medium,draw_3,4,4,0.008847055241085408
pythia-410m,medium,draw_3,4,5,0.01775130423854995
pythia-410m,medium,draw_3,4,6,0.0075547341786138785
pythia-410m,medium,draw_3,4,7,0.004264116653824156
pythia-410m,medium,draw_3,4,8,0.0051784764775752255
pythia-410m,medium,draw_3,4,9,0.005412583602763142
pythia-410m,medium,draw_3,4,10,0.01599293437435747
pythia-410m,medium,draw_3,4,11,0.005367035036701373
pythia-410m,medium,draw_3,4,12,0.01321432166339607
pythia-410m,medium,draw_3,4,13,0.008977632091375915
pythia-410m,medium,draw_3,4,14,0.0028150937703122357
pythia-410m,medium,draw_3,4,15,0.006542444919854304
pythia-410m,medium,draw_3,5,0,0.009839535210130855
pythia-410m,medium,draw_3,5,1,0.01208005670778416
pythia-410m,medium,draw_3,5,2,0.0034671128491681013
pythia-410m,medium,draw_3,5,3,0.01318989708999308
pythia-410m,medium,draw_3,5,4,0.015580032506973759
pythia-410m,medium,draw_3,5,5,0.006191590935151747
pythia-410m,medium,draw_3,5,6,0.004018334090666063
pythia-410m,medium,draw_3,5,7,0.0018951790724534465
pythia-410m,medium,draw_3,5,8,0.013887577110835266
pythia-410m,medium,draw_3,5,9,0.006048002513416555
pythia-410m,medium,draw_3,5,10,0.008255963789832576
pythia-410m,medium,draw_3,5,11,0.01186239597137519
pythia-410m,medium,draw_3,5,12,0.013312819070753304
pythia-410m,medium,draw_3,5,13,0.009052806280934862
pythia-410m,medium,draw_3,5,14,0.011482317344422023
pythia-410m,medium,draw_3,5,15,0.0048578817965060925
pythia-410m,medium,draw_3,6,0,0.010502336147017998
pythia-410m,medium,draw_3,6,1,0.024358049749605457
pythia-410m,medium,draw_3,6,2,0.010117980951692565
pythia-410m,medium,draw_3,6,3,0.017631894730591662
pythia-410m,medium,draw_3,6,4,0.018472262561625777
pythia-410m,medium,draw_3,6,5,0.014228057329491936
pythia-410m,medium,draw_3,6,6,0.022258598699706724
pythia-410m,medium,draw_3,6,7,0.010035493398090846
pythia-410m,medium,draw_3,6,8,0.005371243436851638
pythia-410m,medium,draw_3,6,9,0.00577407578642437
pythia-410m,medium,draw_3,6,10,0.008186358107861278
pythia-410m,medium,draw_3,6,11,0.008806957134596356
pythia-410m,medium,draw_3,6,12,0.006573776054550114
pythia-410m,medium,draw_3,6,13,0.008898853961042527
pythia-410m,medium,draw_3,6,14,0.006404761971677984
pythia-410m,medium,draw_3,6,15,0.03067535052913381
pythia-410m,medium,draw_3,7,0,0.008197135597849231
pythia-410m,medium,draw_3,7,1,0.010772400127665819
pythia-410m,medium,draw_3,7,2,0.004353838174884293
pythia-410m,medium,draw_3,7,3,0.021983255373092845
pythia-410m,medium,draw_3,7,4,0.010553279147656382
pythia-410m,medium,draw_3,7,5,0.007913565342577405
pythia-410m,medium,draw_3,7,6,0.021196163430200806
pythia-410m,medium,draw_3,7,7,0.006644094486447549
pythia-410m,medium,draw_3,7,8,0.003164493722177575
pythia-410m,medium,draw_3,7,9,0.009809787552261865
pythia-410m,medium,draw_3,7,10,0.012587266341266766
pythia-410m,medium,draw_3,7,11,0.011783378799059364
pythia-410m,medium,draw_3,7,12,0.014217452961783991
pythia-410m,medium,draw_3,7,13,0.011225818624984452
pythia-410m,medium,draw_3,7,14,0.021558156714162807
pythia-410m,medium,draw_3,7,15,0.010217604495428054
pythia-410m,medium,draw_3,8,0,0.009745457432921881
pythia-410m,medium,draw_3,8,1,0.011883080174116732
pythia-410m,medium,draw_3,8,2,0.009034710835594977
pythia-410m,medium,draw_3,8,3,0.031666871578864345
pythia-410m,medium,draw_3,8,4,0.011799940842172316
pythia-410m,medium,draw_3,8,5,0.015937459128399875
pythia-410m,medium,draw_3,8,6,0.018907683895450153
pythia-410m,medium,draw_3,8,7,0.013786520689903858
pythia-410m,medium,draw_3,8,8,0.025079417837841785
pythia-410m,medium,draw_3,8,9,0.015208183773334308
pythia-410m,medium,draw_3,8,10,0.03423112677002965
pythia-410m,medium,draw_3,8,11,0.004501769482059059
pythia-410m,medium,draw_3,8,12,0.018048390220635976
pythia-410m,medium,draw_3,8,13,0.01975320083249884
pythia-410m,medium,draw_3,8,14,0.019117457250547858
pythia-410m,medium,draw_3,8,15,0.016413182613246736
pythia-410m,medium,draw_3,9,0,0.007939175039901717
pythia-410m,medium,draw_3,9,1,0.008980098774404312
pythia-410m,medium,draw_3,9,2,0.006081987800776763
pythia-410m,medium,draw_3,9,3,0.01568315531496686
pythia-410m,medium,draw_3,9,4,0.006262722235859244
pythia-410m,medium,draw_3,9,5,0.007553693959982101
pythia-410m,medium,draw_3,9,6,0.01349999750184769
pythia-410m,medium,draw_3,9,7,0.010902813209053784
pythia-410m,medium,draw_3,9,8,0.014076405035687804
pythia-410m,medium,draw_3,9,9,0.0036255622143383627
pythia-410m,medium,draw_3,9,10,0.009161263731397265
pythia-410m,medium,draw_3,9,11,0.0052487267920482816
pythia-410m,medium,draw_3,9,12,0.013701838203889165
pythia-410m,medium,draw_3,9,13,0.017896248813811994
pythia-410m,medium,draw_3,9,14,0.011958866026282008
pythia-410m,medium,draw_3,9,15,0.011319876156549452
pythia-410m,medium,draw_3,10,0,0.006578491334652723
pythia-410m,medium,draw_3,10,1,0.01250535963684346
pythia-410m,medium,draw_3,10,2,0.009684758346361632
pythia-410m,medium,draw_3,10,3,0.02275587879684624
pythia-410m,medium,draw_3,10,4,0.013807947407228596
pythia-410m,medium,draw_3,10,5,0.008071528031399534
pythia-410m,medium,draw_3,10,6,0.011212830712838275
pythia-410m,medium,draw_3,10,7,0.010805275285624581
pythia-410m,medium,draw_3,10,8,0.0037063224463931834
pythia-410m,medium,draw_3,10,9,0.005900725103053974
pythia-410m,medium,draw_3,10,10,0.01755582368309926
pythia-410m,medium,draw_3,10,11,0.023654148769647325
pythia-410m,medium,draw_3,10,12,0.00963779583834671
pythia-410m,medium,draw_3,10,13,0.025747476025109843
pythia-410m,medium,draw_3,10,14,0.013846967497417999
pythia-410m,medium,draw_3,10,15,0.011159045177632845
pythia-410m,medium,draw_3,11,0,0.008062768090737383
pythia-410m,medium,draw_3,11,1,0.03780990302511466
pythia-410m,medium,draw_3,11,2,0.013281771223625442
pythia-410m,medium,draw_3,11,3,0.006083996675740661
pythia-410m,medium,draw_3,11,4,0.010349787591420958
pythia-410m,medium,draw_3,11,5,0.006960880268033704
pythia-410m,medium,draw_3,11,6,0.008761872596475298
pythia-410m,medium,draw_3,11,7,0.008776069016961098
pythia-410m,medium,draw_3,11,8,0.006782409443734316
pythia-410m,medium,draw_3,11,9,0.006708041828348057
pythia-410m,medium,draw_3,11,10,0.004516045755262412
pythia-410m,medium,draw_3,11,11,0.002877734649558382
pythia-410m,medium,draw_3,11,12,0.008793455588955824
pythia-410m,medium,draw_3,11,13,0.00885257850602416
pythia-410m,medium,draw_3,11,14,0.005145536672288965
pythia-410m,medium,draw_3,11,15,0.028574045315031674
pythia-410m,medium,draw_3,12,0,0.007995049442730193
pythia-410m,medium,draw_3,12,1,0.007618293315141591
pythia-410m,medium,draw_3,12,2,0.010161753513620296
pythia-410m,medium,draw_3,12,3,0.007053319539850261
pythia-410m,medium,draw_3,12,4,0.01946682437088369
pythia-410m,medium,draw_3,12,5,0.013902337479569859
pythia-410m,medium,draw_3,12,6,0.009917719902110891
pythia-410m,medium,draw_3,12,7,0.017917989183557293
pythia-410m,medium,draw_3,12,8,0.01903381953163656
pythia-410m,medium,draw_3,12,9,0.01177116681615729
pythia-410m,medium,draw_3,12,10,0.01919988634922122
pythia-410m,medium,draw_3,12,11,0.015379901886458937
pythia-410m,medium,draw_3,12,12,0.010853014174824214
pythia-410m,medium,draw_3,12,13,0.008702698214072406
pythia-410m,medium,draw_3,12,14,0.007782440546051951
pythia-410m,medium,draw_3,12,15,0.005033550500632143
pythia-410m,medium,draw_3,13,0,0.013925544922683913
pythia-410m,medium,draw_3,13,1,0.01811958714395831
pythia-410m,medium,draw_3,13,2,0.011379892200864493
pythia-410m,medium,draw_3,13,3,0.01549160066555772
pythia-410m,medium,draw_3,13,4,0.010230628695321884
pythia-410m,medium,draw_3,13,5,0.005000651274534246
pythia-410m,medium,draw_3,13,6,0.01017798833424054
pythia-410m,medium,draw_3,13,7,0.008269399689311256
pythia-410m,medium,draw_3,13,8,0.02036145613879389
pythia-410m,medium,draw_3,13,9,0.014873567743942885
pythia-410m,medium,draw_3,13,10,0.019734128389880916
pythia-410m,medium,draw_3,13,11,0.01703723490483032
pythia-410m,medium,draw_3,13,12,0.0282774047302203
pythia-410m,medium,draw_3,13,13,0.007457751691165921
pythia-410m,medium,draw_3,13,14,0.012020624380432061
pythia-410m,medium,draw_3,13,15,0.00915693983171381
pythia-410m,medium,draw_3,14,0,0.016053491623860515
pythia-410m,medium,draw_3,14,1,0.010159605244589443
pythia-410m,medium,draw_3,14,2,0.035911914215059675
pythia-410m,medium,draw_3,14,3,0.014452667164639187
pythia-410m,medium,draw_3,14,4,0.004725959608596063
pythia-410m,medium,draw_3,14,5,0.02585807897886962
pythia-410m,medium,draw_3,14,6,0.009130493643774808
pythia-410m,medium,draw_3,14,7,0.014067015692751076
pythia-410m,medium,draw_3,14,8,0.011662200244587235
pythia-410m,medium,draw_3,14,9,0.011848980264765666
pythia-410m,medium,draw_3,14,10,0.01119485032136837
pythia-410m,medium,draw_3,14,11,0.012582844706119546
pythia-410m,medium,draw_3,14,12,0.01642366950525214
pythia-410m,medium,draw_3,14,13,0.0066957315510773495
pythia-410m,medium,draw_3,14,14,0.012190609853834597
pythia-410m,medium,draw_3,14,15,0.015854634477301694
pythia-410m,medium,draw_3,15,0,0.012253028516096458
pythia-410m,medium,draw_3,15,1,0.003584073536430329
pythia-410m,medium,draw_3,15,2,0.01850289878464124
pythia-410m,medium,draw_3,15,3,0.015026941829870173
pythia-410m,medium,draw_3,15,4,0.004968656001742603
pythia-410m,medium,draw_3,15,5,0.018467731534129596
pythia-410m,medium,draw_3,15,6,0.016000276463802775
pythia-410m,medium,draw_3,15,7,0.007311467156805654
pythia-410m,medium,draw_3,15,8,0.01246401647866743
pythia-410m,medium,draw_3,15,9,0.009138821681632834
pythia-410m,medium,draw_3,15,10,0.014318633240527755
pythia-410m,medium,draw_3,15,11,0.005184677413923491
pythia-410m,medium,draw_3,15,12,0.022508141423873685
pythia-410m,medium,draw_3,15,13,0.009934145528084623
pythia-410m,medium,draw_3,15,14,0.012217336119803957
pythia-410m,medium,draw_3,15,15,0.01462459212838881
pythia-410m,medium,draw_3,16,0,0.010056097683870297
pythia-410m,medium,draw_3,16,1,0.011953143119019132
pythia-410m,medium,draw_3,16,2,0.0067992267739707644
pythia-410m,medium,draw_3,16,3,0.012560161712203012
pythia-410m,medium,draw_3,16,4,0.013095585136607444
pythia-410m,medium,draw_3,16,5,0.01632190164235749
pythia-410m,medium,draw_3,16,6,0.008543651350115639
pythia-410m,medium,draw_3,16,7,0.02408762126745096
pythia-410m,medium,draw_3,16,8,0.0053141454201142135
pythia-410m,medium,draw_3,16,9,0.007729363895626965
pythia-410m,medium,draw_3,16,10,0.013790041447057031
pythia-410m,medium,draw_3,16,11,0.014350462688599514
pythia-410m,medium,draw_3,16,12,0.011503615393871944
pythia-410m,medium,draw_3,16,13,0.011116510876886322
pythia-410m,medium,draw_3,16,14,0.021289792288949377
pythia-410m,medium,draw_3,16,15,0.01310000810759986
pythia-410m,medium,draw_3,17,0,0.019516231305731054
pythia-410m,medium,draw_3,17,1,0.02538457899369157
pythia-410m,medium,draw_3,17,2,0.011494415264932232
pythia-410m,medium,draw_3,17,3,0.00794134034592921
pythia-410m,medium,draw_3,17,4,0.011066905540681316
pythia-410m,medium,draw_3,17,5,0.011683172868900991
pythia-410m,medium,draw_3,17,6,0.007290582109653994
pythia-410m,medium,draw_3,17,7,0.023368973689553086
pythia-410m,medium,draw_3,17,8,0.0030594395278680533
pythia-410m,medium,draw_3,17,9,0.01588916432262896
pythia-410m,medium,draw_3,17,10,0.016959769947973033
pythia-410m,medium,draw_3,17,11,0.01902885020616777
pythia-410m,medium,draw_3,17,12,0.005590360426832737
pythia-410m,medium,draw_3,17,13,0.0056594103481460815
pythia-410m,medium,draw_3,17,14,0.0036390872346867458
pythia-410m,medium,draw_3,17,15,0.012403679244534517
pythia-410m,medium,draw_3,18,0,0.008601490596602585
pythia-410m,medium,draw_3,18,1,0.005069223870664763
pythia-410m,medium,draw_3,18,2,0.009366125138038644
pythia-410m,medium,draw_3,18,3,0.05901006382365065
pythia-410m,medium,draw_3,18,4,0.011443778351623824
pythia-410m,medium,draw_3,18,5,0.005150270797339497
pythia-410m,medium,draw_3,18,6,0.003738640758214325
pythia-410m,medium,draw_3,18,7,0.012484938867757823
pythia-410m,medium,draw_3,18,8,0.010049238747431565
pythia-410m,medium,draw_3,18,9,0.006550789365325523
pythia-410m,medium,draw_3,18,10,0.01369003809434087
pythia-410m,medium,draw_3,18,11,0.020012181084124964
pythia-410m,medium,draw_3,18,12,0.01194074585766592
pythia-410m,medium,draw_3,18,13,0.012500865960300516
pythia-410m,medium,draw_3,18,14,0.012563094886826533
pythia-410m,medium,draw_3,18,15,0.014727933071115395
pythia-410m,medium,draw_3,19,0,0.005778913203865131
pythia-410m,medium,draw_3,19,1,0.0031813165807266
pythia-410m,medium,draw_3,19,2,0.020381372377467413
pythia-410m,medium,draw_3,19,3,0.007908460868065592
pythia-410m,medium,draw_3,19,4,0.015251609543714953
pythia-410m,medium,draw_3,19,5,0.004377790193549925
pythia-410m,medium,draw_3,19,6,0.02490675059762852
pythia-410m,medium,draw_3,19,7,0.018502532287492043
pythia-410m,medium,draw_3,19,8,0.013961559043566872
pythia-410m,medium,draw_3,19,9,0.0185412190204745
pythia-410m,medium,draw_3,19,10,0.006433884172704114
pythia-410m,medium,draw_3,19,11,0.014640428419890075
pythia-410m,medium,draw_3,19,12,0.015394573682398903
pythia-410m,medium,draw_3,19,13,0.00307665740166471
pythia-410m,medium,draw_3,19,14,0.007534100013090362
pythia-410m,medium,draw_3,19,15,0.01112134278843963
pythia-410m,medium,draw_3,20,0,0.006596486313256499
pythia-410m,medium,draw_3,20,1,0.022486393694176092
pythia-410m,medium,draw_3,20,2,0.01800199250672933
pythia-410m,medium,draw_3,20,3,0.016221752422758286
pythia-410m,medium,draw_3,20,4,0.01779373462114291
pythia-410m,medium,draw_3,20,5,0.0005168376455566659
pythia-410m,medium,draw_3,20,6,0.016011287375123293
pythia-410m,medium,draw_3,20,7,0.024132627555938733
pythia-410m,medium,draw_3,20,8,0.0003878777559744268
pythia-410m,medium,draw_3,20,9,0.00035265676290127397
pythia-410m,medium,draw_3,20,10,0.0008705275816183293
pythia-410m,medium,draw_3,20,11,0.04010924143596207
pythia-410m,medium,draw_3,20,12,0.007866981462393998
pythia-410m,medium,draw_3,20,13,0.01734346815365673
pythia-410m,medium,draw_3,20,14,0.010527793192602735
pythia-410m,medium,draw_3,20,15,0.007618669601061003
pythia-410m,medium,draw_3,21,0,0.01586635088241074
pythia-410m,medium,draw_3,21,1,0.01798954284129052
pythia-410m,medium,draw_3,21,2,0.013543232621300673
pythia-410m,medium,draw_3,21,3,0.0036899092620041635
pythia-410m,medium,draw_3,21,4,0.014454611294270479
pythia-410m,medium,draw_3,21,5,0.013333300665601806
pythia-410m,medium,draw_3,21,6,0.02248627850240366
pythia-410m,medium,draw_3,21,7,0.009798229446830954
pythia-410m,medium,draw_3,21,8,0.02263635828868362
pythia-410m,medium,draw_3,21,9,0.02264065344394387
pythia-410m,medium,draw_3,21,10,0.019476293195028613
pythia-410m,medium,draw_3,21,11,0.03690339633199227
pythia-410m,medium,draw_3,21,12,0.008855574656014345
pythia-410m,medium,draw_3,21,13,0.04025100664016937
pythia-410m,medium,draw_3,21,14,0.01166478786301825
pythia-410m,medium,draw_3,21,15,0.001598448056626512
pythia-410m,medium,draw_3,22,0,0.02170856368815147
pythia-410m,medium,draw_3,22,1,0.050432751663690864
pythia-410m,medium,draw_3,22,2,0.025693415352105377
pythia-410m,medium,draw_3,22,3,0.01313160429280935
pythia-410m,medium,draw_3,22,4,0.0025941052833757068
pythia-410m,medium,draw_3,22,5,0.025664923730026955
pythia-410m,medium,draw_3,22,6,0.025894070626818987
pythia-410m,medium,draw_3,22,7,0.02889082979000228
pythia-410m,medium,draw_3,22,8,0.05489570077749519
pythia-410m,medium,draw_3,22,9,0.021214473657482726
pythia-410m,medium,draw_3,22,10,0.04244362258083469
pythia-410m,medium,draw_3,22,11,0.009291023909553265
pythia-410m,medium,draw_3,22,12,0.011008242103367821
pythia-410m,medium,draw_3,22,13,0.028716359956389922
pythia-410m,medium,draw_3,22,14,0.025249618078063387
pythia-410m,medium,draw_3,22,15,0.03217011261601424
pythia-410m,medium,draw_3,23,0,0.029763624350577875
pythia-410m,medium,draw_3,23,1,0.024677382460252324
pythia-410m,medium,draw_3,23,2,0.003290223383913451
pythia-410m,medium,draw_3,23,3,0.021577400686011508
pythia-410m,medium,draw_3,23,4,0.007543096756972525
pythia-410m,medium,draw_3,23,5,0.020330929304890936
pythia-410m,medium,draw_3,23,6,0.0383660214759032
pythia-410m,medium,draw_3,23,7,0.06372699121894773
pythia-410m,medium,draw_3,23,8,0.033227734351442634
pythia-410m,medium,draw_3,23,9,0.0011448904853234717
pythia-410m,medium,draw_3,23,10,0.049854907727210164
pythia-410m,medium,draw_3,23,11,0.02997718724734883
pythia-410m,medium,draw_3,23,12,0.02414682035668313
pythia-410m,medium,draw_3,23,13,0.03332123016690298
pythia-410m,medium,draw_3,23,14,0.026004135136988734
pythia-410m,medium,draw_3,23,15,0.014387568057909963
pythia-410m,high,draw_1,0,0,0.0
pythia-410m,high,draw_1,0,1,0.0
pythia-410m,high,draw_1,0,2,0.0
pythia-410m,high,draw_1,0,3,0.0
pythia-410m,high,draw_1,0,4,0.0
pythia-410m,high,draw_1,0,5,0.0
pythia-410m,high,draw_1,0,6,0.0
pythia-410m,high,draw_1,0,7,0.0
pythia-410m,high,draw_1,0,8,0.0
pythia-410m,high,draw_1,0,9,0.0
pythia-410m,high,draw_1,0,10,0.0
pythia-410m,high,draw_1,0,11,0.0
pythia-410m,high,draw_1,0,12,0.0
pythia-410m,high,draw_1,0,13,0.0
pythia-410m,high,draw_1,0,14,0.0
pythia-410m,high,draw_1,0,15,0.0
pythia-410m,high,draw_1,1,0,0.0012390699573472978
pythia-410m,high,draw_1,1,1,0.0022132543477881854
pythia-410m,high,draw_1,1,2,0.0037941244413244157
pythia-410m,high,draw_1,1,3,0.005368932646858202
pythia-410m,high,draw_1,1,4,0.005569541616988008
pythia-410m,high,draw_1,1,5,0.002587860934968894
pythia-410m,high,draw_1,1,6,0.0056188331479645175
pythia-410m,high,draw_1,1,7,0.003928494632201059
pythia-410m,high,draw_1,1,8,0.007614388968130844
pythia-410m,high,draw_1,1,9,0.005668729984192646
pythia-410m,high,draw_1,1,10,0.005939404016057779
pythia-410m,high,draw_1,1,11,0.004594705073106722
pythia-410m,high,draw_1,1,12,0.002298498347080421
pythia-410m,high,draw_1,1,13,0.003421243308142965
pythia-410m,high,draw_1,1,14,0.00310927196589863
pythia-410m,high,draw_1,1,15,0.00657887013635827
pythia-410m,high,draw_1,2,0,0.004687033632542953
pythia-410m,high,draw_1,2,1,0.0030697577833216708
pythia-410m,high,draw_1,2,2,0.0020819092579721097
pythia-410m,high,draw_1,2,3,0.004692969004933137
pythia-410m,high,draw_1,2,4,0.003978270214369724
pythia-410m,high,draw_1,2,5,0.002627926022243708
pythia-410m,high,draw_1,2,6,0.0020468899161217554
pythia-410m,high,draw_1,2,7,0.00392326731160788
pythia-410m,high,draw_1,2,8,0.016448988764089748
pythia-410m,high,draw_1,2,9,0.003322110758501634
pythia-410m,high,draw_1,2,10,0.008936398757391637
pythia-410m,high,draw_1,2,11,0.0034548081204366352
pythia-410m,high,draw_1,2,12,0.0018193826592630437
pythia-410m,high,draw_1,2,13,0.00430261326315078
pythia-410m,high,draw_1,2,14,0.001698448709595247
pythia-410m,high,draw_1,2,15,0.0037711750656348035
pythia-410m,high,draw_1,3,0,0.005016165175931182
pythia-410m,high,draw_1,3,1,0.004877522702656134
pythia-410m,high,draw_1,3,2,0.011719877466959914
pythia-410m,high,draw_1,3,3,0.008453951825878868
pythia-410m,high,draw_1,3,4,0.0055820903178070294
pythia-410m,high,draw_1,3,5,0.008690144950985145
pythia-410m,high,draw_1,3,6,0.0060699277813275904
pythia-410m,high,draw_1,3,7,0.016992701599411908
pythia-410m,high,draw_1,3,8,0.0059973507695075855
pythia-410m,high,draw_1,3,9,0.01275035954884716
pythia-410m,high,draw_1,3,10,0.004509872501547493
pythia-410m,high,draw_1,3,11,0.004798910386564679
pythia-410m,high,draw_1,3,12,0.005636498884623898
pythia-410m,high,draw_1,3,13,0.007078718391930589
pythia-410m,high,draw_1,3,14,0.01175127136185946
pythia-410m,high,draw_1,3,15,0.00653581334759235
pythia-410m,high,draw_1,4,0,0.005677125722649591
pythia-410m,high,draw_1,4,1,0.008454159241808182
pythia-410m,high,draw_1,4,2,0.007073296390174613
pythia-410m,high,draw_1,4,3,0.004476670359806695
pythia-410m,high,draw_1,4,4,0.013036018943903707
pythia-410m,high,draw_1,4,5,0.006448941762314515
pythia-410m,high,draw_1,4,6,0.014795231422484572
pythia-410m,high,draw_1,4,7,0.00555086035507661
pythia-410m,high,draw_1,4,8,0.009329634355732443
pythia-410m,high,draw_1,4,9,0.003267216389362784
pythia-410m,high,draw_1,4,10,0.011173085491209512
pythia-410m,high,draw_1,4,11,0.00593473726232035
pythia-410m,high,draw_1,4,12,0.019674131676539867
pythia-410m,high,draw_1,4,13,0.012854672864658351
pythia-410m,high,draw_1,4,14,0.0025301222255447726
pythia-410m,high,draw_1,4,15,0.00813301329726715
pythia-410m,high,draw_1,5,0,0.0077795829065506784
pythia-410m,high,draw_1,5,1,0.008697479649541815
pythia-410m,high,draw_1,5,2,0.003780892313219502
pythia-410m,high,draw_1,5,3,0.01698964582266465
pythia-410m,high,draw_1,5,4,0.011265981026557959
pythia-410m,high,draw_1,5,5,0.007787216520660662
pythia-410m,high,draw_1,5,6,0.004928095766325802
pythia-410m,high,draw_1,5,7,0.0013814541143656127
pythia-410m,high,draw_1,5,8,0.008249721846172139
pythia-410m,high,draw_1,5,9,0.0063404973632443535
pythia-410m,high,draw_1,5,10,0.01097579026814808
pythia-410m,high,draw_1,5,11,0.009754687383017172
pythia-410m,high,draw_1,5,12,0.005036041912481249
pythia-410m,high,draw_1,5,13,0.011209748683594551
pythia-410m,high,draw_1,5,14,0.014080049157691607
pythia-410m,high,draw_1,5,15,0.012330415745369395
pythia-410m,high,draw_1,6,0,0.009380472049668274
pythia-410m,high,draw_1,6,1,0.04446107412842447
pythia-410m,high,draw_1,6,2,0.037439485800656855
pythia-410m,high,draw_1,6,3,0.025279825802014523
pythia-410m,high,draw_1,6,4,0.02202686272682956
pythia-410m,high,draw_1,6,5,0.02386035537329374
pythia-410m,high,draw_1,6,6,0.046850322148155425
pythia-410m,high,draw_1,6,7,0.010522515867669629
pythia-410m,high,draw_1,6,8,0.02257297267129929
pythia-410m,high,draw_1,6,9,0.007712544327914554
pythia-410m,high,draw_1,6,10,0.017836151363890614
pythia-410m,high,draw_1,6,11,0.02321276229587015
pythia-410m,high,draw_1,6,12,0.005590992929051019
pythia-410m,high,draw_1,6,13,0.0063636456900238135
pythia-410m,high,draw_1,6,14,0.014694912023388143
pythia-410m,high,draw_1,6,15,0.024242573699216854
pythia-410m,high,draw_1,7,0,0.011971397683795664
pythia-410m,high,draw_1,7,1,0.016808074756159072
pythia-410m,high,draw_1,7,2,0.013107078870125872
pythia-410m,high,draw_1,7,3,0.031071011545901202
pythia-410m,high,draw_1,7,4,0.012735886568184772
pythia-410m,high,draw_1,7,5,0.019172196357764987
pythia-410m,high,draw_1,7,6,0.04404228954256673
pythia-410m,high,draw_1,7,7,0.023205524316114435
pythia-410m,high,draw_1,7,8,0.015707824653788508
pythia-410m,high,draw_1,7,9,0.01690128562117602
pythia-410m,high,draw_1,7,10,0.02017304249553235
pythia-410m,high,draw_1,7,11,0.015428982489208848
pythia-410m,high,draw_1,7,12,0.022833096652304544
pythia-410m,high,draw_1,7,13,0.05768618654846071
pythia-410m,high,draw_1,7,14,0.024256151443085006
pythia-410m,high,draw_1,7,15,0.021656428460043647
pythia-410m,high,draw_1,8,0,0.01392932305765859
pythia-410m,high,draw_1,8,1,0.02591790441283726
pythia-410m,high,draw_1,8,2,0.015486188169263834
pythia-410m,high,draw_1,8,3,0.020911933121001244
pythia-410m,high,draw_1,8,4,0.02146948493472789
pythia-410m,high,draw_1,8,5,0.013779028701335452
pythia-410m,high,draw_1,8,6,0.022110563208779854
pythia-410m,high,draw_1,8,7,0.01892074769483015
pythia-410m,high,draw_1,8,8,0.01668631608708828
pythia-410m,high,draw_1,8,9,0.016615131912316845
pythia-410m,high,draw_1,8,10,0.03206067848643335
pythia-410m,high,draw_1,8,11,0.006236101950560687
pythia-410m,high,draw_1,8,12,0.019052732238886726
pythia-410m,high,draw_1,8,13,0.017480580400131666
pythia-410m,high,draw_1,8,14,0.017358146872219943
pythia-410m,high,draw_1,8,15,0.010963575326485812
pythia-410m,high,draw_1,9,0,0.013597900286999365
pythia-410m,high,draw_1,9,1,0.016704958736490798
pythia-410m,high,draw_1,9,2,0.015881419933016814
pythia-410m,high,draw_1,9,3,0.012772531601224506
pythia-410m,high,draw_1,9,4,0.012185597676279641
pythia-410m,high,draw_1,9,5,0.013987186142843175
pythia-410m,high,draw_1,9,6,0.01785897856588988
pythia-410m,high,draw_1,9,7,0.01454140181633858
pythia-410m,high,draw_1,9,8,0.018193671425514913
pythia-410m,high,draw_1,9,9,0.013929623927005022
pythia-410m,high,draw_1,9,10,0.008084131970190676
pythia-410m,high,draw_1,9,11,0.013196297216296438
pythia-410m,high,draw_1,9,12,0.023081359734162678
pythia-410m,high,draw_1,9,13,0.0360596276491364
pythia-410m,high,draw_1,9,14,0.014962270721799243
pythia-410m,high,draw_1,9,15,0.018982237172535686
pythia-410m,high,draw_1,10,0,0.008674701264215906
pythia-410m,high,draw_1,10,1,0.010699316655936994
pythia-410m,high,draw_1,10,2,0.009891748333526665
pythia-410m,high,draw_1,10,3,0.01529489061184093
pythia-410m,high,draw_1,10,4,0.015174397748556109
pythia-410m,high,draw_1,10,5,0.015090352713208606
pythia-410m,high,draw_1,10,6,0.0068775103898696946
pythia-410m,high,draw_1,10,7,0.023575925338589987
pythia-410m,high,draw_1,10,8,0.011095461281066438
pythia-410m,high,draw_1,10,9,0.006990820183106646
pythia-410m,high,draw_1,10,10,0.015069908317739387
pythia-410m,high,draw_1,10,11,0.025492884048592887
pythia-410m,high,draw_1,10,12,0.01299780719494541
pythia-410m,high,draw_1,10,13,0.02948377715120223
pythia-410m,high,draw_1,10,14,0.013635511447110142
pythia-410m,high,draw_1,10,15,0.016137244366853643
pythia-410m,high,draw_1,11,0,0.010396074017128807
pythia-410m,high,draw_1,11,1,0.04527985428600014
pythia-410m,high,draw_1,11,2,0.02274378942527221
pythia-410m,high,draw_1,11,3,0.009851411189729353
pythia-410m,high,draw_1,11,4,0.005268984919350139
pythia-410m,high,draw_1,11,5,0.01607238934386195
pythia-410m,high,draw_1,11,6,0.011902287059685861
pythia-410m,high,draw_1,11,7,0.011854317680313855
pythia-410m,high,draw_1,11,8,0.011172475947668124
pythia-410m,high,draw_1,11,9,0.012607870516857475
pythia-410m,high,draw_1,11,10,0.007589661849521956
pythia-410m,high,draw_1,11,11,0.014242088329884882
pythia-410m,high,draw_1,11,12,0.0087668133960035
pythia-410m,high,draw_1,11,13,0.018110149819018435
pythia-410m,high,draw_1,11,14,0.008004795227820006
pythia-410m,high,draw_1,11,15,0.02533241968548273
pythia-410m,high,draw_1,12,0,0.02122515384207054
pythia-410m,high,draw_1,12,1,0.007112992787194415
pythia-410m,high,draw_1,12,2,0.013068336087174618
pythia-410m,high,draw_1,12,3,0.009484845284772612
pythia-410m,high,draw_1,12,4,0.019047825145140838
pythia-410m,high,draw_1,12,5,0.009548816667783188
pythia-410m,high,draw_1,12,6,0.010008050027227716
pythia-410m,high,draw_1,12,7,0.014008096090776778
pythia-410m,high,draw_1,12,8,0.009997357988266247
pythia-410m,high,draw_1,12,9,0.038667857919956715
pythia-410m,high,draw_1,12,10,0.017838914489098658
pythia-410m,high,draw_1,12,11,0.035417769539949046
pythia-410m,high,draw_1,12,12,0.007950513667470854
pythia-410m,high,draw_1,12,13,0.010015596459284093
pythia-410m,high,draw_1,12,14,0.016449084308095697
pythia-410m,high,draw_1,12,15,0.013967201352347287
pythia-410m,high,draw_1,13,0,0.012389638731020504
pythia-410m,high,draw_1,13,1,0.008557640555590492
pythia-410m,high,draw_1,13,2,0.016130873079198263
pythia-410m,high,draw_1,13,3,0.008961599152138754
pythia-410m,high,draw_1,13,4,0.013216736424847487
pythia-410m,high,draw_1,13,5,0.016359461650065563
pythia-410m,high,draw_1,13,6,0.008295586131348615
pythia-410m,high,draw_1,13,7,0.011559476908275555
pythia-410m,high,draw_1,13,8,0.009306006950388721
pythia-410m,high,draw_1,13,9,0.013581050896117748
pythia-410m,high,draw_1,13,10,0.008989184164038742
pythia-410m,high,draw_1,13,11,0.009469454847426425
pythia-410m,high,draw_1,13,12,0.03152115350908067
pythia-410m,high,draw_1,13,13,0.009162670961570082
pythia-410m,high,draw_1,13,14,0.012018681244111378
pythia-410m,high,draw_1,13,15,0.009708879680285856
pythia-410m,high,draw_1,14,0,0.008078765112613604
pythia-410m,high,draw_1,14,1,0.009391459281980461
pythia-410m,high,draw_1,14,2,0.02226112732299945
pythia-410m,high,draw_1,14,3,0.0279883254331039
pythia-410m,high,draw_1,14,4,0.013316220833363701
pythia-410m,high,draw_1,14,5,0.023956348637814585
pythia-410m,high,draw_1,14,6,0.010933093397741966
pythia-410m,high,draw_1,14,7,0.007348679387144605
pythia-410m,high,draw_1,14,8,0.011676877434884993
pythia-410m,high,draw_1,14,9,0.012426344577985846
pythia-410m,high,draw_1,14,10,0.010225977498695315
pythia-410m,high,draw_1,14,11,0.008337591400907283
pythia-410m,high,draw_1,14,12,0.009733759777819102
pythia-410m,high,draw_1,14,13,0.009880175645137929
pythia-410m,high,draw_1,14,14,0.010489263297657482
pythia-410m,high,draw_1,14,15,0.01755220933362172
pythia-410m,high,draw_1,15,0,0.008268336743746304
pythia-410m,high,draw_1,15,1,0.013156779712662025
pythia-410m,high,draw_1,15,2,0.013150294512039556
pythia-410m,high,draw_1,15,3,0.009222574030617922
pythia-410m,high,draw_1,15,4,0.021536164555867644
pythia-410m,high,draw_1,15,5,0.017492048794037582
pythia-410m,high,draw_1,15,6,0.01646198649802641
pythia-410m,high,draw_1,15,7,0.01105935541790484
pythia-410m,high,draw_1,15,8,0.05392008937224215
pythia-410m,high,draw_1,15,9,0.012763939428188514
pythia-410m,high,draw_1,15,10,0.022422244080552954
pythia-410m,high,draw_1,15,11,0.0163200221307506
pythia-410m,high,draw_1,15,12,0.010443676945145752
pythia-410m,high,draw_1,15,13,0.00906381542785673
pythia-410m,high,draw_1,15,14,0.007874281796088404
pythia-410m,high,draw_1,15,15,0.010678716109230523
pythia-410m,high,draw_1,16,0,0.023922598880178173
pythia-410m,high,draw_1,16,1,0.01772827354892907
pythia-410m,high,draw_1,16,2,0.012419712888577876
pythia-410m,high,draw_1,16,3,0.019289804222065197
pythia-410m,high,draw_1,16,4,0.017777776057611966
pythia-410m,high,draw_1,16,5,0.02764195234261104
pythia-410m,high,draw_1,16,6,0.011573972556018882
pythia-410m,high,draw_1,16,7,0.033782855604887134
pythia-410m,high,draw_1,16,8,0.018205928750286253
pythia-410m,high,draw_1,16,9,0.011050613067588729
pythia-410m,high,draw_1,16,10,0.01548123531335081
pythia-410m,high,draw_1,16,11,0.015988009256066648
pythia-410m,high,draw_1,16,12,0.018637366298202996
pythia-410m,high,draw_1,16,13,0.013572817239518555
pythia-410m,high,draw_1,16,14,0.017453929631723524
pythia-410m,high,draw_1,16,15,0.023615982036887542
pythia-410m,high,draw_1,17,0,0.012725651119995568
pythia-410m,high,draw_1,17,1,0.020122291961297084
pythia-410m,high,draw_1,17,2,0.006225685862131961
pythia-410m,high,draw_1,17,3,0.03651257649258271
pythia-410m,high,draw_1,17,4,0.019937115921346497
pythia-410m,high,draw_1,17,5,0.013302736003919319
pythia-410m,high,draw_1,17,6,0.011118753684177895
pythia-410m,high,draw_1,17,7,0.023750593145078637
pythia-410m,high,draw_1,17,8,0.013210535116133201
pythia-410m,high,draw_1,17,9,0.014901390165477136
pythia-410m,high,draw_1,17,10,0.01672401305970658
pythia-410m,high,draw_1,17,11,0.008405485252522748
pythia-410m,high,draw_1,17,12,0.010550247200757899
pythia-410m,high,draw_1,17,13,0.009767022256431886
pythia-410m,high,draw_1,17,14,0.019351925766229978
pythia-410m,high,draw_1,17,15,0.014982281665944095
pythia-410m,high,draw_1,18,0,0.018574883267853233
pythia-410m,high,draw_1,18,1,0.017734452508187754
pythia-410m,high,draw_1,18,2,0.010757578855739303
pythia-410m,high,draw_1,18,3,0.053541997168376855
pythia-410m,high,draw_1,18,4,0.01318227851894542
pythia-410m,high,draw_1,18,5,0.014254428840877905
pythia-410m,high,draw_1,18,6,0.016612613730269135
pythia-410m,high,draw_1,18,7,0.014419054597898405
pythia-410m,high,draw_1,18,8,0.01564238464050288
pythia-410m,high,draw_1,18,9,0.021740963402796132
pythia-410m,high,draw_1,18,10,0.01804993658446379
pythia-410m,high,draw_1,18,11,0.012662869042729034
pythia-410m,high,draw_1,18,12,0.014267702134759929
pythia-410m,high,draw_1,18,13,0.014518159462921102
pythia-410m,high,draw_1,18,14,0.016441516919578136
pythia-410m,high,draw_1,18,15,0.022824849558650582
pythia-410m,high,draw_1,19,0,0.014879954178111915
pythia-410m,high,draw_1,19,1,0.014031907463454268
pythia-410m,high,draw_1,19,2,0.015574791826200977
pythia-410m,high,draw_1,19,3,0.01427153142061489
pythia-410m,high,draw_1,19,4,0.01433437660649777
pythia-410m,high,draw_1,19,5,0.014684995094599626
pythia-410m,high,draw_1,19,6,0.029894904108786518
pythia-410m,high,draw_1,19,7,0.012245475908030046
pythia-410m,high,draw_1,19,8,0.0125217436291476
pythia-410m,high,draw_1,19,9,0.012748261676969862
pythia-410m,high,draw_1,19,10,0.011298117762641202
pythia-410m,high,draw_1,19,11,0.017148810224566532
pythia-410m,high,draw_1,19,12,0.014562101548978228
pythia-410m,high,draw_1,19,13,0.015363232790998807
pythia-410m,high,draw_1,19,14,0.009315976138827809
pythia-410m,high,draw_1,19,15,0.018409894997029802
pythia-410m,high,draw_1,20,0,0.014118012656704615
pythia-410m,high,draw_1,20,1,0.008553288825268535
pythia-410m,high,draw_1,20,2,0.011206774231409028
pythia-410m,high,draw_1,20,3,0.027544857321796568
pythia-410m,high,draw_1,20,4,0.020509780068470086
pythia-410m,high,draw_1,20,5,0.018583776860724793
pythia-410m,high,draw_1,20,6,0.012705058703308743
pythia-410m,high,draw_1,20,7,0.03084351246606097
pythia-410m,high,draw_1,20,8,0.008442659341807313
pythia-410m,high,draw_1,20,9,0.017332935805238064
pythia-410m,high,draw_1,20,10,0.01259765119053495
pythia-410m,high,draw_1,20,11,0.02146058906226142
pythia-410m,high,draw_1,20,12,0.017802605661197894
pythia-410m,high,draw_1,20,13,0.011657657423427233
pythia-410m,high,draw_1,20,14,0.02152532230024031
pythia-410m,high,draw_1,20,15,0.013309455252725316
pythia-410m,high,draw_1,21,0,0.017157813703115993
pythia-410m,high,draw_1,21,1,0.013996935218155636
pythia-410m,high,draw_1,21,2,0.02420304778619607
pythia-410m,high,draw_1,21,3,0.01774594871932797
pythia-410m,high,draw_1,21,4,0.012937692981339736
pythia-410m,high,draw_1,21,5,0.012010412440754336
pythia-410m,high,draw_1,21,6,0.019083919723316512
pythia-410m,high,draw_1,21,7,0.015406383045213993
pythia-410m,high,draw_1,21,8,0.026716443568434885
pythia-410m,high,draw_1,21,9,0.032039682075120667
pythia-410m,high,draw_1,21,10,0.014741912759858703
pythia-410m,high,draw_1,21,11,0.028789926396921295
pythia-410m,high,draw_1,21,12,0.008729647772759886
pythia-410m,high,draw_1,21,13,0.030197948312083514
pythia-410m,high,draw_1,21,14,0.012408846085533427
pythia-410m,high,draw_1,21,15,0.02285607183420621
pythia-410m,high,draw_1,22,0,0.023277631548853043
pythia-410m,high,draw_1,22,1,0.053747671743633825
pythia-410m,high,draw_1,22,2,0.05087975429919108
pythia-410m,high,draw_1,22,3,0.009819668005929502
pythia-410m,high,draw_1,22,4,0.017511582921190823
pythia-410m,high,draw_1,22,5,0.025503321116403535
pythia-410m,high,draw_1,22,6,0.032652500162024964
pythia-410m,high,draw_1,22,7,0.04200018900776594
pythia-410m,high,draw_1,22,8,0.05875004744274172
pythia-410m,high,draw_1,22,9,0.025605205113343486
pythia-410m,high,draw_1,22,10,0.04120707674608893
pythia-410m,high,draw_1,22,11,0.013311787167569263
pythia-410m,high,draw_1,22,12,0.02083394388394468
pythia-410m,high,draw_1,22,13,0.03320614716856586
pythia-410m,high,draw_1,22,14,0.033376277297738025
pythia-410m,high,draw_1,22,15,0.02622713315608244
pythia-410m,high,draw_1,23,0,0.02167202539192389
pythia-410m,high,draw_1,23,1,0.03525472795897248
pythia-410m,high,draw_1,23,2,0.00771836522242852
pythia-410m,high,draw_1,23,3,0.020777815242738407
pythia-410m,high,draw_1,23,4,0.01261993529415902
pythia-410m,high,draw_1,23,5,0.04254108521790441
pythia-410m,high,draw_1,23,6,0.041213908755051855
pythia-410m,high,draw_1,23,7,0.06188237600843216
pythia-410m,high,draw_1,23,8,0.044067562451617276
pythia-410m,high,draw_1,23,9,0.002490104636559619
pythia-410m,high,draw_1,23,10,0.052893368024426075
pythia-410m,high,draw_1,23,11,0.04971436650651152
pythia-410m,high,draw_1,23,12,0.021768709575192235
pythia-410m,high,draw_1,23,13,0.04497502385940497
pythia-410m,high,draw_1,23,14,0.02934998427088343
pythia-410m,high,draw_1,23,15,0.038141485201016956
pythia-410m,high,draw_2,0,0,0.0
pythia-410m,high,draw_2,0,1,0.0
pythia-410m,high,draw_2,0,2,0.0
pythia-410m,high,draw_2,0,3,0.0
pythia-410m,high,draw_2,0,4,0.0
pythia-410m,high,draw_2,0,5,0.0
pythia-410m,high,draw_2,0,6,0.0
pythia-410m,high,draw_2,0,7,0.0
pythia-410m,high,draw_2,0,8,0.0
pythia-410m,high,draw_2,0,9,0.0
pythia-410m,high,draw_2,0,10,0.0
pythia-410m,high,draw_2,0,11,0.0
pythia-410m,high,draw_2,0,12,0.0
pythia-410m,high,draw_2,0,13,0.0
pythia-410m,high,draw_2,0,14,0.0
pythia-410m,high,draw_2,0,15,0.0
pythia-410m,high,draw_2,1,0,0.0024737966177709536
pythia-410m,high,draw_2,1,1,0.004044500282011354
pythia-410m,high,draw_2,1,2,0.004804910663330036
pythia-410m,high,draw_2,1,3,0.00803992676282927
pythia-410m,high,draw_2,1,4,0.008611045171951897
pythia-410m,high,draw_2,1,5,0.0033957962824756813
pythia-410m,high,draw_2,1,6,0.0038822149895391274
pythia-410m,high,draw_2,1,7,0.00595876226914599
pythia-410m,high,draw_2,1,8,0.014187599177187187
pythia-410m,high,draw_2,1,9,0.004894043998828526
pythia-410m,high,draw_2,1,10,0.005236188588600718
pythia-410m,high,draw_2,1,11,0.003780540131208175
pythia-410m,high,draw_2,1,12,0.004682298098482998
pythia-410m,high,draw_2,1,13,0.004282364266724975
pythia-410m,high,draw_2,1,14,0.0036750218119838652
pythia-410m,high,draw_2,1,15,0.012592954136963447
pythia-410m,high,draw_2,2,0,0.004749097398554215
pythia-410m,high,draw_2,2,1,0.006280321835506531
pythia-410m,high,draw_2,2,2,0.0021858198688494085
pythia-410m,high,draw_2,2,3,0.0051691083414362815
pythia-410m,high,draw_2,2,4,0.0035244119181277005
pythia-410m,high,draw_2,2,5,0.0028350207975889764
pythia-410m,high,draw_2,2,6,0.0035906217960611905
pythia-410m,high,draw_2,2,7,0.00514558969824564
pythia-410m,high,draw_2,2,8,0.012474020395011722
pythia-410m,high,draw_2,2,9,0.003312743373974499
pythia-410m,high,draw_2,2,10,0.008121600224231394
pythia-410m,high,draw_2,2,11,0.0030463647873717743
pythia-410m,high,draw_2,2,12,0.0013121761530688674
pythia-410m,high,draw_2,2,13,0.004329471330966327
pythia-410m,high,draw_2,2,14,0.0026908194195610978
pythia-410m,high,draw_2,2,15,0.0034144950142355013
pythia-410m,high,draw_2,3,0,0.004562891417730991
pythia-410m,high,draw_2,3,1,0.002748832840012191
pythia-410m,high,draw_2,3,2,0.00920314670031536
pythia-410m,high,draw_2,3,3,0.01246280337246194
pythia-410m,high,draw_2,3,4,0.0065384200461603235
pythia-410m,high,draw_2,3,5,0.009501350340586254
pythia-410m,high,draw_2,3,6,0.00921236279001397
pythia-410m,high,draw_2,3,7,0.015990777774214805
pythia-410m,high,draw_2,3,8,0.003570070600440462
pythia-410m,high,draw_2,3,9,0.010053857364116249
pythia-410m,high,draw_2,3,10,0.00907437825011446
pythia-410m,high,draw_2,3,11,0.004604165770023479
pythia-410m,high,draw_2,3,12,0.004066843011900509
pythia-410m,high,draw_2,3,13,0.006415864925995274
pythia-410m,high,draw_2,3,14,0.011128619412434275
pythia-410m,high,draw_2,3,15,0.009209709457500919
pythia-410m,high,draw_2,4,0,0.005541624779643018
pythia-410m,high,draw_2,4,1,0.008479223410513562
pythia-410m,high,draw_2,4,2,0.005832411396593836
pythia-410m,high,draw_2,4,3,0.006117266423957381
pythia-410m,high,draw_2,4,4,0.011092088195629577
pythia-410m,high,draw_2,4,5,0.011032705963327033
pythia-410m,high,draw_2,4,6,0.014861990049222397
pythia-410m,high,draw_2,4,7,0.012058665345025447
pythia-410m,high,draw_2,4,8,0.006900263313568018
pythia-410m,high,draw_2,4,9,0.00374604048407656
pythia-410m,high,draw_2,4,10,0.013317208138109396
pythia-410m,high,draw_2,4,11,0.007352401236079453
pythia-410m,high,draw_2,4,12,0.009849113968919463
pythia-410m,high,draw_2,4,13,0.008541978601636992
pythia-410m,high,draw_2,4,14,0.004428014090578576
pythia-410m,high,draw_2,4,15,0.0080151210555854
pythia-410m,high,draw_2,5,0,0.007435941933296719
pythia-410m,high,draw_2,5,1,0.009028410929157547
pythia-410m,high,draw_2,5,2,0.0033200754754229836
pythia-410m,high,draw_2,5,3,0.014535264087585553
pythia-410m,high,draw_2,5,4,0.010504763071100815
pythia-410m,high,draw_2,5,5,0.009838724726930547
pythia-410m,high,draw_2,5,6,0.0052000634530413046
pythia-410m,high,draw_2,5,7,0.0018886142002459592
pythia-410m,high,draw_2,5,8,0.00711868709851659
pythia-410m,high,draw_2,5,9,0.010002557045866584
pythia-410m,high,draw_2,5,10,0.01230447027226601
pythia-410m,high,draw_2,5,11,0.011121542982160256
pythia-410m,high,draw_2,5,12,0.008215359521964389
pythia-410m,high,draw_2,5,13,0.008279053215613372
pythia-410m,high,draw_2,5,14,0.013416636822877838
pythia-410m,high,draw_2,5,15,0.009125271753890465
pythia-410m,high,draw_2,6,0,0.01622415278267456
pythia-410m,high,draw_2,6,1,0.01848056065446429
pythia-410m,high,draw_2,6,2,0.02491915359855521
pythia-410m,high,draw_2,6,3,0.02685033358982377
pythia-410m,high,draw_2,6,4,0.01866378988457705
pythia-410m,high,draw_2,6,5,0.021622105219854908
pythia-410m,high,draw_2,6,6,0.041720909924885516
pythia-410m,high,draw_2,6,7,0.009274287724344892
pythia-410m,high,draw_2,6,8,0.014227341889541585
pythia-410m,high,draw_2,6,9,0.005523446180794253
pythia-410m,high,draw_2,6,10,0.010531244075172835
pythia-410m,high,draw_2,6,11,0.01468259088293776
pythia-410m,high,draw_2,6,12,0.009343980841751408
pythia-410m,high,draw_2,6,13,0.006523031936676147
pythia-410m,high,draw_2,6,14,0.0060902021163777055
pythia-410m,high,draw_2,6,15,0.02245727281113722
pythia-410m,high,draw_2,7,0,0.016253103145624278
pythia-410m,high,draw_2,7,1,0.01639782484890167
pythia-410m,high,draw_2,7,2,0.018921907459549345
pythia-410m,high,draw_2,7,3,0.03685061531222416
pythia-410m,high,draw_2,7,4,0.014464247538156795
pythia-410m,high,draw_2,7,5,0.015749627097988467
pythia-410m,high,draw_2,7,6,0.04774455347504917
pythia-410m,high,draw_2,7,7,0.022196975711149355
pythia-410m,high,draw_2,7,8,0.021204963672924973
pythia-410m,high,draw_2,7,9,0.01558265778953555
pythia-410m,high,draw_2,7,10,0.019585569662802386
pythia-410m,high,draw_2,7,11,0.014399174005571261
pythia-410m,high,draw_2,7,12,0.027117341057065952
pythia-410m,high,draw_2,7,13,0.030559425272838312
pythia-410m,high,draw_2,7,14,0.035836788873640675
pythia-410m,high,draw_2,7,15,0.017438185822765098
pythia-410m,high,draw_2,8,0,0.010316992448570214
pythia-410m,high,draw_2,8,1,0.021092443293258097
pythia-410m,high,draw_2,8,2,0.013251667525630118
pythia-410m,high,draw_2,8,3,0.0400062781534884
pythia-410m,high,draw_2,8,4,0.02407639039663726
pythia-410m,high,draw_2,8,5,0.024794640158231886
pythia-410m,high,draw_2,8,6,0.03503853907029389
pythia-410m,high,draw_2,8,7,0.024882405611226715
pythia-410m,high,draw_2,8,8,0.021180643422689518
pythia-410m,high,draw_2,8,9,0.022607894021247205
pythia-410m,high,draw_2,8,10,0.028434148505152843
pythia-410m,high,draw_2,8,11,0.005463345711992738
pythia-410m,high,draw_2,8,12,0.023214466128165693
pythia-410m,high,draw_2,8,13,0.020162279900632803
pythia-410m,high,draw_2,8,14,0.017725883128108685
pythia-410m,high,draw_2,8,15,0.014587616320361457
pythia-410m,high,draw_2,9,0,0.01556428927663112
pythia-410m,high,draw_2,9,1,0.018472715524474305
pythia-410m,high,draw_2,9,2,0.01824573171501841
pythia-410m,high,draw_2,9,3,0.02619179031978007
pythia-410m,high,draw_2,9,4,0.01068746107983892
pythia-410m,high,draw_2,9,5,0.01303090591302998
pythia-410m,high,draw_2,9,6,0.0151334430241844
pythia-410m,high,draw_2,9,7,0.018259415761803226
pythia-410m,high,draw_2,9,8,0.023241422444261983
pythia-410m,high,draw_2,9,9,0.016610980868424212
pythia-410m,high,draw_2,9,10,0.013526818608049704
pythia-410m,high,draw_2,9,11,0.015979691717208443
pythia-410m,high,draw_2,9,12,0.03173756965426358
pythia-410m,high,draw_2,9,13,0.03992165675308905
pythia-410m,high,draw_2,9,14,0.01765124688958294
pythia-410m,high,draw_2,9,15,0.023102600305749153
pythia-410m,high,draw_2,10,0,0.0077171665102277786
pythia-410m,high,draw_2,10,1,0.00922423142186507
pythia-410m,high,draw_2,10,2,0.0191639532401224
pythia-410m,high,draw_2,10,3,0.01985819282547229
pythia-410m,high,draw_2,10,4,0.016107578063014244
pythia-410m,high,draw_2,10,5,0.014940516906649262
pythia-410m,high,draw_2,10,6,0.011274608007995691
pythia-410m,high,draw_2,10,7,0.01734383229448796
pythia-410m,high,draw_2,10,8,0.015944914375836474
pythia-410m,high,draw_2,10,9,0.010783544293372398
pythia-410m,high,draw_2,10,10,0.015147926522772125
pythia-410m,high,draw_2,10,11,0.040339094460237514
pythia-410m,high,draw_2,10,12,0.022037530865687528
pythia-410m,high,draw_2,10,13,0.04228308740889254
pythia-410m,high,draw_2,10,14,0.025463549720782134
pythia-410m,high,draw_2,10,15,0.017832261705006177
pythia-410m,high,draw_2,11,0,0.013974750217025243
pythia-410m,high,draw_2,11,1,0.048549481701306456
pythia-410m,high,draw_2,11,2,0.009113132926939384
pythia-410m,high,draw_2,11,3,0.012222196576240931
pythia-410m,high,draw_2,11,4,0.013739001724461665
pythia-410m,high,draw_2,11,5,0.01600318289467007
pythia-410m,high,draw_2,11,6,0.015914406772821396
pythia-410m,high,draw_2,11,7,0.01677126002142211
pythia-410m,high,draw_2,11,8,0.019102561152765096
pythia-410m,high,draw_2,11,9,0.008860363432389495
pythia-410m,high,draw_2,11,10,0.015015675734445165
pythia-410m,high,draw_2,11,11,0.01505029138386158
pythia-410m,high,draw_2,11,12,0.014897676869243145
pythia-410m,high,draw_2,11,13,0.01841260126427406
pythia-410m,high,draw_2,11,14,0.010404331368476358
pythia-410m,high,draw_2,11,15,0.032891695776473995
pythia-410m,high,draw_2,12,0,0.011322622334662037
pythia-410m,high,draw_2,12,1,0.010101471061359077
pythia-410m,high,draw_2,12,2,0.01937217228269328
pythia-410m,high,draw_2,12,3,0.01016105788222516
pythia-410m,high,draw_2,12,4,0.021588067142810988
pythia-410m,high,draw_2,12,5,0.011783379416535688
pythia-410m,high,draw_2,12,6,0.010892664814454105
pythia-410m,high,draw_2,12,7,0.020872873140730906
pythia-410m,high,draw_2,12,8,0.015116294224848054
pythia-410m,high,draw_2,12,9,0.02031950841179548
pythia-410m,high,draw_2,12,10,0.01792264782495618
pythia-410m,high,draw_2,12,11,0.023044641435011025
pythia-410m,high,draw_2,12,12,0.012888757342809422
pythia-410m,high,draw_2,12,13,0.010172329980232379
pythia-410m,high,draw_2,12,14,0.017957440930183165
pythia-410m,high,draw_2,12,15,0.019423873605478318
pythia-410m,high,draw_2,13,0,0.024755963959181438
pythia-410m,high,draw_2,13,1,0.017914370734619493
pythia-410m,high,draw_2,13,2,0.017838487036243144
pythia-410m,high,draw_2,13,3,0.018907440690898406
pythia-410m,high,draw_2,13,4,0.010636092576413786
pythia-410m,high,draw_2,13,5,0.012781185741550122
pythia-410m,high,draw_2,13,6,0.013416079318047681
pythia-410m,high,draw_2,13,7,0.0212133610291021
pythia-410m,high,draw_2,13,8,0.03065707938139776
pythia-410m,high,draw_2,13,9,0.023322166847580164
pythia-410m,high,draw_2,13,10,0.024868598681774712
pythia-410m,high,draw_2,13,11,0.024658481671865674
pythia-410m,high,draw_2,13,12,0.034341015868740034
pythia-410m,high,draw_2,13,13,0.013296262346128481
pythia-410m,high,draw_2,13,14,0.012304691426337085
pythia-410m,high,draw_2,13,15,0.016724247120621875
pythia-410m,high,draw_2,14,0,0.013384935054405293
pythia-410m,high,draw_2,14,1,0.02570734195263521
pythia-410m,high,draw_2,14,2,0.03734726479531361
pythia-410m,high,draw_2,14,3,0.048876812026728146
pythia-410m,high,draw_2,14,4,0.01865991599729033
pythia-410m,high,draw_2,14,5,0.034969339613124026
pythia-410m,high,draw_2,14,6,0.013056192468842391
pythia-410m,high,draw_2,14,7,0.0191505143226274
pythia-410m,high,draw_2,14,8,0.011105408632965748
pythia-410m,high,draw_2,14,9,0.018612925522578264
pythia-410m,high,draw_2,14,10,0.016305858202750243
pythia-410m,high,draw_2,14,11,0.015152424117131122
pythia-410m,high,draw_2,14,12,0.014246729403551121
pythia-410m,high,draw_2,14,13,0.021801752125695524
pythia-410m,high,draw_2,14,14,0.013722401943111738
pythia-410m,high,draw_2,14,15,0.027960383030146724
pythia-410m,high,draw_2,15,0,0.016496371525743427
pythia-410m,high,draw_2,15,1,0.011167074564099102
pythia-410m,high,draw_2,15,2,0.01437697354843079
pythia-410m,high,draw_2,15,3,0.019564786074081564
pythia-410m,high,draw_2,15,4,0.016654672938973148
pythia-410m,high,draw_2,15,5,0.028633130889491085
pythia-410m,high,draw_2,15,6,0.02362695258765651
pythia-410m,high,draw_2,15,7,0.014969469441539913
pythia-410m,high,draw_2,15,8,0.040149579806871
pythia-410m,high,draw_2,15,9,0.01921523863612905
pythia-410m,high,draw_2,15,10,0.018544332224715653
pythia-410m,high,draw_2,15,11,0.010288995920717504
pythia-410m,high,draw_2,15,12,0.017398850537781535
pythia-410m,high,draw_2,15,13,0.01890202473093153
pythia-410m,high,draw_2,15,14,0.013797449409547332
pythia-410m,high,draw_2,15,15,0.016396993306277804
pythia-410m,high,draw_2,16,0,0.022311788312196528
pythia-410m,high,draw_2,16,1,0.02700293972013401
pythia-410m,high,draw_2,16,2,0.01962441783327418
pythia-410m,high,draw_2,16,3,0.026126121625254073
pythia-410m,high,draw_2,16,4,0.024382790564564154
pythia-410m,high,draw_2,16,5,0.032060545951246
pythia-410m,high,draw_2,16,6,0.014768643695068934
pythia-410m,high,draw_2,16,7,0.035762086785139924
pythia-410m,high,draw_2,16,8,0.017660621272328623
pythia-410m,high,draw_2,16,9,0.014875193223886609
pythia-410m,high,draw_2,16,10,0.018770388356386326
pythia-410m,high,draw_2,16,11,0.031750462101944245
pythia-410m,high,draw_2,16,12,0.018035225444546943
pythia-410m,high,draw_2,16,13,0.019041944745237144
pythia-410m,high,draw_2,16,14,0.02513497515131689
pythia-410m,high,draw_2,16,15,0.01263780130085895
pythia-410m,high,draw_2,17,0,0.026892911211890927
pythia-410m,high,draw_2,17,1,0.029597030292566173
pythia-410m,high,draw_2,17,2,0.01272175515522106
pythia-410m,high,draw_2,17,3,0.02507182955825132
pythia-410m,high,draw_2,17,4,0.024261023559216218
pythia-410m,high,draw_2,17,5,0.011677398341687984
pythia-410m,high,draw_2,17,6,0.012978952887892518
pythia-410m,high,draw_2,17,7,0.012852547862879813
pythia-410m,high,draw_2,17,8,0.013238334038821385
pythia-410m,high,draw_2,17,9,0.019498611537835425
pythia-410m,high,draw_2,17,10,0.019979854115861066
pythia-410m,high,draw_2,17,11,0.01928209589732554
pythia-410m,high,draw_2,17,12,0.011032500200574693
pythia-410m,high,draw_2,17,13,0.014795661229522136
pythia-410m,high,draw_2,17,14,0.01832160774575176
pythia-410m,high,draw_2,17,15,0.0208466193804568
pythia-410m,high,draw_2,18,0,0.023084613948486203
pythia-410m,high,draw_2,18,1,0.01994523357274135
pythia-410m,high,draw_2,18,2,0.011203408682054975
pythia-410m,high,draw_2,18,3,0.05717527105691882
pythia-410m,high,draw_2,18,4,0.014155569032330903
pythia-410m,high,draw_2,18,5,0.01171702320072167
pythia-410m,high,draw_2,18,6,0.017204195009661923
pythia-410m,high,draw_2,18,7,0.014673495219040409
pythia-410m,high,draw_2,18,8,0.016765573217315553
pythia-410m,high,draw_2,18,9,0.013823211268003345
pythia-410m,high,draw_2,18,10,0.01874662169554452
pythia-410m,high,draw_2,18,11,0.015225703609665844
pythia-410m,high,draw_2,18,12,0.016146079192609755
pythia-410m,high,draw_2,18,13,0.015081355344612007
pythia-410m,high,draw_2,18,14,0.02203601867135678
pythia-410m,high,draw_2,18,15,0.027993606363938002
pythia-410m,high,draw_2,19,0,0.016254324331913796
pythia-410m,high,draw_2,19,1,0.014216800961557401
pythia-410m,high,draw_2,19,2,0.027630418726629094
pythia-410m,high,draw_2,19,3,0.013377366099149293
pythia-410m,high,draw_2,19,4,0.027417993230030236
pythia-410m,high,draw_2,19,5,0.011606125999731555
pythia-410m,high,draw_2,19,6,0.0284289647651514
pythia-410m,high,draw_2,19,7,0.017192435571924895
pythia-410m,high,draw_2,19,8,0.01200336123389733
pythia-410m,high,draw_2,19,9,0.01302920670786214
pythia-410m,high,draw_2,19,10,0.018467553453313773
pythia-410m,high,draw_2,19,11,0.017710144436687288
pythia-410m,high,draw_2,19,12,0.019867558623600387
pythia-410m,high,draw_2,19,13,0.011806308701837138
pythia-410m,high,draw_2,19,14,0.02243227788794698
pythia-410m,high,draw_2,19,15,0.014910065729336423
pythia-410m,high,draw_2,20,0,0.017753450256152947
pythia-410m,high,draw_2,20,1,0.015844288035232967
pythia-410m,high,draw_2,20,2,0.016117102718916154
pythia-410m,high,draw_2,20,3,0.06123406804227583
pythia-410m,high,draw_2,20,4,0.02074305329495954
pythia-410m,high,draw_2,20,5,0.025248343221191665
pythia-410m,high,draw_2,20,6,0.020540934449989685
pythia-410m,high,draw_2,20,7,0.026963662984784302
pythia-410m,high,draw_2,20,8,0.0037979049632730225
pythia-410m,high,draw_2,20,9,0.014165854540694928
pythia-410m,high,draw_2,20,10,0.01163626302389054
pythia-410m,high,draw_2,20,11,0.039877306023759926
pythia-410m,high,draw_2,20,12,0.010788458903176147
pythia-410m,high,draw_2,20,13,0.01511323119837636
pythia-410m,high,draw_2,20,14,0.017171030830665217
pythia-410m,high,draw_2,20,15,0.010780742121910655
pythia-410m,high,draw_2,21,0,0.029451474926460285
pythia-410m,high,draw_2,21,1,0.013652766873320265
pythia-410m,high,draw_2,21,2,0.015905542072058937
pythia-410m,high,draw_2,21,3,0.016007549733108573
pythia-410m,high,draw_2,21,4,0.017288032086412462
pythia-410m,high,draw_2,21,5,0.010181710706283393
pythia-410m,high,draw_2,21,6,0.02341416309730932
pythia-410m,high,draw_2,21,7,0.014699560600885722
pythia-410m,high,draw_2,21,8,0.030460957453775733
pythia-410m,high,draw_2,21,9,0.03476266285782024
pythia-410m,high,draw_2,21,10,0.034501954291111796
pythia-410m,high,draw_2,21,11,0.04195759007820749
pythia-410m,high,draw_2,21,12,0.014814644869190277
pythia-410m,high,draw_2,21,13,0.03751193529670528
pythia-410m,high,draw_2,21,14,0.015402763150082746
pythia-410m,high,draw_2,21,15,0.01938349746091937
pythia-410m,high,draw_2,22,0,0.044225051408986346
pythia-410m,high,draw_2,22,1,0.047926425760673734
pythia-410m,high,draw_2,22,2,0.04102024551887145
pythia-410m,high,draw_2,22,3,0.02011945258045825
pythia-410m,high,draw_2,22,4,0.009010019790117708
pythia-410m,high,draw_2,22,5,0.03187433754300354
pythia-410m,high,draw_2,22,6,0.029489768320614177
pythia-410m,high,draw_2,22,7,0.042968676848782784
pythia-410m,high,draw_2,22,8,0.06907874749090204
pythia-410m,high,draw_2,22,9,0.04368573454228463
pythia-410m,high,draw_2,22,10,0.05237467265197497
pythia-410m,high,draw_2,22,11,0.014423044983453263
pythia-410m,high,draw_2,22,12,0.015444772719738506
pythia-410m,high,draw_2,22,13,0.03053678861607561
pythia-410m,high,draw_2,22,14,0.05328892597996956
pythia-410m,high,draw_2,22,15,0.053962020945162274
pythia-410m,high,draw_2,23,0,0.03413842810397486
pythia-410m,high,draw_2,23,1,0.0285433605764174
pythia-410m,high,draw_2,23,2,0.0026830952769600932
pythia-410m,high,draw_2,23,3,0.01702052345534522
pythia-410m,high,draw_2,23,4,0.02198679786824857
pythia-410m,high,draw_2,23,5,0.05193716365097632
pythia-410m,high,draw_2,23,6,0.04074322983532166
pythia-410m,high,draw_2,23,7,0.08165820767464384
pythia-410m,high,draw_2,23,8,0.06141168610034746
pythia-410m,high,draw_2,23,9,0.009481278684762631
pythia-410m,high,draw_2,23,10,0.07898439454041643
pythia-410m,high,draw_2,23,11,0.047726143234111076
pythia-410m,high,draw_2,23,12,0.022317307913573614
pythia-410m,high,draw_2,23,13,0.06370087018980326
pythia-410m,high,draw_2,23,14,0.020243591677468236
pythia-410m,high,draw_2,23,15,0.04195644554213797
pythia-410m,high,draw_3,0,0,0.0
pythia-410m,high,draw_3,0,1,0.0
pythia-410m,high,draw_3,0,2,0.0
pythia-410m,high,draw_3,0,3,0.0
pythia-410m,high,draw_3,0,4,0.0
pythia-410m,high,draw_3,0,5,0.0
pythia-410m,high,draw_3,0,6,0.0
pythia-410m,high,draw_3,0,7,0.0
pythia-410m,high,draw_3,0,8,0.0
pythia-410m,high,draw_3,0,9,0.0
pythia-410m,high,draw_3,0,10,0.0
pythia-410m,high,draw_3,0,11,0.0
pythia-410m,high,draw_3,0,12,0.0
pythia-410m,high,draw_3,0,13,0.0
pythia-410m,high,draw_3,0,14,0.0
pythia-410m,high,draw_3,0,15,0.0
pythia-410m,high,draw_3,1,0,0.0030069325486694535
pythia-410m,high,draw_3,1,1,0.0028175652009414256
pythia-410m,high,draw_3,1,2,0.0057829250425366205
pythia-410m,high,draw_3,1,3,0.005987859712048462
pythia-410m,high,draw_3,1,4,0.008677036885210298
pythia-410m,high,draw_3,1,5,0.004375371291911649
pythia-410m,high,draw_3,1,6,0.004987319507431202
pythia-410m,high,draw_3,1,7,0.00661255297239053
pythia-410m,high,draw_3,1,8,0.01363895008854855
pythia-410m,high,draw_3,1,9,0.0034997742509042667
pythia-410m,high,draw_3,1,10,0.004986274831765724
pythia-410m,high,draw_3,1,11,0.004418908166465804
pythia-410m,high,draw_3,1,12,0.0038613942145589845
pythia-410m,high,draw_3,1,13,0.004680243353835952
pythia-410m,high,draw_3,1,14,0.003888089837320336
pythia-410m,high,draw_3,1,15,0.009360311034984936
pythia-410m,high,draw_3,2,0,0.004919054712514503
pythia-410m,high,draw_3,2,1,0.006741775681211323
pythia-410m,high,draw_3,2,2,0.004328390592837885
pythia-410m,high,draw_3,2,3,0.0049493525021916535
pythia-410m,high,draw_3,2,4,0.00395455104868552
pythia-410m,high,draw_3,2,5,0.0020975563080561773
pythia-410m,high,draw_3,2,6,0.004490081796339464
pythia-410m,high,draw_3,2,7,0.004733675036682316
pythia-410m,high,draw_3,2,8,0.013532348075905297
pythia-410m,high,draw_3,2,9,0.002537499230821028
pythia-410m,high,draw_3,2,10,0.01073429443534418
pythia-410m,high,draw_3,2,11,0.006467474126989088
pythia-410m,high,draw_3,2,12,0.0016405415939519635
pythia-410m,high,draw_3,2,13,0.005117307968214016
pythia-410m,high,draw_3,2,14,0.0021395045122797785
pythia-410m,high,draw_3,2,15,0.004121328026318127
pythia-410m,high,draw_3,3,0,0.006946214921669052
pythia-410m,high,draw_3,3,1,0.003491988128906397
pythia-410m,high,draw_3,3,2,0.00965919011784319
pythia-410m,high,draw_3,3,3,0.008093746668467886
pythia-410m,high,draw_3,3,4,0.008317093388752202
pythia-410m,high,draw_3,3,5,0.010423668480090712
pythia-410m,high,draw_3,3,6,0.008607965600204494
pythia-410m,high,draw_3,3,7,0.014060744368052026
pythia-410m,high,draw_3,3,8,0.006684216133972236
pythia-410m,high,draw_3,3,9,0.006189738644712988
pythia-410m,high,draw_3,3,10,0.006791256162663939
pythia-410m,high,draw_3,3,11,0.0049208692793749715
pythia-410m,high,draw_3,3,12,0.0024896628352715
pythia-410m,high,draw_3,3,13,0.006773955046951362
pythia-410m,high,draw_3,3,14,0.008344392827013757
pythia-410m,high,draw_3,3,15,0.009957645961669844
pythia-410m,high,draw_3,4,0,0.007905396601310672
pythia-410m,high,draw_3,4,1,0.009118353789011234
pythia-410m,high,draw_3,4,2,0.007040091756876673
pythia-410m,high,draw_3,4,3,0.004209262181560001
pythia-410m,high,draw_3,4,4,0.011826632051311261
pythia-410m,high,draw_3,4,5,0.006094148123096944
pythia-410m,high,draw_3,4,6,0.010747111882394121
pythia-410m,high,draw_3,4,7,0.008088057845836685
pythia-410m,high,draw_3,4,8,0.008416716096304264
pythia-410m,high,draw_3,4,9,0.0065943571699286635
pythia-410m,high,draw_3,4,10,0.011989063708803574
pythia-410m,high,draw_3,4,11,0.005445688447466633
pythia-410m,high,draw_3,4,12,0.010643224132846376
pythia-410m,high,draw_3,4,13,0.009330372089229301
pythia-410m,high,draw_3,4,14,0.002426495317197206
pythia-410m,high,draw_3,4,15,0.006409772146015801
pythia-410m,high,draw_3,5,0,0.008352043364554165
pythia-410m,high,draw_3,5,1,0.008092502411656047
pythia-410m,high,draw_3,5,2,0.0023872182634378674
pythia-410m,high,draw_3,5,3,0.01640177166080325
pythia-410m,high,draw_3,5,4,0.015654218073222384
pythia-410m,high,draw_3,5,5,0.006242189985192417
pythia-410m,high,draw_3,5,6,0.0031488171277885215
pythia-410m,high,draw_3,5,7,0.00134100580911908
pythia-410m,high,draw_3,5,8,0.008941868463662694
pythia-410m,high,draw_3,5,9,0.009331772530619212
pythia-410m,high,draw_3,5,10,0.011129648455426543
pythia-410m,high,draw_3,5,11,0.010047864805207826
pythia-410m,high,draw_3,5,12,0.009771104110029984
pythia-410m,high,draw_3,5,13,0.00889787275261274
pythia-410m,high,draw_3,5,14,0.016321530750187684
pythia-410m,high,draw_3,5,15,0.009376994556604828
pythia-410m,high,draw_3,6,0,0.014532439080836382
pythia-410m,high,draw_3,6,1,0.03750248108543799
pythia-410m,high,draw_3,6,2,0.02644719132485576
pythia-410m,high,draw_3,6,3,0.031053928225010286
pythia-410m,high,draw_3,6,4,0.022342469232454813
pythia-410m,high,draw_3,6,5,0.018656806480582377
pythia-410m,high,draw_3,6,6,0.037060309900624346
pythia-410m,high,draw_3,6,7,0.005303821792508152
pythia-410m,high,draw_3,6,8,0.012081160694399138
pythia-410m,high,draw_3,6,9,0.011923466526792431
pythia-410m,high,draw_3,6,10,0.010843785424167751
pythia-410m,high,draw_3,6,11,0.020581869536861575
pythia-410m,high,draw_3,6,12,0.00999007672850174
pythia-410m,high,draw_3,6,13,0.007535329778536008
pythia-410m,high,draw_3,6,14,0.014090656241293784
pythia-410m,high,draw_3,6,15,0.02681084306361146
pythia-410m,high,draw_3,7,0,0.014841366877741827
pythia-410m,high,draw_3,7,1,0.022980559538221465
pythia-410m,high,draw_3,7,2,0.007414472332722473
pythia-410m,high,draw_3,7,3,0.03890636951550737
pythia-410m,high,draw_3,7,4,0.015239777642459072
pythia-410m,high,draw_3,7,5,0.012048589516384305
pythia-410m,high,draw_3,7,6,0.0625425544052213
pythia-410m,high,draw_3,7,7,0.011065378832159455
pythia-410m,high,draw_3,7,8,0.011985574838322036
pythia-410m,high,draw_3,7,9,0.006044214173335858
pythia-410m,high,draw_3,7,10,0.01082501126942918
pythia-410m,high,draw_3,7,11,0.020351185748252006
pythia-410m,high,draw_3,7,12,0.030092676469880907
pythia-410m,high,draw_3,7,13,0.04301023918619752
pythia-410m,high,draw_3,7,14,0.03512122144326913
pythia-410m,high,draw_3,7,15,0.009380111753597828
pythia-410m,high,draw_3,8,0,0.011831133360449624
pythia-410m,high,draw_3,8,1,0.018752795684034523
pythia-410m,high,draw_3,8,2,0.011101914703921686
pythia-410m,high,draw_3,8,3,0.0368349174866981
pythia-410m,high,draw_3,8,4,0.025666607653614008
pythia-410m,high,draw_3,8,5,0.03200926273203919
pythia-410m,high,draw_3,8,6,0.0271751108112901
pythia-410m,high,draw_3,8,7,0.02457940380700703
pythia-410m,high,draw_3,8,8,0.021265659379414537
pythia-410m,high,draw_3,8,9,0.021720284606726883
pythia-410m,high,draw_3,8,10,0.038502209485813024
pythia-410m,high,draw_3,8,11,0.0061381555104388945
pythia-410m,high,draw_3,8,12,0.020699303820939693
pythia-410m,high,draw_3,8,13,0.01758879430483719
pythia-410m,high,draw_3,8,14,0.021726530498733465
pythia-410m,high,draw_3,8,15,0.011846685923055149
pythia-410m,high,draw_3,9,0,0.014515906061281149
pythia-410m,high,draw_3,9,1,0.017871203252842516
pythia-410m,high,draw_3,9,2,0.015398528153347642
pythia-410m,high,draw_3,9,3,0.02246460159103583
pythia-410m,high,draw_3,9,4,0.016105664504862578
pythia-410m,high,draw_3,9,5,0.015910013454718052
pythia-410m,high,draw_3,9,6,0.02139913925525751
pythia-410m,high,draw_3,9,7,0.024046568666890197
pythia-410m,high,draw_3,9,8,0.026206522664297897
pythia-410m,high,draw_3,9,9,0.01080628798795557
pythia-410m,high,draw_3,9,10,0.015545693593299423
pythia-410m,high,draw_3,9,11,0.015618030755906391
pythia-410m,high,draw_3,9,12,0.025193001258544147
pythia-410m,high,draw_3,9,13,0.040995969206487695
pythia-410m,high,draw_3,9,14,0.018850969482900836
pythia-410m,high,draw_3,9,15,0.013165952217176854
pythia-410m,high,draw_3,10,0,0.009391898937754231
pythia-410m,high,draw_3,10,1,0.01362101426906824
pythia-410m,high,draw_3,10,2,0.009911128962235356
pythia-410m,high,draw_3,10,3,0.018697888755954607
pythia-410m,high,draw_3,10,4,0.016518204747619534
pythia-410m,high,draw_3,10,5,0.014475832218564197
pythia-410m,high,draw_3,10,6,0.009120750106157054
pythia-410m,high,draw_3,10,7,0.024283594568141668
pythia-410m,high,draw_3,10,8,0.009024370069688611
pythia-410m,high,draw_3,10,9,0.007699109800632729
pythia-410m,high,draw_3,10,10,0.012861577544259503
pythia-410m,high,draw_3,10,11,0.042615964899961535
pythia-410m,high,draw_3,10,12,0.017732892583655624
pythia-410m,high,draw_3,10,13,0.04376307690126988
pythia-410m,high,draw_3,10,14,0.02106253927632909
pythia-410m,high,draw_3,10,15,0.017842943789403987
pythia-410m,high,draw_3,11,0,0.0165969889666142
pythia-410m,high,draw_3,11,1,0.040332397131380204
pythia-410m,high,draw_3,11,2,0.012657398339004998
pythia-410m,high,draw_3,11,3,0.010749026310739162
pythia-410m,high,draw_3,11,4,0.018043826142921108
pythia-410m,high,draw_3,11,5,0.011372731565477122
pythia-410m,high,draw_3,11,6,0.017161746841055935
pythia-410m,high,draw_3,11,7,0.014078875554657358
pythia-410m,high,draw_3,11,8,0.020213690266433208
pythia-410m,high,draw_3,11,9,0.008312156190273805
pythia-410m,high,draw_3,11,10,0.006335510499837924
pythia-410m,high,draw_3,11,11,0.004720336438594087
pythia-410m,high,draw_3,11,12,0.007589870596369217
pythia-410m,high,draw_3,11,13,0.014532257837132809
pythia-410m,high,draw_3,11,14,0.015356414344586561
pythia-410m,high,draw_3,11,15,0.03511406267996025
pythia-410m,high,draw_3,12,0,0.01834694899671369
pythia-410m,high,draw_3,12,1,0.00947691192595985
pythia-410m,high,draw_3,12,2,0.012132752449073716
pythia-410m,high,draw_3,12,3,0.017121315825810845
pythia-410m,high,draw_3,12,4,0.02537561624097566
pythia-410m,high,draw_3,12,5,0.007454424072734219
pythia-410m,high,draw_3,12,6,0.016487255740204616
pythia-410m,high,draw_3,12,7,0.016706264484609205
pythia-410m,high,draw_3,12,8,0.014156937233293915
pythia-410m,high,draw_3,12,9,0.037034649652646065
pythia-410m,high,draw_3,12,10,0.020205800019131925
pythia-410m,high,draw_3,12,11,0.037137845687443403
pythia-410m,high,draw_3,12,12,0.011133384637603418
pythia-410m,high,draw_3,12,13,0.0169859726820276
pythia-410m,high,draw_3,12,14,0.010745115856360215
pythia-410m,high,draw_3,12,15,0.009377233542174733
pythia-410m,high,draw_3,13,0,0.01335419108802801
pythia-410m,high,draw_3,13,1,0.01324053340648181
pythia-410m,high,draw_3,13,2,0.012262851522439111
pythia-410m,high,draw_3,13,3,0.01655581601751065
pythia-410m,high,draw_3,13,4,0.005682653892411332
pythia-410m,high,draw_3,13,5,0.008326358692904155
pythia-410m,high,draw_3,13,6,0.016024845365073537
pythia-410m,high,draw_3,13,7,0.0046336152724465824
pythia-410m,high,draw_3,13,8,0.03361135280813712
pythia-410m,high,draw_3,13,9,0.018232272052506885
pythia-410m,high,draw_3,13,10,0.024122615719860723
pythia-410m,high,draw_3,13,11,0.020540454125498864
pythia-410m,high,draw_3,13,12,0.0387526156351204
pythia-410m,high,draw_3,13,13,0.01257357550614388
pythia-410m,high,draw_3,13,14,0.014407196500654137
pythia-410m,high,draw_3,13,15,0.006691850520653447
pythia-410m,high,draw_3,14,0,0.008764666899977767
pythia-410m,high,draw_3,14,1,0.012824215657166717
pythia-410m,high,draw_3,14,2,0.039881894958545085
pythia-410m,high,draw_3,14,3,0.024890480768764073
pythia-410m,high,draw_3,14,4,0.00820069862567629
pythia-410m,high,draw_3,14,5,0.04049324272761747
pythia-410m,high,draw_3,14,6,0.01110961928313649
pythia-410m,high,draw_3,14,7,0.01716500087788481
pythia-410m,high,draw_3,14,8,0.011993558654618014
pythia-410m,high,draw_3,14,9,0.013321742134200112
pythia-410m,high,draw_3,14,10,0.013227993982672968
pythia-410m,high,draw_3,14,11,0.014893164388655037
pythia-410m,high,draw_3,14,12,0.013687027470442613
pythia-410m,high,draw_3,14,13,0.008688083359052235
pythia-410m,high,draw_3,14,14,0.015545755842077158
pythia-410m,high,draw_3,14,15,0.03230576463815547
pythia-410m,high,draw_3,15,0,0.013671276279520982
pythia-410m,high,draw_3,15,1,0.005695658877506281
pythia-410m,high,draw_3,15,2,0.009809474919089352
pythia-410m,high,draw_3,15,3,0.015637868372908228
pythia-410m,high,draw_3,15,4,0.007332215314834994
pythia-410m,high,draw_3,15,5,0.01602561086210425
pythia-410m,high,draw_3,15,6,0.017466590276228065
pythia-410m,high,draw_3,15,7,0.007875263963201297
pythia-410m,high,draw_3,15,8,0.025862798986330347
pythia-410m,high,draw_3,15,9,0.006381852284748356
pythia-410m,high,draw_3,15,10,0.01180922949397029
pythia-410m,high,draw_3,15,11,0.013482856317423079
pythia-410m,high,draw_3,15,12,0.01382632800861592
pythia-410m,high,draw_3,15,13,0.011164052897099475
pythia-410m,high,draw_3,15,14,0.007228543317770614
pythia-410m,high,draw_3,15,15,0.01080348599107564
pythia-410m,high,draw_3,16,0,0.012934562370611786
pythia-410m,high,draw_3,16,1,0.020817770087013975
pythia-410m,high,draw_3,16,2,0.007149595537476049
pythia-410m,high,draw_3,16,3,0.013714139614022066
pythia-410m,high,draw_3,16,4,0.0214568850902758
pythia-410m,high,draw_3,16,5,0.021270913406700682
pythia-410m,high,draw_3,16,6,0.014399467584097226
pythia-410m,high,draw_3,16,7,0.02140876622099392
pythia-410m,high,draw_3,16,8,0.005720192291119248
pythia-410m,high,draw_3,16,9,0.007543738660944843
pythia-410m,high,draw_3,16,10,0.02421706832153975
pythia-410m,high,draw_3,16,11,0.0162628700683565
pythia-410m,high,draw_3,16,12,0.015215935612824309
pythia-410m,high,draw_3,16,13,0.012325621576466377
pythia-410m,high,draw_3,16,14,0.025670229132470065
pythia-410m,high,draw_3,16,15,0.01138362998132128
pythia-410m,high,draw_3,17,0,0.02829001096377547
pythia-410m,high,draw_3,17,1,0.03161907183101069
pythia-410m,high,draw_3,17,2,0.008819960384683122
pythia-410m,high,draw_3,17,3,0.021800324370451978
pythia-410m,high,draw_3,17,4,0.02135614851394271
pythia-410m,high,draw_3,17,5,0.008483413298866004
pythia-410m,high,draw_3,17,6,0.006628863879918658
pythia-410m,high,draw_3,17,7,0.013506683261039603
pythia-410m,high,draw_3,17,8,0.0034033449718014345
pythia-410m,high,draw_3,17,9,0.016792444681702545
pythia-410m,high,draw_3,17,10,0.015837413910740568
pythia-410m,high,draw_3,17,11,0.014645694436096746
pythia-410m,high,draw_3,17,12,0.00958696493069444
pythia-410m,high,draw_3,17,13,0.005271075882203989
pythia-410m,high,draw_3,17,14,0.00555911671753735
pythia-410m,high,draw_3,17,15,0.014279872749230838
pythia-410m,high,draw_3,18,0,0.01803327757754843
pythia-410m,high,draw_3,18,1,0.028940265607425048
pythia-410m,high,draw_3,18,2,0.014445190249163523
pythia-410m,high,draw_3,18,3,0.06142423404934406
pythia-410m,high,draw_3,18,4,0.015685825494931013
pythia-410m,high,draw_3,18,5,0.010184847363328446
pythia-410m,high,draw_3,18,6,0.008070136997379355
pythia-410m,high,draw_3,18,7,0.008732388647193718
pythia-410m,high,draw_3,18,8,0.016284842098780956
pythia-410m,high,draw_3,18,9,0.016130517641663063
pythia-410m,high,draw_3,18,10,0.01744312360954679
pythia-410m,high,draw_3,18,11,0.024270631753467442
pythia-410m,high,draw_3,18,12,0.016246458427617783
pythia-410m,high,draw_3,18,13,0.02096144595268836
pythia-410m,high,draw_3,18,14,0.019681989597809025
pythia-410m,high,draw_3,18,15,0.021258861907383124
pythia-410m,high,draw_3,19,0,0.009569547309987752
pythia-410m,high,draw_3,19,1,0.009746043122949384
pythia-410m,high,draw_3,19,2,0.02717905599222867
pythia-410m,high,draw_3,19,3,0.01463337859334461
pythia-410m,high,draw_3,19,4,0.02186387473134598
pythia-410m,high,draw_3,19,5,0.007041317385028438
pythia-410m,high,draw_3,19,6,0.030189044670135057
pythia-410m,high,draw_3,19,7,0.010130600681609344
pythia-410m,high,draw_3,19,8,0.013370462218877131
pythia-410m,high,draw_3,19,9,0.015492365271290894
pythia-410m,high,draw_3,19,10,0.016691390860305178
pythia-410m,high,draw_3,19,11,0.017409541108607103
pythia-410m,high,draw_3,19,12,0.012883176421663511
pythia-410m,high,draw_3,19,13,0.010712851760745079
pythia-410m,high,draw_3,19,14,0.01959581729506239
pythia-410m,high,draw_3,19,15,0.039709561310043835
pythia-410m,high,draw_3,20,0,0.0024266088844659833
pythia-410m,high,draw_3,20,1,0.01782819326014285
pythia-410m,high,draw_3,20,2,0.01095513312495492
pythia-410m,high,draw_3,20,3,0.019487736330864987
pythia-410m,high,draw_3,20,4,0.024403245436910626
pythia-410m,high,draw_3,20,5,0.0003797492703545656
pythia-410m,high,draw_3,20,6,0.016362922369927476
pythia-410m,high,draw_3,20,7,0.040125525264165206
pythia-410m,high,draw_3,20,8,0.0010720014654333088
pythia-410m,high,draw_3,20,9,0.01596233895536527
pythia-410m,high,draw_3,20,10,0.00415734473703275
pythia-410m,high,draw_3,20,11,0.0360441618549604
pythia-410m,high,draw_3,20,12,0.024606392978709906
pythia-410m,high,draw_3,20,13,0.012059302497482964
pythia-410m,high,draw_3,20,14,0.01346481578382438
pythia-410m,high,draw_3,20,15,0.014344768749363046
pythia-410m,high,draw_3,21,0,0.014698045890475134
pythia-410m,high,draw_3,21,1,0.012920994007696193
pythia-410m,high,draw_3,21,2,0.01666453895159339
pythia-410m,high,draw_3,21,3,0.006568382820320228
pythia-410m,high,draw_3,21,4,0.014905965076484774
pythia-410m,high,draw_3,21,5,0.005390167911256827
pythia-410m,high,draw_3,21,6,0.020010656913634087
pythia-410m,high,draw_3,21,7,0.02275167575021661
pythia-410m,high,draw_3,21,8,0.039881495053298126
pythia-410m,high,draw_3,21,9,0.04301161957520531
pythia-410m,high,draw_3,21,10,0.02588647043594885
pythia-410m,high,draw_3,21,11,0.04598264882421751
pythia-410m,high,draw_3,21,12,0.007073364280854075
pythia-410m,high,draw_3,21,13,0.028419172041937526
pythia-410m,high,draw_3,21,14,0.016271287005059344
pythia-410m,high,draw_3,21,15,0.0020198810764702245
pythia-410m,high,draw_3,22,0,0.04147562999156694
pythia-410m,high,draw_3,22,1,0.04361277169110583
pythia-410m,high,draw_3,22,2,0.05180810787844872
pythia-410m,high,draw_3,22,3,0.013612654056152959
pythia-410m,high,draw_3,22,4,0.020168490234927654
pythia-410m,high,draw_3,22,5,0.033685732101078926
pythia-410m,high,draw_3,22,6,0.03892372035931809
pythia-410m,high,draw_3,22,7,0.042001382242494785
pythia-410m,high,draw_3,22,8,0.07460480908208526
pythia-410m,high,draw_3,22,9,0.049056731559965906
pythia-410m,high,draw_3,22,10,0.05742947461643132
pythia-410m,high,draw_3,22,11,0.014909857356303916
pythia-410m,high,draw_3,22,12,0.014707298038920083
pythia-410m,high,draw_3,22,13,0.04259754222651722
pythia-410m,high,draw_3,22,14,0.039234563244072186
pythia-410m,high,draw_3,22,15,0.032792868375482585
pythia-410m,high,draw_3,23,0,0.03197828659230022
pythia-410m,high,draw_3,23,1,0.04849856261668567
pythia-410m,high,draw_3,23,2,0.0014823826575109838
pythia-410m,high,draw_3,23,3,0.01837581367170113
pythia-410m,high,draw_3,23,4,0.010406108189023234
pythia-410m,high,draw_3,23,5,0.0518833428519332
pythia-410m,high,draw_3,23,6,0.03453424513296377
pythia-410m,high,draw_3,23,7,0.05274736279803839
pythia-410m,high,draw_3,23,8,0.06601885387040872
pythia-410m,high,draw_3,23,9,0.018377074342646744
pythia-410m,high,draw_3,23,10,0.061743988085912416
pythia-410m,high,draw_3,23,11,0.06069910616072235
pythia-410m,high,draw_3,23,12,0.021558095963411558
pythia-410m,high,draw_3,23,13,0.08424435342245284
pythia-410m,high,draw_3,23,14,0.03046060393633385
pythia-410m,high,draw_3,23,15,0.03984784340167103
pythia-410m,very_high,draw_1,0,0,0.0
pythia-410m,very_high,draw_1,0,1,0.0
pythia-410m,very_high,draw_1,0,2,0.0
pythia-410m,very_high,draw_1,0,3,0.0
pythia-410m,very_high,draw_1,0,4,0.0
pythia-410m,very_high,draw_1,0,5,0.0
pythia-410m,very_high,draw_1,0,6,0.0
pythia-410m,very_high,draw_1,0,7,0.0
pythia-410m,very_high,draw_1,0,8,0.0
pythia-410m,very_high,draw_1,0,9,0.0
pythia-410m,very_high,draw_1,0,10,0.0
pythia-410m,very_high,draw_1,0,11,0.0
pythia-410m,very_high,draw_1,0,12,0.0
pythia-410m,very_high,draw_1,0,13,0.0
pythia-410m,very_high,draw_1,0,14,0.0
pythia-410m,very_high,draw_1,0,15,0.0
pythia-410m,very_high,draw_1,1,0,0.011398411179718706
pythia-410m,very_high,draw_1,1,1,0.006612159044292497
pythia-410m,very_high,draw_1,1,2,0.011563086163597955
pythia-410m,very_high,draw_1,1,3,0.005508998724510245
pythia-410m,very_high,draw_1,1,4,0.003923196837472248
pythia-410m,very_high,draw_1,1,5,0.00318569705893868
pythia-410m,very_high,draw_1,1,6,0.006267188880949266
pythia-410m,very_high,draw_1,1,7,0.01107826836488861
pythia-410m,very_high,draw_1,1,8,0.050058966284387836
pythia-410m,very_high,draw_1,1,9,0.0030055251477142026
pythia-410m,very_high,draw_1,1,10,0.014966709863508608
pythia-410m,very_high,draw_1,1,11,0.006533871560905376
pythia-410m,very_high,draw_1,1,12,0.010549204401341107
pythia-410m,very_high,draw_1,1,13,0.01249796533695854
pythia-410m,very_high,draw_1,1,14,0.0045625948136746326
pythia-410m,very_high,draw_1,1,15,0.021292297227993796
pythia-410m,very_high,draw_1,2,0,0.009338458378771532
pythia-410m,very_high,draw_1,2,1,0.008347802357026476
pythia-410m,very_high,draw_1,2,2,0.010609351036689217
pythia-410m,very_high,draw_1,2,3,0.011772752797382546
pythia-410m,very_high,draw_1,2,4,0.006725916021186291
pythia-410m,very_high,draw_1,2,5,0.007591993688212659
pythia-410m,very_high,draw_1,2,6,0.012132969536919514
pythia-410m,very_high,draw_1,2,7,0.005513687998930178
pythia-410m,very_high,draw_1,2,8,0.007893736008837844
pythia-410m,very_high,draw_1,2,9,0.004600762128644473
pythia-410m,very_high,draw_1,2,10,0.00910355663377282
pythia-410m,very_high,draw_1,2,11,0.009469271207421838
pythia-410m,very_high,draw_1,2,12,0.0032542565066808167
pythia-410m,very_high,draw_1,2,13,0.0033459548887481193
pythia-410m,very_high,draw_1,2,14,0.012925171618122346
pythia-410m,very_high,draw_1,2,15,0.009106301621026977
pythia-410m,very_high,draw_1,3,0,0.01868150921763912
pythia-410m,very_high,draw_1,3,1,0.0017845690369744974
pythia-410m,very_high,draw_1,3,2,0.009233438286475942
pythia-410m,very_high,draw_1,3,3,0.016381811349455207
pythia-410m,very_high,draw_1,3,4,0.01541302879847749
pythia-410m,very_high,draw_1,3,5,0.011943022739012692
pythia-410m,very_high,draw_1,3,6,0.014866158627341171
pythia-410m,very_high,draw_1,3,7,0.019350862462572824
pythia-410m,very_high,draw_1,3,8,0.01893305541769135
pythia-410m,very_high,draw_1,3,9,0.01463385889662282
pythia-410m,very_high,draw_1,3,10,0.01198939384854944
pythia-410m,very_high,draw_1,3,11,0.015011789565331278
pythia-410m,very_high,draw_1,3,12,0.012260747975629491
pythia-410m,very_high,draw_1,3,13,0.0062245643936976154
pythia-410m,very_high,draw_1,3,14,0.010161623198239681
pythia-410m,very_high,draw_1,3,15,0.010016109328844973
pythia-410m,very_high,draw_1,4,0,0.005148693945898625
pythia-410m,very_high,draw_1,4,1,0.01854394614358127
pythia-410m,very_high,draw_1,4,2,0.006008698574470083
pythia-410m,very_high,draw_1,4,3,0.006450047343287337
pythia-410m,very_high,draw_1,4,4,0.013786681655398147
pythia-410m,very_high,draw_1,4,5,0.006208998423155774
pythia-410m,very_high,draw_1,4,6,0.0078135923650113
pythia-410m,very_high,draw_1,4,7,0.012794546378570701
pythia-410m,very_high,draw_1,4,8,0.008011184413506895
pythia-410m,very_high,draw_1,4,9,0.004211702199516688
pythia-410m,very_high,draw_1,4,10,0.019486871607973563
pythia-410m,very_high,draw_1,4,11,0.007330438833715349
pythia-410m,very_high,draw_1,4,12,0.011003304980933435
pythia-410m,very_high,draw_1,4,13,0.005585006018481847
pythia-410m,very_high,draw_1,4,14,0.0035982605885271895
pythia-410m,very_high,draw_1,4,15,0.012716477431250239
pythia-410m,very_high,draw_1,5,0,0.007234743077575277
pythia-410m,very_high,draw_1,5,1,0.01098366281179858
pythia-410m,very_high,draw_1,5,2,0.005103950898360418
pythia-410m,very_high,draw_1,5,3,0.008767372759909912
pythia-410m,very_high,draw_1,5,4,0.01077845530724811
pythia-410m,very_high,draw_1,5,5,0.005623676339679462
pythia-410m,very_high,draw_1,5,6,0.005640088927005652
pythia-410m,very_high,draw_1,5,7,0.0038770144137047035
pythia-410m,very_high,draw_1,5,8,0.006633985580235781
pythia-410m,very_high,draw_1,5,9,0.005247413865309671
pythia-410m,very_high,draw_1,5,10,0.006210959774853092
pythia-410m,very_high,draw_1,5,11,0.011071046055381862
pythia-410m,very_high,draw_1,5,12,0.010299083551009803
pythia-410m,very_high,draw_1,5,13,0.014810859716487629
pythia-410m,very_high,draw_1,5,14,0.019694646189282093
pythia-410m,very_high,draw_1,5,15,0.010220518705722392
pythia-410m,very_high,draw_1,6,0,0.009203188997026532
pythia-410m,very_high,draw_1,6,1,0.01611327944379854
pythia-410m,very_high,draw_1,6,2,0.04701987617333203
pythia-410m,very_high,draw_1,6,3,0.02593926821564431
pythia-410m,very_high,draw_1,6,4,0.014948279538939372
pythia-410m,very_high,draw_1,6,5,0.009212423604693097
pythia-410m,very_high,draw_1,6,6,0.045404736390257015
pythia-410m,very_high,draw_1,6,7,0.010242207131505202
pythia-410m,very_high,draw_1,6,8,0.01441272594036696
pythia-410m,very_high,draw_1,6,9,0.010006309412687377
pythia-410m,very_high,draw_1,6,10,0.020811349351179977
pythia-410m,very_high,draw_1,6,11,0.025458081210745907
pythia-410m,very_high,draw_1,6,12,0.014780514062662502
pythia-410m,very_high,draw_1,6,13,0.011561013890223619
pythia-410m,very_high,draw_1,6,14,0.011921771820788653
pythia-410m,very_high,draw_1,6,15,0.013543352962382463
pythia-410m,very_high,draw_1,7,0,0.01811523540322026
pythia-410m,very_high,draw_1,7,1,0.03341202375905311
pythia-410m,very_high,draw_1,7,2,0.0064565157065024775
pythia-410m,very_high,draw_1,7,3,0.03280177239054822
pythia-410m,very_high,draw_1,7,4,0.015312691848207497
pythia-410m,very_high,draw_1,7,5,0.00919244531549229
pythia-410m,very_high,draw_1,7,6,0.061709216217484465
pythia-410m,very_high,draw_1,7,7,0.011771248407310616
pythia-410m,very_high,draw_1,7,8,0.017860541328966775
pythia-410m,very_high,draw_1,7,9,0.014678332499983944
pythia-410m,very_high,draw_1,7,10,0.020359599316796508
pythia-410m,very_high,draw_1,7,11,0.027335436016840225
pythia-410m,very_high,draw_1,7,12,0.009667970736821288
pythia-410m,very_high,draw_1,7,13,0.027101602566937683
pythia-410m,very_high,draw_1,7,14,0.015509538293245391
pythia-410m,very_high,draw_1,7,15,0.010083433017008816
pythia-410m,very_high,draw_1,8,0,0.0202141783554105
pythia-410m,very_high,draw_1,8,1,0.015441172662078447
pythia-410m,very_high,draw_1,8,2,0.015870424365424664
pythia-410m,very_high,draw_1,8,3,0.04461948579156677
pythia-410m,very_high,draw_1,8,4,0.02162143152532204
pythia-410m,very_high,draw_1,8,5,0.03012332693500451
pythia-410m,very_high,draw_1,8,6,0.028619985315843845
pythia-410m,very_high,draw_1,8,7,0.030581434199709902
pythia-410m,very_high,draw_1,8,8,0.02223608992293629
pythia-410m,very_high,draw_1,8,9,0.02072761033521065
pythia-410m,very_high,draw_1,8,10,0.04017486453459297
pythia-410m,very_high,draw_1,8,11,0.01659024076927604
pythia-410m,very_high,draw_1,8,12,0.029194370396720223
pythia-410m,very_high,draw_1,8,13,0.018011664244462395
pythia-410m,very_high,draw_1,8,14,0.011703048558424797
pythia-410m,very_high,draw_1,8,15,0.014256135632918743
pythia-410m,very_high,draw_1,9,0,0.012051079075369656
pythia-410m,very_high,draw_1,9,1,0.016454977769573963
pythia-410m,very_high,draw_1,9,2,0.004922235308715681
pythia-410m,very_high,draw_1,9,3,0.038563898975624844
pythia-410m,very_high,draw_1,9,4,0.032768994679265986
pythia-410m,very_high,draw_1,9,5,0.014907996997735122
pythia-410m,very_high,draw_1,9,6,0.021072620415421087
pythia-410m,very_high,draw_1,9,7,0.015779587344123637
pythia-410m,very_high,draw_1,9,8,0.010073153264373911
pythia-410m,very_high,draw_1,9,9,0.011503730507044186
pythia-410m,very_high,draw_1,9,10,0.008974307804156884
pythia-410m,very_high,draw_1,9,11,0.012011742107244592
pythia-410m,very_high,draw_1,9,12,0.021110598085319905
pythia-410m,very_high,draw_1,9,13,0.03105365268614599
pythia-410m,very_high,draw_1,9,14,0.011199854374812877
pythia-410m,very_high,draw_1,9,15,0.0356158180073938
pythia-410m,very_high,draw_1,10,0,0.014358136397928843
pythia-410m,very_high,draw_1,10,1,0.010738431750825173
pythia-410m,very_high,draw_1,10,2,0.02540492723285162
pythia-410m,very_high,draw_1,10,3,0.027590110149390938
pythia-410m,very_high,draw_1,10,4,0.009032755273594142
pythia-410m,very_high,draw_1,10,5,0.018668847808786807
pythia-410m,very_high,draw_1,10,6,0.013302569182523602
pythia-410m,very_high,draw_1,10,7,0.024203513143873635
pythia-410m,very_high,draw_1,10,8,0.01935328376218053
pythia-410m,very_high,draw_1,10,9,0.00918980919282907
pythia-410m,very_high,draw_1,10,10,0.011845904664623238
pythia-410m,very_high,draw_1,10,11,0.03551456848768256
pythia-410m,very_high,draw_1,10,12,0.02379189956281244
pythia-410m,very_high,draw_1,10,13,0.03238118890642626
pythia-410m,very_high,draw_1,10,14,0.022121848799533987
pythia-410m,very_high,draw_1,10,15,0.011982274408218035
pythia-410m,very_high,draw_1,11,0,0.007678626478944299
pythia-410m,very_high,draw_1,11,1,0.030982524057941354
pythia-410m,very_high,draw_1,11,2,0.014419535480464958
pythia-410m,very_high,draw_1,11,3,0.015311856496558113
pythia-410m,very_high,draw_1,11,4,0.013670887230204232
pythia-410m,very_high,draw_1,11,5,0.008690482781004014
pythia-410m,very_high,draw_1,11,6,0.020035809783666824
pythia-410m,very_high,draw_1,11,7,0.01942891940493742
pythia-410m,very_high,draw_1,11,8,0.021047948135110534
pythia-410m,very_high,draw_1,11,9,0.01709536650521383
pythia-410m,very_high,draw_1,11,10,0.007712799275563797
pythia-410m,very_high,draw_1,11,11,0.013001688713743435
pythia-410m,very_high,draw_1,11,12,0.011767829747893187
pythia-410m,very_high,draw_1,11,13,0.010612891605683168
pythia-410m,very_high,draw_1,11,14,0.019943691152182016
pythia-410m,very_high,draw_1,11,15,0.02458332988249356
pythia-410m,very_high,draw_1,12,0,0.009041858164236615
pythia-410m,very_high,draw_1,12,1,0.008804670026143258
pythia-410m,very_high,draw_1,12,2,0.023100146154596976
pythia-410m,very_high,draw_1,12,3,0.013579695397814081
pythia-410m,very_high,draw_1,12,4,0.015352731484575279
pythia-410m,very_high,draw_1,12,5,0.016256250826380225
pythia-410m,very_high,draw_1,12,6,0.0091256520778471
pythia-410m,very_high,draw_1,12,7,0.014724771964061904
pythia-410m,very_high,draw_1,12,8,0.016037000915637714
pythia-410m,very_high,draw_1,12,9,0.018016330164047373
pythia-410m,very_high,draw_1,12,10,0.015934632945698902
pythia-410m,very_high,draw_1,12,11,0.012415751396345227
pythia-410m,very_high,draw_1,12,12,0.00859681956513131
pythia-410m,very_high,draw_1,12,13,0.015470587417782431
pythia-410m,very_high,draw_1,12,14,0.01679206858387679
pythia-410m,very_high,draw_1,12,15,0.010837120549628267
pythia-410m,very_high,draw_1,13,0,0.01308815015761237
pythia-410m,very_high,draw_1,13,1,0.02948235567369133
pythia-410m,very_high,draw_1,13,2,0.010322381191951072
pythia-410m,very_high,draw_1,13,3,0.024540801102368167
pythia-410m,very_high,draw_1,13,4,0.008579584050058523
pythia-410m,very_high,draw_1,13,5,0.011252497624062137
pythia-410m,very_high,draw_1,13,6,0.018654826789123544
pythia-410m,very_high,draw_1,13,7,0.01933769491426254
pythia-410m,very_high,draw_1,13,8,0.031329972784624946
pythia-410m,very_high,draw_1,13,9,0.027560739744564636
pythia-410m,very_high,draw_1,13,10,0.02289500071410841
pythia-410m,very_high,draw_1,13,11,0.020925265154065124
pythia-410m,very_high,draw_1,13,12,0.03200275924756895
pythia-410m,very_high,draw_1,13,13,0.0099994938180263
pythia-410m,very_high,draw_1,13,14,0.013819101380251424
pythia-410m,very_high,draw_1,13,15,0.01750619064084871
pythia-410m,very_high,draw_1,14,0,0.00977961648059647
pythia-410m,very_high,draw_1,14,1,0.027507290791458805
pythia-410m,very_high,draw_1,14,2,0.028175892167538758
pythia-410m,very_high,draw_1,14,3,0.0342012405560381
pythia-410m,very_high,draw_1,14,4,0.010612830589127714
pythia-410m,very_high,draw_1,14,5,0.03670990506382785
pythia-410m,very_high,draw_1,14,6,0.008344523619644377
pythia-410m,very_high,draw_1,14,7,0.012599767787054595
pythia-410m,very_high,draw_1,14,8,0.013082055861266829
pythia-410m,very_high,draw_1,14,9,0.014516821297279436
pythia-410m,very_high,draw_1,14,10,0.012889607481461868
pythia-410m,very_high,draw_1,14,11,0.013852096564164033
pythia-410m,very_high,draw_1,14,12,0.015650362612383725
pythia-410m,very_high,draw_1,14,13,0.02661630273396197
pythia-410m,very_high,draw_1,14,14,0.01540251562096164
pythia-410m,very_high,draw_1,14,15,0.019870594380627903
pythia-410m,very_high,draw_1,15,0,0.01866499368255628
pythia-410m,very_high,draw_1,15,1,0.008710541916640576
pythia-410m,very_high,draw_1,15,2,0.013168994670445862
pythia-410m,very_high,draw_1,15,3,0.018752421654838706
pythia-410m,very_high,draw_1,15,4,0.01019545696487787
pythia-410m,very_high,draw_1,15,5,0.019593687393538676
pythia-410m,very_high,draw_1,15,6,0.018389483218443227
pythia-410m,very_high,draw_1,15,7,0.010261280737337848
pythia-410m,very_high,draw_1,15,8,0.030957153693116458
pythia-410m,very_high,draw_1,15,9,0.009415056941082007
pythia-410m,very_high,draw_1,15,10,0.013143502754201224
pythia-410m,very_high,draw_1,15,11,0.015036357908923268
pythia-410m,very_high,draw_1,15,12,0.009410738316064026
pythia-410m,very_high,draw_1,15,13,0.010735843150445047
pythia-410m,very_high,draw_1,15,14,0.00858599125595377
pythia-410m,very_high,draw_1,15,15,0.010891990145316228
pythia-410m,very_high,draw_1,16,0,0.01665879999277385
pythia-410m,very_high,draw_1,16,1,0.022478144989169852
pythia-410m,very_high,draw_1,16,2,0.011664256412538404
pythia-410m,very_high,draw_1,16,3,0.03078050172417893
pythia-410m,very_high,draw_1,16,4,0.025058375550522028
pythia-410m,very_high,draw_1,16,5,0.02527617947629915
pythia-410m,very_high,draw_1,16,6,0.016972383380623533
pythia-410m,very_high,draw_1,16,7,0.023483553978343046
pythia-410m,very_high,draw_1,16,8,0.007364169329762473
pythia-410m,very_high,draw_1,16,9,0.01294023808311621
pythia-410m,very_high,draw_1,16,10,0.018545083961260592
pythia-410m,very_high,draw_1,16,11,0.0420520461185016
pythia-410m,very_high,draw_1,16,12,0.02094369965769288
pythia-410m,very_high,draw_1,16,13,0.02209269134884955
pythia-410m,very_high,draw_1,16,14,0.03602197924361257
pythia-410m,very_high,draw_1,16,15,0.012153875727929964
pythia-410m,very_high,draw_1,17,0,0.01586686172994964
pythia-410m,very_high,draw_1,17,1,0.0373905129558528
pythia-410m,very_high,draw_1,17,2,0.00825242197804009
pythia-410m,very_high,draw_1,17,3,0.03446849670926648
pythia-410m,very_high,draw_1,17,4,0.023297172908106286
pythia-410m,very_high,draw_1,17,5,0.015992732376055797
pythia-410m,very_high,draw_1,17,6,0.009003222982884456
pythia-410m,very_high,draw_1,17,7,0.010737857162535573
pythia-410m,very_high,draw_1,17,8,0.011803972780566711
pythia-410m,very_high,draw_1,17,9,0.019479571459012184
pythia-410m,very_high,draw_1,17,10,0.02121994471763727
pythia-410m,very_high,draw_1,17,11,0.0171699078976068
pythia-410m,very_high,draw_1,17,12,0.006610313431689991
pythia-410m,very_high,draw_1,17,13,0.010715207238577726
pythia-410m,very_high,draw_1,17,14,0.009899191589805923
pythia-410m,very_high,draw_1,17,15,0.013742775022995828
pythia-410m,very_high,draw_1,18,0,0.02421042872340839
pythia-410m,very_high,draw_1,18,1,0.016658212972140055
pythia-410m,very_high,draw_1,18,2,0.013033489196143961
pythia-410m,very_high,draw_1,18,3,0.06993754067560398
pythia-410m,very_high,draw_1,18,4,0.009711716916862836
pythia-410m,very_high,draw_1,18,5,0.008275804387989971
pythia-410m,very_high,draw_1,18,6,0.012480325904179454
pythia-410m,very_high,draw_1,18,7,0.008996075288535823
pythia-410m,very_high,draw_1,18,8,0.03729877013064992
pythia-410m,very_high,draw_1,18,9,0.01613514313015492
pythia-410m,very_high,draw_1,18,10,0.016587181033012082
pythia-410m,very_high,draw_1,18,11,0.021334740703031173
pythia-410m,very_high,draw_1,18,12,0.0270574000417297
pythia-410m,very_high,draw_1,18,13,0.01893721000456036
pythia-410m,very_high,draw_1,18,14,0.02496588771310352
pythia-410m,very_high,draw_1,18,15,0.027701876633170284
pythia-410m,very_high,draw_1,19,0,0.010928214870555952
pythia-410m,very_high,draw_1,19,1,0.010318050254611933
pythia-410m,very_high,draw_1,19,2,0.020196711400232444
pythia-410m,very_high,draw_1,19,3,0.02080778577112067
pythia-410m,very_high,draw_1,19,4,0.016649937448738942
pythia-410m,very_high,draw_1,19,5,0.012416088942940927
pythia-410m,very_high,draw_1,19,6,0.04087751842754761
pythia-410m,very_high,draw_1,19,7,0.013977844099160974
pythia-410m,very_high,draw_1,19,8,0.015865547433615266
pythia-410m,very_high,draw_1,19,9,0.023345909866602243
pythia-410m,very_high,draw_1,19,10,0.022536433366554212
pythia-410m,very_high,draw_1,19,11,0.016130156783361427
pythia-410m,very_high,draw_1,19,12,0.01894869147479127
pythia-410m,very_high,draw_1,19,13,0.010002888375524429
pythia-410m,very_high,draw_1,19,14,0.01685954472036111
pythia-410m,very_high,draw_1,19,15,0.014831742140135133
pythia-410m,very_high,draw_1,20,0,0.015874242879347574
pythia-410m,very_high,draw_1,20,1,0.012113495935955157
pythia-410m,very_high,draw_1,20,2,0.017141932057856732
pythia-410m,very_high,draw_1,20,3,0.027965992892884036
pythia-410m,very_high,draw_1,20,4,0.025086317024163755
pythia-410m,very_high,draw_1,20,5,0.014253260407559181
pythia-410m,very_high,draw_1,20,6,0.009219639536201717
pythia-410m,very_high,draw_1,20,7,0.02801470454927759
pythia-410m,very_high,draw_1,20,8,0.0006661139684252358
pythia-410m,very_high,draw_1,20,9,0.0058197488942941895
pythia-410m,very_high,draw_1,20,10,0.002464432830585462
pythia-410m,very_high,draw_1,20,11,0.0496436137032742
pythia-410m,very_high,draw_1,20,12,0.013143947823600744
pythia-410m,very_high,draw_1,20,13,0.006175088845441066
pythia-410m,very_high,draw_1,20,14,0.0191064382105131
pythia-410m,very_high,draw_1,20,15,0.020645040806469995
pythia-410m,very_high,draw_1,21,0,0.01713854458210072
pythia-410m,very_high,draw_1,21,1,0.018194205706717263
pythia-410m,very_high,draw_1,21,2,0.01365648408111928
pythia-410m,very_high,draw_1,21,3,0.011218408530709817
pythia-410m,very_high,draw_1,21,4,0.013919636920265953
pythia-410m,very_high,draw_1,21,5,0.0058271501697204
pythia-410m,very_high,draw_1,21,6,0.027746376191234556
pythia-410m,very_high,draw_1,21,7,0.02067048968901612
pythia-410m,very_high,draw_1,21,8,0.021373506742431558
pythia-410m,very_high,draw_1,21,9,0.03167032890281759
pythia-410m,very_high,draw_1,21,10,0.032615293088024376
pythia-410m,very_high,draw_1,21,11,0.04374556710571456
pythia-410m,very_high,draw_1,21,12,0.02834945034780127
pythia-410m,very_high,draw_1,21,13,0.02146664207316953
pythia-410m,very_high,draw_1,21,14,0.017255118437264766
pythia-410m,very_high,draw_1,21,15,0.009521907329335234
pythia-410m,very_high,draw_1,22,0,0.038314603609718195
pythia-410m,very_high,draw_1,22,1,0.05139580344738985
pythia-410m,very_high,draw_1,22,2,0.05784874791389
pythia-410m,very_high,draw_1,22,3,0.026907248862956503
pythia-410m,very_high,draw_1,22,4,0.00630155053328766
pythia-410m,very_high,draw_1,22,5,0.04096914962086996
pythia-410m,very_high,draw_1,22,6,0.0375274771120877
pythia-410m,very_high,draw_1,22,7,0.06106603604218342
pythia-410m,very_high,draw_1,22,8,0.055365746019529025
pythia-410m,very_high,draw_1,22,9,0.04786103991639841
pythia-410m,very_high,draw_1,22,10,0.06068223005714091
pythia-410m,very_high,draw_1,22,11,0.03052641931258018
pythia-410m,very_high,draw_1,22,12,0.0293823445838696
pythia-410m,very_high,draw_1,22,13,0.04434122976150392
pythia-410m,very_high,draw_1,22,14,0.03592784521257413
pythia-410m,very_high,draw_1,22,15,0.03044662237567631
pythia-410m,very_high,draw_1,23,0,0.02954746207526988
pythia-410m,very_high,draw_1,23,1,0.0342825228155756
pythia-410m,very_high,draw_1,23,2,0.003824356842922192
pythia-410m,very_high,draw_1,23,3,0.045409007724470894
pythia-410m,very_high,draw_1,23,4,0.026084073129757863
pythia-410m,very_high,draw_1,23,5,0.03662558845911442
pythia-410m,very_high,draw_1,23,6,0.03472121441309042
pythia-410m,very_high,draw_1,23,7,0.07329815633451163
pythia-410m,very_high,draw_1,23,8,0.026926895004286546
pythia-410m,very_high,draw_1,23,9,0.0016339660000040778
pythia-410m,very_high,draw_1,23,10,0.06609601241832093
pythia-410m,very_high,draw_1,23,11,0.04079796878850725
pythia-410m,very_high,draw_1,23,12,0.03301549235279825
pythia-410m,very_high,draw_1,23,13,0.052467021688744994
pythia-410m,very_high,draw_1,23,14,0.028808730133186404
pythia-410m,very_high,draw_1,23,15,0.041309002835928775
pythia-410m,very_high,draw_2,0,0,0.0
pythia-410m,very_high,draw_2,0,1,0.0
pythia-410m,very_high,draw_2,0,2,0.0
pythia-410m,very_high,draw_2,0,3,0.0
pythia-410m,very_high,draw_2,0,4,0.0
pythia-410m,very_high,draw_2,0,5,0.0
pythia-410m,very_high,draw_2,0,6,0.0
pythia-410m,very_high,draw_2,0,7,0.0
pythia-410m,very_high,draw_2,0,8,0.0
pythia-410m,very_high,draw_2,0,9,0.0
pythia-410m,very_high,draw_2,0,10,0.0
pythia-410m,very_high,draw_2,0,11,0.0
pythia-410m,very_high,draw_2,0,12,0.0
pythia-410m,very_high,draw_2,0,13,0.0
pythia-410m,very_high,draw_2,0,14,0.0
pythia-410m,very_high,draw_2,0,15,0.0
pythia-410m,very_high,draw_2,1,0,0.003942625729039032
pythia-410m,very_high,draw_2,1,1,0.0039611806120085
pythia-410m,very_high,draw_2,1,2,0.0166490573153452
pythia-410m,very_high,draw_2,1,3,0.0044943674644507305
pythia-410m,very_high,draw_2,1,4,0.006982000711717224
pythia-410m,very_high,draw_2,1,5,0.005698049455405315
pythia-410m,very_high,draw_2,1,6,0.0036414677305582443
pythia-410m,very_high,draw_2,1,7,0.006944211868606916
pythia-410m,very_high,draw_2,1,8,0.058177706749398185
pythia-410m,very_high,draw_2,1,9,0.006562255077105846
pythia-410m,very_high,draw_2,1,10,0.015913344220490955
pythia-410m,very_high,draw_2,1,11,0.0023785386918778453
pythia-410m,very_high,draw_2,1,12,0.009567352002452378
pythia-410m,very_high,draw_2,1,13,0.012661847380537694
pythia-410m,very_high,draw_2,1,14,0.0038138274154742133
pythia-410m,very_high,draw_2,1,15,0.0024867686412762342
pythia-410m,very_high,draw_2,2,0,0.007422816693646016
pythia-410m,very_high,draw_2,2,1,0.004412636943404591
pythia-410m,very_high,draw_2,2,2,0.004306398083018651
pythia-410m,very_high,draw_2,2,3,0.003701068847959802
pythia-410m,very_high,draw_2,2,4,0.0072494344644880955
pythia-410m,very_high,draw_2,2,5,0.006887708197435199
pythia-410m,very_high,draw_2,2,6,0.003953259691716221
pythia-410m,very_high,draw_2,2,7,0.005742157243467272
pythia-410m,very_high,draw_2,2,8,0.00556570475324113
pythia-410m,very_high,draw_2,2,9,0.0035003521593871103
pythia-410m,very_high,draw_2,2,10,0.013050745032982982
pythia-410m,very_high,draw_2,2,11,0.004234762425773777
pythia-410m,very_high,draw_2,2,12,0.0032472592268391128
pythia-410m,very_high,draw_2,2,13,0.0022737643770483727
pythia-410m,very_high,draw_2,2,14,0.00877554171389888
pythia-410m,very_high,draw_2,2,15,0.00713890629475127
pythia-410m,very_high,draw_2,3,0,0.006201102226346786
pythia-410m,very_high,draw_2,3,1,0.0031682157411376567
pythia-410m,very_high,draw_2,3,2,0.005832108245198915
pythia-410m,very_high,draw_2,3,3,0.007353849872019213
pythia-410m,very_high,draw_2,3,4,0.004989495698637742
pythia-410m,very_high,draw_2,3,5,0.009644936812623585
pythia-410m,very_high,draw_2,3,6,0.01238766772470496
pythia-410m,very_high,draw_2,3,7,0.005530837466257627
pythia-410m,very_high,draw_2,3,8,0.006992122607223042
pythia-410m,very_high,draw_2,3,9,0.004392353899298196
pythia-410m,very_high,draw_2,3,10,0.00655402736442776
pythia-410m,very_high,draw_2,3,11,0.006014923634994539
pythia-410m,very_high,draw_2,3,12,0.006505596840427645
pythia-410m,very_high,draw_2,3,13,0.006904722181086555
pythia-410m,very_high,draw_2,3,14,0.024084472366232467
pythia-410m,very_high,draw_2,3,15,0.006720788595819573
pythia-410m,very_high,draw_2,4,0,0.004768179317412929
pythia-410m,very_high,draw_2,4,1,0.007311059136664409
pythia-410m,very_high,draw_2,4,2,0.008401202804221422
pythia-410m,very_high,draw_2,4,3,0.004488178983657061
pythia-410m,very_high,draw_2,4,4,0.01664109816740384
pythia-410m,very_high,draw_2,4,5,0.007938585732528597
pythia-410m,very_high,draw_2,4,6,0.00875591943181187
pythia-410m,very_high,draw_2,4,7,0.011942010168370511
pythia-410m,very_high,draw_2,4,8,0.006603158325524415
pythia-410m,very_high,draw_2,4,9,0.0045940296382356695
pythia-410m,very_high,draw_2,4,10,0.013643373430017496
pythia-410m,very_high,draw_2,4,11,0.005017781500000445
pythia-410m,very_high,draw_2,4,12,0.00807004954264185
pythia-410m,very_high,draw_2,4,13,0.005485009392431028
pythia-410m,very_high,draw_2,4,14,0.0033121239441961632
pythia-410m,very_high,draw_2,4,15,0.008741858001231746
pythia-410m,very_high,draw_2,5,0,0.006980420706156156
pythia-410m,very_high,draw_2,5,1,0.008634115796750542
pythia-410m,very_high,draw_2,5,2,0.00336997792302477
pythia-410m,very_high,draw_2,5,3,0.012779812016949157
pythia-410m,very_high,draw_2,5,4,0.011671804232395583
pythia-410m,very_high,draw_2,5,5,0.005809091337603261
pythia-410m,very_high,draw_2,5,6,0.005020895208591517
pythia-410m,very_high,draw_2,5,7,0.001974739673234449
pythia-410m,very_high,draw_2,5,8,0.004773538460420835
pythia-410m,very_high,draw_2,5,9,0.004249583026866721
pythia-410m,very_high,draw_2,5,10,0.011254748242250201
pythia-410m,very_high,draw_2,5,11,0.007440556993357956
pythia-410m,very_high,draw_2,5,12,0.00915128303031584
pythia-410m,very_high,draw_2,5,13,0.008134358694699154
pythia-410m,very_high,draw_2,5,14,0.016900161124853062
pythia-410m,very_high,draw_2,5,15,0.009021338842175711
pythia-410m,very_high,draw_2,6,0,0.004274385308398184
pythia-410m,very_high,draw_2,6,1,0.014448738842169859
pythia-410m,very_high,draw_2,6,2,0.04146449237140942
pythia-410m,very_high,draw_2,6,3,0.020654550735681107
pythia-410m,very_high,draw_2,6,4,0.022316833218910852
pythia-410m,very_high,draw_2,6,5,0.016557760164908553
pythia-410m,very_high,draw_2,6,6,0.03755218369331211
pythia-410m,very_high,draw_2,6,7,0.008774109710664661
pythia-410m,very_high,draw_2,6,8,0.017996229663705766
pythia-410m,very_high,draw_2,6,9,0.011922108706271575
pythia-410m,very_high,draw_2,6,10,0.01323236609725176
pythia-410m,very_high,draw_2,6,11,0.019482468244071984
pythia-410m,very_high,draw_2,6,12,0.011826885518435396
pythia-410m,very_high,draw_2,6,13,0.010917455643247271
pythia-410m,very_high,draw_2,6,14,0.013714201157014425
pythia-410m,very_high,draw_2,6,15,0.012212141874522874
pythia-410m,very_high,draw_2,7,0,0.012310202437455373
pythia-410m,very_high,draw_2,7,1,0.017902635596412482
pythia-410m,very_high,draw_2,7,2,0.009926770992945802
pythia-410m,very_high,draw_2,7,3,0.021951926572421718
pythia-410m,very_high,draw_2,7,4,0.01681155219173936
pythia-410m,very_high,draw_2,7,5,0.010463483045062354
pythia-410m,very_high,draw_2,7,6,0.050202536063178475
pythia-410m,very_high,draw_2,7,7,0.022415794742736066
pythia-410m,very_high,draw_2,7,8,0.019318655176504263
pythia-410m,very_high,draw_2,7,9,0.00806063495224605
pythia-410m,very_high,draw_2,7,10,0.01335695425348178
pythia-410m,very_high,draw_2,7,11,0.029702512614061823
pythia-410m,very_high,draw_2,7,12,0.01977130912528619
pythia-410m,very_high,draw_2,7,13,0.030866356026846786
pythia-410m,very_high,draw_2,7,14,0.019965457139801867
pythia-410m,very_high,draw_2,7,15,0.012368506309376354
pythia-410m,very_high,draw_2,8,0,0.017214964197324756
pythia-410m,very_high,draw_2,8,1,0.018029126159773843
pythia-410m,very_high,draw_2,8,2,0.012989227360849669
pythia-410m,very_high,draw_2,8,3,0.024013834096043393
pythia-410m,very_high,draw_2,8,4,0.008642027219089262
pythia-410m,very_high,draw_2,8,5,0.01720940118396825
pythia-410m,very_high,draw_2,8,6,0.026234915325202134
pythia-410m,very_high,draw_2,8,7,0.020863438314979773
pythia-410m,very_high,draw_2,8,8,0.019199095067841468
pythia-410m,very_high,draw_2,8,9,0.021199214173698317
pythia-410m,very_high,draw_2,8,10,0.025995500193812113
pythia-410m,very_high,draw_2,8,11,0.009635828641405246
pythia-410m,very_high,draw_2,8,12,0.020605435360072415
pythia-410m,very_high,draw_2,8,13,0.01484340813205455
pythia-410m,very_high,draw_2,8,14,0.015643297225940524
pythia-410m,very_high,draw_2,8,15,0.016796070040776535
pythia-410m,very_high,draw_2,9,0,0.011023227000617648
pythia-410m,very_high,draw_2,9,1,0.009982833524411254
pythia-410m,very_high,draw_2,9,2,0.008039015398232758
pythia-410m,very_high,draw_2,9,3,0.01984940324440012
pythia-410m,very_high,draw_2,9,4,0.019712536612774816
pythia-410m,very_high,draw_2,9,5,0.009541481366889076
pythia-410m,very_high,draw_2,9,6,0.01688830717186448
pythia-410m,very_high,draw_2,9,7,0.01255328715175516
pythia-410m,very_high,draw_2,9,8,0.011852389022815364
pythia-410m,very_high,draw_2,9,9,0.015184398512641499
pythia-410m,very_high,draw_2,9,10,0.012606551205291316
pythia-410m,very_high,draw_2,9,11,0.013617788559601435
pythia-410m,very_high,draw_2,9,12,0.019422755801547727
pythia-410m,very_high,draw_2,9,13,0.021399932147841392
pythia-410m,very_high,draw_2,9,14,0.012100673705504569
pythia-410m,very_high,draw_2,9,15,0.011553626703189514
pythia-410m,very_high,draw_2,10,0,0.008862597582839997
pythia-410m,very_high,draw_2,10,1,0.02026438999052581
pythia-410m,very_high,draw_2,10,2,0.013799491121950194
pythia-410m,very_high,draw_2,10,3,0.02674480090548174
pythia-410m,very_high,draw_2,10,4,0.009649907657214744
pythia-410m,very_high,draw_2,10,5,0.01292816155265738
pythia-410m,very_high,draw_2,10,6,0.01237960306590128
pythia-410m,very_high,draw_2,10,7,0.027384496668000965
pythia-410m,very_high,draw_2,10,8,0.016276887235929467
pythia-410m,very_high,draw_2,10,9,0.008055724828862939
pythia-410m,very_high,draw_2,10,10,0.015251310423143608
pythia-410m,very_high,draw_2,10,11,0.024154528137331297
pythia-410m,very_high,draw_2,10,12,0.017697008437976083
pythia-410m,very_high,draw_2,10,13,0.035936406562072136
pythia-410m,very_high,draw_2,10,14,0.012833582767623064
pythia-410m,very_high,draw_2,10,15,0.008166950581399119
pythia-410m,very_high,draw_2,11,0,0.010575700372486849
pythia-410m,very_high,draw_2,11,1,0.018487435104710487
pythia-410m,very_high,draw_2,11,2,0.008377550281887294
pythia-410m,very_high,draw_2,11,3,0.011945164573103092
pythia-410m,very_high,draw_2,11,4,0.0067828286152114975
pythia-410m,very_high,draw_2,11,5,0.012834981915850729
pythia-410m,very_high,draw_2,11,6,0.014380399835550119
pythia-410m,very_high,draw_2,11,7,0.010370780541383448
pythia-410m,very_high,draw_2,11,8,0.010853032946258003
pythia-410m,very_high,draw_2,11,9,0.008080159163627669
pythia-410m,very_high,draw_2,11,10,0.01163020808368605
pythia-410m,very_high,draw_2,11,11,0.01460158534457046
pythia-410m,very_high,draw_2,11,12,0.011131000319022127
pythia-410m,very_high,draw_2,11,13,0.009867649303243893
pythia-410m,very_high,draw_2,11,14,0.013468945184401657
pythia-410m,very_high,draw_2,11,15,0.025170173875090834
pythia-410m,very_high,draw_2,12,0,0.02722604571170813
pythia-410m,very_high,draw_2,12,1,0.01388104545551196
pythia-410m,very_high,draw_2,12,2,0.014683323287540684
pythia-410m,very_high,draw_2,12,3,0.017635912744770537
pythia-410m,very_high,draw_2,12,4,0.015797410756962647
pythia-410m,very_high,draw_2,12,5,0.016106439713037834
pythia-410m,very_high,draw_2,12,6,0.012165970887043553
pythia-410m,very_high,draw_2,12,7,0.011014914409396745
pythia-410m,very_high,draw_2,12,8,0.015101648858526991
pythia-410m,very_high,draw_2,12,9,0.05040047552984515
pythia-410m,very_high,draw_2,12,10,0.010426482527920784
pythia-410m,very_high,draw_2,12,11,0.04671413913989362
pythia-410m,very_high,draw_2,12,12,0.021310170453599654
pythia-410m,very_high,draw_2,12,13,0.015622433064131247
pythia-410m,very_high,draw_2,12,14,0.026995061991839087
pythia-410m,very_high,draw_2,12,15,0.024944044941068496
pythia-410m,very_high,draw_2,13,0,0.013065578152199171
pythia-410m,very_high,draw_2,13,1,0.012301628029512615
pythia-410m,very_high,draw_2,13,2,0.013818342651990605
pythia-410m,very_high,draw_2,13,3,0.011308886062223989
pythia-410m,very_high,draw_2,13,4,0.012963663138204368
pythia-410m,very_high,draw_2,13,5,0.014572929940300445
pythia-410m,very_high,draw_2,13,6,0.010403725739679672
pythia-410m,very_high,draw_2,13,7,0.018120574935110666
pythia-410m,very_high,draw_2,13,8,0.014687517309907848
pythia-410m,very_high,draw_2,13,9,0.015215585580964931
pythia-410m,very_high,draw_2,13,10,0.008528358721420005
pythia-410m,very_high,draw_2,13,11,0.009446620447741182
pythia-410m,very_high,draw_2,13,12,0.02104619751403057
pythia-410m,very_high,draw_2,13,13,0.010363783754916365
pythia-410m,very_high,draw_2,13,14,0.014249370554644482
pythia-410m,very_high,draw_2,13,15,0.014580998551353459
pythia-410m,very_high,draw_2,14,0,0.021302910389045828
pythia-410m,very_high,draw_2,14,1,0.018801441258715062
pythia-410m,very_high,draw_2,14,2,0.01522184190347365
pythia-410m,very_high,draw_2,14,3,0.02236072325756785
pythia-410m,very_high,draw_2,14,4,0.01659487228366615
pythia-410m,very_high,draw_2,14,5,0.028407794156741856
pythia-410m,very_high,draw_2,14,6,0.013562640991856955
pythia-410m,very_high,draw_2,14,7,0.013734804658548698
pythia-410m,very_high,draw_2,14,8,0.010864043501551079
pythia-410m,very_high,draw_2,14,9,0.010351973004793638
pythia-410m,very_high,draw_2,14,10,0.010944165014870944
pythia-410m,very_high,draw_2,14,11,0.026294054936115835
pythia-410m,very_high,draw_2,14,12,0.018391671080481457
pythia-410m,very_high,draw_2,14,13,0.012720885791415882
pythia-410m,very_high,draw_2,14,14,0.008881788405699628
pythia-410m,very_high,draw_2,14,15,0.01053000454106945
pythia-410m,very_high,draw_2,15,0,0.008549911881237268
pythia-410m,very_high,draw_2,15,1,0.01333489073522213
pythia-410m,very_high,draw_2,15,2,0.019662760013581748
pythia-410m,very_high,draw_2,15,3,0.010802934394913059
pythia-410m,very_high,draw_2,15,4,0.01998172801953964
pythia-410m,very_high,draw_2,15,5,0.0319824255149781
pythia-410m,very_high,draw_2,15,6,0.01708980287819471
pythia-410m,very_high,draw_2,15,7,0.016215155882807492
pythia-410m,very_high,draw_2,15,8,0.039525848347567324
pythia-410m,very_high,draw_2,15,9,0.014007486289122597
pythia-410m,very_high,draw_2,15,10,0.024652230134199576
pythia-410m,very_high,draw_2,15,11,0.0252922518271391
pythia-410m,very_high,draw_2,15,12,0.014990810917505981
pythia-410m,very_high,draw_2,15,13,0.011354934531943018
pythia-410m,very_high,draw_2,15,14,0.015851505273973714
pythia-410m,very_high,draw_2,15,15,0.018331923722143425
pythia-410m,very_high,draw_2,16,0,0.02578644609829828
pythia-410m,very_high,draw_2,16,1,0.014550997585250159
pythia-410m,very_high,draw_2,16,2,0.021171171167417853
pythia-410m,very_high,draw_2,16,3,0.01847232873428252
pythia-410m,very_high,draw_2,16,4,0.017951824286571893
pythia-410m,very_high,draw_2,16,5,0.020274987852852713
pythia-410m,very_high,draw_2,16,6,0.012007163073584733
pythia-410m,very_high,draw_2,16,7,0.03215444145767951
pythia-410m,very_high,draw_2,16,8,0.016572966209578734
pythia-410m,very_high,draw_2,16,9,0.008791403326271185
pythia-410m,very_high,draw_2,16,10,0.021345683852637392
pythia-410m,very_high,draw_2,16,11,0.017577406418205974
pythia-410m,very_high,draw_2,16,12,0.016126753492483784
pythia-410m,very_high,draw_2,16,13,0.012607331497228931
pythia-410m,very_high,draw_2,16,14,0.02358694413372374
pythia-410m,very_high,draw_2,16,15,0.020074591283947247
pythia-410m,very_high,draw_2,17,0,0.013874491846465392
pythia-410m,very_high,draw_2,17,1,0.02564307032895875
pythia-410m,very_high,draw_2,17,2,0.007783687629122075
pythia-410m,very_high,draw_2,17,3,0.04870775167238511
pythia-410m,very_high,draw_2,17,4,0.01647584309619469
pythia-410m,very_high,draw_2,17,5,0.016690257453732867
pythia-410m,very_high,draw_2,17,6,0.010371759904239799
pythia-410m,very_high,draw_2,17,7,0.019268038531997853
pythia-410m,very_high,draw_2,17,8,0.01817113414385399
pythia-410m,very_high,draw_2,17,9,0.013504642537259637
pythia-410m,very_high,draw_2,17,10,0.008816258091942974
pythia-410m,very_high,draw_2,17,11,0.01554468119660586
pythia-410m,very_high,draw_2,17,12,0.009735490079910853
pythia-410m,very_high,draw_2,17,13,0.010651643385580207
pythia-410m,very_high,draw_2,17,14,0.023131493827791685
pythia-410m,very_high,draw_2,17,15,0.017412591725341972
pythia-410m,very_high,draw_2,18,0,0.015984057690213088
pythia-410m,very_high,draw_2,18,1,0.025683665184820938
pythia-410m,very_high,draw_2,18,2,0.008801459801107914
pythia-410m,very_high,draw_2,18,3,0.08001199177927891
pythia-410m,very_high,draw_2,18,4,0.014644776323869655
pythia-410m,very_high,draw_2,18,5,0.02117906729797261
pythia-410m,very_high,draw_2,18,6,0.01947622221466023
pythia-410m,very_high,draw_2,18,7,0.011430397741465335
pythia-410m,very_high,draw_2,18,8,0.01996969570822755
pythia-410m,very_high,draw_2,18,9,0.02535223810092152
pythia-410m,very_high,draw_2,18,10,0.011278606472105974
pythia-410m,very_high,draw_2,18,11,0.018421935782380813
pythia-410m,very_high,draw_2,18,12,0.01806893604840926
pythia-410m,very_high,draw_2,18,13,0.017425266537678476
pythia-410m,very_high,draw_2,18,14,0.020723269778884987
pythia-410m,very_high,draw_2,18,15,0.02696469160694922
pythia-410m,very_high,draw_2,19,0,0.022034353156468487
pythia-410m,very_high,draw_2,19,1,0.013736184047825863
pythia-410m,very_high,draw_2,19,2,0.020309666776448652
pythia-410m,very_high,draw_2,19,3,0.0196298376023738
pythia-410m,very_high,draw_2,19,4,0.019248354581292294
pythia-410m,very_high,draw_2,19,5,0.032432196307109765
pythia-410m,very_high,draw_2,19,6,0.032861732123330295
pythia-410m,very_high,draw_2,19,7,0.013802407631273087
pythia-410m,very_high,draw_2,19,8,0.011109646789915406
pythia-410m,very_high,draw_2,19,9,0.030239049161452643
pythia-410m,very_high,draw_2,19,10,0.01119788187124609
pythia-410m,very_high,draw_2,19,11,0.017539197316161357
pythia-410m,very_high,draw_2,19,12,0.014734758905924135
pythia-410m,very_high,draw_2,19,13,0.015263025649345837
pythia-410m,very_high,draw_2,19,14,0.019276764062863664
pythia-410m,very_high,draw_2,19,15,0.02271548412138669
pythia-410m,very_high,draw_2,20,0,0.018374255926773466
pythia-410m,very_high,draw_2,20,1,0.028574563747586566
pythia-410m,very_high,draw_2,20,2,0.01420225163349955
pythia-410m,very_high,draw_2,20,3,0.021723449309267034
pythia-410m,very_high,draw_2,20,4,0.026795284066573614
pythia-410m,very_high,draw_2,20,5,0.021045808928308502
pythia-410m,very_high,draw_2,20,6,0.005605237811511782
pythia-410m,very_high,draw_2,20,7,0.02647779036316022
pythia-410m,very_high,draw_2,20,8,0.01116051278560398
pythia-410m,very_high,draw_2,20,9,0.021245477566372743
pythia-410m,very_high,draw_2,20,10,0.018961744672790083
pythia-410m,very_high,draw_2,20,11,0.0295912762332934
pythia-410m,very_high,draw_2,20,12,0.018077265530150807
pythia-410m,very_high,draw_2,20,13,0.01012897738381361
pythia-410m,very_high,draw_2,20,14,0.017029461455050268
pythia-410m,very_high,draw_2,20,15,0.02642370828567106
pythia-410m,very_high,draw_2,21,0,0.01561644019787635
pythia-410m,very_high,draw_2,21,1,0.021268006370596847
pythia-410m,very_high,draw_2,21,2,0.013699379358133321
pythia-410m,very_high,draw_2,21,3,0.01819857054839681
pythia-410m,very_high,draw_2,21,4,0.019341463144757754
pythia-410m,very_high,draw_2,21,5,0.008751857094965735
pythia-410m,very_high,draw_2,21,6,0.02385749243235138
pythia-410m,very_high,draw_2,21,7,0.020499057263265594
pythia-410m,very_high,draw_2,21,8,0.028744796652648587
pythia-410m,very_high,draw_2,21,9,0.02266924604563898
pythia-410m,very_high,draw_2,21,10,0.03135709553610829
pythia-410m,very_high,draw_2,21,11,0.035197750074882905
pythia-410m,very_high,draw_2,21,12,0.01822193320128819
pythia-410m,very_high,draw_2,21,13,0.028148645694896023
pythia-410m,very_high,draw_2,21,14,0.020287670436510898
pythia-410m,very_high,draw_2,21,15,0.020548249863181295
pythia-410m,very_high,draw_2,22,0,0.04064676201677754
pythia-410m,very_high,draw_2,22,1,0.06567457971532784
pythia-410m,very_high,draw_2,22,2,0.04331445880584879
pythia-410m,very_high,draw_2,22,3,0.019061904442582853
pythia-410m,very_high,draw_2,22,4,0.010146983583458292
pythia-410m,very_high,draw_2,22,5,0.04395852949809046
pythia-410m,very_high,draw_2,22,6,0.038035506091037376
pythia-410m,very_high,draw_2,22,7,0.04455671701101582
pythia-410m,very_high,draw_2,22,8,0.061814889392050314
pythia-410m,very_high,draw_2,22,9,0.05140327991439293
pythia-410m,very_high,draw_2,22,10,0.07188447107234765
pythia-410m,very_high,draw_2,22,11,0.0258079762356779
pythia-410m,very_high,draw_2,22,12,0.011507275681735853
pythia-410m,very_high,draw_2,22,13,0.030493063617293474
pythia-410m,very_high,draw_2,22,14,0.02910471321497923
pythia-410m,very_high,draw_2,22,15,0.03760309768289556
pythia-410m,very_high,draw_2,23,0,0.031647383297774286
pythia-410m,very_high,draw_2,23,1,0.021515207761796096
pythia-410m,very_high,draw_2,23,2,0.010556273693312003
pythia-410m,very_high,draw_2,23,3,0.0394797393525373
pythia-410m,very_high,draw_2,23,4,0.009272837799432939
pythia-410m,very_high,draw_2,23,5,0.038666680738541424
pythia-410m,very_high,draw_2,23,6,0.042143115232614145
pythia-410m,very_high,draw_2,23,7,0.04597723568218494
pythia-410m,very_high,draw_2,23,8,0.05277779345885122
pythia-410m,very_high,draw_2,23,9,0.004898198109764549
pythia-410m,very_high,draw_2,23,10,0.050677523681306146
pythia-410m,very_high,draw_2,23,11,0.040638538429311394
pythia-410m,very_high,draw_2,23,12,0.025940661700850843
pythia-410m,very_high,draw_2,23,13,0.05824046521291557
pythia-410m,very_high,draw_2,23,14,0.029139290625993828
pythia-410m,very_high,draw_2,23,15,0.031499827041628924
pythia-410m,very_high,draw_3,0,0,0.0
pythia-410m,very_high,draw_3,0,1,0.0
pythia-410m,very_high,draw_3,0,2,0.0
pythia-410m,very_high,draw_3,0,3,0.0
pythia-410m,very_high,draw_3,0,4,0.0
pythia-410m,very_high,draw_3,0,5,0.0
pythia-410m,very_high,draw_3,0,6,0.0
pythia-410m,very_high,draw_3,0,7,0.0
pythia-410m,very_high,draw_3,0,8,0.0
pythia-410m,very_high,draw_3,0,9,0.0
pythia-410m,very_high,draw_3,0,10,0.0
pythia-410m,very_high,draw_3,0,11,0.0
pythia-410m,very_high,draw_3,0,12,0.0
pythia-410m,very_high,draw_3,0,13,0.0
pythia-410m,very_high,draw_3,0,14,0.0
pythia-410m,very_high,draw_3,0,15,0.0
pythia-410m,very_high,draw_3,1,0,0.0030059563325907667
pythia-410m,very_high,draw_3,1,1,0.005554602681691414
pythia-410m,very_high,draw_3,1,2,0.01642747014760363
pythia-410m,very_high,draw_3,1,3,0.005259470191559899
pythia-410m,very_high,draw_3,1,4,0.007152369178839272
pythia-410m,very_high,draw_3,1,5,0.005692556048100259
pythia-410m,very_high,draw_3,1,6,0.0027038212552030604
pythia-410m,very_high,draw_3,1,7,0.006283680681869695
pythia-410m,very_high,draw_3,1,8,0.05839690881023264
pythia-410m,very_high,draw_3,1,9,0.0072028434547379136
pythia-410m,very_high,draw_3,1,10,0.014645027717463656
pythia-410m,very_high,draw_3,1,11,0.0030031844744328085
pythia-410m,very_high,draw_3,1,12,0.008251811836094003
pythia-410m,very_high,draw_3,1,13,0.01448146306939168
pythia-410m,very_high,draw_3,1,14,0.004179655012557076
pythia-410m,very_high,draw_3,1,15,0.0032690584004852006
pythia-410m,very_high,draw_3,2,0,0.007089300561751791
pythia-410m,very_high,draw_3,2,1,0.0025411496387301256
pythia-410m,very_high,draw_3,2,2,0.004723920004653072
pythia-410m,very_high,draw_3,2,3,0.004593462608026324
pythia-410m,very_high,draw_3,2,4,0.0069100353297505334
pythia-410m,very_high,draw_3,2,5,0.004880153408796576
pythia-410m,very_high,draw_3,2,6,0.0034917683006417547
pythia-410m,very_high,draw_3,2,7,0.005763349867938799
pythia-410m,very_high,draw_3,2,8,0.005671807042416233
pythia-410m,very_high,draw_3,2,9,0.004089842952311018
pythia-410m,very_high,draw_3,2,10,0.012224266878199273
pythia-410m,very_high,draw_3,2,11,0.0036286374103901837
pythia-410m,very_high,draw_3,2,12,0.002537780217849782
pythia-410m,very_high,draw_3,2,13,0.003571893164737867
pythia-410m,very_high,draw_3,2,14,0.006705578108663229
pythia-410m,very_high,draw_3,2,15,0.007340589744379477
pythia-410m,very_high,draw_3,3,0,0.0074445046178439655
pythia-410m,very_high,draw_3,3,1,0.005225525423653752
pythia-410m,very_high,draw_3,3,2,0.010986370510443412
pythia-410m,very_high,draw_3,3,3,0.008510930709808146
pythia-410m,very_high,draw_3,3,4,0.004033403368544136
pythia-410m,very_high,draw_3,3,5,0.00954704948471094
pythia-410m,very_high,draw_3,3,6,0.010110170542338997
pythia-410m,very_high,draw_3,3,7,0.015106347593888705
pythia-410m,very_high,draw_3,3,8,0.008125910490171051
pythia-410m,very_high,draw_3,3,9,0.006246021625521815
pythia-410m,very_high,draw_3,3,10,0.007710151512974815
pythia-410m,very_high,draw_3,3,11,0.009147202192362007
pythia-410m,very_high,draw_3,3,12,0.006201118652986432
pythia-410m,very_high,draw_3,3,13,0.009019796629826615
pythia-410m,very_high,draw_3,3,14,0.01523141025922679
pythia-410m,very_high,draw_3,3,15,0.009498348003040493
pythia-410m,very_high,draw_3,4,0,0.007581587736462295
pythia-410m,very_high,draw_3,4,1,0.008645093815723265
pythia-410m,very_high,draw_3,4,2,0.008695965345355895
pythia-410m,very_high,draw_3,4,3,0.0119249663573182
pythia-410m,very_high,draw_3,4,4,0.014910220421249978
pythia-410m,very_high,draw_3,4,5,0.013720742239166656
pythia-410m,very_high,draw_3,4,6,0.011225336394786479
pythia-410m,very_high,draw_3,4,7,0.009044356806037343
pythia-410m,very_high,draw_3,4,8,0.007634836163637759
pythia-410m,very_high,draw_3,4,9,0.0028278821938435895
pythia-410m,very_high,draw_3,4,10,0.014645107208611185
pythia-410m,very_high,draw_3,4,11,0.0063321768480960675
pythia-410m,very_high,draw_3,4,12,0.016055569105353024
pythia-410m,very_high,draw_3,4,13,0.0050577937325708925
pythia-410m,very_high,draw_3,4,14,0.005165562123041742
pythia-410m,very_high,draw_3,4,15,0.006794064717726031
pythia-410m,very_high,draw_3,5,0,0.01440026339939487
pythia-410m,very_high,draw_3,5,1,0.009680207530254623
pythia-410m,very_high,draw_3,5,2,0.002772041052350282
pythia-410m,very_high,draw_3,5,3,0.017343894382253866
pythia-410m,very_high,draw_3,5,4,0.012227302052256028
pythia-410m,very_high,draw_3,5,5,0.012923933114358532
pythia-410m,very_high,draw_3,5,6,0.007514980722756068
pythia-410m,very_high,draw_3,5,7,0.0033881094439015404
pythia-410m,very_high,draw_3,5,8,0.018872463621948863
pythia-410m,very_high,draw_3,5,9,0.007550329605592899
pythia-410m,very_high,draw_3,5,10,0.01055555201933404
pythia-410m,very_high,draw_3,5,11,0.014195775581368725
pythia-410m,very_high,draw_3,5,12,0.012201970958907344
pythia-410m,very_high,draw_3,5,13,0.014499037542649095
pythia-410m,very_high,draw_3,5,14,0.013150518040257195
pythia-410m,very_high,draw_3,5,15,0.01425229710543736
pythia-410m,very_high,draw_3,6,0,0.009954401167038919
pythia-410m,very_high,draw_3,6,1,0.01484849631978417
pythia-410m,very_high,draw_3,6,2,0.034318621145470934
pythia-410m,very_high,draw_3,6,3,0.02262565863869725
pythia-410m,very_high,draw_3,6,4,0.009640592107936974
pythia-410m,very_high,draw_3,6,5,0.0072742776131376205
pythia-410m,very_high,draw_3,6,6,0.01673491386367196
pythia-410m,very_high,draw_3,6,7,0.005537775799973921
pythia-410m,very_high,draw_3,6,8,0.011979509993139008
pythia-410m,very_high,draw_3,6,9,0.007928381854065544
pythia-410m,very_high,draw_3,6,10,0.011141721816261982
pythia-410m,very_high,draw_3,6,11,0.014168122533553117
pythia-410m,very_high,draw_3,6,12,0.006894126870437566
pythia-410m,very_high,draw_3,6,13,0.007503240916996363
pythia-410m,very_high,draw_3,6,14,0.004321225349042779
pythia-410m,very_high,draw_3,6,15,0.011642011081496487
pythia-410m,very_high,draw_3,7,0,0.016691873842488516
pythia-410m,very_high,draw_3,7,1,0.010330652722881
pythia-410m,very_high,draw_3,7,2,0.008808629950165639
pythia-410m,very_high,draw_3,7,3,0.017093034855050343
pythia-410m,very_high,draw_3,7,4,0.007473317129976514
pythia-410m,very_high,draw_3,7,5,0.013183063920288783
pythia-410m,very_high,draw_3,7,6,0.031746692643255324
pythia-410m,very_high,draw_3,7,7,0.0072904603533624004
pythia-410m,very_high,draw_3,7,8,0.00849031558123019
pythia-410m,very_high,draw_3,7,9,0.007060569263392418
pythia-410m,very_high,draw_3,7,10,0.011840731826923525
pythia-410m,very_high,draw_3,7,11,0.008694291774329519
pythia-410m,very_high,draw_3,7,12,0.012729477302563052
pythia-410m,very_high,draw_3,7,13,0.0181603934956039
pythia-410m,very_high,draw_3,7,14,0.011378942057909739
pythia-410m,very_high,draw_3,7,15,0.013927722490642882
pythia-410m,very_high,draw_3,8,0,0.015727104422607396
pythia-410m,very_high,draw_3,8,1,0.009006185982572273
pythia-410m,very_high,draw_3,8,2,0.010108092649749255
pythia-410m,very_high,draw_3,8,3,0.03326473935524183
pythia-410m,very_high,draw_3,8,4,0.019831824135727278
pythia-410m,very_high,draw_3,8,5,0.011391303702980157
pythia-410m,very_high,draw_3,8,6,0.009865820125366452
pythia-410m,very_high,draw_3,8,7,0.020096449382475762
pythia-410m,very_high,draw_3,8,8,0.0214014083730052
pythia-410m,very_high,draw_3,8,9,0.015868314391414857
pythia-410m,very_high,draw_3,8,10,0.023714510974000694
pythia-410m,very_high,draw_3,8,11,0.010647993388731373
pythia-410m,very_high,draw_3,8,12,0.011795694103803463
pythia-410m,very_high,draw_3,8,13,0.009710551101414609
pythia-410m,very_high,draw_3,8,14,0.011324603308197451
pythia-410m,very_high,draw_3,8,15,0.011856238659898275
pythia-410m,very_high,draw_3,9,0,0.007864373351047395
pythia-410m,very_high,draw_3,9,1,0.013462122319561206
pythia-410m,very_high,draw_3,9,2,0.005500143967801269
pythia-410m,very_high,draw_3,9,3,0.023620586986682374
pythia-410m,very_high,draw_3,9,4,0.01738913921883769
pythia-410m,very_high,draw_3,9,5,0.007296679299755653
pythia-410m,very_high,draw_3,9,6,0.012932246265991505
pythia-410m,very_high,draw_3,9,7,0.010417962676626867
pythia-410m,very_high,draw_3,9,8,0.01018938416097013
pythia-410m,very_high,draw_3,9,9,0.014320192655986937
pythia-410m,very_high,draw_3,9,10,0.004510874677659518
pythia-410m,very_high,draw_3,9,11,0.012239125499803048
pythia-410m,very_high,draw_3,9,12,0.01633119259428022
pythia-410m,very_high,draw_3,9,13,0.025469506134030647
pythia-410m,very_high,draw_3,9,14,0.008194620578994803
pythia-410m,very_high,draw_3,9,15,0.0280835307884715
pythia-410m,very_high,draw_3,10,0,0.008623113676495
pythia-410m,very_high,draw_3,10,1,0.011076958673098242
pythia-410m,very_high,draw_3,10,2,0.008243070037935089
pythia-410m,very_high,draw_3,10,3,0.016642355588238348
pythia-410m,very_high,draw_3,10,4,0.013337924655691303
pythia-410m,very_high,draw_3,10,5,0.005412113088856376
pythia-410m,very_high,draw_3,10,6,0.013084323760424421
pythia-410m,very_high,draw_3,10,7,0.023871623265431866
pythia-410m,very_high,draw_3,10,8,0.008396345393620516
pythia-410m,very_high,draw_3,10,9,0.006950580979210477
pythia-410m,very_high,draw_3,10,10,0.008787456339200965
pythia-410m,very_high,draw_3,10,11,0.012681521435199091
pythia-410m,very_high,draw_3,10,12,0.01649361729144558
pythia-410m,very_high,draw_3,10,13,0.02035429665024495
pythia-410m,very_high,draw_3,10,14,0.015986663047891744
pythia-410m,very_high,draw_3,10,15,0.012875755541065029
pythia-410m,very_high,draw_3,11,0,0.004303412212673381
pythia-410m,very_high,draw_3,11,1,0.011919968833405807
pythia-410m,very_high,draw_3,11,2,0.0113341447799375
pythia-410m,very_high,draw_3,11,3,0.005905136581520673
pythia-410m,very_high,draw_3,11,4,0.006998371700698068
pythia-410m,very_high,draw_3,11,5,0.0076873414522208895
pythia-410m,very_high,draw_3,11,6,0.00768034894943125
pythia-410m,very_high,draw_3,11,7,0.006660916945358967
pythia-410m,very_high,draw_3,11,8,0.010806788917322422
pythia-410m,very_high,draw_3,11,9,0.006999593199717031
pythia-410m,very_high,draw_3,11,10,0.005963379719211814
pythia-410m,very_high,draw_3,11,11,0.005993632386479297
pythia-410m,very_high,draw_3,11,12,0.008208782244184162
pythia-410m,very_high,draw_3,11,13,0.011469249411938122
pythia-410m,very_high,draw_3,11,14,0.011417078561385142
pythia-410m,very_high,draw_3,11,15,0.014772296828700435
pythia-410m,very_high,draw_3,12,0,0.010482124518613337
pythia-410m,very_high,draw_3,12,1,0.006876332278559465
pythia-410m,very_high,draw_3,12,2,0.009846894536828273
pythia-410m,very_high,draw_3,12,3,0.005639867035233409
pythia-410m,very_high,draw_3,12,4,0.009585877304026104
pythia-410m,very_high,draw_3,12,5,0.015459433309310338
pythia-410m,very_high,draw_3,12,6,0.01399777367085598
pythia-410m,very_high,draw_3,12,7,0.008556598110850898
pythia-410m,very_high,draw_3,12,8,0.005511356567151609
pythia-410m,very_high,draw_3,12,9,0.013407677062231541
pythia-410m,very_high,draw_3,12,10,0.008887796022284471
pythia-410m,very_high,draw_3,12,11,0.011441581450742729
pythia-410m,very_high,draw_3,12,12,0.00990518447845808
pythia-410m,very_high,draw_3,12,13,0.013622702146427568
pythia-410m,very_high,draw_3,12,14,0.0053079014265987245
pythia-410m,very_high,draw_3,12,15,0.008777179068752975
pythia-410m,very_high,draw_3,13,0,0.010093064696137676
pythia-410m,very_high,draw_3,13,1,0.007548932167930209
pythia-410m,very_high,draw_3,13,2,0.008874610135557228
pythia-410m,very_high,draw_3,13,3,0.009204682302114322
pythia-410m,very_high,draw_3,13,4,0.007226347678445393
pythia-410m,very_high,draw_3,13,5,0.006537061731962988
pythia-410m,very_high,draw_3,13,6,0.0039312773501523355
pythia-410m,very_high,draw_3,13,7,0.01042832046159634
pythia-410m,very_high,draw_3,13,8,0.012340420658946642
pythia-410m,very_high,draw_3,13,9,0.009877517548286995
pythia-410m,very_high,draw_3,13,10,0.004076479275835088
pythia-410m,very_high,draw_3,13,11,0.00722090251395548
pythia-410m,very_high,draw_3,13,12,0.019513958488824472
pythia-410m,very_high,draw_3,13,13,0.004567922377668022
pythia-410m,very_high,draw_3,13,14,0.01243929085758188
pythia-410m,very_high,draw_3,13,15,0.006067227132840882
pythia-410m,very_high,draw_3,14,0,0.009016848189319231
pythia-410m,very_high,draw_3,14,1,0.020795512763462188
pythia-410m,very_high,draw_3,14,2,0.02367472301793686
pythia-410m,very_high,draw_3,14,3,0.018043951952760085
pythia-410m,very_high,draw_3,14,4,0.0038826122947096717
pythia-410m,very_high,draw_3,14,5,0.026486970213806457
pythia-410m,very_high,draw_3,14,6,0.006406627050067565
pythia-410m,very_high,draw_3,14,7,0.010434278609929373
pythia-410m,very_high,draw_3,14,8,0.01142404962932449
pythia-410m,very_high,draw_3,14,9,0.008335056784849153
pythia-410m,very_high,draw_3,14,10,0.004097499850563988
pythia-410m,very_high,draw_3,14,11,0.012022688845606944
pythia-410m,very_high,draw_3,14,12,0.0058414618786424705
pythia-410m,very_high,draw_3,14,13,0.012116533036546055
pythia-410m,very_high,draw_3,14,14,0.008328033687755674
pythia-410m,very_high,draw_3,14,15,0.008773239366377037
pythia-410m,very_high,draw_3,15,0,0.009010270124254519
pythia-410m,very_high,draw_3,15,1,0.007503024183983074
pythia-410m,very_high,draw_3,15,2,0.013529991794340715
pythia-410m,very_high,draw_3,15,3,0.008912123174372432
pythia-410m,very_high,draw_3,15,4,0.009307578348329506
pythia-410m,very_high,draw_3,15,5,0.010180295679119232
pythia-410m,very_high,draw_3,15,6,0.01072175686721861
pythia-410m,very_high,draw_3,15,7,0.006417756538012022
pythia-410m,very_high,draw_3,15,8,0.013118035623743344
pythia-410m,very_high,draw_3,15,9,0.004417748842491773
pythia-410m,very_high,draw_3,15,10,0.010693053019067473
pythia-410m,very_high,draw_3,15,11,0.011297621229792915
pythia-410m,very_high,draw_3,15,12,0.006171825926885895
pythia-410m,very_high,draw_3,15,13,0.008027889235060516
pythia-410m,very_high,draw_3,15,14,0.008513339464879156
pythia-410m,very_high,draw_3,15,15,0.009182300411347953
pythia-410m,very_high,draw_3,16,0,0.009774073284305556
pythia-410m,very_high,draw_3,16,1,0.020178112259347614
pythia-410m,very_high,draw_3,16,2,0.012873489896881743
pythia-410m,very_high,draw_3,16,3,0.016549371979879306
pythia-410m,very_high,draw_3,16,4,0.012533126184186612
pythia-410m,very_high,draw_3,16,5,0.015714569337005452
pythia-410m,very_high,draw_3,16,6,0.014192058126549103
pythia-410m,very_high,draw_3,16,7,0.019203699807533694
pythia-410m,very_high,draw_3,16,8,0.018609168509197308
pythia-410m,very_high,draw_3,16,9,0.0038365557978591257
pythia-410m,very_high,draw_3,16,10,0.01700113553503075
pythia-410m,very_high,draw_3,16,11,0.02874404841250972
pythia-410m,very_high,draw_3,16,12,0.011009721883161095
pythia-410m,very_high,draw_3,16,13,0.00887046804482811
pythia-410m,very_high,draw_3,16,14,0.03148529941453594
pythia-410m,very_high,draw_3,16,15,0.01122144668412891
pythia-410m,very_high,draw_3,17,0,0.01942126179960059
pythia-410m,very_high,draw_3,17,1,0.021780104152146595
pythia-410m,very_high,draw_3,17,2,0.024273352444502485
pythia-410m,very_high,draw_3,17,3,0.030645202801982206
pythia-410m,very_high,draw_3,17,4,0.014828159589998441
pythia-410m,very_high,draw_3,17,5,0.0166554348260357
pythia-410m,very_high,draw_3,17,6,0.013747112559590803
pythia-410m,very_high,draw_3,17,7,0.021941937059688544
pythia-410m,very_high,draw_3,17,8,0.015071528553288055
pythia-410m,very_high,draw_3,17,9,0.028524044178780114
pythia-410m,very_high,draw_3,17,10,0.03156954956289218
pythia-410m,very_high,draw_3,17,11,0.044089700008985044
pythia-410m,very_high,draw_3,17,12,0.021053048443382558
pythia-410m,very_high,draw_3,17,13,0.010036809952429093
pythia-410m,very_high,draw_3,17,14,0.004815459639472157
pythia-410m,very_high,draw_3,17,15,0.038034848034571606
pythia-410m,very_high,draw_3,18,0,0.027419486700901042
pythia-410m,very_high,draw_3,18,1,0.039910584264989515
pythia-410m,very_high,draw_3,18,2,0.009776403022668429
pythia-410m,very_high,draw_3,18,3,0.060170292686032786
pythia-410m,very_high,draw_3,18,4,0.014239317062557617
pythia-410m,very_high,draw_3,18,5,0.006473418747704185
pythia-410m,very_high,draw_3,18,6,0.004000918251827299
pythia-410m,very_high,draw_3,18,7,0.006211436252298039
pythia-410m,very_high,draw_3,18,8,0.02520075631103916
pythia-410m,very_high,draw_3,18,9,0.011734668529600612
pythia-410m,very_high,draw_3,18,10,0.023344832749036492
pythia-410m,very_high,draw_3,18,11,0.019550415411011973
pythia-410m,very_high,draw_3,18,12,0.0195410122911907
pythia-410m,very_high,draw_3,18,13,0.021966410119986766
pythia-410m,very_high,draw_3,18,14,0.02084830300126844
pythia-410m,very_high,draw_3,18,15,0.022737773048545667
pythia-410m,very_high,draw_3,19,0,0.0028120129902154197
pythia-410m,very_high,draw_3,19,1,0.006267804159716953
pythia-410m,very_high,draw_3,19,2,0.024952956264614478
pythia-410m,very_high,draw_3,19,3,0.011865930257217905
pythia-410m,very_high,draw_3,19,4,0.022234707728481257
pythia-410m,very_high,draw_3,19,5,0.007783977402425371
pythia-410m,very_high,draw_3,19,6,0.02420890799437642
pythia-410m,very_high,draw_3,19,7,0.01828654941955179
pythia-410m,very_high,draw_3,19,8,0.015668891191611967
pythia-410m,very_high,draw_3,19,9,0.020154964464707274
pythia-410m,very_high,draw_3,19,10,0.01508081595900009
pythia-410m,very_high,draw_3,19,11,0.013318962923044745
pythia-410m,very_high,draw_3,19,12,0.01581793372790522
pythia-410m,very_high,draw_3,19,13,0.007358780417814517
pythia-410m,very_high,draw_3,19,14,0.005806491793201674
pythia-410m,very_high,draw_3,19,15,0.02677761192869178
pythia-410m,very_high,draw_3,20,0,0.0032075306980868102
pythia-410m,very_high,draw_3,20,1,0.016100470189585304
pythia-410m,very_high,draw_3,20,2,0.019272058988699305
pythia-410m,very_high,draw_3,20,3,0.0257666589437384
pythia-410m,very_high,draw_3,20,4,0.01552293736685749
pythia-410m,very_high,draw_3,20,5,0.0009714665693801492
pythia-410m,very_high,draw_3,20,6,0.0076290187743160934
pythia-410m,very_high,draw_3,20,7,0.024297500350086244
pythia-410m,very_high,draw_3,20,8,0.0005524507811181435
pythia-410m,very_high,draw_3,20,9,0.0011876037950961807
pythia-410m,very_high,draw_3,20,10,0.0008337725081819208
pythia-410m,very_high,draw_3,20,11,0.022095381215971745
pythia-410m,very_high,draw_3,20,12,0.0033069080124548743
pythia-410m,very_high,draw_3,20,13,0.014212278102316378
pythia-410m,very_high,draw_3,20,14,0.01739951293196975
pythia-410m,very_high,draw_3,20,15,0.012240680569730043
pythia-410m,very_high,draw_3,21,0,0.020326143219756163
pythia-410m,very_high,draw_3,21,1,0.01054758068434781
pythia-410m,very_high,draw_3,21,2,0.01983986898029328
pythia-410m,very_high,draw_3,21,3,0.004523954736855734
pythia-410m,very_high,draw_3,21,4,0.010496548334999155
pythia-410m,very_high,draw_3,21,5,0.007142383715114648
pythia-410m,very_high,draw_3,21,6,0.015179537959584384
pythia-410m,very_high,draw_3,21,7,0.022592511625897944
pythia-410m,very_high,draw_3,21,8,0.028368260842697644
pythia-410m,very_high,draw_3,21,9,0.03927669509909777
pythia-410m,very_high,draw_3,21,10,0.03452316789959906
pythia-410m,very_high,draw_3,21,11,0.029624539121355552
pythia-410m,very_high,draw_3,21,12,0.029034985802893157
pythia-410m,very_high,draw_3,21,13,0.00993628908743285
pythia-410m,very_high,draw_3,21,14,0.01016519266282403
pythia-410m,very_high,draw_3,21,15,0.002844786667859958
pythia-410m,very_high,draw_3,22,0,0.02562639122368666
pythia-410m,very_high,draw_3,22,1,0.04340960561505558
pythia-410m,very_high,draw_3,22,2,0.06891779336883763
pythia-410m,very_high,draw_3,22,3,0.022290497928671923
pythia-410m,very_high,draw_3,22,4,0.0022406394898485276
pythia-410m,very_high,draw_3,22,5,0.02205326803623557
pythia-410m,very_high,draw_3,22,6,0.0778456043101418
pythia-410m,very_high,draw_3,22,7,0.04682291634134951
pythia-410m,very_high,draw_3,22,8,0.04941277954637442
pythia-410m,very_high,draw_3,22,9,0.0286441022628036
pythia-410m,very_high,draw_3,22,10,0.057483769165542035
pythia-410m,very_high,draw_3,22,11,0.030893256504192838
pythia-410m,very_high,draw_3,22,12,0.012895495946633868
pythia-410m,very_high,draw_3,22,13,0.039161401952398624
pythia-410m,very_high,draw_3,22,14,0.0345901519211321
pythia-410m,very_high,draw_3,22,15,0.02637178990144896
pythia-410m,very_high,draw_3,23,0,0.031968956580641236
pythia-410m,very_high,draw_3,23,1,0.05208037288517266
pythia-410m,very_high,draw_3,23,2,0.0029059619147910306
pythia-410m,very_high,draw_3,23,3,0.01463089926172782
pythia-410m,very_high,draw_3,23,4,0.016371329643772733
pythia-410m,very_high,draw_3,23,5,0.033966228967972543
pythia-410m,very_high,draw_3,23,6,0.04167593198568959
pythia-410m,very_high,draw_3,23,7,0.045359321566283174
pythia-410m,very_high,draw_3,23,8,0.04957491567745675
pythia-410m,very_high,draw_3,23,9,0.003349857567018153
pythia-410m,very_high,draw_3,23,10,0.053832196858843835
pythia-410m,very_high,draw_3,23,11,0.060909731740089346
pythia-410m,very_high,draw_3,23,12,0.026172857835449433
pythia-410m,very_high,draw_3,23,13,0.061603658464511137
pythia-410m,very_high,draw_3,23,14,0.03869174304817497
pythia-410m,very_high,draw_3,23,15,0.04338081781176578
pythia-410m,control,draw_1,0,0,0.0
pythia-410m,control,draw_1,0,1,0.0
pythia-410m,control,draw_1,0,2,0.0
pythia-410m,control,draw_1,0,3,0.0
pythia-410m,control,draw_1,0,4,0.0
pythia-410m,control,draw_1,0,5,0.0
pythia-410m,control,draw_1,0,6,0.0
pythia-410m,control,draw_1,0,7,0.0
pythia-410m,control,draw_1,0,8,0.0
pythia-410m,control,draw_1,0,9,0.0
pythia-410m,control,draw_1,0,10,0.0
pythia-410m,control,draw_1,0,11,0.0
pythia-410m,control,draw_1,0,12,0.0
pythia-410m,control,draw_1,0,13,0.0
pythia-410m,control,draw_1,0,14,0.0
pythia-410m,control,draw_1,0,15,0.0
pythia-410m,control,draw_1,1,0,0.0027025646069364574
pythia-410m,control,draw_1,1,1,0.0037353308371673266
pythia-410m,control,draw_1,1,2,0.012548786285716564
pythia-410m,control,draw_1,1,3,0.004327703015554452
pythia-410m,control,draw_1,1,4,0.004777554634084145
pythia-410m,control,draw_1,1,5,0.005075738190049509
pythia-410m,control,draw_1,1,6,0.0020959461769807686
pythia-410m,control,draw_1,1,7,0.004993985833138247
pythia-410m,control,draw_1,1,8,0.044332538697123884
pythia-410m,control,draw_1,1,9,0.005428929404638771
pythia-410m,control,draw_1,1,10,0.010269567473236312
pythia-410m,control,draw_1,1,11,0.002679180597268741
pythia-410m,control,draw_1,1,12,0.0060289114985554995
pythia-410m,control,draw_1,1,13,0.010427622726898041
pythia-410m,control,draw_1,1,14,0.002655785551558632
pythia-410m,control,draw_1,1,15,0.0036035045609717846
pythia-410m,control,draw_1,2,0,0.0045914045556293935
pythia-410m,control,draw_1,2,1,0.0070730078475169
pythia-410m,control,draw_1,2,2,0.006605811695754725
pythia-410m,control,draw_1,2,3,0.004838516057090068
pythia-410m,control,draw_1,2,4,0.004242770025264831
pythia-410m,control,draw_1,2,5,0.0049704202560249345
pythia-410m,control,draw_1,2,6,0.005948731432835359
pythia-410m,control,draw_1,2,7,0.0031037526592316415
pythia-410m,control,draw_1,2,8,0.009036653091844794
pythia-410m,control,draw_1,2,9,0.01288510890002945
pythia-410m,control,draw_1,2,10,0.013674813406095018
pythia-410m,control,draw_1,2,11,0.0062452501263461175
pythia-410m,control,draw_1,2,12,0.004264655817605061
pythia-410m,control,draw_1,2,13,0.003220811048299151
pythia-410m,control,draw_1,2,14,0.005186905467408388
pythia-410m,control,draw_1,2,15,0.003975302591255277
pythia-410m,control,draw_1,3,0,0.011491605037200347
pythia-410m,control,draw_1,3,1,0.004047546599557165
pythia-410m,control,draw_1,3,2,0.01928143402691687
pythia-410m,control,draw_1,3,3,0.01890115322917282
pythia-410m,control,draw_1,3,4,0.013708440384789826
pythia-410m,control,draw_1,3,5,0.010185708524599857
pythia-410m,control,draw_1,3,6,0.00989671578258137
pythia-410m,control,draw_1,3,7,0.025435463122001713
pythia-410m,control,draw_1,3,8,0.009836270685457312
pythia-410m,control,draw_1,3,9,0.009111375471280346
pythia-410m,control,draw_1,3,10,0.02105619732551378
pythia-410m,control,draw_1,3,11,0.014401194573774683
pythia-410m,control,draw_1,3,12,0.006088145692427495
pythia-410m,control,draw_1,3,13,0.01342027196731469
pythia-410m,control,draw_1,3,14,0.025424974159641484
pythia-410m,control,draw_1,3,15,0.007609394562047922
pythia-410m,control,draw_1,4,0,0.005934513207523062
pythia-410m,control,draw_1,4,1,0.014452371646120945
pythia-410m,control,draw_1,4,2,0.00503922808267909
pythia-410m,control,draw_1,4,3,0.01257481553594468
pythia-410m,control,draw_1,4,4,0.009137841158888604
pythia-410m,control,draw_1,4,5,0.014862918241531792
pythia-410m,control,draw_1,4,6,0.010668621887612187
pythia-410m,control,draw_1,4,7,0.010088960934352877
pythia-410m,control,draw_1,4,8,0.008873630346111855
pythia-410m,control,draw_1,4,9,0.004621108585537001
pythia-410m,control,draw_1,4,10,0.008177155731142886
pythia-410m,control,draw_1,4,11,0.005318678513252707
pythia-410m,control,draw_1,4,12,0.018809612698153465
pythia-410m,control,draw_1,4,13,0.006788596498049072
pythia-410m,control,draw_1,4,14,0.0036781951164430986
pythia-410m,control,draw_1,4,15,0.007199060456951713
pythia-410m,control,draw_1,5,0,0.013882588511384379
pythia-410m,control,draw_1,5,1,0.010890719516308437
pythia-410m,control,draw_1,5,2,0.005675449106956289
pythia-410m,control,draw_1,5,3,0.009852688833129248
pythia-410m,control,draw_1,5,4,0.02102237265596625
pythia-410m,control,draw_1,5,5,0.014435758015478573
pythia-410m,control,draw_1,5,6,0.006501085826843188
pythia-410m,control,draw_1,5,7,0.005745476118356249
pythia-410m,control,draw_1,5,8,0.012047594273465115
pythia-410m,control,draw_1,5,9,0.00821508850768335
pythia-410m,control,draw_1,5,10,0.006870446369669898
pythia-410m,control,draw_1,5,11,0.013447826157559283
pythia-410m,control,draw_1,5,12,0.007824806117532876
pythia-410m,control,draw_1,5,13,0.010152410964552511
pythia-410m,control,draw_1,5,14,0.014631881895071423
pythia-410m,control,draw_1,5,15,0.014154790815459969
pythia-410m,control,draw_1,6,0,0.00319363928491884
pythia-410m,control,draw_1,6,1,0.01992994345518749
pythia-410m,control,draw_1,6,2,0.03532939895811346
pythia-410m,control,draw_1,6,3,0.01315398887954801
pythia-410m,control,draw_1,6,4,0.010643697189761719
pythia-410m,control,draw_1,6,5,0.004529016096702985
pythia-410m,control,draw_1,6,6,0.020909284485092036
pythia-410m,control,draw_1,6,7,0.009320358579122816
pythia-410m,control,draw_1,6,8,0.005403588358830044
pythia-410m,control,draw_1,6,9,0.007729239402440107
pythia-410m,control,draw_1,6,10,0.014288047272801498
pythia-410m,control,draw_1,6,11,0.007264115169632262
pythia-410m,control,draw_1,6,12,0.014739413674650821
pythia-410m,control,draw_1,6,13,0.010839302354472242
pythia-410m,control,draw_1,6,14,0.008393817683760406
pythia-410m,control,draw_1,6,15,0.026031842961718992
pythia-410m,control,draw_1,7,0,0.015102501618480422
pythia-410m,control,draw_1,7,1,0.006827609596540947
pythia-410m,control,draw_1,7,2,0.006785298867557837
pythia-410m,control,draw_1,7,3,0.020338726649845356
pythia-410m,control,draw_1,7,4,0.009746170783025148
pythia-410m,control,draw_1,7,5,0.0054225824351295596
pythia-410m,control,draw_1,7,6,0.024666424834729167
pythia-410m,control,draw_1,7,7,0.008823361790484478
pythia-410m,control,draw_1,7,8,0.008776489344349785
pythia-410m,control,draw_1,7,9,0.00871544795082382
pythia-410m,control,draw_1,7,10,0.01551822598583148
pythia-410m,control,draw_1,7,11,0.012721003616569863
pythia-410m,control,draw_1,7,12,0.0155113396398932
pythia-410m,control,draw_1,7,13,0.025122063546879545
pythia-410m,control,draw_1,7,14,0.011152151161658769
pythia-410m,control,draw_1,7,15,0.006801876933457526
pythia-410m,control,draw_1,8,0,0.012620227022437673
pythia-410m,control,draw_1,8,1,0.012749093790419044
pythia-410m,control,draw_1,8,2,0.005008722205003114
pythia-410m,control,draw_1,8,3,0.021799317743466048
pythia-410m,control,draw_1,8,4,0.019398285849539596
pythia-410m,control,draw_1,8,5,0.016355201228841806
pythia-410m,control,draw_1,8,6,0.011821715437043313
pythia-410m,control,draw_1,8,7,0.018359695277058274
pythia-410m,control,draw_1,8,8,0.01544229597391603
pythia-410m,control,draw_1,8,9,0.012918299802391505
pythia-410m,control,draw_1,8,10,0.025140079821557547
pythia-410m,control,draw_1,8,11,0.009022057429534389
pythia-410m,control,draw_1,8,12,0.013965608252426515
pythia-410m,control,draw_1,8,13,0.011392572787087569
pythia-410m,control,draw_1,8,14,0.014635777963574344
pythia-410m,control,draw_1,8,15,0.01202995008987371
pythia-410m,control,draw_1,9,0,0.006700367522778773
pythia-410m,control,draw_1,9,1,0.0052729638701573675
pythia-410m,control,draw_1,9,2,0.005908594187491614
pythia-410m,control,draw_1,9,3,0.019902971592846642
pythia-410m,control,draw_1,9,4,0.008122306592796962
pythia-410m,control,draw_1,9,5,0.005692769495650248
pythia-410m,control,draw_1,9,6,0.010085559636363225
pythia-410m,control,draw_1,9,7,0.011680299043593042
pythia-410m,control,draw_1,9,8,0.013968095242499737
pythia-410m,control,draw_1,9,9,0.008971976583087453
pythia-410m,control,draw_1,9,10,0.005277704321826381
pythia-410m,control,draw_1,9,11,0.004533496875882844
pythia-410m,control,draw_1,9,12,0.013950848068437887
pythia-410m,control,draw_1,9,13,0.020679626928712013
pythia-410m,control,draw_1,9,14,0.0060245314763030505
pythia-410m,control,draw_1,9,15,0.016545801623879093
pythia-410m,control,draw_1,10,0,0.007616042374310649
pythia-410m,control,draw_1,10,1,0.011228037653962054
pythia-410m,control,draw_1,10,2,0.01902469650915779
pythia-410m,control,draw_1,10,3,0.016067421560623893
pythia-410m,control,draw_1,10,4,0.016526152639084576
pythia-410m,control,draw_1,10,5,0.008922677204665934
pythia-410m,control,draw_1,10,6,0.014676367438440606
pythia-410m,control,draw_1,10,7,0.023693462744076892
pythia-410m,control,draw_1,10,8,0.007443801863164476
pythia-410m,control,draw_1,10,9,0.006924229854536153
pythia-410m,control,draw_1,10,10,0.00998978102681782
pythia-410m,control,draw_1,10,11,0.012342873756100008
pythia-410m,control,draw_1,10,12,0.013827018417381843
pythia-410m,control,draw_1,10,13,0.021421149813009892
pythia-410m,control,draw_1,10,14,0.007238876316254285
pythia-410m,control,draw_1,10,15,0.00990068500778751
pythia-410m,control,draw_1,11,0,0.00804228298052941
pythia-410m,control,draw_1,11,1,0.022266045156496675
pythia-410m,control,draw_1,11,2,0.010663603603682029
pythia-410m,control,draw_1,11,3,0.010064147427578416
pythia-410m,control,draw_1,11,4,0.005138176316438571
pythia-410m,control,draw_1,11,5,0.006667310867698187
pythia-410m,control,draw_1,11,6,0.015090296782597611
pythia-410m,control,draw_1,11,7,0.009633517021005964
pythia-410m,control,draw_1,11,8,0.012043017996675889
pythia-410m,control,draw_1,11,9,0.01067555553396217
pythia-410m,control,draw_1,11,10,0.004871447195851326
pythia-410m,control,draw_1,11,11,0.0073143365870437195
pythia-410m,control,draw_1,11,12,0.007961535940692018
pythia-410m,control,draw_1,11,13,0.015843732373591782
pythia-410m,control,draw_1,11,14,0.008667344351450699
pythia-410m,control,draw_1,11,15,0.02235767219198713
pythia-410m,control,draw_1,12,0,0.020070274811546336
pythia-410m,control,draw_1,12,1,0.011220778814862295
pythia-410m,control,draw_1,12,2,0.011036917321235828
pythia-410m,control,draw_1,12,3,0.010694315156723996
pythia-410m,control,draw_1,12,4,0.007303359209250437
pythia-410m,control,draw_1,12,5,0.012598200442514354
pythia-410m,control,draw_1,12,6,0.011281898640209296
pythia-410m,control,draw_1,12,7,0.009231830624697027
pythia-410m,control,draw_1,12,8,0.014401791241494998
pythia-410m,control,draw_1,12,9,0.03770250711318104
pythia-410m,control,draw_1,12,10,0.009540075101539314
pythia-410m,control,draw_1,12,11,0.03556568753575779
pythia-410m,control,draw_1,12,12,0.012811907098153188
pythia-410m,control,draw_1,12,13,0.015071489932297963
pythia-410m,control,draw_1,12,14,0.026266355570743156
pythia-410m,control,draw_1,12,15,0.021403105464136672
pythia-410m,control,draw_1,13,0,0.007383676431392445
pythia-410m,control,draw_1,13,1,0.005503506328787931
pythia-410m,control,draw_1,13,2,0.0071404820554470385
pythia-410m,control,draw_1,13,3,0.007335839390923853
pythia-410m,control,draw_1,13,4,0.008398298831421444
pythia-410m,control,draw_1,13,5,0.012722743984330718
pythia-410m,control,draw_1,13,6,0.008073145945014456
pythia-410m,control,draw_1,13,7,0.0073029726547642615
pythia-410m,control,draw_1,13,8,0.010392766579220697
pythia-410m,control,draw_1,13,9,0.010255359365043078
pythia-410m,control,draw_1,13,10,0.0077359022648922325
pythia-410m,control,draw_1,13,11,0.010901286880061013
pythia-410m,control,draw_1,13,12,0.018723211921295047
pythia-410m,control,draw_1,13,13,0.006275859320280634
pythia-410m,control,draw_1,13,14,0.011962027542937854
pythia-410m,control,draw_1,13,15,0.006468818371385238
pythia-410m,control,draw_1,14,0,0.009281376774576128
pythia-410m,control,draw_1,14,1,0.015430906404564994
pythia-410m,control,draw_1,14,2,0.007975211962403483
pythia-410m,control,draw_1,14,3,0.016959754503506855
pythia-410m,control,draw_1,14,4,0.004742565515216839
pythia-410m,control,draw_1,14,5,0.020587086020059535
pythia-410m,control,draw_1,14,6,0.008897856398222196
pythia-410m,control,draw_1,14,7,0.006994915782827475
pythia-410m,control,draw_1,14,8,0.010091794413571272
pythia-410m,control,draw_1,14,9,0.009703066244423544
pythia-410m,control,draw_1,14,10,0.0033396005180287096
pythia-410m,control,draw_1,14,11,0.0198505322109435
pythia-410m,control,draw_1,14,12,0.00849140515045025
pythia-410m,control,draw_1,14,13,0.011881343576923383
pythia-410m,control,draw_1,14,14,0.005681883691517084
pythia-410m,control,draw_1,14,15,0.006735793797870333
pythia-410m,control,draw_1,15,0,0.007100584284276328
pythia-410m,control,draw_1,15,1,0.0039585282809801794
pythia-410m,control,draw_1,15,2,0.01982528079998018
pythia-410m,control,draw_1,15,3,0.006982882274441051
pythia-410m,control,draw_1,15,4,0.007707346369598885
pythia-410m,control,draw_1,15,5,0.02322504990531787
pythia-410m,control,draw_1,15,6,0.013570263169637652
pythia-410m,control,draw_1,15,7,0.007031110310574236
pythia-410m,control,draw_1,15,8,0.044498037932403034
pythia-410m,control,draw_1,15,9,0.005895088552442018
pythia-410m,control,draw_1,15,10,0.021749968064904063
pythia-410m,control,draw_1,15,11,0.02313276708173947
pythia-410m,control,draw_1,15,12,0.016525691230419463
pythia-410m,control,draw_1,15,13,0.009979630457115923
pythia-410m,control,draw_1,15,14,0.006160590816710199
pythia-410m,control,draw_1,15,15,0.009270745679210142
pythia-410m,control,draw_1,16,0,0.02321199872779323
pythia-410m,control,draw_1,16,1,0.017867322039087224
pythia-410m,control,draw_1,16,2,0.012120146296623497
pythia-410m,control,draw_1,16,3,0.01401787214766761
pythia-410m,control,draw_1,16,4,0.016507012735122003
pythia-410m,control,draw_1,16,5,0.024443463265460742
pythia-410m,control,draw_1,16,6,0.010176015096584038
pythia-410m,control,draw_1,16,7,0.03981461798142788
pythia-410m,control,draw_1,16,8,0.01137401935402584
pythia-410m,control,draw_1,16,9,0.009091070282632504
pythia-410m,control,draw_1,16,10,0.013907869363912185
pythia-410m,control,draw_1,16,11,0.015840411774284757
pythia-410m,control,draw_1,16,12,0.019678106138820976
pythia-410m,control,draw_1,16,13,0.015453711048272449
pythia-410m,control,draw_1,16,14,0.014029548474579278
pythia-410m,control,draw_1,16,15,0.01663076763049371
pythia-410m,control,draw_1,17,0,0.007788356339833775
pythia-410m,control,draw_1,17,1,0.016463214287668986
pythia-410m,control,draw_1,17,2,0.004746382557603987
pythia-410m,control,draw_1,17,3,0.044744545848619525
pythia-410m,control,draw_1,17,4,0.015126082313399927
pythia-410m,control,draw_1,17,5,0.010079915805682012
pythia-410m,control,draw_1,17,6,0.004478873732024768
pythia-410m,control,draw_1,17,7,0.03689174456798007
pythia-410m,control,draw_1,17,8,0.0078079901657455665
pythia-410m,control,draw_1,17,9,0.011166924053996757
pythia-410m,control,draw_1,17,10,0.014163758789742057
pythia-410m,control,draw_1,17,11,0.010438754399131908
pythia-410m,control,draw_1,17,12,0.0062529672344223755
pythia-410m,control,draw_1,17,13,0.003998340959936385
pythia-410m,control,draw_1,17,14,0.003182323027050502
pythia-410m,control,draw_1,17,15,0.015292673634888558
pythia-410m,control,draw_1,18,0,0.012152417321029953
pythia-410m,control,draw_1,18,1,0.02023456677876174
pythia-410m,control,draw_1,18,2,0.0077106082431931625
pythia-410m,control,draw_1,18,3,0.06115581411835971
pythia-410m,control,draw_1,18,4,0.010619613961651227
pythia-410m,control,draw_1,18,5,0.008218182498635509
pythia-410m,control,draw_1,18,6,0.0026590817179645188
pythia-410m,control,draw_1,18,7,0.00575341021126829
pythia-410m,control,draw_1,18,8,0.018324376287943967
pythia-410m,control,draw_1,18,9,0.018359522489198796
pythia-410m,control,draw_1,18,10,0.009498536442947908
pythia-410m,control,draw_1,18,11,0.012462468842617936
pythia-410m,control,draw_1,18,12,0.013371086380439988
pythia-410m,control,draw_1,18,13,0.011855269003038507
pythia-410m,control,draw_1,18,14,0.012902016735754548
pythia-410m,control,draw_1,18,15,0.0166089623452455
pythia-410m,control,draw_1,19,0,0.0041078653010904465
pythia-410m,control,draw_1,19,1,0.007122800854810975
pythia-410m,control,draw_1,19,2,0.019435671055534762
pythia-410m,control,draw_1,19,3,0.012433071630962423
pythia-410m,control,draw_1,19,4,0.012854875496986952
pythia-410m,control,draw_1,19,5,0.010091544952241918
pythia-410m,control,draw_1,19,6,0.019357859341663796
pythia-410m,control,draw_1,19,7,0.008703168901813442
pythia-410m,control,draw_1,19,8,0.009134681113506507
pythia-410m,control,draw_1,19,9,0.016511992795527754
pythia-410m,control,draw_1,19,10,0.013330018978721275
pythia-410m,control,draw_1,19,11,0.014853747351630217
pythia-410m,control,draw_1,19,12,0.013952685862510554
pythia-410m,control,draw_1,19,13,0.007731567963777314
pythia-410m,control,draw_1,19,14,0.01399035840589947
pythia-410m,control,draw_1,19,15,0.016995106095655257
pythia-410m,control,draw_1,20,0,0.0014535732209458073
pythia-410m,control,draw_1,20,1,0.016352479280480416
pythia-410m,control,draw_1,20,2,0.011879442581536798
pythia-410m,control,draw_1,20,3,0.024935079076739395
pythia-410m,control,draw_1,20,4,0.014404356479521454
pythia-410m,control,draw_1,20,5,0.0005908775318815254
pythia-410m,control,draw_1,20,6,0.0066343036359660604
pythia-410m,control,draw_1,20,7,0.01922948670756484
pythia-410m,control,draw_1,20,8,0.0016184584404964283
pythia-410m,control,draw_1,20,9,0.0016229788554940323
pythia-410m,control,draw_1,20,10,0.001522724795819718
pythia-410m,control,draw_1,20,11,0.026207547688125696
pythia-410m,control,draw_1,20,12,0.005413327267402233
pythia-410m,control,draw_1,20,13,0.010178953365523139
pythia-410m,control,draw_1,20,14,0.009188252100334924
pythia-410m,control,draw_1,20,15,0.01577480963146817
pythia-410m,control,draw_1,21,0,0.013786004532135255
pythia-410m,control,draw_1,21,1,0.016031374979182653
pythia-410m,control,draw_1,21,2,0.016586970479946186
pythia-410m,control,draw_1,21,3,0.005802776809921291
pythia-410m,control,draw_1,21,4,0.013788073796570145
pythia-410m,control,draw_1,21,5,0.003957609151205524
pythia-410m,control,draw_1,21,6,0.011739969909613566
pythia-410m,control,draw_1,21,7,0.018725602474478888
pythia-410m,control,draw_1,21,8,0.025979898756582947
pythia-410m,control,draw_1,21,9,0.032590626706637135
pythia-410m,control,draw_1,21,10,0.029495507647087076
pythia-410m,control,draw_1,21,11,0.03291523290072584
pythia-410m,control,draw_1,21,12,0.0066900785529697025
pythia-410m,control,draw_1,21,13,0.018302303683955634
pythia-410m,control,draw_1,21,14,0.008947893475983156
pythia-410m,control,draw_1,21,15,0.002884164677933687
pythia-410m,control,draw_1,22,0,0.03191139619187824
pythia-410m,control,draw_1,22,1,0.06886805239008291
pythia-410m,control,draw_1,22,2,0.06712394552849979
pythia-410m,control,draw_1,22,3,0.014839921554834412
pythia-410m,control,draw_1,22,4,0.005603201428162805
pythia-410m,control,draw_1,22,5,0.03007287066255404
pythia-410m,control,draw_1,22,6,0.048717705329885494
pythia-410m,control,draw_1,22,7,0.03591396938821831
pythia-410m,control,draw_1,22,8,0.047491073263683035
pythia-410m,control,draw_1,22,9,0.032595741479725264
pythia-410m,control,draw_1,22,10,0.039328051001888735
pythia-410m,control,draw_1,22,11,0.020354315238439356
pythia-410m,control,draw_1,22,12,0.01341479176213312
pythia-410m,control,draw_1,22,13,0.029814731852430883
pythia-410m,control,draw_1,22,14,0.03697504337643064
pythia-410m,control,draw_1,22,15,0.031233921235935675
pythia-410m,control,draw_1,23,0,0.024572274648253723
pythia-410m,control,draw_1,23,1,0.027204251376698536
pythia-410m,control,draw_1,23,2,0.006597210947763105
pythia-410m,control,draw_1,23,3,0.016974382691323155
pythia-410m,control,draw_1,23,4,0.011525091258687664
pythia-410m,control,draw_1,23,5,0.05563066551470165
pythia-410m,control,draw_1,23,6,0.021052281886091023
pythia-410m,control,draw_1,23,7,0.04272224010982665
pythia-410m,control,draw_1,23,8,0.04764187373179067
pythia-410m,control,draw_1,23,9,0.010307720368242497
pythia-410m,control,draw_1,23,10,0.04720693029535726
pythia-410m,control,draw_1,23,11,0.03160897102088379
pythia-410m,control,draw_1,23,12,0.018939673430058535
pythia-410m,control,draw_1,23,13,0.05568960089177776
pythia-410m,control,draw_1,23,14,0.02103224680197706
pythia-410m,control,draw_1,23,15,0.033220801837125655
pythia-410m,control,draw_2,0,0,0.0
pythia-410m,control,draw_2,0,1,0.0
pythia-410m,control,draw_2,0,2,0.0
pythia-410m,control,draw_2,0,3,0.0
pythia-410m,control,draw_2,0,4,0.0
pythia-410m,control,draw_2,0,5,0.0
pythia-410m,control,draw_2,0,6,0.0
pythia-410m,control,draw_2,0,7,0.0
pythia-410m,control,draw_2,0,8,0.0
pythia-410m,control,draw_2,0,9,0.0
pythia-410m,control,draw_2,0,10,0.0
pythia-410m,control,draw_2,0,11,0.0
pythia-410m,control,draw_2,0,12,0.0
pythia-410m,control,draw_2,0,13,0.0
pythia-410m,control,draw_2,0,14,0.0
pythia-410m,control,draw_2,0,15,0.0
pythia-410m,control,draw_2,1,0,0.002141415740206157
pythia-410m,control,draw_2,1,1,0.00355482302920862
pythia-410m,control,draw_2,1,2,0.009736431713375819
pythia-410m,control,draw_2,1,3,0.0038033277835242667
pythia-410m,control,draw_2,1,4,0.0033868405719687557
pythia-410m,control,draw_2,1,5,0.0043323407849417146
pythia-410m,control,draw_2,1,6,0.0028089566767250927
pythia-410m,control,draw_2,1,7,0.005237527945669839
pythia-410m,control,draw_2,1,8,0.04607072412676652
pythia-410m,control,draw_2,1,9,0.005113484652701405
pythia-410m,control,draw_2,1,10,0.010255189088774616
pythia-410m,control,draw_2,1,11,0.0017965766215855949
pythia-410m,control,draw_2,1,12,0.00636181718974292
pythia-410m,control,draw_2,1,13,0.009616820786640598
pythia-410m,control,draw_2,1,14,0.0024734715926127545
pythia-410m,control,draw_2,1,15,0.002150679158495146
pythia-410m,control,draw_2,2,0,0.005421945048231506
pythia-410m,control,draw_2,2,1,0.0017974835705060182
pythia-410m,control,draw_2,2,2,0.004515728149184167
pythia-410m,control,draw_2,2,3,0.003916650204006199
pythia-410m,control,draw_2,2,4,0.006297239114247554
pythia-410m,control,draw_2,2,5,0.002419074563102732
pythia-410m,control,draw_2,2,6,0.003174483708384141
pythia-410m,control,draw_2,2,7,0.0037867514269969123
pythia-410m,control,draw_2,2,8,0.004209773803901922
pythia-410m,control,draw_2,2,9,0.003192379725382687
pythia-410m,control,draw_2,2,10,0.011413793510737489
pythia-410m,control,draw_2,2,11,0.0043511818922887975
pythia-410m,control,draw_2,2,12,0.00309542527779542
pythia-410m,control,draw_2,2,13,0.003679148452803438
pythia-410m,control,draw_2,2,14,0.004461209760072175
pythia-410m,control,draw_2,2,15,0.0045402894798227626
pythia-410m,control,draw_2,3,0,0.005160900532991124
pythia-410m,control,draw_2,3,1,0.0032275855772328386
pythia-410m,control,draw_2,3,2,0.004366473858296759
pythia-410m,control,draw_2,3,3,0.008526863020702592
pythia-410m,control,draw_2,3,4,0.005503781971093506
pythia-410m,control,draw_2,3,5,0.007322319102301874
pythia-410m,control,draw_2,3,6,0.007075422550633499
pythia-410m,control,draw_2,3,7,0.009644963970303353
pythia-410m,control,draw_2,3,8,0.003148519033957059
pythia-410m,control,draw_2,3,9,0.0043615099754070645
pythia-410m,control,draw_2,3,10,0.006042702025387917
pythia-410m,control,draw_2,3,11,0.0037035654451685785
pythia-410m,control,draw_2,3,12,0.00496078756154622
pythia-410m,control,draw_2,3,13,0.008968501736780302
pythia-410m,control,draw_2,3,14,0.009498141174448381
pythia-410m,control,draw_2,3,15,0.007153679314676057
pythia-410m,control,draw_2,4,0,0.0029444780619877634
pythia-410m,control,draw_2,4,1,0.008590308632832604
pythia-410m,control,draw_2,4,2,0.0058170293462381254
pythia-410m,control,draw_2,4,3,0.004188037279608936
pythia-410m,control,draw_2,4,4,0.008849541876869524
pythia-410m,control,draw_2,4,5,0.006143003518759226
pythia-410m,control,draw_2,4,6,0.014983182982008476
pythia-410m,control,draw_2,4,7,0.008163070669797677
pythia-410m,control,draw_2,4,8,0.008596533492523444
pythia-410m,control,draw_2,4,9,0.004308901085985353
pythia-410m,control,draw_2,4,10,0.014377625876027237
pythia-410m,control,draw_2,4,11,0.00631353487428907
pythia-410m,control,draw_2,4,12,0.007508781725815031
pythia-410m,control,draw_2,4,13,0.007730664482428949
pythia-410m,control,draw_2,4,14,0.0018460848958412124
pythia-410m,control,draw_2,4,15,0.007467938048577675
pythia-410m,control,draw_2,5,0,0.005861716497984673
pythia-410m,control,draw_2,5,1,0.007313943649089126
pythia-410m,control,draw_2,5,2,0.0055183495556156755
pythia-410m,control,draw_2,5,3,0.014934167089963719
pythia-410m,control,draw_2,5,4,0.005909952287028768
pythia-410m,control,draw_2,5,5,0.009423775499819542
pythia-410m,control,draw_2,5,6,0.007564401360720519
pythia-410m,control,draw_2,5,7,0.002287282428375815
pythia-410m,control,draw_2,5,8,0.010131531446546454
pythia-410m,control,draw_2,5,9,0.004460527975789164
pythia-410m,control,draw_2,5,10,0.0191279511069148
pythia-410m,control,draw_2,5,11,0.011892064052813041
pythia-410m,control,draw_2,5,12,0.006555865516107394
pythia-410m,control,draw_2,5,13,0.007824344894432162
pythia-410m,control,draw_2,5,14,0.0065413749767826105
pythia-410m,control,draw_2,5,15,0.01171719520904078
pythia-410m,control,draw_2,6,0,0.005988442940404685
pythia-410m,control,draw_2,6,1,0.021905484442634
pythia-410m,control,draw_2,6,2,0.05365667202782998
pythia-410m,control,draw_2,6,3,0.023367922544317313
pythia-410m,control,draw_2,6,4,0.0193607457759404
pythia-410m,control,draw_2,6,5,0.010434052678087054
pythia-410m,control,draw_2,6,6,0.03617962176498804
pythia-410m,control,draw_2,6,7,0.011400355369712034
pythia-410m,control,draw_2,6,8,0.0157640074051535
pythia-410m,control,draw_2,6,9,0.007169455340323293
pythia-410m,control,draw_2,6,10,0.012737940781964347
pythia-410m,control,draw_2,6,11,0.022637710816973886
pythia-410m,control,draw_2,6,12,0.01308228166777067
pythia-410m,control,draw_2,6,13,0.008857255540335325
pythia-410m,control,draw_2,6,14,0.007171227058243164
pythia-410m,control,draw_2,6,15,0.011548654344894087
pythia-410m,control,draw_2,7,0,0.009880333974140287
pythia-410m,control,draw_2,7,1,0.014635673564850045
pythia-410m,control,draw_2,7,2,0.00960149980938561
pythia-410m,control,draw_2,7,3,0.032863783213260674
pythia-410m,control,draw_2,7,4,0.014523200282926725
pythia-410m,control,draw_2,7,5,0.010886132795293928
pythia-410m,control,draw_2,7,6,0.05156795073728267
pythia-410m,control,draw_2,7,7,0.016427445344397152
pythia-410m,control,draw_2,7,8,0.01166087938966492
pythia-410m,control,draw_2,7,9,0.009679236372479146
pythia-410m,control,draw_2,7,10,0.014322793844447788
pythia-410m,control,draw_2,7,11,0.017684594217695346
pythia-410m,control,draw_2,7,12,0.019960041744565622
pythia-410m,control,draw_2,7,13,0.04397141687934507
pythia-410m,control,draw_2,7,14,0.017682732814247083
pythia-410m,control,draw_2,7,15,0.007967537470387163
pythia-410m,control,draw_2,8,0,0.011445142061995515
pythia-410m,control,draw_2,8,1,0.018044326151199063
pythia-410m,control,draw_2,8,2,0.010217180787058175
pythia-410m,control,draw_2,8,3,0.02923037611332271
pythia-410m,control,draw_2,8,4,0.01029619369754652
pythia-410m,control,draw_2,8,5,0.024656766670235336
pythia-410m,control,draw_2,8,6,0.028118808134290848
pythia-410m,control,draw_2,8,7,0.019741936631867484
pythia-410m,control,draw_2,8,8,0.019454911175844376
pythia-410m,control,draw_2,8,9,0.01881276425355447
pythia-410m,control,draw_2,8,10,0.03260650238461238
pythia-410m,control,draw_2,8,11,0.01101441369726927
pythia-410m,control,draw_2,8,12,0.02155120571740756
pythia-410m,control,draw_2,8,13,0.014982304976525324
pythia-410m,control,draw_2,8,14,0.014734964323419504
pythia-410m,control,draw_2,8,15,0.014178770466843814
pythia-410m,control,draw_2,9,0,0.011841675024547636
pythia-410m,control,draw_2,9,1,0.011884642649745467
pythia-410m,control,draw_2,9,2,0.008720549801549793
pythia-410m,control,draw_2,9,3,0.022633352095136946
pythia-410m,control,draw_2,9,4,0.012473978398140344
pythia-410m,control,draw_2,9,5,0.012975500835192163
pythia-410m,control,draw_2,9,6,0.012464788765331742
pythia-410m,control,draw_2,9,7,0.010717553373262955
pythia-410m,control,draw_2,9,8,0.012547430608167723
pythia-410m,control,draw_2,9,9,0.010923854370876835
pythia-410m,control,draw_2,9,10,0.014356769126591222
pythia-410m,control,draw_2,9,11,0.0113386843852801
pythia-410m,control,draw_2,9,12,0.020707533081430925
pythia-410m,control,draw_2,9,13,0.03060010622962401
pythia-410m,control,draw_2,9,14,0.009522869700131267
pythia-410m,control,draw_2,9,15,0.02012836859675517
pythia-410m,control,draw_2,10,0,0.005574456349663361
pythia-410m,control,draw_2,10,1,0.010263172005005686
pythia-410m,control,draw_2,10,2,0.014096802772721918
pythia-410m,control,draw_2,10,3,0.017499968505303106
pythia-410m,control,draw_2,10,4,0.009324490435549134
pythia-410m,control,draw_2,10,5,0.015629179216807575
pythia-410m,control,draw_2,10,6,0.008958801706458979
pythia-410m,control,draw_2,10,7,0.014800934938763968
pythia-410m,control,draw_2,10,8,0.012227735842064383
pythia-410m,control,draw_2,10,9,0.00563229426081263
pythia-410m,control,draw_2,10,10,0.015511778686429736
pythia-410m,control,draw_2,10,11,0.03037542039404675
pythia-410m,control,draw_2,10,12,0.01867345783899692
pythia-410m,control,draw_2,10,13,0.037853114681385
pythia-410m,control,draw_2,10,14,0.018170901902852917
pythia-410m,control,draw_2,10,15,0.009698921623568243
pythia-410m,control,draw_2,11,0,0.00867109638071523
pythia-410m,control,draw_2,11,1,0.030014387166524582
pythia-410m,control,draw_2,11,2,0.009290156175534263
pythia-410m,control,draw_2,11,3,0.00950946875001283
pythia-410m,control,draw_2,11,4,0.007015367250377862
pythia-410m,control,draw_2,11,5,0.015285679963842615
pythia-410m,control,draw_2,11,6,0.015204413804662928
pythia-410m,control,draw_2,11,7,0.011396438566669885
pythia-410m,control,draw_2,11,8,0.0162790550978864
pythia-410m,control,draw_2,11,9,0.011426420555609891
pythia-410m,control,draw_2,11,10,0.009124000703062069
pythia-410m,control,draw_2,11,11,0.005136116954866605
pythia-410m,control,draw_2,11,12,0.009149818782306763
pythia-410m,control,draw_2,11,13,0.008797569843162753
pythia-410m,control,draw_2,11,14,0.013973735432784858
pythia-410m,control,draw_2,11,15,0.022678897232452176
pythia-410m,control,draw_2,12,0,0.0155406346958185
pythia-410m,control,draw_2,12,1,0.011985390290799414
pythia-410m,control,draw_2,12,2,0.020967677759287408
pythia-410m,control,draw_2,12,3,0.008966084610752118
pythia-410m,control,draw_2,12,4,0.015836193655461288
pythia-410m,control,draw_2,12,5,0.008779049839112759
pythia-410m,control,draw_2,12,6,0.006710259595388926
pythia-410m,control,draw_2,12,7,0.019888712123892684
pythia-410m,control,draw_2,12,8,0.021508259122644015
pythia-410m,control,draw_2,12,9,0.037636928359805505
pythia-410m,control,draw_2,12,10,0.021646419551552328
pythia-410m,control,draw_2,12,11,0.027287188425619224
pythia-410m,control,draw_2,12,12,0.023068748314036294
pythia-410m,control,draw_2,12,13,0.01290082564042814
pythia-410m,control,draw_2,12,14,0.021168524720746287
pythia-410m,control,draw_2,12,15,0.020304204147683566
pythia-410m,control,draw_2,13,0,0.017411107437223988
pythia-410m,control,draw_2,13,1,0.02202002267786537
pythia-410m,control,draw_2,13,2,0.011691684935095611
pythia-410m,control,draw_2,13,3,0.01550502650280899
pythia-410m,control,draw_2,13,4,0.007365454139641951
pythia-410m,control,draw_2,13,5,0.008658913672139362
pythia-410m,control,draw_2,13,6,0.01113927657706519
pythia-410m,control,draw_2,13,7,0.02455293971764739
pythia-410m,control,draw_2,13,8,0.027632992934753346
pythia-410m,control,draw_2,13,9,0.020273183405759364
pythia-410m,control,draw_2,13,10,0.021996374706697016
pythia-410m,control,draw_2,13,11,0.020027194068517495
pythia-410m,control,draw_2,13,12,0.019464625031518776
pythia-410m,control,draw_2,13,13,0.008435636989123658
pythia-410m,control,draw_2,13,14,0.015221764946155047
pythia-410m,control,draw_2,13,15,0.013743051916672017
pythia-410m,control,draw_2,14,0,0.0141612496447178
pythia-410m,control,draw_2,14,1,0.03338438234671048
pythia-410m,control,draw_2,14,2,0.029081817903818533
pythia-410m,control,draw_2,14,3,0.026562777686070068
pythia-410m,control,draw_2,14,4,0.007678613213095925
pythia-410m,control,draw_2,14,5,0.037966248232146095
pythia-410m,control,draw_2,14,6,0.007236230350199346
pythia-410m,control,draw_2,14,7,0.007240978727263666
pythia-410m,control,draw_2,14,8,0.014026313489484342
pythia-410m,control,draw_2,14,9,0.013687016838535201
pythia-410m,control,draw_2,14,10,0.01222054210646385
pythia-410m,control,draw_2,14,11,0.01862189940866718
pythia-410m,control,draw_2,14,12,0.01134832365466577
pythia-410m,control,draw_2,14,13,0.010236828069591542
pythia-410m,control,draw_2,14,14,0.010944248782536145
pythia-410m,control,draw_2,14,15,0.010948926122753132
pythia-410m,control,draw_2,15,0,0.011190986423623437
pythia-410m,control,draw_2,15,1,0.004430659001646311
pythia-410m,control,draw_2,15,2,0.022478174768658214
pythia-410m,control,draw_2,15,3,0.013314917610150271
pythia-410m,control,draw_2,15,4,0.012064136760433337
pythia-410m,control,draw_2,15,5,0.022005983086026065
pythia-410m,control,draw_2,15,6,0.015112018428426969
pythia-410m,control,draw_2,15,7,0.010173839086985124
pythia-410m,control,draw_2,15,8,0.024694142730556874
pythia-410m,control,draw_2,15,9,0.0045635589056695226
pythia-410m,control,draw_2,15,10,0.013884064317400168
pythia-410m,control,draw_2,15,11,0.011490693892232739
pythia-410m,control,draw_2,15,12,0.011872156698432427
pythia-410m,control,draw_2,15,13,0.014829942632606594
pythia-410m,control,draw_2,15,14,0.009960967857417428
pythia-410m,control,draw_2,15,15,0.01038757125179353
pythia-410m,control,draw_2,16,0,0.007813118373716838
pythia-410m,control,draw_2,16,1,0.023416248760260775
pythia-410m,control,draw_2,16,2,0.013974982945762552
pythia-410m,control,draw_2,16,3,0.0278978301974043
pythia-410m,control,draw_2,16,4,0.026238230977316215
pythia-410m,control,draw_2,16,5,0.01712329179839475
pythia-410m,control,draw_2,16,6,0.014572648344234357
pythia-410m,control,draw_2,16,7,0.021159609603845355
pythia-410m,control,draw_2,16,8,0.011450451673147077
pythia-410m,control,draw_2,16,9,0.006389664607090979
pythia-410m,control,draw_2,16,10,0.019553806273835673
pythia-410m,control,draw_2,16,11,0.05114250341165565
pythia-410m,control,draw_2,16,12,0.017149650285365876
pythia-410m,control,draw_2,16,13,0.016104952509237352
pythia-410m,control,draw_2,16,14,0.04496221959368259
pythia-410m,control,draw_2,16,15,0.008677550050528076
pythia-410m,control,draw_2,17,0,0.014197267005656374
pythia-410m,control,draw_2,17,1,0.038106597896370255
pythia-410m,control,draw_2,17,2,0.005559407925340751
pythia-410m,control,draw_2,17,3,0.01999937473284572
pythia-410m,control,draw_2,17,4,0.024467942863978548
pythia-410m,control,draw_2,17,5,0.0152213094082205
pythia-410m,control,draw_2,17,6,0.006846273752345368
pythia-410m,control,draw_2,17,7,0.008249778291674538
pythia-410m,control,draw_2,17,8,0.011576498189127222
pythia-410m,control,draw_2,17,9,0.014344170724187873
pythia-410m,control,draw_2,17,10,0.021343631757671185
pythia-410m,control,draw_2,17,11,0.01860947347717229
pythia-410m,control,draw_2,17,12,0.004010217623498309
pythia-410m,control,draw_2,17,13,0.005062132736844718
pythia-410m,control,draw_2,17,14,0.006703138448961811
pythia-410m,control,draw_2,17,15,0.019235145608609224
pythia-410m,control,draw_2,18,0,0.01413218843923178
pythia-410m,control,draw_2,18,1,0.026322244824461202
pythia-410m,control,draw_2,18,2,0.00989447871689625
pythia-410m,control,draw_2,18,3,0.031453668479279405
pythia-410m,control,draw_2,18,4,0.012832303672087738
pythia-410m,control,draw_2,18,5,0.005793511739666234
pythia-410m,control,draw_2,18,6,0.005793899793701651
pythia-410m,control,draw_2,18,7,0.01200793323432105
pythia-410m,control,draw_2,18,8,0.015774988591189837
pythia-410m,control,draw_2,18,9,0.01562662414215932
pythia-410m,control,draw_2,18,10,0.015182234412020454
pythia-410m,control,draw_2,18,11,0.015120666975829459
pythia-410m,control,draw_2,18,12,0.017057730953308686
pythia-410m,control,draw_2,18,13,0.012059652434321284
pythia-410m,control,draw_2,18,14,0.011346497517581195
pythia-410m,control,draw_2,18,15,0.026605176652137432
pythia-410m,control,draw_2,19,0,0.010619379982628326
pythia-410m,control,draw_2,19,1,0.014258529084958116
pythia-410m,control,draw_2,19,2,0.021746220367456003
pythia-410m,control,draw_2,19,3,0.012477864843007147
pythia-410m,control,draw_2,19,4,0.020478879580176405
pythia-410m,control,draw_2,19,5,0.007860785148658272
pythia-410m,control,draw_2,19,6,0.02933738014455647
pythia-410m,control,draw_2,19,7,0.012753727064217572
pythia-410m,control,draw_2,19,8,0.010008464051152667
pythia-410m,control,draw_2,19,9,0.018652309360272727
pythia-410m,control,draw_2,19,10,0.01014203684097243
pythia-410m,control,draw_2,19,11,0.020320314786196635
pythia-410m,control,draw_2,19,12,0.012572709785226083
pythia-410m,control,draw_2,19,13,0.010667226432502527
pythia-410m,control,draw_2,19,14,0.015587190053977334
pythia-410m,control,draw_2,19,15,0.014698495369851308
pythia-410m,control,draw_2,20,0,0.0056425997594639465
pythia-410m,control,draw_2,20,1,0.015126496947498352
pythia-410m,control,draw_2,20,2,0.018147135161215334
pythia-410m,control,draw_2,20,3,0.03485480520717025
pythia-410m,control,draw_2,20,4,0.020831140030826506
pythia-410m,control,draw_2,20,5,0.0019062728232055388
pythia-410m,control,draw_2,20,6,0.011495221677841104
pythia-410m,control,draw_2,20,7,0.03394774348132959
pythia-410m,control,draw_2,20,8,0.0023399667936755183
pythia-410m,control,draw_2,20,9,0.003388910500106146
pythia-410m,control,draw_2,20,10,0.0016853620988432907
pythia-410m,control,draw_2,20,11,0.04887568779907156
pythia-410m,control,draw_2,20,12,0.020106941080065357
pythia-410m,control,draw_2,20,13,0.010236593515147113
pythia-410m,control,draw_2,20,14,0.011912250869624903
pythia-410m,control,draw_2,20,15,0.015172590926232877
pythia-410m,control,draw_2,21,0,0.014759676977980219
pythia-410m,control,draw_2,21,1,0.01242456444904786
pythia-410m,control,draw_2,21,2,0.01431574922097427
pythia-410m,control,draw_2,21,3,0.005675108083217464
pythia-410m,control,draw_2,21,4,0.018022666318659033
pythia-410m,control,draw_2,21,5,0.006023135188169216
pythia-410m,control,draw_2,21,6,0.013345994110988213
pythia-410m,control,draw_2,21,7,0.019592457470477765
pythia-410m,control,draw_2,21,8,0.028370259282614812
pythia-410m,control,draw_2,21,9,0.04580065782119615
pythia-410m,control,draw_2,21,10,0.03645835000843847
pythia-410m,control,draw_2,21,11,0.028349372325330593
pythia-410m,control,draw_2,21,12,0.026549319545396348
pythia-410m,control,draw_2,21,13,0.02455921771470511
pythia-410m,control,draw_2,21,14,0.02080741231511953
pythia-410m,control,draw_2,21,15,0.004604114410026208
pythia-410m,control,draw_2,22,0,0.04329684555791971
pythia-410m,control,draw_2,22,1,0.05486827586557177
pythia-410m,control,draw_2,22,2,0.06079226419782912
pythia-410m,control,draw_2,22,3,0.021463530355367355
pythia-410m,control,draw_2,22,4,0.007426769584114106
pythia-410m,control,draw_2,22,5,0.0478061928048417
pythia-410m,control,draw_2,22,6,0.05589690364943119
pythia-410m,control,draw_2,22,7,0.047401260604083124
pythia-410m,control,draw_2,22,8,0.04292910817148502
pythia-410m,control,draw_2,22,9,0.04775239926478153
pythia-410m,control,draw_2,22,10,0.03359840868096366
pythia-410m,control,draw_2,22,11,0.025935623707180982
pythia-410m,control,draw_2,22,12,0.016278075349433686
pythia-410m,control,draw_2,22,13,0.05993545321501568
pythia-410m,control,draw_2,22,14,0.04362912606006259
pythia-410m,control,draw_2,22,15,0.032104029851565095
pythia-410m,control,draw_2,23,0,0.02632295134087738
pythia-410m,control,draw_2,23,1,0.03464770060403964
pythia-410m,control,draw_2,23,2,0.0022564051217480157
pythia-410m,control,draw_2,23,3,0.03505815622593309
pythia-410m,control,draw_2,23,4,0.019094734563451742
pythia-410m,control,draw_2,23,5,0.045437058816739546
pythia-410m,control,draw_2,23,6,0.03929032703946734
pythia-410m,control,draw_2,23,7,0.07129159361121457
pythia-410m,control,draw_2,23,8,0.050055252221156206
pythia-410m,control,draw_2,23,9,0.0033220113784571564
pythia-410m,control,draw_2,23,10,0.042408656391027755
pythia-410m,control,draw_2,23,11,0.039575939653893145
pythia-410m,control,draw_2,23,12,0.030782526033355316
pythia-410m,control,draw_2,23,13,0.05632433053144531
pythia-410m,control,draw_2,23,14,0.025121732214607194
pythia-410m,control,draw_2,23,15,0.05857483041805816
pythia-410m,control,draw_3,0,0,0.0
pythia-410m,control,draw_3,0,1,0.0
pythia-410m,control,draw_3,0,2,0.0
pythia-410m,control,draw_3,0,3,0.0
pythia-410m,control,draw_3,0,4,0.0
pythia-410m,control,draw_3,0,5,0.0
pythia-410m,control,draw_3,0,6,0.0
pythia-410m,control,draw_3,0,7,0.0
pythia-410m,control,draw_3,0,8,0.0
pythia-410m,control,draw_3,0,9,0.0
pythia-410m,control,draw_3,0,10,0.0
pythia-410m,control,draw_3,0,11,0.0
pythia-410m,control,draw_3,0,12,0.0
pythia-410m,control,draw_3,0,13,0.0
pythia-410m,control,draw_3,0,14,0.0
pythia-410m,control,draw_3,0,15,0.0
pythia-410m,control,draw_3,1,0,0.005138619523595489
pythia-410m,control,draw_3,1,1,0.012296965234587778
pythia-410m,control,draw_3,1,2,0.010941493420796703
pythia-410m,control,draw_3,1,3,0.0055592482537375225
pythia-410m,control,draw_3,1,4,0.008241942783989499
pythia-410m,control,draw_3,1,5,0.019626418354592924
pythia-410m,control,draw_3,1,6,0.01143267761674595
pythia-410m,control,draw_3,1,7,0.01951975484173752
pythia-410m,control,draw_3,1,8,0.032597209328524175
pythia-410m,control,draw_3,1,9,0.009247897813093174
pythia-410m,control,draw_3,1,10,0.030667516489548487
pythia-410m,control,draw_3,1,11,0.0092313593060712
pythia-410m,control,draw_3,1,12,0.011886349382876377
pythia-410m,control,draw_3,1,13,0.011819846710503264
pythia-410m,control,draw_3,1,14,0.017193458009428477
pythia-410m,control,draw_3,1,15,0.014448633091992822
pythia-410m,control,draw_3,2,0,0.010894581715547958
pythia-410m,control,draw_3,2,1,0.005925432022028581
pythia-410m,control,draw_3,2,2,0.004261100302060794
pythia-410m,control,draw_3,2,3,0.022376773545499457
pythia-410m,control,draw_3,2,4,0.010904660268567278
pythia-410m,control,draw_3,2,5,0.011595108528114054
pythia-410m,control,draw_3,2,6,0.0036361845860983953
pythia-410m,control,draw_3,2,7,0.0036118072647859873
pythia-410m,control,draw_3,2,8,0.00906944736195797
pythia-410m,control,draw_3,2,9,0.013807492650657064
pythia-410m,control,draw_3,2,10,0.02019060199968458
pythia-410m,control,draw_3,2,11,0.006214733107359396
pythia-410m,control,draw_3,2,12,0.005575554920269878
pythia-410m,control,draw_3,2,13,0.00889155444950231
pythia-410m,control,draw_3,2,14,0.010720092092500615
pythia-410m,control,draw_3,2,15,0.009836041373635333
pythia-410m,control,draw_3,3,0,0.00578039932476415
pythia-410m,control,draw_3,3,1,0.0029281820959475625
pythia-410m,control,draw_3,3,2,0.013151937687717576
pythia-410m,control,draw_3,3,3,0.006412852730082565
pythia-410m,control,draw_3,3,4,0.008106442617028305
pythia-410m,control,draw_3,3,5,0.008686868951282692
pythia-410m,control,draw_3,3,6,0.008874979885718226
pythia-410m,control,draw_3,3,7,0.008975738671225295
pythia-410m,control,draw_3,3,8,0.007863770573452226
pythia-410m,control,draw_3,3,9,0.0047210974467451015
pythia-410m,control,draw_3,3,10,0.009873426997925778
pythia-410m,control,draw_3,3,11,0.01449979326912911
pythia-410m,control,draw_3,3,12,0.009228524581460795
pythia-410m,control,draw_3,3,13,0.008447700279828083
pythia-410m,control,draw_3,3,14,0.01736538018283506
pythia-410m,control,draw_3,3,15,0.008282592423963524
pythia-410m,control,draw_3,4,0,0.009471674381572804
pythia-410m,control,draw_3,4,1,0.008693784618711552
pythia-410m,control,draw_3,4,2,0.007977521626082992
pythia-410m,control,draw_3,4,3,0.007309907600912949
pythia-410m,control,draw_3,4,4,0.008284759310708208
pythia-410m,control,draw_3,4,5,0.012086685134730487
pythia-410m,control,draw_3,4,6,0.006986642775516537
pythia-410m,control,draw_3,4,7,0.013116981740738436
pythia-410m,control,draw_3,4,8,0.0068988333361172756
pythia-410m,control,draw_3,4,9,0.006307124064119445
pythia-410m,control,draw_3,4,10,0.006834464255026153
pythia-410m,control,draw_3,4,11,0.007419341997771813
pythia-410m,control,draw_3,4,12,0.008607115227971807
pythia-410m,control,draw_3,4,13,0.004750460746654756
pythia-410m,control,draw_3,4,14,0.002490842501866703
pythia-410m,control,draw_3,4,15,0.010491563214244175
pythia-410m,control,draw_3,5,0,0.0056058329422783906
pythia-410m,control,draw_3,5,1,0.01106003303486144
pythia-410m,control,draw_3,5,2,0.001729812741526713
pythia-410m,control,draw_3,5,3,0.009410053275967318
pythia-410m,control,draw_3,5,4,0.01972149935038039
pythia-410m,control,draw_3,5,5,0.01058401350716726
pythia-410m,control,draw_3,5,6,0.005677687047525574
pythia-410m,control,draw_3,5,7,0.0018918099455922323
pythia-410m,control,draw_3,5,8,0.007725473065082761
pythia-410m,control,draw_3,5,9,0.007766733000923907
pythia-410m,control,draw_3,5,10,0.0106996376297517
pythia-410m,control,draw_3,5,11,0.010923402771920483
pythia-410m,control,draw_3,5,12,0.014285233987936245
pythia-410m,control,draw_3,5,13,0.011068621357021337
pythia-410m,control,draw_3,5,14,0.015245765850495514
pythia-410m,control,draw_3,5,15,0.008218419768675739
pythia-410m,control,draw_3,6,0,0.009265627961083898
pythia-410m,control,draw_3,6,1,0.012007244273033566
pythia-410m,control,draw_3,6,2,0.04400054057372386
pythia-410m,control,draw_3,6,3,0.023388498460927137
pythia-410m,control,draw_3,6,4,0.019836945160155155
pythia-410m,control,draw_3,6,5,0.015059883703156234
pythia-410m,control,draw_3,6,6,0.04511815705847055
pythia-410m,control,draw_3,6,7,0.005093079449867675
pythia-410m,control,draw_3,6,8,0.010832859057198892
pythia-410m,control,draw_3,6,9,0.008095488666229332
pythia-410m,control,draw_3,6,10,0.00825371882068562
pythia-410m,control,draw_3,6,11,0.01717039775969981
pythia-410m,control,draw_3,6,12,0.013932312658255501
pythia-410m,control,draw_3,6,13,0.007065789936697744
pythia-410m,control,draw_3,6,14,0.010377064816121356
pythia-410m,control,draw_3,6,15,0.009514884311818374
pythia-410m,control,draw_3,7,0,0.009472162163767709
pythia-410m,control,draw_3,7,1,0.023949617316672518
pythia-410m,control,draw_3,7,2,0.010145540046622329
pythia-410m,control,draw_3,7,3,0.04205389396009868
pythia-410m,control,draw_3,7,4,0.011263578912496224
pythia-410m,control,draw_3,7,5,0.019531010089831324
pythia-410m,control,draw_3,7,6,0.048202995256839784
pythia-410m,control,draw_3,7,7,0.014431460073472013
pythia-410m,control,draw_3,7,8,0.024069225910542152
pythia-410m,control,draw_3,7,9,0.01583574338691899
pythia-410m,control,draw_3,7,10,0.022991023135117986
pythia-410m,control,draw_3,7,11,0.0249637100085846
pythia-410m,control,draw_3,7,12,0.012332080254625039
pythia-410m,control,draw_3,7,13,0.025876301508399795
pythia-410m,control,draw_3,7,14,0.006122818464219954
pythia-410m,control,draw_3,7,15,0.00776181881160485
pythia-410m,control,draw_3,8,0,0.016316458667299232
pythia-410m,control,draw_3,8,1,0.017574712302808326
pythia-410m,control,draw_3,8,2,0.012449624395509541
pythia-410m,control,draw_3,8,3,0.05102705154271034
pythia-410m,control,draw_3,8,4,0.02852616943914276
pythia-410m,control,draw_3,8,5,0.02307878604567194
pythia-410m,control,draw_3,8,6,0.025443517173605143
pythia-410m,control,draw_3,8,7,0.030260376458468238
pythia-410m,control,draw_3,8,8,0.02190171817578751
pythia-410m,control,draw_3,8,9,0.015278413550719336
pythia-410m,control,draw_3,8,10,0.027340425774619297
pythia-410m,control,draw_3,8,11,0.01498720425010181
pythia-410m,control,draw_3,8,12,0.025323936107187382
pythia-410m,control,draw_3,8,13,0.017611524851777877
pythia-410m,control,draw_3,8,14,0.01318438238416576
pythia-410m,control,draw_3,8,15,0.019765892072944588
pythia-410m,control,draw_3,9,0,0.014876725600694952
pythia-410m,control,draw_3,9,1,0.0162214214035585
pythia-410m,control,draw_3,9,2,0.008556531784620996
pythia-410m,control,draw_3,9,3,0.030161473669244637
pythia-410m,control,draw_3,9,4,0.020187052106354398
pythia-410m,control,draw_3,9,5,0.015165395068462552
pythia-410m,control,draw_3,9,6,0.016462606149888724
pythia-410m,control,draw_3,9,7,0.012555999413734056
pythia-410m,control,draw_3,9,8,0.01318925221745744
pythia-410m,control,draw_3,9,9,0.010701329383449832
pythia-410m,control,draw_3,9,10,0.010020359469364944
pythia-410m,control,draw_3,9,11,0.010943714918898222
pythia-410m,control,draw_3,9,12,0.019622652934260514
pythia-410m,control,draw_3,9,13,0.030345465742460557
pythia-410m,control,draw_3,9,14,0.010804816710331502
pythia-410m,control,draw_3,9,15,0.0244169269311902
pythia-410m,control,draw_3,10,0,0.017533153717971716
pythia-410m,control,draw_3,10,1,0.012108647128502587
pythia-410m,control,draw_3,10,2,0.019121322916613656
pythia-410m,control,draw_3,10,3,0.025028219166332164
pythia-410m,control,draw_3,10,4,0.016150792126930318
pythia-410m,control,draw_3,10,5,0.009707777231630662
pythia-410m,control,draw_3,10,6,0.013187431068389974
pythia-410m,control,draw_3,10,7,0.017372096165959413
pythia-410m,control,draw_3,10,8,0.011330420214287939
pythia-410m,control,draw_3,10,9,0.012001314663219954
pythia-410m,control,draw_3,10,10,0.014643211227159288
pythia-410m,control,draw_3,10,11,0.02887058054865693
pythia-410m,control,draw_3,10,12,0.019956749801766073
pythia-410m,control,draw_3,10,13,0.03990016956072974
pythia-410m,control,draw_3,10,14,0.014755840743309998
pythia-410m,control,draw_3,10,15,0.01635430612354034
pythia-410m,control,draw_3,11,0,0.006290958584077119
pythia-410m,control,draw_3,11,1,0.038044910463415335
pythia-410m,control,draw_3,11,2,0.012755818333207124
pythia-410m,control,draw_3,11,3,0.013276733654333631
pythia-410m,control,draw_3,11,4,0.011530754021507342
pythia-410m,control,draw_3,11,5,0.008380928525631623
pythia-410m,control,draw_3,11,6,0.011794272838026837
pythia-410m,control,draw_3,11,7,0.019417624465819402
pythia-410m,control,draw_3,11,8,0.013301284861203088
pythia-410m,control,draw_3,11,9,0.01591958227200196
pythia-410m,control,draw_3,11,10,0.008583928806881285
pythia-410m,control,draw_3,11,11,0.008844109268571165
pythia-410m,control,draw_3,11,12,0.013564502953361625
pythia-410m,control,draw_3,11,13,0.009949197787443242
pythia-410m,control,draw_3,11,14,0.013107364196974442
pythia-410m,control,draw_3,11,15,0.029471658831353602
pythia-410m,control,draw_3,12,0,0.010021156714582027
pythia-410m,control,draw_3,12,1,0.012272031105459954
pythia-410m,control,draw_3,12,2,0.015698704260378015
pythia-410m,control,draw_3,12,3,0.010901245498687121
pythia-410m,control,draw_3,12,4,0.017614107589622514
pythia-410m,control,draw_3,12,5,0.010346720627005694
pythia-410m,control,draw_3,12,6,0.008655956623495232
pythia-410m,control,draw_3,12,7,0.01669472350161318
pythia-410m,control,draw_3,12,8,0.008033384729503384
pythia-410m,control,draw_3,12,9,0.016482148133052543
pythia-410m,control,draw_3,12,10,0.021444668708059705
pythia-410m,control,draw_3,12,11,0.014644892581522632
pythia-410m,control,draw_3,12,12,0.010475000323316074
pythia-410m,control,draw_3,12,13,0.01473475248658126
pythia-410m,control,draw_3,12,14,0.008208329743602475
pythia-410m,control,draw_3,12,15,0.009737872759373491
pythia-410m,control,draw_3,13,0,0.010491868352261291
pythia-410m,control,draw_3,13,1,0.016579860990618884
pythia-410m,control,draw_3,13,2,0.011075629775368053
pythia-410m,control,draw_3,13,3,0.017430197965938733
pythia-410m,control,draw_3,13,4,0.009018569608334196
pythia-410m,control,draw_3,13,5,0.007460972016782707
pythia-410m,control,draw_3,13,6,0.01131978616986579
pythia-410m,control,draw_3,13,7,0.010616604728385262
pythia-410m,control,draw_3,13,8,0.022578757118002387
pythia-410m,control,draw_3,13,9,0.020224921966855755
pythia-410m,control,draw_3,13,10,0.01404786702116433
pythia-410m,control,draw_3,13,11,0.017011549964685
pythia-410m,control,draw_3,13,12,0.034148696064324684
pythia-410m,control,draw_3,13,13,0.008574781019244491
pythia-410m,control,draw_3,13,14,0.016914890747516856
pythia-410m,control,draw_3,13,15,0.011567628385055394
pythia-410m,control,draw_3,14,0,0.010114856648468212
pythia-410m,control,draw_3,14,1,0.012194721452511026
pythia-410m,control,draw_3,14,2,0.03413741017510159
pythia-410m,control,draw_3,14,3,0.02640023853294598
pythia-410m,control,draw_3,14,4,0.00953083961868228
pythia-410m,control,draw_3,14,5,0.03775302102708342
pythia-410m,control,draw_3,14,6,0.009382798321627465
pythia-410m,control,draw_3,14,7,0.007475064035650645
pythia-410m,control,draw_3,14,8,0.021080711538312553
pythia-410m,control,draw_3,14,9,0.01619381898417092
pythia-410m,control,draw_3,14,10,0.011528550343236146
pythia-410m,control,draw_3,14,11,0.01703873895121945
pythia-410m,control,draw_3,14,12,0.011153855169180903
pythia-410m,control,draw_3,14,13,0.014414568447328217
pythia-410m,control,draw_3,14,14,0.01234181381383797
pythia-410m,control,draw_3,14,15,0.034445208139449644
pythia-410m,control,draw_3,15,0,0.02172725585435906
pythia-410m,control,draw_3,15,1,0.007095444586152226
pythia-410m,control,draw_3,15,2,0.017842917691601217
pythia-410m,control,draw_3,15,3,0.007522806431236093
pythia-410m,control,draw_3,15,4,0.011168485090495422
pythia-410m,control,draw_3,15,5,0.011004518972667266
pythia-410m,control,draw_3,15,6,0.01686273108128996
pythia-410m,control,draw_3,15,7,0.008288155184871485
pythia-410m,control,draw_3,15,8,0.012132738056372057
pythia-410m,control,draw_3,15,9,0.009056251993657914
pythia-410m,control,draw_3,15,10,0.014514311026903143
pythia-410m,control,draw_3,15,11,0.01020417043993245
pythia-410m,control,draw_3,15,12,0.014886493299659423
pythia-410m,control,draw_3,15,13,0.006186328793047709
pythia-410m,control,draw_3,15,14,0.012700592717329599
pythia-410m,control,draw_3,15,15,0.013763423505219953
pythia-410m,control,draw_3,16,0,0.009716853903598301
pythia-410m,control,draw_3,16,1,0.015503880516690702
pythia-410m,control,draw_3,16,2,0.013754584903693539
pythia-410m,control,draw_3,16,3,0.015577891140556766
pythia-410m,control,draw_3,16,4,0.017160892108960796
pythia-410m,control,draw_3,16,5,0.013060603153928403
pythia-410m,control,draw_3,16,6,0.011157280663039847
pythia-410m,control,draw_3,16,7,0.014180509967700969
pythia-410m,control,draw_3,16,8,0.007339503066163272
pythia-410m,control,draw_3,16,9,0.011785845358881095
pythia-410m,control,draw_3,16,10,0.016652387068636428
pythia-410m,control,draw_3,16,11,0.013869265090926194
pythia-410m,control,draw_3,16,12,0.011530854981784494
pythia-410m,control,draw_3,16,13,0.014081639644518853
pythia-410m,control,draw_3,16,14,0.020228682465430164
pythia-410m,control,draw_3,16,15,0.008749185938304828
pythia-410m,control,draw_3,17,0,0.013173029561154848
pythia-410m,control,draw_3,17,1,0.020633388255321832
pythia-410m,control,draw_3,17,2,0.008581002304523525
pythia-410m,control,draw_3,17,3,0.014710434213447622
pythia-410m,control,draw_3,17,4,0.006656404069997334
pythia-410m,control,draw_3,17,5,0.01112607647054818
pythia-410m,control,draw_3,17,6,0.007793841021881647
pythia-410m,control,draw_3,17,7,0.012052842528847476
pythia-410m,control,draw_3,17,8,0.009380349108431094
pythia-410m,control,draw_3,17,9,0.013814657409615868
pythia-410m,control,draw_3,17,10,0.016304839010361793
pythia-410m,control,draw_3,17,11,0.009821665424464996
pythia-410m,control,draw_3,17,12,0.013882861044191874
pythia-410m,control,draw_3,17,13,0.007667425021904722
pythia-410m,control,draw_3,17,14,0.008415365261130557
pythia-410m,control,draw_3,17,15,0.017230705054540923
pythia-410m,control,draw_3,18,0,0.013926589863428322
pythia-410m,control,draw_3,18,1,0.017992477326247324
pythia-410m,control,draw_3,18,2,0.012061941253505081
pythia-410m,control,draw_3,18,3,0.06604464333326171
pythia-410m,control,draw_3,18,4,0.01424961003156968
pythia-410m,control,draw_3,18,5,0.011875745058214716
pythia-410m,control,draw_3,18,6,0.007826237967659277
pythia-410m,control,draw_3,18,7,0.008268558055348294
pythia-410m,control,draw_3,18,8,0.01337821455719802
pythia-410m,control,draw_3,18,9,0.011702973952420013
pythia-410m,control,draw_3,18,10,0.01497552103806529
pythia-410m,control,draw_3,18,11,0.013388848352277797
pythia-410m,control,draw_3,18,12,0.013789081137836385
pythia-410m,control,draw_3,18,13,0.014826514722166409
pythia-410m,control,draw_3,18,14,0.01741559000255594
pythia-410m,control,draw_3,18,15,0.0228302871871737
pythia-410m,control,draw_3,19,0,0.00678232844920214
pythia-410m,control,draw_3,19,1,0.013623437055517102
pythia-410m,control,draw_3,19,2,0.032757917558327354
pythia-410m,control,draw_3,19,3,0.012801628989832179
pythia-410m,control,draw_3,19,4,0.017348330565164837
pythia-410m,control,draw_3,19,5,0.01440277536082775
pythia-410m,control,draw_3,19,6,0.019468470348784385
pythia-410m,control,draw_3,19,7,0.011665057321616405
pythia-410m,control,draw_3,19,8,0.010681016103693059
pythia-410m,control,draw_3,19,9,0.012363707490250652
pythia-410m,control,draw_3,19,10,0.011758588833779674
pythia-410m,control,draw_3,19,11,0.0211946825217432
pythia-410m,control,draw_3,19,12,0.016044506049035397
pythia-410m,control,draw_3,19,13,0.01048247851896112
pythia-410m,control,draw_3,19,14,0.008430998341836271
pythia-410m,control,draw_3,19,15,0.031468140419347077
pythia-410m,control,draw_3,20,0,0.017213099350935776
pythia-410m,control,draw_3,20,1,0.012193796612857237
pythia-410m,control,draw_3,20,2,0.011617745540234542
pythia-410m,control,draw_3,20,3,0.01960469087853938
pythia-410m,control,draw_3,20,4,0.01844958446533149
pythia-410m,control,draw_3,20,5,0.015042583329016262
pythia-410m,control,draw_3,20,6,0.015495822433772639
pythia-410m,control,draw_3,20,7,0.02826780660126159
pythia-410m,control,draw_3,20,8,0.0005418613901996363
pythia-410m,control,draw_3,20,9,0.005284979119825191
pythia-410m,control,draw_3,20,10,0.0026256268164481012
pythia-410m,control,draw_3,20,11,0.030046249853349215
pythia-410m,control,draw_3,20,12,0.007822026743646428
pythia-410m,control,draw_3,20,13,0.007534022270877112
pythia-410m,control,draw_3,20,14,0.01151226844031805
pythia-410m,control,draw_3,20,15,0.011907231510530187
pythia-410m,control,draw_3,21,0,0.016337288023397827
pythia-410m,control,draw_3,21,1,0.019636947760309897
pythia-410m,control,draw_3,21,2,0.016838033975987245
pythia-410m,control,draw_3,21,3,0.01149555460733053
pythia-410m,control,draw_3,21,4,0.02098708597175497
pythia-410m,control,draw_3,21,5,0.007026849427617227
pythia-410m,control,draw_3,21,6,0.02218386546440596
pythia-410m,control,draw_3,21,7,0.01911464979537424
pythia-410m,control,draw_3,21,8,0.03345592240568769
pythia-410m,control,draw_3,21,9,0.024405079619550192
pythia-410m,control,draw_3,21,10,0.03431217707343479
pythia-410m,control,draw_3,21,11,0.05032356960828748
pythia-410m,control,draw_3,21,12,0.008931456864896402
pythia-410m,control,draw_3,21,13,0.031227650510762844
pythia-410m,control,draw_3,21,14,0.022606399381184625
pythia-410m,control,draw_3,21,15,0.01279620282593461
pythia-410m,control,draw_3,22,0,0.04414384553773526
pythia-410m,control,draw_3,22,1,0.06899640402891224
pythia-410m,control,draw_3,22,2,0.06807669366185941
pythia-410m,control,draw_3,22,3,0.023602536656237013
pythia-410m,control,draw_3,22,4,0.0024070522485710754
pythia-410m,control,draw_3,22,5,0.03283448015289936
pythia-410m,control,draw_3,22,6,0.05930397419028775
pythia-410m,control,draw_3,22,7,0.05403152504581233
pythia-410m,control,draw_3,22,8,0.06609475131099275
pythia-410m,control,draw_3,22,9,0.04199382867489221
pythia-410m,control,draw_3,22,10,0.04836963689123199
pythia-410m,control,draw_3,22,11,0.026754327533182652
pythia-410m,control,draw_3,22,12,0.02185231606863674
pythia-410m,control,draw_3,22,13,0.03520464711712446
pythia-410m,control,draw_3,22,14,0.048808530213649344
pythia-410m,control,draw_3,22,15,0.04323852716114593
pythia-410m,control,draw_3,23,0,0.0314159290827163
pythia-410m,control,draw_3,23,1,0.04292124050749026
pythia-410m,control,draw_3,23,2,0.0022727642692484985
pythia-410m,control,draw_3,23,3,0.015110250373451716
pythia-410m,control,draw_3,23,4,0.015981003000214905
pythia-410m,control,draw_3,23,5,0.04684622696103925
pythia-410m,control,draw_3,23,6,0.03880338259949623
pythia-410m,control,draw_3,23,7,0.0669387441556461
pythia-410m,control,draw_3,23,8,0.07187552127960084
pythia-410m,control,draw_3,23,9,0.0015848106734714636
pythia-410m,control,draw_3,23,10,0.06011237279798094
pythia-410m,control,draw_3,23,11,0.04144611542577422
pythia-410m,control,draw_3,23,12,0.02397700587179975
pythia-410m,control,draw_3,23,13,0.05931345877987939
pythia-410m,control,draw_3,23,14,0.024827578450075542
pythia-410m,control,draw_3,23,15,0.03723472830884515
pythia-1b,low,draw_1,0,0,0.0
pythia-1b,low,draw_1,0,1,0.0
pythia-1b,low,draw_1,0,2,0.0
pythia-1b,low,draw_1,0,3,0.0
pythia-1b,low,draw_1,0,4,0.0
pythia-1b,low,draw_1,0,5,0.0
pythia-1b,low,draw_1,0,6,0.0
pythia-1b,low,draw_1,0,7,0.0
pythia-1b,low,draw_1,1,0,0.007459257901708504
pythia-1b,low,draw_1,1,1,0.0030491424320793674
pythia-1b,low,draw_1,1,2,0.0204817842318064
pythia-1b,low,draw_1,1,3,0.004744079894398192
pythia-1b,low,draw_1,1,4,0.002914233975120907
pythia-1b,low,draw_1,1,5,0.014496852438520702
pythia-1b,low,draw_1,1,6,0.006345716510182098
pythia-1b,low,draw_1,1,7,0.004128420757583768
pythia-1b,low,draw_1,2,0,0.011053847417486806
pythia-1b,low,draw_1,2,1,0.018322943623556208
pythia-1b,low,draw_1,2,2,0.03220837976004909
pythia-1b,low,draw_1,2,3,0.012298503525236483
pythia-1b,low,draw_1,2,4,0.042215930831447895
pythia-1b,low,draw_1,2,5,0.012254015980538697
pythia-1b,low,draw_1,2,6,0.014152627620698178
pythia-1b,low,draw_1,2,7,0.015185500091989705
pythia-1b,low,draw_1,3,0,0.018008761975667413
pythia-1b,low,draw_1,3,1,0.0275397016995561
pythia-1b,low,draw_1,3,2,0.010604073474843954
pythia-1b,low,draw_1,3,3,0.014138567021288484
pythia-1b,low,draw_1,3,4,0.014474672609478578
pythia-1b,low,draw_1,3,5,0.008567055917841172
pythia-1b,low,draw_1,3,6,0.012679060404738183
pythia-1b,low,draw_1,3,7,0.008662457690283563
pythia-1b,low,draw_1,4,0,0.028242124538298687
pythia-1b,low,draw_1,4,1,0.017745712553905703
pythia-1b,low,draw_1,4,2,0.02691942748370183
pythia-1b,low,draw_1,4,3,0.024730618529889763
pythia-1b,low,draw_1,4,4,0.013028403654404533
pythia-1b,low,draw_1,4,5,0.016447498913532768
pythia-1b,low,draw_1,4,6,0.011657240493470809
pythia-1b,low,draw_1,4,7,0.021212413671271992
pythia-1b,low,draw_1,5,0,0.01939438309857811
pythia-1b,low,draw_1,5,1,0.004125587597406768
pythia-1b,low,draw_1,5,2,0.031004488907210546
pythia-1b,low,draw_1,5,3,0.027203489649529046
pythia-1b,low,draw_1,5,4,0.04056340790330958
pythia-1b,low,draw_1,5,5,0.016862905398941627
pythia-1b,low,draw_1,5,6,0.010232409013586085
pythia-1b,low,draw_1,5,7,0.021526183554202653
pythia-1b,low,draw_1,6,0,0.03160756040668991
pythia-1b,low,draw_1,6,1,0.03177042580431774
pythia-1b,low,draw_1,6,2,0.04078984560942651
pythia-1b,low,draw_1,6,3,0.012513718862610575
pythia-1b,low,draw_1,6,4,0.02043797175265047
pythia-1b,low,draw_1,6,5,0.028948967210003437
pythia-1b,low,draw_1,6,6,0.037140400365086756
pythia-1b,low,draw_1,6,7,0.02690216253299089
pythia-1b,low,draw_1,7,0,0.022566182080202543
pythia-1b,low,draw_1,7,1,0.015999611620850587
pythia-1b,low,draw_1,7,2,0.02040475826430076
pythia-1b,low,draw_1,7,3,0.014345672080238151
pythia-1b,low,draw_1,7,4,0.021277075091753403
pythia-1b,low,draw_1,7,5,0.034555629262870285
pythia-1b,low,draw_1,7,6,0.05124328259241419
pythia-1b,low,draw_1,7,7,0.04099312091124196
pythia-1b,low,draw_1,8,0,0.012067748826796856
pythia-1b,low,draw_1,8,1,0.009154357864375304
pythia-1b,low,draw_1,8,2,0.0247472533667121
pythia-1b,low,draw_1,8,3,0.010760716691935948
pythia-1b,low,draw_1,8,4,0.025939241287656685
pythia-1b,low,draw_1,8,5,0.02401737033787924
pythia-1b,low,draw_1,8,6,0.024733875791641213
pythia-1b,low,draw_1,8,7,0.023087490791180585
pythia-1b,low,draw_1,9,0,0.06032017984438666
pythia-1b,low,draw_1,9,1,0.02310258518857294
pythia-1b,low,draw_1,9,2,0.009960530310143198
pythia-1b,low,draw_1,9,3,0.032277356201893356
pythia-1b,low,draw_1,9,4,0.03447496052570137
pythia-1b,low,draw_1,9,5,0.030310990130658386
pythia-1b,low,draw_1,9,6,0.011250234914353565
pythia-1b,low,draw_1,9,7,0.01194539420657846
pythia-1b,low,draw_1,10,0,0.06407088306285982
pythia-1b,low,draw_1,10,1,0.03967127576779598
pythia-1b,low,draw_1,10,2,0.026490760795742013
pythia-1b,low,draw_1,10,3,0.03447162745510257
pythia-1b,low,draw_1,10,4,0.0434431980918796
pythia-1b,low,draw_1,10,5,0.023295538840939625
pythia-1b,low,draw_1,10,6,0.04257259300149111
pythia-1b,low,draw_1,10,7,0.03553352970041783
pythia-1b,low,draw_1,11,0,0.032725181298536
pythia-1b,low,draw_1,11,1,0.02522357794018603
pythia-1b,low,draw_1,11,2,0.030730471938571785
pythia-1b,low,draw_1,11,3,0.012105799779784975
pythia-1b,low,draw_1,11,4,0.03859763400518546
pythia-1b,low,draw_1,11,5,0.016753941935925713
pythia-1b,low,draw_1,11,6,0.025503311986977438
pythia-1b,low,draw_1,11,7,0.03334876683568578
pythia-1b,low,draw_1,12,0,0.03485421402077309
pythia-1b,low,draw_1,12,1,0.08929097083490067
pythia-1b,low,draw_1,12,2,0.012629915373618706
pythia-1b,low,draw_1,12,3,0.022231109169610342
pythia-1b,low,draw_1,12,4,0.013903271126343621
pythia-1b,low,draw_1,12,5,0.07646389457629944
pythia-1b,low,draw_1,12,6,0.034365525145518744
pythia-1b,low,draw_1,12,7,0.01585737947977974
pythia-1b,low,draw_1,13,0,0.007819014679150315
pythia-1b,low,draw_1,13,1,0.035728975105281856
pythia-1b,low,draw_1,13,2,0.04293854421191964
pythia-1b,low,draw_1,13,3,0.03425139160672658
pythia-1b,low,draw_1,13,4,0.020303371331377947
pythia-1b,low,draw_1,13,5,0.022391847934621095
pythia-1b,low,draw_1,13,6,0.0465639093124964
pythia-1b,low,draw_1,13,7,0.023181219437327823
pythia-1b,low,draw_1,14,0,0.022890380753916372
pythia-1b,low,draw_1,14,1,0.03554296065880775
pythia-1b,low,draw_1,14,2,0.030994120200293046
pythia-1b,low,draw_1,14,3,0.021401924449811836
pythia-1b,low,draw_1,14,4,0.041434086246356076
pythia-1b,low,draw_1,14,5,0.034743820408756454
pythia-1b,low,draw_1,14,6,0.03364678205736088
pythia-1b,low,draw_1,14,7,0.018107264942998812
pythia-1b,low,draw_1,15,0,0.012592645598639424
pythia-1b,low,draw_1,15,1,0.0534493644374754
pythia-1b,low,draw_1,15,2,0.012412019019469563
pythia-1b,low,draw_1,15,3,0.04128368660504338
pythia-1b,low,draw_1,15,4,0.031174862765951862
pythia-1b,low,draw_1,15,5,0.04810787182535127
pythia-1b,low,draw_1,15,6,0.03772685838454154
pythia-1b,low,draw_1,15,7,0.0382308891447111
pythia-1b,low,draw_2,0,0,0.0
pythia-1b,low,draw_2,0,1,0.0
pythia-1b,low,draw_2,0,2,0.0
pythia-1b,low,draw_2,0,3,0.0
pythia-1b,low,draw_2,0,4,0.0
pythia-1b,low,draw_2,0,5,0.0
pythia-1b,low,draw_2,0,6,0.0
pythia-1b,low,draw_2,0,7,0.0
pythia-1b,low,draw_2,1,0,0.012263317280199575
pythia-1b,low,draw_2,1,1,0.001740003814580041
pythia-1b,low,draw_2,1,2,0.012681775027887261
pythia-1b,low,draw_2,1,3,0.005210418457635394
pythia-1b,low,draw_2,1,4,0.005990651403008513
pythia-1b,low,draw_2,1,5,0.01032186309801929
pythia-1b,low,draw_2,1,6,0.004707008733735108
pythia-1b,low,draw_2,1,7,0.005466608922629656
pythia-1b,low,draw_2,2,0,0.023423275008359078
pythia-1b,low,draw_2,2,1,0.00834575558562678
pythia-1b,low,draw_2,2,2,0.007630115474970222
pythia-1b,low,draw_2,2,3,0.004566675413991592
pythia-1b,low,draw_2,2,4,0.025821852320696094
pythia-1b,low,draw_2,2,5,0.005034848385233577
pythia-1b,low,draw_2,2,6,0.004760648958809435
pythia-1b,low,draw_2,2,7,0.01617205622014036
pythia-1b,low,draw_2,3,0,0.008661034712524595
pythia-1b,low,draw_2,3,1,0.028520301376611875
pythia-1b,low,draw_2,3,2,0.0040388403421913
pythia-1b,low,draw_2,3,3,0.006113511483363354
pythia-1b,low,draw_2,3,4,0.011037163214348859
pythia-1b,low,draw_2,3,5,0.0032758222740095276
pythia-1b,low,draw_2,3,6,0.0041883499853922574
pythia-1b,low,draw_2,3,7,0.004759377198283758
pythia-1b,low,draw_2,4,0,0.027935171589267206
pythia-1b,low,draw_2,4,1,0.006204574319861035
pythia-1b,low,draw_2,4,2,0.014517713421412214
pythia-1b,low,draw_2,4,3,0.014598871853549382
pythia-1b,low,draw_2,4,4,0.008625018707361787
pythia-1b,low,draw_2,4,5,0.014153666077695568
pythia-1b,low,draw_2,4,6,0.01997630756522828
pythia-1b,low,draw_2,4,7,0.008671752535754312
pythia-1b,low,draw_2,5,0,0.010237598507583937
pythia-1b,low,draw_2,5,1,0.003282432288161061
pythia-1b,low,draw_2,5,2,0.02946178889877861
pythia-1b,low,draw_2,5,3,0.008854851596884197
pythia-1b,low,draw_2,5,4,0.017001649089978282
pythia-1b,low,draw_2,5,5,0.022089899705568065
pythia-1b,low,draw_2,5,6,0.024094022925184914
pythia-1b,low,draw_2,5,7,0.014236426685636842
pythia-1b,low,draw_2,6,0,0.036297663741054434
pythia-1b,low,draw_2,6,1,0.011272974533658699
pythia-1b,low,draw_2,6,2,0.007592884682717394
pythia-1b,low,draw_2,6,3,0.009147224066656566
pythia-1b,low,draw_2,6,4,0.01494501606337653
pythia-1b,low,draw_2,6,5,0.005735567012366485
pythia-1b,low,draw_2,6,6,0.017101506102694633
pythia-1b,low,draw_2,6,7,0.015003126266900955
pythia-1b,low,draw_2,7,0,0.012284540033388806
pythia-1b,low,draw_2,7,1,0.013267188043446091
pythia-1b,low,draw_2,7,2,0.019094076105933066
pythia-1b,low,draw_2,7,3,0.008355294768165917
pythia-1b,low,draw_2,7,4,0.015948793522897842
pythia-1b,low,draw_2,7,5,0.02870281041203431
pythia-1b,low,draw_2,7,6,0.03560159984981778
pythia-1b,low,draw_2,7,7,0.014965747269892462
pythia-1b,low,draw_2,8,0,0.0230165619640017
pythia-1b,low,draw_2,8,1,0.010498803688093547
pythia-1b,low,draw_2,8,2,0.0152746270953087
pythia-1b,low,draw_2,8,3,0.009328035472994567
pythia-1b,low,draw_2,8,4,0.01563392883232107
pythia-1b,low,draw_2,8,5,0.019898145464958435
pythia-1b,low,draw_2,8,6,0.017697543734864
pythia-1b,low,draw_2,8,7,0.013445926393877398
pythia-1b,low,draw_2,9,0,0.0358983549043413
pythia-1b,low,draw_2,9,1,0.016643999360929657
pythia-1b,low,draw_2,9,2,0.00944406259239984
pythia-1b,low,draw_2,9,3,0.027337134148442167
pythia-1b,low,draw_2,9,4,0.026959078500963782
pythia-1b,low,draw_2,9,5,0.024133317375273876
pythia-1b,low,draw_2,9,6,0.00857204831769865
pythia-1b,low,draw_2,9,7,0.015753069370696444
pythia-1b,low,draw_2,10,0,0.025763009221954694
pythia-1b,low,draw_2,10,1,0.022987774662668558
pythia-1b,low,draw_2,10,2,0.010038784460195455
pythia-1b,low,draw_2,10,3,0.018637797290661926
pythia-1b,low,draw_2,10,4,0.0172717579272421
pythia-1b,low,draw_2,10,5,0.015828230283458575
pythia-1b,low,draw_2,10,6,0.02813070329649192
pythia-1b,low,draw_2,10,7,0.023208924140392953
pythia-1b,low,draw_2,11,0,0.0060603594938477895
pythia-1b,low,draw_2,11,1,0.029315249323651437
pythia-1b,low,draw_2,11,2,0.02707080986135777
pythia-1b,low,draw_2,11,3,0.014695657676995995
pythia-1b,low,draw_2,11,4,0.04292707969426303
pythia-1b,low,draw_2,11,5,0.021920838449531767
pythia-1b,low,draw_2,11,6,0.02633003204256214
pythia-1b,low,draw_2,11,7,0.06664781600394976
pythia-1b,low,draw_2,12,0,0.026463452087917172
pythia-1b,low,draw_2,12,1,0.0720514009055597
pythia-1b,low,draw_2,12,2,0.008278104014719281
pythia-1b,low,draw_2,12,3,0.027439959325010206
pythia-1b,low,draw_2,12,4,0.008073141438741627
pythia-1b,low,draw_2,12,5,0.08690575763586238
pythia-1b,low,draw_2,12,6,0.03112241658774585
pythia-1b,low,draw_2,12,7,0.018455875955987158
pythia-1b,low,draw_2,13,0,0.011320736136055479
pythia-1b,low,draw_2,13,1,0.025103826821847697
pythia-1b,low,draw_2,13,2,0.032785140847582356
pythia-1b,low,draw_2,13,3,0.029538284522301596
pythia-1b,low,draw_2,13,4,0.025954686630164727
pythia-1b,low,draw_2,13,5,0.010425948670978949
pythia-1b,low,draw_2,13,6,0.029361815797502137
pythia-1b,low,draw_2,13,7,0.006302570566100967
pythia-1b,low,draw_2,14,0,0.012046985492125375
pythia-1b,low,draw_2,14,1,0.02669252031151525
pythia-1b,low,draw_2,14,2,0.028527007052270528
pythia-1b,low,draw_2,14,3,0.016575565037789525
pythia-1b,low,draw_2,14,4,0.03408146778504411
pythia-1b,low,draw_2,14,5,0.03419308570113426
pythia-1b,low,draw_2,14,6,0.03212240031499668
pythia-1b,low,draw_2,14,7,0.01637068253667205
pythia-1b,low,draw_2,15,0,0.010619859582692563
pythia-1b,low,draw_2,15,1,0.046088903988664776
pythia-1b,low,draw_2,15,2,0.011362153770713354
pythia-1b,low,draw_2,15,3,0.03969966275906075
pythia-1b,low,draw_2,15,4,0.027487743952607762
pythia-1b,low,draw_2,15,5,0.022769201647037926
pythia-1b,low,draw_2,15,6,0.03206045335784482
pythia-1b,low,draw_2,15,7,0.029202447149807086
pythia-1b,low,draw_3,0,0,0.0
pythia-1b,low,draw_3,0,1,0.0
pythia-1b,low,draw_3,0,2,0.0
pythia-1b,low,draw_3,0,3,0.0
pythia-1b,low,draw_3,0,4,0.0
pythia-1b,low,draw_3,0,5,0.0
pythia-1b,low,draw_3,0,6,0.0
pythia-1b,low,draw_3,0,7,0.0
pythia-1b,low,draw_3,1,0,0.03318859932626881
pythia-1b,low,draw_3,1,1,0.0028739782109705684
pythia-1b,low,draw_3,1,2,0.030275331330282842
pythia-1b,low,draw_3,1,3,0.009249497962429529
pythia-1b,low,draw_3,1,4,0.01184716005792398
pythia-1b,low,draw_3,1,5,0.0339934623286764
pythia-1b,low,draw_3,1,6,0.009106116250563989
pythia-1b,low,draw_3,1,7,0.0042424013041568375
pythia-1b,low,draw_3,2,0,0.02072235408764005
pythia-1b,low,draw_3,2,1,0.023647050814603904
pythia-1b,low,draw_3,2,2,0.02884890274061549
pythia-1b,low,draw_3,2,3,0.01419523842524053
pythia-1b,low,draw_3,2,4,0.03445997606061411
pythia-1b,low,draw_3,2,5,0.012564132107534567
pythia-1b,low,draw_3,2,6,0.0115388658859675
pythia-1b,low,draw_3,2,7,0.011839856767285427
pythia-1b,low,draw_3,3,0,0.022235164542783195
pythia-1b,low,draw_3,3,1,0.030571645525328733
pythia-1b,low,draw_3,3,2,0.00712117852436753
pythia-1b,low,draw_3,3,3,0.021339644266167114
pythia-1b,low,draw_3,3,4,0.02196024703250281
pythia-1b,low,draw_3,3,5,0.0070631311512938146
pythia-1b,low,draw_3,3,6,0.012034713920697142
pythia-1b,low,draw_3,3,7,0.008889761373748958
pythia-1b,low,draw_3,4,0,0.03093524461048585
pythia-1b,low,draw_3,4,1,0.01512780042150695
pythia-1b,low,draw_3,4,2,0.010262956485443316
pythia-1b,low,draw_3,4,3,0.016235681401394253
pythia-1b,low,draw_3,4,4,0.0066662143057136
pythia-1b,low,draw_3,4,5,0.007060595541241551
pythia-1b,low,draw_3,4,6,0.012039622116357137
pythia-1b,low,draw_3,4,7,0.011129296734789022
pythia-1b,low,draw_3,5,0,0.013817341130082096
pythia-1b,low,draw_3,5,1,0.007363845992628837
pythia-1b,low,draw_3,5,2,0.047771386689703405
pythia-1b,low,draw_3,5,3,0.012294238437385543
pythia-1b,low,draw_3,5,4,0.021968988271370046
pythia-1b,low,draw_3,5,5,0.01723191607365406
pythia-1b,low,draw_3,5,6,0.027919072688325636
pythia-1b,low,draw_3,5,7,0.026943458200572812
pythia-1b,low,draw_3,6,0,0.03481378581409345
pythia-1b,low,draw_3,6,1,0.028262136162322867
pythia-1b,low,draw_3,6,2,0.021080291834617147
pythia-1b,low,draw_3,6,3,0.013274276091005162
pythia-1b,low,draw_3,6,4,0.019496731504395508
pythia-1b,low,draw_3,6,5,0.010175789150758485
pythia-1b,low,draw_3,6,6,0.03867157890225734
pythia-1b,low,draw_3,6,7,0.022156226728619458
pythia-1b,low,draw_3,7,0,0.020697501212713517
pythia-1b,low,draw_3,7,1,0.0157158805184908
pythia-1b,low,draw_3,7,2,0.022617258698099368
pythia-1b,low,draw_3,7,3,0.025743732011708417
pythia-1b,low,draw_3,7,4,0.018415600298489595
pythia-1b,low,draw_3,7,5,0.03914573414563325
pythia-1b,low,draw_3,7,6,0.053175489716713924
pythia-1b,low,draw_3,7,7,0.021744083603116273
pythia-1b,low,draw_3,8,0,0.021670548127843678
pythia-1b,low,draw_3,8,1,0.016907977668146532
pythia-1b,low,draw_3,8,2,0.01803280954170054
pythia-1b,low,draw_3,8,3,0.016161625759806716
pythia-1b,low,draw_3,8,4,0.0252373728728151
pythia-1b,low,draw_3,8,5,0.03151951735937418
pythia-1b,low,draw_3,8,6,0.045371264548930604
pythia-1b,low,draw_3,8,7,0.014596728611605903
pythia-1b,low,draw_3,9,0,0.04174960981198465
pythia-1b,low,draw_3,9,1,0.03310997954726236
pythia-1b,low,draw_3,9,2,0.02105830507172566
pythia-1b,low,draw_3,9,3,0.057035604320501136
pythia-1b,low,draw_3,9,4,0.029282479921993825
pythia-1b,low,draw_3,9,5,0.0372795091786767
pythia-1b,low,draw_3,9,6,0.014949194586160916
pythia-1b,low,draw_3,9,7,0.016184223487766377
pythia-1b,low,draw_3,10,0,0.03164038599183033
pythia-1b,low,draw_3,10,1,0.03771366144694768
pythia-1b,low,draw_3,10,2,0.013922356323803965
pythia-1b,low,draw_3,10,3,0.027367432590479395
pythia-1b,low,draw_3,10,4,0.013221733568721186
pythia-1b,low,draw_3,10,5,0.014307989721679801
pythia-1b,low,draw_3,10,6,0.03885881247456493
pythia-1b,low,draw_3,10,7,0.028165083541297993
pythia-1b,low,draw_3,11,0,0.02711344486036621
pythia-1b,low,draw_3,11,1,0.010834235865041623
pythia-1b,low,draw_3,11,2,0.0206582872670889
pythia-1b,low,draw_3,11,3,0.015056799053111284
pythia-1b,low,draw_3,11,4,0.031033747438800673
pythia-1b,low,draw_3,11,5,0.01389300594035799
pythia-1b,low,draw_3,11,6,0.01761088861061071
pythia-1b,low,draw_3,11,7,0.01588342005837253
pythia-1b,low,draw_3,12,0,0.023052083958324702
pythia-1b,low,draw_3,12,1,0.020733190918439507
pythia-1b,low,draw_3,12,2,0.02243584807233524
pythia-1b,low,draw_3,12,3,0.024756058009326995
pythia-1b,low,draw_3,12,4,0.015221382065761855
pythia-1b,low,draw_3,12,5,0.010593397135681148
pythia-1b,low,draw_3,12,6,0.013914102916441965
pythia-1b,low,draw_3,12,7,0.007663205567212832
pythia-1b,low,draw_3,13,0,0.016766352630936725
pythia-1b,low,draw_3,13,1,0.055751230352450484
pythia-1b,low,draw_3,13,2,0.016644565900279972
pythia-1b,low,draw_3,13,3,0.02151750454029189
pythia-1b,low,draw_3,13,4,0.019188026594811065
pythia-1b,low,draw_3,13,5,0.03750631923629019
pythia-1b,low,draw_3,13,6,0.020157377249409192
pythia-1b,low,draw_3,13,7,0.01902848542689731
pythia-1b,low,draw_3,14,0,0.022387722144324013
pythia-1b,low,draw_3,14,1,0.027237075249678472
pythia-1b,low,draw_3,14,2,0.012510918341541355
pythia-1b,low,draw_3,14,3,0.025679834801495424
pythia-1b,low,draw_3,14,4,0.020710790706212873
pythia-1b,low,draw_3,14,5,0.020938219660340346
pythia-1b,low,draw_3,14,6,0.01841061744490663
pythia-1b,low,draw_3,14,7,0.035067276822417344
pythia-1b,low,draw_3,15,0,0.01890896451591533
pythia-1b,low,draw_3,15,1,0.019225274932232337
pythia-1b,low,draw_3,15,2,0.03296352990912649
pythia-1b,low,draw_3,15,3,0.017487980251648796
pythia-1b,low,draw_3,15,4,0.016706357686209573
pythia-1b,low,draw_3,15,5,0.028832672046124337
pythia-1b,low,draw_3,15,6,0.01994977185835668
pythia-1b,low,draw_3,15,7,0.03146778156907968
pythia-1b,medium,draw_1,0,0,0.0
pythia-1b,medium,draw_1,0,1,0.0
pythia-1b,medium,draw_1,0,2,0.0
pythia-1b,medium,draw_1,0,3,0.0
pythia-1b,medium,draw_1,0,4,0.0
pythia-1b,medium,draw_1,0,5,0.0
pythia-1b,medium,draw_1,0,6,0.0
pythia-1b,medium,draw_1,0,7,0.0
pythia-1b,medium,draw_1,1,0,0.008472338714031075
pythia-1b,medium,draw_1,1,1,0.0013511300149555742
pythia-1b,medium,draw_1,1,2,0.010131040220152295
pythia-1b,medium,draw_1,1,3,0.005427572262658762
pythia-1b,medium,draw_1,1,4,0.0032845540314011307
pythia-1b,medium,draw_1,1,5,0.010595196500875096
pythia-1b,medium,draw_1,1,6,0.003378456649470625
pythia-1b,medium,draw_1,1,7,0.005121301050258689
pythia-1b,medium,draw_1,2,0,0.0069144089744658885
pythia-1b,medium,draw_1,2,1,0.005732943013204854
pythia-1b,medium,draw_1,2,2,0.022665326123595703
pythia-1b,medium,draw_1,2,3,0.004810227371006483
pythia-1b,medium,draw_1,2,4,0.024521302490668837
pythia-1b,medium,draw_1,2,5,0.006815769895454625
pythia-1b,medium,draw_1,2,6,0.013486173647521355
pythia-1b,medium,draw_1,2,7,0.012677058062293783
pythia-1b,medium,draw_1,3,0,0.014237637894489523
pythia-1b,medium,draw_1,3,1,0.03241722823360306
pythia-1b,medium,draw_1,3,2,0.005852563693915949
pythia-1b,medium,draw_1,3,3,0.013633653312866898
pythia-1b,medium,draw_1,3,4,0.01449190186401569
pythia-1b,medium,draw_1,3,5,0.005197519074882812
pythia-1b,medium,draw_1,3,6,0.007594061095287952
pythia-1b,medium,draw_1,3,7,0.005412161486459797
pythia-1b,medium,draw_1,4,0,0.01836573707396025
pythia-1b,medium,draw_1,4,1,0.009674794263401886
pythia-1b,medium,draw_1,4,2,0.016168078533232138
pythia-1b,medium,draw_1,4,3,0.021191458767944513
pythia-1b,medium,draw_1,4,4,0.008335748993068109
pythia-1b,medium,draw_1,4,5,0.015001207631518536
pythia-1b,medium,draw_1,4,6,0.012159990031901264
pythia-1b,medium,draw_1,4,7,0.01040125180650438
pythia-1b,medium,draw_1,5,0,0.015428254356705447
pythia-1b,medium,draw_1,5,1,0.0095222122115937
pythia-1b,medium,draw_1,5,2,0.03975918253224498
pythia-1b,medium,draw_1,5,3,0.03506959062633431
pythia-1b,medium,draw_1,5,4,0.028191109370296032
pythia-1b,medium,draw_1,5,5,0.0211596659969207
pythia-1b,medium,draw_1,5,6,0.009518781149874516
pythia-1b,medium,draw_1,5,7,0.00922000334112814
pythia-1b,medium,draw_1,6,0,0.02315970790404623
pythia-1b,medium,draw_1,6,1,0.03578095750137364
pythia-1b,medium,draw_1,6,2,0.01782104409617162
pythia-1b,medium,draw_1,6,3,0.022272289579542415
pythia-1b,medium,draw_1,6,4,0.028773659400552973
pythia-1b,medium,draw_1,6,5,0.025376370903857564
pythia-1b,medium,draw_1,6,6,0.04508975524384723
pythia-1b,medium,draw_1,6,7,0.015449558776062642
pythia-1b,medium,draw_1,7,0,0.026312350496614356
pythia-1b,medium,draw_1,7,1,0.010720358487402432
pythia-1b,medium,draw_1,7,2,0.03817136518711402
pythia-1b,medium,draw_1,7,3,0.023036334892731092
pythia-1b,medium,draw_1,7,4,0.03271289364140983
pythia-1b,medium,draw_1,7,5,0.03611860769302895
pythia-1b,medium,draw_1,7,6,0.055097408250171474
pythia-1b,medium,draw_1,7,7,0.047610224127826326
pythia-1b,medium,draw_1,8,0,0.024782495446014238
pythia-1b,medium,draw_1,8,1,0.025158083194375437
pythia-1b,medium,draw_1,8,2,0.013542405247414914
pythia-1b,medium,draw_1,8,3,0.020760442596081563
pythia-1b,medium,draw_1,8,4,0.014984317319995659
pythia-1b,medium,draw_1,8,5,0.03461861455326646
pythia-1b,medium,draw_1,8,6,0.036274103727411175
pythia-1b,medium,draw_1,8,7,0.020675298821381086
pythia-1b,medium,draw_1,9,0,0.02984935455098677
pythia-1b,medium,draw_1,9,1,0.012555113936210257
pythia-1b,medium,draw_1,9,2,0.012817016096772793
pythia-1b,medium,draw_1,9,3,0.021801453766619672
pythia-1b,medium,draw_1,9,4,0.03927554654022111
pythia-1b,medium,draw_1,9,5,0.016110416359963912
pythia-1b,medium,draw_1,9,6,0.015781010232593526
pythia-1b,medium,draw_1,9,7,0.03260852133241738
pythia-1b,medium,draw_1,10,0,0.03847584675350685
pythia-1b,medium,draw_1,10,1,0.027007530767633726
pythia-1b,medium,draw_1,10,2,0.03448898155805361
pythia-1b,medium,draw_1,10,3,0.06668468263885764
pythia-1b,medium,draw_1,10,4,0.04822130311046252
pythia-1b,medium,draw_1,10,5,0.020548090521454235
pythia-1b,medium,draw_1,10,6,0.036429794067478094
pythia-1b,medium,draw_1,10,7,0.016830254118770465
pythia-1b,medium,draw_1,11,0,0.03791647740698267
pythia-1b,medium,draw_1,11,1,0.0105676306314408
pythia-1b,medium,draw_1,11,2,0.03787999686153885
pythia-1b,medium,draw_1,11,3,0.007234718940812968
pythia-1b,medium,draw_1,11,4,0.022302214461180456
pythia-1b,medium,draw_1,11,5,0.024766243876507384
pythia-1b,medium,draw_1,11,6,0.02949151115715627
pythia-1b,medium,draw_1,11,7,0.03326026473728469
pythia-1b,medium,draw_1,12,0,0.028730705407423736
pythia-1b,medium,draw_1,12,1,0.040482582513797195
pythia-1b,medium,draw_1,12,2,0.022908301095413974
pythia-1b,medium,draw_1,12,3,0.02198206911858929
pythia-1b,medium,draw_1,12,4,0.01176508297327118
pythia-1b,medium,draw_1,12,5,0.03962029129850959
pythia-1b,medium,draw_1,12,6,0.026319044808430853
pythia-1b,medium,draw_1,12,7,0.015569257303854181
pythia-1b,medium,draw_1,13,0,0.015408564301462256
pythia-1b,medium,draw_1,13,1,0.017234891745177474
pythia-1b,medium,draw_1,13,2,0.03269665838932912
pythia-1b,medium,draw_1,13,3,0.02440293177549122
pythia-1b,medium,draw_1,13,4,0.02672896500844894
pythia-1b,medium,draw_1,13,5,0.016558848155011806
pythia-1b,medium,draw_1,13,6,0.019529522879054195
pythia-1b,medium,draw_1,13,7,0.019554413530462837
pythia-1b,medium,draw_1,14,0,0.02851939927558997
pythia-1b,medium,draw_1,14,1,0.03889317171096602
pythia-1b,medium,draw_1,14,2,0.02345412876394254
pythia-1b,medium,draw_1,14,3,0.03397880856648141
pythia-1b,medium,draw_1,14,4,0.019732205898538135
pythia-1b,medium,draw_1,14,5,0.024188063777592684
pythia-1b,medium,draw_1,14,6,0.023517374438181603
pythia-1b,medium,draw_1,14,7,0.01920705944912221
pythia-1b,medium,draw_1,15,0,0.011205328915764813
pythia-1b,medium,draw_1,15,1,0.023892235594506393
pythia-1b,medium,draw_1,15,2,0.025023683676876875
pythia-1b,medium,draw_1,15,3,0.024301927058922246
pythia-1b,medium,draw_1,15,4,0.013913710721188561
pythia-1b,medium,draw_1,15,5,0.02825265234125792
pythia-1b,medium,draw_1,15,6,0.02301758110700223
pythia-1b,medium,draw_1,15,7,0.030175566132405227
pythia-1b,medium,draw_2,0,0,0.0
pythia-1b,medium,draw_2,0,1,0.0
pythia-1b,medium,draw_2,0,2,0.0
pythia-1b,medium,draw_2,0,3,0.0
pythia-1b,medium,draw_2,0,4,0.0
pythia-1b,medium,draw_2,0,5,0.0
pythia-1b,medium,draw_2,0,6,0.0
pythia-1b,medium,draw_2,0,7,0.0
pythia-1b,medium,draw_2,1,0,0.006665351444651109
pythia-1b,medium,draw_2,1,1,0.0011515932296016552
pythia-1b,medium,draw_2,1,2,0.00605163458796734
pythia-1b,medium,draw_2,1,3,0.003918769265447682
pythia-1b,medium,draw_2,1,4,0.0017211795064163077
pythia-1b,medium,draw_2,1,5,0.006399560850074779
pythia-1b,medium,draw_2,1,6,0.00221945769746051
pythia-1b,medium,draw_2,1,7,0.003546452057378482
pythia-1b,medium,draw_2,2,0,0.015379534770300627
pythia-1b,medium,draw_2,2,1,0.004970554928547112
pythia-1b,medium,draw_2,2,2,0.009275158511844303
pythia-1b,medium,draw_2,2,3,0.0031803595754682076
pythia-1b,medium,draw_2,2,4,0.02534333740726378
pythia-1b,medium,draw_2,2,5,0.004179073979039618
pythia-1b,medium,draw_2,2,6,0.004296996137959684
pythia-1b,medium,draw_2,2,7,0.011814015812693928
pythia-1b,medium,draw_2,3,0,0.008131784891025815
pythia-1b,medium,draw_2,3,1,0.03262260229313311
pythia-1b,medium,draw_2,3,2,0.006900724091247779
pythia-1b,medium,draw_2,3,3,0.010945172511214874
pythia-1b,medium,draw_2,3,4,0.0097482437187671
pythia-1b,medium,draw_2,3,5,0.0028581044888508567
pythia-1b,medium,draw_2,3,6,0.005776822168162185
pythia-1b,medium,draw_2,3,7,0.006063738189931924
pythia-1b,medium,draw_2,4,0,0.029254869308567886
pythia-1b,medium,draw_2,4,1,0.005451291819667131
pythia-1b,medium,draw_2,4,2,0.013628567496518137
pythia-1b,medium,draw_2,4,3,0.010002872373026996
pythia-1b,medium,draw_2,4,4,0.006517723138504581
pythia-1b,medium,draw_2,4,5,0.008184769685069518
pythia-1b,medium,draw_2,4,6,0.017753737137244006
pythia-1b,medium,draw_2,4,7,0.009022858615183775
pythia-1b,medium,draw_2,5,0,0.008857028812090304
pythia-1b,medium,draw_2,5,1,0.0037974338911819236
pythia-1b,medium,draw_2,5,2,0.03824578571731253
pythia-1b,medium,draw_2,5,3,0.008381360422364138
pythia-1b,medium,draw_2,5,4,0.021204629466336715
pythia-1b,medium,draw_2,5,5,0.0152829779587024
pythia-1b,medium,draw_2,5,6,0.03602523027344545
pythia-1b,medium,draw_2,5,7,0.01842055968469761
pythia-1b,medium,draw_2,6,0,0.03778554365372975
pythia-1b,medium,draw_2,6,1,0.019616947813423206
pythia-1b,medium,draw_2,6,2,0.009346497192051974
pythia-1b,medium,draw_2,6,3,0.005912258371226423
pythia-1b,medium,draw_2,6,4,0.01523603745859177
pythia-1b,medium,draw_2,6,5,0.005551431170485966
pythia-1b,medium,draw_2,6,6,0.020257789550842543
pythia-1b,medium,draw_2,6,7,0.019914374154885846
pythia-1b,medium,draw_2,7,0,0.010823486405201107
pythia-1b,medium,draw_2,7,1,0.015366346839277147
pythia-1b,medium,draw_2,7,2,0.012872530735056481
pythia-1b,medium,draw_2,7,3,0.017749454750162073
pythia-1b,medium,draw_2,7,4,0.014760813211301085
pythia-1b,medium,draw_2,7,5,0.028559096355748027
pythia-1b,medium,draw_2,7,6,0.04774543856805041
pythia-1b,medium,draw_2,7,7,0.017605392017190934
pythia-1b,medium,draw_2,8,0,0.019460624916088482
pythia-1b,medium,draw_2,8,1,0.00866737834983515
pythia-1b,medium,draw_2,8,2,0.018089865583383147
pythia-1b,medium,draw_2,8,3,0.013322275187046147
pythia-1b,medium,draw_2,8,4,0.021550360318989763
pythia-1b,medium,draw_2,8,5,0.018951702422897215
pythia-1b,medium,draw_2,8,6,0.02833969895511867
pythia-1b,medium,draw_2,8,7,0.015106339887502313
pythia-1b,medium,draw_2,9,0,0.040348875093844064
pythia-1b,medium,draw_2,9,1,0.025139878386764045
pythia-1b,medium,draw_2,9,2,0.012646549364607854
pythia-1b,medium,draw_2,9,3,0.038315185460050825
pythia-1b,medium,draw_2,9,4,0.02335989417062128
pythia-1b,medium,draw_2,9,5,0.027515693524541775
pythia-1b,medium,draw_2,9,6,0.014321495849496413
pythia-1b,medium,draw_2,9,7,0.01108626765415819
pythia-1b,medium,draw_2,10,0,0.029982250856497382
pythia-1b,medium,draw_2,10,1,0.021561195383306538
pythia-1b,medium,draw_2,10,2,0.01090890571787029
pythia-1b,medium,draw_2,10,3,0.029903575129354654
pythia-1b,medium,draw_2,10,4,0.019418186521105177
pythia-1b,medium,draw_2,10,5,0.014574670322905806
pythia-1b,medium,draw_2,10,6,0.034408413702703734
pythia-1b,medium,draw_2,10,7,0.01936200845562674
pythia-1b,medium,draw_2,11,0,0.014472280716560636
pythia-1b,medium,draw_2,11,1,0.02288257657354694
pythia-1b,medium,draw_2,11,2,0.031317767782068705
pythia-1b,medium,draw_2,11,3,0.012366229514817719
pythia-1b,medium,draw_2,11,4,0.04577740985954453
pythia-1b,medium,draw_2,11,5,0.01663649176786247
pythia-1b,medium,draw_2,11,6,0.022886105760991187
pythia-1b,medium,draw_2,11,7,0.062192690347559705
pythia-1b,medium,draw_2,12,0,0.041548524042592204
pythia-1b,medium,draw_2,12,1,0.09085443327463057
pythia-1b,medium,draw_2,12,2,0.02082646121239357
pythia-1b,medium,draw_2,12,3,0.05255021948213911
pythia-1b,medium,draw_2,12,4,0.01770581123445993
pythia-1b,medium,draw_2,12,5,0.07366641211456734
pythia-1b,medium,draw_2,12,6,0.050164962565913206
pythia-1b,medium,draw_2,12,7,0.023491702386841156
pythia-1b,medium,draw_2,13,0,0.012961306202261979
pythia-1b,medium,draw_2,13,1,0.03459017379728212
pythia-1b,medium,draw_2,13,2,0.030166469683553417
pythia-1b,medium,draw_2,13,3,0.02008630574886442
pythia-1b,medium,draw_2,13,4,0.015571367149061538
pythia-1b,medium,draw_2,13,5,0.015866105082760974
pythia-1b,medium,draw_2,13,6,0.021620115707730307
pythia-1b,medium,draw_2,13,7,0.009683127557531096
pythia-1b,medium,draw_2,14,0,0.01694574916377228
pythia-1b,medium,draw_2,14,1,0.03133268890289901
pythia-1b,medium,draw_2,14,2,0.03156078296183319
pythia-1b,medium,draw_2,14,3,0.014510907834629506
pythia-1b,medium,draw_2,14,4,0.02808832859066299
pythia-1b,medium,draw_2,14,5,0.020254500738117305
pythia-1b,medium,draw_2,14,6,0.03505663866313742
pythia-1b,medium,draw_2,14,7,0.011345618969126954
pythia-1b,medium,draw_2,15,0,0.008213052957815156
pythia-1b,medium,draw_2,15,1,0.0409631990119109
pythia-1b,medium,draw_2,15,2,0.014845570653387855
pythia-1b,medium,draw_2,15,3,0.03450159662765972
pythia-1b,medium,draw_2,15,4,0.023536923251161204
pythia-1b,medium,draw_2,15,5,0.028806476191913243
pythia-1b,medium,draw_2,15,6,0.026942376916995275
pythia-1b,medium,draw_2,15,7,0.03644415389505928
pythia-1b,medium,draw_3,0,0,0.0
pythia-1b,medium,draw_3,0,1,0.0
pythia-1b,medium,draw_3,0,2,0.0
pythia-1b,medium,draw_3,0,3,0.0
pythia-1b,medium,draw_3,0,4,0.0
pythia-1b,medium,draw_3,0,5,0.0
pythia-1b,medium,draw_3,0,6,0.0
pythia-1b,medium,draw_3,0,7,0.0
pythia-1b,medium,draw_3,1,0,0.008749429598219123
pythia-1b,medium,draw_3,1,1,0.0014232348702720183
pythia-1b,medium,draw_3,1,2,0.0037337605198270413
pythia-1b,medium,draw_3,1,3,0.004458393871976664
pythia-1b,medium,draw_3,1,4,0.003495740786108821
pythia-1b,medium,draw_3,1,5,0.006704421605756077
pythia-1b,medium,draw_3,1,6,0.0027312486521163253
pythia-1b,medium,draw_3,1,7,0.003923163454545087
pythia-1b,medium,draw_3,2,0,0.014133230457272626
pythia-1b,medium,draw_3,2,1,0.004594574428151786
pythia-1b,medium,draw_3,2,2,0.009457259255624509
pythia-1b,medium,draw_3,2,3,0.003217330237851594
pythia-1b,medium,draw_3,2,4,0.02063821237895878
pythia-1b,medium,draw_3,2,5,0.003913976062079095
pythia-1b,medium,draw_3,2,6,0.005182229379937761
pythia-1b,medium,draw_3,2,7,0.01321240429501283
pythia-1b,medium,draw_3,3,0,0.010003398987228894
pythia-1b,medium,draw_3,3,1,0.030470559138299
pythia-1b,medium,draw_3,3,2,0.004986921943674683
pythia-1b,medium,draw_3,3,3,0.011566227532757848
pythia-1b,medium,draw_3,3,4,0.010070644724243641
pythia-1b,medium,draw_3,3,5,0.0017720531422743822
pythia-1b,medium,draw_3,3,6,0.006884753957697945
pythia-1b,medium,draw_3,3,7,0.003284010153760925
pythia-1b,medium,draw_3,4,0,0.04856850267191938
pythia-1b,medium,draw_3,4,1,0.0216669438524017
pythia-1b,medium,draw_3,4,2,0.018773132573158383
pythia-1b,medium,draw_3,4,3,0.026937366367299594
pythia-1b,medium,draw_3,4,4,0.01953771305438645
pythia-1b,medium,draw_3,4,5,0.024064489118302838
pythia-1b,medium,draw_3,4,6,0.023619231595638838
pythia-1b,medium,draw_3,4,7,0.008925630259854048
pythia-1b,medium,draw_3,5,0,0.010255285579007197
pythia-1b,medium,draw_3,5,1,0.007483866336461494
pythia-1b,medium,draw_3,5,2,0.03583524580937266
pythia-1b,medium,draw_3,5,3,0.016227668363968897
pythia-1b,medium,draw_3,5,4,0.02424078725129449
pythia-1b,medium,draw_3,5,5,0.013711560926637034
pythia-1b,medium,draw_3,5,6,0.028886769793131973
pythia-1b,medium,draw_3,5,7,0.026584779331408275
pythia-1b,medium,draw_3,6,0,0.04380710113285382
pythia-1b,medium,draw_3,6,1,0.016216499275057493
pythia-1b,medium,draw_3,6,2,0.010360008462662714
pythia-1b,medium,draw_3,6,3,0.0020665521705391784
pythia-1b,medium,draw_3,6,4,0.016594972249083847
pythia-1b,medium,draw_3,6,5,0.019649392677357297
pythia-1b,medium,draw_3,6,6,0.018402278323594683
pythia-1b,medium,draw_3,6,7,0.014777556227261391
pythia-1b,medium,draw_3,7,0,0.01514203032237439
pythia-1b,medium,draw_3,7,1,0.011386471969783147
pythia-1b,medium,draw_3,7,2,0.013418423068519033
pythia-1b,medium,draw_3,7,3,0.025362895991291278
pythia-1b,medium,draw_3,7,4,0.0409180041429098
pythia-1b,medium,draw_3,7,5,0.026236889902519923
pythia-1b,medium,draw_3,7,6,0.040264914435866016
pythia-1b,medium,draw_3,7,7,0.012899565621605557
pythia-1b,medium,draw_3,8,0,0.013883683851170368
pythia-1b,medium,draw_3,8,1,0.020646442730397646
pythia-1b,medium,draw_3,8,2,0.02228541310535953
pythia-1b,medium,draw_3,8,3,0.011315898704923921
pythia-1b,medium,draw_3,8,4,0.025962947292548704
pythia-1b,medium,draw_3,8,5,0.026284935044106013
pythia-1b,medium,draw_3,8,6,0.025227099196811098
pythia-1b,medium,draw_3,8,7,0.01826706651168801
pythia-1b,medium,draw_3,9,0,0.04354766438401428
pythia-1b,medium,draw_3,9,1,0.024414391515422178
pythia-1b,medium,draw_3,9,2,0.01635733647110692
pythia-1b,medium,draw_3,9,3,0.039954389616466066
pythia-1b,medium,draw_3,9,4,0.035248816669627585
pythia-1b,medium,draw_3,9,5,0.034530009197796065
pythia-1b,medium,draw_3,9,6,0.016864330939043187
pythia-1b,medium,draw_3,9,7,0.02211378129448654
pythia-1b,medium,draw_3,10,0,0.042173899007856126
pythia-1b,medium,draw_3,10,1,0.018099696186631785
pythia-1b,medium,draw_3,10,2,0.038308939602265946
pythia-1b,medium,draw_3,10,3,0.03231710300895603
pythia-1b,medium,draw_3,10,4,0.02217848849557697
pythia-1b,medium,draw_3,10,5,0.022674414222214345
pythia-1b,medium,draw_3,10,6,0.05290707372569432
pythia-1b,medium,draw_3,10,7,0.03242220160308321
pythia-1b,medium,draw_3,11,0,0.018697493393077632
pythia-1b,medium,draw_3,11,1,0.028144567565378323
pythia-1b,medium,draw_3,11,2,0.02516815839407669
pythia-1b,medium,draw_3,11,3,0.010845723039824154
pythia-1b,medium,draw_3,11,4,0.0537439569933918
pythia-1b,medium,draw_3,11,5,0.024868479310439423
pythia-1b,medium,draw_3,11,6,0.025357968163263727
pythia-1b,medium,draw_3,11,7,0.061276310395801094
pythia-1b,medium,draw_3,12,0,0.045407290009312484
pythia-1b,medium,draw_3,12,1,0.1022785647112911
pythia-1b,medium,draw_3,12,2,0.015395452751547571
pythia-1b,medium,draw_3,12,3,0.04284856797537771
pythia-1b,medium,draw_3,12,4,0.023985348236734837
pythia-1b,medium,draw_3,12,5,0.08401009254586181
pythia-1b,medium,draw_3,12,6,0.0481235404226739
pythia-1b,medium,draw_3,12,7,0.020831523539741957
pythia-1b,medium,draw_3,13,0,0.009359451279504489
pythia-1b,medium,draw_3,13,1,0.03837987374403919
pythia-1b,medium,draw_3,13,2,0.029705379499416172
pythia-1b,medium,draw_3,13,3,0.023105090725483567
pythia-1b,medium,draw_3,13,4,0.01793851563397865
pythia-1b,medium,draw_3,13,5,0.019982915049874483
pythia-1b,medium,draw_3,13,6,0.029717754097250592
pythia-1b,medium,draw_3,13,7,0.005773710973707776
pythia-1b,medium,draw_3,14,0,0.018858222828355035
pythia-1b,medium,draw_3,14,1,0.024649602032007417
pythia-1b,medium,draw_3,14,2,0.025151752179412814
pythia-1b,medium,draw_3,14,3,0.020646246790996248
pythia-1b,medium,draw_3,14,4,0.0467762652294722
pythia-1b,medium,draw_3,14,5,0.02241088639456773
pythia-1b,medium,draw_3,14,6,0.03996032439364694
pythia-1b,medium,draw_3,14,7,0.009734590585436314
pythia-1b,medium,draw_3,15,0,0.014204621382532062
pythia-1b,medium,draw_3,15,1,0.03588310509929298
pythia-1b,medium,draw_3,15,2,0.020956212247290596
pythia-1b,medium,draw_3,15,3,0.03264302583724205
pythia-1b,medium,draw_3,15,4,0.030661825687683556
pythia-1b,medium,draw_3,15,5,0.03406899785044554
pythia-1b,medium,draw_3,15,6,0.027683100096078578
pythia-1b,medium,draw_3,15,7,0.04074503560411543
pythia-1b,high,draw_1,0,0,0.0
pythia-1b,high,draw_1,0,1,0.0
pythia-1b,high,draw_1,0,2,0.0
pythia-1b,high,draw_1,0,3,0.0
pythia-1b,high,draw_1,0,4,0.0
pythia-1b,high,draw_1,0,5,0.0
pythia-1b,high,draw_1,0,6,0.0
pythia-1b,high,draw_1,0,7,0.0
pythia-1b,high,draw_1,1,0,0.008717025645442415
pythia-1b,high,draw_1,1,1,0.0010552482802936485
pythia-1b,high,draw_1,1,2,0.006205299577800235
pythia-1b,high,draw_1,1,3,0.0021311691475427615
pythia-1b,high,draw_1,1,4,0.0016913773608411083
pythia-1b,high,draw_1,1,5,0.012520532629355773
pythia-1b,high,draw_1,1,6,0.00332082707611048
pythia-1b,high,draw_1,1,7,0.003637991403524049
pythia-1b,high,draw_1,2,0,0.007217620943223952
pythia-1b,high,draw_1,2,1,0.008556579403504776
pythia-1b,high,draw_1,2,2,0.014231511288639616
pythia-1b,high,draw_1,2,3,0.009568342120370532
pythia-1b,high,draw_1,2,4,0.014908135605380181
pythia-1b,high,draw_1,2,5,0.00629424124052351
pythia-1b,high,draw_1,2,6,0.006435762291987392
pythia-1b,high,draw_1,2,7,0.014741119594234112
pythia-1b,high,draw_1,3,0,0.013630474366226084
pythia-1b,high,draw_1,3,1,0.029215117459176022
pythia-1b,high,draw_1,3,2,0.0068857647334884635
pythia-1b,high,draw_1,3,3,0.018299969160999015
pythia-1b,high,draw_1,3,4,0.019364412580540433
pythia-1b,high,draw_1,3,5,0.010719419797715757
pythia-1b,high,draw_1,3,6,0.006319681291688915
pythia-1b,high,draw_1,3,7,0.009094209478959935
pythia-1b,high,draw_1,4,0,0.054713911252420484
pythia-1b,high,draw_1,4,1,0.01802223514962178
pythia-1b,high,draw_1,4,2,0.023010466395036996
pythia-1b,high,draw_1,4,3,0.03727927340881853
pythia-1b,high,draw_1,4,4,0.031852260746155
pythia-1b,high,draw_1,4,5,0.04262452528289277
pythia-1b,high,draw_1,4,6,0.031603950715563565
pythia-1b,high,draw_1,4,7,0.009542347596393188
pythia-1b,high,draw_1,5,0,0.011732669972210842
pythia-1b,high,draw_1,5,1,0.008504526841978064
pythia-1b,high,draw_1,5,2,0.06628731286387363
pythia-1b,high,draw_1,5,3,0.012479394827711519
pythia-1b,high,draw_1,5,4,0.03592340093018636
pythia-1b,high,draw_1,5,5,0.010311112596147245
pythia-1b,high,draw_1,5,6,0.047810079148658285
pythia-1b,high,draw_1,5,7,0.016481549523113346
pythia-1b,high,draw_1,6,0,0.04544315882152548
pythia-1b,high,draw_1,6,1,0.02023911424316728
pythia-1b,high,draw_1,6,2,0.01620636230560678
pythia-1b,high,draw_1,6,3,0.004353721192154341
pythia-1b,high,draw_1,6,4,0.02140802531598775
pythia-1b,high,draw_1,6,5,0.011740721034071491
pythia-1b,high,draw_1,6,6,0.027539098262763646
pythia-1b,high,draw_1,6,7,0.03283234390731707
pythia-1b,high,draw_1,7,0,0.021320638895157323
pythia-1b,high,draw_1,7,1,0.011782323484737484
pythia-1b,high,draw_1,7,2,0.02415735105690708
pythia-1b,high,draw_1,7,3,0.014509337324172209
pythia-1b,high,draw_1,7,4,0.022251459737591583
pythia-1b,high,draw_1,7,5,0.0375691249889383
pythia-1b,high,draw_1,7,6,0.05093449614449758
pythia-1b,high,draw_1,7,7,0.024599647870247567
pythia-1b,high,draw_1,8,0,0.023731259589890925
pythia-1b,high,draw_1,8,1,0.010591781567311538
pythia-1b,high,draw_1,8,2,0.01694399038233655
pythia-1b,high,draw_1,8,3,0.01877823388983763
pythia-1b,high,draw_1,8,4,0.02183646339749687
pythia-1b,high,draw_1,8,5,0.022553243869686535
pythia-1b,high,draw_1,8,6,0.022204237049607316
pythia-1b,high,draw_1,8,7,0.01796141933613711
pythia-1b,high,draw_1,9,0,0.03504168533047536
pythia-1b,high,draw_1,9,1,0.020617204641556922
pythia-1b,high,draw_1,9,2,0.011695904118908688
pythia-1b,high,draw_1,9,3,0.01787063162888845
pythia-1b,high,draw_1,9,4,0.017859126863149197
pythia-1b,high,draw_1,9,5,0.01905469350063985
pythia-1b,high,draw_1,9,6,0.020395011279359207
pythia-1b,high,draw_1,9,7,0.017941391956403385
pythia-1b,high,draw_1,10,0,0.021688851039418464
pythia-1b,high,draw_1,10,1,0.014509981193846186
pythia-1b,high,draw_1,10,2,0.01619123617526969
pythia-1b,high,draw_1,10,3,0.029218670655591607
pythia-1b,high,draw_1,10,4,0.009755915792214256
pythia-1b,high,draw_1,10,5,0.017836396937963243
pythia-1b,high,draw_1,10,6,0.021603302538481056
pythia-1b,high,draw_1,10,7,0.017285605198477143
pythia-1b,high,draw_1,11,0,0.012063012517793941
pythia-1b,high,draw_1,11,1,0.011783609115483332
pythia-1b,high,draw_1,11,2,0.022067486584193146
pythia-1b,high,draw_1,11,3,0.012887833755465277
pythia-1b,high,draw_1,11,4,0.017221066226313364
pythia-1b,high,draw_1,11,5,0.020237183637136873
pythia-1b,high,draw_1,11,6,0.027006712842366602
pythia-1b,high,draw_1,11,7,0.02509945805460743
pythia-1b,high,draw_1,12,0,0.014675324322088394
pythia-1b,high,draw_1,12,1,0.021903834912075468
pythia-1b,high,draw_1,12,2,0.029496411469478265
pythia-1b,high,draw_1,12,3,0.03024718950237223
pythia-1b,high,draw_1,12,4,0.007902362451281366
pythia-1b,high,draw_1,12,5,0.020826329852165693
pythia-1b,high,draw_1,12,6,0.018988195073480152
pythia-1b,high,draw_1,12,7,0.01426667350832763
pythia-1b,high,draw_1,13,0,0.010499707356806876
pythia-1b,high,draw_1,13,1,0.013536867525346575
pythia-1b,high,draw_1,13,2,0.012812470448419173
pythia-1b,high,draw_1,13,3,0.022602769865339725
pythia-1b,high,draw_1,13,4,0.022886810261533174
pythia-1b,high,draw_1,13,5,0.00858545566856473
pythia-1b,high,draw_1,13,6,0.024254038408871338
pythia-1b,high,draw_1,13,7,0.010250587721110493
pythia-1b,high,draw_1,14,0,0.01644977963942311
pythia-1b,high,draw_1,14,1,0.015799824007247543
pythia-1b,high,draw_1,14,2,0.030798685477876724
pythia-1b,high,draw_1,14,3,0.019151776426314764
pythia-1b,high,draw_1,14,4,0.022822697098358245
pythia-1b,high,draw_1,14,5,0.021218782312539937
pythia-1b,high,draw_1,14,6,0.028915703200765627
pythia-1b,high,draw_1,14,7,0.013797461011039423
pythia-1b,high,draw_1,15,0,0.009883703202981958
pythia-1b,high,draw_1,15,1,0.01730632337911831
pythia-1b,high,draw_1,15,2,0.02072282879152653
pythia-1b,high,draw_1,15,3,0.026892715330810748
pythia-1b,high,draw_1,15,4,0.018130369624211558
pythia-1b,high,draw_1,15,5,0.014742069216240042
pythia-1b,high,draw_1,15,6,0.02784257404683748
pythia-1b,high,draw_1,15,7,0.012445881130885987
pythia-1b,high,draw_2,0,0,0.0
pythia-1b,high,draw_2,0,1,0.0
pythia-1b,high,draw_2,0,2,0.0
pythia-1b,high,draw_2,0,3,0.0
pythia-1b,high,draw_2,0,4,0.0
pythia-1b,high,draw_2,0,5,0.0
pythia-1b,high,draw_2,0,6,0.0
pythia-1b,high,draw_2,0,7,0.0
pythia-1b,high,draw_2,1,0,0.008271796095084983
pythia-1b,high,draw_2,1,1,0.0013511062025480082
pythia-1b,high,draw_2,1,2,0.01368828197753793
pythia-1b,high,draw_2,1,3,0.004445248571620862
pythia-1b,high,draw_2,1,4,0.0059242383633746325
pythia-1b,high,draw_2,1,5,0.016612724100332377
pythia-1b,high,draw_2,1,6,0.006292747549316744
pythia-1b,high,draw_2,1,7,0.009348966169376154
pythia-1b,high,draw_2,2,0,0.007514388164799284
pythia-1b,high,draw_2,2,1,0.008109432710412834
pythia-1b,high,draw_2,2,2,0.016487126877769317
pythia-1b,high,draw_2,2,3,0.005828238249642339
pythia-1b,high,draw_2,2,4,0.011131327800922948
pythia-1b,high,draw_2,2,5,0.006726357372713971
pythia-1b,high,draw_2,2,6,0.005319310492175798
pythia-1b,high,draw_2,2,7,0.015067932514713367
pythia-1b,high,draw_2,3,0,0.01587304745780096
pythia-1b,high,draw_2,3,1,0.018005152878812908
pythia-1b,high,draw_2,3,2,0.006812105455195229
pythia-1b,high,draw_2,3,3,0.005499872773430206
pythia-1b,high,draw_2,3,4,0.005116702231482634
pythia-1b,high,draw_2,3,5,0.00450318185769883
pythia-1b,high,draw_2,3,6,0.006176051421728308
pythia-1b,high,draw_2,3,7,0.008527697505594267
pythia-1b,high,draw_2,4,0,0.01645628743581248
pythia-1b,high,draw_2,4,1,0.008602596533175537
pythia-1b,high,draw_2,4,2,0.01194489534202733
pythia-1b,high,draw_2,4,3,0.0194983025650337
pythia-1b,high,draw_2,4,4,0.005419934440288928
pythia-1b,high,draw_2,4,5,0.018822410579969136
pythia-1b,high,draw_2,4,6,0.009536583708383737
pythia-1b,high,draw_2,4,7,0.008659167854702816
pythia-1b,high,draw_2,5,0,0.007714547833670617
pythia-1b,high,draw_2,5,1,0.0029517845454166865
pythia-1b,high,draw_2,5,2,0.038853392597031126
pythia-1b,high,draw_2,5,3,0.011738606359578192
pythia-1b,high,draw_2,5,4,0.01585776948671167
pythia-1b,high,draw_2,5,5,0.008810061297632716
pythia-1b,high,draw_2,5,6,0.014012771047488123
pythia-1b,high,draw_2,5,7,0.008609253678055487
pythia-1b,high,draw_2,6,0,0.01807035261303102
pythia-1b,high,draw_2,6,1,0.012571877572161657
pythia-1b,high,draw_2,6,2,0.013624051229650788
pythia-1b,high,draw_2,6,3,0.006234641594821511
pythia-1b,high,draw_2,6,4,0.009923925955154487
pythia-1b,high,draw_2,6,5,0.014665113334978273
pythia-1b,high,draw_2,6,6,0.010047901011629022
pythia-1b,high,draw_2,6,7,0.011541529067860512
pythia-1b,high,draw_2,7,0,0.011746558583056163
pythia-1b,high,draw_2,7,1,0.01571620551901664
pythia-1b,high,draw_2,7,2,0.0077658551598051
pythia-1b,high,draw_2,7,3,0.009622411849413367
pythia-1b,high,draw_2,7,4,0.01913174847916842
pythia-1b,high,draw_2,7,5,0.02431133113891528
pythia-1b,high,draw_2,7,6,0.031510895700465294
pythia-1b,high,draw_2,7,7,0.01794047865638489
pythia-1b,high,draw_2,8,0,0.023970214786713316
pythia-1b,high,draw_2,8,1,0.012142751250705642
pythia-1b,high,draw_2,8,2,0.015529804514582178
pythia-1b,high,draw_2,8,3,0.013721595447514638
pythia-1b,high,draw_2,8,4,0.015533739548127336
pythia-1b,high,draw_2,8,5,0.010147100462947744
pythia-1b,high,draw_2,8,6,0.02112852514920849
pythia-1b,high,draw_2,8,7,0.007619271237902276
pythia-1b,high,draw_2,9,0,0.03448937648170911
pythia-1b,high,draw_2,9,1,0.018504805081916032
pythia-1b,high,draw_2,9,2,0.01501865643606279
pythia-1b,high,draw_2,9,3,0.020263136144243448
pythia-1b,high,draw_2,9,4,0.01709620408502298
pythia-1b,high,draw_2,9,5,0.02220269164139648
pythia-1b,high,draw_2,9,6,0.01982037701989071
pythia-1b,high,draw_2,9,7,0.01661505834301918
pythia-1b,high,draw_2,10,0,0.016511859719642773
pythia-1b,high,draw_2,10,1,0.015938822274192292
pythia-1b,high,draw_2,10,2,0.016142147390777146
pythia-1b,high,draw_2,10,3,0.017637363263115685
pythia-1b,high,draw_2,10,4,0.006902899980193747
pythia-1b,high,draw_2,10,5,0.011263241064026161
pythia-1b,high,draw_2,10,6,0.012778767819161176
pythia-1b,high,draw_2,10,7,0.015317118736376574
pythia-1b,high,draw_2,11,0,0.007372320688877121
pythia-1b,high,draw_2,11,1,0.016637257111489424
pythia-1b,high,draw_2,11,2,0.034536131162143165
pythia-1b,high,draw_2,11,3,0.0213887568595702
pythia-1b,high,draw_2,11,4,0.04054757698963685
pythia-1b,high,draw_2,11,5,0.03557802226919153
pythia-1b,high,draw_2,11,6,0.04259695464644781
pythia-1b,high,draw_2,11,7,0.09069743098310787
pythia-1b,high,draw_2,12,0,0.04078148530749694
pythia-1b,high,draw_2,12,1,0.10373825747899072
pythia-1b,high,draw_2,12,2,0.02973347033155796
pythia-1b,high,draw_2,12,3,0.0565148490366558
pythia-1b,high,draw_2,12,4,0.02333480968214792
pythia-1b,high,draw_2,12,5,0.07856548230414027
pythia-1b,high,draw_2,12,6,0.05527316841491334
pythia-1b,high,draw_2,12,7,0.02719630889476812
pythia-1b,high,draw_2,13,0,0.011914014718475833
pythia-1b,high,draw_2,13,1,0.034053638184797265
pythia-1b,high,draw_2,13,2,0.03286102005699373
pythia-1b,high,draw_2,13,3,0.027432236802469544
pythia-1b,high,draw_2,13,4,0.02515884669596996
pythia-1b,high,draw_2,13,5,0.015267432625716426
pythia-1b,high,draw_2,13,6,0.017243275579543547
pythia-1b,high,draw_2,13,7,0.006542449924374348
pythia-1b,high,draw_2,14,0,0.015922763897918572
pythia-1b,high,draw_2,14,1,0.027001189312470433
pythia-1b,high,draw_2,14,2,0.036116971912541
pythia-1b,high,draw_2,14,3,0.01317983812244389
pythia-1b,high,draw_2,14,4,0.03407443735292426
pythia-1b,high,draw_2,14,5,0.02720351318636205
pythia-1b,high,draw_2,14,6,0.036863423296671
pythia-1b,high,draw_2,14,7,0.012823535940881375
pythia-1b,high,draw_2,15,0,0.008726640070858181
pythia-1b,high,draw_2,15,1,0.03847117785714632
pythia-1b,high,draw_2,15,2,0.010332746769407455
pythia-1b,high,draw_2,15,3,0.03590743878204405
pythia-1b,high,draw_2,15,4,0.01891964477569665
pythia-1b,high,draw_2,15,5,0.02697919175967347
pythia-1b,high,draw_2,15,6,0.028419706612634838
pythia-1b,high,draw_2,15,7,0.02498352385160183
pythia-1b,high,draw_3,0,0,0.0
pythia-1b,high,draw_3,0,1,0.0
pythia-1b,high,draw_3,0,2,0.0
pythia-1b,high,draw_3,0,3,0.0
pythia-1b,high,draw_3,0,4,0.0
pythia-1b,high,draw_3,0,5,0.0
pythia-1b,high,draw_3,0,6,0.0
pythia-1b,high,draw_3,0,7,0.0
pythia-1b,high,draw_3,1,0,0.004352567908431325
pythia-1b,high,draw_3,1,1,0.0006537011367079826
pythia-1b,high,draw_3,1,2,0.009868668274830971
pythia-1b,high,draw_3,1,3,0.0018598517299622877
pythia-1b,high,draw_3,1,4,0.009265047633329578
pythia-1b,high,draw_3,1,5,0.006535392527661212
pythia-1b,high,draw_3,1,6,0.003362027551562362
pythia-1b,high,draw_3,1,7,0.003211954710254617
pythia-1b,high,draw_3,2,0,0.003478125411095299
pythia-1b,high,draw_3,2,1,0.007564006022532741
pythia-1b,high,draw_3,2,2,0.007205255290898869
pythia-1b,high,draw_3,2,3,0.004080199909994819
pythia-1b,high,draw_3,2,4,0.005764070683455016
pythia-1b,high,draw_3,2,5,0.004479539730001856
pythia-1b,high,draw_3,2,6,0.003107018818661359
pythia-1b,high,draw_3,2,7,0.011492190689881308
pythia-1b,high,draw_3,3,0,0.008304146477202127
pythia-1b,high,draw_3,3,1,0.012443902661263911
pythia-1b,high,draw_3,3,2,0.0024329426211620038
pythia-1b,high,draw_3,3,3,0.010025504868605388
pythia-1b,high,draw_3,3,4,0.0061447094532918875
pythia-1b,high,draw_3,3,5,0.006310661192315745
pythia-1b,high,draw_3,3,6,0.00278617416402794
pythia-1b,high,draw_3,3,7,0.003839240276675822
pythia-1b,high,draw_3,4,0,0.021641288292700622
pythia-1b,high,draw_3,4,1,0.004429601103538897
pythia-1b,high,draw_3,4,2,0.021287151019000253
pythia-1b,high,draw_3,4,3,0.013702987284169495
pythia-1b,high,draw_3,4,4,0.009211758570418803
pythia-1b,high,draw_3,4,5,0.01581480370378298
pythia-1b,high,draw_3,4,6,0.00421548687313998
pythia-1b,high,draw_3,4,7,0.0062069403296318125
pythia-1b,high,draw_3,5,0,0.013571275419398697
pythia-1b,high,draw_3,5,1,0.009766335759523776
pythia-1b,high,draw_3,5,2,0.05352160940680147
pythia-1b,high,draw_3,5,3,0.00807128283736398
pythia-1b,high,draw_3,5,4,0.028533166477222396
pythia-1b,high,draw_3,5,5,0.006552897133632224
pythia-1b,high,draw_3,5,6,0.0601196908708437
pythia-1b,high,draw_3,5,7,0.014936902966374186
pythia-1b,high,draw_3,6,0,0.030733540284007432
pythia-1b,high,draw_3,6,1,0.03776058743016227
pythia-1b,high,draw_3,6,2,0.027023640678598106
pythia-1b,high,draw_3,6,3,0.005480682245621953
pythia-1b,high,draw_3,6,4,0.010599166385428918
pythia-1b,high,draw_3,6,5,0.023314113979264868
pythia-1b,high,draw_3,6,6,0.03438424479191128
pythia-1b,high,draw_3,6,7,0.0286349827814321
pythia-1b,high,draw_3,7,0,0.02467138344167516
pythia-1b,high,draw_3,7,1,0.01885614234982807
pythia-1b,high,draw_3,7,2,0.027913288657434518
pythia-1b,high,draw_3,7,3,0.020103471962271607
pythia-1b,high,draw_3,7,4,0.025423197531559624
pythia-1b,high,draw_3,7,5,0.04714019087767617
pythia-1b,high,draw_3,7,6,0.0510703874066349
pythia-1b,high,draw_3,7,7,0.023771263896323055
pythia-1b,high,draw_3,8,0,0.04334831166457273
pythia-1b,high,draw_3,8,1,0.023294544352522536
pythia-1b,high,draw_3,8,2,0.03859316686429086
pythia-1b,high,draw_3,8,3,0.032787660083291786
pythia-1b,high,draw_3,8,4,0.029940286192065953
pythia-1b,high,draw_3,8,5,0.033372967053809814
pythia-1b,high,draw_3,8,6,0.023165897373907212
pythia-1b,high,draw_3,8,7,0.02651822137175391
pythia-1b,high,draw_3,9,0,0.03005453053618868
pythia-1b,high,draw_3,9,1,0.032112216745400074
pythia-1b,high,draw_3,9,2,0.024868970835789272
pythia-1b,high,draw_3,9,3,0.03739144388044207
pythia-1b,high,draw_3,9,4,0.02082786559709256
pythia-1b,high,draw_3,9,5,0.03342170504379218
pythia-1b,high,draw_3,9,6,0.02160784749152641
pythia-1b,high,draw_3,9,7,0.013674006764223492
pythia-1b,high,draw_3,10,0,0.019734527318397598
pythia-1b,high,draw_3,10,1,0.021060412606992287
pythia-1b,high,draw_3,10,2,0.013968415070418476
pythia-1b,high,draw_3,10,3,0.0323830799015817
pythia-1b,high,draw_3,10,4,0.013055241156874965
pythia-1b,high,draw_3,10,5,0.017332395964364533
pythia-1b,high,draw_3,10,6,0.04278942368995542
pythia-1b,high,draw_3,10,7,0.03005338493560812
pythia-1b,high,draw_3,11,0,0.007728173715192626
pythia-1b,high,draw_3,11,1,0.01654258060731842
pythia-1b,high,draw_3,11,2,0.0341215627176235
pythia-1b,high,draw_3,11,3,0.020189990093053764
pythia-1b,high,draw_3,11,4,0.03748244741543406
pythia-1b,high,draw_3,11,5,0.028360952206698663
pythia-1b,high,draw_3,11,6,0.030197459677515665
pythia-1b,high,draw_3,11,7,0.08647115238458915
pythia-1b,high,draw_3,12,0,0.038565619632894295
pythia-1b,high,draw_3,12,1,0.08972201704104572
pythia-1b,high,draw_3,12,2,0.03775580233436946
pythia-1b,high,draw_3,12,3,0.054432733208677704
pythia-1b,high,draw_3,12,4,0.022300666707222975
pythia-1b,high,draw_3,12,5,0.05762750727159678
pythia-1b,high,draw_3,12,6,0.04851616866042109
pythia-1b,high,draw_3,12,7,0.021998324898264563
pythia-1b,high,draw_3,13,0,0.01686797535572715
pythia-1b,high,draw_3,13,1,0.029021388462251402
pythia-1b,high,draw_3,13,2,0.03390014469041916
pythia-1b,high,draw_3,13,3,0.025856631517379138
pythia-1b,high,draw_3,13,4,0.01821153734154931
pythia-1b,high,draw_3,13,5,0.014021069122793814
pythia-1b,high,draw_3,13,6,0.015342282744944959
pythia-1b,high,draw_3,13,7,0.008003564415065998
pythia-1b,high,draw_3,14,0,0.024201670900356125
pythia-1b,high,draw_3,14,1,0.023565189156022633
pythia-1b,high,draw_3,14,2,0.027207084129922912
pythia-1b,high,draw_3,14,3,0.014912607450729636
pythia-1b,high,draw_3,14,4,0.02849802623782281
pythia-1b,high,draw_3,14,5,0.019009710882859212
pythia-1b,high,draw_3,14,6,0.030901645504114315
pythia-1b,high,draw_3,14,7,0.015863476255825033
pythia-1b,high,draw_3,15,0,0.0068469724825148655
pythia-1b,high,draw_3,15,1,0.03699793206558413
pythia-1b,high,draw_3,15,2,0.022545715419108905
pythia-1b,high,draw_3,15,3,0.03305330555487735
pythia-1b,high,draw_3,15,4,0.024163474080253294
pythia-1b,high,draw_3,15,5,0.022686652172206632
pythia-1b,high,draw_3,15,6,0.029961418178462453
pythia-1b,high,draw_3,15,7,0.030378949967664725
pythia-1b,very_high,draw_1,0,0,0.0
pythia-1b,very_high,draw_1,0,1,0.0
pythia-1b,very_high,draw_1,0,2,0.0
pythia-1b,very_high,draw_1,0,3,0.0
pythia-1b,very_high,draw_1,0,4,0.0
pythia-1b,very_high,draw_1,0,5,0.0
pythia-1b,very_high,draw_1,0,6,0.0
pythia-1b,very_high,draw_1,0,7,0.0
pythia-1b,very_high,draw_1,1,0,0.0045346819638245476
pythia-1b,very_high,draw_1,1,1,0.003619390917060346
pythia-1b,very_high,draw_1,1,2,0.022547203755509865
pythia-1b,very_high,draw_1,1,3,0.0010765965112052981
pythia-1b,very_high,draw_1,1,4,0.003252026622245235
pythia-1b,very_high,draw_1,1,5,0.0050040897171314625
pythia-1b,very_high,draw_1,1,6,0.0009223958497383534
pythia-1b,very_high,draw_1,1,7,0.010073141346221918
pythia-1b,very_high,draw_1,2,0,0.016439909551474566
pythia-1b,very_high,draw_1,2,1,0.01974180100375513
pythia-1b,very_high,draw_1,2,2,0.009711583934061773
pythia-1b,very_high,draw_1,2,3,0.01689374679331832
pythia-1b,very_high,draw_1,2,4,0.014647774880045488
pythia-1b,very_high,draw_1,2,5,0.00316520583429313
pythia-1b,very_high,draw_1,2,6,0.0033182713777315147
pythia-1b,very_high,draw_1,2,7,0.018361824080277065
pythia-1b,very_high,draw_1,3,0,0.018291550955344408
pythia-1b,very_high,draw_1,3,1,0.014599790859051285
pythia-1b,very_high,draw_1,3,2,0.007634146164370027
pythia-1b,very_high,draw_1,3,3,0.01120096456739956
pythia-1b,very_high,draw_1,3,4,0.017493487949510864
pythia-1b,very_high,draw_1,3,5,0.003784127773421034
pythia-1b,very_high,draw_1,3,6,0.01314100698637078
pythia-1b,very_high,draw_1,3,7,0.008775528448004465
pythia-1b,very_high,draw_1,4,0,0.04155439363432364
pythia-1b,very_high,draw_1,4,1,0.010136333294708052
pythia-1b,very_high,draw_1,4,2,0.020027348108776637
pythia-1b,very_high,draw_1,4,3,0.033705065902139196
pythia-1b,very_high,draw_1,4,4,0.03345136199703814
pythia-1b,very_high,draw_1,4,5,0.03451169076043005
pythia-1b,very_high,draw_1,4,6,0.02358655421943943
pythia-1b,very_high,draw_1,4,7,0.014856836940187579
pythia-1b,very_high,draw_1,5,0,0.011952234894204251
pythia-1b,very_high,draw_1,5,1,0.007307637837712282
pythia-1b,very_high,draw_1,5,2,0.06972906658473914
pythia-1b,very_high,draw_1,5,3,0.014025548851372763
pythia-1b,very_high,draw_1,5,4,0.029081626758619018
pythia-1b,very_high,draw_1,5,5,0.015177924460208799
pythia-1b,very_high,draw_1,5,6,0.05617543036174428
pythia-1b,very_high,draw_1,5,7,0.008093714305829357
pythia-1b,very_high,draw_1,6,0,0.03734259352230045
pythia-1b,very_high,draw_1,6,1,0.0263200687674291
pythia-1b,very_high,draw_1,6,2,0.017100958956079573
pythia-1b,very_high,draw_1,6,3,0.010584687184646639
pythia-1b,very_high,draw_1,6,4,0.010788850059962515
pythia-1b,very_high,draw_1,6,5,0.019156078807402686
pythia-1b,very_high,draw_1,6,6,0.014260571111682043
pythia-1b,very_high,draw_1,6,7,0.011093664353671368
pythia-1b,very_high,draw_1,7,0,0.026561110035909108
pythia-1b,very_high,draw_1,7,1,0.029142823107632908
pythia-1b,very_high,draw_1,7,2,0.02267219099804547
pythia-1b,very_high,draw_1,7,3,0.013059272750457401
pythia-1b,very_high,draw_1,7,4,0.025198491491066063
pythia-1b,very_high,draw_1,7,5,0.06477350744957507
pythia-1b,very_high,draw_1,7,6,0.04405742094132978
pythia-1b,very_high,draw_1,7,7,0.024782890031345886
pythia-1b,very_high,draw_1,8,0,0.05663708149579184
pythia-1b,very_high,draw_1,8,1,0.028812181928207097
pythia-1b,very_high,draw_1,8,2,0.03421926591105396
pythia-1b,very_high,draw_1,8,3,0.04416046719903474
pythia-1b,very_high,draw_1,8,4,0.03214464106687598
pythia-1b,very_high,draw_1,8,5,0.032154566364865585
pythia-1b,very_high,draw_1,8,6,0.024211145176078364
pythia-1b,very_high,draw_1,8,7,0.03087916169914445
pythia-1b,very_high,draw_1,9,0,0.023729294828334167
pythia-1b,very_high,draw_1,9,1,0.038814835418437076
pythia-1b,very_high,draw_1,9,2,0.021179518023903013
pythia-1b,very_high,draw_1,9,3,0.029498595921467707
pythia-1b,very_high,draw_1,9,4,0.02885154375408296
pythia-1b,very_high,draw_1,9,5,0.047540825945887696
pythia-1b,very_high,draw_1,9,6,0.014265131704736625
pythia-1b,very_high,draw_1,9,7,0.031805914562231766
pythia-1b,very_high,draw_1,10,0,0.017485718431648065
pythia-1b,very_high,draw_1,10,1,0.0185321997846205
pythia-1b,very_high,draw_1,10,2,0.01562732720180618
pythia-1b,very_high,draw_1,10,3,0.029935926174140967
pythia-1b,very_high,draw_1,10,4,0.01162533482330887
pythia-1b,very_high,draw_1,10,5,0.017910680057318495
pythia-1b,very_high,draw_1,10,6,0.014993017207054912
pythia-1b,very_high,draw_1,10,7,0.022089746873004003
pythia-1b,very_high,draw_1,11,0,0.018023517322404863
pythia-1b,very_high,draw_1,11,1,0.016014547100952646
pythia-1b,very_high,draw_1,11,2,0.03964919191732647
pythia-1b,very_high,draw_1,11,3,0.02395541438517143
pythia-1b,very_high,draw_1,11,4,0.05112078296417957
pythia-1b,very_high,draw_1,11,5,0.036071922573048976
pythia-1b,very_high,draw_1,11,6,0.043940652494250346
pythia-1b,very_high,draw_1,11,7,0.10762605769023141
pythia-1b,very_high,draw_1,12,0,0.03387240325964264
pythia-1b,very_high,draw_1,12,1,0.11595449281972169
pythia-1b,very_high,draw_1,12,2,0.033929383452311626
pythia-1b,very_high,draw_1,12,3,0.05799194272984195
pythia-1b,very_high,draw_1,12,4,0.02196074798872693
pythia-1b,very_high,draw_1,12,5,0.09922432808702604
pythia-1b,very_high,draw_1,12,6,0.0641883846062283
pythia-1b,very_high,draw_1,12,7,0.027762197840469512
pythia-1b,very_high,draw_1,13,0,0.02299781483332693
pythia-1b,very_high,draw_1,13,1,0.08269338520851255
pythia-1b,very_high,draw_1,13,2,0.014395958903735321
pythia-1b,very_high,draw_1,13,3,0.020357738036579396
pythia-1b,very_high,draw_1,13,4,0.021592894307995082
pythia-1b,very_high,draw_1,13,5,0.03401158411024105
pythia-1b,very_high,draw_1,13,6,0.0341479852656701
pythia-1b,very_high,draw_1,13,7,0.011306724084950365
pythia-1b,very_high,draw_1,14,0,0.02602431543788096
pythia-1b,very_high,draw_1,14,1,0.029916071070553517
pythia-1b,very_high,draw_1,14,2,0.03593425710185862
pythia-1b,very_high,draw_1,14,3,0.018173328274407735
pythia-1b,very_high,draw_1,14,4,0.02625102265032037
pythia-1b,very_high,draw_1,14,5,0.019905757052162083
pythia-1b,very_high,draw_1,14,6,0.03392388809052091
pythia-1b,very_high,draw_1,14,7,0.0259764470549578
pythia-1b,very_high,draw_1,15,0,0.005883633544259492
pythia-1b,very_high,draw_1,15,1,0.04658623002680318
pythia-1b,very_high,draw_1,15,2,0.027736643619501143
pythia-1b,very_high,draw_1,15,3,0.027012407631271537
pythia-1b,very_high,draw_1,15,4,0.026756163706414215
pythia-1b,very_high,draw_1,15,5,0.03352146897462597
pythia-1b,very_high,draw_1,15,6,0.020397736681248096
pythia-1b,very_high,draw_1,15,7,0.043396489694527106
pythia-1b,very_high,draw_2,0,0,0.0
pythia-1b,very_high,draw_2,0,1,0.0
pythia-1b,very_high,draw_2,0,2,0.0
pythia-1b,very_high,draw_2,0,3,0.0
pythia-1b,very_high,draw_2,0,4,0.0
pythia-1b,very_high,draw_2,0,5,0.0
pythia-1b,very_high,draw_2,0,6,0.0
pythia-1b,very_high,draw_2,0,7,0.0
pythia-1b,very_high,draw_2,1,0,0.012664190530718123
pythia-1b,very_high,draw_2,1,1,0.003649241968205383
pythia-1b,very_high,draw_2,1,2,0.013154374410369611
pythia-1b,very_high,draw_2,1,3,0.005754376942668799
pythia-1b,very_high,draw_2,1,4,0.015555848080800736
pythia-1b,very_high,draw_2,1,5,0.013330670140992042
pythia-1b,very_high,draw_2,1,6,0.005943518696961471
pythia-1b,very_high,draw_2,1,7,0.006488848264987146
pythia-1b,very_high,draw_2,2,0,0.00878770307782991
pythia-1b,very_high,draw_2,2,1,0.01475604586732714
pythia-1b,very_high,draw_2,2,2,0.009483917415003389
pythia-1b,very_high,draw_2,2,3,0.018111044117625905
pythia-1b,very_high,draw_2,2,4,0.010001870347481998
pythia-1b,very_high,draw_2,2,5,0.003791471107433772
pythia-1b,very_high,draw_2,2,6,0.005787736835349453
pythia-1b,very_high,draw_2,2,7,0.010866789040743844
pythia-1b,very_high,draw_2,3,0,0.006693429617739998
pythia-1b,very_high,draw_2,3,1,0.015426136729454502
pythia-1b,very_high,draw_2,3,2,0.006860480358231596
pythia-1b,very_high,draw_2,3,3,0.011277029709627115
pythia-1b,very_high,draw_2,3,4,0.010542633497406596
pythia-1b,very_high,draw_2,3,5,0.0049765748692116255
pythia-1b,very_high,draw_2,3,6,0.007951926542275993
pythia-1b,very_high,draw_2,3,7,0.005634110278756883
pythia-1b,very_high,draw_2,4,0,0.02345450102589844
pythia-1b,very_high,draw_2,4,1,0.013930056415305715
pythia-1b,very_high,draw_2,4,2,0.016876082738826324
pythia-1b,very_high,draw_2,4,3,0.049071098427627226
pythia-1b,very_high,draw_2,4,4,0.03411699233000382
pythia-1b,very_high,draw_2,4,5,0.03511226737336452
pythia-1b,very_high,draw_2,4,6,0.012524006095175687
pythia-1b,very_high,draw_2,4,7,0.018058115274601855
pythia-1b,very_high,draw_2,5,0,0.00865196802941317
pythia-1b,very_high,draw_2,5,1,0.013803861965187156
pythia-1b,very_high,draw_2,5,2,0.07259586308922576
pythia-1b,very_high,draw_2,5,3,0.010994979313230667
pythia-1b,very_high,draw_2,5,4,0.03462726930707065
pythia-1b,very_high,draw_2,5,5,0.0038076067831656012
pythia-1b,very_high,draw_2,5,6,0.07009389126376928
pythia-1b,very_high,draw_2,5,7,0.017324297172601123
pythia-1b,very_high,draw_2,6,0,0.03736434573827218
pythia-1b,very_high,draw_2,6,1,0.04956168845229032
pythia-1b,very_high,draw_2,6,2,0.03292374139489095
pythia-1b,very_high,draw_2,6,3,0.010699031715605394
pythia-1b,very_high,draw_2,6,4,0.006704360831613712
pythia-1b,very_high,draw_2,6,5,0.024430879522946307
pythia-1b,very_high,draw_2,6,6,0.028752723359484922
pythia-1b,very_high,draw_2,6,7,0.02264760033151426
pythia-1b,very_high,draw_2,7,0,0.0319822908355125
pythia-1b,very_high,draw_2,7,1,0.030424460444479582
pythia-1b,very_high,draw_2,7,2,0.02903264116223894
pythia-1b,very_high,draw_2,7,3,0.017955413305663973
pythia-1b,very_high,draw_2,7,4,0.02770733295700202
pythia-1b,very_high,draw_2,7,5,0.0708339679154319
pythia-1b,very_high,draw_2,7,6,0.04673213346820161
pythia-1b,very_high,draw_2,7,7,0.02548251351689204
pythia-1b,very_high,draw_2,8,0,0.05159739610339425
pythia-1b,very_high,draw_2,8,1,0.02652359859181672
pythia-1b,very_high,draw_2,8,2,0.03277518273436485
pythia-1b,very_high,draw_2,8,3,0.04130376213756923
pythia-1b,very_high,draw_2,8,4,0.03397874689634691
pythia-1b,very_high,draw_2,8,5,0.034883136998725174
pythia-1b,very_high,draw_2,8,6,0.021707449570051048
pythia-1b,very_high,draw_2,8,7,0.03082727833390984
pythia-1b,very_high,draw_2,9,0,0.0336422008055856
pythia-1b,very_high,draw_2,9,1,0.027455982989686215
pythia-1b,very_high,draw_2,9,2,0.02373695304567145
pythia-1b,very_high,draw_2,9,3,0.02699202584412854
pythia-1b,very_high,draw_2,9,4,0.01983311845644403
pythia-1b,very_high,draw_2,9,5,0.04813329805476899
pythia-1b,very_high,draw_2,9,6,0.0167176286333022
pythia-1b,very_high,draw_2,9,7,0.02154958376566154
pythia-1b,very_high,draw_2,10,0,0.018292709245191264
pythia-1b,very_high,draw_2,10,1,0.01910793398081467
pythia-1b,very_high,draw_2,10,2,0.01682457082152851
pythia-1b,very_high,draw_2,10,3,0.02813333104013781
pythia-1b,very_high,draw_2,10,4,0.012789005701271587
pythia-1b,very_high,draw_2,10,5,0.018857924969766283
pythia-1b,very_high,draw_2,10,6,0.014100056158988163
pythia-1b,very_high,draw_2,10,7,0.027655505982590554
pythia-1b,very_high,draw_2,11,0,0.01104353870134455
pythia-1b,very_high,draw_2,11,1,0.014953775794255532
pythia-1b,very_high,draw_2,11,2,0.039082054369803804
pythia-1b,very_high,draw_2,11,3,0.025616075877867975
pythia-1b,very_high,draw_2,11,4,0.04340166679920772
pythia-1b,very_high,draw_2,11,5,0.035118795019704094
pythia-1b,very_high,draw_2,11,6,0.03649973150989012
pythia-1b,very_high,draw_2,11,7,0.08863600328804007
pythia-1b,very_high,draw_2,12,0,0.034041913831980616
pythia-1b,very_high,draw_2,12,1,0.09478089160864009
pythia-1b,very_high,draw_2,12,2,0.035715214330604574
pythia-1b,very_high,draw_2,12,3,0.05229303443843585
pythia-1b,very_high,draw_2,12,4,0.018842127092737384
pythia-1b,very_high,draw_2,12,5,0.056504859665739524
pythia-1b,very_high,draw_2,12,6,0.05207086751689289
pythia-1b,very_high,draw_2,12,7,0.024053797979066892
pythia-1b,very_high,draw_2,13,0,0.015015125267086715
pythia-1b,very_high,draw_2,13,1,0.03563264099795757
pythia-1b,very_high,draw_2,13,2,0.02427859871613665
pythia-1b,very_high,draw_2,13,3,0.026529126115564076
pythia-1b,very_high,draw_2,13,4,0.014816102479553239
pythia-1b,very_high,draw_2,13,5,0.013317848453799689
pythia-1b,very_high,draw_2,13,6,0.02131895435156537
pythia-1b,very_high,draw_2,13,7,0.0074824895476076824
pythia-1b,very_high,draw_2,14,0,0.01955703582905338
pythia-1b,very_high,draw_2,14,1,0.01614322463025802
pythia-1b,very_high,draw_2,14,2,0.03056224415324393
pythia-1b,very_high,draw_2,14,3,0.015486089973378185
pythia-1b,very_high,draw_2,14,4,0.020259079642612733
pythia-1b,very_high,draw_2,14,5,0.02294302410362353
pythia-1b,very_high,draw_2,14,6,0.041238912131674535
pythia-1b,very_high,draw_2,14,7,0.010203910890930402
pythia-1b,very_high,draw_2,15,0,0.00619598496989502
pythia-1b,very_high,draw_2,15,1,0.0357088348327328
pythia-1b,very_high,draw_2,15,2,0.01859955632888102
pythia-1b,very_high,draw_2,15,3,0.029206077621720856
pythia-1b,very_high,draw_2,15,4,0.034347042722503364
pythia-1b,very_high,draw_2,15,5,0.02706353905805167
pythia-1b,very_high,draw_2,15,6,0.023596339612595038
pythia-1b,very_high,draw_2,15,7,0.021383659043765862
pythia-1b,very_high,draw_3,0,0,0.0
pythia-1b,very_high,draw_3,0,1,0.0
pythia-1b,very_high,draw_3,0,2,0.0
pythia-1b,very_high,draw_3,0,3,0.0
pythia-1b,very_high,draw_3,0,4,0.0
pythia-1b,very_high,draw_3,0,5,0.0
pythia-1b,very_high,draw_3,0,6,0.0
pythia-1b,very_high,draw_3,0,7,0.0
pythia-1b,very_high,draw_3,1,0,0.010052172453720781
pythia-1b,very_high,draw_3,1,1,0.0044057053322234625
pythia-1b,very_high,draw_3,1,2,0.012081564801755313
pythia-1b,very_high,draw_3,1,3,0.0052231661862183615
pythia-1b,very_high,draw_3,1,4,0.007231889353068154
pythia-1b,very_high,draw_3,1,5,0.012437697440540917
pythia-1b,very_high,draw_3,1,6,0.004477531688937873
pythia-1b,very_high,draw_3,1,7,0.006160739627045832
pythia-1b,very_high,draw_3,2,0,0.010209635123222174
pythia-1b,very_high,draw_3,2,1,0.014455188140017528
pythia-1b,very_high,draw_3,2,2,0.011495839425286477
pythia-1b,very_high,draw_3,2,3,0.012429527094061931
pythia-1b,very_high,draw_3,2,4,0.012902944946877683
pythia-1b,very_high,draw_3,2,5,0.003387091376983585
pythia-1b,very_high,draw_3,2,6,0.014612049365437318
pythia-1b,very_high,draw_3,2,7,0.017909827754545193
pythia-1b,very_high,draw_3,3,0,0.011119198003446993
pythia-1b,very_high,draw_3,3,1,0.01982285475501456
pythia-1b,very_high,draw_3,3,2,0.012693369469137503
pythia-1b,very_high,draw_3,3,3,0.017516441864895198
pythia-1b,very_high,draw_3,3,4,0.012373271513317038
pythia-1b,very_high,draw_3,3,5,0.010918104747972704
pythia-1b,very_high,draw_3,3,6,0.014367964959617273
pythia-1b,very_high,draw_3,3,7,0.012687722101111479
pythia-1b,very_high,draw_3,4,0,0.026117451237828316
pythia-1b,very_high,draw_3,4,1,0.01151046957735448
pythia-1b,very_high,draw_3,4,2,0.012537623386748123
pythia-1b,very_high,draw_3,4,3,0.04474739470353571
pythia-1b,very_high,draw_3,4,4,0.03157554684634628
pythia-1b,very_high,draw_3,4,5,0.05372483767194929
pythia-1b,very_high,draw_3,4,6,0.019010728969305817
pythia-1b,very_high,draw_3,4,7,0.02002089193418569
pythia-1b,very_high,draw_3,5,0,0.02558518223885392
pythia-1b,very_high,draw_3,5,1,0.026117620617598356
pythia-1b,very_high,draw_3,5,2,0.09613046797490157
pythia-1b,very_high,draw_3,5,3,0.012968293249822353
pythia-1b,very_high,draw_3,5,4,0.03726106309858781
pythia-1b,very_high,draw_3,5,5,0.01345375963521259
pythia-1b,very_high,draw_3,5,6,0.1069204548815727
pythia-1b,very_high,draw_3,5,7,0.018185260027455637
pythia-1b,very_high,draw_3,6,0,0.0495444139991493
pythia-1b,very_high,draw_3,6,1,0.06230080422045761
pythia-1b,very_high,draw_3,6,2,0.039845859656394124
pythia-1b,very_high,draw_3,6,3,0.009375436345515764
pythia-1b,very_high,draw_3,6,4,0.009778609435410155
pythia-1b,very_high,draw_3,6,5,0.036404474459684234
pythia-1b,very_high,draw_3,6,6,0.04765551167838576
pythia-1b,very_high,draw_3,6,7,0.051978273776242874
pythia-1b,very_high,draw_3,7,0,0.042259696328253146
pythia-1b,very_high,draw_3,7,1,0.05327028365840584
pythia-1b,very_high,draw_3,7,2,0.052952206139346376
pythia-1b,very_high,draw_3,7,3,0.04329311607130634
pythia-1b,very_high,draw_3,7,4,0.03410755277185969
pythia-1b,very_high,draw_3,7,5,0.09017638122213587
pythia-1b,very_high,draw_3,7,6,0.05144710216870609
pythia-1b,very_high,draw_3,7,7,0.030858141347816847
pythia-1b,very_high,draw_3,8,0,0.0719837283723743
pythia-1b,very_high,draw_3,8,1,0.03260347283582828
pythia-1b,very_high,draw_3,8,2,0.04192137291821228
pythia-1b,very_high,draw_3,8,3,0.0448265126000847
pythia-1b,very_high,draw_3,8,4,0.03567634919523856
pythia-1b,very_high,draw_3,8,5,0.02925179510028683
pythia-1b,very_high,draw_3,8,6,0.02645692522100078
pythia-1b,very_high,draw_3,8,7,0.041790313406197474
pythia-1b,very_high,draw_3,9,0,0.04680813301695008
pythia-1b,very_high,draw_3,9,1,0.049448323152283154
pythia-1b,very_high,draw_3,9,2,0.028000605519167627
pythia-1b,very_high,draw_3,9,3,0.03906418528497665
pythia-1b,very_high,draw_3,9,4,0.032053402765009044
pythia-1b,very_high,draw_3,9,5,0.05435374715383511
pythia-1b,very_high,draw_3,9,6,0.02169884037577227
pythia-1b,very_high,draw_3,9,7,0.037411815674021534
pythia-1b,very_high,draw_3,10,0,0.03502725905006882
pythia-1b,very_high,draw_3,10,1,0.024062321758229373
pythia-1b,very_high,draw_3,10,2,0.02293334066705849
pythia-1b,very_high,draw_3,10,3,0.036708914043037444
pythia-1b,very_high,draw_3,10,4,0.015338114538456444
pythia-1b,very_high,draw_3,10,5,0.016040752560497386
pythia-1b,very_high,draw_3,10,6,0.02716021055239172
pythia-1b,very_high,draw_3,10,7,0.03342068095992374
pythia-1b,very_high,draw_3,11,0,0.01598234149064677
pythia-1b,very_high,draw_3,11,1,0.01936075178889595
pythia-1b,very_high,draw_3,11,2,0.0417059119679862
pythia-1b,very_high,draw_3,11,3,0.023367314751564578
pythia-1b,very_high,draw_3,11,4,0.03985483538931861
pythia-1b,very_high,draw_3,11,5,0.03688690041506711
pythia-1b,very_high,draw_3,11,6,0.038354926346641144
pythia-1b,very_high,draw_3,11,7,0.1026203786762551
pythia-1b,very_high,draw_3,12,0,0.03555227123424696
pythia-1b,very_high,draw_3,12,1,0.10561073424142844
pythia-1b,very_high,draw_3,12,2,0.045321757916444785
pythia-1b,very_high,draw_3,12,3,0.07544863129618407
pythia-1b,very_high,draw_3,12,4,0.036849744965836644
pythia-1b,very_high,draw_3,12,5,0.059461603875912636
pythia-1b,very_high,draw_3,12,6,0.05033277121737497
pythia-1b,very_high,draw_3,12,7,0.027369846510068473
pythia-1b,very_high,draw_3,13,0,0.02243564570788651
pythia-1b,very_high,draw_3,13,1,0.03049980599762334
pythia-1b,very_high,draw_3,13,2,0.02179254115979726
pythia-1b,very_high,draw_3,13,3,0.02369411621649066
pythia-1b,very_high,draw_3,13,4,0.016422696612064278
pythia-1b,very_high,draw_3,13,5,0.010486772424152097
pythia-1b,very_high,draw_3,13,6,0.02612385347493644
pythia-1b,very_high,draw_3,13,7,0.019242875765635097
pythia-1b,very_high,draw_3,14,0,0.043580736402091765
pythia-1b,very_high,draw_3,14,1,0.019370912519204503
pythia-1b,very_high,draw_3,14,2,0.03335593625732908
pythia-1b,very_high,draw_3,14,3,0.018883089775368577
pythia-1b,very_high,draw_3,14,4,0.02704927133828806
pythia-1b,very_high,draw_3,14,5,0.028043827831746068
pythia-1b,very_high,draw_3,14,6,0.03723085121556293
pythia-1b,very_high,draw_3,14,7,0.01593698706748143
pythia-1b,very_high,draw_3,15,0,0.01118244393140939
pythia-1b,very_high,draw_3,15,1,0.029029281751080403
pythia-1b,very_high,draw_3,15,2,0.036410911122512116
pythia-1b,very_high,draw_3,15,3,0.029950351179898294
pythia-1b,very_high,draw_3,15,4,0.030570019487097356
pythia-1b,very_high,draw_3,15,5,0.019645358332809428
pythia-1b,very_high,draw_3,15,6,0.028544388350735066
pythia-1b,very_high,draw_3,15,7,0.021149560296327728
pythia-1b,control,draw_1,0,0,0.0
pythia-1b,control,draw_1,0,1,0.0
pythia-1b,control,draw_1,0,2,0.0
pythia-1b,control,draw_1,0,3,0.0
pythia-1b,control,draw_1,0,4,0.0
pythia-1b,control,draw_1,0,5,0.0
pythia-1b,control,draw_1,0,6,0.0
pythia-1b,control,draw_1,0,7,0.0
pythia-1b,control,draw_1,1,0,0.0026612647050142865
pythia-1b,control,draw_1,1,1,0.0025772924449386156
pythia-1b,control,draw_1,1,2,0.01680956294771482
pythia-1b,control,draw_1,1,3,0.0006295348562922922
pythia-1b,control,draw_1,1,4,0.0012641275927702494
pythia-1b,control,draw_1,1,5,0.0038398954708090747
pythia-1b,control,draw_1,1,6,0.0011854137227260552
pythia-1b,control,draw_1,1,7,0.007418594686360526
pythia-1b,control,draw_1,2,0,0.0065818729579693435
pythia-1b,control,draw_1,2,1,0.013363850956369465
pythia-1b,control,draw_1,2,2,0.006425249190391174
pythia-1b,control,draw_1,2,3,0.009167940595536465
pythia-1b,control,draw_1,2,4,0.010326801202901968
pythia-1b,control,draw_1,2,5,0.0036971501949778535
pythia-1b,control,draw_1,2,6,0.00784959776811769
pythia-1b,control,draw_1,2,7,0.011676663083710508
pythia-1b,control,draw_1,3,0,0.011035322508783241
pythia-1b,control,draw_1,3,1,0.013835916974043308
pythia-1b,control,draw_1,3,2,0.008772559699723799
pythia-1b,control,draw_1,3,3,0.008920777014149776
pythia-1b,control,draw_1,3,4,0.005667620909952204
pythia-1b,control,draw_1,3,5,0.008246009706514349
pythia-1b,control,draw_1,3,6,0.009907014834198844
pythia-1b,control,draw_1,3,7,0.008715468821664147
pythia-1b,control,draw_1,4,0,0.021987648988129386
pythia-1b,control,draw_1,4,1,0.01635782397900451
pythia-1b,control,draw_1,4,2,0.013362805570194404
pythia-1b,control,draw_1,4,3,0.026457682041712113
pythia-1b,control,draw_1,4,4,0.014724979991495222
pythia-1b,control,draw_1,4,5,0.027908542104538255
pythia-1b,control,draw_1,4,6,0.01176224276969434
pythia-1b,control,draw_1,4,7,0.008579504332535017
pythia-1b,control,draw_1,5,0,0.008104980372170294
pythia-1b,control,draw_1,5,1,0.009920404632194308
pythia-1b,control,draw_1,5,2,0.030980525029419545
pythia-1b,control,draw_1,5,3,0.007809496838804901
pythia-1b,control,draw_1,5,4,0.02718581094544366
pythia-1b,control,draw_1,5,5,0.006925025787261391
pythia-1b,control,draw_1,5,6,0.03851019549982371
pythia-1b,control,draw_1,5,7,0.014559058860754998
pythia-1b,control,draw_1,6,0,0.02937189371883051
pythia-1b,control,draw_1,6,1,0.017985670982925858
pythia-1b,control,draw_1,6,2,0.009169842730608193
pythia-1b,control,draw_1,6,3,0.009223411046477621
pythia-1b,control,draw_1,6,4,0.00824245214178665
pythia-1b,control,draw_1,6,5,0.02237165369285894
pythia-1b,control,draw_1,6,6,0.014292036563262235
pythia-1b,control,draw_1,6,7,0.04477966385961906
pythia-1b,control,draw_1,7,0,0.021493805365350397
pythia-1b,control,draw_1,7,1,0.01790268761787136
pythia-1b,control,draw_1,7,2,0.02884137180087719
pythia-1b,control,draw_1,7,3,0.02084058598722286
pythia-1b,control,draw_1,7,4,0.015495808347471085
pythia-1b,control,draw_1,7,5,0.042363595231485626
pythia-1b,control,draw_1,7,6,0.027212335924499172
pythia-1b,control,draw_1,7,7,0.01511592503862051
pythia-1b,control,draw_1,8,0,0.011451514697770499
pythia-1b,control,draw_1,8,1,0.020638713695927423
pythia-1b,control,draw_1,8,2,0.022431079050357586
pythia-1b,control,draw_1,8,3,0.012837116626912965
pythia-1b,control,draw_1,8,4,0.014313454803522611
pythia-1b,control,draw_1,8,5,0.026319290296831974
pythia-1b,control,draw_1,8,6,0.05113979455126176
pythia-1b,control,draw_1,8,7,0.023362860443517205
pythia-1b,control,draw_1,9,0,0.024790908382351814
pythia-1b,control,draw_1,9,1,0.01883905614803916
pythia-1b,control,draw_1,9,2,0.010211732966924085
pythia-1b,control,draw_1,9,3,0.011423929891819456
pythia-1b,control,draw_1,9,4,0.019952894293777668
pythia-1b,control,draw_1,9,5,0.019621035465138343
pythia-1b,control,draw_1,9,6,0.024986624678753816
pythia-1b,control,draw_1,9,7,0.012742487322417218
pythia-1b,control,draw_1,10,0,0.02478767857519111
pythia-1b,control,draw_1,10,1,0.018319375770631693
pythia-1b,control,draw_1,10,2,0.02165206575774384
pythia-1b,control,draw_1,10,3,0.024322045488126387
pythia-1b,control,draw_1,10,4,0.012639436267462277
pythia-1b,control,draw_1,10,5,0.013816369026250956
pythia-1b,control,draw_1,10,6,0.023148551121019937
pythia-1b,control,draw_1,10,7,0.015111117092915691
pythia-1b,control,draw_1,11,0,0.007214333341374165
pythia-1b,control,draw_1,11,1,0.0074357364486083415
pythia-1b,control,draw_1,11,2,0.014490713916326937
pythia-1b,control,draw_1,11,3,0.015457891388243283
pythia-1b,control,draw_1,11,4,0.013661550983527329
pythia-1b,control,draw_1,11,5,0.017586283975765532
pythia-1b,control,draw_1,11,6,0.01697429181867281
pythia-1b,control,draw_1,11,7,0.016301615015642038
pythia-1b,control,draw_1,12,0,0.010913253522605991
pythia-1b,control,draw_1,12,1,0.026209412173645866
pythia-1b,control,draw_1,12,2,0.028672679644917307
pythia-1b,control,draw_1,12,3,0.027220172156086048
pythia-1b,control,draw_1,12,4,0.013483609640965368
pythia-1b,control,draw_1,12,5,0.01673211975265724
pythia-1b,control,draw_1,12,6,0.013336578817149081
pythia-1b,control,draw_1,12,7,0.0110176560323169
pythia-1b,control,draw_1,13,0,0.010896773382177469
pythia-1b,control,draw_1,13,1,0.04879814419621152
pythia-1b,control,draw_1,13,2,0.006364979854895863
pythia-1b,control,draw_1,13,3,0.012212879448947646
pythia-1b,control,draw_1,13,4,0.018166387829578273
pythia-1b,control,draw_1,13,5,0.00782363440887879
pythia-1b,control,draw_1,13,6,0.013866655434387849
pythia-1b,control,draw_1,13,7,0.013287643601173363
pythia-1b,control,draw_1,14,0,0.01997391370647515
pythia-1b,control,draw_1,14,1,0.016861966478620392
pythia-1b,control,draw_1,14,2,0.013778771012597413
pythia-1b,control,draw_1,14,3,0.016374938929979453
pythia-1b,control,draw_1,14,4,0.024966489229691958
pythia-1b,control,draw_1,14,5,0.013757958351014177
pythia-1b,control,draw_1,14,6,0.022610184066139537
pythia-1b,control,draw_1,14,7,0.013879521100113834
pythia-1b,control,draw_1,15,0,0.0141824842222322
pythia-1b,control,draw_1,15,1,0.013123230584260065
pythia-1b,control,draw_1,15,2,0.02657292377129326
pythia-1b,control,draw_1,15,3,0.016477370125517178
pythia-1b,control,draw_1,15,4,0.015346739025771957
pythia-1b,control,draw_1,15,5,0.02618382860607938
pythia-1b,control,draw_1,15,6,0.016728978973191498
pythia-1b,control,draw_1,15,7,0.023711372666866917
pythia-1b,control,draw_2,0,0,0.0
pythia-1b,control,draw_2,0,1,0.0
pythia-1b,control,draw_2,0,2,0.0
pythia-1b,control,draw_2,0,3,0.0
pythia-1b,control,draw_2,0,4,0.0
pythia-1b,control,draw_2,0,5,0.0
pythia-1b,control,draw_2,0,6,0.0
pythia-1b,control,draw_2,0,7,0.0
pythia-1b,control,draw_2,1,0,0.009072790520782357
pythia-1b,control,draw_2,1,1,0.002857850859410755
pythia-1b,control,draw_2,1,2,0.03296853562879698
pythia-1b,control,draw_2,1,3,0.004787531696158942
pythia-1b,control,draw_2,1,4,0.005026491549391053
pythia-1b,control,draw_2,1,5,0.021050785325457514
pythia-1b,control,draw_2,1,6,0.0031124072677409615
pythia-1b,control,draw_2,1,7,0.012244187074281982
pythia-1b,control,draw_2,2,0,0.01420086935345701
pythia-1b,control,draw_2,2,1,0.013370374061190427
pythia-1b,control,draw_2,2,2,0.010072915982148082
pythia-1b,control,draw_2,2,3,0.0070563589070717974
pythia-1b,control,draw_2,2,4,0.014192496972230923
pythia-1b,control,draw_2,2,5,0.004604540285605614
pythia-1b,control,draw_2,2,6,0.009471179660271231
pythia-1b,control,draw_2,2,7,0.015352556133388163
pythia-1b,control,draw_2,3,0,0.009227559504353609
pythia-1b,control,draw_2,3,1,0.016412905991952872
pythia-1b,control,draw_2,3,2,0.013339358721693983
pythia-1b,control,draw_2,3,3,0.00997087436457991
pythia-1b,control,draw_2,3,4,0.009020764576337508
pythia-1b,control,draw_2,3,5,0.010836077827462556
pythia-1b,control,draw_2,3,6,0.01673177882700233
pythia-1b,control,draw_2,3,7,0.008377589364592607
pythia-1b,control,draw_2,4,0,0.042385587293791285
pythia-1b,control,draw_2,4,1,0.017318831456066653
pythia-1b,control,draw_2,4,2,0.023363004947821394
pythia-1b,control,draw_2,4,3,0.018988779802061383
pythia-1b,control,draw_2,4,4,0.017756361474228877
pythia-1b,control,draw_2,4,5,0.01762235477811941
pythia-1b,control,draw_2,4,6,0.006975461585164633
pythia-1b,control,draw_2,4,7,0.00807112598139049
pythia-1b,control,draw_2,5,0,0.011748940599523803
pythia-1b,control,draw_2,5,1,0.012740849018694685
pythia-1b,control,draw_2,5,2,0.014183012114308979
pythia-1b,control,draw_2,5,3,0.00519622961577386
pythia-1b,control,draw_2,5,4,0.011831924203430636
pythia-1b,control,draw_2,5,5,0.0060098276364459295
pythia-1b,control,draw_2,5,6,0.010368173133225977
pythia-1b,control,draw_2,5,7,0.011776278151634173
pythia-1b,control,draw_2,6,0,0.026124628856922436
pythia-1b,control,draw_2,6,1,0.011818675836024545
pythia-1b,control,draw_2,6,2,0.020055438468380562
pythia-1b,control,draw_2,6,3,0.004664980169095807
pythia-1b,control,draw_2,6,4,0.020189890629446365
pythia-1b,control,draw_2,6,5,0.01663861977333628
pythia-1b,control,draw_2,6,6,0.04301899713866869
pythia-1b,control,draw_2,6,7,0.023039205131593743
pythia-1b,control,draw_2,7,0,0.01837645827179628
pythia-1b,control,draw_2,7,1,0.01844098204478549
pythia-1b,control,draw_2,7,2,0.02828261727774168
pythia-1b,control,draw_2,7,3,0.011756126457774872
pythia-1b,control,draw_2,7,4,0.032079222564668795
pythia-1b,control,draw_2,7,5,0.017700109810458223
pythia-1b,control,draw_2,7,6,0.02716772758622295
pythia-1b,control,draw_2,7,7,0.013886636645407003
pythia-1b,control,draw_2,8,0,0.028996190175010858
pythia-1b,control,draw_2,8,1,0.027858463292827502
pythia-1b,control,draw_2,8,2,0.017987920095295366
pythia-1b,control,draw_2,8,3,0.009784566867233137
pythia-1b,control,draw_2,8,4,0.007904022816929111
pythia-1b,control,draw_2,8,5,0.02020835795454282
pythia-1b,control,draw_2,8,6,0.028337473438285826
pythia-1b,control,draw_2,8,7,0.010208791303660853
pythia-1b,control,draw_2,9,0,0.020934818088495722
pythia-1b,control,draw_2,9,1,0.01886762687613783
pythia-1b,control,draw_2,9,2,0.011428163251618533
pythia-1b,control,draw_2,9,3,0.008051049394771593
pythia-1b,control,draw_2,9,4,0.0215421314824695
pythia-1b,control,draw_2,9,5,0.020560763890159418
pythia-1b,control,draw_2,9,6,0.018402243529811867
pythia-1b,control,draw_2,9,7,0.007929667461950137
pythia-1b,control,draw_2,10,0,0.027530169868971305
pythia-1b,control,draw_2,10,1,0.013841929569795223
pythia-1b,control,draw_2,10,2,0.02129513124707468
pythia-1b,control,draw_2,10,3,0.03071197582695834
pythia-1b,control,draw_2,10,4,0.01284849953783451
pythia-1b,control,draw_2,10,5,0.02277397142867277
pythia-1b,control,draw_2,10,6,0.03611731519084475
pythia-1b,control,draw_2,10,7,0.037012189419252384
pythia-1b,control,draw_2,11,0,0.014012454308972147
pythia-1b,control,draw_2,11,1,0.01694365028439423
pythia-1b,control,draw_2,11,2,0.037488430381729484
pythia-1b,control,draw_2,11,3,0.028592297847410207
pythia-1b,control,draw_2,11,4,0.038754149179242255
pythia-1b,control,draw_2,11,5,0.038621419385241565
pythia-1b,control,draw_2,11,6,0.040728397787947436
pythia-1b,control,draw_2,11,7,0.09476693266479769
pythia-1b,control,draw_2,12,0,0.04728918325883644
pythia-1b,control,draw_2,12,1,0.10845086402196037
pythia-1b,control,draw_2,12,2,0.030570783012307104
pythia-1b,control,draw_2,12,3,0.05803657903786805
pythia-1b,control,draw_2,12,4,0.017688711321409176
pythia-1b,control,draw_2,12,5,0.08975773819853837
pythia-1b,control,draw_2,12,6,0.06493931960575447
pythia-1b,control,draw_2,12,7,0.035093400327795135
pythia-1b,control,draw_2,13,0,0.010142151625275507
pythia-1b,control,draw_2,13,1,0.0210498285769064
pythia-1b,control,draw_2,13,2,0.019161860390704735
pythia-1b,control,draw_2,13,3,0.023961178470941546
pythia-1b,control,draw_2,13,4,0.024887758546434182
pythia-1b,control,draw_2,13,5,0.007664965676126354
pythia-1b,control,draw_2,13,6,0.023245112501542264
pythia-1b,control,draw_2,13,7,0.027242396045649084
pythia-1b,control,draw_2,14,0,0.007985538230898408
pythia-1b,control,draw_2,14,1,0.033681157875417284
pythia-1b,control,draw_2,14,2,0.03205997223096519
pythia-1b,control,draw_2,14,3,0.02556111108616731
pythia-1b,control,draw_2,14,4,0.018318641780608776
pythia-1b,control,draw_2,14,5,0.038379506720390595
pythia-1b,control,draw_2,14,6,0.02940260563968545
pythia-1b,control,draw_2,14,7,0.017668946404220655
pythia-1b,control,draw_2,15,0,0.010197769632617312
pythia-1b,control,draw_2,15,1,0.035202838241811994
pythia-1b,control,draw_2,15,2,0.026047445689164048
pythia-1b,control,draw_2,15,3,0.02736809617373565
pythia-1b,control,draw_2,15,4,0.020460795820793673
pythia-1b,control,draw_2,15,5,0.02850828905163336
pythia-1b,control,draw_2,15,6,0.019591346314179553
pythia-1b,control,draw_2,15,7,0.018498182528758324
pythia-1b,control,draw_3,0,0,0.0
pythia-1b,control,draw_3,0,1,0.0
pythia-1b,control,draw_3,0,2,0.0
pythia-1b,control,draw_3,0,3,0.0
pythia-1b,control,draw_3,0,4,0.0
pythia-1b,control,draw_3,0,5,0.0
pythia-1b,control,draw_3,0,6,0.0
pythia-1b,control,draw_3,0,7,0.0
pythia-1b,control,draw_3,1,0,0.0080352647739967
pythia-1b,control,draw_3,1,1,0.001688125304232363
pythia-1b,control,draw_3,1,2,0.021145095080707686
pythia-1b,control,draw_3,1,3,0.004318082287705244
pythia-1b,control,draw_3,1,4,0.007561093734474882
pythia-1b,control,draw_3,1,5,0.009699292206457256
pythia-1b,control,draw_3,1,6,0.0036670929060614336
pythia-1b,control,draw_3,1,7,0.007416936994727722
pythia-1b,control,draw_3,2,0,0.010343337615153856
pythia-1b,control,draw_3,2,1,0.012096035102666216
pythia-1b,control,draw_3,2,2,0.010664944613350867
pythia-1b,control,draw_3,2,3,0.00917837645294336
pythia-1b,control,draw_3,2,4,0.015425966929380572
pythia-1b,control,draw_3,2,5,0.006829036908175737
pythia-1b,control,draw_3,2,6,0.003990632827589801
pythia-1b,control,draw_3,2,7,0.01554372256512976
pythia-1b,control,draw_3,3,0,0.010323792954052674
pythia-1b,control,draw_3,3,1,0.014981154944608067
pythia-1b,control,draw_3,3,2,0.007805208066504236
pythia-1b,control,draw_3,3,3,0.01223841090982913
pythia-1b,control,draw_3,3,4,0.014718545592740355
pythia-1b,control,draw_3,3,5,0.006926487123233386
pythia-1b,control,draw_3,3,6,0.003912756388805515
pythia-1b,control,draw_3,3,7,0.010301321393788476
pythia-1b,control,draw_3,4,0,0.02662366616043259
pythia-1b,control,draw_3,4,1,0.013319406499563187
pythia-1b,control,draw_3,4,2,0.01646270426666089
pythia-1b,control,draw_3,4,3,0.0481013836870499
pythia-1b,control,draw_3,4,4,0.034181266135135925
pythia-1b,control,draw_3,4,5,0.05053618333493304
pythia-1b,control,draw_3,4,6,0.01570234026448582
pythia-1b,control,draw_3,4,7,0.02550915985616321
pythia-1b,control,draw_3,5,0,0.011915923631807258
pythia-1b,control,draw_3,5,1,0.01853864377718815
pythia-1b,control,draw_3,5,2,0.08214511518612333
pythia-1b,control,draw_3,5,3,0.010912096055471452
pythia-1b,control,draw_3,5,4,0.042843271049264685
pythia-1b,control,draw_3,5,5,0.005564865413527474
pythia-1b,control,draw_3,5,6,0.09523446296644021
pythia-1b,control,draw_3,5,7,0.02403700772861653
pythia-1b,control,draw_3,6,0,0.04400671801364937
pythia-1b,control,draw_3,6,1,0.04500629691846739
pythia-1b,control,draw_3,6,2,0.022660965007529746
pythia-1b,control,draw_3,6,3,0.007779720389026463
pythia-1b,control,draw_3,6,4,0.014734528795425193
pythia-1b,control,draw_3,6,5,0.024403712939984713
pythia-1b,control,draw_3,6,6,0.02770451353531187
pythia-1b,control,draw_3,6,7,0.029407609837190797
pythia-1b,control,draw_3,7,0,0.02827081588916702
pythia-1b,control,draw_3,7,1,0.02636582097291767
pythia-1b,control,draw_3,7,2,0.027606447274837742
pythia-1b,control,draw_3,7,3,0.0237972788801504
pythia-1b,control,draw_3,7,4,0.027229216092614382
pythia-1b,control,draw_3,7,5,0.07479851550344618
pythia-1b,control,draw_3,7,6,0.07322556624960377
pythia-1b,control,draw_3,7,7,0.0357273231146348
pythia-1b,control,draw_3,8,0,0.07359887689400536
pythia-1b,control,draw_3,8,1,0.03326264824187322
pythia-1b,control,draw_3,8,2,0.057299000052160896
pythia-1b,control,draw_3,8,3,0.05136030879940163
pythia-1b,control,draw_3,8,4,0.039522686445874707
pythia-1b,control,draw_3,8,5,0.03541438056484025
pythia-1b,control,draw_3,8,6,0.026364255671510434
pythia-1b,control,draw_3,8,7,0.040035195280188736
pythia-1b,control,draw_3,9,0,0.03098002619157295
pythia-1b,control,draw_3,9,1,0.04284520160266581
pythia-1b,control,draw_3,9,2,0.025663028758638646
pythia-1b,control,draw_3,9,3,0.025223348326106856
pythia-1b,control,draw_3,9,4,0.03247927430686932
pythia-1b,control,draw_3,9,5,0.044774627887049105
pythia-1b,control,draw_3,9,6,0.018998044159572246
pythia-1b,control,draw_3,9,7,0.021596064201949275
pythia-1b,control,draw_3,10,0,0.017135391675423356
pythia-1b,control,draw_3,10,1,0.02370900117141502
pythia-1b,control,draw_3,10,2,0.01711901321135227
pythia-1b,control,draw_3,10,3,0.03663966184999306
pythia-1b,control,draw_3,10,4,0.010771687192079568
pythia-1b,control,draw_3,10,5,0.020571726871995457
pythia-1b,control,draw_3,10,6,0.038723602042090834
pythia-1b,control,draw_3,10,7,0.030801924664325537
pythia-1b,control,draw_3,11,0,0.02543545396821967
pythia-1b,control,draw_3,11,1,0.021281745100397712
pythia-1b,control,draw_3,11,2,0.04767630801833836
pythia-1b,control,draw_3,11,3,0.021529670131395895
pythia-1b,control,draw_3,11,4,0.0496320349837904
pythia-1b,control,draw_3,11,5,0.035059511018617213
pythia-1b,control,draw_3,11,6,0.0367283537789359
pythia-1b,control,draw_3,11,7,0.11080114806686246
pythia-1b,control,draw_3,12,0,0.03805454195014719
pythia-1b,control,draw_3,12,1,0.12525057264918535
pythia-1b,control,draw_3,12,2,0.041459399089121905
pythia-1b,control,draw_3,12,3,0.06703900308498573
pythia-1b,control,draw_3,12,4,0.03258219557998427
pythia-1b,control,draw_3,12,5,0.09803253160100425
pythia-1b,control,draw_3,12,6,0.059983276033184214
pythia-1b,control,draw_3,12,7,0.026491288138074002
pythia-1b,control,draw_3,13,0,0.029267847065012936
pythia-1b,control,draw_3,13,1,0.08522985912321594
pythia-1b,control,draw_3,13,2,0.018357429883264994
pythia-1b,control,draw_3,13,3,0.01653188307128879
pythia-1b,control,draw_3,13,4,0.019373735417351247
pythia-1b,control,draw_3,13,5,0.029674264975552134
pythia-1b,control,draw_3,13,6,0.035255728486959154
pythia-1b,control,draw_3,13,7,0.012967843273936297
pythia-1b,control,draw_3,14,0,0.03835529815827423
pythia-1b,control,draw_3,14,1,0.018169075904670068
pythia-1b,control,draw_3,14,2,0.020737925163832653
pythia-1b,control,draw_3,14,3,0.015060121886850662
pythia-1b,control,draw_3,14,4,0.021870188737442633
pythia-1b,control,draw_3,14,5,0.017433300059535254
pythia-1b,control,draw_3,14,6,0.027104487925085723
pythia-1b,control,draw_3,14,7,0.028865352176735876
pythia-1b,control,draw_3,15,0,0.007515778472090798
pythia-1b,control,draw_3,15,1,0.02754129635766718
pythia-1b,control,draw_3,15,2,0.03624783874565839
pythia-1b,control,draw_3,15,3,0.024754609597465234
pythia-1b,control,draw_3,15,4,0.021314859836955264
pythia-1b,control,draw_3,15,5,0.032607125397757016
pythia-1b,control,draw_3,15,6,0.022198056082322774
pythia-1b,control,draw_3,15,7,0.03887560360331048
pythia-1.4b,low,draw_1,0,0,0.0
pythia-1.4b,low,draw_1,0,1,0.0
pythia-1.4b,low,draw_1,0,2,0.0
pythia-1.4b,low,draw_1,0,3,0.0
pythia-1.4b,low,draw_1,0,4,0.0
pythia-1.4b,low,draw_1,0,5,0.0
pythia-1.4b,low,draw_1,0,6,0.0
pythia-1.4b,low,draw_1,0,7,0.0
pythia-1.4b,low,draw_1,0,8,0.0
pythia-1.4b,low,draw_1,0,9,0.0
pythia-1.4b,low,draw_1,0,10,0.0
pythia-1.4b,low,draw_1,0,11,0.0
pythia-1.4b,low,draw_1,0,12,0.0
pythia-1.4b,low,draw_1,0,13,0.0
pythia-1.4b,low,draw_1,0,14,0.0
pythia-1.4b,low,draw_1,0,15,0.0
pythia-1.4b,low,draw_1,1,0,0.004879684489395756
pythia-1.4b,low,draw_1,1,1,0.010710815384733521
pythia-1.4b,low,draw_1,1,2,0.008743166298569327
pythia-1.4b,low,draw_1,1,3,0.01662570236136789
pythia-1.4b,low,draw_1,1,4,0.007280671280237871
pythia-1.4b,low,draw_1,1,5,0.006225605805683222
pythia-1.4b,low,draw_1,1,6,0.007233688024752577
pythia-1.4b,low,draw_1,1,7,0.004426873381767827
pythia-1.4b,low,draw_1,1,8,0.0037907132535948
pythia-1.4b,low,draw_1,1,9,0.011604931054134682
pythia-1.4b,low,draw_1,1,10,0.01042250690553365
pythia-1.4b,low,draw_1,1,11,0.0021563206865487226
pythia-1.4b,low,draw_1,1,12,0.0032611489726274653
pythia-1.4b,low,draw_1,1,13,0.010591506786267434
pythia-1.4b,low,draw_1,1,14,0.010443571048422768
pythia-1.4b,low,draw_1,1,15,0.0076571930850649296
pythia-1.4b,low,draw_1,2,0,0.01691136658318542
pythia-1.4b,low,draw_1,2,1,0.005222841080833156
pythia-1.4b,low,draw_1,2,2,0.02486607303662795
pythia-1.4b,low,draw_1,2,3,0.007138441270607776
pythia-1.4b,low,draw_1,2,4,0.015423127217807298
pythia-1.4b,low,draw_1,2,5,0.00856582265275822
pythia-1.4b,low,draw_1,2,6,0.02080150186606795
pythia-1.4b,low,draw_1,2,7,0.02779658888443896
pythia-1.4b,low,draw_1,2,8,0.006958061142767264
pythia-1.4b,low,draw_1,2,9,0.007880179425808929
pythia-1.4b,low,draw_1,2,10,0.012501160467192863
pythia-1.4b,low,draw_1,2,11,0.010848335052646178
pythia-1.4b,low,draw_1,2,12,0.011195145389290628
pythia-1.4b,low,draw_1,2,13,0.011317590273068941
pythia-1.4b,low,draw_1,2,14,0.004787505859961702
pythia-1.4b,low,draw_1,2,15,0.008661792431078685
pythia-1.4b,low,draw_1,3,0,0.0165623155366549
pythia-1.4b,low,draw_1,3,1,0.020732219513576212
pythia-1.4b,low,draw_1,3,2,0.0071772391122459245
pythia-1.4b,low,draw_1,3,3,0.011446873644639439
pythia-1.4b,low,draw_1,3,4,0.00574844121584859
pythia-1.4b,low,draw_1,3,5,0.01367457397251056
pythia-1.4b,low,draw_1,3,6,0.022831720006598152
pythia-1.4b,low,draw_1,3,7,0.03706689335457469
pythia-1.4b,low,draw_1,3,8,0.008424085029180012
pythia-1.4b,low,draw_1,3,9,0.011588947328332355
pythia-1.4b,low,draw_1,3,10,0.00825248810343167
pythia-1.4b,low,draw_1,3,11,0.036235540862694794
pythia-1.4b,low,draw_1,3,12,0.016549555753221288
pythia-1.4b,low,draw_1,3,13,0.012944745609861636
pythia-1.4b,low,draw_1,3,14,0.018554798866238918
pythia-1.4b,low,draw_1,3,15,0.013778880847730785
pythia-1.4b,low,draw_1,4,0,0.011814730206155666
pythia-1.4b,low,draw_1,4,1,0.009810280031284707
pythia-1.4b,low,draw_1,4,2,0.019472427003327932
pythia-1.4b,low,draw_1,4,3,0.030394586679373514
pythia-1.4b,low,draw_1,4,4,0.010135178991104192
pythia-1.4b,low,draw_1,4,5,0.01993331136808101
pythia-1.4b,low,draw_1,4,6,0.017224393541004843
pythia-1.4b,low,draw_1,4,7,0.01826943232065217
pythia-1.4b,low,draw_1,4,8,0.013472053150898737
pythia-1.4b,low,draw_1,4,9,0.00951806337081273
pythia-1.4b,low,draw_1,4,10,0.012243961261872204
pythia-1.4b,low,draw_1,4,11,0.0292628915701551
pythia-1.4b,low,draw_1,4,12,0.019428308225831224
pythia-1.4b,low,draw_1,4,13,0.029159977069822908
pythia-1.4b,low,draw_1,4,14,0.016233795492992337
pythia-1.4b,low,draw_1,4,15,0.0035082524534545603
pythia-1.4b,low,draw_1,5,0,0.035390674967867373
pythia-1.4b,low,draw_1,5,1,0.035446198192883215
pythia-1.4b,low,draw_1,5,2,0.02990568799323636
pythia-1.4b,low,draw_1,5,3,0.024293889877342573
pythia-1.4b,low,draw_1,5,4,0.018630422979009416
pythia-1.4b,low,draw_1,5,5,0.03301425820115304
pythia-1.4b,low,draw_1,5,6,0.011625838012542643
pythia-1.4b,low,draw_1,5,7,0.015723326991564878
pythia-1.4b,low,draw_1,5,8,0.01196544483709954
pythia-1.4b,low,draw_1,5,9,0.016976609776484162
pythia-1.4b,low,draw_1,5,10,0.03120328346832066
pythia-1.4b,low,draw_1,5,11,0.013643025716540245
pythia-1.4b,low,draw_1,5,12,0.0296891494342958
pythia-1.4b,low,draw_1,5,13,0.032063661291003735
pythia-1.4b,low,draw_1,5,14,0.028973493380987186
pythia-1.4b,low,draw_1,5,15,0.0099860687161548
pythia-1.4b,low,draw_1,6,0,0.009882961128836115
pythia-1.4b,low,draw_1,6,1,0.02371945753631692
pythia-1.4b,low,draw_1,6,2,0.017659258364638386
pythia-1.4b,low,draw_1,6,3,0.01301969756696301
pythia-1.4b,low,draw_1,6,4,0.04059240278217546
pythia-1.4b,low,draw_1,6,5,0.02893635335745255
pythia-1.4b,low,draw_1,6,6,0.03342316448324327
pythia-1.4b,low,draw_1,6,7,0.013937444250301087
pythia-1.4b,low,draw_1,6,8,0.03422651489113442
pythia-1.4b,low,draw_1,6,9,0.015680633163944364
pythia-1.4b,low,draw_1,6,10,0.012462399366707467
pythia-1.4b,low,draw_1,6,11,0.013445235897734836
pythia-1.4b,low,draw_1,6,12,0.024235941088455275
pythia-1.4b,low,draw_1,6,13,0.017802924445775574
pythia-1.4b,low,draw_1,6,14,0.007318503911957063
pythia-1.4b,low,draw_1,6,15,0.01802250321847591
pythia-1.4b,low,draw_1,7,0,0.016214798703012772
pythia-1.4b,low,draw_1,7,1,0.028166515700496594
pythia-1.4b,low,draw_1,7,2,0.04272843343787256
pythia-1.4b,low,draw_1,7,3,0.02598362330151123
pythia-1.4b,low,draw_1,7,4,0.03314608695583349
pythia-1.4b,low,draw_1,7,5,0.016071474865485304
pythia-1.4b,low,draw_1,7,6,0.035216240561610664
pythia-1.4b,low,draw_1,7,7,0.025217578441943035
pythia-1.4b,low,draw_1,7,8,0.01765292201706277
pythia-1.4b,low,draw_1,7,9,0.04803271210892248
pythia-1.4b,low,draw_1,7,10,0.031011239283437728
pythia-1.4b,low,draw_1,7,11,0.018965526984937812
pythia-1.4b,low,draw_1,7,12,0.025976537806635426
pythia-1.4b,low,draw_1,7,13,0.011499989371822852
pythia-1.4b,low,draw_1,7,14,0.022206504502251912
pythia-1.4b,low,draw_1,7,15,0.01890608376757983
pythia-1.4b,low,draw_1,8,0,0.01952474008788926
pythia-1.4b,low,draw_1,8,1,0.022027152087011462
pythia-1.4b,low,draw_1,8,2,0.029154980280598118
pythia-1.4b,low,draw_1,8,3,0.034937724140148584
pythia-1.4b,low,draw_1,8,4,0.009410309978550073
pythia-1.4b,low,draw_1,8,5,0.03350877327229775
pythia-1.4b,low,draw_1,8,6,0.03333191576814423
pythia-1.4b,low,draw_1,8,7,0.024214270392797665
pythia-1.4b,low,draw_1,8,8,0.023721023139663837
pythia-1.4b,low,draw_1,8,9,0.05925338502888921
pythia-1.4b,low,draw_1,8,10,0.009560002763478863
pythia-1.4b,low,draw_1,8,11,0.017413093145438627
pythia-1.4b,low,draw_1,8,12,0.02662456799916981
pythia-1.4b,low,draw_1,8,13,0.02111251705941061
pythia-1.4b,low,draw_1,8,14,0.014624160278775453
pythia-1.4b,low,draw_1,8,15,0.0120651837076472
pythia-1.4b,low,draw_1,9,0,0.010449449478703729
pythia-1.4b,low,draw_1,9,1,0.045109824719283244
pythia-1.4b,low,draw_1,9,2,0.03954626575642745
pythia-1.4b,low,draw_1,9,3,0.015298857532547469
pythia-1.4b,low,draw_1,9,4,0.013187473000127601
pythia-1.4b,low,draw_1,9,5,0.0409090496712354
pythia-1.4b,low,draw_1,9,6,0.036227848749975713
pythia-1.4b,low,draw_1,9,7,0.014360895882634298
pythia-1.4b,low,draw_1,9,8,0.028760848243556434
pythia-1.4b,low,draw_1,9,9,0.023915164401979775
pythia-1.4b,low,draw_1,9,10,0.07733265093918193
pythia-1.4b,low,draw_1,9,11,0.02957440688083857
pythia-1.4b,low,draw_1,9,12,0.04467187645035882
pythia-1.4b,low,draw_1,9,13,0.02410384499671257
pythia-1.4b,low,draw_1,9,14,0.011832912990274834
pythia-1.4b,low,draw_1,9,15,0.02512108691508598
pythia-1.4b,low,draw_1,10,0,0.009578170822249418
pythia-1.4b,low,draw_1,10,1,0.03187133154083145
pythia-1.4b,low,draw_1,10,2,0.030555453638592567
pythia-1.4b,low,draw_1,10,3,0.023500306198954587
pythia-1.4b,low,draw_1,10,4,0.04096808687254633
pythia-1.4b,low,draw_1,10,5,0.01828082533489845
pythia-1.4b,low,draw_1,10,6,0.022185214094488304
pythia-1.4b,low,draw_1,10,7,0.030988910127454715
pythia-1.4b,low,draw_1,10,8,0.01910074498712868
pythia-1.4b,low,draw_1,10,9,0.0456495180535833
pythia-1.4b,low,draw_1,10,10,0.04411714127472134
pythia-1.4b,low,draw_1,10,11,0.01923990206498751
pythia-1.4b,low,draw_1,10,12,0.010572223396285644
pythia-1.4b,low,draw_1,10,13,0.0382932558987716
pythia-1.4b,low,draw_1,10,14,0.02472830712007785
pythia-1.4b,low,draw_1,10,15,0.0333862548772245
pythia-1.4b,low,draw_1,11,0,0.03226575491188627
pythia-1.4b,low,draw_1,11,1,0.02212588473740939
pythia-1.4b,low,draw_1,11,2,0.04682893526119616
pythia-1.4b,low,draw_1,11,3,0.020217267872407158
pythia-1.4b,low,draw_1,11,4,0.024079824386733846
pythia-1.4b,low,draw_1,11,5,0.051545101900759484
pythia-1.4b,low,draw_1,11,6,0.035439785051512705
pythia-1.4b,low,draw_1,11,7,0.009066022715454208
pythia-1.4b,low,draw_1,11,8,0.05360483830926366
pythia-1.4b,low,draw_1,11,9,0.01803935448512255
pythia-1.4b,low,draw_1,11,10,0.01874196444124656
pythia-1.4b,low,draw_1,11,11,0.030157490158769625
pythia-1.4b,low,draw_1,11,12,0.02781955330529732
pythia-1.4b,low,draw_1,11,13,0.008711211387723754
pythia-1.4b,low,draw_1,11,14,0.01863237168032539
pythia-1.4b,low,draw_1,11,15,0.018570855274380765
pythia-1.4b,low,draw_1,12,0,0.01850238914714914
pythia-1.4b,low,draw_1,12,1,0.026227275195251903
pythia-1.4b,low,draw_1,12,2,0.013455402522427167
pythia-1.4b,low,draw_1,12,3,0.008874009156197253
pythia-1.4b,low,draw_1,12,4,0.0089054015750474
pythia-1.4b,low,draw_1,12,5,0.01605482769647351
pythia-1.4b,low,draw_1,12,6,0.014031071569042595
pythia-1.4b,low,draw_1,12,7,0.07189982208498866
pythia-1.4b,low,draw_1,12,8,0.024342398367551882
pythia-1.4b,low,draw_1,12,9,0.01859223259541396
pythia-1.4b,low,draw_1,12,10,0.023019824074216693
pythia-1.4b,low,draw_1,12,11,0.031799426234196584
pythia-1.4b,low,draw_1,12,12,0.02535380848720654
pythia-1.4b,low,draw_1,12,13,0.013067109482134997
pythia-1.4b,low,draw_1,12,14,0.021193424663798203
pythia-1.4b,low,draw_1,12,15,0.051491049911256206
pythia-1.4b,low,draw_1,13,0,0.05484661091097082
pythia-1.4b,low,draw_1,13,1,0.01784914256738856
pythia-1.4b,low,draw_1,13,2,0.041338039391617405
pythia-1.4b,low,draw_1,13,3,0.06894959687707455
pythia-1.4b,low,draw_1,13,4,0.0
pythia-1.4b,low,draw_1,13,5,0.007773199922439123
pythia-1.4b,low,draw_1,13,6,0.0727857481638066
pythia-1.4b,low,draw_1,13,7,0.06647099115918328
pythia-1.4b,low,draw_1,13,8,0.025287492078137817
pythia-1.4b,low,draw_1,13,9,0.011443817135375898
pythia-1.4b,low,draw_1,13,10,0.0110197261626907
pythia-1.4b,low,draw_1,13,11,0.011259135686055308
pythia-1.4b,low,draw_1,13,12,0.013701275310547358
pythia-1.4b,low,draw_1,13,13,0.04496104667941972
pythia-1.4b,low,draw_1,13,14,0.021025820967792267
pythia-1.4b,low,draw_1,13,15,0.039000602199225735
pythia-1.4b,low,draw_1,14,0,0.03046511718599409
pythia-1.4b,low,draw_1,14,1,0.0951649559592237
pythia-1.4b,low,draw_1,14,2,0.015043941471182319
pythia-1.4b,low,draw_1,14,3,
pythia-1.4b,low,draw_1,14,4,0.026611450614997267
pythia-1.4b,low,draw_1,14,5,0.02609769981864829
pythia-1.4b,low,draw_1,14,6,0.02884719372070539
pythia-1.4b,low,draw_1,14,7,0.03983938038931773
pythia-1.4b,low,draw_1,14,8,0.01937132869342593
pythia-1.4b,low,draw_1,14,9,0.01527388017164141
pythia-1.4b,low,draw_1,14,10,0.0243323723721197
pythia-1.4b,low,draw_1,14,11,0.03974477850122658
pythia-1.4b,low,draw_1,14,12,0.03867018809155377
pythia-1.4b,low,draw_1,14,13,0.024221709189827457
pythia-1.4b,low,draw_1,14,14,0.07096488613056634
pythia-1.4b,low,draw_1,14,15,0.01351363923046405
pythia-1.4b,low,draw_1,15,0,0.04384811434049839
pythia-1.4b,low,draw_1,15,1,0.024277387954260432
pythia-1.4b,low,draw_1,15,2,0.027056483586953717
pythia-1.4b,low,draw_1,15,3,0.036913363510658936
pythia-1.4b,low,draw_1,15,4,0.035299891836239425
pythia-1.4b,low,draw_1,15,5,0.03018158487261599
pythia-1.4b,low,draw_1,15,6,0.027851311380236023
pythia-1.4b,low,draw_1,15,7,0.03189674031362429
pythia-1.4b,low,draw_1,15,8,0.02367414768879171
pythia-1.4b,low,draw_1,15,9,0.024943661072537135
pythia-1.4b,low,draw_1,15,10,0.05222717727036811
pythia-1.4b,low,draw_1,15,11,0.02829942673021025
pythia-1.4b,low,draw_1,15,12,0.039863135960420217
pythia-1.4b,low,draw_1,15,13,0.02150165610619802
pythia-1.4b,low,draw_1,15,14,0.0317620335245351
pythia-1.4b,low,draw_1,15,15,0.02282510330096128
pythia-1.4b,low,draw_1,16,0,0.03185725653804673
pythia-1.4b,low,draw_1,16,1,0.030073404870674815
pythia-1.4b,low,draw_1,16,2,0.08335430811379634
pythia-1.4b,low,draw_1,16,3,0.017793113891625127
pythia-1.4b,low,draw_1,16,4,0.03627735302159854
pythia-1.4b,low,draw_1,16,5,0.024516816862885968
pythia-1.4b,low,draw_1,16,6,0.03263233583995821
pythia-1.4b,low,draw_1,16,7,0.006805879637240239
pythia-1.4b,low,draw_1,16,8,8.372529537030207e-05
pythia-1.4b,low,draw_1,16,9,0.00211134490843784
pythia-1.4b,low,draw_1,16,10,0.01685214351467939
pythia-1.4b,low,draw_1,16,11,0.01823873584499
pythia-1.4b,low,draw_1,16,12,0.007729548160690093
pythia-1.4b,low,draw_1,16,13,0.02082832042974611
pythia-1.4b,low,draw_1,16,14,0.006729202205200243
pythia-1.4b,low,draw_1,16,15,0.04180550385916544
pythia-1.4b,low,draw_1,17,0,0.055616519517928835
pythia-1.4b,low,draw_1,17,1,0.046896934344432775
pythia-1.4b,low,draw_1,17,2,0.0
pythia-1.4b,low,draw_1,17,3,0.01322763975062162
pythia-1.4b,low,draw_1,17,4,0.03605047071105952
pythia-1.4b,low,draw_1,17,5,0.03492932128778267
pythia-1.4b,low,draw_1,17,6,0.022103176292652238
pythia-1.4b,low,draw_1,17,7,0.014432776914190606
pythia-1.4b,low,draw_1,17,8,0.040795631738837664
pythia-1.4b,low,draw_1,17,9,0.021270016502899804
pythia-1.4b,low,draw_1,17,10,0.01090307513953035
pythia-1.4b,low,draw_1,17,11,0.03411148623853854
pythia-1.4b,low,draw_1,17,12,0.15216108521766059
pythia-1.4b,low,draw_1,17,13,0.016744363250407127
pythia-1.4b,low,draw_1,17,14,0.01716135000644878
pythia-1.4b,low,draw_1,17,15,0.029411691942792226
pythia-1.4b,low,draw_1,18,0,0.08417918101111892
pythia-1.4b,low,draw_1,18,1,0.021908619072009205
pythia-1.4b,low,draw_1,18,2,0.07199114790987048
pythia-1.4b,low,draw_1,18,3,0.03846373459179593
pythia-1.4b,low,draw_1,18,4,0.07420020122635744
pythia-1.4b,low,draw_1,18,5,0.1721548489804265
pythia-1.4b,low,draw_1,18,6,0.019511333383968328
pythia-1.4b,low,draw_1,18,7,0.022938761459128106
pythia-1.4b,low,draw_1,18,8,0.0362047240205014
pythia-1.4b,low,draw_1,18,9,0.15040018620999457
pythia-1.4b,low,draw_1,18,10,0.14953866139045188
pythia-1.4b,low,draw_1,18,11,0.019978428724373862
pythia-1.4b,low,draw_1,18,12,0.22051430110659676
pythia-1.4b,low,draw_1,18,13,0.17223724209263463
pythia-1.4b,low,draw_1,18,14,0.1494983298338378
pythia-1.4b,low,draw_1,18,15,0.09222981645530273
pythia-1.4b,low,draw_1,19,0,0.0038541541375049734
pythia-1.4b,low,draw_1,19,1,0.020780231338376583
pythia-1.4b,low,draw_1,19,2,0.06448959633620097
pythia-1.4b,low,draw_1,19,3,0.04204041600215104
pythia-1.4b,low,draw_1,19,4,0.020473744273593088
pythia-1.4b,low,draw_1,19,5,0.022794960910651585
pythia-1.4b,low,draw_1,19,6,0.049807557789988695
pythia-1.4b,low,draw_1,19,7,0.006028998994134
pythia-1.4b,low,draw_1,19,8,0.03655750475897149
pythia-1.4b,low,draw_1,19,9,0.018609533688207343
pythia-1.4b,low,draw_1,19,10,0.022792519603380124
pythia-1.4b,low,draw_1,19,11,0.02290746004267213
pythia-1.4b,low,draw_1,19,12,0.03665849365362329
pythia-1.4b,low,draw_1,19,13,0.029155086094438513
pythia-1.4b,low,draw_1,19,14,0.014638526862026153
pythia-1.4b,low,draw_1,19,15,0.018000809043055545
pythia-1.4b,low,draw_1,20,0,0.044155108820540766
pythia-1.4b,low,draw_1,20,1,0.025981391999165437
pythia-1.4b,low,draw_1,20,2,0.04802635925636683
pythia-1.4b,low,draw_1,20,3,0.07512154614622416
pythia-1.4b,low,draw_1,20,4,0.009940386707697558
pythia-1.4b,low,draw_1,20,5,0.02930265210730076
pythia-1.4b,low,draw_1,20,6,0.05903080224644334
pythia-1.4b,low,draw_1,20,7,0.03558350754438318
pythia-1.4b,low,draw_1,20,8,0.020611454277389932
pythia-1.4b,low,draw_1,20,9,0.015375442440335686
pythia-1.4b,low,draw_1,20,10,0.0659265300701198
pythia-1.4b,low,draw_1,20,11,0.10054911244918072
pythia-1.4b,low,draw_1,20,12,0.043561547213866084
pythia-1.4b,low,draw_1,20,13,0.06480276395232018
pythia-1.4b,low,draw_1,20,14,0.04798222239233101
pythia-1.4b,low,draw_1,20,15,0.05896685344775081
pythia-1.4b,low,draw_1,21,0,0.045074876126078425
pythia-1.4b,low,draw_1,21,1,0.10809854314686514
pythia-1.4b,low,draw_1,21,2,0.05186602912384423
pythia-1.4b,low,draw_1,21,3,0.02346510676871128
pythia-1.4b,low,draw_1,21,4,0.031496205003488216
pythia-1.4b,low,draw_1,21,5,0.027184259671007058
pythia-1.4b,low,draw_1,21,6,0.05933126576850494
pythia-1.4b,low,draw_1,21,7,0.1289682744823662
pythia-1.4b,low,draw_1,21,8,0.010098083704251568
pythia-1.4b,low,draw_1,21,9,0.05151761523516342
pythia-1.4b,low,draw_1,21,10,0.056709034484347144
pythia-1.4b,low,draw_1,21,11,0.0062859272110964695
pythia-1.4b,low,draw_1,21,12,0.00874896805236144
pythia-1.4b,low,draw_1,21,13,0.07070203669643044
pythia-1.4b,low,draw_1,21,14,0.024851077734012583
pythia-1.4b,low,draw_1,21,15,0.041073134385767915
pythia-1.4b,low,draw_1,22,0,0.017601571241642015
pythia-1.4b,low,draw_1,22,1,0.06317939154729092
pythia-1.4b,low,draw_1,22,2,0.033215811353405296
pythia-1.4b,low,draw_1,22,3,0.0852727211621996
pythia-1.4b,low,draw_1,22,4,0.03339237561063799
pythia-1.4b,low,draw_1,22,5,0.047618967270233424
pythia-1.4b,low,draw_1,22,6,0.04217297979655352
pythia-1.4b,low,draw_1,22,7,0.01568089393493082
pythia-1.4b,low,draw_1,22,8,0.02031309781432757
pythia-1.4b,low,draw_1,22,9,0.020118343767945163
pythia-1.4b,low,draw_1,22,10,0.04132527872273626
pythia-1.4b,low,draw_1,22,11,0.020236861492018858
pythia-1.4b,low,draw_1,22,12,0.014661814621503007
pythia-1.4b,low,draw_1,22,13,0.07806771085220249
pythia-1.4b,low,draw_1,22,14,0.02236318827697218
pythia-1.4b,low,draw_1,22,15,0.05430643971678173
pythia-1.4b,low,draw_1,23,0,0.044015581852563705
pythia-1.4b,low,draw_1,23,1,0.05236885763922807
pythia-1.4b,low,draw_1,23,2,0.06132539785602476
pythia-1.4b,low,draw_1,23,3,0.02773373587973359
pythia-1.4b,low,draw_1,23,4,0.05956059908235222
pythia-1.4b,low,draw_1,23,5,0.07135750150486853
pythia-1.4b,low,draw_1,23,6,0.03073581766950742
pythia-1.4b,low,draw_1,23,7,0.03139216896169745
pythia-1.4b,low,draw_1,23,8,0.03240225504207138
pythia-1.4b,low,draw_1,23,9,0.0238505465125251
pythia-1.4b,low,draw_1,23,10,0.06361081890720044
pythia-1.4b,low,draw_1,23,11,0.050953609224444155
pythia-1.4b,low,draw_1,23,12,0.04841035459107351
pythia-1.4b,low,draw_1,23,13,0.09174339278568881
pythia-1.4b,low,draw_1,23,14,0.021979218403767008
pythia-1.4b,low,draw_1,23,15,0.07776334021647396
pythia-1.4b,low,draw_2,0,0,0.0
pythia-1.4b,low,draw_2,0,1,0.0
pythia-1.4b,low,draw_2,0,2,0.0
pythia-1.4b,low,draw_2,0,3,0.0
pythia-1.4b,low,draw_2,0,4,0.0
pythia-1.4b,low,draw_2,0,5,0.0
pythia-1.4b,low,draw_2,0,6,0.0
pythia-1.4b,low,draw_2,0,7,0.0
pythia-1.4b,low,draw_2,0,8,0.0
pythia-1.4b,low,draw_2,0,9,0.0
pythia-1.4b,low,draw_2,0,10,0.0
pythia-1.4b,low,draw_2,0,11,0.0
pythia-1.4b,low,draw_2,0,12,0.0
pythia-1.4b,low,draw_2,0,13,0.0
pythia-1.4b,low,draw_2,0,14,0.0
pythia-1.4b,low,draw_2,0,15,0.0
pythia-1.4b,low,draw_2,1,0,0.004031874703311841
pythia-1.4b,low,draw_2,1,1,0.005051609883335443
pythia-1.4b,low,draw_2,1,2,0.0058489423500491175
pythia-1.4b,low,draw_2,1,3,0.007312588597310129
pythia-1.4b,low,draw_2,1,4,0.005409751499417573
pythia-1.4b,low,draw_2,1,5,0.005147283413329331
pythia-1.4b,low,draw_2,1,6,0.007247201983899712
pythia-1.4b,low,draw_2,1,7,0.008475798071669996
pythia-1.4b,low,draw_2,1,8,0.009040938750982882
pythia-1.4b,low,draw_2,1,9,0.006212768262373526
pythia-1.4b,low,draw_2,1,10,0.005335041993440338
pythia-1.4b,low,draw_2,1,11,0.001211799996511862
pythia-1.4b,low,draw_2,1,12,0.005682621242622047
pythia-1.4b,low,draw_2,1,13,0.005272256643926813
pythia-1.4b,low,draw_2,1,14,0.00747396064621472
pythia-1.4b,low,draw_2,1,15,0.004528137244669692
pythia-1.4b,low,draw_2,2,0,0.011764908572864519
pythia-1.4b,low,draw_2,2,1,0.004821964453434836
pythia-1.4b,low,draw_2,2,2,0.004377261640535012
pythia-1.4b,low,draw_2,2,3,0.00437535299958953
pythia-1.4b,low,draw_2,2,4,0.0099937839101003
pythia-1.4b,low,draw_2,2,5,0.010400584786017582
pythia-1.4b,low,draw_2,2,6,0.007806119697680541
pythia-1.4b,low,draw_2,2,7,0.008940489957326084
pythia-1.4b,low,draw_2,2,8,0.003393193052425813
pythia-1.4b,low,draw_2,2,9,0.003555129010362154
pythia-1.4b,low,draw_2,2,10,0.006131788573770941
pythia-1.4b,low,draw_2,2,11,0.005376315423444504
pythia-1.4b,low,draw_2,2,12,0.0070830515668583414
pythia-1.4b,low,draw_2,2,13,0.007130590657897029
pythia-1.4b,low,draw_2,2,14,0.010733446444582016
pythia-1.4b,low,draw_2,2,15,0.0070317360921893024
pythia-1.4b,low,draw_2,3,0,0.00838799798099366
pythia-1.4b,low,draw_2,3,1,0.015394318459372783
pythia-1.4b,low,draw_2,3,2,0.008780544842587943
pythia-1.4b,low,draw_2,3,3,0.012191118358878473
pythia-1.4b,low,draw_2,3,4,0.01341109111354131
pythia-1.4b,low,draw_2,3,5,0.014339990445713926
pythia-1.4b,low,draw_2,3,6,0.00910021118541094
pythia-1.4b,low,draw_2,3,7,0.008299901596610643
pythia-1.4b,low,draw_2,3,8,0.005362688336727503
pythia-1.4b,low,draw_2,3,9,0.010212850120844927
pythia-1.4b,low,draw_2,3,10,0.008406112803723132
pythia-1.4b,low,draw_2,3,11,0.014902373516358012
pythia-1.4b,low,draw_2,3,12,0.010417535243975451
pythia-1.4b,low,draw_2,3,13,0.01677778449661983
pythia-1.4b,low,draw_2,3,14,0.013492991360687445
pythia-1.4b,low,draw_2,3,15,0.008521989294634873
pythia-1.4b,low,draw_2,4,0,0.015675443754679108
pythia-1.4b,low,draw_2,4,1,0.027637435091662565
pythia-1.4b,low,draw_2,4,2,0.023414974762958382
pythia-1.4b,low,draw_2,4,3,0.026592834415991366
pythia-1.4b,low,draw_2,4,4,0.007209026963628263
pythia-1.4b,low,draw_2,4,5,0.023072792690466425
pythia-1.4b,low,draw_2,4,6,0.017193283657664295
pythia-1.4b,low,draw_2,4,7,0.020715459824338173
pythia-1.4b,low,draw_2,4,8,0.011830481459458949
pythia-1.4b,low,draw_2,4,9,0.008048374819793825
pythia-1.4b,low,draw_2,4,10,0.030681985503967286
pythia-1.4b,low,draw_2,4,11,0.014727761149636935
pythia-1.4b,low,draw_2,4,12,0.020714649162209383
pythia-1.4b,low,draw_2,4,13,0.017981629155138578
pythia-1.4b,low,draw_2,4,14,0.012606567365673272
pythia-1.4b,low,draw_2,4,15,0.005941961331493171
pythia-1.4b,low,draw_2,5,0,0.02440424006281083
pythia-1.4b,low,draw_2,5,1,0.01460046163674063
pythia-1.4b,low,draw_2,5,2,0.029143737867682304
pythia-1.4b,low,draw_2,5,3,0.004864099526601394
pythia-1.4b,low,draw_2,5,4,0.021290237936764964
pythia-1.4b,low,draw_2,5,5,0.028331117377537764
pythia-1.4b,low,draw_2,5,6,0.007137395428928683
pythia-1.4b,low,draw_2,5,7,0.01140920279932428
pythia-1.4b,low,draw_2,5,8,0.010368142957550024
pythia-1.4b,low,draw_2,5,9,0.008076066382017827
pythia-1.4b,low,draw_2,5,10,0.027033204692936717
pythia-1.4b,low,draw_2,5,11,0.02325823394238506
pythia-1.4b,low,draw_2,5,12,0.025308347320181186
pythia-1.4b,low,draw_2,5,13,0.02389836443468705
pythia-1.4b,low,draw_2,5,14,0.028674738066046705
pythia-1.4b,low,draw_2,5,15,0.004874605493848148
pythia-1.4b,low,draw_2,6,0,0.009219025928122978
pythia-1.4b,low,draw_2,6,1,0.029962869380453287
pythia-1.4b,low,draw_2,6,2,0.005358373415353041
pythia-1.4b,low,draw_2,6,3,0.004455679082098967
pythia-1.4b,low,draw_2,6,4,0.009951263526516905
pythia-1.4b,low,draw_2,6,5,0.023100797512736086
pythia-1.4b,low,draw_2,6,6,0.031066221893163565
pythia-1.4b,low,draw_2,6,7,0.011674399693961928
pythia-1.4b,low,draw_2,6,8,0.013752399496491723
pythia-1.4b,low,draw_2,6,9,0.009637474606022238
pythia-1.4b,low,draw_2,6,10,0.006799941573517631
pythia-1.4b,low,draw_2,6,11,0.013413810012626214
pythia-1.4b,low,draw_2,6,12,0.02180530809135571
pythia-1.4b,low,draw_2,6,13,0.021514352832273476
pythia-1.4b,low,draw_2,6,14,0.00817243847946576
pythia-1.4b,low,draw_2,6,15,0.018405238717285704
pythia-1.4b,low,draw_2,7,0,0.005944615464197427
pythia-1.4b,low,draw_2,7,1,0.028039169807154346
pythia-1.4b,low,draw_2,7,2,0.04226670110243978
pythia-1.4b,low,draw_2,7,3,0.023148289608716306
pythia-1.4b,low,draw_2,7,4,0.035721713270565114
pythia-1.4b,low,draw_2,7,5,0.013970469295379977
pythia-1.4b,low,draw_2,7,6,0.03430099248880797
pythia-1.4b,low,draw_2,7,7,0.012143913646434433
pythia-1.4b,low,draw_2,7,8,0.010930036335580274
pythia-1.4b,low,draw_2,7,9,0.01890076827743893
pythia-1.4b,low,draw_2,7,10,0.013706981765519682
pythia-1.4b,low,draw_2,7,11,0.010686384009719116
pythia-1.4b,low,draw_2,7,12,0.01230121695587094
pythia-1.4b,low,draw_2,7,13,0.011906624107681656
pythia-1.4b,low,draw_2,7,14,0.011316740341508804
pythia-1.4b,low,draw_2,7,15,0.011330022067273442
pythia-1.4b,low,draw_2,8,0,0.010409234544699128
pythia-1.4b,low,draw_2,8,1,0.03762288764149967
pythia-1.4b,low,draw_2,8,2,0.02653226569256833
pythia-1.4b,low,draw_2,8,3,0.0328745077267657
pythia-1.4b,low,draw_2,8,4,0.008474275922226332
pythia-1.4b,low,draw_2,8,5,0.02840016059422924
pythia-1.4b,low,draw_2,8,6,0.018201097167731925
pythia-1.4b,low,draw_2,8,7,0.022032436535889245
pythia-1.4b,low,draw_2,8,8,0.03391543485351274
pythia-1.4b,low,draw_2,8,9,0.030156775039774226
pythia-1.4b,low,draw_2,8,10,0.011567195629756685
pythia-1.4b,low,draw_2,8,11,0.0210523821138334
pythia-1.4b,low,draw_2,8,12,0.024756309591710126
pythia-1.4b,low,draw_2,8,13,0.02929098944355369
pythia-1.4b,low,draw_2,8,14,0.0129191536289323
pythia-1.4b,low,draw_2,8,15,0.008511713758198437
pythia-1.4b,low,draw_2,9,0,0.00974896917946119
pythia-1.4b,low,draw_2,9,1,0.012760490219397283
pythia-1.4b,low,draw_2,9,2,0.017449362679185305
pythia-1.4b,low,draw_2,9,3,0.016778771491801073
pythia-1.4b,low,draw_2,9,4,0.030155747207467384
pythia-1.4b,low,draw_2,9,5,0.03472289583095843
pythia-1.4b,low,draw_2,9,6,0.03685761366638574
pythia-1.4b,low,draw_2,9,7,0.016281953771037198
pythia-1.4b,low,draw_2,9,8,0.05192334766606885
pythia-1.4b,low,draw_2,9,9,0.02026793997982777
pythia-1.4b,low,draw_2,9,10,0.07329592005352169
pythia-1.4b,low,draw_2,9,11,0.0274658203125
pythia-1.4b,low,draw_2,9,12,0.02460110658864926
pythia-1.4b,low,draw_2,9,13,0.018314869688295817
pythia-1.4b,low,draw_2,9,14,0.028617760239352044
pythia-1.4b,low,draw_2,9,15,0.02215118860175201
pythia-1.4b,low,draw_2,10,0,0.006687082430506405
pythia-1.4b,low,draw_2,10,1,0.014481041019946158
pythia-1.4b,low,draw_2,10,2,0.017360700248121624
pythia-1.4b,low,draw_2,10,3,0.028563666536635262
pythia-1.4b,low,draw_2,10,4,0.028627596860873874
pythia-1.4b,low,draw_2,10,5,0.017092643236022796
pythia-1.4b,low,draw_2,10,6,0.025938803703939722
pythia-1.4b,low,draw_2,10,7,0.023734000418069678
pythia-1.4b,low,draw_2,10,8,0.025395475437794246
pythia-1.4b,low,draw_2,10,9,0.0206714400600161
pythia-1.4b,low,draw_2,10,10,0.03504419515913202
pythia-1.4b,low,draw_2,10,11,0.01610424771099334
pythia-1.4b,low,draw_2,10,12,0.00946756449125043
pythia-1.4b,low,draw_2,10,13,0.04121681522876385
pythia-1.4b,low,draw_2,10,14,0.00798398731696271
pythia-1.4b,low,draw_2,10,15,0.02735694924308028
pythia-1.4b,low,draw_2,11,0,0.027854318646252568
pythia-1.4b,low,draw_2,11,1,0.021199755765210174
pythia-1.4b,low,draw_2,11,2,0.05813011880736208
pythia-1.4b,low,draw_2,11,3,0.02122626173893038
pythia-1.4b,low,draw_2,11,4,0.014131492344850477
pythia-1.4b,low,draw_2,11,5,0.04923057641133589
pythia-1.4b,low,draw_2,11,6,0.03197210815346725
pythia-1.4b,low,draw_2,11,7,0.025772523848200387
pythia-1.4b,low,draw_2,11,8,0.028332247356798703
pythia-1.4b,low,draw_2,11,9,0.014484380903366269
pythia-1.4b,low,draw_2,11,10,0.00977237363921935
pythia-1.4b,low,draw_2,11,11,0.02763916837127566
pythia-1.4b,low,draw_2,11,12,0.03248281718989461
pythia-1.4b,low,draw_2,11,13,0.02444984793603853
pythia-1.4b,low,draw_2,11,14,0.013333323039207513
pythia-1.4b,low,draw_2,11,15,0.022175701090983796
pythia-1.4b,low,draw_2,12,0,0.025232895739130644
pythia-1.4b,low,draw_2,12,1,0.020827233985045133
pythia-1.4b,low,draw_2,12,2,0.020542600621343134
pythia-1.4b,low,draw_2,12,3,0.020567319456658288
pythia-1.4b,low,draw_2,12,4,0.019682662396484328
pythia-1.4b,low,draw_2,12,5,0.012301735675304603
pythia-1.4b,low,draw_2,12,6,0.010051059881705854
pythia-1.4b,low,draw_2,12,7,0.05509700891059707
pythia-1.4b,low,draw_2,12,8,0.015564652970005534
pythia-1.4b,low,draw_2,12,9,0.011056810365174842
pythia-1.4b,low,draw_2,12,10,0.006710754290601921
pythia-1.4b,low,draw_2,12,11,0.03758351258123164
pythia-1.4b,low,draw_2,12,12,0.01694590888780988
pythia-1.4b,low,draw_2,12,13,0.022970542233635625
pythia-1.4b,low,draw_2,12,14,0.015973522690168773
pythia-1.4b,low,draw_2,12,15,0.05892737694647984
pythia-1.4b,low,draw_2,13,0,0.02961839834076138
pythia-1.4b,low,draw_2,13,1,0.020425145962349293
pythia-1.4b,low,draw_2,13,2,0.01933124779173354
pythia-1.4b,low,draw_2,13,3,0.023322893116528638
pythia-1.4b,low,draw_2,13,4,0.0
pythia-1.4b,low,draw_2,13,5,0.005316968237003167
pythia-1.4b,low,draw_2,13,6,0.04918903483185881
pythia-1.4b,low,draw_2,13,7,0.034365167755946946
pythia-1.4b,low,draw_2,13,8,0.02630368064013291
pythia-1.4b,low,draw_2,13,9,0.01856619076771316
pythia-1.4b,low,draw_2,13,10,0.005891041322467051
pythia-1.4b,low,draw_2,13,11,0.012912952528570712
pythia-1.4b,low,draw_2,13,12,0.016433584767051944
pythia-1.4b,low,draw_2,13,13,0.03323669874923126
pythia-1.4b,low,draw_2,13,14,0.011658331470259143
pythia-1.4b,low,draw_2,13,15,0.017493501259066725
pythia-1.4b,low,draw_2,14,0,0.0196250206804755
pythia-1.4b,low,draw_2,14,1,0.07316053289320268
pythia-1.4b,low,draw_2,14,2,0.011678084956063598
pythia-1.4b,low,draw_2,14,3,0.00013188203495294234
pythia-1.4b,low,draw_2,14,4,0.019710248040944886
pythia-1.4b,low,draw_2,14,5,0.04611498901035654
pythia-1.4b,low,draw_2,14,6,0.019436406286668848
pythia-1.4b,low,draw_2,14,7,0.038324951023349214
pythia-1.4b,low,draw_2,14,8,0.020845309803591314
pythia-1.4b,low,draw_2,14,9,0.009357448504789643
pythia-1.4b,low,draw_2,14,10,0.013599230429566048
pythia-1.4b,low,draw_2,14,11,0.023496692139322036
pythia-1.4b,low,draw_2,14,12,0.02737783538464667
pythia-1.4b,low,draw_2,14,13,0.026195266975664194
pythia-1.4b,low,draw_2,14,14,0.05174081451273943
pythia-1.4b,low,draw_2,14,15,0.01177541127806545
pythia-1.4b,low,draw_2,15,0,0.035767849779969565
pythia-1.4b,low,draw_2,15,1,0.02585567925513448
pythia-1.4b,low,draw_2,15,2,0.015192446969414148
pythia-1.4b,low,draw_2,15,3,0.01910993755073793
pythia-1.4b,low,draw_2,15,4,0.026228209527490907
pythia-1.4b,low,draw_2,15,5,0.04494627517956919
pythia-1.4b,low,draw_2,15,6,0.02590028985981016
pythia-1.4b,low,draw_2,15,7,0.01875994270922252
pythia-1.4b,low,draw_2,15,8,0.014543539203580074
pythia-1.4b,low,draw_2,15,9,0.027631823827400797
pythia-1.4b,low,draw_2,15,10,0.027391375210982904
pythia-1.4b,low,draw_2,15,11,0.02532563465905127
pythia-1.4b,low,draw_2,15,12,0.03639492128791059
pythia-1.4b,low,draw_2,15,13,0.02673884776067698
pythia-1.4b,low,draw_2,15,14,0.022805027264445384
pythia-1.4b,low,draw_2,15,15,0.023282450924612296
pythia-1.4b,low,draw_2,16,0,0.01881486035665305
pythia-1.4b,low,draw_2,16,1,0.03399004608005257
pythia-1.4b,low,draw_2,16,2,0.048546191712866595
pythia-1.4b,low,draw_2,16,3,0.019801680138568194
pythia-1.4b,low,draw_2,16,4,0.02039449612320931
pythia-1.4b,low,draw_2,16,5,0.029083007779452354
pythia-1.4b,low,draw_2,16,6,0.02908971180379425
pythia-1.4b,low,draw_2,16,7,0.010513980757986669
pythia-1.4b,low,draw_2,16,8,4.038876658724034e-05
pythia-1.4b,low,draw_2,16,9,0.0023309353278784363
pythia-1.4b,low,draw_2,16,10,0.01744459766593502
pythia-1.4b,low,draw_2,16,11,0.011145749021223148
pythia-1.4b,low,draw_2,16,12,0.020042005577504865
pythia-1.4b,low,draw_2,16,13,0.0159784832382177
pythia-1.4b,low,draw_2,16,14,0.009502255451120984
pythia-1.4b,low,draw_2,16,15,0.02672666525855851
pythia-1.4b,low,draw_2,17,0,0.057053793736540036
pythia-1.4b,low,draw_2,17,1,0.03521934780909872
pythia-1.4b,low,draw_2,17,2,0.0
pythia-1.4b,low,draw_2,17,3,0.016006891555973436
pythia-1.4b,low,draw_2,17,4,0.024404063561413003
pythia-1.4b,low,draw_2,17,5,0.04623087755094219
pythia-1.4b,low,draw_2,17,6,0.01756937087149214
pythia-1.4b,low,draw_2,17,7,0.02124287257307779
pythia-1.4b,low,draw_2,17,8,0.035123414030215294
pythia-1.4b,low,draw_2,17,9,0.011216504807234183
pythia-1.4b,low,draw_2,17,10,0.017715595386083024
pythia-1.4b,low,draw_2,17,11,0.021407107645799697
pythia-1.4b,low,draw_2,17,12,0.08530019571842556
pythia-1.4b,low,draw_2,17,13,0.03498062666234891
pythia-1.4b,low,draw_2,17,14,0.011253592925102671
pythia-1.4b,low,draw_2,17,15,0.045890579159641974
pythia-1.4b,low,draw_2,18,0,0.022317015794976056
pythia-1.4b,low,draw_2,18,1,0.004077399268971975
pythia-1.4b,low,draw_2,18,2,0.02268286099998606
pythia-1.4b,low,draw_2,18,3,0.0053371650156035485
pythia-1.4b,low,draw_2,18,4,0.03250702282332174
pythia-1.4b,low,draw_2,18,5,0.00879229587114457
pythia-1.4b,low,draw_2,18,6,0.017514369002315316
pythia-1.4b,low,draw_2,18,7,0.005851724467929428
pythia-1.4b,low,draw_2,18,8,0.026700131956025087
pythia-1.4b,low,draw_2,18,9,0.03131244053949204
pythia-1.4b,low,draw_2,18,10,0.017601846543761863
pythia-1.4b,low,draw_2,18,11,0.022147123108149327
pythia-1.4b,low,draw_2,18,12,0.05649743808232791
pythia-1.4b,low,draw_2,18,13,0.042113384293052517
pythia-1.4b,low,draw_2,18,14,0.005374382174672949
pythia-1.4b,low,draw_2,18,15,0.04497345264657082
pythia-1.4b,low,draw_2,19,0,0.0055700494504453395
pythia-1.4b,low,draw_2,19,1,0.03412736566477948
pythia-1.4b,low,draw_2,19,2,0.022285598550731815
pythia-1.4b,low,draw_2,19,3,0.03234461813431959
pythia-1.4b,low,draw_2,19,4,0.015734412406575762
pythia-1.4b,low,draw_2,19,5,0.02784282491760215
pythia-1.4b,low,draw_2,19,6,0.03288047057268328
pythia-1.4b,low,draw_2,19,7,0.013728455774784895
pythia-1.4b,low,draw_2,19,8,0.016990319031446273
pythia-1.4b,low,draw_2,19,9,0.020296951335465368
pythia-1.4b,low,draw_2,19,10,0.02014593381240372
pythia-1.4b,low,draw_2,19,11,0.027409132631734265
pythia-1.4b,low,draw_2,19,12,0.025119785838897957
pythia-1.4b,low,draw_2,19,13,0.040812876813530616
pythia-1.4b,low,draw_2,19,14,0.017572450052900264
pythia-1.4b,low,draw_2,19,15,0.020036324720443942
pythia-1.4b,low,draw_2,20,0,0.03885580452091006
pythia-1.4b,low,draw_2,20,1,0.052204472014909645
pythia-1.4b,low,draw_2,20,2,0.02918662745447374
pythia-1.4b,low,draw_2,20,3,0.0326911783738045
pythia-1.4b,low,draw_2,20,4,0.015549330282362337
pythia-1.4b,low,draw_2,20,5,0.03387141857974718
pythia-1.4b,low,draw_2,20,6,0.04116813936785445
pythia-1.4b,low,draw_2,20,7,0.04117641833787521
pythia-1.4b,low,draw_2,20,8,0.027150261426623332
pythia-1.4b,low,draw_2,20,9,0.029887183927733273
pythia-1.4b,low,draw_2,20,10,0.0379448533357309
pythia-1.4b,low,draw_2,20,11,0.06244582197286226
pythia-1.4b,low,draw_2,20,12,0.036528084581703424
pythia-1.4b,low,draw_2,20,13,0.030972170549989686
pythia-1.4b,low,draw_2,20,14,0.049973067652060665
pythia-1.4b,low,draw_2,20,15,0.047427512396267954
pythia-1.4b,low,draw_2,21,0,0.033850384617114294
pythia-1.4b,low,draw_2,21,1,0.067569825594415
pythia-1.4b,low,draw_2,21,2,0.027500540722264124
pythia-1.4b,low,draw_2,21,3,0.021590394588545215
pythia-1.4b,low,draw_2,21,4,0.02950500231974238
pythia-1.4b,low,draw_2,21,5,0.02905970978545567
pythia-1.4b,low,draw_2,21,6,0.07413607937150028
pythia-1.4b,low,draw_2,21,7,0.07932682399629638
pythia-1.4b,low,draw_2,21,8,0.005128456148018906
pythia-1.4b,low,draw_2,21,9,0.05159950788653923
pythia-1.4b,low,draw_2,21,10,0.0372366229350027
pythia-1.4b,low,draw_2,21,11,0.002906083033761273
pythia-1.4b,low,draw_2,21,12,0.0038823464139689646
pythia-1.4b,low,draw_2,21,13,0.04434804225986489
pythia-1.4b,low,draw_2,21,14,0.04475491012708586
pythia-1.4b,low,draw_2,21,15,0.0157331656641869
pythia-1.4b,low,draw_2,22,0,0.1295052037091091
pythia-1.4b,low,draw_2,22,1,0.12435712754209843
pythia-1.4b,low,draw_2,22,2,0.030775074859798468
pythia-1.4b,low,draw_2,22,3,0.1376260082526698
pythia-1.4b,low,draw_2,22,4,0.06186696865297425
pythia-1.4b,low,draw_2,22,5,0.12317424191900128
pythia-1.4b,low,draw_2,22,6,0.07564826879272749
pythia-1.4b,low,draw_2,22,7,0.09414759408314881
pythia-1.4b,low,draw_2,22,8,0.11168615592645181
pythia-1.4b,low,draw_2,22,9,0.07746926728907229
pythia-1.4b,low,draw_2,22,10,0.14214382915778925
pythia-1.4b,low,draw_2,22,11,0.08918627370005991
pythia-1.4b,low,draw_2,22,12,0.015454195046405772
pythia-1.4b,low,draw_2,22,13,0.23460444504584962
pythia-1.4b,low,draw_2,22,14,0.12085830194826676
pythia-1.4b,low,draw_2,22,15,0.20954580741452788
pythia-1.4b,low,draw_2,23,0,0.05271301896737849
pythia-1.4b,low,draw_2,23,1,0.15159574910837034
pythia-1.4b,low,draw_2,23,2,0.08664503949238436
pythia-1.4b,low,draw_2,23,3,0.03150850715020437
pythia-1.4b,low,draw_2,23,4,0.08408865996669758
pythia-1.4b,low,draw_2,23,5,0.0658287009035856
pythia-1.4b,low,draw_2,23,6,0.030785846330730067
pythia-1.4b,low,draw_2,23,7,0.05724302533534752
pythia-1.4b,low,draw_2,23,8,0.08745602072985106
pythia-1.4b,low,draw_2,23,9,0.038980594835881184
pythia-1.4b,low,draw_2,23,10,0.09515265365594594
pythia-1.4b,low,draw_2,23,11,0.03553246491606357
pythia-1.4b,low,draw_2,23,12,0.11531834452505446
pythia-1.4b,low,draw_2,23,13,0.0790707121841691
pythia-1.4b,low,draw_2,23,14,0.029013338546096473
pythia-1.4b,low,draw_2,23,15,0.05310714944198119
pythia-1.4b,low,draw_3,0,0,0.0
pythia-1.4b,low,draw_3,0,1,0.0
pythia-1.4b,low,draw_3,0,2,0.0
pythia-1.4b,low,draw_3,0,3,0.0
pythia-1.4b,low,draw_3,0,4,0.0
pythia-1.4b,low,draw_3,0,5,0.0
pythia-1.4b,low,draw_3,0,6,0.0
pythia-1.4b,low,draw_3,0,7,0.0
pythia-1.4b,low,draw_3,0,8,0.0
pythia-1.4b,low,draw_3,0,9,0.0
pythia-1.4b,low,draw_3,0,10,0.0
pythia-1.4b,low,draw_3,0,11,0.0
pythia-1.4b,low,draw_3,0,12,0.0
pythia-1.4b,low,draw_3,0,13,0.0
pythia-1.4b,low,draw_3,0,14,0.0
pythia-1.4b,low,draw_3,0,15,0.0
pythia-1.4b,low,draw_3,1,0,0.004982190325458405
pythia-1.4b,low,draw_3,1,1,0.005582751777854124
pythia-1.4b,low,draw_3,1,2,0.007766468815848428
pythia-1.4b,low,draw_3,1,3,0.01360078619955182
pythia-1.4b,low,draw_3,1,4,0.0018631486784309087
pythia-1.4b,low,draw_3,1,5,0.006281322727921042
pythia-1.4b,low,draw_3,1,6,0.0036626100197946873
pythia-1.4b,low,draw_3,1,7,0.004911316250137579
pythia-1.4b,low,draw_3,1,8,0.006902647532132988
pythia-1.4b,low,draw_3,1,9,0.006309535800273829
pythia-1.4b,low,draw_3,1,10,0.010342684798625776
pythia-1.4b,low,draw_3,1,11,0.001300951595006684
pythia-1.4b,low,draw_3,1,12,0.002480861612056756
pythia-1.4b,low,draw_3,1,13,0.003983627186632263
pythia-1.4b,low,draw_3,1,14,0.007728425558256855
pythia-1.4b,low,draw_3,1,15,0.011244293701192737
pythia-1.4b,low,draw_3,2,0,0.004244696286431433
pythia-1.4b,low,draw_3,2,1,0.005316972342324742
pythia-1.4b,low,draw_3,2,2,0.007090014851031921
pythia-1.4b,low,draw_3,2,3,0.003919765255514338
pythia-1.4b,low,draw_3,2,4,0.003380103239477039
pythia-1.4b,low,draw_3,2,5,0.006760350700572663
pythia-1.4b,low,draw_3,2,6,0.00942651137264303
pythia-1.4b,low,draw_3,2,7,0.0074782812844144
pythia-1.4b,low,draw_3,2,8,0.00894266747688852
pythia-1.4b,low,draw_3,2,9,0.004972829172007507
pythia-1.4b,low,draw_3,2,10,0.005354515684832163
pythia-1.4b,low,draw_3,2,11,0.004586900238972999
pythia-1.4b,low,draw_3,2,12,0.005855686422474684
pythia-1.4b,low,draw_3,2,13,0.00874245724568693
pythia-1.4b,low,draw_3,2,14,0.0032202259024487288
pythia-1.4b,low,draw_3,2,15,0.0063069648640128855
pythia-1.4b,low,draw_3,3,0,0.01634487873954014
pythia-1.4b,low,draw_3,3,1,0.015316670309707743
pythia-1.4b,low,draw_3,3,2,0.006143519908531899
pythia-1.4b,low,draw_3,3,3,0.011193806472419682
pythia-1.4b,low,draw_3,3,4,0.004302349450412574
pythia-1.4b,low,draw_3,3,5,0.008862598403813442
pythia-1.4b,low,draw_3,3,6,0.023799582881487927
pythia-1.4b,low,draw_3,3,7,0.02365260581013903
pythia-1.4b,low,draw_3,3,8,0.00912376066668747
pythia-1.4b,low,draw_3,3,9,0.007568993849462497
pythia-1.4b,low,draw_3,3,10,0.007075735931066032
pythia-1.4b,low,draw_3,3,11,0.011599936780790694
pythia-1.4b,low,draw_3,3,12,0.008566765454032774
pythia-1.4b,low,draw_3,3,13,0.010862689896288013
pythia-1.4b,low,draw_3,3,14,0.007473779084838959
pythia-1.4b,low,draw_3,3,15,0.012758971131606395
pythia-1.4b,low,draw_3,4,0,0.010215113265427985
pythia-1.4b,low,draw_3,4,1,0.014523188760184613
pythia-1.4b,low,draw_3,4,2,0.009614142097059637
pythia-1.4b,low,draw_3,4,3,0.00941149133872353
pythia-1.4b,low,draw_3,4,4,0.008685773326056842
pythia-1.4b,low,draw_3,4,5,0.008225187933526305
pythia-1.4b,low,draw_3,4,6,0.011351085385188963
pythia-1.4b,low,draw_3,4,7,0.029949368738824055
pythia-1.4b,low,draw_3,4,8,0.01720399200799531
pythia-1.4b,low,draw_3,4,9,0.01747446989507108
pythia-1.4b,low,draw_3,4,10,0.03084791119928928
pythia-1.4b,low,draw_3,4,11,0.04432690303608752
pythia-1.4b,low,draw_3,4,12,0.010516591797318566
pythia-1.4b,low,draw_3,4,13,0.00626799453562801
pythia-1.4b,low,draw_3,4,14,0.00876668890363187
pythia-1.4b,low,draw_3,4,15,0.0027001266919154986
pythia-1.4b,low,draw_3,5,0,0.02222871722602643
pythia-1.4b,low,draw_3,5,1,0.030955619358633793
pythia-1.4b,low,draw_3,5,2,0.017225839852185766
pythia-1.4b,low,draw_3,5,3,0.00717289690246171
pythia-1.4b,low,draw_3,5,4,0.020024865881829994
pythia-1.4b,low,draw_3,5,5,0.02156070336665101
pythia-1.4b,low,draw_3,5,6,0.013119524227893037
pythia-1.4b,low,draw_3,5,7,0.018566755084856543
pythia-1.4b,low,draw_3,5,8,0.00872513249547391
pythia-1.4b,low,draw_3,5,9,0.006759490706737145
pythia-1.4b,low,draw_3,5,10,0.021844793862667165
pythia-1.4b,low,draw_3,5,11,0.009635272876100479
pythia-1.4b,low,draw_3,5,12,0.02349853515625
pythia-1.4b,low,draw_3,5,13,0.023315998889306307
pythia-1.4b,low,draw_3,5,14,0.014674567718874742
pythia-1.4b,low,draw_3,5,15,0.004575290078450895
pythia-1.4b,low,draw_3,6,0,0.0030724965194883413
pythia-1.4b,low,draw_3,6,1,0.03261673864181412
pythia-1.4b,low,draw_3,6,2,0.01085460694956376
pythia-1.4b,low,draw_3,6,3,0.0074344955918107195
pythia-1.4b,low,draw_3,6,4,0.02762366186934232
pythia-1.4b,low,draw_3,6,5,0.01746942101769594
pythia-1.4b,low,draw_3,6,6,0.03245575819056547
pythia-1.4b,low,draw_3,6,7,0.009095723075754715
pythia-1.4b,low,draw_3,6,8,0.020801056940642656
pythia-1.4b,low,draw_3,6,9,0.011948513617197662
pythia-1.4b,low,draw_3,6,10,0.0139326155519421
pythia-1.4b,low,draw_3,6,11,0.010361919979409929
pythia-1.4b,low,draw_3,6,12,0.021353463659499784
pythia-1.4b,low,draw_3,6,13,0.020657595524360015
pythia-1.4b,low,draw_3,6,14,0.014449888951255286
pythia-1.4b,low,draw_3,6,15,0.01939153769171801
pythia-1.4b,low,draw_3,7,0,0.011162041474517126
pythia-1.4b,low,draw_3,7,1,0.03678863664499277
pythia-1.4b,low,draw_3,7,2,0.047527280011874645
pythia-1.4b,low,draw_3,7,3,0.03311884400289516
pythia-1.4b,low,draw_3,7,4,0.04093352968768081
pythia-1.4b,low,draw_3,7,5,0.019460116431305678
pythia-1.4b,low,draw_3,7,6,0.04917424788096828
pythia-1.4b,low,draw_3,7,7,0.026052236398818963
pythia-1.4b,low,draw_3,7,8,0.018180121992842718
pythia-1.4b,low,draw_3,7,9,0.020685172619593267
pythia-1.4b,low,draw_3,7,10,0.03274516046041152
pythia-1.4b,low,draw_3,7,11,0.01440731518044009
pythia-1.4b,low,draw_3,7,12,0.007005927281576354
pythia-1.4b,low,draw_3,7,13,0.013847867047073402
pythia-1.4b,low,draw_3,7,14,0.0317218040830507
pythia-1.4b,low,draw_3,7,15,0.019752250484128223
pythia-1.4b,low,draw_3,8,0,0.013516660482508193
pythia-1.4b,low,draw_3,8,1,0.034774268072489734
pythia-1.4b,low,draw_3,8,2,0.023013315831864927
pythia-1.4b,low,draw_3,8,3,0.034917667586695046
pythia-1.4b,low,draw_3,8,4,0.009513539887986804
pythia-1.4b,low,draw_3,8,5,0.03436258969831225
pythia-1.4b,low,draw_3,8,6,0.014102887294645662
pythia-1.4b,low,draw_3,8,7,0.016940455091601102
pythia-1.4b,low,draw_3,8,8,0.023600594474357486
pythia-1.4b,low,draw_3,8,9,0.03985788039843178
pythia-1.4b,low,draw_3,8,10,0.013653993621138356
pythia-1.4b,low,draw_3,8,11,0.021106971961219592
pythia-1.4b,low,draw_3,8,12,0.03712683975683645
pythia-1.4b,low,draw_3,8,13,0.029289147232021626
pythia-1.4b,low,draw_3,8,14,0.012938524158887481
pythia-1.4b,low,draw_3,8,15,0.03144379221161382
pythia-1.4b,low,draw_3,9,0,0.018670592194148693
pythia-1.4b,low,draw_3,9,1,0.009356002135392295
pythia-1.4b,low,draw_3,9,2,0.027509376110437963
pythia-1.4b,low,draw_3,9,3,0.030136826905002703
pythia-1.4b,low,draw_3,9,4,0.021904601563959184
pythia-1.4b,low,draw_3,9,5,0.0363748921060109
pythia-1.4b,low,draw_3,9,6,0.03317701491174674
pythia-1.4b,low,draw_3,9,7,0.029341907462035
pythia-1.4b,low,draw_3,9,8,0.02773783454003485
pythia-1.4b,low,draw_3,9,9,0.01944793200383176
pythia-1.4b,low,draw_3,9,10,0.06072153579043815
pythia-1.4b,low,draw_3,9,11,0.02747278549039727
pythia-1.4b,low,draw_3,9,12,0.026731077293761656
pythia-1.4b,low,draw_3,9,13,0.013499082316877548
pythia-1.4b,low,draw_3,9,14,0.035866178872715274
pythia-1.4b,low,draw_3,9,15,0.035540291155517816
pythia-1.4b,low,draw_3,10,0,0.009339349671313817
pythia-1.4b,low,draw_3,10,1,0.012591740740409375
pythia-1.4b,low,draw_3,10,2,0.021187437142852785
pythia-1.4b,low,draw_3,10,3,0.04014302921111322
pythia-1.4b,low,draw_3,10,4,0.032854224538278416
pythia-1.4b,low,draw_3,10,5,0.029404996992205754
pythia-1.4b,low,draw_3,10,6,0.0227622279413328
pythia-1.4b,low,draw_3,10,7,0.03396424102687145
pythia-1.4b,low,draw_3,10,8,0.0399538010436348
pythia-1.4b,low,draw_3,10,9,0.021904613521921617
pythia-1.4b,low,draw_3,10,10,0.04016194734066229
pythia-1.4b,low,draw_3,10,11,0.031080814308384958
pythia-1.4b,low,draw_3,10,12,0.014524269353227386
pythia-1.4b,low,draw_3,10,13,0.03763148717841144
pythia-1.4b,low,draw_3,10,14,0.01868015224178004
pythia-1.4b,low,draw_3,10,15,0.02926814538229678
pythia-1.4b,low,draw_3,11,0,0.015117772804740658
pythia-1.4b,low,draw_3,11,1,0.015900882739689367
pythia-1.4b,low,draw_3,11,2,0.060916755275253094
pythia-1.4b,low,draw_3,11,3,0.02260403427506972
pythia-1.4b,low,draw_3,11,4,0.014725974628366344
pythia-1.4b,low,draw_3,11,5,0.026496623592894192
pythia-1.4b,low,draw_3,11,6,0.02054236118836666
pythia-1.4b,low,draw_3,11,7,0.01610609909585931
pythia-1.4b,low,draw_3,11,8,0.04134768508771378
pythia-1.4b,low,draw_3,11,9,0.014183173709996371
pythia-1.4b,low,draw_3,11,10,0.009318965010919703
pythia-1.4b,low,draw_3,11,11,0.036316943755208095
pythia-1.4b,low,draw_3,11,12,0.02040848063476393
pythia-1.4b,low,draw_3,11,13,0.008222250997094784
pythia-1.4b,low,draw_3,11,14,0.027343609502976367
pythia-1.4b,low,draw_3,11,15,0.01210924439782809
pythia-1.4b,low,draw_3,12,0,0.012442689933082292
pythia-1.4b,low,draw_3,12,1,0.024686629368272463
pythia-1.4b,low,draw_3,12,2,0.017733972482902687
pythia-1.4b,low,draw_3,12,3,0.012717585099671195
pythia-1.4b,low,draw_3,12,4,0.006398492031212915
pythia-1.4b,low,draw_3,12,5,0.015678195998373425
pythia-1.4b,low,draw_3,12,6,0.01453023396245067
pythia-1.4b,low,draw_3,12,7,0.0487018430413842
pythia-1.4b,low,draw_3,12,8,0.01969839193795827
pythia-1.4b,low,draw_3,12,9,0.015603345714920816
pythia-1.4b,low,draw_3,12,10,0.01804817091326609
pythia-1.4b,low,draw_3,12,11,0.028067137467104496
pythia-1.4b,low,draw_3,12,12,0.015097890841418332
pythia-1.4b,low,draw_3,12,13,0.013670952693449505
pythia-1.4b,low,draw_3,12,14,0.011497422884449902
pythia-1.4b,low,draw_3,12,15,0.04849868023550867
pythia-1.4b,low,draw_3,13,0,0.04140756870365126
pythia-1.4b,low,draw_3,13,1,0.013420366845278763
pythia-1.4b,low,draw_3,13,2,0.03531463694119795
pythia-1.4b,low,draw_3,13,3,0.05053687441121641
pythia-1.4b,low,draw_3,13,4,0.0
pythia-1.4b,low,draw_3,13,5,0.006394851590835145
pythia-1.4b,low,draw_3,13,6,0.03549523637604505
pythia-1.4b,low,draw_3,13,7,0.0647371924655244
pythia-1.4b,low,draw_3,13,8,0.03081912973078026
pythia-1.4b,low,draw_3,13,9,0.015173620956407036
pythia-1.4b,low,draw_3,13,10,0.009423521094311367
pythia-1.4b,low,draw_3,13,11,0.012627157333563717
pythia-1.4b,low,draw_3,13,12,0.010428095098393098
pythia-1.4b,low,draw_3,13,13,0.04436024963417583
pythia-1.4b,low,draw_3,13,14,0.01331824836231559
pythia-1.4b,low,draw_3,13,15,0.03414028144091795
pythia-1.4b,low,draw_3,14,0,0.014665641219038482
pythia-1.4b,low,draw_3,14,1,0.06757795025135886
pythia-1.4b,low,draw_3,14,2,0.012808267440170223
pythia-1.4b,low,draw_3,14,3,6.23358835545823e-05
pythia-1.4b,low,draw_3,14,4,0.026435155157506395
pythia-1.4b,low,draw_3,14,5,0.02811148951461667
pythia-1.4b,low,draw_3,14,6,0.02158099092159675
pythia-1.4b,low,draw_3,14,7,0.029975538671629942
pythia-1.4b,low,draw_3,14,8,0.016219450398713035
pythia-1.4b,low,draw_3,14,9,0.01217182088115766
pythia-1.4b,low,draw_3,14,10,0.018996073984829668
pythia-1.4b,low,draw_3,14,11,0.020767849555726636
pythia-1.4b,low,draw_3,14,12,0.021898701506284507
pythia-1.4b,low,draw_3,14,13,0.03028233074492744
pythia-1.4b,low,draw_3,14,14,0.049913791754276834
pythia-1.4b,low,draw_3,14,15,0.009811560805999361
pythia-1.4b,low,draw_3,15,0,0.035813286489006696
pythia-1.4b,low,draw_3,15,1,0.019065705810534118
pythia-1.4b,low,draw_3,15,2,0.017525635107053288
pythia-1.4b,low,draw_3,15,3,0.029289570533597608
pythia-1.4b,low,draw_3,15,4,0.02965929062036206
pythia-1.4b,low,draw_3,15,5,0.03687581169520099
pythia-1.4b,low,draw_3,15,6,0.018407295056669534
pythia-1.4b,low,draw_3,15,7,0.028398195003985365
pythia-1.4b,low,draw_3,15,8,0.026812295456225023
pythia-1.4b,low,draw_3,15,9,0.026212104838523962
pythia-1.4b,low,draw_3,15,10,0.04763579867805055
pythia-1.4b,low,draw_3,15,11,0.02345814391775941
pythia-1.4b,low,draw_3,15,12,0.02537642595437491
pythia-1.4b,low,draw_3,15,13,0.014765522347987819
pythia-1.4b,low,draw_3,15,14,0.01782318090022089
pythia-1.4b,low,draw_3,15,15,0.019390272432102913
pythia-1.4b,low,draw_3,16,0,0.024120830040235346
pythia-1.4b,low,draw_3,16,1,0.02068360517337617
pythia-1.4b,low,draw_3,16,2,0.057143240133014805
pythia-1.4b,low,draw_3,16,3,0.02669312653175199
pythia-1.4b,low,draw_3,16,4,0.023034566081538876
pythia-1.4b,low,draw_3,16,5,0.024076739740780746
pythia-1.4b,low,draw_3,16,6,0.04129010839770659
pythia-1.4b,low,draw_3,16,7,0.007574696925295524
pythia-1.4b,low,draw_3,16,8,0.0001445526986170591
pythia-1.4b,low,draw_3,16,9,0.0020845387815072035
pythia-1.4b,low,draw_3,16,10,0.015097154933457821
pythia-1.4b,low,draw_3,16,11,0.015062469219981596
pythia-1.4b,low,draw_3,16,12,0.00656592625912276
pythia-1.4b,low,draw_3,16,13,0.012880566381624542
pythia-1.4b,low,draw_3,16,14,0.0069754516759069326
pythia-1.4b,low,draw_3,16,15,0.02280056777724769
pythia-1.4b,low,draw_3,17,0,0.040020592430161005
pythia-1.4b,low,draw_3,17,1,0.03579171376503713
pythia-1.4b,low,draw_3,17,2,0.0
pythia-1.4b,low,draw_3,17,3,0.027062747560221152
pythia-1.4b,low,draw_3,17,4,0.058241302734884974
pythia-1.4b,low,draw_3,17,5,0.028605976042871815
pythia-1.4b,low,draw_3,17,6,0.025564523236687654
pythia-1.4b,low,draw_3,17,7,0.022680679666207883
pythia-1.4b,low,draw_3,17,8,0.024021636645343673
pythia-1.4b,low,draw_3,17,9,0.038232950594231443
pythia-1.4b,low,draw_3,17,10,0.005487051516664434
pythia-1.4b,low,draw_3,17,11,0.009885521343624214
pythia-1.4b,low,draw_3,17,12,0.10845646722565515
pythia-1.4b,low,draw_3,17,13,0.010705643232759346
pythia-1.4b,low,draw_3,17,14,0.03208944199984485
pythia-1.4b,low,draw_3,17,15,0.023311825668439166
pythia-1.4b,low,draw_3,18,0,0.026501652678707414
pythia-1.4b,low,draw_3,18,1,0.0074718887348220325
pythia-1.4b,low,draw_3,18,2,0.033878786659271555
pythia-1.4b,low,draw_3,18,3,0.007488070975044207
pythia-1.4b,low,draw_3,18,4,0.051504315073403695
pythia-1.4b,low,draw_3,18,5,0.01868992073609459
pythia-1.4b,low,draw_3,18,6,0.02168974135837261
pythia-1.4b,low,draw_3,18,7,0.004255473903851953
pythia-1.4b,low,draw_3,18,8,0.02858505769297312
pythia-1.4b,low,draw_3,18,9,0.04996197770999102
pythia-1.4b,low,draw_3,18,10,0.013177689360421137
pythia-1.4b,low,draw_3,18,11,0.03000317577227244
pythia-1.4b,low,draw_3,18,12,0.05362562426596076
pythia-1.4b,low,draw_3,18,13,0.031340068793151515
pythia-1.4b,low,draw_3,18,14,0.024919158270275316
pythia-1.4b,low,draw_3,18,15,0.029954552671088663
pythia-1.4b,low,draw_3,19,0,0.004220005940581789
pythia-1.4b,low,draw_3,19,1,0.02436919619700736
pythia-1.4b,low,draw_3,19,2,0.03615039642443583
pythia-1.4b,low,draw_3,19,3,0.046237605502556615
pythia-1.4b,low,draw_3,19,4,0.019493146325229402
pythia-1.4b,low,draw_3,19,5,0.027183972745123474
pythia-1.4b,low,draw_3,19,6,0.056225057873583735
pythia-1.4b,low,draw_3,19,7,0.012289410025821838
pythia-1.4b,low,draw_3,19,8,0.017734353221972365
pythia-1.4b,low,draw_3,19,9,0.021729144478388192
pythia-1.4b,low,draw_3,19,10,0.03590953797708914
pythia-1.4b,low,draw_3,19,11,0.02884845481366457
pythia-1.4b,low,draw_3,19,12,0.019497614448591362
pythia-1.4b,low,draw_3,19,13,0.05309411371183963
pythia-1.4b,low,draw_3,19,14,0.030368301556098674
pythia-1.4b,low,draw_3,19,15,0.020535851508984876
pythia-1.4b,low,draw_3,20,0,0.03311475923029154
pythia-1.4b,low,draw_3,20,1,0.04541361446953659
pythia-1.4b,low,draw_3,20,2,0.04110471382488287
pythia-1.4b,low,draw_3,20,3,0.021040549869626658
pythia-1.4b,low,draw_3,20,4,0.0136654095603923
pythia-1.4b,low,draw_3,20,5,0.024391750630767303
pythia-1.4b,low,draw_3,20,6,0.051305109122809174
pythia-1.4b,low,draw_3,20,7,0.02810393391375516
pythia-1.4b,low,draw_3,20,8,0.03144397362530196
pythia-1.4b,low,draw_3,20,9,0.020444754600110276
pythia-1.4b,low,draw_3,20,10,0.037136804958567256
pythia-1.4b,low,draw_3,20,11,0.0528404176299741
pythia-1.4b,low,draw_3,20,12,0.03607692455869407
pythia-1.4b,low,draw_3,20,13,0.027064010074306585
pythia-1.4b,low,draw_3,20,14,0.06391526258941546
pythia-1.4b,low,draw_3,20,15,0.05397866022856882
pythia-1.4b,low,draw_3,21,0,0.04771823701570296
pythia-1.4b,low,draw_3,21,1,0.1270716480709123
pythia-1.4b,low,draw_3,21,2,0.04082360191643904
pythia-1.4b,low,draw_3,21,3,0.026808680611344216
pythia-1.4b,low,draw_3,21,4,0.04341585372941984
pythia-1.4b,low,draw_3,21,5,0.025398193661819682
pythia-1.4b,low,draw_3,21,6,0.050233833953767716
pythia-1.4b,low,draw_3,21,7,0.14163253050923413
pythia-1.4b,low,draw_3,21,8,0.01753104796867993
pythia-1.4b,low,draw_3,21,9,0.05397023984788703
pythia-1.4b,low,draw_3,21,10,0.046054238320442045
pythia-1.4b,low,draw_3,21,11,0.004078948332476181
pythia-1.4b,low,draw_3,21,12,0.009658611590790064
pythia-1.4b,low,draw_3,21,13,0.0589978390604541
pythia-1.4b,low,draw_3,21,14,0.03670715709562002
pythia-1.4b,low,draw_3,21,15,0.056956021453715346
pythia-1.4b,low,draw_3,22,0,0.06050426768292799
pythia-1.4b,low,draw_3,22,1,0.06602035976675727
pythia-1.4b,low,draw_3,22,2,0.024486863549728757
pythia-1.4b,low,draw_3,22,3,0.0737628865500314
pythia-1.4b,low,draw_3,22,4,0.04178821989938675
pythia-1.4b,low,draw_3,22,5,0.06071481179812853
pythia-1.4b,low,draw_3,22,6,0.047738296399224535
pythia-1.4b,low,draw_3,22,7,0.017109280840732197
pythia-1.4b,low,draw_3,22,8,0.026593674920174466
pythia-1.4b,low,draw_3,22,9,0.03145676990544002
pythia-1.4b,low,draw_3,22,10,0.05297196255425122
pythia-1.4b,low,draw_3,22,11,0.0299886276904119
pythia-1.4b,low,draw_3,22,12,0.016622109005320865
pythia-1.4b,low,draw_3,22,13,0.061416908405673404
pythia-1.4b,low,draw_3,22,14,0.03802970561983904
pythia-1.4b,low,draw_3,22,15,0.0691870649271538
pythia-1.4b,low,draw_3,23,0,0.028049792460757103
pythia-1.4b,low,draw_3,23,1,0.06446791970351175
pythia-1.4b,low,draw_3,23,2,0.04701604088700427
pythia-1.4b,low,draw_3,23,3,0.014115574760378748
pythia-1.4b,low,draw_3,23,4,0.05318493775187068
pythia-1.4b,low,draw_3,23,5,0.04662875225638985
pythia-1.4b,low,draw_3,23,6,0.04031716417944256
pythia-1.4b,low,draw_3,23,7,0.040965719743101536
pythia-1.4b,low,draw_3,23,8,0.035898692165940875
pythia-1.4b,low,draw_3,23,9,0.0282936937100232
pythia-1.4b,low,draw_3,23,10,0.045117744219429136
pythia-1.4b,low,draw_3,23,11,0.03334634759347541
pythia-1.4b,low,draw_3,23,12,0.08730335063892196
pythia-1.4b,low,draw_3,23,13,0.04615865154966175
pythia-1.4b,low,draw_3,23,14,0.015423502731260174
pythia-1.4b,low,draw_3,23,15,0.06740753439031968
pythia-1.4b,medium,draw_1,0,0,0.0
pythia-1.4b,medium,draw_1,0,1,0.0
pythia-1.4b,medium,draw_1,0,2,0.0
pythia-1.4b,medium,draw_1,0,3,0.0
pythia-1.4b,medium,draw_1,0,4,0.0
pythia-1.4b,medium,draw_1,0,5,0.0
pythia-1.4b,medium,draw_1,0,6,0.0
pythia-1.4b,medium,draw_1,0,7,0.0
pythia-1.4b,medium,draw_1,0,8,0.0
pythia-1.4b,medium,draw_1,0,9,0.0
pythia-1.4b,medium,draw_1,0,10,0.0
pythia-1.4b,medium,draw_1,0,11,0.0
pythia-1.4b,medium,draw_1,0,12,0.0
pythia-1.4b,medium,draw_1,0,13,0.0
pythia-1.4b,medium,draw_1,0,14,0.0
pythia-1.4b,medium,draw_1,0,15,0.0
pythia-1.4b,medium,draw_1,1,0,
pythia-1.4b,medium,draw_1,1,1,9.957679756049552e-05
pythia-1.4b,medium,draw_1,1,2,0.0004265472964399971
pythia-1.4b,medium,draw_1,1,3,0.00017424337041788387
pythia-1.4b,medium,draw_1,1,4,
pythia-1.4b,medium,draw_1,1,5,0.00012091559898685822
pythia-1.4b,medium,draw_1,1,6,
pythia-1.4b,medium,draw_1,1,7,0.00010623333681273615
pythia-1.4b,medium,draw_1,1,8,
pythia-1.4b,medium,draw_1,1,9,
pythia-1.4b,medium,draw_1,1,10,0.00011917686021303353
pythia-1.4b,medium,draw_1,1,11,0.0001725259094290608
pythia-1.4b,medium,draw_1,1,12,0.00014155238526693706
pythia-1.4b,medium,draw_1,1,13,5.551442351918101e-05
pythia-1.4b,medium,draw_1,1,14,0.00011521514622534128
pythia-1.4b,medium,draw_1,1,15,0.00019076578068492984
pythia-1.4b,medium,draw_1,2,0,0.0001914734250202359
pythia-1.4b,medium,draw_1,2,1,
pythia-1.4b,medium,draw_1,2,2,
pythia-1.4b,medium,draw_1,2,3,0.0001765267002646701
pythia-1.4b,medium,draw_1,2,4,3.1741921796069976e-05
pythia-1.4b,medium,draw_1,2,5,6.039018362388407e-05
pythia-1.4b,medium,draw_1,2,6,
pythia-1.4b,medium,draw_1,2,7,
pythia-1.4b,medium,draw_1,2,8,6.496282862579268e-05
pythia-1.4b,medium,draw_1,2,9,0.00017485235634993117
pythia-1.4b,medium,draw_1,2,10,4.397255662307168e-05
pythia-1.4b,medium,draw_1,2,11,0.0001472230382287417
pythia-1.4b,medium,draw_1,2,12,
pythia-1.4b,medium,draw_1,2,13,4.819123074769073e-05
pythia-1.4b,medium,draw_1,2,14,5.98102836956018e-05
pythia-1.4b,medium,draw_1,2,15,0.00012506026065709
pythia-1.4b,medium,draw_1,3,0,0.007498695485464674
pythia-1.4b,medium,draw_1,3,1,0.006372476615960133
pythia-1.4b,medium,draw_1,3,2,0.006607241771094346
pythia-1.4b,medium,draw_1,3,3,0.00500651858365252
pythia-1.4b,medium,draw_1,3,4,0.005720840327101336
pythia-1.4b,medium,draw_1,3,5,0.007617361115653383
pythia-1.4b,medium,draw_1,3,6,0.00809291778455054
pythia-1.4b,medium,draw_1,3,7,0.006603865701353943
pythia-1.4b,medium,draw_1,3,8,0.004100561800429405
pythia-1.4b,medium,draw_1,3,9,0.003046469875447437
pythia-1.4b,medium,draw_1,3,10,0.002691611572989133
pythia-1.4b,medium,draw_1,3,11,0.015499366140431521
pythia-1.4b,medium,draw_1,3,12,0.0037461259445740205
pythia-1.4b,medium,draw_1,3,13,0.003974531049038637
pythia-1.4b,medium,draw_1,3,14,0.008581568268891938
pythia-1.4b,medium,draw_1,3,15,0.003112281027938259
pythia-1.4b,medium,draw_1,4,0,0.017533526368585996
pythia-1.4b,medium,draw_1,4,1,0.018634766077897838
pythia-1.4b,medium,draw_1,4,2,0.0144577348452086
pythia-1.4b,medium,draw_1,4,3,0.016797601745097975
pythia-1.4b,medium,draw_1,4,4,0.006568080127666056
pythia-1.4b,medium,draw_1,4,5,0.012989455901355485
pythia-1.4b,medium,draw_1,4,6,0.011186916967968653
pythia-1.4b,medium,draw_1,4,7,0.0064796201165800305
pythia-1.4b,medium,draw_1,4,8,0.011586337748364343
pythia-1.4b,medium,draw_1,4,9,0.006220543797030563
pythia-1.4b,medium,draw_1,4,10,0.010856759438491478
pythia-1.4b,medium,draw_1,4,11,0.010647888157354108
pythia-1.4b,medium,draw_1,4,12,0.005291630018737343
pythia-1.4b,medium,draw_1,4,13,0.01872795931088022
pythia-1.4b,medium,draw_1,4,14,0.00867554417302993
pythia-1.4b,medium,draw_1,4,15,0.0024893084609205595
pythia-1.4b,medium,draw_1,5,0,0.018762592281935653
pythia-1.4b,medium,draw_1,5,1,0.012642062709401016
pythia-1.4b,medium,draw_1,5,2,0.024338515936876814
pythia-1.4b,medium,draw_1,5,3,0.008951338119095074
pythia-1.4b,medium,draw_1,5,4,0.017501065271547704
pythia-1.4b,medium,draw_1,5,5,0.012029780739007198
pythia-1.4b,medium,draw_1,5,6,0.010326587715888697
pythia-1.4b,medium,draw_1,5,7,0.014569962423174019
pythia-1.4b,medium,draw_1,5,8,0.010678879291631527
pythia-1.4b,medium,draw_1,5,9,0.006653290260352895
pythia-1.4b,medium,draw_1,5,10,0.01706526214561025
pythia-1.4b,medium,draw_1,5,11,0.005452105939126557
pythia-1.4b,medium,draw_1,5,12,0.00776072009671366
pythia-1.4b,medium,draw_1,5,13,0.024494195797593987
pythia-1.4b,medium,draw_1,5,14,0.010613503808558189
pythia-1.4b,medium,draw_1,5,15,0.0035595643144198563
pythia-1.4b,medium,draw_1,6,0,0.003989505894346598
pythia-1.4b,medium,draw_1,6,1,0.02999466938725924
pythia-1.4b,medium,draw_1,6,2,0.004796341309152373
pythia-1.4b,medium,draw_1,6,3,0.0059787107805071545
pythia-1.4b,medium,draw_1,6,4,0.02605576518509432
pythia-1.4b,medium,draw_1,6,5,0.03842405776645205
pythia-1.4b,medium,draw_1,6,6,0.03137338576175066
pythia-1.4b,medium,draw_1,6,7,0.013738224272925719
pythia-1.4b,medium,draw_1,6,8,0.015293453895186339
pythia-1.4b,medium,draw_1,6,9,0.006167762693867331
pythia-1.4b,medium,draw_1,6,10,0.009847970329361832
pythia-1.4b,medium,draw_1,6,11,0.01183562312165023
pythia-1.4b,medium,draw_1,6,12,0.01994769652874313
pythia-1.4b,medium,draw_1,6,13,0.01589203979667617
pythia-1.4b,medium,draw_1,6,14,0.009843994631452333
pythia-1.4b,medium,draw_1,6,15,0.014520843441369674
pythia-1.4b,medium,draw_1,7,0,0.006918142540691099
pythia-1.4b,medium,draw_1,7,1,0.02522299755483475
pythia-1.4b,medium,draw_1,7,2,0.038730010974004275
pythia-1.4b,medium,draw_1,7,3,0.016808604598623628
pythia-1.4b,medium,draw_1,7,4,0.0201118140601865
pythia-1.4b,medium,draw_1,7,5,0.006680108126930052
pythia-1.4b,medium,draw_1,7,6,0.02704825776858376
pythia-1.4b,medium,draw_1,7,7,0.009994902857731316
pythia-1.4b,medium,draw_1,7,8,0.02156113869060168
pythia-1.4b,medium,draw_1,7,9,0.021650519919106166
pythia-1.4b,medium,draw_1,7,10,0.021339760192132823
pythia-1.4b,medium,draw_1,7,11,0.027660746289723474
pythia-1.4b,medium,draw_1,7,12,0.024419802944513402
pythia-1.4b,medium,draw_1,7,13,0.00768482338824557
pythia-1.4b,medium,draw_1,7,14,0.02189880915670716
pythia-1.4b,medium,draw_1,7,15,0.013144933122638747
pythia-1.4b,medium,draw_1,8,0,0.011693883381411134
pythia-1.4b,medium,draw_1,8,1,0.025412632501207955
pythia-1.4b,medium,draw_1,8,2,0.031116457302299973
pythia-1.4b,medium,draw_1,8,3,0.03061560337020719
pythia-1.4b,medium,draw_1,8,4,0.009361770728257538
pythia-1.4b,medium,draw_1,8,5,0.03453168812642122
pythia-1.4b,medium,draw_1,8,6,0.025495950323379108
pythia-1.4b,medium,draw_1,8,7,0.035626648636784025
pythia-1.4b,medium,draw_1,8,8,0.03257539371492156
pythia-1.4b,medium,draw_1,8,9,0.04313524997742384
pythia-1.4b,medium,draw_1,8,10,0.01612833613011457
pythia-1.4b,medium,draw_1,8,11,0.022577349495191544
pythia-1.4b,medium,draw_1,8,12,0.02659154187009087
pythia-1.4b,medium,draw_1,8,13,0.022081153610184714
pythia-1.4b,medium,draw_1,8,14,0.011670465137493745
pythia-1.4b,medium,draw_1,8,15,0.023742391393375337
pythia-1.4b,medium,draw_1,9,0,0.011393539674251543
pythia-1.4b,medium,draw_1,9,1,0.028405750202525795
pythia-1.4b,medium,draw_1,9,2,0.026597457954543217
pythia-1.4b,medium,draw_1,9,3,0.010177360657379005
pythia-1.4b,medium,draw_1,9,4,0.024575072082992762
pythia-1.4b,medium,draw_1,9,5,0.026398243099308563
pythia-1.4b,medium,draw_1,9,6,0.036446763584200854
pythia-1.4b,medium,draw_1,9,7,0.021176397786940263
pythia-1.4b,medium,draw_1,9,8,0.03890317372335808
pythia-1.4b,medium,draw_1,9,9,0.013808781527803148
pythia-1.4b,medium,draw_1,9,10,0.06316120968724084
pythia-1.4b,medium,draw_1,9,11,0.035484363996314223
pythia-1.4b,medium,draw_1,9,12,0.034488174819609245
pythia-1.4b,medium,draw_1,9,13,0.027177701373325258
pythia-1.4b,medium,draw_1,9,14,0.013935633684488082
pythia-1.4b,medium,draw_1,9,15,0.016031905075821473
pythia-1.4b,medium,draw_1,10,0,0.00835769483872603
pythia-1.4b,medium,draw_1,10,1,0.013780276944961086
pythia-1.4b,medium,draw_1,10,2,0.013891679833967675
pythia-1.4b,medium,draw_1,10,3,0.025509224888341096
pythia-1.4b,medium,draw_1,10,4,0.035233146956393825
pythia-1.4b,medium,draw_1,10,5,0.021518063142519108
pythia-1.4b,medium,draw_1,10,6,0.012563874402958045
pythia-1.4b,medium,draw_1,10,7,0.02021111572599552
pythia-1.4b,medium,draw_1,10,8,0.01810504030134287
pythia-1.4b,medium,draw_1,10,9,0.02438457615740174
pythia-1.4b,medium,draw_1,10,10,0.033792027580393284
pythia-1.4b,medium,draw_1,10,11,0.022381840213742104
pythia-1.4b,medium,draw_1,10,12,0.012122691383192288
pythia-1.4b,medium,draw_1,10,13,0.04217406186903063
pythia-1.4b,medium,draw_1,10,14,0.01295429235796681
pythia-1.4b,medium,draw_1,10,15,0.018354005897221675
pythia-1.4b,medium,draw_1,11,0,0.019085015436471495
pythia-1.4b,medium,draw_1,11,1,0.015383091075904505
pythia-1.4b,medium,draw_1,11,2,0.04713885976842051
pythia-1.4b,medium,draw_1,11,3,0.023633199483682307
pythia-1.4b,medium,draw_1,11,4,0.015140362846968465
pythia-1.4b,medium,draw_1,11,5,0.043553438297028145
pythia-1.4b,medium,draw_1,11,6,0.021392075366424346
pythia-1.4b,medium,draw_1,11,7,0.014895736836192264
pythia-1.4b,medium,draw_1,11,8,0.03400219061180934
pythia-1.4b,medium,draw_1,11,9,0.017435710562754562
pythia-1.4b,medium,draw_1,11,10,0.01020268828355493
pythia-1.4b,medium,draw_1,11,11,0.0243837812505353
pythia-1.4b,medium,draw_1,11,12,0.022523730036290948
pythia-1.4b,medium,draw_1,11,13,0.03059118549223334
pythia-1.4b,medium,draw_1,11,14,0.022798674720336948
pythia-1.4b,medium,draw_1,11,15,0.01569088441575996
pythia-1.4b,medium,draw_1,12,0,0.01858021993441616
pythia-1.4b,medium,draw_1,12,1,0.019753049811201035
pythia-1.4b,medium,draw_1,12,2,0.018047525069833488
pythia-1.4b,medium,draw_1,12,3,0.014863799383127773
pythia-1.4b,medium,draw_1,12,4,0.009960081785976013
pythia-1.4b,medium,draw_1,12,5,0.018273704338898012
pythia-1.4b,medium,draw_1,12,6,0.010897127266284562
pythia-1.4b,medium,draw_1,12,7,0.030297413107368363
pythia-1.4b,medium,draw_1,12,8,0.014328254803118447
pythia-1.4b,medium,draw_1,12,9,0.033000824120781036
pythia-1.4b,medium,draw_1,12,10,0.021794072251066228
pythia-1.4b,medium,draw_1,12,11,0.024006100539564278
pythia-1.4b,medium,draw_1,12,12,0.018975591059885243
pythia-1.4b,medium,draw_1,12,13,0.029688324022778004
pythia-1.4b,medium,draw_1,12,14,0.01974568814890218
pythia-1.4b,medium,draw_1,12,15,0.04039766349467817
pythia-1.4b,medium,draw_1,13,0,0.035059994148932676
pythia-1.4b,medium,draw_1,13,1,0.015398316467439471
pythia-1.4b,medium,draw_1,13,2,0.018976397795726067
pythia-1.4b,medium,draw_1,13,3,0.03953998618506426
pythia-1.4b,medium,draw_1,13,4,0.0
pythia-1.4b,medium,draw_1,13,5,0.007565572825557797
pythia-1.4b,medium,draw_1,13,6,0.025037387648313477
pythia-1.4b,medium,draw_1,13,7,0.03661057003128734
pythia-1.4b,medium,draw_1,13,8,0.02944885510227583
pythia-1.4b,medium,draw_1,13,9,0.008574203999534902
pythia-1.4b,medium,draw_1,13,10,0.005668410056516208
pythia-1.4b,medium,draw_1,13,11,0.019010840725850346
pythia-1.4b,medium,draw_1,13,12,0.009426653394019024
pythia-1.4b,medium,draw_1,13,13,0.039327876355063796
pythia-1.4b,medium,draw_1,13,14,0.013432797647745645
pythia-1.4b,medium,draw_1,13,15,0.03058077372458899
pythia-1.4b,medium,draw_1,14,0,0.020533829744370225
pythia-1.4b,medium,draw_1,14,1,0.054673925486158965
pythia-1.4b,medium,draw_1,14,2,0.011478837355389956
pythia-1.4b,medium,draw_1,14,3,
pythia-1.4b,medium,draw_1,14,4,0.019366556426419376
pythia-1.4b,medium,draw_1,14,5,0.02436748591705369
pythia-1.4b,medium,draw_1,14,6,0.014504632798584549
pythia-1.4b,medium,draw_1,14,7,0.027707097666015576
pythia-1.4b,medium,draw_1,14,8,0.016786745116280182
pythia-1.4b,medium,draw_1,14,9,0.009204996505657126
pythia-1.4b,medium,draw_1,14,10,0.02694423700032222
pythia-1.4b,medium,draw_1,14,11,0.03456414822400138
pythia-1.4b,medium,draw_1,14,12,0.02280581722004723
pythia-1.4b,medium,draw_1,14,13,0.020191615316642923
pythia-1.4b,medium,draw_1,14,14,0.0431201823971324
pythia-1.4b,medium,draw_1,14,15,0.009718059393077984
pythia-1.4b,medium,draw_1,15,0,0.027428536010248493
pythia-1.4b,medium,draw_1,15,1,0.024629787794955133
pythia-1.4b,medium,draw_1,15,2,0.011362248544755106
pythia-1.4b,medium,draw_1,15,3,0.03334499651170756
pythia-1.4b,medium,draw_1,15,4,0.026430575902535645
pythia-1.4b,medium,draw_1,15,5,0.021783897457243198
pythia-1.4b,medium,draw_1,15,6,0.024110367886398188
pythia-1.4b,medium,draw_1,15,7,0.020516459027345897
pythia-1.4b,medium,draw_1,15,8,0.02012919708673307
pythia-1.4b,medium,draw_1,15,9,0.019232752563496054
pythia-1.4b,medium,draw_1,15,10,0.05244038898752937
pythia-1.4b,medium,draw_1,15,11,0.01984051075468707
pythia-1.4b,medium,draw_1,15,12,0.03214069689268344
pythia-1.4b,medium,draw_1,15,13,0.01226265275418764
pythia-1.4b,medium,draw_1,15,14,0.031120327413873997
pythia-1.4b,medium,draw_1,15,15,0.019204203715466137
pythia-1.4b,medium,draw_1,16,0,0.028555611929430562
pythia-1.4b,medium,draw_1,16,1,0.03159554369373872
pythia-1.4b,medium,draw_1,16,2,0.042509890923555296
pythia-1.4b,medium,draw_1,16,3,0.030981052041469854
pythia-1.4b,medium,draw_1,16,4,0.027256281846714397
pythia-1.4b,medium,draw_1,16,5,0.02166306558144693
pythia-1.4b,medium,draw_1,16,6,0.03314012623514573
pythia-1.4b,medium,draw_1,16,7,0.012301126458677545
pythia-1.4b,medium,draw_1,16,8,6.636732964760412e-05
pythia-1.4b,medium,draw_1,16,9,0.0017582132489882786
pythia-1.4b,medium,draw_1,16,10,0.026938805456264387
pythia-1.4b,medium,draw_1,16,11,0.00866667988711485
pythia-1.4b,medium,draw_1,16,12,0.019406330451322503
pythia-1.4b,medium,draw_1,16,13,0.026503639228631082
pythia-1.4b,medium,draw_1,16,14,0.00965307202174224
pythia-1.4b,medium,draw_1,16,15,0.021347157012453946
pythia-1.4b,medium,draw_1,17,0,0.025169604977693546
pythia-1.4b,medium,draw_1,17,1,0.03901129883673583
pythia-1.4b,medium,draw_1,17,2,0.0
pythia-1.4b,medium,draw_1,17,3,0.003484262264368375
pythia-1.4b,medium,draw_1,17,4,0.02192543903732297
pythia-1.4b,medium,draw_1,17,5,0.041711286344175126
pythia-1.4b,medium,draw_1,17,6,0.0176508808464702
pythia-1.4b,medium,draw_1,17,7,0.021104367109682408
pythia-1.4b,medium,draw_1,17,8,0.02706147745893999
pythia-1.4b,medium,draw_1,17,9,0.007868118973768871
pythia-1.4b,medium,draw_1,17,10,0.01223779140622019
pythia-1.4b,medium,draw_1,17,11,0.005804866330111934
pythia-1.4b,medium,draw_1,17,12,0.04793420292353207
pythia-1.4b,medium,draw_1,17,13,0.015088348242847459
pythia-1.4b,medium,draw_1,17,14,0.014048447102415701
pythia-1.4b,medium,draw_1,17,15,0.028389736699492678
pythia-1.4b,medium,draw_1,18,0,0.0282006293685903
pythia-1.4b,medium,draw_1,18,1,0.005733940477370152
pythia-1.4b,medium,draw_1,18,2,0.050473813948482014
pythia-1.4b,medium,draw_1,18,3,0.009784096890818904
pythia-1.4b,medium,draw_1,18,4,0.051633949789767805
pythia-1.4b,medium,draw_1,18,5,0.010096071427778028
pythia-1.4b,medium,draw_1,18,6,0.017721526676530007
pythia-1.4b,medium,draw_1,18,7,0.002836509593069147
pythia-1.4b,medium,draw_1,18,8,0.017807930249850515
pythia-1.4b,medium,draw_1,18,9,0.028186333193386596
pythia-1.4b,medium,draw_1,18,10,0.014791237652516456
pythia-1.4b,medium,draw_1,18,11,0.01661743078874224
pythia-1.4b,medium,draw_1,18,12,0.062163536954673936
pythia-1.4b,medium,draw_1,18,13,0.03969629035493056
pythia-1.4b,medium,draw_1,18,14,0.008245772347981264
pythia-1.4b,medium,draw_1,18,15,0.028345247094683612
pythia-1.4b,medium,draw_1,19,0,0.003813125286457118
pythia-1.4b,medium,draw_1,19,1,0.018764970063454185
pythia-1.4b,medium,draw_1,19,2,0.04581345390979699
pythia-1.4b,medium,draw_1,19,3,0.03298999775417803
pythia-1.4b,medium,draw_1,19,4,0.015206317805902857
pythia-1.4b,medium,draw_1,19,5,0.022767120625399855
pythia-1.4b,medium,draw_1,19,6,0.04475776092331895
pythia-1.4b,medium,draw_1,19,7,0.013914562032306633
pythia-1.4b,medium,draw_1,19,8,0.017387303096457973
pythia-1.4b,medium,draw_1,19,9,0.01688732571689073
pythia-1.4b,medium,draw_1,19,10,0.027324272567104325
pythia-1.4b,medium,draw_1,19,11,0.01953195034201985
pythia-1.4b,medium,draw_1,19,12,0.019865501808569438
pythia-1.4b,medium,draw_1,19,13,0.028943006884426487
pythia-1.4b,medium,draw_1,19,14,0.0134583784603479
pythia-1.4b,medium,draw_1,19,15,0.013918465473966742
pythia-1.4b,medium,draw_1,20,0,0.04345815367802879
pythia-1.4b,medium,draw_1,20,1,0.05212817521724314
pythia-1.4b,medium,draw_1,20,2,0.036076701904404894
pythia-1.4b,medium,draw_1,20,3,0.048095332788116306
pythia-1.4b,medium,draw_1,20,4,0.014776757588976395
pythia-1.4b,medium,draw_1,20,5,0.03906837359615373
pythia-1.4b,medium,draw_1,20,6,0.05215521734434186
pythia-1.4b,medium,draw_1,20,7,0.03692919664367416
pythia-1.4b,medium,draw_1,20,8,0.025120355864542757
pythia-1.4b,medium,draw_1,20,9,0.016299708167214235
pythia-1.4b,medium,draw_1,20,10,0.05075375105825975
pythia-1.4b,medium,draw_1,20,11,0.06707018740580672
pythia-1.4b,medium,draw_1,20,12,0.055707410614747384
pythia-1.4b,medium,draw_1,20,13,0.050739192969726815
pythia-1.4b,medium,draw_1,20,14,0.056852863845724425
pythia-1.4b,medium,draw_1,20,15,0.051338580727179374
pythia-1.4b,medium,draw_1,21,0,0.041366132496716855
pythia-1.4b,medium,draw_1,21,1,0.13256187493358115
pythia-1.4b,medium,draw_1,21,2,0.06414130309834895
pythia-1.4b,medium,draw_1,21,3,0.04571757801278557
pythia-1.4b,medium,draw_1,21,4,0.03265515975295797
pythia-1.4b,medium,draw_1,21,5,0.046273761546223854
pythia-1.4b,medium,draw_1,21,6,0.07035853944926569
pythia-1.4b,medium,draw_1,21,7,0.17772492184494387
pythia-1.4b,medium,draw_1,21,8,0.006239040004220863
pythia-1.4b,medium,draw_1,21,9,0.06115783188571712
pythia-1.4b,medium,draw_1,21,10,0.05089594195199208
pythia-1.4b,medium,draw_1,21,11,0.00788152551701416
pythia-1.4b,medium,draw_1,21,12,0.007552647817893541
pythia-1.4b,medium,draw_1,21,13,0.0863238827711662
pythia-1.4b,medium,draw_1,21,14,0.045186584531643786
pythia-1.4b,medium,draw_1,21,15,0.07752252974205058
pythia-1.4b,medium,draw_1,22,0,0.09553595949206442
pythia-1.4b,medium,draw_1,22,1,0.05399649743414458
pythia-1.4b,medium,draw_1,22,2,0.03052502731960341
pythia-1.4b,medium,draw_1,22,3,0.0663909017833615
pythia-1.4b,medium,draw_1,22,4,0.0535513848887008
pythia-1.4b,medium,draw_1,22,5,0.05763386226466933
pythia-1.4b,medium,draw_1,22,6,0.051317766750554356
pythia-1.4b,medium,draw_1,22,7,0.0176716986177506
pythia-1.4b,medium,draw_1,22,8,0.018005552129320288
pythia-1.4b,medium,draw_1,22,9,0.040245419902875175
pythia-1.4b,medium,draw_1,22,10,0.0762036850116529
pythia-1.4b,medium,draw_1,22,11,0.03707811645269798
pythia-1.4b,medium,draw_1,22,12,0.012575894603762256
pythia-1.4b,medium,draw_1,22,13,0.0801708481278097
pythia-1.4b,medium,draw_1,22,14,0.0164386083179171
pythia-1.4b,medium,draw_1,22,15,0.10134326215133146
pythia-1.4b,medium,draw_1,23,0,0.042792360537814954
pythia-1.4b,medium,draw_1,23,1,0.05839863716525134
pythia-1.4b,medium,draw_1,23,2,0.06314180944082767
pythia-1.4b,medium,draw_1,23,3,0.019269360904754566
pythia-1.4b,medium,draw_1,23,4,0.06646861625858799
pythia-1.4b,medium,draw_1,23,5,0.07053711895003208
pythia-1.4b,medium,draw_1,23,6,0.034234578470446364
pythia-1.4b,medium,draw_1,23,7,0.06868562502119904
pythia-1.4b,medium,draw_1,23,8,0.022530950653813088
pythia-1.4b,medium,draw_1,23,9,0.022732810035404956
pythia-1.4b,medium,draw_1,23,10,0.049436001656832866
pythia-1.4b,medium,draw_1,23,11,0.0359472652830141
pythia-1.4b,medium,draw_1,23,12,0.0500451854217549
pythia-1.4b,medium,draw_1,23,13,0.057107799249976436
pythia-1.4b,medium,draw_1,23,14,0.017815491453631527
pythia-1.4b,medium,draw_1,23,15,0.05288756161640863
pythia-1.4b,medium,draw_2,0,0,0.0
pythia-1.4b,medium,draw_2,0,1,0.0
pythia-1.4b,medium,draw_2,0,2,0.0
pythia-1.4b,medium,draw_2,0,3,0.0
pythia-1.4b,medium,draw_2,0,4,0.0
pythia-1.4b,medium,draw_2,0,5,0.0
pythia-1.4b,medium,draw_2,0,6,0.0
pythia-1.4b,medium,draw_2,0,7,0.0
pythia-1.4b,medium,draw_2,0,8,0.0
pythia-1.4b,medium,draw_2,0,9,0.0
pythia-1.4b,medium,draw_2,0,10,0.0
pythia-1.4b,medium,draw_2,0,11,0.0
pythia-1.4b,medium,draw_2,0,12,0.0
pythia-1.4b,medium,draw_2,0,13,0.0
pythia-1.4b,medium,draw_2,0,14,0.0
pythia-1.4b,medium,draw_2,0,15,0.0
pythia-1.4b,medium,draw_2,1,0,0.011604527277653856
pythia-1.4b,medium,draw_2,1,1,0.012170120702609165
pythia-1.4b,medium,draw_2,1,2,0.01551594244382768
pythia-1.4b,medium,draw_2,1,3,0.019541791217058985
pythia-1.4b,medium,draw_2,1,4,0.010297644024892437
pythia-1.4b,medium,draw_2,1,5,0.011840080454413206
pythia-1.4b,medium,draw_2,1,6,0.015133665145993914
pythia-1.4b,medium,draw_2,1,7,0.006236866123483924
pythia-1.4b,medium,draw_2,1,8,0.014770939816706952
pythia-1.4b,medium,draw_2,1,9,0.013992519647483473
pythia-1.4b,medium,draw_2,1,10,0.022285653400475794
pythia-1.4b,medium,draw_2,1,11,0.0039033301437794306
pythia-1.4b,medium,draw_2,1,12,0.006367290830943874
pythia-1.4b,medium,draw_2,1,13,0.005705009530395223
pythia-1.4b,medium,draw_2,1,14,0.02135437136887308
pythia-1.4b,medium,draw_2,1,15,0.013181913674997417
pythia-1.4b,medium,draw_2,2,0,0.010507817489949002
pythia-1.4b,medium,draw_2,2,1,0.005716170791648971
pythia-1.4b,medium,draw_2,2,2,0.011281626479357043
pythia-1.4b,medium,draw_2,2,3,0.0077850793772140225
pythia-1.4b,medium,draw_2,2,4,0.01753745988090252
pythia-1.4b,medium,draw_2,2,5,0.004588445380049957
pythia-1.4b,medium,draw_2,2,6,0.020059568795609467
pythia-1.4b,medium,draw_2,2,7,0.02415989778707312
pythia-1.4b,medium,draw_2,2,8,0.002927828611289709
pythia-1.4b,medium,draw_2,2,9,0.005341043451847435
pythia-1.4b,medium,draw_2,2,10,0.005213618080888838
pythia-1.4b,medium,draw_2,2,11,0.011144163907351788
pythia-1.4b,medium,draw_2,2,12,0.006901886969954258
pythia-1.4b,medium,draw_2,2,13,0.008136362959950502
pythia-1.4b,medium,draw_2,2,14,0.008319194440425354
pythia-1.4b,medium,draw_2,2,15,0.006896128645035379
pythia-1.4b,medium,draw_2,3,0,0.010732136706103268
pythia-1.4b,medium,draw_2,3,1,0.0061473381876336755
pythia-1.4b,medium,draw_2,3,2,0.013541117344754406
pythia-1.4b,medium,draw_2,3,3,0.013554098763377573
pythia-1.4b,medium,draw_2,3,4,0.0064261493860031755
pythia-1.4b,medium,draw_2,3,5,0.00773149455985839
pythia-1.4b,medium,draw_2,3,6,0.008849910207933732
pythia-1.4b,medium,draw_2,3,7,0.012304107192524281
pythia-1.4b,medium,draw_2,3,8,0.009174936160637264
pythia-1.4b,medium,draw_2,3,9,0.009442151740964539
pythia-1.4b,medium,draw_2,3,10,0.010896930962180374
pythia-1.4b,medium,draw_2,3,11,0.006470871320248962
pythia-1.4b,medium,draw_2,3,12,0.0058036177857350105
pythia-1.4b,medium,draw_2,3,13,0.008533647456249394
pythia-1.4b,medium,draw_2,3,14,0.024085193774046755
pythia-1.4b,medium,draw_2,3,15,0.013924169661161367
pythia-1.4b,medium,draw_2,4,0,0.010893700784424257
pythia-1.4b,medium,draw_2,4,1,0.006075126069041758
pythia-1.4b,medium,draw_2,4,2,0.01755329205858132
pythia-1.4b,medium,draw_2,4,3,0.016131215879554052
pythia-1.4b,medium,draw_2,4,4,0.0064553424792616896
pythia-1.4b,medium,draw_2,4,5,0.015187888409559532
pythia-1.4b,medium,draw_2,4,6,0.01846417037959872
pythia-1.4b,medium,draw_2,4,7,0.005848034175351695
pythia-1.4b,medium,draw_2,4,8,0.013145139029736817
pythia-1.4b,medium,draw_2,4,9,0.006900685079226847
pythia-1.4b,medium,draw_2,4,10,0.009407089864426094
pythia-1.4b,medium,draw_2,4,11,0.008877645566265063
pythia-1.4b,medium,draw_2,4,12,0.008675530754227657
pythia-1.4b,medium,draw_2,4,13,0.022421236818316318
pythia-1.4b,medium,draw_2,4,14,0.007496501324177629
pythia-1.4b,medium,draw_2,4,15,0.0017579712729804233
pythia-1.4b,medium,draw_2,5,0,0.03856624146558327
pythia-1.4b,medium,draw_2,5,1,0.02043117525753865
pythia-1.4b,medium,draw_2,5,2,0.029252885536054832
pythia-1.4b,medium,draw_2,5,3,0.020981625628745212
pythia-1.4b,medium,draw_2,5,4,0.018991802017673195
pythia-1.4b,medium,draw_2,5,5,0.015814601270550177
pythia-1.4b,medium,draw_2,5,6,0.013871131003809722
pythia-1.4b,medium,draw_2,5,7,0.013629398181403535
pythia-1.4b,medium,draw_2,5,8,0.009551205160040011
pythia-1.4b,medium,draw_2,5,9,0.006100222175852155
pythia-1.4b,medium,draw_2,5,10,0.014294404152791809
pythia-1.4b,medium,draw_2,5,11,0.011434507807362791
pythia-1.4b,medium,draw_2,5,12,0.012893865234080917
pythia-1.4b,medium,draw_2,5,13,0.03007633026608248
pythia-1.4b,medium,draw_2,5,14,0.02161809504828341
pythia-1.4b,medium,draw_2,5,15,0.008956129309838651
pythia-1.4b,medium,draw_2,6,0,0.006169122709601415
pythia-1.4b,medium,draw_2,6,1,0.03117611092035973
pythia-1.4b,medium,draw_2,6,2,0.009509586578943154
pythia-1.4b,medium,draw_2,6,3,0.009014222463032184
pythia-1.4b,medium,draw_2,6,4,0.021079192143692527
pythia-1.4b,medium,draw_2,6,5,0.027852510981841355
pythia-1.4b,medium,draw_2,6,6,0.035564874124284614
pythia-1.4b,medium,draw_2,6,7,0.016021394271997152
pythia-1.4b,medium,draw_2,6,8,0.013416717084311471
pythia-1.4b,medium,draw_2,6,9,0.01423271269152383
pythia-1.4b,medium,draw_2,6,10,0.01942171735500089
pythia-1.4b,medium,draw_2,6,11,0.020745454499942514
pythia-1.4b,medium,draw_2,6,12,0.025561519839588046
pythia-1.4b,medium,draw_2,6,13,0.02480686105005948
pythia-1.4b,medium,draw_2,6,14,0.007802718248905663
pythia-1.4b,medium,draw_2,6,15,0.018303245042204857
pythia-1.4b,medium,draw_2,7,0,0.012247836338445521
pythia-1.4b,medium,draw_2,7,1,0.03380788832666256
pythia-1.4b,medium,draw_2,7,2,0.05423691443924828
pythia-1.4b,medium,draw_2,7,3,0.033717863779203563
pythia-1.4b,medium,draw_2,7,4,0.04057324062643701
pythia-1.4b,medium,draw_2,7,5,0.012885073889849214
pythia-1.4b,medium,draw_2,7,6,0.03750223895680668
pythia-1.4b,medium,draw_2,7,7,0.023843013887991704
pythia-1.4b,medium,draw_2,7,8,0.026967145894194938
pythia-1.4b,medium,draw_2,7,9,0.026031880973991676
pythia-1.4b,medium,draw_2,7,10,0.02534547101105822
pythia-1.4b,medium,draw_2,7,11,0.015070351534163043
pythia-1.4b,medium,draw_2,7,12,0.01500204185096558
pythia-1.4b,medium,draw_2,7,13,0.010842041408227254
pythia-1.4b,medium,draw_2,7,14,0.02061068894716333
pythia-1.4b,medium,draw_2,7,15,0.02009031311420881
pythia-1.4b,medium,draw_2,8,0,0.026209620934464273
pythia-1.4b,medium,draw_2,8,1,0.049033842654332124
pythia-1.4b,medium,draw_2,8,2,0.01808855593431622
pythia-1.4b,medium,draw_2,8,3,0.023140958518304246
pythia-1.4b,medium,draw_2,8,4,0.004092315058342348
pythia-1.4b,medium,draw_2,8,5,0.039922979180020586
pythia-1.4b,medium,draw_2,8,6,0.025385727776906508
pythia-1.4b,medium,draw_2,8,7,0.04018831058143765
pythia-1.4b,medium,draw_2,8,8,0.019943821029467863
pythia-1.4b,medium,draw_2,8,9,0.030407632186758928
pythia-1.4b,medium,draw_2,8,10,0.0179208809806419
pythia-1.4b,medium,draw_2,8,11,0.018032163955079842
pythia-1.4b,medium,draw_2,8,12,0.033668492998139336
pythia-1.4b,medium,draw_2,8,13,0.02112110756883686
pythia-1.4b,medium,draw_2,8,14,0.019394512152494343
pythia-1.4b,medium,draw_2,8,15,0.0253949241941517
pythia-1.4b,medium,draw_2,9,0,0.015353682137500995
pythia-1.4b,medium,draw_2,9,1,0.011631807029226374
pythia-1.4b,medium,draw_2,9,2,0.01179491440281171
pythia-1.4b,medium,draw_2,9,3,0.030685571815294115
pythia-1.4b,medium,draw_2,9,4,0.030967522559720052
pythia-1.4b,medium,draw_2,9,5,0.014094517108875677
pythia-1.4b,medium,draw_2,9,6,0.03487358935950897
pythia-1.4b,medium,draw_2,9,7,0.03354996902831967
pythia-1.4b,medium,draw_2,9,8,0.03618224892510331
pythia-1.4b,medium,draw_2,9,9,0.018761391643708214
pythia-1.4b,medium,draw_2,9,10,0.06012656467145598
pythia-1.4b,medium,draw_2,9,11,0.03693861321564564
pythia-1.4b,medium,draw_2,9,12,0.03158651157369799
pythia-1.4b,medium,draw_2,9,13,0.015223477512981644
pythia-1.4b,medium,draw_2,9,14,0.013845474073915686
pythia-1.4b,medium,draw_2,9,15,0.029323933940267596
pythia-1.4b,medium,draw_2,10,0,0.009538587010474863
pythia-1.4b,medium,draw_2,10,1,0.013916454287357853
pythia-1.4b,medium,draw_2,10,2,0.010785059962961956
pythia-1.4b,medium,draw_2,10,3,0.03136726817623039
pythia-1.4b,medium,draw_2,10,4,0.026191385846624313
pythia-1.4b,medium,draw_2,10,5,0.031282095520413854
pythia-1.4b,medium,draw_2,10,6,0.014684494662535528
pythia-1.4b,medium,draw_2,10,7,0.01510069583025656
pythia-1.4b,medium,draw_2,10,8,0.04446789182825435
pythia-1.4b,medium,draw_2,10,9,0.024988270453590422
pythia-1.4b,medium,draw_2,10,10,0.027750221278945084
pythia-1.4b,medium,draw_2,10,11,0.038876612756883
pythia-1.4b,medium,draw_2,10,12,0.01821323124717888
pythia-1.4b,medium,draw_2,10,13,0.037872382078640646
pythia-1.4b,medium,draw_2,10,14,0.015532923579053863
pythia-1.4b,medium,draw_2,10,15,0.03435657234869954
pythia-1.4b,medium,draw_2,11,0,0.013831643056754828
pythia-1.4b,medium,draw_2,11,1,0.02059083408728852
pythia-1.4b,medium,draw_2,11,2,0.05090571244654412
pythia-1.4b,medium,draw_2,11,3,0.015157729225998541
pythia-1.4b,medium,draw_2,11,4,0.016686262017621946
pythia-1.4b,medium,draw_2,11,5,0.036542886831272284
pythia-1.4b,medium,draw_2,11,6,0.0166325997787614
pythia-1.4b,medium,draw_2,11,7,0.01074422334756369
pythia-1.4b,medium,draw_2,11,8,0.028311244976388403
pythia-1.4b,medium,draw_2,11,9,0.02262669538862341
pythia-1.4b,medium,draw_2,11,10,0.010730742391131285
pythia-1.4b,medium,draw_2,11,11,0.027790213841762255
pythia-1.4b,medium,draw_2,11,12,0.024852204335063213
pythia-1.4b,medium,draw_2,11,13,0.038012361678152015
pythia-1.4b,medium,draw_2,11,14,0.017713584439814772
pythia-1.4b,medium,draw_2,11,15,0.010775816902937451
pythia-1.4b,medium,draw_2,12,0,0.020729829411174735
pythia-1.4b,medium,draw_2,12,1,0.019512755608192246
pythia-1.4b,medium,draw_2,12,2,0.01207556021756409
pythia-1.4b,medium,draw_2,12,3,0.0113498828200507
pythia-1.4b,medium,draw_2,12,4,0.014499822875141625
pythia-1.4b,medium,draw_2,12,5,0.014532456604279044
pythia-1.4b,medium,draw_2,12,6,0.0167091909409178
pythia-1.4b,medium,draw_2,12,7,0.03650812686188493
pythia-1.4b,medium,draw_2,12,8,0.02572501055921842
pythia-1.4b,medium,draw_2,12,9,0.03658473116885505
pythia-1.4b,medium,draw_2,12,10,0.02011727684890016
pythia-1.4b,medium,draw_2,12,11,0.018652690077856877
pythia-1.4b,medium,draw_2,12,12,0.015013911841707812
pythia-1.4b,medium,draw_2,12,13,0.03848067239895856
pythia-1.4b,medium,draw_2,12,14,0.02257403762615672
pythia-1.4b,medium,draw_2,12,15,0.03085746698879042
pythia-1.4b,medium,draw_2,13,0,0.0182645490181989
pythia-1.4b,medium,draw_2,13,1,0.015485861160453692
pythia-1.4b,medium,draw_2,13,2,0.024558498380562906
pythia-1.4b,medium,draw_2,13,3,0.0350690877106343
pythia-1.4b,medium,draw_2,13,4,0.0
pythia-1.4b,medium,draw_2,13,5,0.007839972279606493
pythia-1.4b,medium,draw_2,13,6,0.024501089911005015
pythia-1.4b,medium,draw_2,13,7,0.026548251808016187
pythia-1.4b,medium,draw_2,13,8,0.017550590924929735
pythia-1.4b,medium,draw_2,13,9,0.002937739205655455
pythia-1.4b,medium,draw_2,13,10,0.014210006404281222
pythia-1.4b,medium,draw_2,13,11,0.019567694041497625
pythia-1.4b,medium,draw_2,13,12,0.007611431910769231
pythia-1.4b,medium,draw_2,13,13,0.029041208858117788
pythia-1.4b,medium,draw_2,13,14,0.006366791733427907
pythia-1.4b,medium,draw_2,13,15,0.021052166450789573
pythia-1.4b,medium,draw_2,14,0,0.03945213690785698
pythia-1.4b,medium,draw_2,14,1,0.06079493743624709
pythia-1.4b,medium,draw_2,14,2,0.01260021762628176
pythia-1.4b,medium,draw_2,14,3,3.546163926867499e-05
pythia-1.4b,medium,draw_2,14,4,0.029531970097325177
pythia-1.4b,medium,draw_2,14,5,0.025604479928495495
pythia-1.4b,medium,draw_2,14,6,0.02694810150159527
pythia-1.4b,medium,draw_2,14,7,0.03156307350359989
pythia-1.4b,medium,draw_2,14,8,0.028941013802699252
pythia-1.4b,medium,draw_2,14,9,0.015009421702647257
pythia-1.4b,medium,draw_2,14,10,0.026346029296070276
pythia-1.4b,medium,draw_2,14,11,0.04532255418813417
pythia-1.4b,medium,draw_2,14,12,0.03145627769473354
pythia-1.4b,medium,draw_2,14,13,0.021515300422211715
pythia-1.4b,medium,draw_2,14,14,0.046883304178272016
pythia-1.4b,medium,draw_2,14,15,0.008257345107608567
pythia-1.4b,medium,draw_2,15,0,0.04679708661491681
pythia-1.4b,medium,draw_2,15,1,0.034115642762902396
pythia-1.4b,medium,draw_2,15,2,0.028601909190553786
pythia-1.4b,medium,draw_2,15,3,0.03251905176021151
pythia-1.4b,medium,draw_2,15,4,0.018389825855618994
pythia-1.4b,medium,draw_2,15,5,0.022436846895760826
pythia-1.4b,medium,draw_2,15,6,0.03675809664520153
pythia-1.4b,medium,draw_2,15,7,0.044285892924096674
pythia-1.4b,medium,draw_2,15,8,0.025903950574795366
pythia-1.4b,medium,draw_2,15,9,0.015278065426511705
pythia-1.4b,medium,draw_2,15,10,0.0669854652880205
pythia-1.4b,medium,draw_2,15,11,0.020921399634781936
pythia-1.4b,medium,draw_2,15,12,0.0703139238743191
pythia-1.4b,medium,draw_2,15,13,0.017671258885295766
pythia-1.4b,medium,draw_2,15,14,0.026261333512398986
pythia-1.4b,medium,draw_2,15,15,0.018851244293385548
pythia-1.4b,medium,draw_2,16,0,0.03629865155755656
pythia-1.4b,medium,draw_2,16,1,0.02627169017889805
pythia-1.4b,medium,draw_2,16,2,0.06511165059307866
pythia-1.4b,medium,draw_2,16,3,0.016005776047562432
pythia-1.4b,medium,draw_2,16,4,0.03344357950545481
pythia-1.4b,medium,draw_2,16,5,0.027466615029599527
pythia-1.4b,medium,draw_2,16,6,0.042681094216436566
pythia-1.4b,medium,draw_2,16,7,0.022141027411486696
pythia-1.4b,medium,draw_2,16,8,7.92134768955209e-05
pythia-1.4b,medium,draw_2,16,9,0.012447395172669072
pythia-1.4b,medium,draw_2,16,10,0.02727842937325181
pythia-1.4b,medium,draw_2,16,11,0.01834824178856541
pythia-1.4b,medium,draw_2,16,12,0.03409487556055872
pythia-1.4b,medium,draw_2,16,13,0.0181429937545858
pythia-1.4b,medium,draw_2,16,14,0.011373798015750296
pythia-1.4b,medium,draw_2,16,15,0.03394686558180858
pythia-1.4b,medium,draw_2,17,0,0.04461969712566374
pythia-1.4b,medium,draw_2,17,1,0.03475162660934931
pythia-1.4b,medium,draw_2,17,2,0.0
pythia-1.4b,medium,draw_2,17,3,0.006253332594396488
pythia-1.4b,medium,draw_2,17,4,0.022420620237274643
pythia-1.4b,medium,draw_2,17,5,0.048329316062106685
pythia-1.4b,medium,draw_2,17,6,0.015547362991143236
pythia-1.4b,medium,draw_2,17,7,0.02049811593789674
pythia-1.4b,medium,draw_2,17,8,0.043639980662673744
pythia-1.4b,medium,draw_2,17,9,0.009009619644819479
pythia-1.4b,medium,draw_2,17,10,0.00641342737409496
pythia-1.4b,medium,draw_2,17,11,0.013595957809691028
pythia-1.4b,medium,draw_2,17,12,0.09765242569110948
pythia-1.4b,medium,draw_2,17,13,0.02721298617802948
pythia-1.4b,medium,draw_2,17,14,0.020637543232272196
pythia-1.4b,medium,draw_2,17,15,0.04573865735988092
pythia-1.4b,medium,draw_2,18,0,0.027187387823142
pythia-1.4b,medium,draw_2,18,1,0.01764930776398262
pythia-1.4b,medium,draw_2,18,2,0.05854212155298298
pythia-1.4b,medium,draw_2,18,3,0.00859916618611088
pythia-1.4b,medium,draw_2,18,4,0.048439469893453255
pythia-1.4b,medium,draw_2,18,5,0.008649599562332614
pythia-1.4b,medium,draw_2,18,6,0.030788739008633027
pythia-1.4b,medium,draw_2,18,7,0.006027650214304168
pythia-1.4b,medium,draw_2,18,8,0.03831825559969429
pythia-1.4b,medium,draw_2,18,9,0.031993632863247246
pythia-1.4b,medium,draw_2,18,10,0.04222253342638054
pythia-1.4b,medium,draw_2,18,11,0.025648104512414494
pythia-1.4b,medium,draw_2,18,12,0.09209233277598924
pythia-1.4b,medium,draw_2,18,13,0.05206013277011142
pythia-1.4b,medium,draw_2,18,14,0.01870860395334467
pythia-1.4b,medium,draw_2,18,15,0.05176664223119113
pythia-1.4b,medium,draw_2,19,0,0.00403603804262693
pythia-1.4b,medium,draw_2,19,1,0.01717452458965396
pythia-1.4b,medium,draw_2,19,2,0.04411103735999585
pythia-1.4b,medium,draw_2,19,3,0.028461192218908755
pythia-1.4b,medium,draw_2,19,4,0.00894386830342871
pythia-1.4b,medium,draw_2,19,5,0.017989411797446102
pythia-1.4b,medium,draw_2,19,6,0.043196898804174905
pythia-1.4b,medium,draw_2,19,7,0.008464690745199403
pythia-1.4b,medium,draw_2,19,8,0.01206696198292196
pythia-1.4b,medium,draw_2,19,9,0.029525444364249632
pythia-1.4b,medium,draw_2,19,10,0.023862616695224374
pythia-1.4b,medium,draw_2,19,11,0.03430035612018592
pythia-1.4b,medium,draw_2,19,12,0.012476804705471214
pythia-1.4b,medium,draw_2,19,13,0.00784260938005185
pythia-1.4b,medium,draw_2,19,14,0.025126590544526806
pythia-1.4b,medium,draw_2,19,15,0.013999748748401762
pythia-1.4b,medium,draw_2,20,0,0.0703030652762912
pythia-1.4b,medium,draw_2,20,1,0.11460179528783494
pythia-1.4b,medium,draw_2,20,2,0.043157241301732256
pythia-1.4b,medium,draw_2,20,3,0.08069013862225421
pythia-1.4b,medium,draw_2,20,4,0.01332655849731793
pythia-1.4b,medium,draw_2,20,5,0.045846831447796964
pythia-1.4b,medium,draw_2,20,6,0.04628860235991516
pythia-1.4b,medium,draw_2,20,7,0.05307340035664236
pythia-1.4b,medium,draw_2,20,8,0.03815579426807269
pythia-1.4b,medium,draw_2,20,9,0.02738193842517248
pythia-1.4b,medium,draw_2,20,10,0.08115024277025112
pythia-1.4b,medium,draw_2,20,11,0.10346119727355796
pythia-1.4b,medium,draw_2,20,12,0.08170672779562166
pythia-1.4b,medium,draw_2,20,13,0.045992240521637084
pythia-1.4b,medium,draw_2,20,14,0.0906960960740109
pythia-1.4b,medium,draw_2,20,15,0.055670141841789915
pythia-1.4b,medium,draw_2,21,0,0.04393279374147963
pythia-1.4b,medium,draw_2,21,1,0.16887480306296226
pythia-1.4b,medium,draw_2,21,2,0.057491006724510754
pythia-1.4b,medium,draw_2,21,3,0.03837852241236811
pythia-1.4b,medium,draw_2,21,4,0.03789725546732372
pythia-1.4b,medium,draw_2,21,5,0.042501566295740006
pythia-1.4b,medium,draw_2,21,6,0.06830136017176322
pythia-1.4b,medium,draw_2,21,7,0.16466077077338853
pythia-1.4b,medium,draw_2,21,8,0.010173146785234411
pythia-1.4b,medium,draw_2,21,9,0.0442532610846642
pythia-1.4b,medium,draw_2,21,10,0.07294871663299933
pythia-1.4b,medium,draw_2,21,11,0.005278888769597711
pythia-1.4b,medium,draw_2,21,12,0.01177849849038438
pythia-1.4b,medium,draw_2,21,13,0.053047596592272046
pythia-1.4b,medium,draw_2,21,14,0.018818377572502678
pythia-1.4b,medium,draw_2,21,15,0.03602214568019794
pythia-1.4b,medium,draw_2,22,0,0.03998366600049398
pythia-1.4b,medium,draw_2,22,1,0.04460568429056485
pythia-1.4b,medium,draw_2,22,2,0.034266728879592104
pythia-1.4b,medium,draw_2,22,3,0.02422335406925231
pythia-1.4b,medium,draw_2,22,4,0.07349972903719086
pythia-1.4b,medium,draw_2,22,5,0.029951092605187413
pythia-1.4b,medium,draw_2,22,6,0.07789129229176538
pythia-1.4b,medium,draw_2,22,7,0.011830057089511205
pythia-1.4b,medium,draw_2,22,8,0.010813947515774785
pythia-1.4b,medium,draw_2,22,9,0.026725410766116696
pythia-1.4b,medium,draw_2,22,10,0.04293875297442322
pythia-1.4b,medium,draw_2,22,11,0.017862731248608033
pythia-1.4b,medium,draw_2,22,12,0.011021673777181648
pythia-1.4b,medium,draw_2,22,13,0.057729446029096125
pythia-1.4b,medium,draw_2,22,14,0.010287868293660733
pythia-1.4b,medium,draw_2,22,15,0.03339673492486683
pythia-1.4b,medium,draw_2,23,0,0.04605298957655309
pythia-1.4b,medium,draw_2,23,1,0.045965589443028095
pythia-1.4b,medium,draw_2,23,2,0.08365647489476888
pythia-1.4b,medium,draw_2,23,3,0.026680803163919183
pythia-1.4b,medium,draw_2,23,4,0.07257970333436307
pythia-1.4b,medium,draw_2,23,5,0.059663299387209635
pythia-1.4b,medium,draw_2,23,6,0.03164733179854554
pythia-1.4b,medium,draw_2,23,7,0.04069574968592376
pythia-1.4b,medium,draw_2,23,8,0.02402363443681585
pythia-1.4b,medium,draw_2,23,9,0.02527483111213914
pythia-1.4b,medium,draw_2,23,10,0.07158679712102674
pythia-1.4b,medium,draw_2,23,11,0.04696513738352419
pythia-1.4b,medium,draw_2,23,12,0.06106822071931417
pythia-1.4b,medium,draw_2,23,13,0.054951126033532666
pythia-1.4b,medium,draw_2,23,14,0.023939476667213487
pythia-1.4b,medium,draw_2,23,15,0.0507751607912073
pythia-1.4b,medium,draw_3,0,0,0.0
pythia-1.4b,medium,draw_3,0,1,0.0
pythia-1.4b,medium,draw_3,0,2,0.0
pythia-1.4b,medium,draw_3,0,3,0.0
pythia-1.4b,medium,draw_3,0,4,0.0
pythia-1.4b,medium,draw_3,0,5,0.0
pythia-1.4b,medium,draw_3,0,6,0.0
pythia-1.4b,medium,draw_3,0,7,0.0
pythia-1.4b,medium,draw_3,0,8,0.0
pythia-1.4b,medium,draw_3,0,9,0.0
pythia-1.4b,medium,draw_3,0,10,0.0
pythia-1.4b,medium,draw_3,0,11,0.0
pythia-1.4b,medium,draw_3,0,12,0.0
pythia-1.4b,medium,draw_3,0,13,0.0
pythia-1.4b,medium,draw_3,0,14,0.0
pythia-1.4b,medium,draw_3,0,15,0.0
pythia-1.4b,medium,draw_3,1,0,0.006439986340213218
pythia-1.4b,medium,draw_3,1,1,0.004757592797883384
pythia-1.4b,medium,draw_3,1,2,0.008672329776884551
pythia-1.4b,medium,draw_3,1,3,0.0032510666526785917
pythia-1.4b,medium,draw_3,1,4,0.0020970795136610967
pythia-1.4b,medium,draw_3,1,5,0.006809950505084907
pythia-1.4b,medium,draw_3,1,6,0.0030042745129776386
pythia-1.4b,medium,draw_3,1,7,0.00630721087262948
pythia-1.4b,medium,draw_3,1,8,0.003355925582051262
pythia-1.4b,medium,draw_3,1,9,0.0065396028461917255
pythia-1.4b,medium,draw_3,1,10,0.004317529573170154
pythia-1.4b,medium,draw_3,1,11,0.0014750453244560748
pythia-1.4b,medium,draw_3,1,12,0.002226267259665812
pythia-1.4b,medium,draw_3,1,13,0.0023335735301922866
pythia-1.4b,medium,draw_3,1,14,0.005962390130833151
pythia-1.4b,medium,draw_3,1,15,0.004096688272264872
pythia-1.4b,medium,draw_3,2,0,0.005437380952035428
pythia-1.4b,medium,draw_3,2,1,0.003910882678185987
pythia-1.4b,medium,draw_3,2,2,0.005346757853385154
pythia-1.4b,medium,draw_3,2,3,0.002691354756976928
pythia-1.4b,medium,draw_3,2,4,0.010638496510321116
pythia-1.4b,medium,draw_3,2,5,0.00450636857927239
pythia-1.4b,medium,draw_3,2,6,0.008182375357432766
pythia-1.4b,medium,draw_3,2,7,0.010866797075450211
pythia-1.4b,medium,draw_3,2,8,0.002280395427203765
pythia-1.4b,medium,draw_3,2,9,0.010002977116181942
pythia-1.4b,medium,draw_3,2,10,0.0066025831136149425
pythia-1.4b,medium,draw_3,2,11,0.005542963841834661
pythia-1.4b,medium,draw_3,2,12,0.005555959569294042
pythia-1.4b,medium,draw_3,2,13,0.005180010552134936
pythia-1.4b,medium,draw_3,2,14,0.002458932671143495
pythia-1.4b,medium,draw_3,2,15,0.002723739260340349
pythia-1.4b,medium,draw_3,3,0,0.008087444300359329
pythia-1.4b,medium,draw_3,3,1,0.010735683205970821
pythia-1.4b,medium,draw_3,3,2,0.009029924274462678
pythia-1.4b,medium,draw_3,3,3,0.016036941027370362
pythia-1.4b,medium,draw_3,3,4,0.007448528297053758
pythia-1.4b,medium,draw_3,3,5,0.010146027702503708
pythia-1.4b,medium,draw_3,3,6,0.005563714710988814
pythia-1.4b,medium,draw_3,3,7,0.006635073487059718
pythia-1.4b,medium,draw_3,3,8,0.00552379755562401
pythia-1.4b,medium,draw_3,3,9,0.008934102436740178
pythia-1.4b,medium,draw_3,3,10,0.01009997131263101
pythia-1.4b,medium,draw_3,3,11,0.006534161084054129
pythia-1.4b,medium,draw_3,3,12,0.010130790288809852
pythia-1.4b,medium,draw_3,3,13,0.0061206107344983236
pythia-1.4b,medium,draw_3,3,14,0.011807862850375645
pythia-1.4b,medium,draw_3,3,15,0.007941452123103238
pythia-1.4b,medium,draw_3,4,0,0.007610715889308318
pythia-1.4b,medium,draw_3,4,1,0.00987814660006231
pythia-1.4b,medium,draw_3,4,2,0.018751591314399824
pythia-1.4b,medium,draw_3,4,3,0.020082145414332137
pythia-1.4b,medium,draw_3,4,4,0.006747405855686261
pythia-1.4b,medium,draw_3,4,5,0.011953788330646337
pythia-1.4b,medium,draw_3,4,6,0.011875778142552747
pythia-1.4b,medium,draw_3,4,7,0.015500946180856632
pythia-1.4b,medium,draw_3,4,8,0.014411998968713459
pythia-1.4b,medium,draw_3,4,9,0.008972090928402187
pythia-1.4b,medium,draw_3,4,10,0.014777999349491712
pythia-1.4b,medium,draw_3,4,11,0.010466346173389152
pythia-1.4b,medium,draw_3,4,12,0.0042277345145133064
pythia-1.4b,medium,draw_3,4,13,0.015005170730624032
pythia-1.4b,medium,draw_3,4,14,0.012127099601363557
pythia-1.4b,medium,draw_3,4,15,0.0017502685765462777
pythia-1.4b,medium,draw_3,5,0,0.018269193363959806
pythia-1.4b,medium,draw_3,5,1,0.015636094632214045
pythia-1.4b,medium,draw_3,5,2,0.03004479396061046
pythia-1.4b,medium,draw_3,5,3,0.003466008828819746
pythia-1.4b,medium,draw_3,5,4,0.01607504556320906
pythia-1.4b,medium,draw_3,5,5,0.013800410110320101
pythia-1.4b,medium,draw_3,5,6,0.008130343312461217
pythia-1.4b,medium,draw_3,5,7,0.011283469563633903
pythia-1.4b,medium,draw_3,5,8,0.007141517766272853
pythia-1.4b,medium,draw_3,5,9,0.005974474806032357
pythia-1.4b,medium,draw_3,5,10,0.022844147599963595
pythia-1.4b,medium,draw_3,5,11,0.013498395078894377
pythia-1.4b,medium,draw_3,5,12,0.01596070065324956
pythia-1.4b,medium,draw_3,5,13,0.0219112976656025
pythia-1.4b,medium,draw_3,5,14,0.01192197200026679
pythia-1.4b,medium,draw_3,5,15,0.003679858102745745
pythia-1.4b,medium,draw_3,6,0,0.007736134575808915
pythia-1.4b,medium,draw_3,6,1,0.025067004734496065
pythia-1.4b,medium,draw_3,6,2,0.009694632634229846
pythia-1.4b,medium,draw_3,6,3,0.006621312360052197
pythia-1.4b,medium,draw_3,6,4,0.02027671463155222
pythia-1.4b,medium,draw_3,6,5,0.02227100633541234
pythia-1.4b,medium,draw_3,6,6,0.026790439377522342
pythia-1.4b,medium,draw_3,6,7,0.00881922368052204
pythia-1.4b,medium,draw_3,6,8,0.01179850775427874
pythia-1.4b,medium,draw_3,6,9,0.009648128825049344
pythia-1.4b,medium,draw_3,6,10,0.006966263908948263
pythia-1.4b,medium,draw_3,6,11,0.007149786857631518
pythia-1.4b,medium,draw_3,6,12,0.018394028774234832
pythia-1.4b,medium,draw_3,6,13,0.011624471089517264
pythia-1.4b,medium,draw_3,6,14,0.012689036986968369
pythia-1.4b,medium,draw_3,6,15,0.007909756152901702
pythia-1.4b,medium,draw_3,7,0,0.010189379876535058
pythia-1.4b,medium,draw_3,7,1,0.02125778925229196
pythia-1.4b,medium,draw_3,7,2,0.02259527079669572
pythia-1.4b,medium,draw_3,7,3,0.013118874786868726
pythia-1.4b,medium,draw_3,7,4,0.025993814063910475
pythia-1.4b,medium,draw_3,7,5,0.008098525928742802
pythia-1.4b,medium,draw_3,7,6,0.018730465018338655
pythia-1.4b,medium,draw_3,7,7,0.010760012787183675
pythia-1.4b,medium,draw_3,7,8,0.012689199259553809
pythia-1.4b,medium,draw_3,7,9,0.020301982989359074
pythia-1.4b,medium,draw_3,7,10,0.015067918511274696
pythia-1.4b,medium,draw_3,7,11,0.017910060130914916
pythia-1.4b,medium,draw_3,7,12,0.022833784944033573
pythia-1.4b,medium,draw_3,7,13,0.011956285458372032
pythia-1.4b,medium,draw_3,7,14,0.019284007420559794
pythia-1.4b,medium,draw_3,7,15,0.013356576749015884
pythia-1.4b,medium,draw_3,8,0,0.019459389574104563
pythia-1.4b,medium,draw_3,8,1,0.03106303275337947
pythia-1.4b,medium,draw_3,8,2,0.023535763368650615
pythia-1.4b,medium,draw_3,8,3,0.02780232182321609
pythia-1.4b,medium,draw_3,8,4,0.008078401250930189
pythia-1.4b,medium,draw_3,8,5,0.03147665913695543
pythia-1.4b,medium,draw_3,8,6,0.02644643970634085
pythia-1.4b,medium,draw_3,8,7,0.02933469159519392
pythia-1.4b,medium,draw_3,8,8,0.033887484360436766
pythia-1.4b,medium,draw_3,8,9,0.03426680531938969
pythia-1.4b,medium,draw_3,8,10,0.01725306815822027
pythia-1.4b,medium,draw_3,8,11,0.020723303484539084
pythia-1.4b,medium,draw_3,8,12,0.032088678330696604
pythia-1.4b,medium,draw_3,8,13,0.014358950212232989
pythia-1.4b,medium,draw_3,8,14,0.00897499286529628
pythia-1.4b,medium,draw_3,8,15,0.01590913537726268
pythia-1.4b,medium,draw_3,9,0,0.01989909323333397
pythia-1.4b,medium,draw_3,9,1,0.01478024282112013
pythia-1.4b,medium,draw_3,9,2,0.01788963036604195
pythia-1.4b,medium,draw_3,9,3,0.00978722567575782
pythia-1.4b,medium,draw_3,9,4,0.026473288842605476
pythia-1.4b,medium,draw_3,9,5,0.0288489935357713
pythia-1.4b,medium,draw_3,9,6,0.028649403519385823
pythia-1.4b,medium,draw_3,9,7,0.023274663166996636
pythia-1.4b,medium,draw_3,9,8,0.03826586696459469
pythia-1.4b,medium,draw_3,9,9,0.01794722186775573
pythia-1.4b,medium,draw_3,9,10,0.0672077447863889
pythia-1.4b,medium,draw_3,9,11,0.031947382449394574
pythia-1.4b,medium,draw_3,9,12,0.033650373267226245
pythia-1.4b,medium,draw_3,9,13,0.029538059874909754
pythia-1.4b,medium,draw_3,9,14,0.02064975932173833
pythia-1.4b,medium,draw_3,9,15,0.018035892706029864
pythia-1.4b,medium,draw_3,10,0,0.008553310091791616
pythia-1.4b,medium,draw_3,10,1,0.010502480940008583
pythia-1.4b,medium,draw_3,10,2,0.013905971231639974
pythia-1.4b,medium,draw_3,10,3,0.024581760001129487
pythia-1.4b,medium,draw_3,10,4,0.03858781526665064
pythia-1.4b,medium,draw_3,10,5,0.02106661651937162
pythia-1.4b,medium,draw_3,10,6,0.0174303098378972
pythia-1.4b,medium,draw_3,10,7,0.021091148979924534
pythia-1.4b,medium,draw_3,10,8,0.030786794516208117
pythia-1.4b,medium,draw_3,10,9,0.02999858914350935
pythia-1.4b,medium,draw_3,10,10,0.021712658351818386
pythia-1.4b,medium,draw_3,10,11,0.023511719411028274
pythia-1.4b,medium,draw_3,10,12,0.005952892529309123
pythia-1.4b,medium,draw_3,10,13,0.03959658113747194
pythia-1.4b,medium,draw_3,10,14,0.00945935396807109
pythia-1.4b,medium,draw_3,10,15,0.029172252798801045
pythia-1.4b,medium,draw_3,11,0,0.013724557137617232
pythia-1.4b,medium,draw_3,11,1,0.010607043391111055
pythia-1.4b,medium,draw_3,11,2,0.06161955107557915
pythia-1.4b,medium,draw_3,11,3,0.017601024758310733
pythia-1.4b,medium,draw_3,11,4,0.014022965165912898
pythia-1.4b,medium,draw_3,11,5,0.023350192911888643
pythia-1.4b,medium,draw_3,11,6,0.030424977000395516
pythia-1.4b,medium,draw_3,11,7,0.01102883341876765
pythia-1.4b,medium,draw_3,11,8,0.03605950981191881
pythia-1.4b,medium,draw_3,11,9,0.010173839802148525
pythia-1.4b,medium,draw_3,11,10,0.009335511599511414
pythia-1.4b,medium,draw_3,11,11,0.03656628799225787
pythia-1.4b,medium,draw_3,11,12,0.017167860156639115
pythia-1.4b,medium,draw_3,11,13,0.018548001948341324
pythia-1.4b,medium,draw_3,11,14,0.024382356082356484
pythia-1.4b,medium,draw_3,11,15,0.013114691749362728
pythia-1.4b,medium,draw_3,12,0,0.007214612197826267
pythia-1.4b,medium,draw_3,12,1,0.016997511107874928
pythia-1.4b,medium,draw_3,12,2,0.018244765056692702
pythia-1.4b,medium,draw_3,12,3,0.015522351452062443
pythia-1.4b,medium,draw_3,12,4,0.00898707904045878
pythia-1.4b,medium,draw_3,12,5,0.02540005453782769
pythia-1.4b,medium,draw_3,12,6,0.0187556992005287
pythia-1.4b,medium,draw_3,12,7,0.03904479042581804
pythia-1.4b,medium,draw_3,12,8,0.01679720323818547
pythia-1.4b,medium,draw_3,12,9,0.029494436048848605
pythia-1.4b,medium,draw_3,12,10,0.013836435476705513
pythia-1.4b,medium,draw_3,12,11,0.030748463794922937
pythia-1.4b,medium,draw_3,12,12,0.012438268379951486
pythia-1.4b,medium,draw_3,12,13,0.025565979267719266
pythia-1.4b,medium,draw_3,12,14,0.01824614244954571
pythia-1.4b,medium,draw_3,12,15,0.04520881789818674
pythia-1.4b,medium,draw_3,13,0,0.05665425021618457
pythia-1.4b,medium,draw_3,13,1,0.02808702300644027
pythia-1.4b,medium,draw_3,13,2,0.02689113199655431
pythia-1.4b,medium,draw_3,13,3,0.0677981430558452
pythia-1.4b,medium,draw_3,13,4,0.0
pythia-1.4b,medium,draw_3,13,5,0.0069034997049557244
pythia-1.4b,medium,draw_3,13,6,0.04530399999147857
pythia-1.4b,medium,draw_3,13,7,0.06652888026570543
pythia-1.4b,medium,draw_3,13,8,0.02661339944250238
pythia-1.4b,medium,draw_3,13,9,0.007132357748154808
pythia-1.4b,medium,draw_3,13,10,0.013159080626198028
pythia-1.4b,medium,draw_3,13,11,0.010584201866209448
pythia-1.4b,medium,draw_3,13,12,0.008382087868456959
pythia-1.4b,medium,draw_3,13,13,0.05043713729579084
pythia-1.4b,medium,draw_3,13,14,0.01693109623707865
pythia-1.4b,medium,draw_3,13,15,0.03896003934931463
pythia-1.4b,medium,draw_3,14,0,0.022370220028217924
pythia-1.4b,medium,draw_3,14,1,0.02485482974971872
pythia-1.4b,medium,draw_3,14,2,0.012821802444510432
pythia-1.4b,medium,draw_3,14,3,3.2309566247423786e-05
pythia-1.4b,medium,draw_3,14,4,0.012093415818784575
pythia-1.4b,medium,draw_3,14,5,0.021756794026471984
pythia-1.4b,medium,draw_3,14,6,0.021092546779701047
pythia-1.4b,medium,draw_3,14,7,0.01976719071077677
pythia-1.4b,medium,draw_3,14,8,0.024241913401141797
pythia-1.4b,medium,draw_3,14,9,0.011993755209370278
pythia-1.4b,medium,draw_3,14,10,0.021809740890360592
pythia-1.4b,medium,draw_3,14,11,0.016216234553926366
pythia-1.4b,medium,draw_3,14,12,0.018163830745408078
pythia-1.4b,medium,draw_3,14,13,0.02001118922300886
pythia-1.4b,medium,draw_3,14,14,0.0342065433172485
pythia-1.4b,medium,draw_3,14,15,0.01648341238230426
pythia-1.4b,medium,draw_3,15,0,0.01761638101087208
pythia-1.4b,medium,draw_3,15,1,0.025950776249593122
pythia-1.4b,medium,draw_3,15,2,0.02309172472046765
pythia-1.4b,medium,draw_3,15,3,0.027237288956297217
pythia-1.4b,medium,draw_3,15,4,0.016110522944441832
pythia-1.4b,medium,draw_3,15,5,0.011657689878427028
pythia-1.4b,medium,draw_3,15,6,0.016665433984609925
pythia-1.4b,medium,draw_3,15,7,0.012875784925699041
pythia-1.4b,medium,draw_3,15,8,0.019303860060140496
pythia-1.4b,medium,draw_3,15,9,0.023956255092702414
pythia-1.4b,medium,draw_3,15,10,0.030018688281899457
pythia-1.4b,medium,draw_3,15,11,0.021930347877159962
pythia-1.4b,medium,draw_3,15,12,0.057582869250159055
pythia-1.4b,medium,draw_3,15,13,0.03179882400629352
pythia-1.4b,medium,draw_3,15,14,0.029173284355357383
pythia-1.4b,medium,draw_3,15,15,0.01664918667252419
pythia-1.4b,medium,draw_3,16,0,0.029346433089344495
pythia-1.4b,medium,draw_3,16,1,0.046912769161631784
pythia-1.4b,medium,draw_3,16,2,0.07502818422437113
pythia-1.4b,medium,draw_3,16,3,0.01303000803662655
pythia-1.4b,medium,draw_3,16,4,0.03528488652457623
pythia-1.4b,medium,draw_3,16,5,0.020135806434862236
pythia-1.4b,medium,draw_3,16,6,0.03730144954779425
pythia-1.4b,medium,draw_3,16,7,0.06680920303085636
pythia-1.4b,medium,draw_3,16,8,6.695372130982846e-05
pythia-1.4b,medium,draw_3,16,9,0.07278722601720587
pythia-1.4b,medium,draw_3,16,10,0.07315606457956861
pythia-1.4b,medium,draw_3,16,11,0.10705767361049989
pythia-1.4b,medium,draw_3,16,12,0.07311672909740997
pythia-1.4b,medium,draw_3,16,13,0.02998961369770587
pythia-1.4b,medium,draw_3,16,14,0.03989841454673138
pythia-1.4b,medium,draw_3,16,15,0.05427610897308285
pythia-1.4b,medium,draw_3,17,0,0.1014334610841825
pythia-1.4b,medium,draw_3,17,1,0.12415880790291554
pythia-1.4b,medium,draw_3,17,2,0.0
pythia-1.4b,medium,draw_3,17,3,0.0648725402642274
pythia-1.4b,medium,draw_3,17,4,0.07362054689784844
pythia-1.4b,medium,draw_3,17,5,0.1358971637316354
pythia-1.4b,medium,draw_3,17,6,0.01743085415986703
pythia-1.4b,medium,draw_3,17,7,0.01919283036368321
pythia-1.4b,medium,draw_3,17,8,0.0711648721526394
pythia-1.4b,medium,draw_3,17,9,0.1015003591948646
pythia-1.4b,medium,draw_3,17,10,0.013940244734417363
pythia-1.4b,medium,draw_3,17,11,0.09039741418081436
pythia-1.4b,medium,draw_3,17,12,0.269258665379289
pythia-1.4b,medium,draw_3,17,13,0.029913277889658405
pythia-1.4b,medium,draw_3,17,14,0.08778293688087942
pythia-1.4b,medium,draw_3,17,15,0.05870466066767871
pythia-1.4b,medium,draw_3,18,0,0.02095962076129252
pythia-1.4b,medium,draw_3,18,1,0.017996181147093844
pythia-1.4b,medium,draw_3,18,2,0.04736114280828349
pythia-1.4b,medium,draw_3,18,3,0.009366423438903834
pythia-1.4b,medium,draw_3,18,4,0.06693009663204438
pythia-1.4b,medium,draw_3,18,5,0.02805475579186809
pythia-1.4b,medium,draw_3,18,6,0.02051596181600104
pythia-1.4b,medium,draw_3,18,7,0.004557533227601031
pythia-1.4b,medium,draw_3,18,8,0.022275284399392237
pythia-1.4b,medium,draw_3,18,9,0.03478334596732994
pythia-1.4b,medium,draw_3,18,10,0.03809569918415643
pythia-1.4b,medium,draw_3,18,11,0.020064579475448374
pythia-1.4b,medium,draw_3,18,12,0.06526414369021295
pythia-1.4b,medium,draw_3,18,13,0.04308280248856984
pythia-1.4b,medium,draw_3,18,14,0.037747726109744
pythia-1.4b,medium,draw_3,18,15,0.040540885386428006
pythia-1.4b,medium,draw_3,19,0,0.005994365869633773
pythia-1.4b,medium,draw_3,19,1,0.02412094587211222
pythia-1.4b,medium,draw_3,19,2,0.05803193720968903
pythia-1.4b,medium,draw_3,19,3,0.04140174859248382
pythia-1.4b,medium,draw_3,19,4,0.018224368748329854
pythia-1.4b,medium,draw_3,19,5,0.023811627563191322
pythia-1.4b,medium,draw_3,19,6,0.0422861131070878
pythia-1.4b,medium,draw_3,19,7,0.01917639171365306
pythia-1.4b,medium,draw_3,19,8,0.016838762505171686
pythia-1.4b,medium,draw_3,19,9,0.025081376629217916
pythia-1.4b,medium,draw_3,19,10,0.04442564400621778
pythia-1.4b,medium,draw_3,19,11,0.02620606511092543
pythia-1.4b,medium,draw_3,19,12,0.023985361584135206
pythia-1.4b,medium,draw_3,19,13,0.049881389869471854
pythia-1.4b,medium,draw_3,19,14,0.013378436452733861
pythia-1.4b,medium,draw_3,19,15,0.01674622207409575
pythia-1.4b,medium,draw_3,20,0,0.07506628857174762
pythia-1.4b,medium,draw_3,20,1,0.08513807050205488
pythia-1.4b,medium,draw_3,20,2,0.040337488414857604
pythia-1.4b,medium,draw_3,20,3,0.08874274543205986
pythia-1.4b,medium,draw_3,20,4,0.021617181583608116
pythia-1.4b,medium,draw_3,20,5,0.0785702623219409
pythia-1.4b,medium,draw_3,20,6,0.07059502135208925
pythia-1.4b,medium,draw_3,20,7,0.054369945380252464
pythia-1.4b,medium,draw_3,20,8,0.04105534361769611
pythia-1.4b,medium,draw_3,20,9,0.019266040829371143
pythia-1.4b,medium,draw_3,20,10,0.09374038825830688
pythia-1.4b,medium,draw_3,20,11,0.10336332994075502
pythia-1.4b,medium,draw_3,20,12,0.08446188400467909
pythia-1.4b,medium,draw_3,20,13,0.08172343038281012
pythia-1.4b,medium,draw_3,20,14,0.08842998946214406
pythia-1.4b,medium,draw_3,20,15,0.09305933518181018
pythia-1.4b,medium,draw_3,21,0,0.06525196306611698
pythia-1.4b,medium,draw_3,21,1,0.09420500053997474
pythia-1.4b,medium,draw_3,21,2,0.07749117999109817
pythia-1.4b,medium,draw_3,21,3,0.05172681330003708
pythia-1.4b,medium,draw_3,21,4,0.03696744687912749
pythia-1.4b,medium,draw_3,21,5,0.05383385551632911
pythia-1.4b,medium,draw_3,21,6,0.07516289916534416
pythia-1.4b,medium,draw_3,21,7,0.24880674321218374
pythia-1.4b,medium,draw_3,21,8,0.015273861116988445
pythia-1.4b,medium,draw_3,21,9,0.07344938217580685
pythia-1.4b,medium,draw_3,21,10,0.05720341136025027
pythia-1.4b,medium,draw_3,21,11,0.006586187788687571
pythia-1.4b,medium,draw_3,21,12,0.009875760926371976
pythia-1.4b,medium,draw_3,21,13,0.0993625162488622
pythia-1.4b,medium,draw_3,21,14,0.045023823200448995
pythia-1.4b,medium,draw_3,21,15,0.08412687277799458
pythia-1.4b,medium,draw_3,22,0,0.05989337113578662
pythia-1.4b,medium,draw_3,22,1,0.0399126610462283
pythia-1.4b,medium,draw_3,22,2,0.02713327636289288
pythia-1.4b,medium,draw_3,22,3,0.039936109217249154
pythia-1.4b,medium,draw_3,22,4,0.050208511546782894
pythia-1.4b,medium,draw_3,22,5,0.030467958164929747
pythia-1.4b,medium,draw_3,22,6,0.05251636520055337
pythia-1.4b,medium,draw_3,22,7,0.012694290009917406
pythia-1.4b,medium,draw_3,22,8,0.015804901682109074
pythia-1.4b,medium,draw_3,22,9,0.031164760865318848
pythia-1.4b,medium,draw_3,22,10,0.05349825887069488
pythia-1.4b,medium,draw_3,22,11,0.024591774266295986
pythia-1.4b,medium,draw_3,22,12,0.028345372359404652
pythia-1.4b,medium,draw_3,22,13,0.05015821598261218
pythia-1.4b,medium,draw_3,22,14,0.011331345530968016
pythia-1.4b,medium,draw_3,22,15,0.050818890138259756
pythia-1.4b,medium,draw_3,23,0,0.035103012545538034
pythia-1.4b,medium,draw_3,23,1,0.05110012404028792
pythia-1.4b,medium,draw_3,23,2,0.054529472639089645
pythia-1.4b,medium,draw_3,23,3,0.02423490593007052
pythia-1.4b,medium,draw_3,23,4,0.06469954720558684
pythia-1.4b,medium,draw_3,23,5,0.07518735756844738
pythia-1.4b,medium,draw_3,23,6,0.027805379395706976
pythia-1.4b,medium,draw_3,23,7,0.04024439300424649
pythia-1.4b,medium,draw_3,23,8,0.0263940929962466
pythia-1.4b,medium,draw_3,23,9,0.032575252552692925
pythia-1.4b,medium,draw_3,23,10,0.03971136864334876
pythia-1.4b,medium,draw_3,23,11,0.04443882555081104
pythia-1.4b,medium,draw_3,23,12,0.05309702543401588
pythia-1.4b,medium,draw_3,23,13,0.06324535591077253
pythia-1.4b,medium,draw_3,23,14,0.022203126830839852
pythia-1.4b,medium,draw_3,23,15,0.06489208327449877
pythia-1.4b,high,draw_1,0,0,0.0
pythia-1.4b,high,draw_1,0,1,0.0
pythia-1.4b,high,draw_1,0,2,0.0
pythia-1.4b,high,draw_1,0,3,0.0
pythia-1.4b,high,draw_1,0,4,0.0
pythia-1.4b,high,draw_1,0,5,0.0
pythia-1.4b,high,draw_1,0,6,0.0
pythia-1.4b,high,draw_1,0,7,0.0
pythia-1.4b,high,draw_1,0,8,0.0
pythia-1.4b,high,draw_1,0,9,0.0
pythia-1.4b,high,draw_1,0,10,0.0
pythia-1.4b,high,draw_1,0,11,0.0
pythia-1.4b,high,draw_1,0,12,0.0
pythia-1.4b,high,draw_1,0,13,0.0
pythia-1.4b,high,draw_1,0,14,0.0
pythia-1.4b,high,draw_1,0,15,0.0
pythia-1.4b,high,draw_1,1,0,0.008369000682973922
pythia-1.4b,high,draw_1,1,1,0.00563161471808688
pythia-1.4b,high,draw_1,1,2,0.013364080168136084
pythia-1.4b,high,draw_1,1,3,0.0065491822638788525
pythia-1.4b,high,draw_1,1,4,0.0035040294133583147
pythia-1.4b,high,draw_1,1,5,0.008337555621401198
pythia-1.4b,high,draw_1,1,6,0.006768644724984407
pythia-1.4b,high,draw_1,1,7,0.005593896835613632
pythia-1.4b,high,draw_1,1,8,0.009388739543870914
pythia-1.4b,high,draw_1,1,9,0.007232044792859299
pythia-1.4b,high,draw_1,1,10,0.008855531931434254
pythia-1.4b,high,draw_1,1,11,0.0033565087483071647
pythia-1.4b,high,draw_1,1,12,0.006131190500070339
pythia-1.4b,high,draw_1,1,13,0.005611665384500428
pythia-1.4b,high,draw_1,1,14,0.011779067407987462
pythia-1.4b,high,draw_1,1,15,0.007314381350787751
pythia-1.4b,high,draw_1,2,0,0.012732572621797401
pythia-1.4b,high,draw_1,2,1,0.006409268126196517
pythia-1.4b,high,draw_1,2,2,0.013706232225377864
pythia-1.4b,high,draw_1,2,3,0.012102619909618079
pythia-1.4b,high,draw_1,2,4,0.007252903282538122
pythia-1.4b,high,draw_1,2,5,0.010233758890670564
pythia-1.4b,high,draw_1,2,6,0.013064638105141637
pythia-1.4b,high,draw_1,2,7,0.014168178509763894
pythia-1.4b,high,draw_1,2,8,0.0050026696824675854
pythia-1.4b,high,draw_1,2,9,0.017920676353225553
pythia-1.4b,high,draw_1,2,10,0.005172622589537052
pythia-1.4b,high,draw_1,2,11,0.008959586216213497
pythia-1.4b,high,draw_1,2,12,0.005721089601078949
pythia-1.4b,high,draw_1,2,13,0.011173284106654639
pythia-1.4b,high,draw_1,2,14,0.007472523610821801
pythia-1.4b,high,draw_1,2,15,0.0026092083129637517
pythia-1.4b,high,draw_1,3,0,0.009361829795185182
pythia-1.4b,high,draw_1,3,1,0.013525696520324317
pythia-1.4b,high,draw_1,3,2,0.012338613391284376
pythia-1.4b,high,draw_1,3,3,0.01576905231797431
pythia-1.4b,high,draw_1,3,4,0.008141497028508395
pythia-1.4b,high,draw_1,3,5,0.006335944595521089
pythia-1.4b,high,draw_1,3,6,0.008856826723327696
pythia-1.4b,high,draw_1,3,7,0.020560458139159403
pythia-1.4b,high,draw_1,3,8,0.011338820423440137
pythia-1.4b,high,draw_1,3,9,0.009333730924677064
pythia-1.4b,high,draw_1,3,10,0.014863409729175462
pythia-1.4b,high,draw_1,3,11,0.020653801093678106
pythia-1.4b,high,draw_1,3,12,0.013517745642691276
pythia-1.4b,high,draw_1,3,13,0.013223555495915982
pythia-1.4b,high,draw_1,3,14,0.013906206681084938
pythia-1.4b,high,draw_1,3,15,0.010654732863948777
pythia-1.4b,high,draw_1,4,0,0.009914506072822096
pythia-1.4b,high,draw_1,4,1,0.017164386236061722
pythia-1.4b,high,draw_1,4,2,0.015765757524847338
pythia-1.4b,high,draw_1,4,3,0.022186785643622576
pythia-1.4b,high,draw_1,4,4,0.00793647743193927
pythia-1.4b,high,draw_1,4,5,0.010280897175393162
pythia-1.4b,high,draw_1,4,6,0.015297480166834113
pythia-1.4b,high,draw_1,4,7,0.009591757215387981
pythia-1.4b,high,draw_1,4,8,0.007577991893056498
pythia-1.4b,high,draw_1,4,9,0.006646015016846808
pythia-1.4b,high,draw_1,4,10,0.00946643393938209
pythia-1.4b,high,draw_1,4,11,0.0068874359130859375
pythia-1.4b,high,draw_1,4,12,0.008980980262856961
pythia-1.4b,high,draw_1,4,13,0.024645922690476368
pythia-1.4b,high,draw_1,4,14,0.010631152700533148
pythia-1.4b,high,draw_1,4,15,0.0029075251196294194
pythia-1.4b,high,draw_1,5,0,0.03546927097752976
pythia-1.4b,high,draw_1,5,1,0.02996888907838338
pythia-1.4b,high,draw_1,5,2,0.044995786151684036
pythia-1.4b,high,draw_1,5,3,0.006581735880249207
pythia-1.4b,high,draw_1,5,4,0.023247970735081846
pythia-1.4b,high,draw_1,5,5,0.020048633508067477
pythia-1.4b,high,draw_1,5,6,0.007223550065533478
pythia-1.4b,high,draw_1,5,7,0.013869955985320924
pythia-1.4b,high,draw_1,5,8,0.010191257714599715
pythia-1.4b,high,draw_1,5,9,0.011830451938563927
pythia-1.4b,high,draw_1,5,10,0.029881698067148604
pythia-1.4b,high,draw_1,5,11,0.004956450117712942
pythia-1.4b,high,draw_1,5,12,0.02082984554878087
pythia-1.4b,high,draw_1,5,13,0.029017716830072877
pythia-1.4b,high,draw_1,5,14,0.020996670382366082
pythia-1.4b,high,draw_1,5,15,0.003686229428826209
pythia-1.4b,high,draw_1,6,0,0.0071543953123618265
pythia-1.4b,high,draw_1,6,1,0.04797646220553447
pythia-1.4b,high,draw_1,6,2,0.016611849879256926
pythia-1.4b,high,draw_1,6,3,0.009825632385149278
pythia-1.4b,high,draw_1,6,4,0.038932653027285304
pythia-1.4b,high,draw_1,6,5,0.04183142127887975
pythia-1.4b,high,draw_1,6,6,0.049683821567493264
pythia-1.4b,high,draw_1,6,7,0.01531382743521541
pythia-1.4b,high,draw_1,6,8,0.022265954966777104
pythia-1.4b,high,draw_1,6,9,0.00850921561633076
pythia-1.4b,high,draw_1,6,10,0.014870664624309604
pythia-1.4b,high,draw_1,6,11,0.02086994273469949
pythia-1.4b,high,draw_1,6,12,0.028811553625221524
pythia-1.4b,high,draw_1,6,13,0.015741450763434795
pythia-1.4b,high,draw_1,6,14,0.014575666231506256
pythia-1.4b,high,draw_1,6,15,0.01616082978729509
pythia-1.4b,high,draw_1,7,0,0.017228821640920877
pythia-1.4b,high,draw_1,7,1,0.03093117633044052
pythia-1.4b,high,draw_1,7,2,0.06198361653627656
pythia-1.4b,high,draw_1,7,3,0.024995912044426267
pythia-1.4b,high,draw_1,7,4,0.036040148608903415
pythia-1.4b,high,draw_1,7,5,0.016882165892900546
pythia-1.4b,high,draw_1,7,6,0.035113328322797996
pythia-1.4b,high,draw_1,7,7,0.02563054186220189
pythia-1.4b,high,draw_1,7,8,0.020828090569323894
pythia-1.4b,high,draw_1,7,9,0.0405399061748545
pythia-1.4b,high,draw_1,7,10,0.03499127295962532
pythia-1.4b,high,draw_1,7,11,0.03325965920891119
pythia-1.4b,high,draw_1,7,12,0.02991010982861802
pythia-1.4b,high,draw_1,7,13,0.015436747413108904
pythia-1.4b,high,draw_1,7,14,0.03603840912762708
pythia-1.4b,high,draw_1,7,15,0.015576843001367913
pythia-1.4b,high,draw_1,8,0,0.020539475022211064
pythia-1.4b,high,draw_1,8,1,0.059087489010017154
pythia-1.4b,high,draw_1,8,2,0.026564355392730638
pythia-1.4b,high,draw_1,8,3,0.03603215469999152
pythia-1.4b,high,draw_1,8,4,0.013881003522251948
pythia-1.4b,high,draw_1,8,5,0.03993224806124159
pythia-1.4b,high,draw_1,8,6,0.020992023605797206
pythia-1.4b,high,draw_1,8,7,0.040814542590752116
pythia-1.4b,high,draw_1,8,8,0.02809927653121321
pythia-1.4b,high,draw_1,8,9,0.05809541022168691
pythia-1.4b,high,draw_1,8,10,0.016076955524648034
pythia-1.4b,high,draw_1,8,11,0.02549685894753121
pythia-1.4b,high,draw_1,8,12,0.04945551260838716
pythia-1.4b,high,draw_1,8,13,0.02716770937471512
pythia-1.4b,high,draw_1,8,14,0.015418185250429648
pythia-1.4b,high,draw_1,8,15,0.03811199873810911
pythia-1.4b,high,draw_1,9,0,0.033955149854837156
pythia-1.4b,high,draw_1,9,1,0.06000655330940483
pythia-1.4b,high,draw_1,9,2,0.02983819721869945
pythia-1.4b,high,draw_1,9,3,0.019311699854386157
pythia-1.4b,high,draw_1,9,4,0.04376029964105007
pythia-1.4b,high,draw_1,9,5,0.04646465129499758
pythia-1.4b,high,draw_1,9,6,0.06170235269659201
pythia-1.4b,high,draw_1,9,7,0.038432300834337595
pythia-1.4b,high,draw_1,9,8,0.03716873923118006
pythia-1.4b,high,draw_1,9,9,0.008843694211877392
pythia-1.4b,high,draw_1,9,10,0.06545713546420463
pythia-1.4b,high,draw_1,9,11,0.035234359555653405
pythia-1.4b,high,draw_1,9,12,0.05117693213597014
pythia-1.4b,high,draw_1,9,13,0.028131240245166503
pythia-1.4b,high,draw_1,9,14,0.010183109817558829
pythia-1.4b,high,draw_1,9,15,0.034145245910408184
pythia-1.4b,high,draw_1,10,0,0.011350949494021283
pythia-1.4b,high,draw_1,10,1,0.03976877061200586
pythia-1.4b,high,draw_1,10,2,0.020388638696078036
pythia-1.4b,high,draw_1,10,3,0.0687998003379945
pythia-1.4b,high,draw_1,10,4,0.021931923091848528
pythia-1.4b,high,draw_1,10,5,0.01980706242400073
pythia-1.4b,high,draw_1,10,6,0.024531286861838447
pythia-1.4b,high,draw_1,10,7,0.02556420105442579
pythia-1.4b,high,draw_1,10,8,0.048867476818469334
pythia-1.4b,high,draw_1,10,9,0.02329575122618032
pythia-1.4b,high,draw_1,10,10,0.07799058317995042
pythia-1.4b,high,draw_1,10,11,0.028568656726196476
pythia-1.4b,high,draw_1,10,12,0.034067883875342646
pythia-1.4b,high,draw_1,10,13,0.0762848749491068
pythia-1.4b,high,draw_1,10,14,0.03311012721973694
pythia-1.4b,high,draw_1,10,15,0.013112909628647995
pythia-1.4b,high,draw_1,11,0,0.029351894055682743
pythia-1.4b,high,draw_1,11,1,0.02063460690960412
pythia-1.4b,high,draw_1,11,2,0.06577137081190244
pythia-1.4b,high,draw_1,11,3,0.028656567495933972
pythia-1.4b,high,draw_1,11,4,0.0193714503888914
pythia-1.4b,high,draw_1,11,5,0.09214930147070817
pythia-1.4b,high,draw_1,11,6,0.04275213308695998
pythia-1.4b,high,draw_1,11,7,0.02677560005346781
pythia-1.4b,high,draw_1,11,8,0.036455913588287675
pythia-1.4b,high,draw_1,11,9,0.01888884860158138
pythia-1.4b,high,draw_1,11,10,0.04025574528631392
pythia-1.4b,high,draw_1,11,11,0.02348533854313084
pythia-1.4b,high,draw_1,11,12,0.057037757639425334
pythia-1.4b,high,draw_1,11,13,0.11098174116303408
pythia-1.4b,high,draw_1,11,14,0.04172996079040123
pythia-1.4b,high,draw_1,11,15,0.03283501729485848
pythia-1.4b,high,draw_1,12,0,0.06304192291957976
pythia-1.4b,high,draw_1,12,1,0.02531198786214497
pythia-1.4b,high,draw_1,12,2,0.021050221236197132
pythia-1.4b,high,draw_1,12,3,0.04810852034907045
pythia-1.4b,high,draw_1,12,4,0.026944822435520856
pythia-1.4b,high,draw_1,12,5,0.01930697540664423
pythia-1.4b,high,draw_1,12,6,0.027732372673381116
pythia-1.4b,high,draw_1,12,7,0.04233019244229154
pythia-1.4b,high,draw_1,12,8,0.03576195657402057
pythia-1.4b,high,draw_1,12,9,0.0671648633327221
pythia-1.4b,high,draw_1,12,10,0.062265881498375655
pythia-1.4b,high,draw_1,12,11,0.04068292347808676
pythia-1.4b,high,draw_1,12,12,0.0362781023237018
pythia-1.4b,high,draw_1,12,13,0.07785519263670392
pythia-1.4b,high,draw_1,12,14,0.06056284693814436
pythia-1.4b,high,draw_1,12,15,0.0627654369741733
pythia-1.4b,high,draw_1,13,0,0.079348842852168
pythia-1.4b,high,draw_1,13,1,0.03541959701948646
pythia-1.4b,high,draw_1,13,2,0.023419711196889664
pythia-1.4b,high,draw_1,13,3,0.025782391674599187
pythia-1.4b,high,draw_1,13,4,0.0102848698805117
pythia-1.4b,high,draw_1,13,5,0.015322996472202314
pythia-1.4b,high,draw_1,13,6,0.07167041365167183
pythia-1.4b,high,draw_1,13,7,0.036512032872766206
pythia-1.4b,high,draw_1,13,8,0.022031903524589263
pythia-1.4b,high,draw_1,13,9,0.00997607446072776
pythia-1.4b,high,draw_1,13,10,0.01133137763636665
pythia-1.4b,high,draw_1,13,11,0.027656653042324147
pythia-1.4b,high,draw_1,13,12,0.022426062439632587
pythia-1.4b,high,draw_1,13,13,0.06444595759449623
pythia-1.4b,high,draw_1,13,14,0.014896099756852792
pythia-1.4b,high,draw_1,13,15,0.05962990687805521
pythia-1.4b,high,draw_1,14,0,0.03468555857137666
pythia-1.4b,high,draw_1,14,1,0.10554590758438684
pythia-1.4b,high,draw_1,14,2,0.017164360802132756
pythia-1.4b,high,draw_1,14,3,0.023508453752925436
pythia-1.4b,high,draw_1,14,4,0.05207387222347577
pythia-1.4b,high,draw_1,14,5,0.03598887862816579
pythia-1.4b,high,draw_1,14,6,0.03598544476847007
pythia-1.4b,high,draw_1,14,7,0.03986859668840352
pythia-1.4b,high,draw_1,14,8,0.024129438694221593
pythia-1.4b,high,draw_1,14,9,0.0378628210915243
pythia-1.4b,high,draw_1,14,10,0.05447115637559782
pythia-1.4b,high,draw_1,14,11,0.05328565989350617
pythia-1.4b,high,draw_1,14,12,0.028363733055289483
pythia-1.4b,high,draw_1,14,13,0.04154080265569352
pythia-1.4b,high,draw_1,14,14,0.08189065556051597
pythia-1.4b,high,draw_1,14,15,0.01139264878713464
pythia-1.4b,high,draw_1,15,0,0.022879766824014647
pythia-1.4b,high,draw_1,15,1,0.030944306935458
pythia-1.4b,high,draw_1,15,2,0.031114796130459782
pythia-1.4b,high,draw_1,15,3,0.03047381601185338
pythia-1.4b,high,draw_1,15,4,0.03675431814113951
pythia-1.4b,high,draw_1,15,5,0.02859838011455609
pythia-1.4b,high,draw_1,15,6,0.038252119492964455
pythia-1.4b,high,draw_1,15,7,0.0159532573438296
pythia-1.4b,high,draw_1,15,8,0.020680674687114566
pythia-1.4b,high,draw_1,15,9,0.03144541564178137
pythia-1.4b,high,draw_1,15,10,0.012816760638440594
pythia-1.4b,high,draw_1,15,11,0.03455132856253596
pythia-1.4b,high,draw_1,15,12,0.05318502530690481
pythia-1.4b,high,draw_1,15,13,0.023496231362501906
pythia-1.4b,high,draw_1,15,14,0.030074380356671166
pythia-1.4b,high,draw_1,15,15,0.030200711309886503
pythia-1.4b,high,draw_1,16,0,0.05241109737587025
pythia-1.4b,high,draw_1,16,1,0.034001327813478324
pythia-1.4b,high,draw_1,16,2,0.06873034906227854
pythia-1.4b,high,draw_1,16,3,0.03450103313149115
pythia-1.4b,high,draw_1,16,4,0.046337598592724294
pythia-1.4b,high,draw_1,16,5,0.040345034685223984
pythia-1.4b,high,draw_1,16,6,0.06390432596224949
pythia-1.4b,high,draw_1,16,7,0.010765520407008743
pythia-1.4b,high,draw_1,16,8,0.004063198563330328
pythia-1.4b,high,draw_1,16,9,0.009206264277174874
pythia-1.4b,high,draw_1,16,10,0.021429438687429678
pythia-1.4b,high,draw_1,16,11,0.028826191950099066
pythia-1.4b,high,draw_1,16,12,0.00421849983520007
pythia-1.4b,high,draw_1,16,13,0.04093954574636724
pythia-1.4b,high,draw_1,16,14,0.007210596734421989
pythia-1.4b,high,draw_1,16,15,0.037601952183513476
pythia-1.4b,high,draw_1,17,0,0.028621138463845095
pythia-1.4b,high,draw_1,17,1,0.04242608683711126
pythia-1.4b,high,draw_1,17,2,0.0
pythia-1.4b,high,draw_1,17,3,0.013835477335874206
pythia-1.4b,high,draw_1,17,4,0.020158555380440948
pythia-1.4b,high,draw_1,17,5,0.04405857431394573
pythia-1.4b,high,draw_1,17,6,0.020736067666303187
pythia-1.4b,high,draw_1,17,7,0.02301457791971768
pythia-1.4b,high,draw_1,17,8,0.03092002439201786
pythia-1.4b,high,draw_1,17,9,0.0169509205381988
pythia-1.4b,high,draw_1,17,10,0.01349615848342177
pythia-1.4b,high,draw_1,17,11,0.016112565978387176
pythia-1.4b,high,draw_1,17,12,0.09057470664923942
pythia-1.4b,high,draw_1,17,13,0.02751894475604321
pythia-1.4b,high,draw_1,17,14,0.01942812247150887
pythia-1.4b,high,draw_1,17,15,0.03572881707792232
pythia-1.4b,high,draw_1,18,0,0.04502918549496789
pythia-1.4b,high,draw_1,18,1,0.023592673649772865
pythia-1.4b,high,draw_1,18,2,0.11744247354834196
pythia-1.4b,high,draw_1,18,3,0.008015925307322962
pythia-1.4b,high,draw_1,18,4,0.11768737514254227
pythia-1.4b,high,draw_1,18,5,0.013631363115521558
pythia-1.4b,high,draw_1,18,6,0.04223450893828238
pythia-1.4b,high,draw_1,18,7,0.02651569918966058
pythia-1.4b,high,draw_1,18,8,0.057880828887020064
pythia-1.4b,high,draw_1,18,9,0.03657485108601498
pythia-1.4b,high,draw_1,18,10,0.05731938876286006
pythia-1.4b,high,draw_1,18,11,0.04268511036222251
pythia-1.4b,high,draw_1,18,12,0.1352222694827602
pythia-1.4b,high,draw_1,18,13,0.07130931213923958
pythia-1.4b,high,draw_1,18,14,0.011052736930194687
pythia-1.4b,high,draw_1,18,15,0.06087927558427086
pythia-1.4b,high,draw_1,19,0,0.008496284003155509
pythia-1.4b,high,draw_1,19,1,0.029572988775469
pythia-1.4b,high,draw_1,19,2,0.06297437381241873
pythia-1.4b,high,draw_1,19,3,0.0442162058657774
pythia-1.4b,high,draw_1,19,4,0.017292044164314815
pythia-1.4b,high,draw_1,19,5,0.030232376662831153
pythia-1.4b,high,draw_1,19,6,0.05223451468243352
pythia-1.4b,high,draw_1,19,7,0.025444455121803825
pythia-1.4b,high,draw_1,19,8,0.02462759337000277
pythia-1.4b,high,draw_1,19,9,0.03644836859395857
pythia-1.4b,high,draw_1,19,10,0.0605136276298883
pythia-1.4b,high,draw_1,19,11,0.02585502976064898
pythia-1.4b,high,draw_1,19,12,0.03707933464842068
pythia-1.4b,high,draw_1,19,13,0.018392101500817857
pythia-1.4b,high,draw_1,19,14,0.024338189483159533
pythia-1.4b,high,draw_1,19,15,0.014025410859322199
pythia-1.4b,high,draw_1,20,0,0.08431231987412924
pythia-1.4b,high,draw_1,20,1,0.07353013972665363
pythia-1.4b,high,draw_1,20,2,0.05468342544499244
pythia-1.4b,high,draw_1,20,3,0.07613922911213215
pythia-1.4b,high,draw_1,20,4,0.018209593950085052
pythia-1.4b,high,draw_1,20,5,0.049753866726671744
pythia-1.4b,high,draw_1,20,6,0.10127804884961424
pythia-1.4b,high,draw_1,20,7,0.04367346657921972
pythia-1.4b,high,draw_1,20,8,0.06273785051217318
pythia-1.4b,high,draw_1,20,9,0.019429177802085744
pythia-1.4b,high,draw_1,20,10,0.1369868714797044
pythia-1.4b,high,draw_1,20,11,0.06282945317560529
pythia-1.4b,high,draw_1,20,12,0.10541351956198199
pythia-1.4b,high,draw_1,20,13,0.09908592840584311
pythia-1.4b,high,draw_1,20,14,0.1209335806061191
pythia-1.4b,high,draw_1,20,15,0.09700926083115441
pythia-1.4b,high,draw_1,21,0,0.0676475555491511
pythia-1.4b,high,draw_1,21,1,0.11957134496871805
pythia-1.4b,high,draw_1,21,2,0.08188937611529212
pythia-1.4b,high,draw_1,21,3,0.043222943445933075
pythia-1.4b,high,draw_1,21,4,0.035202884539596926
pythia-1.4b,high,draw_1,21,5,0.06553815277819681
pythia-1.4b,high,draw_1,21,6,0.07082897479950571
pythia-1.4b,high,draw_1,21,7,0.2649314465111288
pythia-1.4b,high,draw_1,21,8,0.011417342395222487
pythia-1.4b,high,draw_1,21,9,0.07278759067771487
pythia-1.4b,high,draw_1,21,10,0.07025807313967224
pythia-1.4b,high,draw_1,21,11,0.0127194243256068
pythia-1.4b,high,draw_1,21,12,0.008103607650601153
pythia-1.4b,high,draw_1,21,13,0.12385721406510913
pythia-1.4b,high,draw_1,21,14,0.07588043456827505
pythia-1.4b,high,draw_1,21,15,0.06359081256840105
pythia-1.4b,high,draw_1,22,0,0.2730263343474189
pythia-1.4b,high,draw_1,22,1,0.060148168460676804
pythia-1.4b,high,draw_1,22,2,0.06503077502904409
pythia-1.4b,high,draw_1,22,3,0.13264073456386608
pythia-1.4b,high,draw_1,22,4,0.10041147676025129
pythia-1.4b,high,draw_1,22,5,0.07391033905786523
pythia-1.4b,high,draw_1,22,6,0.11353758059449125
pythia-1.4b,high,draw_1,22,7,0.021932092284675558
pythia-1.4b,high,draw_1,22,8,0.022805200827310895
pythia-1.4b,high,draw_1,22,9,0.050630106109206194
pythia-1.4b,high,draw_1,22,10,0.05498389619609043
pythia-1.4b,high,draw_1,22,11,0.06990913083173365
pythia-1.4b,high,draw_1,22,12,0.028934671631423575
pythia-1.4b,high,draw_1,22,13,0.10059505717591645
pythia-1.4b,high,draw_1,22,14,0.05126367263017838
pythia-1.4b,high,draw_1,22,15,0.16391381838101124
pythia-1.4b,high,draw_1,23,0,0.0909127052578208
pythia-1.4b,high,draw_1,23,1,0.12406402584550104
pythia-1.4b,high,draw_1,23,2,0.10114758358229066
pythia-1.4b,high,draw_1,23,3,0.03245454759170468
pythia-1.4b,high,draw_1,23,4,0.06396332222097144
pythia-1.4b,high,draw_1,23,5,0.05968566185807119
pythia-1.4b,high,draw_1,23,6,0.02122615479101263
pythia-1.4b,high,draw_1,23,7,0.04634561976698155
pythia-1.4b,high,draw_1,23,8,0.04479578192421437
pythia-1.4b,high,draw_1,23,9,0.02970144358495804
pythia-1.4b,high,draw_1,23,10,0.0891020417273719
pythia-1.4b,high,draw_1,23,11,0.032165693829158064
pythia-1.4b,high,draw_1,23,12,0.10818968252143535
pythia-1.4b,high,draw_1,23,13,0.08297293715768192
pythia-1.4b,high,draw_1,23,14,0.03707336259479763
pythia-1.4b,high,draw_1,23,15,0.08903137696378632
pythia-1.4b,high,draw_2,0,0,0.0
pythia-1.4b,high,draw_2,0,1,0.0
pythia-1.4b,high,draw_2,0,2,0.0
pythia-1.4b,high,draw_2,0,3,0.0
pythia-1.4b,high,draw_2,0,4,0.0
pythia-1.4b,high,draw_2,0,5,0.0
pythia-1.4b,high,draw_2,0,6,0.0
pythia-1.4b,high,draw_2,0,7,0.0
pythia-1.4b,high,draw_2,0,8,0.0
pythia-1.4b,high,draw_2,0,9,0.0
pythia-1.4b,high,draw_2,0,10,0.0
pythia-1.4b,high,draw_2,0,11,0.0
pythia-1.4b,high,draw_2,0,12,0.0
pythia-1.4b,high,draw_2,0,13,0.0
pythia-1.4b,high,draw_2,0,14,0.0
pythia-1.4b,high,draw_2,0,15,0.0
pythia-1.4b,high,draw_2,1,0,0.009311806514939928
pythia-1.4b,high,draw_2,1,1,0.0057242122364020145
pythia-1.4b,high,draw_2,1,2,0.010811904608314778
pythia-1.4b,high,draw_2,1,3,0.006512473695353177
pythia-1.4b,high,draw_2,1,4,0.002979905530187955
pythia-1.4b,high,draw_2,1,5,0.009102836486979668
pythia-1.4b,high,draw_2,1,6,0.004288393354614157
pythia-1.4b,high,draw_2,1,7,0.0049819216058353735
pythia-1.4b,high,draw_2,1,8,0.005682710869045276
pythia-1.4b,high,draw_2,1,9,0.0051655480375126924
pythia-1.4b,high,draw_2,1,10,0.00794927628072217
pythia-1.4b,high,draw_2,1,11,0.002430147795720118
pythia-1.4b,high,draw_2,1,12,0.003323274077881235
pythia-1.4b,high,draw_2,1,13,0.003458037273800737
pythia-1.4b,high,draw_2,1,14,0.005150385933793615
pythia-1.4b,high,draw_2,1,15,0.005886951759918578
pythia-1.4b,high,draw_2,2,0,0.007376338369303264
pythia-1.4b,high,draw_2,2,1,0.0076952180922442845
pythia-1.4b,high,draw_2,2,2,0.009089840075054008
pythia-1.4b,high,draw_2,2,3,0.009951403908088019
pythia-1.4b,high,draw_2,2,4,0.009190517774572611
pythia-1.4b,high,draw_2,2,5,0.004929304809062869
pythia-1.4b,high,draw_2,2,6,0.007116847093985896
pythia-1.4b,high,draw_2,2,7,0.011389525342240284
pythia-1.4b,high,draw_2,2,8,0.003923641916027386
pythia-1.4b,high,draw_2,2,9,0.015888708228296522
pythia-1.4b,high,draw_2,2,10,0.005102182905187832
pythia-1.4b,high,draw_2,2,11,0.009825244351389671
pythia-1.4b,high,draw_2,2,12,0.004782441552753108
pythia-1.4b,high,draw_2,2,13,0.0060875349644615405
pythia-1.4b,high,draw_2,2,14,0.007014081071871858
pythia-1.4b,high,draw_2,2,15,0.002313097293097605
pythia-1.4b,high,draw_2,3,0,0.00870597076455797
pythia-1.4b,high,draw_2,3,1,0.01573133051642878
pythia-1.4b,high,draw_2,3,2,0.01941326985957375
pythia-1.4b,high,draw_2,3,3,0.017887611325339576
pythia-1.4b,high,draw_2,3,4,0.011099615397595153
pythia-1.4b,high,draw_2,3,5,0.010388355724374439
pythia-1.4b,high,draw_2,3,6,0.010745814643065428
pythia-1.4b,high,draw_2,3,7,0.016447905893233694
pythia-1.4b,high,draw_2,3,8,0.01026791406241637
pythia-1.4b,high,draw_2,3,9,0.012044647920779812
pythia-1.4b,high,draw_2,3,10,0.012725692858059091
pythia-1.4b,high,draw_2,3,11,0.007661853407503732
pythia-1.4b,high,draw_2,3,12,0.0067131128754393974
pythia-1.4b,high,draw_2,3,13,0.01906681936093356
pythia-1.4b,high,draw_2,3,14,0.017989981264991205
pythia-1.4b,high,draw_2,3,15,0.01053005636397951
pythia-1.4b,high,draw_2,4,0,0.02882166541683671
pythia-1.4b,high,draw_2,4,1,0.07671061756282156
pythia-1.4b,high,draw_2,4,2,0.035409393481178296
pythia-1.4b,high,draw_2,4,3,0.03980490787396433
pythia-1.4b,high,draw_2,4,4,0.02095332335976306
pythia-1.4b,high,draw_2,4,5,0.03375892680325799
pythia-1.4b,high,draw_2,4,6,0.01570410003647869
pythia-1.4b,high,draw_2,4,7,0.06205942541590335
pythia-1.4b,high,draw_2,4,8,0.031852284502688816
pythia-1.4b,high,draw_2,4,9,0.011390903212769445
pythia-1.4b,high,draw_2,4,10,0.013065064698859465
pythia-1.4b,high,draw_2,4,11,0.035166566712548517
pythia-1.4b,high,draw_2,4,12,0.008968321631021637
pythia-1.4b,high,draw_2,4,13,0.028752466256674367
pythia-1.4b,high,draw_2,4,14,0.014030419204936044
pythia-1.4b,high,draw_2,4,15,0.008681647576414056
pythia-1.4b,high,draw_2,5,0,0.031988592862875254
pythia-1.4b,high,draw_2,5,1,0.01853486071537917
pythia-1.4b,high,draw_2,5,2,0.04753214925339189
pythia-1.4b,high,draw_2,5,3,0.012069644276785247
pythia-1.4b,high,draw_2,5,4,0.031401987320297996
pythia-1.4b,high,draw_2,5,5,0.04040734207989046
pythia-1.4b,high,draw_2,5,6,0.006913755472015018
pythia-1.4b,high,draw_2,5,7,0.02701596505280374
pythia-1.4b,high,draw_2,5,8,0.021780368729551258
pythia-1.4b,high,draw_2,5,9,0.023017153729947525
pythia-1.4b,high,draw_2,5,10,0.026205247714143644
pythia-1.4b,high,draw_2,5,11,0.01762939218965649
pythia-1.4b,high,draw_2,5,12,0.03553422425024825
pythia-1.4b,high,draw_2,5,13,0.03719908762160334
pythia-1.4b,high,draw_2,5,14,0.03205430346795131
pythia-1.4b,high,draw_2,5,15,0.005821297396425266
pythia-1.4b,high,draw_2,6,0,0.008630117108466945
pythia-1.4b,high,draw_2,6,1,0.010097416472770132
pythia-1.4b,high,draw_2,6,2,0.012671264466748499
pythia-1.4b,high,draw_2,6,3,0.01027286145595107
pythia-1.4b,high,draw_2,6,4,0.01491463310080356
pythia-1.4b,high,draw_2,6,5,0.008786134762036076
pythia-1.4b,high,draw_2,6,6,0.029039467058232172
pythia-1.4b,high,draw_2,6,7,0.011836646022614748
pythia-1.4b,high,draw_2,6,8,0.01873222930145196
pythia-1.4b,high,draw_2,6,9,0.010477271426104632
pythia-1.4b,high,draw_2,6,10,0.01201778523743109
pythia-1.4b,high,draw_2,6,11,0.0074021671844677235
pythia-1.4b,high,draw_2,6,12,0.010995633105493105
pythia-1.4b,high,draw_2,6,13,0.017016609840445784
pythia-1.4b,high,draw_2,6,14,0.015516102818529574
pythia-1.4b,high,draw_2,6,15,0.01205097220940356
pythia-1.4b,high,draw_2,7,0,0.017757488295655932
pythia-1.4b,high,draw_2,7,1,0.008391825053649327
pythia-1.4b,high,draw_2,7,2,0.030533704311664658
pythia-1.4b,high,draw_2,7,3,0.023408908342012025
pythia-1.4b,high,draw_2,7,4,0.040699802991186834
pythia-1.4b,high,draw_2,7,5,0.027315504096839055
pythia-1.4b,high,draw_2,7,6,0.025907698395230876
pythia-1.4b,high,draw_2,7,7,0.020329769752634515
pythia-1.4b,high,draw_2,7,8,0.010187278858151266
pythia-1.4b,high,draw_2,7,9,0.034988998893796155
pythia-1.4b,high,draw_2,7,10,0.016371055870813316
pythia-1.4b,high,draw_2,7,11,0.02444908014944772
pythia-1.4b,high,draw_2,7,12,0.029539837301414535
pythia-1.4b,high,draw_2,7,13,0.02453212207068705
pythia-1.4b,high,draw_2,7,14,0.03325490560321633
pythia-1.4b,high,draw_2,7,15,0.02823624485889123
pythia-1.4b,high,draw_2,8,0,0.024192876223230367
pythia-1.4b,high,draw_2,8,1,0.050980434051471464
pythia-1.4b,high,draw_2,8,2,0.01969594509169201
pythia-1.4b,high,draw_2,8,3,0.014422873463479414
pythia-1.4b,high,draw_2,8,4,0.013867360100545085
pythia-1.4b,high,draw_2,8,5,0.020655869588653
pythia-1.4b,high,draw_2,8,6,0.02503144467843058
pythia-1.4b,high,draw_2,8,7,0.02019822225139497
pythia-1.4b,high,draw_2,8,8,0.04689860494651432
pythia-1.4b,high,draw_2,8,9,0.048313673237105025
pythia-1.4b,high,draw_2,8,10,0.0173652620266527
pythia-1.4b,high,draw_2,8,11,0.014481370621517602
pythia-1.4b,high,draw_2,8,12,0.05718166002305219
pythia-1.4b,high,draw_2,8,13,0.03390618467379575
pythia-1.4b,high,draw_2,8,14,0.008915247032739201
pythia-1.4b,high,draw_2,8,15,0.02896096256603353
pythia-1.4b,high,draw_2,9,0,0.030326293364523672
pythia-1.4b,high,draw_2,9,1,0.02868516797049054
pythia-1.4b,high,draw_2,9,2,0.026431180422855492
pythia-1.4b,high,draw_2,9,3,0.025363609723975555
pythia-1.4b,high,draw_2,9,4,0.02524814149743373
pythia-1.4b,high,draw_2,9,5,0.03132466991616745
pythia-1.4b,high,draw_2,9,6,0.035430152484151545
pythia-1.4b,high,draw_2,9,7,0.025749334264367846
pythia-1.4b,high,draw_2,9,8,0.01431671079478235
pythia-1.4b,high,draw_2,9,9,0.018236516069880027
pythia-1.4b,high,draw_2,9,10,0.033659861489305
pythia-1.4b,high,draw_2,9,11,0.026189458957426526
pythia-1.4b,high,draw_2,9,12,0.04996901405108444
pythia-1.4b,high,draw_2,9,13,0.021614100964197327
pythia-1.4b,high,draw_2,9,14,0.015360065057849648
pythia-1.4b,high,draw_2,9,15,0.015180938487549462
pythia-1.4b,high,draw_2,10,0,0.0304266404421672
pythia-1.4b,high,draw_2,10,1,0.03918432372303793
pythia-1.4b,high,draw_2,10,2,0.021451382880938816
pythia-1.4b,high,draw_2,10,3,0.03764217391613785
pythia-1.4b,high,draw_2,10,4,0.02569571583387238
pythia-1.4b,high,draw_2,10,5,0.014158846942615495
pythia-1.4b,high,draw_2,10,6,0.025642451768907098
pythia-1.4b,high,draw_2,10,7,0.009568512452908655
pythia-1.4b,high,draw_2,10,8,0.030849941462594753
pythia-1.4b,high,draw_2,10,9,0.020095988847186393
pythia-1.4b,high,draw_2,10,10,0.05877420730408673
pythia-1.4b,high,draw_2,10,11,0.029417123975605163
pythia-1.4b,high,draw_2,10,12,0.026165394238617093
pythia-1.4b,high,draw_2,10,13,0.04888212555793896
pythia-1.4b,high,draw_2,10,14,0.027719248252990096
pythia-1.4b,high,draw_2,10,15,0.02315504271996557
pythia-1.4b,high,draw_2,11,0,0.02530234836768314
pythia-1.4b,high,draw_2,11,1,0.03453648509715978
pythia-1.4b,high,draw_2,11,2,0.03803357167864401
pythia-1.4b,high,draw_2,11,3,0.02144991552242938
pythia-1.4b,high,draw_2,11,4,0.017636460622374974
pythia-1.4b,high,draw_2,11,5,0.05074025755391699
pythia-1.4b,high,draw_2,11,6,0.048810268951891105
pythia-1.4b,high,draw_2,11,7,0.016492367941952604
pythia-1.4b,high,draw_2,11,8,0.022172976339964005
pythia-1.4b,high,draw_2,11,9,0.022949807179800344
pythia-1.4b,high,draw_2,11,10,0.02993277217785909
pythia-1.4b,high,draw_2,11,11,0.029689761125889117
pythia-1.4b,high,draw_2,11,12,0.04014068738200106
pythia-1.4b,high,draw_2,11,13,0.05838433433482908
pythia-1.4b,high,draw_2,11,14,0.02242536942071126
pythia-1.4b,high,draw_2,11,15,0.04096170127741538
pythia-1.4b,high,draw_2,12,0,0.05881035227570924
pythia-1.4b,high,draw_2,12,1,0.016034673275219655
pythia-1.4b,high,draw_2,12,2,0.024400523723311654
pythia-1.4b,high,draw_2,12,3,0.017117301137034243
pythia-1.4b,high,draw_2,12,4,0.03549981132540297
pythia-1.4b,high,draw_2,12,5,0.016593264862285653
pythia-1.4b,high,draw_2,12,6,0.03292053947446529
pythia-1.4b,high,draw_2,12,7,0.019636789916512642
pythia-1.4b,high,draw_2,12,8,0.027101629413888866
pythia-1.4b,high,draw_2,12,9,0.0451135588503703
pythia-1.4b,high,draw_2,12,10,0.07311493946014433
pythia-1.4b,high,draw_2,12,11,0.03748730156395376
pythia-1.4b,high,draw_2,12,12,0.02734297512863871
pythia-1.4b,high,draw_2,12,13,0.053555715121170126
pythia-1.4b,high,draw_2,12,14,0.021187904174010425
pythia-1.4b,high,draw_2,12,15,0.04262413745333231
pythia-1.4b,high,draw_2,13,0,0.05169895036942616
pythia-1.4b,high,draw_2,13,1,0.026027952000178958
pythia-1.4b,high,draw_2,13,2,0.02077417306038913
pythia-1.4b,high,draw_2,13,3,0.039350100593683705
pythia-1.4b,high,draw_2,13,4,0.02551479650359497
pythia-1.4b,high,draw_2,13,5,0.010391375390900279
pythia-1.4b,high,draw_2,13,6,0.03623518745972239
pythia-1.4b,high,draw_2,13,7,0.03594275376540842
pythia-1.4b,high,draw_2,13,8,0.020512309319347517
pythia-1.4b,high,draw_2,13,9,0.01409872475599587
pythia-1.4b,high,draw_2,13,10,0.01686009797519513
pythia-1.4b,high,draw_2,13,11,0.011848212667772754
pythia-1.4b,high,draw_2,13,12,0.022080596072479725
pythia-1.4b,high,draw_2,13,13,0.02445715201143489
pythia-1.4b,high,draw_2,13,14,0.0279719491479573
pythia-1.4b,high,draw_2,13,15,0.039612897908122315
pythia-1.4b,high,draw_2,14,0,0.027780822440725623
pythia-1.4b,high,draw_2,14,1,0.05721387087724786
pythia-1.4b,high,draw_2,14,2,0.011439546954192047
pythia-1.4b,high,draw_2,14,3,0.03740429698833939
pythia-1.4b,high,draw_2,14,4,0.027797166838354946
pythia-1.4b,high,draw_2,14,5,0.01951566461762575
pythia-1.4b,high,draw_2,14,6,0.017267461349768573
pythia-1.4b,high,draw_2,14,7,0.033831839274958586
pythia-1.4b,high,draw_2,14,8,0.015464818471708207
pythia-1.4b,high,draw_2,14,9,0.024578584414212297
pythia-1.4b,high,draw_2,14,10,0.046192671816951185
pythia-1.4b,high,draw_2,14,11,0.04172891602345279
pythia-1.4b,high,draw_2,14,12,0.02758881685508179
pythia-1.4b,high,draw_2,14,13,0.02564832578500232
pythia-1.4b,high,draw_2,14,14,0.030539451389759397
pythia-1.4b,high,draw_2,14,15,0.015616778915519658
pythia-1.4b,high,draw_2,15,0,0.030330896646498177
pythia-1.4b,high,draw_2,15,1,0.026978094647585545
pythia-1.4b,high,draw_2,15,2,0.027045226516613948
pythia-1.4b,high,draw_2,15,3,0.04208891147324511
pythia-1.4b,high,draw_2,15,4,0.03108763424055296
pythia-1.4b,high,draw_2,15,5,0.01960402579601945
pythia-1.4b,high,draw_2,15,6,0.04898608169365919
pythia-1.4b,high,draw_2,15,7,0.019802973490154703
pythia-1.4b,high,draw_2,15,8,0.017150435153474163
pythia-1.4b,high,draw_2,15,9,0.03151976112521114
pythia-1.4b,high,draw_2,15,10,0.03134217674874773
pythia-1.4b,high,draw_2,15,11,0.026021139180545785
pythia-1.4b,high,draw_2,15,12,0.09881343920911002
pythia-1.4b,high,draw_2,15,13,0.029276969226849067
pythia-1.4b,high,draw_2,15,14,0.046023093032065844
pythia-1.4b,high,draw_2,15,15,0.02815791235033621
pythia-1.4b,high,draw_2,16,0,0.03925800869071864
pythia-1.4b,high,draw_2,16,1,0.033335123574405094
pythia-1.4b,high,draw_2,16,2,0.053509037976817934
pythia-1.4b,high,draw_2,16,3,0.020948942046229237
pythia-1.4b,high,draw_2,16,4,0.05376893293641606
pythia-1.4b,high,draw_2,16,5,0.03170601782154957
pythia-1.4b,high,draw_2,16,6,0.036323657132811965
pythia-1.4b,high,draw_2,16,7,0.016375796473971804
pythia-1.4b,high,draw_2,16,8,0.012697850028776032
pythia-1.4b,high,draw_2,16,9,0.006841107312416674
pythia-1.4b,high,draw_2,16,10,0.019974178895464063
pythia-1.4b,high,draw_2,16,11,0.01503044747093281
pythia-1.4b,high,draw_2,16,12,0.009453897360901626
pythia-1.4b,high,draw_2,16,13,0.035726130505862805
pythia-1.4b,high,draw_2,16,14,0.01518435490781296
pythia-1.4b,high,draw_2,16,15,0.045151316338592276
pythia-1.4b,high,draw_2,17,0,0.029196158778246377
pythia-1.4b,high,draw_2,17,1,0.040210998732533365
pythia-1.4b,high,draw_2,17,2,5.544565697927434e-05
pythia-1.4b,high,draw_2,17,3,0.015778111757181086
pythia-1.4b,high,draw_2,17,4,0.0157421607119046
pythia-1.4b,high,draw_2,17,5,0.05131811383276651
pythia-1.4b,high,draw_2,17,6,0.012227068192106387
pythia-1.4b,high,draw_2,17,7,0.02134822517720589
pythia-1.4b,high,draw_2,17,8,0.038808065525063606
pythia-1.4b,high,draw_2,17,9,0.018381577842579325
pythia-1.4b,high,draw_2,17,10,0.01923477793276535
pythia-1.4b,high,draw_2,17,11,0.0216126082946597
pythia-1.4b,high,draw_2,17,12,0.0712851725784242
pythia-1.4b,high,draw_2,17,13,0.020206469780134195
pythia-1.4b,high,draw_2,17,14,0.04846296381353922
pythia-1.4b,high,draw_2,17,15,0.018546264079086435
pythia-1.4b,high,draw_2,18,0,0.1333842732183006
pythia-1.4b,high,draw_2,18,1,0.02126292408938493
pythia-1.4b,high,draw_2,18,2,0.12169584822146509
pythia-1.4b,high,draw_2,18,3,0.04208902764248299
pythia-1.4b,high,draw_2,18,4,0.09170548983287259
pythia-1.4b,high,draw_2,18,5,0.2090760235054711
pythia-1.4b,high,draw_2,18,6,0.03331038736413113
pythia-1.4b,high,draw_2,18,7,0.07359647891579581
pythia-1.4b,high,draw_2,18,8,0.050282729597264264
pythia-1.4b,high,draw_2,18,9,0.21400901585709445
pythia-1.4b,high,draw_2,18,10,0.1743751501694583
pythia-1.4b,high,draw_2,18,11,0.025752837878707264
pythia-1.4b,high,draw_2,18,12,0.22795729612947607
pythia-1.4b,high,draw_2,18,13,0.12965638637742424
pythia-1.4b,high,draw_2,18,14,0.1819959978833435
pythia-1.4b,high,draw_2,18,15,0.06917434653995265
pythia-1.4b,high,draw_2,19,0,0.007769796235834943
pythia-1.4b,high,draw_2,19,1,0.01627679425724845
pythia-1.4b,high,draw_2,19,2,0.04096409137417215
pythia-1.4b,high,draw_2,19,3,0.020444986635052103
pythia-1.4b,high,draw_2,19,4,0.08943108970233964
pythia-1.4b,high,draw_2,19,5,0.02610316032092222
pythia-1.4b,high,draw_2,19,6,0.03701688351742042
pythia-1.4b,high,draw_2,19,7,0.09676807871177145
pythia-1.4b,high,draw_2,19,8,0.12782231403949995
pythia-1.4b,high,draw_2,19,9,0.08742870434104379
pythia-1.4b,high,draw_2,19,10,0.08505115432702985
pythia-1.4b,high,draw_2,19,11,0.02634420541259928
pythia-1.4b,high,draw_2,19,12,0.1442184091049414
pythia-1.4b,high,draw_2,19,13,0.039912022272495164
pythia-1.4b,high,draw_2,19,14,0.010108132959313886
pythia-1.4b,high,draw_2,19,15,0.07706591864781644
pythia-1.4b,high,draw_2,20,0,0.06618666808908627
pythia-1.4b,high,draw_2,20,1,0.11133728909838163
pythia-1.4b,high,draw_2,20,2,0.03433288573676225
pythia-1.4b,high,draw_2,20,3,0.05690534162241507
pythia-1.4b,high,draw_2,20,4,0.06543247017707898
pythia-1.4b,high,draw_2,20,5,0.0730501645923336
pythia-1.4b,high,draw_2,20,6,0.04374248799903668
pythia-1.4b,high,draw_2,20,7,0.09629121917259269
pythia-1.4b,high,draw_2,20,8,0.03733755219374949
pythia-1.4b,high,draw_2,20,9,0.051010293871878686
pythia-1.4b,high,draw_2,20,10,0.05620841046803856
pythia-1.4b,high,draw_2,20,11,0.07414758244118817
pythia-1.4b,high,draw_2,20,12,0.0549749373301066
pythia-1.4b,high,draw_2,20,13,0.04182078483130596
pythia-1.4b,high,draw_2,20,14,0.07950107327972337
pythia-1.4b,high,draw_2,20,15,0.08219312975824013
pythia-1.4b,high,draw_2,21,0,0.06583770527813995
pythia-1.4b,high,draw_2,21,1,0.12401474899736219
pythia-1.4b,high,draw_2,21,2,0.07643301534012263
pythia-1.4b,high,draw_2,21,3,0.03532559286619445
pythia-1.4b,high,draw_2,21,4,0.030171827563431765
pythia-1.4b,high,draw_2,21,5,0.03621543317806211
pythia-1.4b,high,draw_2,21,6,0.07097238921502022
pythia-1.4b,high,draw_2,21,7,0.14029748182062496
pythia-1.4b,high,draw_2,21,8,0.027965544353417953
pythia-1.4b,high,draw_2,21,9,0.053138984301671424
pythia-1.4b,high,draw_2,21,10,0.07202419987101355
pythia-1.4b,high,draw_2,21,11,0.021617966478949827
pythia-1.4b,high,draw_2,21,12,0.01732610301712642
pythia-1.4b,high,draw_2,21,13,0.10049628920014733
pythia-1.4b,high,draw_2,21,14,0.04847582081850591
pythia-1.4b,high,draw_2,21,15,0.058797688025683165
pythia-1.4b,high,draw_2,22,0,0.09892512902122955
pythia-1.4b,high,draw_2,22,1,0.0569000919307882
pythia-1.4b,high,draw_2,22,2,0.05394109484339353
pythia-1.4b,high,draw_2,22,3,0.11664405221113512
pythia-1.4b,high,draw_2,22,4,0.06885380074968413
pythia-1.4b,high,draw_2,22,5,0.06934773317929158
pythia-1.4b,high,draw_2,22,6,0.060199943379204444
pythia-1.4b,high,draw_2,22,7,0.017871992259289995
pythia-1.4b,high,draw_2,22,8,0.01821203434340022
pythia-1.4b,high,draw_2,22,9,0.044039059357628633
pythia-1.4b,high,draw_2,22,10,0.054154472094065355
pythia-1.4b,high,draw_2,22,11,0.043995772637380234
pythia-1.4b,high,draw_2,22,12,0.019149397280081318
pythia-1.4b,high,draw_2,22,13,0.1076689868958165
pythia-1.4b,high,draw_2,22,14,0.01953396405793903
pythia-1.4b,high,draw_2,22,15,0.14546984618866918
pythia-1.4b,high,draw_2,23,0,0.04320584660031996
pythia-1.4b,high,draw_2,23,1,0.08364272209462403
pythia-1.4b,high,draw_2,23,2,0.04951020676751417
pythia-1.4b,high,draw_2,23,3,0.04784041391629241
pythia-1.4b,high,draw_2,23,4,0.07664413649226634
pythia-1.4b,high,draw_2,23,5,0.05209279073840034
pythia-1.4b,high,draw_2,23,6,0.021655696028292204
pythia-1.4b,high,draw_2,23,7,0.032392774011469894
pythia-1.4b,high,draw_2,23,8,0.05063843589657402
pythia-1.4b,high,draw_2,23,9,0.010643572775096245
pythia-1.4b,high,draw_2,23,10,0.039181092663513856
pythia-1.4b,high,draw_2,23,11,0.06007735223049918
pythia-1.4b,high,draw_2,23,12,0.05288318547903328
pythia-1.4b,high,draw_2,23,13,0.04209895477900957
pythia-1.4b,high,draw_2,23,14,0.03053784269813202
pythia-1.4b,high,draw_2,23,15,0.08490350579869956
pythia-1.4b,high,draw_3,0,0,0.0
pythia-1.4b,high,draw_3,0,1,0.0
pythia-1.4b,high,draw_3,0,2,0.0
pythia-1.4b,high,draw_3,0,3,0.0
pythia-1.4b,high,draw_3,0,4,0.0
pythia-1.4b,high,draw_3,0,5,0.0
pythia-1.4b,high,draw_3,0,6,0.0
pythia-1.4b,high,draw_3,0,7,0.0
pythia-1.4b,high,draw_3,0,8,0.0
pythia-1.4b,high,draw_3,0,9,0.0
pythia-1.4b,high,draw_3,0,10,0.0
pythia-1.4b,high,draw_3,0,11,0.0
pythia-1.4b,high,draw_3,0,12,0.0
pythia-1.4b,high,draw_3,0,13,0.0
pythia-1.4b,high,draw_3,0,14,0.0
pythia-1.4b,high,draw_3,0,15,0.0
pythia-1.4b,high,draw_3,1,0,0.007535327847377383
pythia-1.4b,high,draw_3,1,1,0.005609504222377612
pythia-1.4b,high,draw_3,1,2,0.0088496783584713
pythia-1.4b,high,draw_3,1,3,0.006372956144942049
pythia-1.4b,high,draw_3,1,4,0.003937865259480297
pythia-1.4b,high,draw_3,1,5,0.006485591186946917
pythia-1.4b,high,draw_3,1,6,0.004223915597787265
pythia-1.4b,high,draw_3,1,7,0.005468474640896156
pythia-1.4b,high,draw_3,1,8,0.004443526330368379
pythia-1.4b,high,draw_3,1,9,0.005116935434393991
pythia-1.4b,high,draw_3,1,10,0.007715347581418848
pythia-1.4b,high,draw_3,1,11,0.002193241938710685
pythia-1.4b,high,draw_3,1,12,0.001547319459159207
pythia-1.4b,high,draw_3,1,13,0.003351937987655344
pythia-1.4b,high,draw_3,1,14,0.006587552540900294
pythia-1.4b,high,draw_3,1,15,0.004696312210809681
pythia-1.4b,high,draw_3,2,0,0.007732548498016398
pythia-1.4b,high,draw_3,2,1,0.0062345739072365855
pythia-1.4b,high,draw_3,2,2,0.007208057985595017
pythia-1.4b,high,draw_3,2,3,0.0056796064105404135
pythia-1.4b,high,draw_3,2,4,0.00775459650562228
pythia-1.4b,high,draw_3,2,5,0.007645297166128791
pythia-1.4b,high,draw_3,2,6,0.006685663719699674
pythia-1.4b,high,draw_3,2,7,0.008631306203714677
pythia-1.4b,high,draw_3,2,8,0.00493497995117851
pythia-1.4b,high,draw_3,2,9,0.008623588708074423
pythia-1.4b,high,draw_3,2,10,0.005026135446339811
pythia-1.4b,high,draw_3,2,11,0.006649200078014484
pythia-1.4b,high,draw_3,2,12,0.005374964963508893
pythia-1.4b,high,draw_3,2,13,0.008229744103499408
pythia-1.4b,high,draw_3,2,14,0.0050154434992728805
pythia-1.4b,high,draw_3,2,15,0.002224488631028644
pythia-1.4b,high,draw_3,3,0,0.0076250388109526815
pythia-1.4b,high,draw_3,3,1,0.010917237044878927
pythia-1.4b,high,draw_3,3,2,0.00907756890630742
pythia-1.4b,high,draw_3,3,3,0.00835552814466099
pythia-1.4b,high,draw_3,3,4,0.006337699623675727
pythia-1.4b,high,draw_3,3,5,0.0068311419014479334
pythia-1.4b,high,draw_3,3,6,0.009814954384296602
pythia-1.4b,high,draw_3,3,7,0.016698522581123046
pythia-1.4b,high,draw_3,3,8,0.006923094375641972
pythia-1.4b,high,draw_3,3,9,0.008744998584435068
pythia-1.4b,high,draw_3,3,10,0.015365056972490557
pythia-1.4b,high,draw_3,3,11,0.0176382955583446
pythia-1.4b,high,draw_3,3,12,0.01213307867906528
pythia-1.4b,high,draw_3,3,13,0.013245110678810063
pythia-1.4b,high,draw_3,3,14,0.010506935293513386
pythia-1.4b,high,draw_3,3,15,0.005042954038896607
pythia-1.4b,high,draw_3,4,0,0.01072589291364507
pythia-1.4b,high,draw_3,4,1,0.019236950598363257
pythia-1.4b,high,draw_3,4,2,0.017273813569781422
pythia-1.4b,high,draw_3,4,3,0.020559077956531405
pythia-1.4b,high,draw_3,4,4,0.009648122791995664
pythia-1.4b,high,draw_3,4,5,0.012849920843373193
pythia-1.4b,high,draw_3,4,6,0.007590711277560575
pythia-1.4b,high,draw_3,4,7,0.016548508481639843
pythia-1.4b,high,draw_3,4,8,0.010868644230681596
pythia-1.4b,high,draw_3,4,9,0.006474386417425179
pythia-1.4b,high,draw_3,4,10,0.012130835670696161
pythia-1.4b,high,draw_3,4,11,0.016482361790922377
pythia-1.4b,high,draw_3,4,12,0.0075155049814028775
pythia-1.4b,high,draw_3,4,13,0.0194035775418947
pythia-1.4b,high,draw_3,4,14,0.011307321243801674
pythia-1.4b,high,draw_3,4,15,0.0015413784556655029
pythia-1.4b,high,draw_3,5,0,0.023041625354431175
pythia-1.4b,high,draw_3,5,1,0.015771995822538375
pythia-1.4b,high,draw_3,5,2,0.033900733627559465
pythia-1.4b,high,draw_3,5,3,0.00943269658215714
pythia-1.4b,high,draw_3,5,4,0.02376968323597083
pythia-1.4b,high,draw_3,5,5,0.0212351975278603
pythia-1.4b,high,draw_3,5,6,0.012359491983395374
pythia-1.4b,high,draw_3,5,7,0.006150880258253724
pythia-1.4b,high,draw_3,5,8,0.011219710141343498
pythia-1.4b,high,draw_3,5,9,0.013746333449572764
pythia-1.4b,high,draw_3,5,10,0.017657941501431615
pythia-1.4b,high,draw_3,5,11,0.007736065682712092
pythia-1.4b,high,draw_3,5,12,0.019600113525806144
pythia-1.4b,high,draw_3,5,13,0.02368322347483355
pythia-1.4b,high,draw_3,5,14,0.01631267765587177
pythia-1.4b,high,draw_3,5,15,0.0027974400375790384
pythia-1.4b,high,draw_3,6,0,0.007230871114658967
pythia-1.4b,high,draw_3,6,1,0.01875094719322189
pythia-1.4b,high,draw_3,6,2,0.004639045173280852
pythia-1.4b,high,draw_3,6,3,0.011693777606592947
pythia-1.4b,high,draw_3,6,4,0.019000989848452467
pythia-1.4b,high,draw_3,6,5,0.02052168575559106
pythia-1.4b,high,draw_3,6,6,0.032008066160999965
pythia-1.4b,high,draw_3,6,7,0.009154615378571837
pythia-1.4b,high,draw_3,6,8,0.009025265373192787
pythia-1.4b,high,draw_3,6,9,0.008700425094423302
pythia-1.4b,high,draw_3,6,10,0.008690575294740849
pythia-1.4b,high,draw_3,6,11,0.012451342506735477
pythia-1.4b,high,draw_3,6,12,0.01839348130987451
pythia-1.4b,high,draw_3,6,13,0.013911800310764538
pythia-1.4b,high,draw_3,6,14,0.008909031705192859
pythia-1.4b,high,draw_3,6,15,0.009747313676808995
pythia-1.4b,high,draw_3,7,0,0.012524425541907807
pythia-1.4b,high,draw_3,7,1,0.017627013125806223
pythia-1.4b,high,draw_3,7,2,0.03049061442330087
pythia-1.4b,high,draw_3,7,3,0.016854971257290723
pythia-1.4b,high,draw_3,7,4,0.03071070407064494
pythia-1.4b,high,draw_3,7,5,0.013540608490045318
pythia-1.4b,high,draw_3,7,6,0.019152029444920136
pythia-1.4b,high,draw_3,7,7,0.013376678591108486
pythia-1.4b,high,draw_3,7,8,0.01739106384273744
pythia-1.4b,high,draw_3,7,9,0.03324742377378044
pythia-1.4b,high,draw_3,7,10,0.01989648237337915
pythia-1.4b,high,draw_3,7,11,0.0216741081632041
pythia-1.4b,high,draw_3,7,12,0.031383727464640084
pythia-1.4b,high,draw_3,7,13,0.010734248343243484
pythia-1.4b,high,draw_3,7,14,0.03381510844234909
pythia-1.4b,high,draw_3,7,15,0.013379428411304226
pythia-1.4b,high,draw_3,8,0,0.015151307167059735
pythia-1.4b,high,draw_3,8,1,0.0344897967160174
pythia-1.4b,high,draw_3,8,2,0.015121213601085034
pythia-1.4b,high,draw_3,8,3,0.017218282549474738
pythia-1.4b,high,draw_3,8,4,0.009027624340681693
pythia-1.4b,high,draw_3,8,5,0.023292430298905563
pythia-1.4b,high,draw_3,8,6,0.018920760000399238
pythia-1.4b,high,draw_3,8,7,0.03515124285326616
pythia-1.4b,high,draw_3,8,8,0.028458186699195146
pythia-1.4b,high,draw_3,8,9,0.03926530880313074
pythia-1.4b,high,draw_3,8,10,0.017671636034773175
pythia-1.4b,high,draw_3,8,11,0.016462458531661294
pythia-1.4b,high,draw_3,8,12,0.045037954081901865
pythia-1.4b,high,draw_3,8,13,0.021832343963353255
pythia-1.4b,high,draw_3,8,14,0.011667477180079787
pythia-1.4b,high,draw_3,8,15,0.03252240417437028
pythia-1.4b,high,draw_3,9,0,0.012560041219610827
pythia-1.4b,high,draw_3,9,1,0.03530595614345945
pythia-1.4b,high,draw_3,9,2,0.026706034882787437
pythia-1.4b,high,draw_3,9,3,0.01579166076188058
pythia-1.4b,high,draw_3,9,4,0.029390032992783838
pythia-1.4b,high,draw_3,9,5,0.02939849752300399
pythia-1.4b,high,draw_3,9,6,0.04090348592840544
pythia-1.4b,high,draw_3,9,7,0.031122637280108084
pythia-1.4b,high,draw_3,9,8,0.02085275640232828
pythia-1.4b,high,draw_3,9,9,0.012126408410368219
pythia-1.4b,high,draw_3,9,10,0.040788175969443806
pythia-1.4b,high,draw_3,9,11,0.030692628444570033
pythia-1.4b,high,draw_3,9,12,0.03324890486851569
pythia-1.4b,high,draw_3,9,13,0.01558686983216846
pythia-1.4b,high,draw_3,9,14,0.010768351877540433
pythia-1.4b,high,draw_3,9,15,0.018576988195259513
pythia-1.4b,high,draw_3,10,0,0.01118278552215903
pythia-1.4b,high,draw_3,10,1,0.026842575879809333
pythia-1.4b,high,draw_3,10,2,0.013331412416268855
pythia-1.4b,high,draw_3,10,3,0.04813248781606457
pythia-1.4b,high,draw_3,10,4,0.029797066003737854
pythia-1.4b,high,draw_3,10,5,0.015811897618331756
pythia-1.4b,high,draw_3,10,6,0.021705049530541833
pythia-1.4b,high,draw_3,10,7,0.01278775287178417
pythia-1.4b,high,draw_3,10,8,0.02729280549751672
pythia-1.4b,high,draw_3,10,9,0.02217382162610297
pythia-1.4b,high,draw_3,10,10,0.048355080871480875
pythia-1.4b,high,draw_3,10,11,0.017896388671033766
pythia-1.4b,high,draw_3,10,12,0.02242950904709431
pythia-1.4b,high,draw_3,10,13,0.042754331876780495
pythia-1.4b,high,draw_3,10,14,0.026430792826718192
pythia-1.4b,high,draw_3,10,15,0.013736135316002995
pythia-1.4b,high,draw_3,11,0,0.025008825936514257
pythia-1.4b,high,draw_3,11,1,0.015587932233751307
pythia-1.4b,high,draw_3,11,2,0.05819825169623786
pythia-1.4b,high,draw_3,11,3,0.027110209410960397
pythia-1.4b,high,draw_3,11,4,0.014216200112268446
pythia-1.4b,high,draw_3,11,5,0.058700262058526444
pythia-1.4b,high,draw_3,11,6,0.05876985946010881
pythia-1.4b,high,draw_3,11,7,0.02211512103831206
pythia-1.4b,high,draw_3,11,8,0.04313455501942848
pythia-1.4b,high,draw_3,11,9,0.013766776817187453
pythia-1.4b,high,draw_3,11,10,0.030502437650480656
pythia-1.4b,high,draw_3,11,11,0.04598002082082172
pythia-1.4b,high,draw_3,11,12,0.05046368761773497
pythia-1.4b,high,draw_3,11,13,0.05694326985940454
pythia-1.4b,high,draw_3,11,14,0.03820617963908285
pythia-1.4b,high,draw_3,11,15,0.02393844327829783
pythia-1.4b,high,draw_3,12,0,0.03533922205292021
pythia-1.4b,high,draw_3,12,1,0.029173856983194805
pythia-1.4b,high,draw_3,12,2,0.02235383433910124
pythia-1.4b,high,draw_3,12,3,0.06540131309511484
pythia-1.4b,high,draw_3,12,4,0.01652922631348626
pythia-1.4b,high,draw_3,12,5,0.030232278470235824
pythia-1.4b,high,draw_3,12,6,0.02400889363478486
pythia-1.4b,high,draw_3,12,7,0.04338918973230332
pythia-1.4b,high,draw_3,12,8,0.018399598218918393
pythia-1.4b,high,draw_3,12,9,0.038626351920406
pythia-1.4b,high,draw_3,12,10,0.029057308045378833
pythia-1.4b,high,draw_3,12,11,0.04693968105169556
pythia-1.4b,high,draw_3,12,12,0.0238256707745031
pythia-1.4b,high,draw_3,12,13,0.056702982350220185
pythia-1.4b,high,draw_3,12,14,0.030427815988207027
pythia-1.4b,high,draw_3,12,15,0.05608908365546094
pythia-1.4b,high,draw_3,13,0,0.07131243022293435
pythia-1.4b,high,draw_3,13,1,0.03596726557063468
pythia-1.4b,high,draw_3,13,2,0.031550217023033546
pythia-1.4b,high,draw_3,13,3,0.07301376326685641
pythia-1.4b,high,draw_3,13,4,0.0026360368923187827
pythia-1.4b,high,draw_3,13,5,0.012826489437790656
pythia-1.4b,high,draw_3,13,6,0.06574200349669793
pythia-1.4b,high,draw_3,13,7,0.07428834814084631
pythia-1.4b,high,draw_3,13,8,0.021621927544213913
pythia-1.4b,high,draw_3,13,9,0.00791869776704967
pythia-1.4b,high,draw_3,13,10,0.021652059709025128
pythia-1.4b,high,draw_3,13,11,0.013441929033575953
pythia-1.4b,high,draw_3,13,12,0.015642759541881174
pythia-1.4b,high,draw_3,13,13,0.06688520617123438
pythia-1.4b,high,draw_3,13,14,0.03451084744660205
pythia-1.4b,high,draw_3,13,15,0.04565585995614577
pythia-1.4b,high,draw_3,14,0,0.028771916576746787
pythia-1.4b,high,draw_3,14,1,0.07056473154318578
pythia-1.4b,high,draw_3,14,2,0.011029826914474228
pythia-1.4b,high,draw_3,14,3,0.007730743070676326
pythia-1.4b,high,draw_3,14,4,0.032437924640922634
pythia-1.4b,high,draw_3,14,5,0.02462496972974742
pythia-1.4b,high,draw_3,14,6,0.019930709371347517
pythia-1.4b,high,draw_3,14,7,0.04020101949272489
pythia-1.4b,high,draw_3,14,8,0.020216375329788976
pythia-1.4b,high,draw_3,14,9,0.027941705212299606
pythia-1.4b,high,draw_3,14,10,0.04563741830944136
pythia-1.4b,high,draw_3,14,11,0.03759934526835909
pythia-1.4b,high,draw_3,14,12,0.021461469187154626
pythia-1.4b,high,draw_3,14,13,0.0340427174671067
pythia-1.4b,high,draw_3,14,14,0.046861979543825996
pythia-1.4b,high,draw_3,14,15,0.010508157815164983
pythia-1.4b,high,draw_3,15,0,0.024886074548507893
pythia-1.4b,high,draw_3,15,1,0.023639939648217423
pythia-1.4b,high,draw_3,15,2,0.02661416056196742
pythia-1.4b,high,draw_3,15,3,0.03748515562955615
pythia-1.4b,high,draw_3,15,4,0.03583151294333805
pythia-1.4b,high,draw_3,15,5,0.06595356651132163
pythia-1.4b,high,draw_3,15,6,0.0170459541362507
pythia-1.4b,high,draw_3,15,7,0.011411206361895158
pythia-1.4b,high,draw_3,15,8,0.02635279567332751
pythia-1.4b,high,draw_3,15,9,0.031045049770292175
pythia-1.4b,high,draw_3,15,10,0.050273095065286676
pythia-1.4b,high,draw_3,15,11,0.03845786551708342
pythia-1.4b,high,draw_3,15,12,0.030054388185829763
pythia-1.4b,high,draw_3,15,13,0.017948083745687866
pythia-1.4b,high,draw_3,15,14,0.02163931668368671
pythia-1.4b,high,draw_3,15,15,0.026447749247480567
pythia-1.4b,high,draw_3,16,0,0.03283813006336968
pythia-1.4b,high,draw_3,16,1,0.0684027840525699
pythia-1.4b,high,draw_3,16,2,0.09160952014966901
pythia-1.4b,high,draw_3,16,3,0.02947077795101731
pythia-1.4b,high,draw_3,16,4,0.024839430463870812
pythia-1.4b,high,draw_3,16,5,0.023622458530651636
pythia-1.4b,high,draw_3,16,6,0.07300362517818001
pythia-1.4b,high,draw_3,16,7,0.05547314033796715
pythia-1.4b,high,draw_3,16,8,0.0014230797364450448
pythia-1.4b,high,draw_3,16,9,0.03095768768384733
pythia-1.4b,high,draw_3,16,10,0.08699810593765775
pythia-1.4b,high,draw_3,16,11,0.0780598428337335
pythia-1.4b,high,draw_3,16,12,0.013552497905411477
pythia-1.4b,high,draw_3,16,13,0.028495466850946453
pythia-1.4b,high,draw_3,16,14,0.04187500344061126
pythia-1.4b,high,draw_3,16,15,0.06585487595844657
pythia-1.4b,high,draw_3,17,0,0.11038648845970268
pythia-1.4b,high,draw_3,17,1,0.14141847020240955
pythia-1.4b,high,draw_3,17,2,0.0
pythia-1.4b,high,draw_3,17,3,0.05324187937764201
pythia-1.4b,high,draw_3,17,4,0.04569911796577623
pythia-1.4b,high,draw_3,17,5,0.10901615335807467
pythia-1.4b,high,draw_3,17,6,0.012156917703232002
pythia-1.4b,high,draw_3,17,7,0.01963481046239313
pythia-1.4b,high,draw_3,17,8,0.06934011473631492
pythia-1.4b,high,draw_3,17,9,0.09135231970236136
pythia-1.4b,high,draw_3,17,10,0.008880203522645812
pythia-1.4b,high,draw_3,17,11,0.03750380655678133
pythia-1.4b,high,draw_3,17,12,0.18727543416470072
pythia-1.4b,high,draw_3,17,13,0.03437426563583912
pythia-1.4b,high,draw_3,17,14,0.06641003654006518
pythia-1.4b,high,draw_3,17,15,0.04941602126298986
pythia-1.4b,high,draw_3,18,0,0.044647714816775284
pythia-1.4b,high,draw_3,18,1,0.025211047648404098
pythia-1.4b,high,draw_3,18,2,0.08356502543016373
pythia-1.4b,high,draw_3,18,3,0.01042605265310207
pythia-1.4b,high,draw_3,18,4,0.10840381145043863
pythia-1.4b,high,draw_3,18,5,0.031012988585019892
pythia-1.4b,high,draw_3,18,6,0.027530693158846684
pythia-1.4b,high,draw_3,18,7,0.02147133998022638
pythia-1.4b,high,draw_3,18,8,0.06731662747839236
pythia-1.4b,high,draw_3,18,9,0.04350607092749198
pythia-1.4b,high,draw_3,18,10,0.052078995921409015
pythia-1.4b,high,draw_3,18,11,0.0553344979865746
pythia-1.4b,high,draw_3,18,12,0.11838185911991113
pythia-1.4b,high,draw_3,18,13,0.07477258785356156
pythia-1.4b,high,draw_3,18,14,0.044287391270557336
pythia-1.4b,high,draw_3,18,15,0.06816808639497854
pythia-1.4b,high,draw_3,19,0,0.002200702621607496
pythia-1.4b,high,draw_3,19,1,0.038849152641187205
pythia-1.4b,high,draw_3,19,2,0.06288283785595444
pythia-1.4b,high,draw_3,19,3,0.0497292667486659
pythia-1.4b,high,draw_3,19,4,0.02488495532851924
pythia-1.4b,high,draw_3,19,5,0.032797926763119226
pythia-1.4b,high,draw_3,19,6,0.0739944355900758
pythia-1.4b,high,draw_3,19,7,0.0211648693307166
pythia-1.4b,high,draw_3,19,8,0.025755457366643232
pythia-1.4b,high,draw_3,19,9,0.01828738336908888
pythia-1.4b,high,draw_3,19,10,0.04346870147793555
pythia-1.4b,high,draw_3,19,11,0.03714093635490362
pythia-1.4b,high,draw_3,19,12,0.03292733544924232
pythia-1.4b,high,draw_3,19,13,0.028406275804799597
pythia-1.4b,high,draw_3,19,14,0.023082183102566416
pythia-1.4b,high,draw_3,19,15,0.013209320063106756
pythia-1.4b,high,draw_3,20,0,0.06826118501773804
pythia-1.4b,high,draw_3,20,1,0.06080099583093782
pythia-1.4b,high,draw_3,20,2,0.0449908442338961
pythia-1.4b,high,draw_3,20,3,0.08703466416841285
pythia-1.4b,high,draw_3,20,4,0.020387933521932022
pythia-1.4b,high,draw_3,20,5,0.07724912025030188
pythia-1.4b,high,draw_3,20,6,0.1063949920983811
pythia-1.4b,high,draw_3,20,7,0.0559389246527434
pythia-1.4b,high,draw_3,20,8,0.05431174290818559
pythia-1.4b,high,draw_3,20,9,0.028259409168833998
pythia-1.4b,high,draw_3,20,10,0.12681842406956073
pythia-1.4b,high,draw_3,20,11,0.0631463706199667
pythia-1.4b,high,draw_3,20,12,0.10206962028265776
pythia-1.4b,high,draw_3,20,13,0.08407877728571275
pythia-1.4b,high,draw_3,20,14,0.09539914999881581
pythia-1.4b,high,draw_3,20,15,0.09138446858084319
pythia-1.4b,high,draw_3,21,0,0.09476446101487238
pythia-1.4b,high,draw_3,21,1,0.16875844333859777
pythia-1.4b,high,draw_3,21,2,0.13672341611256544
pythia-1.4b,high,draw_3,21,3,0.07141066657020105
pythia-1.4b,high,draw_3,21,4,0.0377918806338334
pythia-1.4b,high,draw_3,21,5,0.0950945020330016
pythia-1.4b,high,draw_3,21,6,0.14569338543531976
pythia-1.4b,high,draw_3,21,7,0.339780450823316
pythia-1.4b,high,draw_3,21,8,0.013653470321692307
pythia-1.4b,high,draw_3,21,9,0.09094612062696662
pythia-1.4b,high,draw_3,21,10,0.08168929214598487
pythia-1.4b,high,draw_3,21,11,0.01170130140963205
pythia-1.4b,high,draw_3,21,12,0.01486933958796606
pythia-1.4b,high,draw_3,21,13,0.12760070549559108
pythia-1.4b,high,draw_3,21,14,0.08087387945402687
pythia-1.4b,high,draw_3,21,15,0.12382754677718748
pythia-1.4b,high,draw_3,22,0,0.3826078919103769
pythia-1.4b,high,draw_3,22,1,0.0789606699853617
pythia-1.4b,high,draw_3,22,2,0.041339227802107456
pythia-1.4b,high,draw_3,22,3,0.1830816634916201
pythia-1.4b,high,draw_3,22,4,0.15553347687471236
pythia-1.4b,high,draw_3,22,5,0.10266164990452506
pythia-1.4b,high,draw_3,22,6,0.13551573079502124
pythia-1.4b,high,draw_3,22,7,0.023026353227910506
pythia-1.4b,high,draw_3,22,8,0.025408649007705897
pythia-1.4b,high,draw_3,22,9,0.08091893375308393
pythia-1.4b,high,draw_3,22,10,0.07103055959559851
pythia-1.4b,high,draw_3,22,11,0.05896855325266771
pythia-1.4b,high,draw_3,22,12,0.02016628948699981
pythia-1.4b,high,draw_3,22,13,0.135125626143082
pythia-1.4b,high,draw_3,22,14,0.04243601193754572
pythia-1.4b,high,draw_3,22,15,0.25220397172193343
pythia-1.4b,high,draw_3,23,0,0.09931266762627486
pythia-1.4b,high,draw_3,23,1,0.19004048408690133
pythia-1.4b,high,draw_3,23,2,0.08774359909340546
pythia-1.4b,high,draw_3,23,3,0.035758364187793344
pythia-1.4b,high,draw_3,23,4,0.11675179067469858
pythia-1.4b,high,draw_3,23,5,0.07400424288192141
pythia-1.4b,high,draw_3,23,6,0.03668759348149063
pythia-1.4b,high,draw_3,23,7,0.06117081824238816
pythia-1.4b,high,draw_3,23,8,0.09114631471052663
pythia-1.4b,high,draw_3,23,9,0.054503429100995315
pythia-1.4b,high,draw_3,23,10,0.09572894857352024
pythia-1.4b,high,draw_3,23,11,0.05126182407396527
pythia-1.4b,high,draw_3,23,12,0.11884496696770903
pythia-1.4b,high,draw_3,23,13,0.06885447028778952
pythia-1.4b,high,draw_3,23,14,0.04818312450284044
pythia-1.4b,high,draw_3,23,15,0.1230716226304976
pythia-1.4b,very_high,draw_1,0,0,0.0
pythia-1.4b,very_high,draw_1,0,1,0.0
pythia-1.4b,very_high,draw_1,0,2,0.0
pythia-1.4b,very_high,draw_1,0,3,0.0
pythia-1.4b,very_high,draw_1,0,4,0.0
pythia-1.4b,very_high,draw_1,0,5,0.0
pythia-1.4b,very_high,draw_1,0,6,0.0
pythia-1.4b,very_high,draw_1,0,7,0.0
pythia-1.4b,very_high,draw_1,0,8,0.0
pythia-1.4b,very_high,draw_1,0,9,0.0
pythia-1.4b,very_high,draw_1,0,10,0.0
pythia-1.4b,very_high,draw_1,0,11,0.0
pythia-1.4b,very_high,draw_1,0,12,0.0
pythia-1.4b,very_high,draw_1,0,13,0.0
pythia-1.4b,very_high,draw_1,0,14,0.0
pythia-1.4b,very_high,draw_1,0,15,0.0
pythia-1.4b,very_high,draw_1,1,0,0.0052254850442528394
pythia-1.4b,very_high,draw_1,1,1,0.005416579977512525
pythia-1.4b,very_high,draw_1,1,2,0.01643532467956533
pythia-1.4b,very_high,draw_1,1,3,0.00881804218545555
pythia-1.4b,very_high,draw_1,1,4,0.00420498009163014
pythia-1.4b,very_high,draw_1,1,5,0.007572967718316935
pythia-1.4b,very_high,draw_1,1,6,0.006246140152434995
pythia-1.4b,very_high,draw_1,1,7,0.005434169814509375
pythia-1.4b,very_high,draw_1,1,8,0.014647259764215277
pythia-1.4b,very_high,draw_1,1,9,0.012506006611885648
pythia-1.4b,very_high,draw_1,1,10,0.010217197878156037
pythia-1.4b,very_high,draw_1,1,11,0.0043380136180447
pythia-1.4b,very_high,draw_1,1,12,0.003999199332105615
pythia-1.4b,very_high,draw_1,1,13,0.00844496178080733
pythia-1.4b,very_high,draw_1,1,14,0.007408236376302828
pythia-1.4b,very_high,draw_1,1,15,0.005065169623839872
pythia-1.4b,very_high,draw_1,2,0,0.013535124326643515
pythia-1.4b,very_high,draw_1,2,1,0.0043383222220973044
pythia-1.4b,very_high,draw_1,2,2,0.011437289441559965
pythia-1.4b,very_high,draw_1,2,3,0.004338785087019905
pythia-1.4b,very_high,draw_1,2,4,0.005517711363508714
pythia-1.4b,very_high,draw_1,2,5,0.0056078401503264225
pythia-1.4b,very_high,draw_1,2,6,0.005980256750780029
pythia-1.4b,very_high,draw_1,2,7,0.00903630122978386
pythia-1.4b,very_high,draw_1,2,8,0.006313326279561985
pythia-1.4b,very_high,draw_1,2,9,0.01217820339859803
pythia-1.4b,very_high,draw_1,2,10,0.003379279775625026
pythia-1.4b,very_high,draw_1,2,11,0.011989648729634704
pythia-1.4b,very_high,draw_1,2,12,0.0037349802032075156
pythia-1.4b,very_high,draw_1,2,13,0.005882159280415934
pythia-1.4b,very_high,draw_1,2,14,0.013444962070479481
pythia-1.4b,very_high,draw_1,2,15,0.004291546291758763
pythia-1.4b,very_high,draw_1,3,0,0.01690979527127595
pythia-1.4b,very_high,draw_1,3,1,0.017093327712111618
pythia-1.4b,very_high,draw_1,3,2,0.013844818219870799
pythia-1.4b,very_high,draw_1,3,3,0.016288877035589996
pythia-1.4b,very_high,draw_1,3,4,0.010170514464169689
pythia-1.4b,very_high,draw_1,3,5,0.01646685999158134
pythia-1.4b,very_high,draw_1,3,6,0.011794209913447543
pythia-1.4b,very_high,draw_1,3,7,0.01465193388855594
pythia-1.4b,very_high,draw_1,3,8,0.009000465151578539
pythia-1.4b,very_high,draw_1,3,9,0.00874038801377869
pythia-1.4b,very_high,draw_1,3,10,0.029374197409323354
pythia-1.4b,very_high,draw_1,3,11,0.010829473380565885
pythia-1.4b,very_high,draw_1,3,12,0.019929056299106733
pythia-1.4b,very_high,draw_1,3,13,0.021490343440681448
pythia-1.4b,very_high,draw_1,3,14,0.011144026798770915
pythia-1.4b,very_high,draw_1,3,15,0.012342475256784108
pythia-1.4b,very_high,draw_1,4,0,0.006437317177082657
pythia-1.4b,very_high,draw_1,4,1,0.016814396280641696
pythia-1.4b,very_high,draw_1,4,2,0.0075231884602449195
pythia-1.4b,very_high,draw_1,4,3,0.013851917449213741
pythia-1.4b,very_high,draw_1,4,4,0.006912259339703661
pythia-1.4b,very_high,draw_1,4,5,0.023687320205130685
pythia-1.4b,very_high,draw_1,4,6,0.007692630014059075
pythia-1.4b,very_high,draw_1,4,7,0.010827178042221573
pythia-1.4b,very_high,draw_1,4,8,0.009384369266210056
pythia-1.4b,very_high,draw_1,4,9,0.005339422101257832
pythia-1.4b,very_high,draw_1,4,10,0.01506911358549682
pythia-1.4b,very_high,draw_1,4,11,0.018632507574137494
pythia-1.4b,very_high,draw_1,4,12,0.0067531563175371985
pythia-1.4b,very_high,draw_1,4,13,0.022680695064593297
pythia-1.4b,very_high,draw_1,4,14,0.01131779020987316
pythia-1.4b,very_high,draw_1,4,15,0.006773506055031793
pythia-1.4b,very_high,draw_1,5,0,0.013207841579498208
pythia-1.4b,very_high,draw_1,5,1,0.02835830860852129
pythia-1.4b,very_high,draw_1,5,2,0.025941449289813224
pythia-1.4b,very_high,draw_1,5,3,0.008699095731995092
pythia-1.4b,very_high,draw_1,5,4,0.028123970393699706
pythia-1.4b,very_high,draw_1,5,5,0.012084461211459174
pythia-1.4b,very_high,draw_1,5,6,0.011935993289308394
pythia-1.4b,very_high,draw_1,5,7,0.011343734670101926
pythia-1.4b,very_high,draw_1,5,8,0.010892356208608447
pythia-1.4b,very_high,draw_1,5,9,0.006173506218263571
pythia-1.4b,very_high,draw_1,5,10,0.010439975496181772
pythia-1.4b,very_high,draw_1,5,11,0.0075940491188841875
pythia-1.4b,very_high,draw_1,5,12,0.016397029692696415
pythia-1.4b,very_high,draw_1,5,13,0.023893887320643264
pythia-1.4b,very_high,draw_1,5,14,0.013023847985964012
pythia-1.4b,very_high,draw_1,5,15,0.00319525815168751
pythia-1.4b,very_high,draw_1,6,0,0.007893761817463813
pythia-1.4b,very_high,draw_1,6,1,0.023891887207007675
pythia-1.4b,very_high,draw_1,6,2,0.009739122340127354
pythia-1.4b,very_high,draw_1,6,3,0.017415974359740443
pythia-1.4b,very_high,draw_1,6,4,0.023066136627494894
pythia-1.4b,very_high,draw_1,6,5,0.01224940218222459
pythia-1.4b,very_high,draw_1,6,6,0.04058075883509885
pythia-1.4b,very_high,draw_1,6,7,0.015889305361197995
pythia-1.4b,very_high,draw_1,6,8,0.01465739532598224
pythia-1.4b,very_high,draw_1,6,9,0.0154122522313303
pythia-1.4b,very_high,draw_1,6,10,0.015267603235820682
pythia-1.4b,very_high,draw_1,6,11,0.02290542715928168
pythia-1.4b,very_high,draw_1,6,12,0.02423863325393663
pythia-1.4b,very_high,draw_1,6,13,0.015684584168293294
pythia-1.4b,very_high,draw_1,6,14,0.008130960779636709
pythia-1.4b,very_high,draw_1,6,15,0.01686985506304022
pythia-1.4b,very_high,draw_1,7,0,0.02111880351074204
pythia-1.4b,very_high,draw_1,7,1,0.009671531307445238
pythia-1.4b,very_high,draw_1,7,2,0.030465612035944816
pythia-1.4b,very_high,draw_1,7,3,0.030577231278855064
pythia-1.4b,very_high,draw_1,7,4,0.0275814029779126
pythia-1.4b,very_high,draw_1,7,5,0.01846307801797516
pythia-1.4b,very_high,draw_1,7,6,0.021552803240805614
pythia-1.4b,very_high,draw_1,7,7,0.010857202751961361
pythia-1.4b,very_high,draw_1,7,8,0.016767409728709295
pythia-1.4b,very_high,draw_1,7,9,0.028365489672262052
pythia-1.4b,very_high,draw_1,7,10,0.025581588539309683
pythia-1.4b,very_high,draw_1,7,11,0.016196167778363756
pythia-1.4b,very_high,draw_1,7,12,0.022906630393928387
pythia-1.4b,very_high,draw_1,7,13,0.004691116110431996
pythia-1.4b,very_high,draw_1,7,14,0.0365256767173012
pythia-1.4b,very_high,draw_1,7,15,0.01054739718998845
pythia-1.4b,very_high,draw_1,8,0,0.01598498536274887
pythia-1.4b,very_high,draw_1,8,1,0.03356475798862709
pythia-1.4b,very_high,draw_1,8,2,0.01630286470166656
pythia-1.4b,very_high,draw_1,8,3,0.013635926584369665
pythia-1.4b,very_high,draw_1,8,4,0.009420665027292881
pythia-1.4b,very_high,draw_1,8,5,0.02808596398799321
pythia-1.4b,very_high,draw_1,8,6,0.022628601546782017
pythia-1.4b,very_high,draw_1,8,7,0.024428668421468694
pythia-1.4b,very_high,draw_1,8,8,0.01572182391018965
pythia-1.4b,very_high,draw_1,8,9,0.028735871176611756
pythia-1.4b,very_high,draw_1,8,10,0.015144159810699226
pythia-1.4b,very_high,draw_1,8,11,0.01478385125540068
pythia-1.4b,very_high,draw_1,8,12,0.04554458941226214
pythia-1.4b,very_high,draw_1,8,13,0.020003093972835367
pythia-1.4b,very_high,draw_1,8,14,0.015586078118524105
pythia-1.4b,very_high,draw_1,8,15,0.03591760293184134
pythia-1.4b,very_high,draw_1,9,0,0.015505869278842748
pythia-1.4b,very_high,draw_1,9,1,0.027889944356739388
pythia-1.4b,very_high,draw_1,9,2,0.04226815534965814
pythia-1.4b,very_high,draw_1,9,3,0.013407551161966782
pythia-1.4b,very_high,draw_1,9,4,0.031954460078261096
pythia-1.4b,very_high,draw_1,9,5,0.02400310826973319
pythia-1.4b,very_high,draw_1,9,6,0.03750292187970202
pythia-1.4b,very_high,draw_1,9,7,0.02191877646751916
pythia-1.4b,very_high,draw_1,9,8,0.020204399930875052
pythia-1.4b,very_high,draw_1,9,9,0.016170761329490746
pythia-1.4b,very_high,draw_1,9,10,0.02705878972378651
pythia-1.4b,very_high,draw_1,9,11,0.023219084276485957
pythia-1.4b,very_high,draw_1,9,12,0.04487052345859923
pythia-1.4b,very_high,draw_1,9,13,0.013919785892314261
pythia-1.4b,very_high,draw_1,9,14,0.019686664703602565
pythia-1.4b,very_high,draw_1,9,15,0.013874876759936006
pythia-1.4b,very_high,draw_1,10,0,0.018423651415773006
pythia-1.4b,very_high,draw_1,10,1,0.03785750155511133
pythia-1.4b,very_high,draw_1,10,2,0.012786291651277076
pythia-1.4b,very_high,draw_1,10,3,0.029993126570435003
pythia-1.4b,very_high,draw_1,10,4,0.013890055023952417
pythia-1.4b,very_high,draw_1,10,5,0.019893461539269654
pythia-1.4b,very_high,draw_1,10,6,0.04155464997229806
pythia-1.4b,very_high,draw_1,10,7,0.009677699759736116
pythia-1.4b,very_high,draw_1,10,8,0.029215024813287197
pythia-1.4b,very_high,draw_1,10,9,0.012803325437567707
pythia-1.4b,very_high,draw_1,10,10,0.021274753725003325
pythia-1.4b,very_high,draw_1,10,11,0.02216725537332808
pythia-1.4b,very_high,draw_1,10,12,0.020457196783481766
pythia-1.4b,very_high,draw_1,10,13,0.03973451956671286
pythia-1.4b,very_high,draw_1,10,14,0.019678743575557805
pythia-1.4b,very_high,draw_1,10,15,0.01866172671861455
pythia-1.4b,very_high,draw_1,11,0,0.019000273764857092
pythia-1.4b,very_high,draw_1,11,1,0.016195539729426098
pythia-1.4b,very_high,draw_1,11,2,0.046588763864078675
pythia-1.4b,very_high,draw_1,11,3,0.02342358315068652
pythia-1.4b,very_high,draw_1,11,4,0.021359579729942197
pythia-1.4b,very_high,draw_1,11,5,0.03425346994007956
pythia-1.4b,very_high,draw_1,11,6,0.023430401005109125
pythia-1.4b,very_high,draw_1,11,7,0.012614672649355053
pythia-1.4b,very_high,draw_1,11,8,0.024487527939452882
pythia-1.4b,very_high,draw_1,11,9,0.008765327671689613
pythia-1.4b,very_high,draw_1,11,10,0.028712885492115613
pythia-1.4b,very_high,draw_1,11,11,0.023453252684158585
pythia-1.4b,very_high,draw_1,11,12,0.02622251424448382
pythia-1.4b,very_high,draw_1,11,13,0.041998721324133764
pythia-1.4b,very_high,draw_1,11,14,0.03589477941224067
pythia-1.4b,very_high,draw_1,11,15,0.023978821681580734
pythia-1.4b,very_high,draw_1,12,0,0.024541930087896187
pythia-1.4b,very_high,draw_1,12,1,0.028757838620197568
pythia-1.4b,very_high,draw_1,12,2,0.03141887490811797
pythia-1.4b,very_high,draw_1,12,3,0.04448233017142565
pythia-1.4b,very_high,draw_1,12,4,0.023868128836809346
pythia-1.4b,very_high,draw_1,12,5,0.031689294276845935
pythia-1.4b,very_high,draw_1,12,6,0.0323626685732009
pythia-1.4b,very_high,draw_1,12,7,0.017006693942659808
pythia-1.4b,very_high,draw_1,12,8,0.030584239632457096
pythia-1.4b,very_high,draw_1,12,9,0.037775131693523055
pythia-1.4b,very_high,draw_1,12,10,0.024740559601552765
pythia-1.4b,very_high,draw_1,12,11,0.02617223511633149
pythia-1.4b,very_high,draw_1,12,12,0.038128732516640666
pythia-1.4b,very_high,draw_1,12,13,0.03135469155674883
pythia-1.4b,very_high,draw_1,12,14,0.015736748395267015
pythia-1.4b,very_high,draw_1,12,15,0.03286228830371634
pythia-1.4b,very_high,draw_1,13,0,0.06658723305065431
pythia-1.4b,very_high,draw_1,13,1,0.03279982745028713
pythia-1.4b,very_high,draw_1,13,2,0.027832884524466413
pythia-1.4b,very_high,draw_1,13,3,0.05357769999665097
pythia-1.4b,very_high,draw_1,13,4,0.009772424268048576
pythia-1.4b,very_high,draw_1,13,5,0.006791324730087315
pythia-1.4b,very_high,draw_1,13,6,0.04720378842498454
pythia-1.4b,very_high,draw_1,13,7,0.03988684090035328
pythia-1.4b,very_high,draw_1,13,8,0.015980248115014646
pythia-1.4b,very_high,draw_1,13,9,0.014964461770555928
pythia-1.4b,very_high,draw_1,13,10,0.030246841184149564
pythia-1.4b,very_high,draw_1,13,11,0.02501009321985032
pythia-1.4b,very_high,draw_1,13,12,0.013781803830365112
pythia-1.4b,very_high,draw_1,13,13,0.04210622406779382
pythia-1.4b,very_high,draw_1,13,14,0.04202780488317275
pythia-1.4b,very_high,draw_1,13,15,0.04098312191332817
pythia-1.4b,very_high,draw_1,14,0,0.052095999766959604
pythia-1.4b,very_high,draw_1,14,1,0.1795223243991298
pythia-1.4b,very_high,draw_1,14,2,0.016507137034554913
pythia-1.4b,very_high,draw_1,14,3,0.007589289877648662
pythia-1.4b,very_high,draw_1,14,4,0.04532695397916054
pythia-1.4b,very_high,draw_1,14,5,0.01278404942283618
pythia-1.4b,very_high,draw_1,14,6,0.028580096843548855
pythia-1.4b,very_high,draw_1,14,7,0.12132905586362114
pythia-1.4b,very_high,draw_1,14,8,0.057156340214964185
pythia-1.4b,very_high,draw_1,14,9,0.026490949761284494
pythia-1.4b,very_high,draw_1,14,10,0.059047444521258825
pythia-1.4b,very_high,draw_1,14,11,0.11854433708948581
pythia-1.4b,very_high,draw_1,14,12,0.06608694106847447
pythia-1.4b,very_high,draw_1,14,13,0.03991299792962754
pythia-1.4b,very_high,draw_1,14,14,0.1713097010741861
pythia-1.4b,very_high,draw_1,14,15,0.014351865034705714
pythia-1.4b,very_high,draw_1,15,0,0.14573547934719766
pythia-1.4b,very_high,draw_1,15,1,0.07711032034440378
pythia-1.4b,very_high,draw_1,15,2,0.15408592652454906
pythia-1.4b,very_high,draw_1,15,3,0.09123098165424665
pythia-1.4b,very_high,draw_1,15,4,0.048525477889288245
pythia-1.4b,very_high,draw_1,15,5,0.030084758420314536
pythia-1.4b,very_high,draw_1,15,6,0.07116792786181045
pythia-1.4b,very_high,draw_1,15,7,0.0791006382546765
pythia-1.4b,very_high,draw_1,15,8,0.07846539074172562
pythia-1.4b,very_high,draw_1,15,9,0.04141814683999839
pythia-1.4b,very_high,draw_1,15,10,0.12858523509826109
pythia-1.4b,very_high,draw_1,15,11,0.040303392841643776
pythia-1.4b,very_high,draw_1,15,12,0.2526900728714151
pythia-1.4b,very_high,draw_1,15,13,0.027813928556052775
pythia-1.4b,very_high,draw_1,15,14,0.06672284795450945
pythia-1.4b,very_high,draw_1,15,15,0.023916518841593928
pythia-1.4b,very_high,draw_1,16,0,0.06655719025683234
pythia-1.4b,very_high,draw_1,16,1,0.2054629575253734
pythia-1.4b,very_high,draw_1,16,2,0.2080740487390563
pythia-1.4b,very_high,draw_1,16,3,0.05389780353287203
pythia-1.4b,very_high,draw_1,16,4,0.07073938733356334
pythia-1.4b,very_high,draw_1,16,5,0.041817559823664
pythia-1.4b,very_high,draw_1,16,6,0.12131485442117804
pythia-1.4b,very_high,draw_1,16,7,0.2732993185483586
pythia-1.4b,very_high,draw_1,16,8,0.009722601098113577
pythia-1.4b,very_high,draw_1,16,9,0.3284571873492714
pythia-1.4b,very_high,draw_1,16,10,0.2915471235025096
pythia-1.4b,very_high,draw_1,16,11,0.3705754726569286
pythia-1.4b,very_high,draw_1,16,12,0.15309192874492453
pythia-1.4b,very_high,draw_1,16,13,0.06887606447274788
pythia-1.4b,very_high,draw_1,16,14,0.24420192711817215
pythia-1.4b,very_high,draw_1,16,15,0.2597971158551062
pythia-1.4b,very_high,draw_1,17,0,0.31651726882537085
pythia-1.4b,very_high,draw_1,17,1,0.30366047136325325
pythia-1.4b,very_high,draw_1,17,2,3.909179698695167e-05
pythia-1.4b,very_high,draw_1,17,3,0.14167475946068392
pythia-1.4b,very_high,draw_1,17,4,0.049735451238734144
pythia-1.4b,very_high,draw_1,17,5,0.26766934197469694
pythia-1.4b,very_high,draw_1,17,6,0.03582470409082014
pythia-1.4b,very_high,draw_1,17,7,0.045763776955128385
pythia-1.4b,very_high,draw_1,17,8,0.19067910317757217
pythia-1.4b,very_high,draw_1,17,9,0.27047233486609584
pythia-1.4b,very_high,draw_1,17,10,0.031022278688472876
pythia-1.4b,very_high,draw_1,17,11,0.12666248651741804
pythia-1.4b,very_high,draw_1,17,12,0.3775182253499081
pythia-1.4b,very_high,draw_1,17,13,0.08393354319188648
pythia-1.4b,very_high,draw_1,17,14,0.22195392400375538
pythia-1.4b,very_high,draw_1,17,15,0.14499966006814638
pythia-1.4b,very_high,draw_1,18,0,0.06941990402191828
pythia-1.4b,very_high,draw_1,18,1,0.016399620908060696
pythia-1.4b,very_high,draw_1,18,2,0.07791469998712325
pythia-1.4b,very_high,draw_1,18,3,0.006777992488884632
pythia-1.4b,very_high,draw_1,18,4,0.10810410861406271
pythia-1.4b,very_high,draw_1,18,5,0.09205660700599637
pythia-1.4b,very_high,draw_1,18,6,0.05003479784184118
pythia-1.4b,very_high,draw_1,18,7,0.033817139575185604
pythia-1.4b,very_high,draw_1,18,8,0.08379913016170265
pythia-1.4b,very_high,draw_1,18,9,0.08876193804101691
pythia-1.4b,very_high,draw_1,18,10,0.044434356158915396
pythia-1.4b,very_high,draw_1,18,11,0.07180045527807619
pythia-1.4b,very_high,draw_1,18,12,0.08979081066152093
pythia-1.4b,very_high,draw_1,18,13,0.060927458158864474
pythia-1.4b,very_high,draw_1,18,14,0.0971826657245896
pythia-1.4b,very_high,draw_1,18,15,0.05601096391904166
pythia-1.4b,very_high,draw_1,19,0,0.007488400365001989
pythia-1.4b,very_high,draw_1,19,1,0.02213337189916408
pythia-1.4b,very_high,draw_1,19,2,0.05678737473036351
pythia-1.4b,very_high,draw_1,19,3,0.07076559178837363
pythia-1.4b,very_high,draw_1,19,4,0.061071350809849885
pythia-1.4b,very_high,draw_1,19,5,0.02853551646050291
pythia-1.4b,very_high,draw_1,19,6,0.09145778564420927
pythia-1.4b,very_high,draw_1,19,7,0.07585857222001671
pythia-1.4b,very_high,draw_1,19,8,0.07075703025487402
pythia-1.4b,very_high,draw_1,19,9,0.06030114554037991
pythia-1.4b,very_high,draw_1,19,10,0.0647683526811834
pythia-1.4b,very_high,draw_1,19,11,0.05330938307565693
pythia-1.4b,very_high,draw_1,19,12,0.07609243407472598
pythia-1.4b,very_high,draw_1,19,13,0.03476548248433252
pythia-1.4b,very_high,draw_1,19,14,0.029136546839692627
pythia-1.4b,very_high,draw_1,19,15,0.06323561789193936
pythia-1.4b,very_high,draw_1,20,0,0.18928388528184403
pythia-1.4b,very_high,draw_1,20,1,0.21219438918086175
pythia-1.4b,very_high,draw_1,20,2,0.042361850213115476
pythia-1.4b,very_high,draw_1,20,3,0.13247595951325306
pythia-1.4b,very_high,draw_1,20,4,0.16343108790056737
pythia-1.4b,very_high,draw_1,20,5,0.1926675615911368
pythia-1.4b,very_high,draw_1,20,6,0.13663707745997722
pythia-1.4b,very_high,draw_1,20,7,0.24295353489180715
pythia-1.4b,very_high,draw_1,20,8,0.09062938720672842
pythia-1.4b,very_high,draw_1,20,9,0.17155440188926604
pythia-1.4b,very_high,draw_1,20,10,0.17669859046862285
pythia-1.4b,very_high,draw_1,20,11,0.1771675650501919
pythia-1.4b,very_high,draw_1,20,12,0.17094025236560464
pythia-1.4b,very_high,draw_1,20,13,0.13277796689035115
pythia-1.4b,very_high,draw_1,20,14,0.16069599243343655
pythia-1.4b,very_high,draw_1,20,15,0.1485779123259621
pythia-1.4b,very_high,draw_1,21,0,0.21527174021259965
pythia-1.4b,very_high,draw_1,21,1,0.24666353144108408
pythia-1.4b,very_high,draw_1,21,2,0.17489318099480602
pythia-1.4b,very_high,draw_1,21,3,0.1475561668150971
pythia-1.4b,very_high,draw_1,21,4,0.0838027976189174
pythia-1.4b,very_high,draw_1,21,5,0.11468667866129502
pythia-1.4b,very_high,draw_1,21,6,0.1801955256201383
pythia-1.4b,very_high,draw_1,21,7,0.22869919470685718
pythia-1.4b,very_high,draw_1,21,8,0.024864609964501228
pythia-1.4b,very_high,draw_1,21,9,0.19204066684127705
pythia-1.4b,very_high,draw_1,21,10,0.13863569781712742
pythia-1.4b,very_high,draw_1,21,11,0.11451365283007466
pythia-1.4b,very_high,draw_1,21,12,0.1417969375273932
pythia-1.4b,very_high,draw_1,21,13,0.19061594925953587
pythia-1.4b,very_high,draw_1,21,14,0.11298300682160575
pythia-1.4b,very_high,draw_1,21,15,0.07303078979213339
pythia-1.4b,very_high,draw_1,22,0,0.22222966605540687
pythia-1.4b,very_high,draw_1,22,1,0.07124706232974998
pythia-1.4b,very_high,draw_1,22,2,0.06073916571849786
pythia-1.4b,very_high,draw_1,22,3,0.11428735628209762
pythia-1.4b,very_high,draw_1,22,4,0.09928581100369842
pythia-1.4b,very_high,draw_1,22,5,0.05843875571294031
pythia-1.4b,very_high,draw_1,22,6,0.11478557719006936
pythia-1.4b,very_high,draw_1,22,7,0.06655015849490284
pythia-1.4b,very_high,draw_1,22,8,0.05478307767654641
pythia-1.4b,very_high,draw_1,22,9,0.03946967108460429
pythia-1.4b,very_high,draw_1,22,10,0.06366735176097815
pythia-1.4b,very_high,draw_1,22,11,0.062446041955294164
pythia-1.4b,very_high,draw_1,22,12,0.04030111088219997
pythia-1.4b,very_high,draw_1,22,13,0.08090333711015125
pythia-1.4b,very_high,draw_1,22,14,0.06822832352114858
pythia-1.4b,very_high,draw_1,22,15,0.14206755027361764
pythia-1.4b,very_high,draw_1,23,0,0.03509439882076101
pythia-1.4b,very_high,draw_1,23,1,0.07766540765014732
pythia-1.4b,very_high,draw_1,23,2,0.04201113195909544
pythia-1.4b,very_high,draw_1,23,3,0.043527981884470705
pythia-1.4b,very_high,draw_1,23,4,0.08501186160111648
pythia-1.4b,very_high,draw_1,23,5,0.08782392991248428
pythia-1.4b,very_high,draw_1,23,6,0.0330237599790976
pythia-1.4b,very_high,draw_1,23,7,0.05135410009762536
pythia-1.4b,very_high,draw_1,23,8,0.07360038903534606
pythia-1.4b,very_high,draw_1,23,9,0.050762026155839225
pythia-1.4b,very_high,draw_1,23,10,0.05638609621228227
pythia-1.4b,very_high,draw_1,23,11,0.05033685565604295
pythia-1.4b,very_high,draw_1,23,12,0.08236617165338604
pythia-1.4b,very_high,draw_1,23,13,0.042916287560161935
pythia-1.4b,very_high,draw_1,23,14,0.0261034390580053
pythia-1.4b,very_high,draw_1,23,15,0.07261781637341155
pythia-1.4b,very_high,draw_2,0,0,0.0
pythia-1.4b,very_high,draw_2,0,1,0.0
pythia-1.4b,very_high,draw_2,0,2,0.0
pythia-1.4b,very_high,draw_2,0,3,0.0
pythia-1.4b,very_high,draw_2,0,4,0.0
pythia-1.4b,very_high,draw_2,0,5,0.0
pythia-1.4b,very_high,draw_2,0,6,0.0
pythia-1.4b,very_high,draw_2,0,7,0.0
pythia-1.4b,very_high,draw_2,0,8,0.0
pythia-1.4b,very_high,draw_2,0,9,0.0
pythia-1.4b,very_high,draw_2,0,10,0.0
pythia-1.4b,very_high,draw_2,0,11,0.0
pythia-1.4b,very_high,draw_2,0,12,0.0
pythia-1.4b,very_high,draw_2,0,13,0.0
pythia-1.4b,very_high,draw_2,0,14,0.0
pythia-1.4b,very_high,draw_2,0,15,0.0
pythia-1.4b,very_high,draw_2,1,0,0.0038905012532838286
pythia-1.4b,very_high,draw_2,1,1,0.0017244246058239487
pythia-1.4b,very_high,draw_2,1,2,0.00797926711298531
pythia-1.4b,very_high,draw_2,1,3,0.0012181254828654193
pythia-1.4b,very_high,draw_2,1,4,0.0016877545965216533
pythia-1.4b,very_high,draw_2,1,5,0.001660773919708716
pythia-1.4b,very_high,draw_2,1,6,0.001851193622671459
pythia-1.4b,very_high,draw_2,1,7,0.0012608941418157554
pythia-1.4b,very_high,draw_2,1,8,0.0030400037906676376
pythia-1.4b,very_high,draw_2,1,9,0.0010585647444648666
pythia-1.4b,very_high,draw_2,1,10,0.0021337767541735526
pythia-1.4b,very_high,draw_2,1,11,0.0008968352460191853
pythia-1.4b,very_high,draw_2,1,12,0.001444062580730497
pythia-1.4b,very_high,draw_2,1,13,0.0016312169172768465
pythia-1.4b,very_high,draw_2,1,14,0.0032719296892467706
pythia-1.4b,very_high,draw_2,1,15,0.0017061572020889866
pythia-1.4b,very_high,draw_2,2,0,0.012050781418090893
pythia-1.4b,very_high,draw_2,2,1,0.003716231792038776
pythia-1.4b,very_high,draw_2,2,2,0.00960608942765397
pythia-1.4b,very_high,draw_2,2,3,0.005234643178446687
pythia-1.4b,very_high,draw_2,2,4,0.007477117064902217
pythia-1.4b,very_high,draw_2,2,5,0.007970417640162363
pythia-1.4b,very_high,draw_2,2,6,0.003602229757310956
pythia-1.4b,very_high,draw_2,2,7,0.005955054001901623
pythia-1.4b,very_high,draw_2,2,8,0.004026956399578059
pythia-1.4b,very_high,draw_2,2,9,0.011429148772783466
pythia-1.4b,very_high,draw_2,2,10,0.006326337005424525
pythia-1.4b,very_high,draw_2,2,11,0.011474802137338461
pythia-1.4b,very_high,draw_2,2,12,0.006995680531908283
pythia-1.4b,very_high,draw_2,2,13,0.005034426753963284
pythia-1.4b,very_high,draw_2,2,14,0.010310925599231665
pythia-1.4b,very_high,draw_2,2,15,0.0050066328478122766
pythia-1.4b,very_high,draw_2,3,0,0.014451568127400437
pythia-1.4b,very_high,draw_2,3,1,0.008641275345409424
pythia-1.4b,very_high,draw_2,3,2,0.004379659562497272
pythia-1.4b,very_high,draw_2,3,3,0.006595257451185353
pythia-1.4b,very_high,draw_2,3,4,0.005205938197052499
pythia-1.4b,very_high,draw_2,3,5,0.005180533045227513
pythia-1.4b,very_high,draw_2,3,6,0.014078546349447022
pythia-1.4b,very_high,draw_2,3,7,0.01617550755559196
pythia-1.4b,very_high,draw_2,3,8,0.010861490197148072
pythia-1.4b,very_high,draw_2,3,9,0.007699930286865978
pythia-1.4b,very_high,draw_2,3,10,0.008555301254771448
pythia-1.4b,very_high,draw_2,3,11,0.018343425478168595
pythia-1.4b,very_high,draw_2,3,12,0.005640697794468301
pythia-1.4b,very_high,draw_2,3,13,0.008562649916415217
pythia-1.4b,very_high,draw_2,3,14,0.009784590662906843
pythia-1.4b,very_high,draw_2,3,15,0.01832908327901618
pythia-1.4b,very_high,draw_2,4,0,0.018617160929165863
pythia-1.4b,very_high,draw_2,4,1,0.012080077186359317
pythia-1.4b,very_high,draw_2,4,2,0.015607744240203393
pythia-1.4b,very_high,draw_2,4,3,0.026166961425746083
pythia-1.4b,very_high,draw_2,4,4,0.007778288394577527
pythia-1.4b,very_high,draw_2,4,5,0.010271144466448301
pythia-1.4b,very_high,draw_2,4,6,0.005036725245650274
pythia-1.4b,very_high,draw_2,4,7,0.00818506392654166
pythia-1.4b,very_high,draw_2,4,8,0.006043643550486397
pythia-1.4b,very_high,draw_2,4,9,0.005526890138986988
pythia-1.4b,very_high,draw_2,4,10,0.014178695032332975
pythia-1.4b,very_high,draw_2,4,11,0.0226326101287963
pythia-1.4b,very_high,draw_2,4,12,0.005828835577199856
pythia-1.4b,very_high,draw_2,4,13,0.020258826802591626
pythia-1.4b,very_high,draw_2,4,14,0.005373828094397432
pythia-1.4b,very_high,draw_2,4,15,0.004659018315255349
pythia-1.4b,very_high,draw_2,5,0,0.02071840154490017
pythia-1.4b,very_high,draw_2,5,1,0.029745734423009373
pythia-1.4b,very_high,draw_2,5,2,0.03905073376114943
pythia-1.4b,very_high,draw_2,5,3,0.01167392664490916
pythia-1.4b,very_high,draw_2,5,4,0.031289169231570886
pythia-1.4b,very_high,draw_2,5,5,0.022711045496224224
pythia-1.4b,very_high,draw_2,5,6,0.01640583815511851
pythia-1.4b,very_high,draw_2,5,7,0.020566880785801024
pythia-1.4b,very_high,draw_2,5,8,0.007778365566250135
pythia-1.4b,very_high,draw_2,5,9,0.020277834160109812
pythia-1.4b,very_high,draw_2,5,10,0.023074321446626942
pythia-1.4b,very_high,draw_2,5,11,0.004212854322768713
pythia-1.4b,very_high,draw_2,5,12,0.023682436978822986
pythia-1.4b,very_high,draw_2,5,13,0.026260971115789518
pythia-1.4b,very_high,draw_2,5,14,0.017856685505378903
pythia-1.4b,very_high,draw_2,5,15,0.005313225601935816
pythia-1.4b,very_high,draw_2,6,0,0.0070730063044763935
pythia-1.4b,very_high,draw_2,6,1,0.039476513303737006
pythia-1.4b,very_high,draw_2,6,2,0.01608191493362696
pythia-1.4b,very_high,draw_2,6,3,0.008379537189343596
pythia-1.4b,very_high,draw_2,6,4,0.02971852189108352
pythia-1.4b,very_high,draw_2,6,5,0.019540275038297538
pythia-1.4b,very_high,draw_2,6,6,0.036633743644460245
pythia-1.4b,very_high,draw_2,6,7,0.006847393280274342
pythia-1.4b,very_high,draw_2,6,8,0.023623303695455955
pythia-1.4b,very_high,draw_2,6,9,0.013012553602524141
pythia-1.4b,very_high,draw_2,6,10,0.018505879253688795
pythia-1.4b,very_high,draw_2,6,11,0.01512343261970219
pythia-1.4b,very_high,draw_2,6,12,0.024404786254995134
pythia-1.4b,very_high,draw_2,6,13,0.020916846057761288
pythia-1.4b,very_high,draw_2,6,14,0.023867487445076604
pythia-1.4b,very_high,draw_2,6,15,0.015983177307406952
pythia-1.4b,very_high,draw_2,7,0,0.027398809703341517
pythia-1.4b,very_high,draw_2,7,1,0.024371988281620637
pythia-1.4b,very_high,draw_2,7,2,0.044045996561878444
pythia-1.4b,very_high,draw_2,7,3,0.01953299633801969
pythia-1.4b,very_high,draw_2,7,4,0.026626712612959368
pythia-1.4b,very_high,draw_2,7,5,0.016833712276982077
pythia-1.4b,very_high,draw_2,7,6,0.03448440416418656
pythia-1.4b,very_high,draw_2,7,7,0.018359828433565296
pythia-1.4b,very_high,draw_2,7,8,0.01923421657049223
pythia-1.4b,very_high,draw_2,7,9,0.03315731703383252
pythia-1.4b,very_high,draw_2,7,10,0.033418833001296604
pythia-1.4b,very_high,draw_2,7,11,0.0217857223908801
pythia-1.4b,very_high,draw_2,7,12,0.029714616121348222
pythia-1.4b,very_high,draw_2,7,13,0.008496681349264673
pythia-1.4b,very_high,draw_2,7,14,0.062294615107760375
pythia-1.4b,very_high,draw_2,7,15,0.01424990618083655
pythia-1.4b,very_high,draw_2,8,0,0.025308338120422585
pythia-1.4b,very_high,draw_2,8,1,0.0595887440949148
pythia-1.4b,very_high,draw_2,8,2,0.016437530074935133
pythia-1.4b,very_high,draw_2,8,3,0.013552137122577716
pythia-1.4b,very_high,draw_2,8,4,0.01220263878950262
pythia-1.4b,very_high,draw_2,8,5,0.019549641294905117
pythia-1.4b,very_high,draw_2,8,6,0.019989662305485368
pythia-1.4b,very_high,draw_2,8,7,0.028488101969387187
pythia-1.4b,very_high,draw_2,8,8,0.016921132807766026
pythia-1.4b,very_high,draw_2,8,9,0.04838985928600018
pythia-1.4b,very_high,draw_2,8,10,0.017658091487052732
pythia-1.4b,very_high,draw_2,8,11,0.020885069333813764
pythia-1.4b,very_high,draw_2,8,12,0.047020061863567886
pythia-1.4b,very_high,draw_2,8,13,0.018613400079892244
pythia-1.4b,very_high,draw_2,8,14,0.01565024824493056
pythia-1.4b,very_high,draw_2,8,15,0.03784920865968856
pythia-1.4b,very_high,draw_2,9,0,0.018980133486454262
pythia-1.4b,very_high,draw_2,9,1,0.024688409489767294
pythia-1.4b,very_high,draw_2,9,2,0.01597128237851437
pythia-1.4b,very_high,draw_2,9,3,0.021169892665657414
pythia-1.4b,very_high,draw_2,9,4,0.04739040158703669
pythia-1.4b,very_high,draw_2,9,5,0.030247796644159938
pythia-1.4b,very_high,draw_2,9,6,0.042954152510381774
pythia-1.4b,very_high,draw_2,9,7,0.022251241308616623
pythia-1.4b,very_high,draw_2,9,8,0.03869951096367899
pythia-1.4b,very_high,draw_2,9,9,0.013482429991038153
pythia-1.4b,very_high,draw_2,9,10,0.07186375172336583
pythia-1.4b,very_high,draw_2,9,11,0.03607784742993668
pythia-1.4b,very_high,draw_2,9,12,0.0565488252258669
pythia-1.4b,very_high,draw_2,9,13,0.029753545105229696
pythia-1.4b,very_high,draw_2,9,14,0.016914009775273384
pythia-1.4b,very_high,draw_2,9,15,0.025354748606133615
pythia-1.4b,very_high,draw_2,10,0,0.01674409123131655
pythia-1.4b,very_high,draw_2,10,1,0.02461292576150975
pythia-1.4b,very_high,draw_2,10,2,0.0289519609860896
pythia-1.4b,very_high,draw_2,10,3,0.0670791709106604
pythia-1.4b,very_high,draw_2,10,4,0.02238183241174676
pythia-1.4b,very_high,draw_2,10,5,0.035660547420634875
pythia-1.4b,very_high,draw_2,10,6,0.018943772794155402
pythia-1.4b,very_high,draw_2,10,7,0.02471177494738785
pythia-1.4b,very_high,draw_2,10,8,0.04411792234596097
pythia-1.4b,very_high,draw_2,10,9,0.01577566382299217
pythia-1.4b,very_high,draw_2,10,10,0.03443097824889016
pythia-1.4b,very_high,draw_2,10,11,0.03237704163209184
pythia-1.4b,very_high,draw_2,10,12,0.016812139051668177
pythia-1.4b,very_high,draw_2,10,13,0.057029768519559695
pythia-1.4b,very_high,draw_2,10,14,0.03122376294216757
pythia-1.4b,very_high,draw_2,10,15,0.014880308682324128
pythia-1.4b,very_high,draw_2,11,0,0.020497315848338086
pythia-1.4b,very_high,draw_2,11,1,0.021830387609746576
pythia-1.4b,very_high,draw_2,11,2,0.050289797451438106
pythia-1.4b,very_high,draw_2,11,3,0.015820978512696784
pythia-1.4b,very_high,draw_2,11,4,0.01494811209870447
pythia-1.4b,very_high,draw_2,11,5,0.05116773899850069
pythia-1.4b,very_high,draw_2,11,6,0.01892705478802306
pythia-1.4b,very_high,draw_2,11,7,0.01454377233590264
pythia-1.4b,very_high,draw_2,11,8,0.020802458843225558
pythia-1.4b,very_high,draw_2,11,9,0.014873124533818081
pythia-1.4b,very_high,draw_2,11,10,0.03713396318132759
pythia-1.4b,very_high,draw_2,11,11,0.022793957350505326
pythia-1.4b,very_high,draw_2,11,12,0.030413075812559528
pythia-1.4b,very_high,draw_2,11,13,0.05727815288052059
pythia-1.4b,very_high,draw_2,11,14,0.028622503063979905
pythia-1.4b,very_high,draw_2,11,15,0.023320579459389198
pythia-1.4b,very_high,draw_2,12,0,0.037401221858596616
pythia-1.4b,very_high,draw_2,12,1,0.013298171453598642
pythia-1.4b,very_high,draw_2,12,2,0.02113480408489372
pythia-1.4b,very_high,draw_2,12,3,0.04506262208535829
pythia-1.4b,very_high,draw_2,12,4,0.02797788124963071
pythia-1.4b,very_high,draw_2,12,5,0.022387124140617873
pythia-1.4b,very_high,draw_2,12,6,0.023043288794427515
pythia-1.4b,very_high,draw_2,12,7,0.01971411114355278
pythia-1.4b,very_high,draw_2,12,8,0.02872556505165203
pythia-1.4b,very_high,draw_2,12,9,0.04864634771699641
pythia-1.4b,very_high,draw_2,12,10,0.03387633997476934
pythia-1.4b,very_high,draw_2,12,11,0.020695126085892655
pythia-1.4b,very_high,draw_2,12,12,0.033659858030724875
pythia-1.4b,very_high,draw_2,12,13,0.057165716815693955
pythia-1.4b,very_high,draw_2,12,14,0.03687069391409062
pythia-1.4b,very_high,draw_2,12,15,0.0458914695685733
pythia-1.4b,very_high,draw_2,13,0,0.034011039878481523
pythia-1.4b,very_high,draw_2,13,1,0.017158804280741957
pythia-1.4b,very_high,draw_2,13,2,0.027732897395074903
pythia-1.4b,very_high,draw_2,13,3,0.03372207572523058
pythia-1.4b,very_high,draw_2,13,4,0.019284477537195033
pythia-1.4b,very_high,draw_2,13,5,0.019139395705957806
pythia-1.4b,very_high,draw_2,13,6,0.022240599781939707
pythia-1.4b,very_high,draw_2,13,7,0.02868528769246082
pythia-1.4b,very_high,draw_2,13,8,0.02133262479826377
pythia-1.4b,very_high,draw_2,13,9,0.008206391819369817
pythia-1.4b,very_high,draw_2,13,10,0.008456447364493136
pythia-1.4b,very_high,draw_2,13,11,0.01003359946083899
pythia-1.4b,very_high,draw_2,13,12,0.012019847768927845
pythia-1.4b,very_high,draw_2,13,13,0.034901800834518965
pythia-1.4b,very_high,draw_2,13,14,0.027592787265858502
pythia-1.4b,very_high,draw_2,13,15,0.02746843113676186
pythia-1.4b,very_high,draw_2,14,0,0.030248299860208855
pythia-1.4b,very_high,draw_2,14,1,0.0742118104400841
pythia-1.4b,very_high,draw_2,14,2,0.019314738595542273
pythia-1.4b,very_high,draw_2,14,3,0.025282905253810186
pythia-1.4b,very_high,draw_2,14,4,0.017411622272209958
pythia-1.4b,very_high,draw_2,14,5,0.012086573165702611
pythia-1.4b,very_high,draw_2,14,6,0.016018156834262654
pythia-1.4b,very_high,draw_2,14,7,0.03283417700949895
pythia-1.4b,very_high,draw_2,14,8,0.024203555230044114
pythia-1.4b,very_high,draw_2,14,9,0.021545843763013644
pythia-1.4b,very_high,draw_2,14,10,0.05028405619786862
pythia-1.4b,very_high,draw_2,14,11,0.04342894771829021
pythia-1.4b,very_high,draw_2,14,12,0.02126112546326054
pythia-1.4b,very_high,draw_2,14,13,0.030344349348923993
pythia-1.4b,very_high,draw_2,14,14,0.05073910578296307
pythia-1.4b,very_high,draw_2,14,15,0.008587115711274807
pythia-1.4b,very_high,draw_2,15,0,0.08052347368687558
pythia-1.4b,very_high,draw_2,15,1,0.0401064723970365
pythia-1.4b,very_high,draw_2,15,2,0.07172717073035373
pythia-1.4b,very_high,draw_2,15,3,0.04639063868774593
pythia-1.4b,very_high,draw_2,15,4,0.045668033838327675
pythia-1.4b,very_high,draw_2,15,5,0.021069558939190134
pythia-1.4b,very_high,draw_2,15,6,0.03758480731828546
pythia-1.4b,very_high,draw_2,15,7,0.034122275772539526
pythia-1.4b,very_high,draw_2,15,8,0.044555888763279185
pythia-1.4b,very_high,draw_2,15,9,0.030744682241687544
pythia-1.4b,very_high,draw_2,15,10,0.032903016218595614
pythia-1.4b,very_high,draw_2,15,11,0.030315041794955932
pythia-1.4b,very_high,draw_2,15,12,0.13180437063306036
pythia-1.4b,very_high,draw_2,15,13,0.027047225868264854
pythia-1.4b,very_high,draw_2,15,14,0.04112513432473563
pythia-1.4b,very_high,draw_2,15,15,0.024880604277304038
pythia-1.4b,very_high,draw_2,16,0,0.06459630610294985
pythia-1.4b,very_high,draw_2,16,1,0.16076205977829044
pythia-1.4b,very_high,draw_2,16,2,0.17063200208772686
pythia-1.4b,very_high,draw_2,16,3,0.04427235819256781
pythia-1.4b,very_high,draw_2,16,4,0.05757529343962688
pythia-1.4b,very_high,draw_2,16,5,0.03239237868368665
pythia-1.4b,very_high,draw_2,16,6,0.1404890621974479
pythia-1.4b,very_high,draw_2,16,7,0.1956819568538537
pythia-1.4b,very_high,draw_2,16,8,0.009865540612161819
pythia-1.4b,very_high,draw_2,16,9,0.22809487104682635
pythia-1.4b,very_high,draw_2,16,10,0.24853543354611018
pythia-1.4b,very_high,draw_2,16,11,0.24860114400094818
pythia-1.4b,very_high,draw_2,16,12,0.12764045546416866
pythia-1.4b,very_high,draw_2,16,13,0.05927368086758257
pythia-1.4b,very_high,draw_2,16,14,0.16490104931417404
pythia-1.4b,very_high,draw_2,16,15,0.19931192650029142
pythia-1.4b,very_high,draw_2,17,0,0.2911282519842304
pythia-1.4b,very_high,draw_2,17,1,0.2707932271361176
pythia-1.4b,very_high,draw_2,17,2,0.0
pythia-1.4b,very_high,draw_2,17,3,0.1045749817590563
pythia-1.4b,very_high,draw_2,17,4,0.06671069634292674
pythia-1.4b,very_high,draw_2,17,5,0.21243852329147983
pythia-1.4b,very_high,draw_2,17,6,0.022223576360205794
pythia-1.4b,very_high,draw_2,17,7,0.04590501636674411
pythia-1.4b,very_high,draw_2,17,8,0.17400135559514499
pythia-1.4b,very_high,draw_2,17,9,0.23071079152277557
pythia-1.4b,very_high,draw_2,17,10,0.026306104770626233
pythia-1.4b,very_high,draw_2,17,11,0.1221555183585861
pythia-1.4b,very_high,draw_2,17,12,0.35732488931872886
pythia-1.4b,very_high,draw_2,17,13,0.08134895360308253
pythia-1.4b,very_high,draw_2,17,14,0.21009598757840162
pythia-1.4b,very_high,draw_2,17,15,0.14053612788291509
pythia-1.4b,very_high,draw_2,18,0,0.07297206020606989
pythia-1.4b,very_high,draw_2,18,1,0.02194858928401722
pythia-1.4b,very_high,draw_2,18,2,0.1463550759917368
pythia-1.4b,very_high,draw_2,18,3,0.0066706283769040085
pythia-1.4b,very_high,draw_2,18,4,0.17318490316666701
pythia-1.4b,very_high,draw_2,18,5,0.052441365758784345
pythia-1.4b,very_high,draw_2,18,6,0.05605873930638871
pythia-1.4b,very_high,draw_2,18,7,0.06212602053419047
pythia-1.4b,very_high,draw_2,18,8,0.10230674766339318
pythia-1.4b,very_high,draw_2,18,9,0.062399979742102096
pythia-1.4b,very_high,draw_2,18,10,0.05283408980669113
pythia-1.4b,very_high,draw_2,18,11,0.09806687333467373
pythia-1.4b,very_high,draw_2,18,12,0.1126238641072995
pythia-1.4b,very_high,draw_2,18,13,0.06858992187379974
pythia-1.4b,very_high,draw_2,18,14,0.05536288212297421
pythia-1.4b,very_high,draw_2,18,15,0.06797653350987291
pythia-1.4b,very_high,draw_2,19,0,0.0076534302707725165
pythia-1.4b,very_high,draw_2,19,1,0.025830849526033234
pythia-1.4b,very_high,draw_2,19,2,0.12014075567501571
pythia-1.4b,very_high,draw_2,19,3,0.10033660374032383
pythia-1.4b,very_high,draw_2,19,4,0.024313610368112155
pythia-1.4b,very_high,draw_2,19,5,0.04461597384634197
pythia-1.4b,very_high,draw_2,19,6,0.11479355662388739
pythia-1.4b,very_high,draw_2,19,7,0.052460153965129847
pythia-1.4b,very_high,draw_2,19,8,0.03406326356521952
pythia-1.4b,very_high,draw_2,19,9,0.04512335592683437
pythia-1.4b,very_high,draw_2,19,10,0.09194068600925608
pythia-1.4b,very_high,draw_2,19,11,0.07759763825668638
pythia-1.4b,very_high,draw_2,19,12,0.026260628663021552
pythia-1.4b,very_high,draw_2,19,13,0.08572398016309925
pythia-1.4b,very_high,draw_2,19,14,0.03117179024476884
pythia-1.4b,very_high,draw_2,19,15,0.024576876863416197
pythia-1.4b,very_high,draw_2,20,0,0.10278692261406006
pythia-1.4b,very_high,draw_2,20,1,0.12990007787691854
pythia-1.4b,very_high,draw_2,20,2,0.05403329177372078
pythia-1.4b,very_high,draw_2,20,3,0.13776451428045572
pythia-1.4b,very_high,draw_2,20,4,0.021748054484694492
pythia-1.4b,very_high,draw_2,20,5,0.07524274902740229
pythia-1.4b,very_high,draw_2,20,6,0.1737296918709053
pythia-1.4b,very_high,draw_2,20,7,0.05810588347663654
pythia-1.4b,very_high,draw_2,20,8,0.06864036981989793
pythia-1.4b,very_high,draw_2,20,9,0.03239343168245606
pythia-1.4b,very_high,draw_2,20,10,0.19997829677126194
pythia-1.4b,very_high,draw_2,20,11,0.03600736375898649
pythia-1.4b,very_high,draw_2,20,12,0.15623683277916686
pythia-1.4b,very_high,draw_2,20,13,0.15874827026378505
pythia-1.4b,very_high,draw_2,20,14,0.13879316693761234
pythia-1.4b,very_high,draw_2,20,15,0.17032313926082962
pythia-1.4b,very_high,draw_2,21,0,0.17016729630764152
pythia-1.4b,very_high,draw_2,21,1,0.22768653543819295
pythia-1.4b,very_high,draw_2,21,2,0.15610355428504882
pythia-1.4b,very_high,draw_2,21,3,0.08995250153006615
pythia-1.4b,very_high,draw_2,21,4,0.033662163095566945
pythia-1.4b,very_high,draw_2,21,5,0.11465517053540455
pythia-1.4b,very_high,draw_2,21,6,0.15573111445719617
pythia-1.4b,very_high,draw_2,21,7,0.3360102596887884
pythia-1.4b,very_high,draw_2,21,8,0.03299307120156131
pythia-1.4b,very_high,draw_2,21,9,0.09087352834333723
pythia-1.4b,very_high,draw_2,21,10,0.11722252640200095
pythia-1.4b,very_high,draw_2,21,11,0.01684617045348621
pythia-1.4b,very_high,draw_2,21,12,0.011153146719878005
pythia-1.4b,very_high,draw_2,21,13,0.19399561388179803
pythia-1.4b,very_high,draw_2,21,14,0.09338423784933521
pythia-1.4b,very_high,draw_2,21,15,0.16206591379738627
pythia-1.4b,very_high,draw_2,22,0,0.40423878422868165
pythia-1.4b,very_high,draw_2,22,1,0.07313290390271372
pythia-1.4b,very_high,draw_2,22,2,0.0537705480796037
pythia-1.4b,very_high,draw_2,22,3,0.15527084636325628
pythia-1.4b,very_high,draw_2,22,4,0.20677275985057308
pythia-1.4b,very_high,draw_2,22,5,0.0666215435942239
pythia-1.4b,very_high,draw_2,22,6,0.20108548874324964
pythia-1.4b,very_high,draw_2,22,7,0.031274445107152035
pythia-1.4b,very_high,draw_2,22,8,0.029408675692510277
pythia-1.4b,very_high,draw_2,22,9,0.08640858107280017
pythia-1.4b,very_high,draw_2,22,10,0.03929089888488839
pythia-1.4b,very_high,draw_2,22,11,0.07075941916511005
pythia-1.4b,very_high,draw_2,22,12,0.02763491816771452
pythia-1.4b,very_high,draw_2,22,13,0.1213884919728328
pythia-1.4b,very_high,draw_2,22,14,0.051403211971997646
pythia-1.4b,very_high,draw_2,22,15,0.22031438400599293
pythia-1.4b,very_high,draw_2,23,0,0.07263186799377247
pythia-1.4b,very_high,draw_2,23,1,0.09652486600170009
pythia-1.4b,very_high,draw_2,23,2,0.0440250309450148
pythia-1.4b,very_high,draw_2,23,3,0.07375981208014948
pythia-1.4b,very_high,draw_2,23,4,0.1212118019444445
pythia-1.4b,very_high,draw_2,23,5,0.08010951450418342
pythia-1.4b,very_high,draw_2,23,6,0.020313799139118627
pythia-1.4b,very_high,draw_2,23,7,0.009120493630183512
pythia-1.4b,very_high,draw_2,23,8,0.0797376956109953
pythia-1.4b,very_high,draw_2,23,9,0.01929944283855991
pythia-1.4b,very_high,draw_2,23,10,0.07047945308180761
pythia-1.4b,very_high,draw_2,23,11,0.04419911526589072
pythia-1.4b,very_high,draw_2,23,12,0.07733625775471394
pythia-1.4b,very_high,draw_2,23,13,0.05553919187759568
pythia-1.4b,very_high,draw_2,23,14,0.04366976925681511
pythia-1.4b,very_high,draw_2,23,15,0.11114817012069095
pythia-1.4b,very_high,draw_3,0,0,0.0
pythia-1.4b,very_high,draw_3,0,1,0.0
pythia-1.4b,very_high,draw_3,0,2,0.0
pythia-1.4b,very_high,draw_3,0,3,0.0
pythia-1.4b,very_high,draw_3,0,4,0.0
pythia-1.4b,very_high,draw_3,0,5,0.0
pythia-1.4b,very_high,draw_3,0,6,0.0
pythia-1.4b,very_high,draw_3,0,7,0.0
pythia-1.4b,very_high,draw_3,0,8,0.0
pythia-1.4b,very_high,draw_3,0,9,0.0
pythia-1.4b,very_high,draw_3,0,10,0.0
pythia-1.4b,very_high,draw_3,0,11,0.0
pythia-1.4b,very_high,draw_3,0,12,0.0
pythia-1.4b,very_high,draw_3,0,13,0.0
pythia-1.4b,very_high,draw_3,0,14,0.0
pythia-1.4b,very_high,draw_3,0,15,0.0
pythia-1.4b,very_high,draw_3,1,0,0.0059334473755105815
pythia-1.4b,very_high,draw_3,1,1,0.007344416742798648
pythia-1.4b,very_high,draw_3,1,2,0.004868253221144962
pythia-1.4b,very_high,draw_3,1,3,0.005962521922735482
pythia-1.4b,very_high,draw_3,1,4,0.007247476061933372
pythia-1.4b,very_high,draw_3,1,5,0.004673930485055259
pythia-1.4b,very_high,draw_3,1,6,0.004680289991932386
pythia-1.4b,very_high,draw_3,1,7,0.007025541531403194
pythia-1.4b,very_high,draw_3,1,8,0.004007117507212183
pythia-1.4b,very_high,draw_3,1,9,0.011496869774419587
pythia-1.4b,very_high,draw_3,1,10,0.008918765470244738
pythia-1.4b,very_high,draw_3,1,11,0.0016653993589406248
pythia-1.4b,very_high,draw_3,1,12,0.005764258131214891
pythia-1.4b,very_high,draw_3,1,13,0.006665325245983661
pythia-1.4b,very_high,draw_3,1,14,0.007161526968655993
pythia-1.4b,very_high,draw_3,1,15,0.0020394008068537364
pythia-1.4b,very_high,draw_3,2,0,0.01573722738731685
pythia-1.4b,very_high,draw_3,2,1,0.005835903362955652
pythia-1.4b,very_high,draw_3,2,2,0.019264110904793373
pythia-1.4b,very_high,draw_3,2,3,0.0068953478426841165
pythia-1.4b,very_high,draw_3,2,4,0.009838970984817752
pythia-1.4b,very_high,draw_3,2,5,0.004504622460752153
pythia-1.4b,very_high,draw_3,2,6,0.004299918567982679
pythia-1.4b,very_high,draw_3,2,7,0.004359660778721608
pythia-1.4b,very_high,draw_3,2,8,0.007262897085100673
pythia-1.4b,very_high,draw_3,2,9,0.020267270814194868
pythia-1.4b,very_high,draw_3,2,10,0.007678726919624029
pythia-1.4b,very_high,draw_3,2,11,0.013657570917440999
pythia-1.4b,very_high,draw_3,2,12,0.004617096580237102
pythia-1.4b,very_high,draw_3,2,13,0.008086406025005242
pythia-1.4b,very_high,draw_3,2,14,0.015667483198255
pythia-1.4b,very_high,draw_3,2,15,0.0025699624255092366
pythia-1.4b,very_high,draw_3,3,0,0.011225677328496842
pythia-1.4b,very_high,draw_3,3,1,0.013796337730416598
pythia-1.4b,very_high,draw_3,3,2,0.018811919558539423
pythia-1.4b,very_high,draw_3,3,3,0.019524280973702172
pythia-1.4b,very_high,draw_3,3,4,0.013930618421103408
pythia-1.4b,very_high,draw_3,3,5,0.020998763313912285
pythia-1.4b,very_high,draw_3,3,6,0.013177422120915225
pythia-1.4b,very_high,draw_3,3,7,0.02611512661236155
pythia-1.4b,very_high,draw_3,3,8,0.013614246771668205
pythia-1.4b,very_high,draw_3,3,9,0.0211606473499112
pythia-1.4b,very_high,draw_3,3,10,0.016992533751500585
pythia-1.4b,very_high,draw_3,3,11,0.02458834904164519
pythia-1.4b,very_high,draw_3,3,12,0.01695973562691798
pythia-1.4b,very_high,draw_3,3,13,0.02098920204477503
pythia-1.4b,very_high,draw_3,3,14,0.02673356935803543
pythia-1.4b,very_high,draw_3,3,15,0.021502646890952548
pythia-1.4b,very_high,draw_3,4,0,0.026781840612852405
pythia-1.4b,very_high,draw_3,4,1,0.043904522667961
pythia-1.4b,very_high,draw_3,4,2,0.025174746556841796
pythia-1.4b,very_high,draw_3,4,3,0.04394903697019576
pythia-1.4b,very_high,draw_3,4,4,0.011006321860304721
pythia-1.4b,very_high,draw_3,4,5,0.011938320443628447
pythia-1.4b,very_high,draw_3,4,6,0.0091095218306673
pythia-1.4b,very_high,draw_3,4,7,0.026637071441713112
pythia-1.4b,very_high,draw_3,4,8,0.03024744255978077
pythia-1.4b,very_high,draw_3,4,9,0.016665448828654728
pythia-1.4b,very_high,draw_3,4,10,0.017722250910237883
pythia-1.4b,very_high,draw_3,4,11,0.02064115312369545
pythia-1.4b,very_high,draw_3,4,12,0.016042590410142898
pythia-1.4b,very_high,draw_3,4,13,0.023467502910789313
pythia-1.4b,very_high,draw_3,4,14,0.010976180052118695
pythia-1.4b,very_high,draw_3,4,15,0.008138415009171233
pythia-1.4b,very_high,draw_3,5,0,0.025252613623123834
pythia-1.4b,very_high,draw_3,5,1,0.036426184450019675
pythia-1.4b,very_high,draw_3,5,2,0.04331639926596265
pythia-1.4b,very_high,draw_3,5,3,0.009489827532329255
pythia-1.4b,very_high,draw_3,5,4,0.03242158221779038
pythia-1.4b,very_high,draw_3,5,5,0.026750895248246052
pythia-1.4b,very_high,draw_3,5,6,0.023610652630556513
pythia-1.4b,very_high,draw_3,5,7,0.01977360387665812
pythia-1.4b,very_high,draw_3,5,8,0.017429146000462536
pythia-1.4b,very_high,draw_3,5,9,0.022681500898840894
pythia-1.4b,very_high,draw_3,5,10,0.028113009294215088
pythia-1.4b,very_high,draw_3,5,11,0.026424121318202504
pythia-1.4b,very_high,draw_3,5,12,0.017839009114681986
pythia-1.4b,very_high,draw_3,5,13,0.03016797758787876
pythia-1.4b,very_high,draw_3,5,14,0.015920563059299103
pythia-1.4b,very_high,draw_3,5,15,0.005667554153189502
pythia-1.4b,very_high,draw_3,6,0,0.012767876658115981
pythia-1.4b,very_high,draw_3,6,1,0.016159316971294205
pythia-1.4b,very_high,draw_3,6,2,0.018719976883195235
pythia-1.4b,very_high,draw_3,6,3,0.01766526129152237
pythia-1.4b,very_high,draw_3,6,4,0.026404932168377467
pythia-1.4b,very_high,draw_3,6,5,0.03319867363711247
pythia-1.4b,very_high,draw_3,6,6,0.045192082074506666
pythia-1.4b,very_high,draw_3,6,7,0.011593810780673066
pythia-1.4b,very_high,draw_3,6,8,0.02897141198534679
pythia-1.4b,very_high,draw_3,6,9,0.008117186380992993
pythia-1.4b,very_high,draw_3,6,10,0.025153795586824873
pythia-1.4b,very_high,draw_3,6,11,0.028778941848372076
pythia-1.4b,very_high,draw_3,6,12,0.022068863426591277
pythia-1.4b,very_high,draw_3,6,13,0.01631397555403626
pythia-1.4b,very_high,draw_3,6,14,0.020037397402373834
pythia-1.4b,very_high,draw_3,6,15,0.020545150621926613
pythia-1.4b,very_high,draw_3,7,0,0.01023209329369882
pythia-1.4b,very_high,draw_3,7,1,0.01572465780205946
pythia-1.4b,very_high,draw_3,7,2,0.030243377990025164
pythia-1.4b,very_high,draw_3,7,3,0.04105474956137543
pythia-1.4b,very_high,draw_3,7,4,0.022034967998391282
pythia-1.4b,very_high,draw_3,7,5,0.02982682885238354
pythia-1.4b,very_high,draw_3,7,6,0.03499352359030794
pythia-1.4b,very_high,draw_3,7,7,0.01201470379644956
pythia-1.4b,very_high,draw_3,7,8,0.018717540519595854
pythia-1.4b,very_high,draw_3,7,9,0.024593396761479897
pythia-1.4b,very_high,draw_3,7,10,0.02430924325406611
pythia-1.4b,very_high,draw_3,7,11,0.02770095208215382
pythia-1.4b,very_high,draw_3,7,12,0.053132974678232914
pythia-1.4b,very_high,draw_3,7,13,0.016548657970303315
pythia-1.4b,very_high,draw_3,7,14,0.06014497871205222
pythia-1.4b,very_high,draw_3,7,15,0.02674297701143547
pythia-1.4b,very_high,draw_3,8,0,0.01975389330561604
pythia-1.4b,very_high,draw_3,8,1,0.04594394021157033
pythia-1.4b,very_high,draw_3,8,2,0.034757099954791475
pythia-1.4b,very_high,draw_3,8,3,0.0363843401506654
pythia-1.4b,very_high,draw_3,8,4,0.01997322449005427
pythia-1.4b,very_high,draw_3,8,5,0.028187943927140767
pythia-1.4b,very_high,draw_3,8,6,0.0114722782161373
pythia-1.4b,very_high,draw_3,8,7,0.034995486328170865
pythia-1.4b,very_high,draw_3,8,8,0.04004389163877576
pythia-1.4b,very_high,draw_3,8,9,0.06563422274496276
pythia-1.4b,very_high,draw_3,8,10,0.02816175498814825
pythia-1.4b,very_high,draw_3,8,11,0.014062764410341173
pythia-1.4b,very_high,draw_3,8,12,0.04898776660171601
pythia-1.4b,very_high,draw_3,8,13,0.03564678962294239
pythia-1.4b,very_high,draw_3,8,14,0.009192630528117597
pythia-1.4b,very_high,draw_3,8,15,0.03085316583481386
pythia-1.4b,very_high,draw_3,9,0,0.014612761903509852
pythia-1.4b,very_high,draw_3,9,1,0.023290620956435904
pythia-1.4b,very_high,draw_3,9,2,0.021226395423069807
pythia-1.4b,very_high,draw_3,9,3,0.014073512737161047
pythia-1.4b,very_high,draw_3,9,4,0.05066113755452799
pythia-1.4b,very_high,draw_3,9,5,0.03956389356999828
pythia-1.4b,very_high,draw_3,9,6,0.035509729889655055
pythia-1.4b,very_high,draw_3,9,7,0.014674941563083748
pythia-1.4b,very_high,draw_3,9,8,0.02151948866214163
pythia-1.4b,very_high,draw_3,9,9,0.019976626627594977
pythia-1.4b,very_high,draw_3,9,10,0.07288069206585593
pythia-1.4b,very_high,draw_3,9,11,0.040007648705309394
pythia-1.4b,very_high,draw_3,9,12,0.03950649890748827
pythia-1.4b,very_high,draw_3,9,13,0.01928522004156938
pythia-1.4b,very_high,draw_3,9,14,0.023825476550048814
pythia-1.4b,very_high,draw_3,9,15,0.025474666013671505
pythia-1.4b,very_high,draw_3,10,0,0.020199785578783703
pythia-1.4b,very_high,draw_3,10,1,0.02385915022315097
pythia-1.4b,very_high,draw_3,10,2,0.02720842124102104
pythia-1.4b,very_high,draw_3,10,3,0.04037536424566281
pythia-1.4b,very_high,draw_3,10,4,0.02033839037231843
pythia-1.4b,very_high,draw_3,10,5,0.03265284955764379
pythia-1.4b,very_high,draw_3,10,6,0.028963090936172716
pythia-1.4b,very_high,draw_3,10,7,0.023611209784836062
pythia-1.4b,very_high,draw_3,10,8,0.033324674804870454
pythia-1.4b,very_high,draw_3,10,9,0.016938468099291247
pythia-1.4b,very_high,draw_3,10,10,0.030754314583606862
pythia-1.4b,very_high,draw_3,10,11,0.02370329240681368
pythia-1.4b,very_high,draw_3,10,12,0.016971371632809384
pythia-1.4b,very_high,draw_3,10,13,0.03992231141092611
pythia-1.4b,very_high,draw_3,10,14,0.0303628451102423
pythia-1.4b,very_high,draw_3,10,15,0.017881162209605297
pythia-1.4b,very_high,draw_3,11,0,0.021051504240841613
pythia-1.4b,very_high,draw_3,11,1,0.01838465713260054
pythia-1.4b,very_high,draw_3,11,2,0.045868884372787244
pythia-1.4b,very_high,draw_3,11,3,0.028471166756238564
pythia-1.4b,very_high,draw_3,11,4,0.014370134219471581
pythia-1.4b,very_high,draw_3,11,5,0.02117563569489124
pythia-1.4b,very_high,draw_3,11,6,0.04924210768073886
pythia-1.4b,very_high,draw_3,11,7,0.012454230035819006
pythia-1.4b,very_high,draw_3,11,8,0.06097321991736605
pythia-1.4b,very_high,draw_3,11,9,0.018697807816203647
pythia-1.4b,very_high,draw_3,11,10,0.03249178109071913
pythia-1.4b,very_high,draw_3,11,11,0.052561910617463264
pythia-1.4b,very_high,draw_3,11,12,0.017945648002664405
pythia-1.4b,very_high,draw_3,11,13,0.017243343092872662
pythia-1.4b,very_high,draw_3,11,14,0.01615638458649675
pythia-1.4b,very_high,draw_3,11,15,0.013062115014129004
pythia-1.4b,very_high,draw_3,12,0,0.01664153538987313
pythia-1.4b,very_high,draw_3,12,1,0.021204231431083995
pythia-1.4b,very_high,draw_3,12,2,0.015665318022268428
pythia-1.4b,very_high,draw_3,12,3,0.01837855108649665
pythia-1.4b,very_high,draw_3,12,4,0.03851004737381017
pythia-1.4b,very_high,draw_3,12,5,0.024237547778052485
pythia-1.4b,very_high,draw_3,12,6,0.018341819760325864
pythia-1.4b,very_high,draw_3,12,7,0.0182482199068143
pythia-1.4b,very_high,draw_3,12,8,0.02865676147634715
pythia-1.4b,very_high,draw_3,12,9,0.03568237236043568
pythia-1.4b,very_high,draw_3,12,10,0.02290556184338676
pythia-1.4b,very_high,draw_3,12,11,0.02000015035913617
pythia-1.4b,very_high,draw_3,12,12,0.037074885528447864
pythia-1.4b,very_high,draw_3,12,13,0.04961103770706164
pythia-1.4b,very_high,draw_3,12,14,0.03124914503418104
pythia-1.4b,very_high,draw_3,12,15,0.025145322346920948
pythia-1.4b,very_high,draw_3,13,0,0.03087880731442531
pythia-1.4b,very_high,draw_3,13,1,0.024063536084460154
pythia-1.4b,very_high,draw_3,13,2,0.04700551142995512
pythia-1.4b,very_high,draw_3,13,3,0.09960414835363136
pythia-1.4b,very_high,draw_3,13,4,0.02277529022735092
pythia-1.4b,very_high,draw_3,13,5,0.023882852939016805
pythia-1.4b,very_high,draw_3,13,6,0.01842932324314311
pythia-1.4b,very_high,draw_3,13,7,0.0775362240057977
pythia-1.4b,very_high,draw_3,13,8,0.04211392886268298
pythia-1.4b,very_high,draw_3,13,9,0.02239952814688724
pythia-1.4b,very_high,draw_3,13,10,0.022441636738784576
pythia-1.4b,very_high,draw_3,13,11,0.029338643975245687
pythia-1.4b,very_high,draw_3,13,12,0.024288277845263738
pythia-1.4b,very_high,draw_3,13,13,0.025114835804055657
pythia-1.4b,very_high,draw_3,13,14,0.04202968010399072
pythia-1.4b,very_high,draw_3,13,15,0.03184881220593257
pythia-1.4b,very_high,draw_3,14,0,0.03128708561118207
pythia-1.4b,very_high,draw_3,14,1,0.051867557632336865
pythia-1.4b,very_high,draw_3,14,2,0.0282657236940486
pythia-1.4b,very_high,draw_3,14,3,0.029529041038629644
pythia-1.4b,very_high,draw_3,14,4,0.020588561156416295
pythia-1.4b,very_high,draw_3,14,5,0.023440744503278193
pythia-1.4b,very_high,draw_3,14,6,0.02852926164994305
pythia-1.4b,very_high,draw_3,14,7,0.022563732788011378
pythia-1.4b,very_high,draw_3,14,8,0.027752886096707088
pythia-1.4b,very_high,draw_3,14,9,0.009317202648975455
pythia-1.4b,very_high,draw_3,14,10,0.06853449053915282
pythia-1.4b,very_high,draw_3,14,11,0.026117580501436304
pythia-1.4b,very_high,draw_3,14,12,0.020554405173536173
pythia-1.4b,very_high,draw_3,14,13,0.029628462659247342
pythia-1.4b,very_high,draw_3,14,14,0.03235462421138029
pythia-1.4b,very_high,draw_3,14,15,0.019949124845538086
pythia-1.4b,very_high,draw_3,15,0,0.03705291782607407
pythia-1.4b,very_high,draw_3,15,1,0.04706209316749063
pythia-1.4b,very_high,draw_3,15,2,0.03457837212897004
pythia-1.4b,very_high,draw_3,15,3,0.05933336912853478
pythia-1.4b,very_high,draw_3,15,4,0.04998765323605413
pythia-1.4b,very_high,draw_3,15,5,0.046917468939102314
pythia-1.4b,very_high,draw_3,15,6,0.060840000960635236
pythia-1.4b,very_high,draw_3,15,7,0.03560339827489162
pythia-1.4b,very_high,draw_3,15,8,0.028418180704145705
pythia-1.4b,very_high,draw_3,15,9,0.03905201711661344
pythia-1.4b,very_high,draw_3,15,10,0.027409015830220894
pythia-1.4b,very_high,draw_3,15,11,0.04815592118453611
pythia-1.4b,very_high,draw_3,15,12,0.04300409185719637
pythia-1.4b,very_high,draw_3,15,13,0.043286172508570094
pythia-1.4b,very_high,draw_3,15,14,0.0514728149089697
pythia-1.4b,very_high,draw_3,15,15,0.038766009941942084
pythia-1.4b,very_high,draw_3,16,0,0.049371065876353246
pythia-1.4b,very_high,draw_3,16,1,0.04978628847189857
pythia-1.4b,very_high,draw_3,16,2,0.08104962884674863
pythia-1.4b,very_high,draw_3,16,3,0.03878373125026677
pythia-1.4b,very_high,draw_3,16,4,0.04104350198526588
pythia-1.4b,very_high,draw_3,16,5,0.03522727004965195
pythia-1.4b,very_high,draw_3,16,6,0.03857837877898874
pythia-1.4b,very_high,draw_3,16,7,0.009203808799433486
pythia-1.4b,very_high,draw_3,16,8,0.016961851390130067
pythia-1.4b,very_high,draw_3,16,9,0.003775848458320384
pythia-1.4b,very_high,draw_3,16,10,0.029726818479308047
pythia-1.4b,very_high,draw_3,16,11,0.0058086325869058765
pythia-1.4b,very_high,draw_3,16,12,0.006581797786669884
pythia-1.4b,very_high,draw_3,16,13,0.04641057455097343
pythia-1.4b,very_high,draw_3,16,14,0.0110759240778836
pythia-1.4b,very_high,draw_3,16,15,0.02797639366078715
pythia-1.4b,very_high,draw_3,17,0,0.031872783442405066
pythia-1.4b,very_high,draw_3,17,1,0.048158278156603736
pythia-1.4b,very_high,draw_3,17,2,4.1911703291074126e-05
pythia-1.4b,very_high,draw_3,17,3,0.005106617769546218
pythia-1.4b,very_high,draw_3,17,4,0.023896423155811808
pythia-1.4b,very_high,draw_3,17,5,0.03136549780606922
pythia-1.4b,very_high,draw_3,17,6,0.02437937656719684
pythia-1.4b,very_high,draw_3,17,7,0.022664047155322456
pythia-1.4b,very_high,draw_3,17,8,0.03545768475127301
pythia-1.4b,very_high,draw_3,17,9,0.012087522461621222
pythia-1.4b,very_high,draw_3,17,10,0.02168526389815124
pythia-1.4b,very_high,draw_3,17,11,0.01822899778605752
pythia-1.4b,very_high,draw_3,17,12,0.048217831382233775
pythia-1.4b,very_high,draw_3,17,13,0.02161790791570148
pythia-1.4b,very_high,draw_3,17,14,0.03209253095588564
pythia-1.4b,very_high,draw_3,17,15,0.02235902335515536
pythia-1.4b,very_high,draw_3,18,0,0.0837778168358685
pythia-1.4b,very_high,draw_3,18,1,0.031228318739810853
pythia-1.4b,very_high,draw_3,18,2,0.11513000546362513
pythia-1.4b,very_high,draw_3,18,3,0.016493949905973245
pythia-1.4b,very_high,draw_3,18,4,0.1171836176864949
pythia-1.4b,very_high,draw_3,18,5,0.016325310602572272
pythia-1.4b,very_high,draw_3,18,6,0.03587929285201442
pythia-1.4b,very_high,draw_3,18,7,0.05549285937257926
pythia-1.4b,very_high,draw_3,18,8,0.06648872667184377
pythia-1.4b,very_high,draw_3,18,9,0.04387495581213378
pythia-1.4b,very_high,draw_3,18,10,0.048404669402774304
pythia-1.4b,very_high,draw_3,18,11,0.06165497962021856
pythia-1.4b,very_high,draw_3,18,12,0.13178228770167028
pythia-1.4b,very_high,draw_3,18,13,0.07888815195434991
pythia-1.4b,very_high,draw_3,18,14,0.010409580189836575
pythia-1.4b,very_high,draw_3,18,15,0.05748057738386875
pythia-1.4b,very_high,draw_3,19,0,0.01948199917040719
pythia-1.4b,very_high,draw_3,19,1,0.013889563667442602
pythia-1.4b,very_high,draw_3,19,2,0.062418282626889726
pythia-1.4b,very_high,draw_3,19,3,0.057605847358041445
pythia-1.4b,very_high,draw_3,19,4,0.0245620675877008
pythia-1.4b,very_high,draw_3,19,5,0.03238397502998195
pythia-1.4b,very_high,draw_3,19,6,0.059002805429346494
pythia-1.4b,very_high,draw_3,19,7,0.044049333273236055
pythia-1.4b,very_high,draw_3,19,8,0.042700700882306444
pythia-1.4b,very_high,draw_3,19,9,0.048434050114122454
pythia-1.4b,very_high,draw_3,19,10,0.05919245969219715
pythia-1.4b,very_high,draw_3,19,11,0.02950611594800601
pythia-1.4b,very_high,draw_3,19,12,0.03274900695188377
pythia-1.4b,very_high,draw_3,19,13,0.038747891457164896
pythia-1.4b,very_high,draw_3,19,14,0.022211037402778695
pythia-1.4b,very_high,draw_3,19,15,0.026690143271999547
pythia-1.4b,very_high,draw_3,20,0,0.11148237952389263
pythia-1.4b,very_high,draw_3,20,1,0.20073393958243382
pythia-1.4b,very_high,draw_3,20,2,0.037003707081534484
pythia-1.4b,very_high,draw_3,20,3,0.13433193137586613
pythia-1.4b,very_high,draw_3,20,4,0.027862692975677276
pythia-1.4b,very_high,draw_3,20,5,0.07645020923418244
pythia-1.4b,very_high,draw_3,20,6,0.17900340844484194
pythia-1.4b,very_high,draw_3,20,7,0.07244211631091615
pythia-1.4b,very_high,draw_3,20,8,0.0783823661696438
pythia-1.4b,very_high,draw_3,20,9,0.05015168204852641
pythia-1.4b,very_high,draw_3,20,10,0.2173172916265888
pythia-1.4b,very_high,draw_3,20,11,0.03692750534637879
pythia-1.4b,very_high,draw_3,20,12,0.1574075261621505
pythia-1.4b,very_high,draw_3,20,13,0.17037365585337086
pythia-1.4b,very_high,draw_3,20,14,0.18001874163863052
pythia-1.4b,very_high,draw_3,20,15,0.17889163778009867
pythia-1.4b,very_high,draw_3,21,0,0.11048084045839654
pythia-1.4b,very_high,draw_3,21,1,0.16628801775176902
pythia-1.4b,very_high,draw_3,21,2,0.12661274248268106
pythia-1.4b,very_high,draw_3,21,3,0.1045195285286582
pythia-1.4b,very_high,draw_3,21,4,0.04266846646485975
pythia-1.4b,very_high,draw_3,21,5,0.10134871614070678
pythia-1.4b,very_high,draw_3,21,6,0.11442696855088133
pythia-1.4b,very_high,draw_3,21,7,0.3136583318197515
pythia-1.4b,very_high,draw_3,21,8,0.050659322163944503
pythia-1.4b,very_high,draw_3,21,9,0.10957891325080325
pythia-1.4b,very_high,draw_3,21,10,0.07395195063172977
pythia-1.4b,very_high,draw_3,21,11,0.01795554216631337
pythia-1.4b,very_high,draw_3,21,12,0.011788882315401346
pythia-1.4b,very_high,draw_3,21,13,0.1668369062034299
pythia-1.4b,very_high,draw_3,21,14,0.0807593116955073
pythia-1.4b,very_high,draw_3,21,15,0.10793009094869761
pythia-1.4b,very_high,draw_3,22,0,0.23546192541528738
pythia-1.4b,very_high,draw_3,22,1,0.048107736311828075
pythia-1.4b,very_high,draw_3,22,2,0.055555220485378816
pythia-1.4b,very_high,draw_3,22,3,0.13222167486401182
pythia-1.4b,very_high,draw_3,22,4,0.1461832320706259
pythia-1.4b,very_high,draw_3,22,5,0.07608299388395001
pythia-1.4b,very_high,draw_3,22,6,0.13198887466649054
pythia-1.4b,very_high,draw_3,22,7,0.034214880400079584
pythia-1.4b,very_high,draw_3,22,8,0.02623940117268799
pythia-1.4b,very_high,draw_3,22,9,0.07000759028256982
pythia-1.4b,very_high,draw_3,22,10,0.04723865295108717
pythia-1.4b,very_high,draw_3,22,11,0.062372817709044744
pythia-1.4b,very_high,draw_3,22,12,0.016413202118418423
pythia-1.4b,very_high,draw_3,22,13,0.10932068242359622
pythia-1.4b,very_high,draw_3,22,14,0.04705449843776418
pythia-1.4b,very_high,draw_3,22,15,0.17889326206688888
pythia-1.4b,very_high,draw_3,23,0,0.04746269332714758
pythia-1.4b,very_high,draw_3,23,1,0.12284091333225744
pythia-1.4b,very_high,draw_3,23,2,0.04976156181474203
pythia-1.4b,very_high,draw_3,23,3,0.051861640864584245
pythia-1.4b,very_high,draw_3,23,4,0.08514764702938665
pythia-1.4b,very_high,draw_3,23,5,0.07325772756384683
pythia-1.4b,very_high,draw_3,23,6,0.02277267811394082
pythia-1.4b,very_high,draw_3,23,7,0.012574293037128748
pythia-1.4b,very_high,draw_3,23,8,0.05658727838483057
pythia-1.4b,very_high,draw_3,23,9,0.01792173844154899
pythia-1.4b,very_high,draw_3,23,10,0.07176852009832854
pythia-1.4b,very_high,draw_3,23,11,0.058606047134632085
pythia-1.4b,very_high,draw_3,23,12,0.0731888545089737
pythia-1.4b,very_high,draw_3,23,13,0.0649171870107837
pythia-1.4b,very_high,draw_3,23,14,0.024370741556248552
pythia-1.4b,very_high,draw_3,23,15,0.1210762903485804
pythia-1.4b,control,draw_1,0,0,0.0
pythia-1.4b,control,draw_1,0,1,0.0
pythia-1.4b,control,draw_1,0,2,0.0
pythia-1.4b,control,draw_1,0,3,0.0
pythia-1.4b,control,draw_1,0,4,0.0
pythia-1.4b,control,draw_1,0,5,0.0
pythia-1.4b,control,draw_1,0,6,0.0
pythia-1.4b,control,draw_1,0,7,0.0
pythia-1.4b,control,draw_1,0,8,0.0
pythia-1.4b,control,draw_1,0,9,0.0
pythia-1.4b,control,draw_1,0,10,0.0
pythia-1.4b,control,draw_1,0,11,0.0
pythia-1.4b,control,draw_1,0,12,0.0
pythia-1.4b,control,draw_1,0,13,0.0
pythia-1.4b,control,draw_1,0,14,0.0
pythia-1.4b,control,draw_1,0,15,0.0
pythia-1.4b,control,draw_1,1,0,0.0001743007774452624
pythia-1.4b,control,draw_1,1,1,0.00010087078433652519
pythia-1.4b,control,draw_1,1,2,0.00029364807623257356
pythia-1.4b,control,draw_1,1,3,0.00010416900348401537
pythia-1.4b,control,draw_1,1,4,
pythia-1.4b,control,draw_1,1,5,0.00013607833085431647
pythia-1.4b,control,draw_1,1,6,5.588869175782701e-05
pythia-1.4b,control,draw_1,1,7,0.00021404837092702441
pythia-1.4b,control,draw_1,1,8,
pythia-1.4b,control,draw_1,1,9,1.4068716518337182e-05
pythia-1.4b,control,draw_1,1,10,8.329172767019649e-05
pythia-1.4b,control,draw_1,1,11,
pythia-1.4b,control,draw_1,1,12,9.631638468134001e-05
pythia-1.4b,control,draw_1,1,13,6.027134912807907e-05
pythia-1.4b,control,draw_1,1,14,0.00011806511147126735
pythia-1.4b,control,draw_1,1,15,0.0001706495865401495
pythia-1.4b,control,draw_1,2,0,5.1986185725808505e-05
pythia-1.4b,control,draw_1,2,1,
pythia-1.4b,control,draw_1,2,2,2.2623398140480915e-05
pythia-1.4b,control,draw_1,2,3,5.409948197816023e-05
pythia-1.4b,control,draw_1,2,4,4.711044943535763e-05
pythia-1.4b,control,draw_1,2,5,5.191314775565376e-05
pythia-1.4b,control,draw_1,2,6,
pythia-1.4b,control,draw_1,2,7,0.00010570362386464404
pythia-1.4b,control,draw_1,2,8,0.00018734459532453916
pythia-1.4b,control,draw_1,2,9,
pythia-1.4b,control,draw_1,2,10,4.2750784825692955e-05
pythia-1.4b,control,draw_1,2,11,
pythia-1.4b,control,draw_1,2,12,0.00017151710620114574
pythia-1.4b,control,draw_1,2,13,6.60592660675252e-05
pythia-1.4b,control,draw_1,2,14,8.566230575684634e-05
pythia-1.4b,control,draw_1,2,15,7.982145784981785e-05
pythia-1.4b,control,draw_1,3,0,0.007198763310442194
pythia-1.4b,control,draw_1,3,1,0.008486093947534428
pythia-1.4b,control,draw_1,3,2,0.005524316508864945
pythia-1.4b,control,draw_1,3,3,0.003825055364746857
pythia-1.4b,control,draw_1,3,4,0.006483286466779365
pythia-1.4b,control,draw_1,3,5,0.0048059069531986316
pythia-1.4b,control,draw_1,3,6,0.0076800078968414795
pythia-1.4b,control,draw_1,3,7,0.019530680767347333
pythia-1.4b,control,draw_1,3,8,0.006430728806305158
pythia-1.4b,control,draw_1,3,9,0.002996873855211469
pythia-1.4b,control,draw_1,3,10,0.00543017164608709
pythia-1.4b,control,draw_1,3,11,0.014678110427506075
pythia-1.4b,control,draw_1,3,12,0.0036139661552213854
pythia-1.4b,control,draw_1,3,13,0.010076533477679372
pythia-1.4b,control,draw_1,3,14,0.018352939487266982
pythia-1.4b,control,draw_1,3,15,0.004878328544402081
pythia-1.4b,control,draw_1,4,0,0.008669486828540934
pythia-1.4b,control,draw_1,4,1,0.020676170145738006
pythia-1.4b,control,draw_1,4,2,0.007050556467559984
pythia-1.4b,control,draw_1,4,3,0.01500716788717984
pythia-1.4b,control,draw_1,4,4,0.009263560132067125
pythia-1.4b,control,draw_1,4,5,0.018338060371030963
pythia-1.4b,control,draw_1,4,6,0.008205671851704432
pythia-1.4b,control,draw_1,4,7,0.015958556110544794
pythia-1.4b,control,draw_1,4,8,0.014380701386641959
pythia-1.4b,control,draw_1,4,9,0.0077135527487290885
pythia-1.4b,control,draw_1,4,10,0.008173608255676477
pythia-1.4b,control,draw_1,4,11,0.013304373477325607
pythia-1.4b,control,draw_1,4,12,0.009556117405222579
pythia-1.4b,control,draw_1,4,13,0.018857324608364767
pythia-1.4b,control,draw_1,4,14,0.005090198583706144
pythia-1.4b,control,draw_1,4,15,0.004295886058685477
pythia-1.4b,control,draw_1,5,0,0.011632762788419139
pythia-1.4b,control,draw_1,5,1,0.019208588293052057
pythia-1.4b,control,draw_1,5,2,0.018115114104959033
pythia-1.4b,control,draw_1,5,3,0.010214804846213602
pythia-1.4b,control,draw_1,5,4,0.021406321816950426
pythia-1.4b,control,draw_1,5,5,0.010962553924245572
pythia-1.4b,control,draw_1,5,6,0.015937007155464932
pythia-1.4b,control,draw_1,5,7,0.015065962247856076
pythia-1.4b,control,draw_1,5,8,0.00802253508780232
pythia-1.4b,control,draw_1,5,9,0.009100597753449567
pythia-1.4b,control,draw_1,5,10,0.012714236625116839
pythia-1.4b,control,draw_1,5,11,0.008043443643499406
pythia-1.4b,control,draw_1,5,12,0.011769987389948507
pythia-1.4b,control,draw_1,5,13,0.02385556612749153
pythia-1.4b,control,draw_1,5,14,0.008429296764213088
pythia-1.4b,control,draw_1,5,15,0.003568714025043873
pythia-1.4b,control,draw_1,6,0,0.007675944416359999
pythia-1.4b,control,draw_1,6,1,0.019033154379408897
pythia-1.4b,control,draw_1,6,2,0.006749510974569389
pythia-1.4b,control,draw_1,6,3,0.01064167629680242
pythia-1.4b,control,draw_1,6,4,0.017755697640498655
pythia-1.4b,control,draw_1,6,5,0.013470009881411806
pythia-1.4b,control,draw_1,6,6,0.024598000940649303
pythia-1.4b,control,draw_1,6,7,0.00730057665640653
pythia-1.4b,control,draw_1,6,8,0.00894468177993522
pythia-1.4b,control,draw_1,6,9,0.011466916528908208
pythia-1.4b,control,draw_1,6,10,0.014205463454943048
pythia-1.4b,control,draw_1,6,11,0.013178530798179457
pythia-1.4b,control,draw_1,6,12,0.01575300932676023
pythia-1.4b,control,draw_1,6,13,0.018028577300506297
pythia-1.4b,control,draw_1,6,14,0.011439220663342952
pythia-1.4b,control,draw_1,6,15,0.007468545982485255
pythia-1.4b,control,draw_1,7,0,0.01703705212126355
pythia-1.4b,control,draw_1,7,1,0.010163117428726507
pythia-1.4b,control,draw_1,7,2,0.028293269910003513
pythia-1.4b,control,draw_1,7,3,0.02712026766638828
pythia-1.4b,control,draw_1,7,4,0.03494866331509058
pythia-1.4b,control,draw_1,7,5,0.019305685007142925
pythia-1.4b,control,draw_1,7,6,0.024535517186654636
pythia-1.4b,control,draw_1,7,7,0.008801148138650858
pythia-1.4b,control,draw_1,7,8,0.018569777024813397
pythia-1.4b,control,draw_1,7,9,0.020192366983354266
pythia-1.4b,control,draw_1,7,10,0.01534365134683348
pythia-1.4b,control,draw_1,7,11,0.01823665331758629
pythia-1.4b,control,draw_1,7,12,0.024237427700300327
pythia-1.4b,control,draw_1,7,13,0.00769837806955682
pythia-1.4b,control,draw_1,7,14,0.0409214465545636
pythia-1.4b,control,draw_1,7,15,0.014364251544662374
pythia-1.4b,control,draw_1,8,0,0.01931548445693979
pythia-1.4b,control,draw_1,8,1,0.037617798772541435
pythia-1.4b,control,draw_1,8,2,0.015972104196671003
pythia-1.4b,control,draw_1,8,3,0.011207585760002413
pythia-1.4b,control,draw_1,8,4,0.011840987450118115
pythia-1.4b,control,draw_1,8,5,0.028433065566481557
pythia-1.4b,control,draw_1,8,6,0.025907500682040476
pythia-1.4b,control,draw_1,8,7,0.02309267879145181
pythia-1.4b,control,draw_1,8,8,0.01879989323756918
pythia-1.4b,control,draw_1,8,9,0.024919459594372154
pythia-1.4b,control,draw_1,8,10,0.015175432450656803
pythia-1.4b,control,draw_1,8,11,0.012806457449935447
pythia-1.4b,control,draw_1,8,12,0.044409887047115376
pythia-1.4b,control,draw_1,8,13,0.015406413270402422
pythia-1.4b,control,draw_1,8,14,0.013123977939229653
pythia-1.4b,control,draw_1,8,15,0.029823782373669627
pythia-1.4b,control,draw_1,9,0,0.017398134588431882
pythia-1.4b,control,draw_1,9,1,0.01995429598509562
pythia-1.4b,control,draw_1,9,2,0.027559047998703467
pythia-1.4b,control,draw_1,9,3,0.014530673610852505
pythia-1.4b,control,draw_1,9,4,0.04150711916660917
pythia-1.4b,control,draw_1,9,5,0.018084376972776647
pythia-1.4b,control,draw_1,9,6,0.03594452378579437
pythia-1.4b,control,draw_1,9,7,0.019390095319187638
pythia-1.4b,control,draw_1,9,8,0.018545446478849623
pythia-1.4b,control,draw_1,9,9,0.013656965709455036
pythia-1.4b,control,draw_1,9,10,0.04219611822729938
pythia-1.4b,control,draw_1,9,11,0.025782553096191853
pythia-1.4b,control,draw_1,9,12,0.03803882374652326
pythia-1.4b,control,draw_1,9,13,0.01728220378315725
pythia-1.4b,control,draw_1,9,14,0.01218476171481544
pythia-1.4b,control,draw_1,9,15,0.020734657765830545
pythia-1.4b,control,draw_1,10,0,0.018186575515017844
pythia-1.4b,control,draw_1,10,1,0.05637758937564552
pythia-1.4b,control,draw_1,10,2,0.009230050837265646
pythia-1.4b,control,draw_1,10,3,0.04403269081130718
pythia-1.4b,control,draw_1,10,4,0.024191691247338318
pythia-1.4b,control,draw_1,10,5,0.03273020213007503
pythia-1.4b,control,draw_1,10,6,0.0312911206394798
pythia-1.4b,control,draw_1,10,7,0.023025307929340037
pythia-1.4b,control,draw_1,10,8,0.02739712176829401
pythia-1.4b,control,draw_1,10,9,0.0170690648596294
pythia-1.4b,control,draw_1,10,10,0.034233704526003765
pythia-1.4b,control,draw_1,10,11,0.017117630983933815
pythia-1.4b,control,draw_1,10,12,0.024137101383050173
pythia-1.4b,control,draw_1,10,13,0.04766109082384569
pythia-1.4b,control,draw_1,10,14,0.03001118226032951
pythia-1.4b,control,draw_1,10,15,0.026518819504203872
pythia-1.4b,control,draw_1,11,0,0.019439677802874106
pythia-1.4b,control,draw_1,11,1,0.01994977185835668
pythia-1.4b,control,draw_1,11,2,0.03789187163828931
pythia-1.4b,control,draw_1,11,3,0.022541828242013433
pythia-1.4b,control,draw_1,11,4,0.013011344666015126
pythia-1.4b,control,draw_1,11,5,0.027630814774258092
pythia-1.4b,control,draw_1,11,6,0.01993085247539325
pythia-1.4b,control,draw_1,11,7,0.02372019127238159
pythia-1.4b,control,draw_1,11,8,0.026535575997171705
pythia-1.4b,control,draw_1,11,9,0.017299836735018753
pythia-1.4b,control,draw_1,11,10,0.017798420879954698
pythia-1.4b,control,draw_1,11,11,0.03239392402849844
pythia-1.4b,control,draw_1,11,12,0.022460038229313688
pythia-1.4b,control,draw_1,11,13,0.026993179534231984
pythia-1.4b,control,draw_1,11,14,0.021304653576602512
pythia-1.4b,control,draw_1,11,15,0.018357632813072264
pythia-1.4b,control,draw_1,12,0,0.019895075145984962
pythia-1.4b,control,draw_1,12,1,0.021003997501641884
pythia-1.4b,control,draw_1,12,2,0.03507457126009494
pythia-1.4b,control,draw_1,12,3,0.03385372039305152
pythia-1.4b,control,draw_1,12,4,0.022101585630213964
pythia-1.4b,control,draw_1,12,5,0.04536431059461551
pythia-1.4b,control,draw_1,12,6,0.0324980846199391
pythia-1.4b,control,draw_1,12,7,0.027958174163132656
pythia-1.4b,control,draw_1,12,8,0.035014705362673974
pythia-1.4b,control,draw_1,12,9,0.03087565914395926
pythia-1.4b,control,draw_1,12,10,0.028246375077840356
pythia-1.4b,control,draw_1,12,11,0.016949980483704982
pythia-1.4b,control,draw_1,12,12,0.030749787938542026
pythia-1.4b,control,draw_1,12,13,0.03665147157208862
pythia-1.4b,control,draw_1,12,14,0.02199728433248746
pythia-1.4b,control,draw_1,12,15,0.029420160133953512
pythia-1.4b,control,draw_1,13,0,0.05407955947908878
pythia-1.4b,control,draw_1,13,1,0.03266079551601312
pythia-1.4b,control,draw_1,13,2,0.018336147848994226
pythia-1.4b,control,draw_1,13,3,0.05556322886495258
pythia-1.4b,control,draw_1,13,4,0.009956886379892053
pythia-1.4b,control,draw_1,13,5,0.01543420432395099
pythia-1.4b,control,draw_1,13,6,0.04068844299104442
pythia-1.4b,control,draw_1,13,7,0.04501268030612912
pythia-1.4b,control,draw_1,13,8,0.03079968712967297
pythia-1.4b,control,draw_1,13,9,0.006651099443122488
pythia-1.4b,control,draw_1,13,10,0.010057381879846857
pythia-1.4b,control,draw_1,13,11,0.019579098622277483
pythia-1.4b,control,draw_1,13,12,0.01876674428467593
pythia-1.4b,control,draw_1,13,13,0.04565201462941767
pythia-1.4b,control,draw_1,13,14,0.04184551183329673
pythia-1.4b,control,draw_1,13,15,0.038102097628576144
pythia-1.4b,control,draw_1,14,0,0.03698633841080187
pythia-1.4b,control,draw_1,14,1,0.06220738636915568
pythia-1.4b,control,draw_1,14,2,0.019595419255742947
pythia-1.4b,control,draw_1,14,3,0.013421575260784462
pythia-1.4b,control,draw_1,14,4,0.02966946662752958
pythia-1.4b,control,draw_1,14,5,0.008745189113470253
pythia-1.4b,control,draw_1,14,6,0.017322793558432706
pythia-1.4b,control,draw_1,14,7,0.04033987509352344
pythia-1.4b,control,draw_1,14,8,0.02700879370766627
pythia-1.4b,control,draw_1,14,9,0.013508721522086077
pythia-1.4b,control,draw_1,14,10,0.04907358224725177
pythia-1.4b,control,draw_1,14,11,0.06839421950971913
pythia-1.4b,control,draw_1,14,12,0.019947273412202624
pythia-1.4b,control,draw_1,14,13,0.04066434935249636
pythia-1.4b,control,draw_1,14,14,0.06583774771532411
pythia-1.4b,control,draw_1,14,15,0.014987753315637172
pythia-1.4b,control,draw_1,15,0,0.05633992914012052
pythia-1.4b,control,draw_1,15,1,0.05028444051192432
pythia-1.4b,control,draw_1,15,2,0.055128765329826725
pythia-1.4b,control,draw_1,15,3,0.06269230538283863
pythia-1.4b,control,draw_1,15,4,0.06158522122460299
pythia-1.4b,control,draw_1,15,5,0.021857228681255753
pythia-1.4b,control,draw_1,15,6,0.051928943549219425
pythia-1.4b,control,draw_1,15,7,0.03099497656680783
pythia-1.4b,control,draw_1,15,8,0.027589042605764346
pythia-1.4b,control,draw_1,15,9,0.03706331280424954
pythia-1.4b,control,draw_1,15,10,0.10144852698884421
pythia-1.4b,control,draw_1,15,11,0.030385254084084077
pythia-1.4b,control,draw_1,15,12,0.14850148904781157
pythia-1.4b,control,draw_1,15,13,0.03501619482129985
pythia-1.4b,control,draw_1,15,14,0.0580711022693719
pythia-1.4b,control,draw_1,15,15,0.026478854347029904
pythia-1.4b,control,draw_1,16,0,0.036352874480186634
pythia-1.4b,control,draw_1,16,1,0.059458905934006163
pythia-1.4b,control,draw_1,16,2,0.053110345403992336
pythia-1.4b,control,draw_1,16,3,0.024041189442420813
pythia-1.4b,control,draw_1,16,4,0.038762768040207445
pythia-1.4b,control,draw_1,16,5,0.034840781032975186
pythia-1.4b,control,draw_1,16,6,0.03325730699410846
pythia-1.4b,control,draw_1,16,7,0.03940240230283663
pythia-1.4b,control,draw_1,16,8,0.007628702609157682
pythia-1.4b,control,draw_1,16,9,0.052207888244034176
pythia-1.4b,control,draw_1,16,10,0.041755438590841354
pythia-1.4b,control,draw_1,16,11,0.04328678166117778
pythia-1.4b,control,draw_1,16,12,0.04642842074647493
pythia-1.4b,control,draw_1,16,13,0.027683913806740783
pythia-1.4b,control,draw_1,16,14,0.034761621346483515
pythia-1.4b,control,draw_1,16,15,0.061292969747495554
pythia-1.4b,control,draw_1,17,0,0.06468490986429895
pythia-1.4b,control,draw_1,17,1,0.0515444446690657
pythia-1.4b,control,draw_1,17,2,1.246539359067413e-05
pythia-1.4b,control,draw_1,17,3,0.04816289990438162
pythia-1.4b,control,draw_1,17,4,0.017843217814028492
pythia-1.4b,control,draw_1,17,5,0.06242858822868826
pythia-1.4b,control,draw_1,17,6,0.018829579096851578
pythia-1.4b,control,draw_1,17,7,0.013492308665862447
pythia-1.4b,control,draw_1,17,8,0.030802363081124957
pythia-1.4b,control,draw_1,17,9,0.0582140261087064
pythia-1.4b,control,draw_1,17,10,0.01572664362831528
pythia-1.4b,control,draw_1,17,11,0.06877783352791277
pythia-1.4b,control,draw_1,17,12,0.11043331190219487
pythia-1.4b,control,draw_1,17,13,0.018753123147454573
pythia-1.4b,control,draw_1,17,14,0.04752348322492234
pythia-1.4b,control,draw_1,17,15,0.025873880978069905
pythia-1.4b,control,draw_1,18,0,0.06217878469901438
pythia-1.4b,control,draw_1,18,1,0.017137664917493887
pythia-1.4b,control,draw_1,18,2,0.1069871559296981
pythia-1.4b,control,draw_1,18,3,0.00964111134202348
pythia-1.4b,control,draw_1,18,4,0.10221518274273561
pythia-1.4b,control,draw_1,18,5,0.04176010827622031
pythia-1.4b,control,draw_1,18,6,0.03656383806922422
pythia-1.4b,control,draw_1,18,7,0.04551530784472864
pythia-1.4b,control,draw_1,18,8,0.06817295677722185
pythia-1.4b,control,draw_1,18,9,0.04337078547907148
pythia-1.4b,control,draw_1,18,10,0.049233177507656364
pythia-1.4b,control,draw_1,18,11,0.06681380308377478
pythia-1.4b,control,draw_1,18,12,0.13872677428224062
pythia-1.4b,control,draw_1,18,13,0.06364568042788787
pythia-1.4b,control,draw_1,18,14,0.03729557392881843
pythia-1.4b,control,draw_1,18,15,0.05716312638820052
pythia-1.4b,control,draw_1,19,0,0.006808186298102024
pythia-1.4b,control,draw_1,19,1,0.024646326547479044
pythia-1.4b,control,draw_1,19,2,0.07803466461747817
pythia-1.4b,control,draw_1,19,3,0.07401633580848775
pythia-1.4b,control,draw_1,19,4,0.04358977633186539
pythia-1.4b,control,draw_1,19,5,0.04641818434971696
pythia-1.4b,control,draw_1,19,6,0.11258227829747065
pythia-1.4b,control,draw_1,19,7,0.053308946320279174
pythia-1.4b,control,draw_1,19,8,0.04426203609928811
pythia-1.4b,control,draw_1,19,9,0.05609868014673385
pythia-1.4b,control,draw_1,19,10,0.09932409367399876
pythia-1.4b,control,draw_1,19,11,0.057695513358828665
pythia-1.4b,control,draw_1,19,12,0.04695578408923437
pythia-1.4b,control,draw_1,19,13,0.04775090237396467
pythia-1.4b,control,draw_1,19,14,0.020424459148058568
pythia-1.4b,control,draw_1,19,15,0.02699677937730852
pythia-1.4b,control,draw_1,20,0,0.1127286785587273
pythia-1.4b,control,draw_1,20,1,0.13760363455483499
pythia-1.4b,control,draw_1,20,2,0.04104805980870321
pythia-1.4b,control,draw_1,20,3,0.12290539630915424
pythia-1.4b,control,draw_1,20,4,0.03888861578275892
pythia-1.4b,control,draw_1,20,5,0.06868104863654093
pythia-1.4b,control,draw_1,20,6,0.15498746773216193
pythia-1.4b,control,draw_1,20,7,0.057625386091219415
pythia-1.4b,control,draw_1,20,8,0.0816477313895842
pythia-1.4b,control,draw_1,20,9,0.04157006796480136
pythia-1.4b,control,draw_1,20,10,0.19775513071693637
pythia-1.4b,control,draw_1,20,11,0.07868273255735239
pythia-1.4b,control,draw_1,20,12,0.136264195249563
pythia-1.4b,control,draw_1,20,13,0.16188111378380604
pythia-1.4b,control,draw_1,20,14,0.1544983188651881
pythia-1.4b,control,draw_1,20,15,0.13751968383780597
pythia-1.4b,control,draw_1,21,0,0.07381351795713942
pythia-1.4b,control,draw_1,21,1,0.14053217155217154
pythia-1.4b,control,draw_1,21,2,0.09523981207143839
pythia-1.4b,control,draw_1,21,3,0.06059943501971179
pythia-1.4b,control,draw_1,21,4,0.033698689323167476
pythia-1.4b,control,draw_1,21,5,0.06354126200521054
pythia-1.4b,control,draw_1,21,6,0.07523216855348078
pythia-1.4b,control,draw_1,21,7,0.19301794714570325
pythia-1.4b,control,draw_1,21,8,0.018070427505056694
pythia-1.4b,control,draw_1,21,9,0.07627461302919165
pythia-1.4b,control,draw_1,21,10,0.06862790295340154
pythia-1.4b,control,draw_1,21,11,0.037249873244106724
pythia-1.4b,control,draw_1,21,12,0.04027856742310467
pythia-1.4b,control,draw_1,21,13,0.10451206125236427
pythia-1.4b,control,draw_1,21,14,0.05368467035430502
pythia-1.4b,control,draw_1,21,15,0.059849024532729556
pythia-1.4b,control,draw_1,22,0,0.22871209526257621
pythia-1.4b,control,draw_1,22,1,0.04422483029196854
pythia-1.4b,control,draw_1,22,2,0.06644932668043757
pythia-1.4b,control,draw_1,22,3,0.1282239833975194
pythia-1.4b,control,draw_1,22,4,0.130353319192263
pythia-1.4b,control,draw_1,22,5,0.06807552054967411
pythia-1.4b,control,draw_1,22,6,0.12721993213273944
pythia-1.4b,control,draw_1,22,7,0.02181625199455499
pythia-1.4b,control,draw_1,22,8,0.026752034315236844
pythia-1.4b,control,draw_1,22,9,0.05747380033588572
pythia-1.4b,control,draw_1,22,10,0.04491989763717764
pythia-1.4b,control,draw_1,22,11,0.044016875173102446
pythia-1.4b,control,draw_1,22,12,0.02308575111320374
pythia-1.4b,control,draw_1,22,13,0.08337810612480259
pythia-1.4b,control,draw_1,22,14,0.04558101933972909
pythia-1.4b,control,draw_1,22,15,0.14800428870066948
pythia-1.4b,control,draw_1,23,0,0.048220028402016245
pythia-1.4b,control,draw_1,23,1,0.1210991642879816
pythia-1.4b,control,draw_1,23,2,0.03375902680760209
pythia-1.4b,control,draw_1,23,3,0.07266990881888549
pythia-1.4b,control,draw_1,23,4,0.14333490817758263
pythia-1.4b,control,draw_1,23,5,0.1164037883421454
pythia-1.4b,control,draw_1,23,6,0.02446544961241555
pythia-1.4b,control,draw_1,23,7,0.017810922435704264
pythia-1.4b,control,draw_1,23,8,0.08424566619523294
pythia-1.4b,control,draw_1,23,9,0.035896825837245856
pythia-1.4b,control,draw_1,23,10,0.06452543364075769
pythia-1.4b,control,draw_1,23,11,0.04392750167191409
pythia-1.4b,control,draw_1,23,12,0.08673410322696176
pythia-1.4b,control,draw_1,23,13,0.07077727749815792
pythia-1.4b,control,draw_1,23,14,0.02649538347286836
pythia-1.4b,control,draw_1,23,15,0.1035447799363603
pythia-1.4b,control,draw_2,0,0,0.0
pythia-1.4b,control,draw_2,0,1,0.0
pythia-1.4b,control,draw_2,0,2,0.0
pythia-1.4b,control,draw_2,0,3,0.0
pythia-1.4b,control,draw_2,0,4,0.0
pythia-1.4b,control,draw_2,0,5,0.0
pythia-1.4b,control,draw_2,0,6,0.0
pythia-1.4b,control,draw_2,0,7,0.0
pythia-1.4b,control,draw_2,0,8,0.0
pythia-1.4b,control,draw_2,0,9,0.0
pythia-1.4b,control,draw_2,0,10,0.0
pythia-1.4b,control,draw_2,0,11,0.0
pythia-1.4b,control,draw_2,0,12,0.0
pythia-1.4b,control,draw_2,0,13,0.0
pythia-1.4b,control,draw_2,0,14,0.0
pythia-1.4b,control,draw_2,0,15,0.0
pythia-1.4b,control,draw_2,1,0,0.010629482634112352
pythia-1.4b,control,draw_2,1,1,0.008344582039690376
pythia-1.4b,control,draw_2,1,2,0.009630459936736273
pythia-1.4b,control,draw_2,1,3,0.00463332319580857
pythia-1.4b,control,draw_2,1,4,0.0038384835612380722
pythia-1.4b,control,draw_2,1,5,0.004594305208650976
pythia-1.4b,control,draw_2,1,6,0.003355537471023118
pythia-1.4b,control,draw_2,1,7,0.0072135794168935105
pythia-1.4b,control,draw_2,1,8,0.005791476856120597
pythia-1.4b,control,draw_2,1,9,0.010810640719332942
pythia-1.4b,control,draw_2,1,10,0.007289937376985439
pythia-1.4b,control,draw_2,1,11,0.00311205658897818
pythia-1.4b,control,draw_2,1,12,0.00849443832663226
pythia-1.4b,control,draw_2,1,13,0.007288382198845198
pythia-1.4b,control,draw_2,1,14,0.003908655796687021
pythia-1.4b,control,draw_2,1,15,0.003867015648163825
pythia-1.4b,control,draw_2,2,0,0.011712715959765318
pythia-1.4b,control,draw_2,2,1,0.0076415956210762305
pythia-1.4b,control,draw_2,2,2,0.009722995099063204
pythia-1.4b,control,draw_2,2,3,0.0109289525472075
pythia-1.4b,control,draw_2,2,4,0.00863765735413021
pythia-1.4b,control,draw_2,2,5,0.011876768179355133
pythia-1.4b,control,draw_2,2,6,0.014105735399810032
pythia-1.4b,control,draw_2,2,7,0.009642201793511622
pythia-1.4b,control,draw_2,2,8,0.006775712059365527
pythia-1.4b,control,draw_2,2,9,0.004973153979030768
pythia-1.4b,control,draw_2,2,10,0.008341222658559327
pythia-1.4b,control,draw_2,2,11,0.01092826014456445
pythia-1.4b,control,draw_2,2,12,0.009125178464461363
pythia-1.4b,control,draw_2,2,13,0.012114282159807739
pythia-1.4b,control,draw_2,2,14,0.007974819654494727
pythia-1.4b,control,draw_2,2,15,0.0013165127660887432
pythia-1.4b,control,draw_2,3,0,0.015088926900071855
pythia-1.4b,control,draw_2,3,1,0.014022285442660813
pythia-1.4b,control,draw_2,3,2,0.016135684247309115
pythia-1.4b,control,draw_2,3,3,0.008102817040605259
pythia-1.4b,control,draw_2,3,4,0.010997980613996653
pythia-1.4b,control,draw_2,3,5,0.014532624828253508
pythia-1.4b,control,draw_2,3,6,0.012416449920118094
pythia-1.4b,control,draw_2,3,7,0.02760815930806905
pythia-1.4b,control,draw_2,3,8,0.00713872665887834
pythia-1.4b,control,draw_2,3,9,0.012453504418692059
pythia-1.4b,control,draw_2,3,10,0.014976773524327424
pythia-1.4b,control,draw_2,3,11,0.029406315320283944
pythia-1.4b,control,draw_2,3,12,0.015561967609387651
pythia-1.4b,control,draw_2,3,13,0.01950145997673667
pythia-1.4b,control,draw_2,3,14,0.013899802081989751
pythia-1.4b,control,draw_2,3,15,0.009981302464016009
pythia-1.4b,control,draw_2,4,0,0.010879538002367626
pythia-1.4b,control,draw_2,4,1,0.03822274274333822
pythia-1.4b,control,draw_2,4,2,0.020771313499802393
pythia-1.4b,control,draw_2,4,3,0.027024175930700577
pythia-1.4b,control,draw_2,4,4,0.01587500188863407
pythia-1.4b,control,draw_2,4,5,0.01422816932148139
pythia-1.4b,control,draw_2,4,6,0.013431125992815577
pythia-1.4b,control,draw_2,4,7,0.01583982657856134
pythia-1.4b,control,draw_2,4,8,0.018331763373465537
pythia-1.4b,control,draw_2,4,9,0.010886880006595061
pythia-1.4b,control,draw_2,4,10,0.0071122224936030235
pythia-1.4b,control,draw_2,4,11,0.01576874870897468
pythia-1.4b,control,draw_2,4,12,0.009911860852813823
pythia-1.4b,control,draw_2,4,13,0.03769551429052152
pythia-1.4b,control,draw_2,4,14,0.01395130336745035
pythia-1.4b,control,draw_2,4,15,0.0038388934475396745
pythia-1.4b,control,draw_2,5,0,0.04235377547571617
pythia-1.4b,control,draw_2,5,1,0.03731745025999628
pythia-1.4b,control,draw_2,5,2,0.03929075666504309
pythia-1.4b,control,draw_2,5,3,0.01499418816550235
pythia-1.4b,control,draw_2,5,4,0.0639049161944367
pythia-1.4b,control,draw_2,5,5,0.026145490915863434
pythia-1.4b,control,draw_2,5,6,0.0172135541689092
pythia-1.4b,control,draw_2,5,7,0.01699443307650595
pythia-1.4b,control,draw_2,5,8,0.01300446970959479
pythia-1.4b,control,draw_2,5,9,0.02595631811749657
pythia-1.4b,control,draw_2,5,10,0.027330708373847722
pythia-1.4b,control,draw_2,5,11,0.008408391502642717
pythia-1.4b,control,draw_2,5,12,0.022179430674590724
pythia-1.4b,control,draw_2,5,13,0.03178706088553157
pythia-1.4b,control,draw_2,5,14,0.017862952832661295
pythia-1.4b,control,draw_2,5,15,0.005338213943122798
pythia-1.4b,control,draw_2,6,0,0.009039370100634436
pythia-1.4b,control,draw_2,6,1,0.059869954575782564
pythia-1.4b,control,draw_2,6,2,0.01607557965111108
pythia-1.4b,control,draw_2,6,3,0.021133674179400534
pythia-1.4b,control,draw_2,6,4,0.046811333772611895
pythia-1.4b,control,draw_2,6,5,0.03234321260927258
pythia-1.4b,control,draw_2,6,6,0.05789867837387628
pythia-1.4b,control,draw_2,6,7,0.0123772671764875
pythia-1.4b,control,draw_2,6,8,0.027648289991062364
pythia-1.4b,control,draw_2,6,9,0.0158352949434826
pythia-1.4b,control,draw_2,6,10,0.023683420094755173
pythia-1.4b,control,draw_2,6,11,0.0195445551852627
pythia-1.4b,control,draw_2,6,12,0.03461390968262846
pythia-1.4b,control,draw_2,6,13,0.01785000999625962
pythia-1.4b,control,draw_2,6,14,0.02912481766127435
pythia-1.4b,control,draw_2,6,15,0.02165039355872052
pythia-1.4b,control,draw_2,7,0,0.02708732051415824
pythia-1.4b,control,draw_2,7,1,0.03528005602305518
pythia-1.4b,control,draw_2,7,2,0.05494757103396965
pythia-1.4b,control,draw_2,7,3,0.05099042123097017
pythia-1.4b,control,draw_2,7,4,0.026209756406020628
pythia-1.4b,control,draw_2,7,5,0.025659436887909316
pythia-1.4b,control,draw_2,7,6,0.04296002109687528
pythia-1.4b,control,draw_2,7,7,0.02792266364743624
pythia-1.4b,control,draw_2,7,8,0.028845633924671033
pythia-1.4b,control,draw_2,7,9,0.028702937158186434
pythia-1.4b,control,draw_2,7,10,0.050952640489031094
pythia-1.4b,control,draw_2,7,11,0.02982141874755919
pythia-1.4b,control,draw_2,7,12,0.023971092612978872
pythia-1.4b,control,draw_2,7,13,0.01293912810691162
pythia-1.4b,control,draw_2,7,14,0.057303349792011266
pythia-1.4b,control,draw_2,7,15,0.01536014842761794
pythia-1.4b,control,draw_2,8,0,0.02203826513398
pythia-1.4b,control,draw_2,8,1,0.04933604000666851
pythia-1.4b,control,draw_2,8,2,0.02800403740778063
pythia-1.4b,control,draw_2,8,3,0.04988835823729019
pythia-1.4b,control,draw_2,8,4,0.017460759069183922
pythia-1.4b,control,draw_2,8,5,0.02919186209178914
pythia-1.4b,control,draw_2,8,6,0.019897456549427508
pythia-1.4b,control,draw_2,8,7,0.030556482312824658
pythia-1.4b,control,draw_2,8,8,0.028859582326347756
pythia-1.4b,control,draw_2,8,9,0.05575269201807707
pythia-1.4b,control,draw_2,8,10,0.027251071629019213
pythia-1.4b,control,draw_2,8,11,0.02578325859828472
pythia-1.4b,control,draw_2,8,12,0.06251445990422799
pythia-1.4b,control,draw_2,8,13,0.044864003076421986
pythia-1.4b,control,draw_2,8,14,0.018886994164597857
pythia-1.4b,control,draw_2,8,15,0.03631504602747882
pythia-1.4b,control,draw_2,9,0,0.01179686479220675
pythia-1.4b,control,draw_2,9,1,0.024071812190182267
pythia-1.4b,control,draw_2,9,2,0.029926033334898974
pythia-1.4b,control,draw_2,9,3,0.016411724092693116
pythia-1.4b,control,draw_2,9,4,0.05668111702071295
pythia-1.4b,control,draw_2,9,5,0.042826123210659955
pythia-1.4b,control,draw_2,9,6,0.051490059634278516
pythia-1.4b,control,draw_2,9,7,0.028872929277550214
pythia-1.4b,control,draw_2,9,8,0.03303512678926527
pythia-1.4b,control,draw_2,9,9,0.03329919142857441
pythia-1.4b,control,draw_2,9,10,0.06755783322146908
pythia-1.4b,control,draw_2,9,11,0.035623073651282644
pythia-1.4b,control,draw_2,9,12,0.06524329895381067
pythia-1.4b,control,draw_2,9,13,0.037214071879225756
pythia-1.4b,control,draw_2,9,14,0.02406986313567269
pythia-1.4b,control,draw_2,9,15,0.03302877595617142
pythia-1.4b,control,draw_2,10,0,0.015032679887814539
pythia-1.4b,control,draw_2,10,1,0.025112651314105686
pythia-1.4b,control,draw_2,10,2,0.027561918202788502
pythia-1.4b,control,draw_2,10,3,0.06272585116158985
pythia-1.4b,control,draw_2,10,4,0.05594120967008164
pythia-1.4b,control,draw_2,10,5,0.02177725372809035
pythia-1.4b,control,draw_2,10,6,0.027724468113941452
pythia-1.4b,control,draw_2,10,7,0.023305006843153914
pythia-1.4b,control,draw_2,10,8,0.04936903326734667
pythia-1.4b,control,draw_2,10,9,0.019341102004317212
pythia-1.4b,control,draw_2,10,10,0.03731698543748399
pythia-1.4b,control,draw_2,10,11,0.017745735514570798
pythia-1.4b,control,draw_2,10,12,0.021079457234511618
pythia-1.4b,control,draw_2,10,13,0.04184905320314844
pythia-1.4b,control,draw_2,10,14,0.024107433226989976
pythia-1.4b,control,draw_2,10,15,0.02464239869827554
pythia-1.4b,control,draw_2,11,0,0.016080008276168314
pythia-1.4b,control,draw_2,11,1,0.017265068655846257
pythia-1.4b,control,draw_2,11,2,0.08477539871931175
pythia-1.4b,control,draw_2,11,3,0.015234151977655007
pythia-1.4b,control,draw_2,11,4,0.010782215334989473
pythia-1.4b,control,draw_2,11,5,0.04028477810179425
pythia-1.4b,control,draw_2,11,6,0.03275094602375089
pythia-1.4b,control,draw_2,11,7,0.01327980387314285
pythia-1.4b,control,draw_2,11,8,0.03448711151626326
pythia-1.4b,control,draw_2,11,9,0.027433418659019188
pythia-1.4b,control,draw_2,11,10,0.030433663391892407
pythia-1.4b,control,draw_2,11,11,0.03627135002360307
pythia-1.4b,control,draw_2,11,12,0.01947731901925763
pythia-1.4b,control,draw_2,11,13,0.05726495259060642
pythia-1.4b,control,draw_2,11,14,0.025556058627415775
pythia-1.4b,control,draw_2,11,15,0.014449605964428623
pythia-1.4b,control,draw_2,12,0,0.034489450740352916
pythia-1.4b,control,draw_2,12,1,0.023749486588666532
pythia-1.4b,control,draw_2,12,2,0.02601261505264656
pythia-1.4b,control,draw_2,12,3,0.020209008908941253
pythia-1.4b,control,draw_2,12,4,0.030882682705087042
pythia-1.4b,control,draw_2,12,5,0.02104573978418968
pythia-1.4b,control,draw_2,12,6,0.023536208532876423
pythia-1.4b,control,draw_2,12,7,0.029489020231206853
pythia-1.4b,control,draw_2,12,8,0.03329680005100467
pythia-1.4b,control,draw_2,12,9,0.0342647243973699
pythia-1.4b,control,draw_2,12,10,0.036421473353203455
pythia-1.4b,control,draw_2,12,11,0.03469063125580571
pythia-1.4b,control,draw_2,12,12,0.04461531891364124
pythia-1.4b,control,draw_2,12,13,0.06063691681129956
pythia-1.4b,control,draw_2,12,14,0.03800871705128564
pythia-1.4b,control,draw_2,12,15,0.0594250772920083
pythia-1.4b,control,draw_2,13,0,0.0528308330618606
pythia-1.4b,control,draw_2,13,1,0.04093468149507122
pythia-1.4b,control,draw_2,13,2,0.03477476353496368
pythia-1.4b,control,draw_2,13,3,0.0416943374720456
pythia-1.4b,control,draw_2,13,4,0.015169015488382124
pythia-1.4b,control,draw_2,13,5,0.011617206927249905
pythia-1.4b,control,draw_2,13,6,0.06995989216183823
pythia-1.4b,control,draw_2,13,7,0.03437545265365724
pythia-1.4b,control,draw_2,13,8,0.024282852686778256
pythia-1.4b,control,draw_2,13,9,0.009398088733325078
pythia-1.4b,control,draw_2,13,10,0.018269484890705054
pythia-1.4b,control,draw_2,13,11,0.019466913326016928
pythia-1.4b,control,draw_2,13,12,0.013771213520039084
pythia-1.4b,control,draw_2,13,13,0.04473992485438577
pythia-1.4b,control,draw_2,13,14,0.03429535470028196
pythia-1.4b,control,draw_2,13,15,0.05521305901092413
pythia-1.4b,control,draw_2,14,0,0.03405812307549487
pythia-1.4b,control,draw_2,14,1,0.02983643854164529
pythia-1.4b,control,draw_2,14,2,0.02193695850795924
pythia-1.4b,control,draw_2,14,3,0.03910523401661857
pythia-1.4b,control,draw_2,14,4,0.02740238068701171
pythia-1.4b,control,draw_2,14,5,0.02396707717527044
pythia-1.4b,control,draw_2,14,6,0.020096682542544615
pythia-1.4b,control,draw_2,14,7,0.029755435835112275
pythia-1.4b,control,draw_2,14,8,0.032988295061053226
pythia-1.4b,control,draw_2,14,9,0.013734711422938993
pythia-1.4b,control,draw_2,14,10,0.04415735638687524
pythia-1.4b,control,draw_2,14,11,0.04125267170974246
pythia-1.4b,control,draw_2,14,12,0.032400399299761615
pythia-1.4b,control,draw_2,14,13,0.024625983764390822
pythia-1.4b,control,draw_2,14,14,0.034714546613558016
pythia-1.4b,control,draw_2,14,15,0.011975667781459953
pythia-1.4b,control,draw_2,15,0,0.016322820812347143
pythia-1.4b,control,draw_2,15,1,0.02813060294078591
pythia-1.4b,control,draw_2,15,2,0.02050425223259202
pythia-1.4b,control,draw_2,15,3,0.03899622301387676
pythia-1.4b,control,draw_2,15,4,0.05062798148370862
pythia-1.4b,control,draw_2,15,5,0.032767847167488165
pythia-1.4b,control,draw_2,15,6,0.03758206601602698
pythia-1.4b,control,draw_2,15,7,0.017292567593135442
pythia-1.4b,control,draw_2,15,8,0.0159542278520165
pythia-1.4b,control,draw_2,15,9,0.02866487193238389
pythia-1.4b,control,draw_2,15,10,0.026288710474205224
pythia-1.4b,control,draw_2,15,11,0.031036024363567657
pythia-1.4b,control,draw_2,15,12,0.06709959106489478
pythia-1.4b,control,draw_2,15,13,0.03282693441827071
pythia-1.4b,control,draw_2,15,14,0.03286145757221726
pythia-1.4b,control,draw_2,15,15,0.027667705524336374
pythia-1.4b,control,draw_2,16,0,0.04549197035817427
pythia-1.4b,control,draw_2,16,1,0.04244248840858874
pythia-1.4b,control,draw_2,16,2,0.08564462661737854
pythia-1.4b,control,draw_2,16,3,0.027158788553325024
pythia-1.4b,control,draw_2,16,4,0.033931200174467935
pythia-1.4b,control,draw_2,16,5,0.03284192667427015
pythia-1.4b,control,draw_2,16,6,0.0409991552005827
pythia-1.4b,control,draw_2,16,7,0.027704113288634067
pythia-1.4b,control,draw_2,16,8,0.005065936819581497
pythia-1.4b,control,draw_2,16,9,0.010165385919356095
pythia-1.4b,control,draw_2,16,10,0.015617475895976307
pythia-1.4b,control,draw_2,16,11,0.023927873403201187
pythia-1.4b,control,draw_2,16,12,0.03235356994955958
pythia-1.4b,control,draw_2,16,13,0.042293344722382754
pythia-1.4b,control,draw_2,16,14,0.016406819143527714
pythia-1.4b,control,draw_2,16,15,0.032540601056281634
pythia-1.4b,control,draw_2,17,0,0.06817401892516907
pythia-1.4b,control,draw_2,17,1,0.06310808262537099
pythia-1.4b,control,draw_2,17,2,0.0
pythia-1.4b,control,draw_2,17,3,0.02430803880773765
pythia-1.4b,control,draw_2,17,4,0.019664570153476696
pythia-1.4b,control,draw_2,17,5,0.042405937298210024
pythia-1.4b,control,draw_2,17,6,0.011349602673306551
pythia-1.4b,control,draw_2,17,7,0.02014535811101102
pythia-1.4b,control,draw_2,17,8,0.0407418525970973
pythia-1.4b,control,draw_2,17,9,0.02696132388358976
pythia-1.4b,control,draw_2,17,10,0.012488250360474554
pythia-1.4b,control,draw_2,17,11,0.04039866920733762
pythia-1.4b,control,draw_2,17,12,0.08541835227423498
pythia-1.4b,control,draw_2,17,13,0.019842461621378232
pythia-1.4b,control,draw_2,17,14,0.045614117776331994
pythia-1.4b,control,draw_2,17,15,0.03819526667113275
pythia-1.4b,control,draw_2,18,0,0.17671591436031905
pythia-1.4b,control,draw_2,18,1,0.03272213071829396
pythia-1.4b,control,draw_2,18,2,0.09709293497152957
pythia-1.4b,control,draw_2,18,3,0.027593424334904772
pythia-1.4b,control,draw_2,18,4,0.0652490727776202
pythia-1.4b,control,draw_2,18,5,0.23761256775197578
pythia-1.4b,control,draw_2,18,6,0.024762729955408957
pythia-1.4b,control,draw_2,18,7,0.050889774962808165
pythia-1.4b,control,draw_2,18,8,0.07370247214608226
pythia-1.4b,control,draw_2,18,9,0.24608954168687575
pythia-1.4b,control,draw_2,18,10,0.2473405408138983
pythia-1.4b,control,draw_2,18,11,0.07082068064994249
pythia-1.4b,control,draw_2,18,12,0.26740477856954187
pythia-1.4b,control,draw_2,18,13,0.12981369215767272
pythia-1.4b,control,draw_2,18,14,0.22627949303770836
pythia-1.4b,control,draw_2,18,15,0.06817696621367261
pythia-1.4b,control,draw_2,19,0,0.011703284185933463
pythia-1.4b,control,draw_2,19,1,0.014089702994555984
pythia-1.4b,control,draw_2,19,2,0.05051684318758579
pythia-1.4b,control,draw_2,19,3,0.03957603966708236
pythia-1.4b,control,draw_2,19,4,0.15235636732230956
pythia-1.4b,control,draw_2,19,5,0.02725573833907509
pythia-1.4b,control,draw_2,19,6,0.06745511819560113
pythia-1.4b,control,draw_2,19,7,0.17529247995802544
pythia-1.4b,control,draw_2,19,8,0.18628736605984647
pythia-1.4b,control,draw_2,19,9,0.1384751509472096
pythia-1.4b,control,draw_2,19,10,0.12481479036754059
pythia-1.4b,control,draw_2,19,11,0.02167510046416592
pythia-1.4b,control,draw_2,19,12,0.21989740299915708
pythia-1.4b,control,draw_2,19,13,0.03432180287324825
pythia-1.4b,control,draw_2,19,14,0.015035966919946811
pythia-1.4b,control,draw_2,19,15,0.08780836388326095
pythia-1.4b,control,draw_2,20,0,0.46481650136374564
pythia-1.4b,control,draw_2,20,1,0.34545515617702766
pythia-1.4b,control,draw_2,20,2,0.03892210825345236
pythia-1.4b,control,draw_2,20,3,0.1764152009482199
pythia-1.4b,control,draw_2,20,4,0.41058282014267466
pythia-1.4b,control,draw_2,20,5,0.447043784484815
pythia-1.4b,control,draw_2,20,6,0.23397392287814972
pythia-1.4b,control,draw_2,20,7,0.5471538377796142
pythia-1.4b,control,draw_2,20,8,0.255720362864581
pythia-1.4b,control,draw_2,20,9,0.3594983345359244
pythia-1.4b,control,draw_2,20,10,0.23776479941956338
pythia-1.4b,control,draw_2,20,11,0.45631273961789126
pythia-1.4b,control,draw_2,20,12,0.4504216549879729
pythia-1.4b,control,draw_2,20,13,0.1965854835870368
pythia-1.4b,control,draw_2,20,14,0.2359467574065505
pythia-1.4b,control,draw_2,20,15,0.1932353382890118
pythia-1.4b,control,draw_2,21,0,0.15412501530171524
pythia-1.4b,control,draw_2,21,1,0.2583409730617348
pythia-1.4b,control,draw_2,21,2,0.22332155647351734
pythia-1.4b,control,draw_2,21,3,0.39809464681787715
pythia-1.4b,control,draw_2,21,4,0.19513107456585368
pythia-1.4b,control,draw_2,21,5,0.31826172249563706
pythia-1.4b,control,draw_2,21,6,0.16071908026877715
pythia-1.4b,control,draw_2,21,7,0.3584789632613138
pythia-1.4b,control,draw_2,21,8,0.03456427284327783
pythia-1.4b,control,draw_2,21,9,0.5503222128570381
pythia-1.4b,control,draw_2,21,10,0.10551521372760851
pythia-1.4b,control,draw_2,21,11,0.34605510487301455
pythia-1.4b,control,draw_2,21,12,0.4039176230978393
pythia-1.4b,control,draw_2,21,13,0.20073506235934546
pythia-1.4b,control,draw_2,21,14,0.05141204146615585
pythia-1.4b,control,draw_2,21,15,0.08223571443255141
pythia-1.4b,control,draw_2,22,0,0.4404262703299912
pythia-1.4b,control,draw_2,22,1,0.48320726409841613
pythia-1.4b,control,draw_2,22,2,0.10982695084792324
pythia-1.4b,control,draw_2,22,3,0.3212161575667016
pythia-1.4b,control,draw_2,22,4,0.1629622441471728
pythia-1.4b,control,draw_2,22,5,0.4572116137264381
pythia-1.4b,control,draw_2,22,6,0.16823474758642276
pythia-1.4b,control,draw_2,22,7,0.41158809506968236
pythia-1.4b,control,draw_2,22,8,0.46863789807404715
pythia-1.4b,control,draw_2,22,9,0.10061525176939601
pythia-1.4b,control,draw_2,22,10,0.2945480377310302
pythia-1.4b,control,draw_2,22,11,0.4557881035614767
pythia-1.4b,control,draw_2,22,12,0.03808532005200807
pythia-1.4b,control,draw_2,22,13,0.4954341648750374
pythia-1.4b,control,draw_2,22,14,0.43042694968870826
pythia-1.4b,control,draw_2,22,15,0.40139187553567646
pythia-1.4b,control,draw_2,23,0,0.08661180616301271
pythia-1.4b,control,draw_2,23,1,0.39347747726887006
pythia-1.4b,control,draw_2,23,2,0.10234728544986368
pythia-1.4b,control,draw_2,23,3,0.0708149040869176
pythia-1.4b,control,draw_2,23,4,0.16132366552955194
pythia-1.4b,control,draw_2,23,5,0.16972612747470253
pythia-1.4b,control,draw_2,23,6,0.08174624204893319
pythia-1.4b,control,draw_2,23,7,0.24009320523002733
pythia-1.4b,control,draw_2,23,8,0.305109978257235
pythia-1.4b,control,draw_2,23,9,0.03874995844977212
pythia-1.4b,control,draw_2,23,10,0.0581718314293886
pythia-1.4b,control,draw_2,23,11,0.07920883698861839
pythia-1.4b,control,draw_2,23,12,0.341993754768375
pythia-1.4b,control,draw_2,23,13,0.07441968133193366
pythia-1.4b,control,draw_2,23,14,0.041449331417690964
pythia-1.4b,control,draw_2,23,15,0.1297419939106882
pythia-1.4b,control,draw_3,0,0,0.0
pythia-1.4b,control,draw_3,0,1,0.0
pythia-1.4b,control,draw_3,0,2,0.0
pythia-1.4b,control,draw_3,0,3,0.0
pythia-1.4b,control,draw_3,0,4,0.0
pythia-1.4b,control,draw_3,0,5,0.0
pythia-1.4b,control,draw_3,0,6,0.0
pythia-1.4b,control,draw_3,0,7,0.0
pythia-1.4b,control,draw_3,0,8,0.0
pythia-1.4b,control,draw_3,0,9,0.0
pythia-1.4b,control,draw_3,0,10,0.0
pythia-1.4b,control,draw_3,0,11,0.0
pythia-1.4b,control,draw_3,0,12,0.0
pythia-1.4b,control,draw_3,0,13,0.0
pythia-1.4b,control,draw_3,0,14,0.0
pythia-1.4b,control,draw_3,0,15,0.0
pythia-1.4b,control,draw_3,1,0,0.018149478117896738
pythia-1.4b,control,draw_3,1,1,0.01097683065558201
pythia-1.4b,control,draw_3,1,2,0.022271458484855736
pythia-1.4b,control,draw_3,1,3,0.010937651777917346
pythia-1.4b,control,draw_3,1,4,0.009060024059931924
pythia-1.4b,control,draw_3,1,5,0.01120186615249787
pythia-1.4b,control,draw_3,1,6,0.012131289103691621
pythia-1.4b,control,draw_3,1,7,0.008029447980066457
pythia-1.4b,control,draw_3,1,8,0.016000038178533866
pythia-1.4b,control,draw_3,1,9,0.014898370374641869
pythia-1.4b,control,draw_3,1,10,0.014433205416079183
pythia-1.4b,control,draw_3,1,11,0.0051495431884377284
pythia-1.4b,control,draw_3,1,12,0.01627558369786957
pythia-1.4b,control,draw_3,1,13,0.00809946563187031
pythia-1.4b,control,draw_3,1,14,0.02292536703360494
pythia-1.4b,control,draw_3,1,15,0.008609490311823105
pythia-1.4b,control,draw_3,2,0,0.02772397577563485
pythia-1.4b,control,draw_3,2,1,0.0069750151330581186
pythia-1.4b,control,draw_3,2,2,0.01464754141609896
pythia-1.4b,control,draw_3,2,3,0.009499598071103642
pythia-1.4b,control,draw_3,2,4,0.006791447935436655
pythia-1.4b,control,draw_3,2,5,0.014535644517923099
pythia-1.4b,control,draw_3,2,6,0.01869557872228774
pythia-1.4b,control,draw_3,2,7,0.017957609483384825
pythia-1.4b,control,draw_3,2,8,0.006975167430679575
pythia-1.4b,control,draw_3,2,9,0.006208246055785343
pythia-1.4b,control,draw_3,2,10,0.0053575762882224235
pythia-1.4b,control,draw_3,2,11,0.008151254721764062
pythia-1.4b,control,draw_3,2,12,0.010673679394287813
pythia-1.4b,control,draw_3,2,13,0.006646100409528966
pythia-1.4b,control,draw_3,2,14,0.004242221219410022
pythia-1.4b,control,draw_3,2,15,0.0037393257404432917
pythia-1.4b,control,draw_3,3,0,0.010073800073837767
pythia-1.4b,control,draw_3,3,1,0.018487803475360057
pythia-1.4b,control,draw_3,3,2,0.011952234894204251
pythia-1.4b,control,draw_3,3,3,0.01498357729073781
pythia-1.4b,control,draw_3,3,4,0.00821344451703469
pythia-1.4b,control,draw_3,3,5,0.023960258982677986
pythia-1.4b,control,draw_3,3,6,0.016653703055247427
pythia-1.4b,control,draw_3,3,7,0.012572428528837167
pythia-1.4b,control,draw_3,3,8,0.01081186153891751
pythia-1.4b,control,draw_3,3,9,0.011719696185537748
pythia-1.4b,control,draw_3,3,10,0.02188153313038124
pythia-1.4b,control,draw_3,3,11,0.012121953123007598
pythia-1.4b,control,draw_3,3,12,0.01642691738154799
pythia-1.4b,control,draw_3,3,13,0.020960737833397216
pythia-1.4b,control,draw_3,3,14,0.013991726121625329
pythia-1.4b,control,draw_3,3,15,0.01707296389332398
pythia-1.4b,control,draw_3,4,0,0.03212658770871318
pythia-1.4b,control,draw_3,4,1,0.04384008365566481
pythia-1.4b,control,draw_3,4,2,0.014406682883671506
pythia-1.4b,control,draw_3,4,3,0.02239711000879876
pythia-1.4b,control,draw_3,4,4,0.022000566611135825
pythia-1.4b,control,draw_3,4,5,0.020357482132982163
pythia-1.4b,control,draw_3,4,6,0.020020663706220583
pythia-1.4b,control,draw_3,4,7,0.032733468902970915
pythia-1.4b,control,draw_3,4,8,0.027003094923218757
pythia-1.4b,control,draw_3,4,9,0.008301175683130935
pythia-1.4b,control,draw_3,4,10,0.014641927226094717
pythia-1.4b,control,draw_3,4,11,0.009360490594198497
pythia-1.4b,control,draw_3,4,12,0.0166382454460265
pythia-1.4b,control,draw_3,4,13,0.015908560942038224
pythia-1.4b,control,draw_3,4,14,0.01514352560812363
pythia-1.4b,control,draw_3,4,15,0.013484686669430998
pythia-1.4b,control,draw_3,5,0,0.03124128533086457
pythia-1.4b,control,draw_3,5,1,0.04723074153839984
pythia-1.4b,control,draw_3,5,2,0.04879000129132466
pythia-1.4b,control,draw_3,5,3,0.010208323751983557
pythia-1.4b,control,draw_3,5,4,0.03819916930665041
pythia-1.4b,control,draw_3,5,5,0.038590868241910985
pythia-1.4b,control,draw_3,5,6,0.011751788971096666
pythia-1.4b,control,draw_3,5,7,0.01864148062037723
pythia-1.4b,control,draw_3,5,8,0.018212261265780225
pythia-1.4b,control,draw_3,5,9,0.011655679994515318
pythia-1.4b,control,draw_3,5,10,0.06341826622989812
pythia-1.4b,control,draw_3,5,11,0.018359168982364445
pythia-1.4b,control,draw_3,5,12,0.03642477661823509
pythia-1.4b,control,draw_3,5,13,0.04616103232176139
pythia-1.4b,control,draw_3,5,14,0.01896905462137859
pythia-1.4b,control,draw_3,5,15,0.005939350114422723
pythia-1.4b,control,draw_3,6,0,0.002830553889822715
pythia-1.4b,control,draw_3,6,1,0.047705188036570444
pythia-1.4b,control,draw_3,6,2,0.014681001072531615
pythia-1.4b,control,draw_3,6,3,0.02083531074775607
pythia-1.4b,control,draw_3,6,4,0.05317241370821918
pythia-1.4b,control,draw_3,6,5,0.04402850806018659
pythia-1.4b,control,draw_3,6,6,0.05767850118902861
pythia-1.4b,control,draw_3,6,7,0.012884581478526759
pythia-1.4b,control,draw_3,6,8,0.013162167233001572
pythia-1.4b,control,draw_3,6,9,0.026121337781239422
pythia-1.4b,control,draw_3,6,10,0.015210496298336977
pythia-1.4b,control,draw_3,6,11,0.025744224914159272
pythia-1.4b,control,draw_3,6,12,0.04254386681845315
pythia-1.4b,control,draw_3,6,13,0.02135646331486673
pythia-1.4b,control,draw_3,6,14,0.010122694349581575
pythia-1.4b,control,draw_3,6,15,0.01555656369328559
pythia-1.4b,control,draw_3,7,0,0.022577068475733222
pythia-1.4b,control,draw_3,7,1,0.009722953192788408
pythia-1.4b,control,draw_3,7,2,0.03252819893712489
pythia-1.4b,control,draw_3,7,3,0.0272301673486687
pythia-1.4b,control,draw_3,7,4,0.031813250543840856
pythia-1.4b,control,draw_3,7,5,0.020421046820539246
pythia-1.4b,control,draw_3,7,6,0.020081370781090194
pythia-1.4b,control,draw_3,7,7,0.01397195456603642
pythia-1.4b,control,draw_3,7,8,0.016124342243091887
pythia-1.4b,control,draw_3,7,9,0.03401006263544508
pythia-1.4b,control,draw_3,7,10,0.017855190049650013
pythia-1.4b,control,draw_3,7,11,0.014257592165237342
pythia-1.4b,control,draw_3,7,12,0.030749443420600837
pythia-1.4b,control,draw_3,7,13,0.01317061010091633
pythia-1.4b,control,draw_3,7,14,0.033654770074563564
pythia-1.4b,control,draw_3,7,15,0.012124650855812104
pythia-1.4b,control,draw_3,8,0,0.01368368013797359
pythia-1.4b,control,draw_3,8,1,0.024276759772822874
pythia-1.4b,control,draw_3,8,2,0.02329364977641815
pythia-1.4b,control,draw_3,8,3,0.016586812563392762
pythia-1.4b,control,draw_3,8,4,0.010908401473793971
pythia-1.4b,control,draw_3,8,5,0.02899623634573629
pythia-1.4b,control,draw_3,8,6,0.01779463010185966
pythia-1.4b,control,draw_3,8,7,0.04125955118879766
pythia-1.4b,control,draw_3,8,8,0.04318095228466217
pythia-1.4b,control,draw_3,8,9,0.0335559280669107
pythia-1.4b,control,draw_3,8,10,0.027400344582321243
pythia-1.4b,control,draw_3,8,11,0.017167276980423033
pythia-1.4b,control,draw_3,8,12,0.034996148311539674
pythia-1.4b,control,draw_3,8,13,0.04985722874517227
pythia-1.4b,control,draw_3,8,14,0.012241015811212539
pythia-1.4b,control,draw_3,8,15,0.03432646638681494
pythia-1.4b,control,draw_3,9,0,0.020978804056535728
pythia-1.4b,control,draw_3,9,1,0.02893467967819232
pythia-1.4b,control,draw_3,9,2,0.02304662920529822
pythia-1.4b,control,draw_3,9,3,0.010844586544086208
pythia-1.4b,control,draw_3,9,4,0.03346708851941266
pythia-1.4b,control,draw_3,9,5,0.046837881412205344
pythia-1.4b,control,draw_3,9,6,0.04106848013202426
pythia-1.4b,control,draw_3,9,7,0.021614342663279162
pythia-1.4b,control,draw_3,9,8,0.03250108280063082
pythia-1.4b,control,draw_3,9,9,0.021025768368326953
pythia-1.4b,control,draw_3,9,10,0.06421226957206305
pythia-1.4b,control,draw_3,9,11,0.04074364128335281
pythia-1.4b,control,draw_3,9,12,0.03775918618751453
pythia-1.4b,control,draw_3,9,13,0.02172555662216532
pythia-1.4b,control,draw_3,9,14,0.01658545441896534
pythia-1.4b,control,draw_3,9,15,0.030275038130807154
pythia-1.4b,control,draw_3,10,0,0.020623177787451236
pythia-1.4b,control,draw_3,10,1,0.023315549520614008
pythia-1.4b,control,draw_3,10,2,0.02971539574929425
pythia-1.4b,control,draw_3,10,3,0.042518543850495576
pythia-1.4b,control,draw_3,10,4,0.05004769765926276
pythia-1.4b,control,draw_3,10,5,0.01304353272684519
pythia-1.4b,control,draw_3,10,6,0.01929531194605569
pythia-1.4b,control,draw_3,10,7,0.024521586153221003
pythia-1.4b,control,draw_3,10,8,0.02257841166558486
pythia-1.4b,control,draw_3,10,9,0.01706765641950648
pythia-1.4b,control,draw_3,10,10,0.013362857841445462
pythia-1.4b,control,draw_3,10,11,0.016540895084924283
pythia-1.4b,control,draw_3,10,12,0.017739269273388304
pythia-1.4b,control,draw_3,10,13,0.03302392918821053
pythia-1.4b,control,draw_3,10,14,0.03067519872567224
pythia-1.4b,control,draw_3,10,15,0.019578804298118084
pythia-1.4b,control,draw_3,11,0,0.019238227454463665
pythia-1.4b,control,draw_3,11,1,0.014913857414712402
pythia-1.4b,control,draw_3,11,2,0.06375972970408501
pythia-1.4b,control,draw_3,11,3,0.022153156694846823
pythia-1.4b,control,draw_3,11,4,0.010717554052145264
pythia-1.4b,control,draw_3,11,5,0.04144269693194776
pythia-1.4b,control,draw_3,11,6,0.01870869806925616
pythia-1.4b,control,draw_3,11,7,0.022979750259618095
pythia-1.4b,control,draw_3,11,8,0.023664839674031324
pythia-1.4b,control,draw_3,11,9,0.016595881555977875
pythia-1.4b,control,draw_3,11,10,0.024552929049493837
pythia-1.4b,control,draw_3,11,11,0.017560559344146718
pythia-1.4b,control,draw_3,11,12,0.024119151622177534
pythia-1.4b,control,draw_3,11,13,0.01750652230404689
pythia-1.4b,control,draw_3,11,14,0.012958072365791119
pythia-1.4b,control,draw_3,11,15,0.013070898613069669
pythia-1.4b,control,draw_3,12,0,0.02228347497828233
pythia-1.4b,control,draw_3,12,1,0.02081303023169085
pythia-1.4b,control,draw_3,12,2,0.018066033314386908
pythia-1.4b,control,draw_3,12,3,0.018444183964602345
pythia-1.4b,control,draw_3,12,4,0.018298315095280356
pythia-1.4b,control,draw_3,12,5,0.015694382224134263
pythia-1.4b,control,draw_3,12,6,0.015566272657992613
pythia-1.4b,control,draw_3,12,7,0.023440182055555224
pythia-1.4b,control,draw_3,12,8,0.013402577155517669
pythia-1.4b,control,draw_3,12,9,0.038625449251772824
pythia-1.4b,control,draw_3,12,10,0.03042275574772862
pythia-1.4b,control,draw_3,12,11,0.02420690505449015
pythia-1.4b,control,draw_3,12,12,0.0174092619295853
pythia-1.4b,control,draw_3,12,13,0.04277070964319052
pythia-1.4b,control,draw_3,12,14,0.018472146758906075
pythia-1.4b,control,draw_3,12,15,0.05255619606380936
pythia-1.4b,control,draw_3,13,0,0.03457471232244572
pythia-1.4b,control,draw_3,13,1,0.02914355911224427
pythia-1.4b,control,draw_3,13,2,0.01141471653082125
pythia-1.4b,control,draw_3,13,3,0.042884599311468936
pythia-1.4b,control,draw_3,13,4,0.0002713811716952369
pythia-1.4b,control,draw_3,13,5,0.00910498756663212
pythia-1.4b,control,draw_3,13,6,0.025289217245410982
pythia-1.4b,control,draw_3,13,7,0.039495576784774146
pythia-1.4b,control,draw_3,13,8,0.01799915820761509
pythia-1.4b,control,draw_3,13,9,0.014275231237718202
pythia-1.4b,control,draw_3,13,10,0.00867628511030486
pythia-1.4b,control,draw_3,13,11,0.016166163134941756
pythia-1.4b,control,draw_3,13,12,0.009706984230576202
pythia-1.4b,control,draw_3,13,13,0.038170418210089936
pythia-1.4b,control,draw_3,13,14,0.033484712924978774
pythia-1.4b,control,draw_3,13,15,0.026983763119183064
pythia-1.4b,control,draw_3,14,0,0.04815426277402352
pythia-1.4b,control,draw_3,14,1,0.09974892508613584
pythia-1.4b,control,draw_3,14,2,0.012806471085469742
pythia-1.4b,control,draw_3,14,3,0.0019257365437343663
pythia-1.4b,control,draw_3,14,4,0.04289055477068837
pythia-1.4b,control,draw_3,14,5,0.015965193046722975
pythia-1.4b,control,draw_3,14,6,0.02814438453201924
pythia-1.4b,control,draw_3,14,7,0.08313852564937999
pythia-1.4b,control,draw_3,14,8,0.04782985905457654
pythia-1.4b,control,draw_3,14,9,0.02639210371444887
pythia-1.4b,control,draw_3,14,10,0.06175381427950842
pythia-1.4b,control,draw_3,14,11,0.09731067070163447
pythia-1.4b,control,draw_3,14,12,0.06251344312694586
pythia-1.4b,control,draw_3,14,13,0.017847945707219412
pythia-1.4b,control,draw_3,14,14,0.1023441824285093
pythia-1.4b,control,draw_3,14,15,0.01126647443320218
pythia-1.4b,control,draw_3,15,0,0.125934120539907
pythia-1.4b,control,draw_3,15,1,0.06313785271056115
pythia-1.4b,control,draw_3,15,2,0.11457756734197568
pythia-1.4b,control,draw_3,15,3,0.06474705345857945
pythia-1.4b,control,draw_3,15,4,0.029559411476669083
pythia-1.4b,control,draw_3,15,5,0.022096336158587
pythia-1.4b,control,draw_3,15,6,0.05430671839373213
pythia-1.4b,control,draw_3,15,7,0.05026758349584209
pythia-1.4b,control,draw_3,15,8,0.061936648427939
pythia-1.4b,control,draw_3,15,9,0.043334999890377104
pythia-1.4b,control,draw_3,15,10,0.09743653376040862
pythia-1.4b,control,draw_3,15,11,0.034628405629222266
pythia-1.4b,control,draw_3,15,12,0.16899457665282186
pythia-1.4b,control,draw_3,15,13,0.027666284362586523
pythia-1.4b,control,draw_3,15,14,0.06791958688835724
pythia-1.4b,control,draw_3,15,15,0.02465064338903287
pythia-1.4b,control,draw_3,16,0,0.06802688871741314
pythia-1.4b,control,draw_3,16,1,0.12659096780317303
pythia-1.4b,control,draw_3,16,2,0.15222610919934823
pythia-1.4b,control,draw_3,16,3,0.05353513687381164
pythia-1.4b,control,draw_3,16,4,0.07091837358372315
pythia-1.4b,control,draw_3,16,5,0.02116277494844986
pythia-1.4b,control,draw_3,16,6,0.12509247964932985
pythia-1.4b,control,draw_3,16,7,0.19292448246498287
pythia-1.4b,control,draw_3,16,8,0.0006866836495865954
pythia-1.4b,control,draw_3,16,9,0.24296895974692953
pythia-1.4b,control,draw_3,16,10,0.23928507435465
pythia-1.4b,control,draw_3,16,11,0.27726817108644874
pythia-1.4b,control,draw_3,16,12,0.11945478262290705
pythia-1.4b,control,draw_3,16,13,0.06580988181576726
pythia-1.4b,control,draw_3,16,14,0.14839214334698236
pythia-1.4b,control,draw_3,16,15,0.1633285157452541
pythia-1.4b,control,draw_3,17,0,0.32930824966062455
pythia-1.4b,control,draw_3,17,1,0.3313344038188714
pythia-1.4b,control,draw_3,17,2,0.0
pythia-1.4b,control,draw_3,17,3,0.1518536840499558
pythia-1.4b,control,draw_3,17,4,0.11509022344167893
pythia-1.4b,control,draw_3,17,5,0.27542687576540237
pythia-1.4b,control,draw_3,17,6,0.02714987659242161
pythia-1.4b,control,draw_3,17,7,0.05943083067534537
pythia-1.4b,control,draw_3,17,8,0.2229171195129596
pythia-1.4b,control,draw_3,17,9,0.2778225513309151
pythia-1.4b,control,draw_3,17,10,0.03667128937529555
pythia-1.4b,control,draw_3,17,11,0.13638623537570385
pythia-1.4b,control,draw_3,17,12,0.4532351688761144
pythia-1.4b,control,draw_3,17,13,0.09768610497928937
pythia-1.4b,control,draw_3,17,14,0.27363142221493786
pythia-1.4b,control,draw_3,17,15,0.18051847829638137
pythia-1.4b,control,draw_3,18,0,0.404758521516335
pythia-1.4b,control,draw_3,18,1,0.09180520405419915
pythia-1.4b,control,draw_3,18,2,0.2516374606644441
pythia-1.4b,control,draw_3,18,3,0.10883392884688245
pythia-1.4b,control,draw_3,18,4,0.18795907920826685
pythia-1.4b,control,draw_3,18,5,0.5920544809599526
pythia-1.4b,control,draw_3,18,6,0.025427617122087676
pythia-1.4b,control,draw_3,18,7,0.06447068972103372
pythia-1.4b,control,draw_3,18,8,0.149145158625856
pythia-1.4b,control,draw_3,18,9,0.5503635039730637
pythia-1.4b,control,draw_3,18,10,0.5146527805905158
pythia-1.4b,control,draw_3,18,11,0.14268581033976974
pythia-1.4b,control,draw_3,18,12,0.4168231272987877
pythia-1.4b,control,draw_3,18,13,0.297576076493507
pythia-1.4b,control,draw_3,18,14,0.5715638632781559
pythia-1.4b,control,draw_3,18,15,0.1628018034132157
pythia-1.4b,control,draw_3,19,0,0.0207345967077459
pythia-1.4b,control,draw_3,19,1,0.013699516385339238
pythia-1.4b,control,draw_3,19,2,0.07484411614832182
pythia-1.4b,control,draw_3,19,3,0.10251279221934856
pythia-1.4b,control,draw_3,19,4,0.3814041545205568
pythia-1.4b,control,draw_3,19,5,0.07205312648026532
pythia-1.4b,control,draw_3,19,6,0.15804387542774545
pythia-1.4b,control,draw_3,19,7,0.4105234954303703
pythia-1.4b,control,draw_3,19,8,0.44928903444520213
pythia-1.4b,control,draw_3,19,9,0.35066112891456663
pythia-1.4b,control,draw_3,19,10,0.27639918597021457
pythia-1.4b,control,draw_3,19,11,0.03731017309569836
pythia-1.4b,control,draw_3,19,12,0.4666076180730578
pythia-1.4b,control,draw_3,19,13,0.06780316019892883
pythia-1.4b,control,draw_3,19,14,0.02513060485036184
pythia-1.4b,control,draw_3,19,15,0.282687856278837
pythia-1.4b,control,draw_3,20,0,0.27128143409676175
pythia-1.4b,control,draw_3,20,1,0.23966313498149316
pythia-1.4b,control,draw_3,20,2,0.06589642631885263
pythia-1.4b,control,draw_3,20,3,0.13446649580220096
pythia-1.4b,control,draw_3,20,4,0.2588588692425353
pythia-1.4b,control,draw_3,20,5,0.2632409990371298
pythia-1.4b,control,draw_3,20,6,0.15564820509184163
pythia-1.4b,control,draw_3,20,7,0.33264034725967645
pythia-1.4b,control,draw_3,20,8,0.15938125322266447
pythia-1.4b,control,draw_3,20,9,0.22431896342778368
pythia-1.4b,control,draw_3,20,10,0.13684972211755897
pythia-1.4b,control,draw_3,20,11,0.25991200503157835
pythia-1.4b,control,draw_3,20,12,0.2478445233967986
pythia-1.4b,control,draw_3,20,13,0.1398454623410544
pythia-1.4b,control,draw_3,20,14,0.16406097865534633
pythia-1.4b,control,draw_3,20,15,0.15738877523511702
pythia-1.4b,control,draw_3,21,0,0.11466678557047852
pythia-1.4b,control,draw_3,21,1,0.1966133854473751
pythia-1.4b,control,draw_3,21,2,0.15034284699715333
pythia-1.4b,control,draw_3,21,3,0.1446772559599316
pythia-1.4b,control,draw_3,21,4,0.08592097708778687
pythia-1.4b,control,draw_3,21,5,0.0993654312019367
pythia-1.4b,control,draw_3,21,6,0.13390445605648735
pythia-1.4b,control,draw_3,21,7,0.17644664077309502
pythia-1.4b,control,draw_3,21,8,0.006542958141254251
pythia-1.4b,control,draw_3,21,9,0.2017715368191323
pythia-1.4b,control,draw_3,21,10,0.10506895018162479
pythia-1.4b,control,draw_3,21,11,0.15140466533733124
pythia-1.4b,control,draw_3,21,12,0.1712428246947492
pythia-1.4b,control,draw_3,21,13,0.15113322727504358
pythia-1.4b,control,draw_3,21,14,0.07102924186999586
pythia-1.4b,control,draw_3,21,15,0.10036671461360805
pythia-1.4b,control,draw_3,22,0,0.3829306984420829
pythia-1.4b,control,draw_3,22,1,0.16986791258111872
pythia-1.4b,control,draw_3,22,2,0.07964636545072536
pythia-1.4b,control,draw_3,22,3,0.1288457931006831
pythia-1.4b,control,draw_3,22,4,0.16389419801366625
pythia-1.4b,control,draw_3,22,5,0.18086909438973453
pythia-1.4b,control,draw_3,22,6,0.1974614087711374
pythia-1.4b,control,draw_3,22,7,0.17727543191358214
pythia-1.4b,control,draw_3,22,8,0.19530137030361996
pythia-1.4b,control,draw_3,22,9,0.059064724649433596
pythia-1.4b,control,draw_3,22,10,0.11098453975097596
pythia-1.4b,control,draw_3,22,11,0.20796315963075535
pythia-1.4b,control,draw_3,22,12,0.03423627528719111
pythia-1.4b,control,draw_3,22,13,0.18404576275670215
pythia-1.4b,control,draw_3,22,14,0.19161817923846888
pythia-1.4b,control,draw_3,22,15,0.1566234655327916
pythia-1.4b,control,draw_3,23,0,0.058021243945460314
pythia-1.4b,control,draw_3,23,1,0.13386147342460658
pythia-1.4b,control,draw_3,23,2,0.09565619855765324
pythia-1.4b,control,draw_3,23,3,0.08610224105585579
pythia-1.4b,control,draw_3,23,4,0.15149757553000312
pythia-1.4b,control,draw_3,23,5,0.10591038323106784
pythia-1.4b,control,draw_3,23,6,0.047499152092832064
pythia-1.4b,control,draw_3,23,7,0.11623488107420599
pythia-1.4b,control,draw_3,23,8,0.11529643602051136
pythia-1.4b,control,draw_3,23,9,0.03327516846096478
pythia-1.4b,control,draw_3,23,10,0.05464494701551561
pythia-1.4b,control,draw_3,23,11,0.06593221934244488
pythia-1.4b,control,draw_3,23,12,0.1427431653724035
pythia-1.4b,control,draw_3,23,13,0.05322228440321068
pythia-1.4b,control,draw_3,23,14,0.022285799665799758
pythia-1.4b,control,draw_3,23,15,0.09809658435598503
