model,layer,head,in_circuit,induction_score,bos_fraction,source_fraction,target_fraction,repeat_fraction,entropy_mean,circuit_role,mean_js_divergence
pythia-70m,0,0,True,0.013923331163823605,0.14625085294246673,0.09779989272356034,0.026905914396047594,0.3359583020210266,3.8857139110565186,diffuse,0.0
pythia-70m,0,1,True,0.0009142523980699479,0.0007096767192706465,0.020030452497303487,0.0031500109937041996,0.8576095581054688,2.5673241138458254,previous_token,0.0
pythia-70m,0,2,True,0.06941691488027572,0.5478948771953582,0.12126413881778716,0.01745426971465349,0.12693349719047547,2.379234218597412,bos_sink,0.0
pythia-70m,0,3,True,0.8648471593856811,0.025845603831112385,0.8655314683914185,0.0003911243155016564,0.10625697672367096,0.6423988103866577,induction,0.0
pythia-70m,0,4,True,0.002021107613109052,0.3126255512237549,0.020871522650122643,0.0043887888547033075,0.553054404258728,2.120040035247803,bos_sink,0.0
pythia-70m,0,5,True,0.4777783155441284,0.22674925327301027,0.4973974883556366,0.005201055761426687,0.17854113429784774,1.8622995615005493,induction,0.0
pythia-70m,0,6,True,0.005391287058591843,0.7009181261062623,0.0501091830432415,0.012531298212707043,0.08620880395174027,2.064304065704346,bos_sink,0.0
pythia-70m,0,7,True,0.002564673172309995,0.013759002462029457,0.03777904026210308,0.005909891985356808,0.7587774157524109,2.142731523513794,previous_token,0.0
pythia-70m,1,0,True,0.020100971311330797,0.3029288947582245,0.133892722427845,0.03430250659584999,0.20571307241916656,3.6477888107299803,bos_sink,0.0
pythia-70m,1,1,True,0.0006087673362344503,0.31820462346076966,0.010400642082095147,0.0010434696800075472,0.6245230078697205,2.1638339042663572,previous_token,0.0
pythia-70m,1,2,True,0.002720238734036684,0.008460638392716647,0.07439597398042679,0.0035566851496696473,0.7899333953857421,2.4515600204467773,previous_token,0.0
pythia-70m,1,3,True,0.001453881128691137,0.0032392359338700772,0.010399270802736282,0.0039598917122930285,0.8045187592506409,2.960618019104004,previous_token,0.0
pythia-70m,1,4,False,0.05321897715330124,0.3789961993694305,0.21020781099796296,0.035929232090711596,0.07931953072547912,3.340818166732788,bos_sink,0.0
pythia-70m,1,5,True,0.013411902636289597,0.20587885975837708,0.0677692785859108,0.01071614008396864,0.5373471498489379,3.1919936180114745,diffuse,0.0
pythia-70m,1,6,True,0.08369208127260208,0.18683575689792634,0.17152213156223298,0.028631781786680223,0.33638004660606385,3.3860640048980715,diffuse,0.0
pythia-70m,1,7,True,0.00584822865203023,0.6402859091758728,0.027924419194459916,0.004426256380975246,0.2578877151012421,1.865359401702881,bos_sink,0.0
pythia-70m,2,0,True,0.009416590817272663,0.24790295958518982,0.05450475364923477,0.01412346176803112,0.4030910074710846,3.2830291271209715,diffuse,0.0026083543985142934
pythia-70m,2,1,True,8.458718667725406e-08,0.0003179336548782885,0.0074050196446478365,2.1023230146965943e-05,0.9677769660949707,0.7193143606185913,previous_token,0.0008603758576395077
pythia-70m,2,2,True,0.010833101719617844,0.18981125950813293,0.03409744687378406,0.012228970788419247,0.3187176585197449,3.7325836181640626,diffuse,0.0021298482241010877
pythia-70m,2,3,True,0.008728585578501225,0.05340159982442856,0.03941327258944512,0.01035924106836319,0.6401681542396546,3.2776316165924073,diffuse,0.0017033847055849603
pythia-70m,2,4,True,0.0005456142942421138,0.0020518291275948286,0.001464371127076447,0.0009089836501516401,0.862643837928772,1.9739292860031128,previous_token,0.0016383749386550148
pythia-70m,2,5,True,0.03934181109070778,0.2009144276380539,0.11305343508720397,0.046171043813228604,0.16834584176540374,3.8716079235076903,diffuse,0.0031302987283068394
pythia-70m,2,6,True,0.6078225016593933,0.20623843669891356,0.6229237079620361,0.009756687190383672,0.08349310085177422,1.6370665073394775,induction,0.004248702410314123
pythia-70m,2,7,True,0.0001887649326818064,0.1459065318107605,0.0014727872563526033,0.0003122640831861645,0.7781016826629639,2.6562855720520018,previous_token,0.0018596505593780062
pythia-70m,3,0,True,0.007985456474125385,0.2902339994907379,0.012619954533874989,0.27875969409942625,0.22009994685649872,1.9474964380264281,diffuse,0.005062316797417405
pythia-70m,3,1,True,0.007279342319816351,0.2761053919792175,0.009707312472164631,0.5769919991493225,0.09164506569504738,0.9565586447715759,diffuse,0.005415188082865548
pythia-70m,3,2,True,0.01257970854640007,0.15008464455604553,0.0959676206111908,0.017092269100248813,0.3682744145393372,3.8059834480285644,diffuse,0.003352551263997751
pythia-70m,3,3,True,0.024558397009968758,0.5026484787464142,0.08286161720752716,0.15210434496402742,0.07203652188181878,2.6566442966461183,bos_sink,0.00367689760750765
pythia-70m,3,4,True,0.0032619350589811803,0.12025517076253892,0.025747595727443694,0.00426740450784564,0.6648871898651123,3.0665164470672606,previous_token,0.0014450790864884084
pythia-70m,3,5,True,0.0018394755083136261,0.16119543761014937,0.003582530003041029,0.7409221172332764,0.07020998857915402,0.6363126695156097,diffuse,0.005153350797279363
pythia-70m,3,6,True,0.002276457077823579,0.11242251098155975,0.003966207429766655,0.8342644810676575,0.03407505378127098,0.3779982805252075,diffuse,0.002967664231114214
pythia-70m,3,7,True,0.008496912755072117,0.2485957086086273,0.03775075972080231,0.01583587322384119,0.3424618363380432,3.3656418323516846,diffuse,0.0016067741548922365
pythia-70m,4,0,True,0.018652818351984023,0.3223137676715851,0.06231642886996269,0.048977240920066833,0.08558213710784912,2.181218457221985,bos_sink,0.00761636901313076
pythia-70m,4,1,True,0.0006632605858612805,0.8653366446495057,0.0015258409548550844,0.053792118281126025,0.06330059990286827,0.4871789276599884,bos_sink,0.004538578716102925
pythia-70m,4,2,True,0.022075132839381693,0.4417509913444519,0.049728333950042725,0.16546077132225037,0.05889756307005882,1.0167007923126221,bos_sink,0.010861471987940819
pythia-70m,4,3,True,0.0018050971266347915,0.9117175459861755,0.004166305297985673,0.02358996409457177,0.011043699737638236,0.1209122896194458,bos_sink,0.012319850131144745
pythia-70m,4,4,True,0.015225945506244898,0.5895270824432373,0.05092201735824346,0.14696235954761505,0.03164808414876461,0.8243512809276581,bos_sink,0.009540693318551863
pythia-70m,4,5,True,0.03331522569060326,0.27514647245407103,0.16676715314388274,0.07154500484466553,0.06789563149213791,1.2657546043395995,diffuse,0.008319797351228191
pythia-70m,4,6,True,0.02720588371157646,0.503332382440567,0.1259659618139267,0.0731940135359764,0.034131523594260214,0.693208384513855,bos_sink,0.011277428127009643
pythia-70m,4,7,True,0.04769229292869568,0.02152371723204851,0.09141117930412293,0.46749256253242494,0.04500439241528511,0.9150266528129578,diffuse,0.010798750813941231
pythia-70m,5,0,True,7.277725616461339e-05,0.4193346738815308,0.0001215906239394826,0.00017172192534076203,0.5155621886253356,0.6935186743736267,bos_sink,0.007836318498876733
pythia-70m,5,1,True,0.00034588730823088555,0.0003972441627411172,0.002543786505702883,0.0007059018535073847,0.7462346911430359,0.6660660862922668,previous_token,0.010379107505217536
pythia-70m,5,2,True,1.5526281629263394e-06,0.034476999565958975,7.925354314863852e-06,2.511964386719967e-05,0.9109819293022156,0.27853233814239503,diffuse,0.00952714937421062
pythia-70m,5,3,True,2.7346904433596408e-05,0.07264461535960436,0.0003593098131687178,1.573692742072839e-13,0.8353993177413941,0.21133026778697966,diffuse,0.015366500747340835
pythia-70m,5,4,False,1.863386954685063e-08,0.8726356148719787,1.4385478903214398e-06,1.236038284555376e-10,0.12274592220783234,0.11911355555057526,bos_sink,0.01009481614283268
pythia-70m,5,5,True,0.0001991951878153486,0.8122470617294312,0.0004828676424949663,0.0008092438217317977,0.1422219231724739,0.38345043659210204,bos_sink,0.0075128122763239245
pythia-70m,5,6,False,0.0005281352816234542,0.8279278516769409,0.0014117422411235481,0.00011275091779561208,0.124355249106884,0.1382574200630188,bos_sink,0.02324402853666478
pythia-70m,5,7,True,4.146184511455431e-06,5.240119183014258e-08,3.9780787847121243e-05,5.345729857140213e-05,0.9711679935455322,0.6229071736335754,previous_token,0.007115032831882449
pythia-160m,0,0,True,0.0005220475839450955,0.3067627280950546,0.018361316248774528,0.001474751252681017,0.6021828770637512,2.0030100345611572,previous_token,0.0
pythia-160m,0,1,True,0.031067629531025886,0.44861950278282164,0.10655123889446258,0.02179381363093853,0.17259446382522584,2.9088640213012695,bos_sink,0.0
pythia-160m,0,2,True,0.02490066234022379,0.013660556357353925,0.09615903496742248,0.02168173398822546,0.5597532987594604,2.6613051891326904,diffuse,0.0
pythia-160m,0,3,True,0.03062618412077427,0.015469725988805295,0.12575245499610901,0.028218037635087966,0.4578887403011322,3.508367729187012,diffuse,0.0
pythia-160m,0,4,True,0.0027698840014636515,0.002408977458253503,0.028226951137185097,0.0104063393548131,0.6996297478675843,3.414283275604248,previous_token,0.0
pythia-160m,0,5,True,0.022161522507667543,0.6268300294876099,0.08234695047140121,0.015499117225408554,0.10210007727146149,2.44665584564209,bos_sink,0.0
pythia-160m,0,6,True,0.013683759421110154,0.42930468916893005,0.09738908112049102,0.015652890875935556,0.25050209164619447,3.0988136768341064,bos_sink,0.0
pythia-160m,0,7,True,0.8490455985069275,0.07126670554280282,0.8542345643043519,0.0008956019999459385,0.06806885376572609,0.7694866538047791,induction,0.0
pythia-160m,0,8,True,0.0025831347331404684,0.009685849770903587,0.03501400351524353,0.004698430420830846,0.8048888206481933,2.387256383895874,previous_token,0.0
pythia-160m,0,9,True,0.05178172960877418,0.03861501179635525,0.14012373685836793,0.028330455347895623,0.44053305983543395,3.4523959159851074,diffuse,0.0
pythia-160m,0,10,True,0.02119743525981903,0.1908406436443329,0.09787335991859436,0.023122218996286394,0.3741053879261017,3.6085190296173097,diffuse,0.0
pythia-160m,0,11,False,0.0008779952535405755,0.9844695448875427,0.0038202513940632345,0.00073232680442743,0.003195609198883176,0.1599494695663452,bos_sink,0.0
pythia-160m,1,0,True,0.005963247735053301,0.15376465618610383,0.06965236514806747,0.009536419622600078,0.6123830914497376,2.8878766536712646,previous_token,0.0023951710761307495
pythia-160m,1,1,True,9.086843274417334e-05,0.662867271900177,0.01005993951112032,0.00023736167058814318,0.30379650592803953,1.33581485748291,bos_sink,0.002033811626456992
pythia-160m,1,2,True,2.7399933605920525e-05,0.0024487895192578436,0.004353531356900931,9.589195542503148e-05,0.9675541520118713,1.597078013420105,previous_token,0.0023507175532403186
pythia-160m,1,3,True,0.11405908614397049,0.10806404799222946,0.2802682340145111,0.0471786767244339,0.1996550440788269,3.855764389038086,diffuse,0.004373428591637531
pythia-160m,1,4,False,0.022663490474224092,0.6565163016319275,0.09706781655550004,0.020519329980015755,0.035590505599975585,1.996316623687744,bos_sink,0.005042053807343242
pythia-160m,1,5,True,0.029784932732582092,0.12431132793426514,0.19808194041252136,0.03172432892024517,0.2686362206935883,3.859373617172241,diffuse,0.005006069339515045
pythia-160m,1,6,True,0.47455020546913146,0.330910450220108,0.49075868129730227,0.0046864872798323635,0.07680425643920899,2.051581072807312,induction,0.002442497640651174
pythia-160m,1,7,True,0.005416686739772558,0.007599921617656946,0.07655705362558365,0.007899707648903131,0.6475334405899048,2.899176263809204,previous_token,0.0023311679647885337
pythia-160m,1,8,True,0.03550420254468918,0.508659428358078,0.17005884200334548,0.016698448173701762,0.09233971610665322,2.6643550395965576,bos_sink,0.004379060053592272
pythia-160m,1,9,False,0.010384793765842915,0.4153965890407562,0.15125178396701813,0.027319049835205077,0.11569993197917938,3.275641393661499,bos_sink,0.003470809569359093
pythia-160m,1,10,True,0.5922547698020935,0.38526148200035093,0.5955116271972656,0.0022205904358997943,0.007280650734901428,0.9287863612174988,induction,0.00398072283798706
pythia-160m,1,11,True,0.010016319155693055,0.024625984206795692,0.03909888416528702,0.009082579612731933,0.6615503430366516,3.256621217727661,diffuse,0.0018296076361593579
pythia-160m,2,0,True,0.013826369680464268,0.4057513952255249,0.030686754360795022,0.008018819987773896,0.39572225213050843,2.782585859298706,bos_sink,0.005089749010002164
pythia-160m,2,1,True,0.0021747410064563155,0.3251877069473267,0.015188432484865188,0.002997139748185873,0.5623685479164123,2.5469618797302247,bos_sink,0.00621740294337618
pythia-160m,2,2,False,0.010628164000809192,0.6208725810050965,0.04867587983608246,0.008117126766592264,0.19747092127799987,2.2135138511657715,bos_sink,0.007404707137731821
pythia-160m,2,3,True,0.020502571389079093,0.30981417894363406,0.08604493737220764,0.01639204304665327,0.37970603704452516,3.2440677642822267,bos_sink,0.007736680675045896
pythia-160m,2,4,True,0.0111921651288867,0.3075114905834198,0.10007966011762619,0.02449498176574707,0.26558374166488646,3.6506765842437745,bos_sink,0.004494115114092571
pythia-160m,2,5,True,0.005095397308468819,0.7659824132919312,0.030794547498226167,0.0038930187933146954,0.14239630699157715,1.4276214599609376,bos_sink,0.004158359554588149
pythia-160m,2,6,True,0.0015535047743469477,0.4391754448413849,0.028757017105817795,0.002573745837435126,0.44534629583358765,2.39892897605896,bos_sink,0.0053983281289425806
pythia-160m,2,7,True,0.04083377793431282,0.035248172283172605,0.21453655064105986,0.036599169671535495,0.26550531983375547,4.014454507827759,diffuse,0.006301820955351743
pythia-160m,2,8,True,0.00020106934243813157,0.0012904868926852942,0.003876462345942855,0.0007687745499424636,0.9240108609199524,2.0529707431793214,previous_token,0.0027269845803524306
pythia-160m,2,9,True,0.0014099405379965901,0.6582645654678345,0.01999044343829155,0.002296359301544726,0.25633915364742277,1.727575135231018,bos_sink,0.004359083544010025
pythia-160m,2,10,True,0.1228598803281784,0.3795821964740753,0.18366971909999846,0.02306118793785572,0.1855192631483078,2.99523344039917,bos_sink,0.007859242990823127
pythia-160m,2,11,True,0.0030235296580940485,0.5718130111694336,0.015314694494009018,0.0018660297617316246,0.33781657218933103,1.8450318098068237,bos_sink,0.013884838375912138
pythia-160m,3,0,True,8.558973050298845e-08,0.026402466744184495,0.012000792473554612,6.500644485640805e-06,0.9499853134155274,0.9719509840011596,previous_token,0.002143210668012113
pythia-160m,3,1,True,4.01983540996298e-06,0.039382902532815935,0.0006900140317156911,3.2561242551309985e-05,0.9414960861206054,1.4127561092376708,previous_token,0.003545598071313244
pythia-160m,3,2,True,1.4245811631036221e-10,1.0590537021926138e-05,0.00012906531483167783,6.742916998092597e-08,0.9986357092857361,0.25190896093845366,previous_token,0.0011198829498825001
pythia-160m,3,3,True,0.40798357129096985,0.00540090030990541,0.41203510761260986,0.0013518870226107537,0.5610516667366028,1.2354735851287841,induction,0.009618756547332808
pythia-160m,3,4,True,0.0003180961968610063,0.017746829614043235,0.007090567238628864,0.0008497164235450327,0.9384638905525208,2.140208387374878,previous_token,0.0026093948868920447
pythia-160m,3,5,True,0.010258357971906662,0.536324942111969,0.04417577162384987,0.012253369018435479,0.26565331816673277,2.4381956100463866,bos_sink,0.006676063597463509
pythia-160m,3,6,True,0.011519249528646469,0.32199437022209165,0.05827120691537857,0.017901910468935966,0.32822073101997373,3.367751407623291,bos_sink,0.005573261054309216
pythia-160m,3,7,True,0.06872327774763107,0.3785511374473572,0.15215620696544646,0.023808903247117996,0.22594438791275023,3.4070013999938964,bos_sink,0.00434052890472314
pythia-160m,3,8,True,0.0037873415276408195,0.21547512114048004,0.012998942844569683,0.00353137101046741,0.5720369577407837,3.2300039768218993,diffuse,0.0033226050392589873
pythia-160m,3,9,True,0.0007094208267517388,0.4011362731456757,0.010741201974451543,0.0008928304305300117,0.535699725151062,2.1074952602386476,bos_sink,0.005837417582286957
pythia-160m,3,10,True,0.01713801547884941,0.3208839178085327,0.07571794539690017,0.01897280178964138,0.3950145959854126,3.201482152938843,bos_sink,0.004548316254028358
pythia-160m,3,11,True,0.01791674867272377,0.36950269937515257,0.13593244552612305,0.019408933259546755,0.2374371737241745,3.1908583641052246,bos_sink,0.005430821475490158
pythia-160m,4,0,True,0.002034801943227649,0.5729017138481141,0.0126277981325984,0.0029090754687786102,0.3435662269592285,1.8168509483337403,bos_sink,0.004951072210817876
pythia-160m,4,1,True,0.007425760012120008,0.4862606108188629,0.09558317512273788,0.030403366312384605,0.10992378890514373,3.0397877216339113,bos_sink,0.005363488719630552
pythia-160m,4,2,True,0.0018359268782660366,0.6041722893714905,0.033728315681219104,0.0013271483825519682,0.3133647918701172,1.893053936958313,bos_sink,0.005158553251772285
pythia-160m,4,3,True,0.011493313126266003,0.18979840874671935,0.14609065651893616,0.015023046173155308,0.33794726729393004,3.5459750652313233,diffuse,0.006268934190213464
pythia-160m,4,4,True,0.0016848166706040502,0.4450428307056427,0.016984302178025247,0.002568001486361027,0.4116138219833374,2.4211023807525636,bos_sink,0.006554283900107848
pythia-160m,4,5,True,0.0002988508058479056,0.2598687320947647,0.003664649883285165,0.0004182434233371168,0.6661603212356567,1.8913512229919434,previous_token,0.005382957650584291
pythia-160m,4,6,True,0.00035278230934636666,0.010719183459877967,0.0005903740297071636,0.9884899377822876,5.2060986126889476e-05,0.0631527028977871,diffuse,0.004812428961297381
pythia-160m,4,7,True,0.0010105408728122711,0.17060229182243347,0.006929314136505127,0.002779828757047653,0.6641753792762757,2.864561414718628,previous_token,0.003988172484485531
pythia-160m,4,8,True,0.0052751172333955765,0.08729052692651748,0.012006825581192971,0.8281990170478821,0.02937500588595867,0.9527953028678894,diffuse,0.0048266561977902845
pythia-160m,4,9,True,0.02621200829744339,0.30223737359046937,0.08051184564828873,0.08489084988832474,0.2791766107082367,3.3697132587432863,bos_sink,0.0056315883354049
pythia-160m,4,10,True,0.002247334364801645,0.07209791913628578,0.002459045103751123,0.924819540977478,8.226851205108687e-05,0.239135217666626,diffuse,0.009168425675190415
pythia-160m,4,11,True,0.004591093491762876,0.21532554626464845,0.013104143925011158,0.7463375329971313,0.007255920208990574,0.9366003513336182,diffuse,0.005570762497915627
pythia-160m,5,0,True,0.006756370514631271,0.3440474450588226,0.01701063774526119,0.6108338832855225,0.009693723917007447,1.094743585586548,bos_sink,0.005500162221474829
pythia-160m,5,1,True,0.00026003301027230916,0.12513259649276734,0.002493486553430557,0.0006262480979785323,0.7988697290420532,2.4564130306243896,previous_token,0.004184116866084106
pythia-160m,5,2,True,0.028937569260597228,0.41467493772506714,0.059841769933700564,0.06506317257881164,0.10423009246587753,3.014957857131958,bos_sink,0.007374355445064259
pythia-160m,5,3,True,0.02501259557902813,0.5584224581718444,0.06416569650173187,0.034027322009205815,0.08117439746856689,2.624047327041626,bos_sink,0.004754575933638678
pythia-160m,5,4,True,0.03525884822010994,0.37421603202819825,0.13347418159246444,0.048355259001255035,0.07914455384016036,3.339765453338623,bos_sink,0.005918124759116996
pythia-160m,5,5,True,0.16501124501228331,0.4749440312385559,0.22682814598083495,0.06961512714624404,0.10814326256513596,2.4617433547973633,bos_sink,0.006145404879593224
pythia-160m,5,6,True,0.01480382177978754,0.4525006592273712,0.016901450417935848,0.46749091148376465,0.018314492888748646,0.9409902334213257,bos_sink,0.013825761476459362
pythia-160m,5,7,True,0.022383514791727066,0.45099849700927735,0.04403297901153565,0.39352906942367555,0.0270856149494648,1.565322208404541,bos_sink,0.007464506685021608
pythia-160m,5,8,True,0.0007471619988791645,0.4345933496952057,0.01082039177417755,0.001221325865481049,0.5026000797748565,2.0476291179656982,bos_sink,0.0051992073440783465
pythia-160m,5,9,False,0.013691050745546818,0.9390780091285705,0.01978270560503006,0.011527011077851057,0.008238251693546772,0.4766225516796112,bos_sink,0.0034617585621524497
pythia-160m,5,10,True,0.03729504346847534,0.052119869738817215,0.061684783548116684,0.227411487698555,0.03740962296724319,2.458961248397827,diffuse,0.006958495971473524
pythia-160m,5,11,True,0.008839989453554154,0.30802580118179324,0.06165502965450287,0.0189008254557848,0.35349016189575194,3.4166271686553955,bos_sink,0.005847284081472843
pythia-160m,6,0,True,0.020069959014654158,0.30312687158584595,0.12669100612401962,0.025393116846680643,0.34709490537643434,2.761617136001587,bos_sink,0.012269396267011953
pythia-160m,6,1,True,0.023302750289440156,0.3889917373657227,0.14321570098400116,0.022441621869802475,0.23109609484672547,3.2904478549957275,bos_sink,0.006241998616058319
pythia-160m,6,2,True,0.00026189437339780853,0.48837617635726926,0.0018117749714292586,0.0011082245036959648,0.4824507892131805,1.1821374893188477,bos_sink,0.010514743129306765
pythia-160m,6,3,True,0.007340551912784576,0.143385848402977,0.030701403692364692,0.011182582937180996,0.6944124698638916,2.773288440704346,previous_token,0.009223692880473805
pythia-160m,6,4,True,0.00498354434967041,0.63920578956604,0.03782334849238396,0.008278536424040795,0.17727285027503967,2.079064464569092,bos_sink,0.005466986102722032
pythia-160m,6,5,True,0.0056989285163581375,0.3128436326980591,0.046450643241405486,0.011969811096787453,0.48573885560035707,3.067722702026367,diffuse,0.004450590712671904
pythia-160m,6,6,True,0.039001449942588806,0.15688776671886445,0.09756953865289689,0.15491615533828734,0.18758328258991241,3.681522512435913,diffuse,0.007104925247611553
pythia-160m,6,7,True,0.025521671399474144,0.14632496982812881,0.07369384616613388,0.04937968924641609,0.271014529466629,3.96463565826416,diffuse,0.0057375026488458445
pythia-160m,6,8,True,0.006983179040253163,0.27780768275260925,0.03618623539805412,0.01576904971152544,0.388369482755661,3.273602104187012,diffuse,0.004677655279845414
pythia-160m,6,9,False,0.002191937970928848,0.8882031440734863,0.012970487494021654,0.002821637410670519,0.05936461091041565,0.5968983829021454,bos_sink,0.011835160888976765
pythia-160m,6,10,True,0.17312353551387788,0.16020174324512482,0.2299188643693924,0.06724560856819153,0.16695097386837005,3.4558101654052735,induction,0.008003428708307751
pythia-160m,6,11,True,0.02736477479338646,0.03884341008961201,0.05558508932590485,0.07790305837988853,0.5357912361621857,3.3000370979309084,diffuse,0.008686602460607505
pythia-160m,7,0,True,0.018706339970231058,0.2295044481754303,0.13364495038986207,0.01961445063352585,0.22294055819511413,3.5109521389007567,diffuse,0.0074685607465190375
pythia-160m,7,1,True,0.003352945583174005,0.7919926643371582,0.01908730110153556,0.006671520229429006,0.07992675378918648,0.9984921336174011,bos_sink,0.009738027023927382
pythia-160m,7,2,True,0.00028340863937046377,0.22439784109592437,0.0011720758979208768,0.010115221701562404,0.7529039144515991,1.3357053995132446,diffuse,0.008915615320487185
pythia-160m,7,3,True,0.005895797908306122,0.009410307742655277,0.020804284140467644,0.012772396765649318,0.8228289365768433,2.163248586654663,previous_token,0.008933185931558514
pythia-160m,7,4,True,0.0005418455752078444,0.15639137327671052,0.004971845541149378,0.001357729290612042,0.8125137090682983,1.5152538537979126,previous_token,0.011689203433638901
pythia-160m,7,5,True,0.13130779266357423,0.1217214897274971,0.21083326935768126,0.129124952852726,0.05170376040041447,2.1366937160491943,diffuse,0.01333489699737971
pythia-160m,7,6,False,0.0028690808918327092,0.9062929391860962,0.006143666338175535,0.000853445747634396,0.07560255974531174,0.31203705072402954,bos_sink,0.016628490699936372
pythia-160m,7,7,True,7.155901970978817e-09,0.044232269376516344,0.0032183762174099683,1.410481083041759e-07,0.9487930059432983,0.6845862746238709,previous_token,0.005906308948810368
pythia-160m,7,8,True,0.048239375650882724,0.18833581507205963,0.17006251811981202,0.10364646017551422,0.07998132705688477,3.871378183364868,diffuse,0.004975963686240954
pythia-160m,7,9,True,0.008055069483816624,0.7519501924514771,0.028715426847338677,0.03859372399747372,0.035162190347909926,0.9977431178092957,bos_sink,0.013251192649329842
pythia-160m,7,10,False,1.3677840631778495e-14,0.9660616159439087,1.3937078104655801e-14,6.040854881348104e-30,0.033938408643007276,0.0008753889241802426,bos_sink,0.01109250437510997
pythia-160m,7,11,True,0.04635181277990341,0.3390508830547333,0.11225229203701019,0.15183604061603545,0.050123777240514755,3.0937466621398926,bos_sink,0.007093977359164281
pythia-160m,8,0,True,0.000516538874944672,0.8567408204078675,0.003546294430270791,0.001494501461274922,0.10470757111907006,0.6700996160507202,bos_sink,0.011587606603857093
pythia-160m,8,1,True,0.02472519522998482,0.30844051092863084,0.06770923510193824,0.0991334617137909,0.10030346363782883,0.531693023443222,bos_sink,0.030487976510969055
pythia-160m,8,2,True,0.011298386752605439,0.0006266839309319039,0.020930896140635015,0.910392951965332,0.0011751028709113599,0.1754756897687912,diffuse,0.023825182875302376
pythia-160m,8,3,True,0.008071643672883511,0.8954320549964905,0.051995616406202316,0.02458646334707737,0.0020569392770994456,0.1426972821354866,bos_sink,0.028608073835734087
pythia-160m,8,4,True,0.0029948151176540706,0.730949068069458,0.01298606926575303,0.007338083279319107,0.13785471767187119,0.21551526486873626,bos_sink,0.04514777729837135
pythia-160m,8,5,False,0.0001414057354850229,0.9890829682350158,0.0022439502412453295,0.0015630495530785994,0.0033504956954857334,0.038465512730181214,bos_sink,0.014724841601586608
pythia-160m,8,6,False,5.567309690377442e-05,0.9998804926872253,5.951499842922203e-05,2.4680792449771615e-07,5.7802434457698834e-05,0.0009808654664084314,bos_sink,0.002158210060429668
pythia-160m,8,7,True,0.0594928003847599,0.4664965808391571,0.09245418012142181,0.009548397548496724,0.13558529764413835,1.1392173171043396,bos_sink,0.024714276180844468
pythia-160m,8,8,True,0.021288224123418333,0.116328876465559,0.04411897175014019,0.6636718273162842,0.0015794858860317617,0.36815041303634644,diffuse,0.026207583591056485
pythia-160m,8,9,True,7.027434276096756e-05,0.9923868656158448,0.00018557785515440627,0.005499925324693322,0.0005496502009918914,0.03978992141783237,bos_sink,0.007903209521155221
pythia-160m,8,10,True,0.009708928130567073,0.7811928629875183,0.030781874805688857,0.08009513765573502,0.02252374552190304,1.1157125115394593,bos_sink,0.011863504527026694
pythia-160m,8,11,True,0.040298577025532724,0.007282701646909117,0.09054670333862305,0.6997205972671509,0.0015323176514357329,0.6198531150817871,diffuse,0.021621725047146836
pythia-160m,9,0,True,0.00017875698686111718,0.7136112511157989,0.005876798694953322,0.0020026181402499786,0.27310594320297243,0.496512109041214,bos_sink,0.014607101962151927
pythia-160m,9,1,True,0.001545224929577671,0.670734566450119,0.007926318445242941,0.0030235376092605294,0.3176169693470001,0.10143073052167892,bos_sink,0.02297015106378261
pythia-160m,9,2,True,0.018291962891817094,0.14734085351228715,0.04855576604604721,0.5293026566505432,0.01588616669178009,0.3460901379585266,diffuse,0.03253201576914782
pythia-160m,9,3,True,0.01882920004427433,0.43219215869903566,0.15404635965824126,0.030910753831267356,0.11368670165538788,1.4698355197906494,bos_sink,0.024409764746393
pythia-160m,9,4,True,0.03794130124151707,0.3026032939553261,0.10713989585638047,0.2353145271539688,0.02129249256104231,0.37441869974136355,bos_sink,0.029855579683750345
pythia-160m,9,5,True,2.777254371721938e-06,0.34593653678894043,9.150311598205008e-06,0.3832732081413269,0.24514094293117522,0.4479802012443542,bos_sink,0.02334798543988278
pythia-160m,9,6,True,0.027009380236268043,0.032950522005558015,0.05284057036042213,0.6215733170509339,0.011394774075597525,0.3831801235675812,diffuse,0.028673773940229786
pythia-160m,9,7,True,0.02481757141649723,0.03627114668488503,0.053823813796043396,0.4603184342384338,0.11643866449594498,0.7223451852798461,diffuse,0.025965545902535626
pythia-160m,9,8,True,0.017453441955149175,0.028413781709969044,0.03729720488190651,0.7111303448677063,0.018989323638379574,0.36898422837257383,diffuse,0.02780682015991458
pythia-160m,9,9,True,0.021764997206628323,0.035154984891414644,0.055566883832216266,0.6637829661369323,0.03340751174837351,0.3804116487503052,diffuse,0.028881958469906814
pythia-160m,9,10,False,0.00015446458346559666,0.9932732343673706,0.004889544798061252,6.306329014478251e-05,0.0004394172225147486,0.04921331368386746,bos_sink,0.006539131826081849
pythia-160m,9,11,False,0.000281897389140795,0.9990602493286133,0.0005836148746311664,1.6415331901953323e-05,1.2064977681802702e-05,0.007420147396624088,bos_sink,0.006518284598374605
pythia-160m,10,0,True,0.003227644124604012,0.7710880517959595,0.010686556715518237,0.09230308160185814,0.030087363626807927,0.1363749697804451,bos_sink,0.03510171064808632
pythia-160m,10,1,True,0.0030127798090688884,0.6162299275398254,0.035116436146199706,6.410023178382573e-06,0.29496923089027405,0.14467208385467528,bos_sink,0.040179414911214094
pythia-160m,10,2,False,6.95402488304353e-07,0.8948849439620972,0.015845060255378483,0.05536836124956608,0.011367850191891193,0.09383782371878624,bos_sink,0.03293257848656737
pythia-160m,10,3,False,2.2465561571038962e-07,0.9909036159515381,0.0016428299575636629,0.002718418395579647,0.0009174336246360326,0.007265221001580358,bos_sink,0.01593810944649572
pythia-160m,10,4,False,0.008423043401512587,0.837362003326416,0.06559769436717033,0.015332710929214954,0.028080488741397857,0.07831489443778991,bos_sink,0.04531428069784904
pythia-160m,10,5,True,9.05445103853708e-06,5.068661948826048e-07,2.3039583174977453e-05,1.4354823360918089e-05,0.8302283883094788,1.4351527214050293,diffuse,0.012207069472708073
pythia-160m,10,6,True,0.028532997518777848,0.09055909514427185,0.07631447762250901,0.507666826248169,0.022215515747666358,0.33255606293678286,diffuse,0.03496123469700333
pythia-160m,10,7,True,0.004410174297390768,0.7777846693992615,0.01437391578219831,0.1066618762910366,0.010972450068220497,0.15739237144589424,bos_sink,0.024914775116251904
pythia-160m,10,8,True,0.012558688595890998,0.5825675308704377,0.0355647656135261,0.1931794837117195,0.01789331268519163,0.26005294620990754,bos_sink,0.02737414397122915
pythia-160m,10,9,True,0.003846300207078457,0.33617548644542694,0.02490120492875576,0.006045645941048861,0.39786694943904877,1.119958519935608,bos_sink,0.022591276260046724
pythia-160m,10,10,True,0.018812781386077403,0.4195742756128311,0.04362959675490856,0.3139112934470177,0.01624532397836447,0.3250361233949661,bos_sink,0.025741574288513196
pythia-160m,10,11,True,0.033194993436336515,0.3626253306865692,0.08913526982069016,0.18841098845005036,0.039169898629188536,0.32143862545490265,bos_sink,0.03104001207844769
pythia-160m,11,0,True,4.723383901783507e-08,0.3564814567565918,0.0003388535442354623,3.0660305211371862e-09,0.6419089794158935,0.28970571160316466,bos_sink,0.017706877862730896
pythia-160m,11,1,False,0.015548901259899139,0.3238176375627518,0.027315871417522432,0.01191823985427618,0.3465519964694977,0.24831202626228333,bos_sink,0.04693940833213418
pythia-160m,11,2,True,4.219877726450787e-08,0.649494755268097,8.505807022274325e-07,2.2992090581114928e-10,0.3305178999900818,0.17602238953113555,bos_sink,0.028679110766072873
pythia-160m,11,3,False,1.3101818563518693e-12,0.9887306094169617,1.8108165340519762e-05,3.097554093442218e-09,0.010044951946474612,0.01069176448509097,bos_sink,0.020855098105991326
pythia-160m,11,4,True,0.04982689470052719,0.18958891928195953,0.17030307054519653,0.15115343034267426,0.06002651304006577,0.30640069842338563,diffuse,0.029647898569705355
pythia-160m,11,5,True,0.011034191108774394,0.45079503059387205,0.013335472205653787,0.0061886941082775595,0.3675150990486145,0.18001438081264495,bos_sink,0.05344525063673941
pythia-160m,11,6,True,3.04922555501641e-15,0.6021900296211242,4.3156004791988777e-08,2.651748850501271e-12,0.3748733699321747,0.21962690949440003,bos_sink,0.028430705258864687
pythia-160m,11,7,True,5.7630244064806916e-06,0.42696040868759155,0.00014745546233498885,0.00011225239343130023,0.49891807436943053,0.30101568102836607,bos_sink,0.039973900259289125
pythia-160m,11,8,True,2.8265714062406563e-08,0.048442868143320085,2.826571418046972e-08,3.967599948902534e-17,0.9498290061950684,0.1468680515885353,previous_token,0.027311125353190815
pythia-160m,11,9,True,0.000222006705382587,0.07808066233992576,0.000546877486801911,3.1435202179274856e-08,0.8766735315322876,0.29010533094406127,previous_token,0.03451179332162349
pythia-160m,11,10,True,0.0015723913354088737,0.6575093030929565,0.0015724234782920731,2.6155746271441795e-05,0.3181005150079727,0.12560338973999025,bos_sink,0.03657374880283743
pythia-160m,11,11,True,0.0002508907111462122,0.021508963825181127,0.0002685623511524682,1.259422444022107e-06,0.9515622735023499,0.1799821972846985,diffuse,0.02888138529045519
pythia-410m,0,0,True,0.0015604826156049966,0.0027503025252372027,0.02738542780280113,0.00440312079153955,0.8390424966812133,2.6358460426330566,previous_token,0.0
pythia-410m,0,1,False,2.674336137715727e-05,0.9995417833328247,0.00012121944600949064,2.142543307854794e-05,0.00010214009671472013,0.007374344207346439,bos_sink,0.0
pythia-410m,0,2,True,0.03433627299964428,0.4564184844493866,0.10646099001169204,0.021526571363210678,0.17129119634628295,2.7857922077178956,bos_sink,0.0
pythia-410m,0,3,True,0.07302132993936539,0.11926273554563523,0.18167777359485626,0.021844818815588952,0.4321491062641144,3.5818417072296143,diffuse,0.0
pythia-410m,0,4,True,0.02159906253218651,0.0052710302174091336,0.13765634894371032,0.028097887709736823,0.44681926965713503,3.8561252117156983,diffuse,0.0
pythia-410m,0,5,True,0.6647863864898682,0.006544195301830769,0.6940855383872986,0.00724163418635726,0.222318372130394,1.5880659818649292,induction,0.0
pythia-410m,0,6,True,0.02143797054886818,0.09580380767583847,0.10657125860452651,0.02559843100607395,0.3939600169658661,4.037336158752441,diffuse,0.0
pythia-410m,0,7,True,0.030276671797037125,0.11208206117153167,0.11115465611219406,0.02574617713689804,0.4119273602962494,3.4215237140655517,diffuse,0.0
pythia-410m,0,8,False,0.01473207026720047,0.592050039768219,0.05995412692427635,0.011330029368400574,0.17931642532348632,2.578928756713867,bos_sink,0.0
pythia-410m,0,9,True,0.00812987433746457,0.017619754560291766,0.061546485871076584,0.017697059735655784,0.6008252739906311,3.6024062633514404,diffuse,0.0
pythia-410m,0,10,True,0.04311359450221062,0.04025375992059708,0.17607423067092895,0.03769256994128227,0.3282825231552124,4.084601020812988,diffuse,0.0
pythia-410m,0,11,True,0.03573962301015854,0.30650231838226316,0.1162516787648201,0.021902408823370932,0.28538808822631834,3.4183837890625,bos_sink,0.0
pythia-410m,0,12,True,0.029703648388385774,0.2724707216024399,0.11662274748086929,0.02573109306395054,0.2601160228252411,3.3347744941711426,diffuse,0.0
pythia-410m,0,13,True,0.01788329929113388,0.5902810037136078,0.07509625032544136,0.017145950719714163,0.1116018533706665,2.3309762954711912,bos_sink,0.0
pythia-410m,0,14,True,0.005045285262167454,0.0046737432479858395,0.0502799354493618,0.012107148021459579,0.686632227897644,2.763033628463745,previous_token,0.0
pythia-410m,0,15,True,0.04572892747819424,0.3550974279642105,0.11632622182369232,0.021556745655834673,0.25240276753902435,2.827363300323486,bos_sink,0.0
pythia-410m,1,0,False,0.0015017845202237368,0.9156268477439881,0.023362981155514717,0.0022212530951946975,0.029870934411883356,0.7185869693756104,bos_sink,0.003952997492476895
pythia-410m,1,1,False,0.0008739650715142488,0.7761895537376404,0.012225268594920635,0.0010102582280524075,0.16704778373241425,1.273812222480774,bos_sink,0.004520966639605945
pythia-410m,1,2,True,0.03387312144041062,0.004949457384645939,0.13724090456962584,0.03461211249232292,0.3836534857749939,3.990287733078003,diffuse,0.009537630916787188
pythia-410m,1,3,True,0.003045451594516635,0.08129699304699897,0.03664817437529564,0.007225300092250109,0.674746859073639,2.94186053276062,previous_token,0.005946577605056478
pythia-410m,1,4,True,0.5861472129821778,0.10632612854242325,0.6040216326713562,0.005386479571461678,0.1470291554927826,2.2135321617126467,induction,0.006410992402123091
pythia-410m,1,5,True,0.022478426247835158,0.007463989220559597,0.09866772890090943,0.025616521760821343,0.4811268627643585,3.8625833988189697,diffuse,0.006018398576354918
pythia-410m,1,6,True,0.001988908601924777,0.029481931775808334,0.07996045500040054,0.00438245739787817,0.7163551926612854,2.7537303447723387,previous_token,0.005385079446750942
pythia-410m,1,7,True,0.014575561694800853,0.6695854306221009,0.07177400439977646,0.010169403813779353,0.14303164631128312,1.9755046606063842,bos_sink,0.008140052339969348
pythia-410m,1,8,True,0.03889331817626953,0.22266454696655275,0.2335262715816498,0.03278624229133129,0.1603183090686798,3.601392221450806,diffuse,0.03128518287895808
pythia-410m,1,9,True,0.00044733071699738504,0.7824400305747986,0.010668077878654003,0.000921911746263504,0.17051027119159698,1.139035129547119,bos_sink,0.005322292634431747
pythia-410m,1,10,True,0.007390037598088384,0.004363075690343976,0.13371793180704117,0.01139643918722868,0.588197898864746,2.9954691410064695,previous_token,0.012792030999851468
pythia-410m,1,11,True,0.004908332135528326,0.07077061086893081,0.061655806750059126,0.007808091677725315,0.6421273589134217,2.9386474609375,previous_token,0.005398435877838974
pythia-410m,1,12,True,0.002486400119960308,0.18553105592727662,0.020392918959259987,0.006157675292342901,0.6243076324462891,2.8829156398773192,previous_token,0.006753178467585619
pythia-410m,1,13,True,0.006210718117654323,0.14709075093269347,0.10782094001770019,0.018684869259595872,0.4281092405319214,3.7306097984313964,diffuse,0.009541600691582355
pythia-410m,1,14,True,0.001232177228666842,0.00908687710762024,0.043929366022348405,0.007374855689704418,0.7835164666175842,2.567057752609253,previous_token,0.005851257585749281
pythia-410m,1,15,True,0.14500299096107483,0.840717899799347,0.14670699834823608,0.0004692064190749079,0.008232552092522383,0.6291205286979675,bos_sink,0.0072580733448201155
pythia-410m,2,0,True,0.05425110012292862,0.11907767504453659,0.14877091348171234,0.03245936222374439,0.30904616713523864,3.7870834827423097,diffuse,0.007436664688249051
pythia-410m,2,1,False,0.019132082909345628,0.5938494801521301,0.06371782049536705,0.01326867677271366,0.15878323912620546,2.4923895359039308,bos_sink,0.006074030909593828
pythia-410m,2,2,True,0.013077450543642044,0.8157733082771301,0.04196292720735073,0.009047598019242287,0.04631829261779785,1.3346815943717956,bos_sink,0.004727816400848616
pythia-410m,2,3,True,0.04959491118788719,0.20416091084480287,0.20363031029701234,0.039844656735658644,0.1766263484954834,3.6440052509307863,diffuse,0.007215031260650917
pythia-410m,2,4,False,0.047572024166584015,0.2200486719608307,0.10885362327098846,0.01825927458703518,0.3408299446105957,3.792758655548096,diffuse,0.007892665278786416
pythia-410m,2,5,True,0.0093477594666183,0.4903050780296326,0.047763311117887494,0.00793427713215351,0.3127499341964722,2.712303400039673,bos_sink,0.006327661209617673
pythia-410m,2,6,False,0.0127002889290452,0.7202871799468994,0.059114332497119906,0.011812800727784633,0.08983362168073654,1.9482653141021729,bos_sink,0.007474647625432633
pythia-410m,2,7,True,0.002070409245789051,0.0009951080079190432,0.009770209342241288,0.004112624702975154,0.7919618725776673,2.9477686405181887,previous_token,0.004226344194869478
pythia-410m,2,8,True,0.032778702303767206,0.3457468390464783,0.10872494280338288,0.019328029081225395,0.2947189897298813,3.4307164192199706,bos_sink,0.010553109202210895
pythia-410m,2,9,True,0.021111638098955155,0.6111215710639953,0.07758995294570922,0.022891605272889137,0.1290716454386711,2.4935336112976074,bos_sink,0.007584760610532506
pythia-410m,2,10,True,0.6221726894378662,0.23266512751579285,0.6514418482780456,0.014240060560405254,0.019728146865963934,1.702543044090271,induction,0.010757096516607272
pythia-410m,2,11,False,0.012105350196361542,0.37799915075302126,0.13619073033332824,0.023550940677523613,0.1999000608921051,3.4819992065429686,bos_sink,0.00562482038845553
pythia-410m,2,12,False,0.00540425768122077,0.8500062346458435,0.03241075426340103,0.0044673183932900425,0.05944430008530617,1.1626923561096192,bos_sink,0.0039043376518902713
pythia-410m,2,13,True,0.04888453036546707,0.014833763986825944,0.1236265778541565,0.02985268533229828,0.5028218746185302,3.8101741313934325,diffuse,0.004481428331336754
pythia-410m,2,14,False,0.02669431045651436,0.1497960478067398,0.12563454508781433,0.022725870087742805,0.42395961880683897,3.8655691146850586,diffuse,0.006626974215471996
pythia-410m,2,15,True,0.03258097916841507,0.3071891784667969,0.10801614969968795,0.019495312497019766,0.292650043964386,3.5137332916259765,bos_sink,0.005608986364698541
pythia-410m,3,0,False,0.008425339311361312,0.555642557144165,0.032082822918891904,0.006883439980447293,0.27333582043647764,2.451262378692627,bos_sink,0.007342846379586853
pythia-410m,3,1,True,2.425769861247318e-06,0.0006270265788771212,0.01089827660471201,3.877477684000041e-05,0.9763126254081727,0.9372116446495056,previous_token,0.0038667149031936365
pythia-410m,3,2,True,0.04402085542678833,0.5630512475967407,0.12690141052007675,0.02293991595506668,0.09338987916707993,2.616703987121582,bos_sink,0.010502795094313152
pythia-410m,3,3,True,0.003820655355229974,0.46084233522415163,0.033142588660120965,0.006534780375659466,0.35815282464027404,2.5308898448944093,bos_sink,0.010036702493834086
pythia-410m,3,4,True,0.010719400644302369,0.5085641801357269,0.04742438718676567,0.006453399453312159,0.3038629502058029,2.450424385070801,bos_sink,0.00844264201081717
pythia-410m,3,5,False,0.040729446709156035,0.25687555968761444,0.15205764770507812,0.02903468571603298,0.2647975951433182,3.6399511337280273,diffuse,0.008888783562866836
pythia-410m,3,6,True,0.032056693360209464,0.08953171521425247,0.15076892375946044,0.038071582466363905,0.27714550495147705,4.10788049697876,diffuse,0.00963477096572078
pythia-410m,3,7,True,0.13269117921590806,0.11760306209325791,0.2758312225341797,0.04551408514380455,0.18827740848064423,3.8936070919036867,diffuse,0.015593093708615035
pythia-410m,3,8,True,0.0033943325746804477,0.6907369375228882,0.022275738790631293,0.0030013327021151783,0.20268464982509612,1.7487330198287965,bos_sink,0.007320748661816011
pythia-410m,3,9,True,0.0030752924736589192,0.4613178253173828,0.019404496625065805,0.004127900954335928,0.4169477164745331,2.362845516204834,bos_sink,0.00828507063383408
pythia-410m,3,10,True,0.01459805928170681,0.5325441837310791,0.06462516412138938,0.009813911840319633,0.24643218517303467,2.478079986572266,bos_sink,0.008826518499996277
pythia-410m,3,11,False,0.013258742168545723,0.7032710194587708,0.043419723957777025,0.007908232416957617,0.12510377913713455,1.9250046491622925,bos_sink,0.008734857221682867
pythia-410m,3,12,True,0.01118411123752594,0.11720346212387085,0.058266783505678175,0.014958433248102665,0.5172188997268676,3.823424959182739,diffuse,0.0057213951810694
pythia-410m,3,13,True,0.0045362492091953754,0.6709879517555237,0.04604277834296226,0.004208751069381833,0.19458094835281373,1.89118549823761,bos_sink,0.008016604445759322
pythia-410m,3,14,False,0.05745015069842339,0.21749191582202912,0.2500405102968216,0.044508036226034164,0.11072359383106231,3.68575496673584,diffuse,0.012466214421648811
pythia-410m,3,15,False,0.06139817982912064,0.27186731100082395,0.20415900349617006,0.03625062629580498,0.15659990906715393,3.8125283241271974,diffuse,0.006677945048118119
pythia-410m,4,0,True,0.0017123862635344267,0.7371214866638184,0.031314904987812045,0.001890471880324185,0.1896796077489853,1.5363628625869752,bos_sink,0.007962403057211185
pythia-410m,4,1,False,0.04679169878363609,0.35051667094230654,0.17139652669429778,0.030098064616322518,0.14100773334503175,3.4407488822937013,bos_sink,0.010353572058361281
pythia-410m,4,2,False,0.019085830077528954,0.5453058123588562,0.08960952311754226,0.01996733695268631,0.09686964750289917,2.739776134490967,bos_sink,0.008874828076061528
pythia-410m,4,3,False,0.02023489661514759,0.4778911530971527,0.08445965647697448,0.015401274897158146,0.19141327440738679,3.069701099395752,bos_sink,0.010058363301890527
pythia-410m,4,4,True,0.04225422739982605,0.15965894162654876,0.24676052927970887,0.04046417251229286,0.19051650166511536,3.7500702857971193,diffuse,0.013717169371709137
pythia-410m,4,5,True,0.005583853181451559,0.6715210795402526,0.027189875766634942,0.005306611396372318,0.21611936390399933,1.6487624406814576,bos_sink,0.015615793994479495
pythia-410m,4,6,True,0.07678780108690261,0.1827104926109314,0.15265727639198304,0.023638726398348808,0.3601105332374573,3.774170255661011,diffuse,0.011732323706112841
pythia-410m,4,7,False,0.04072987511754036,0.3701213836669922,0.18170852065086365,0.03065434582531452,0.1271834895014763,3.3703383922576906,bos_sink,0.009004371113149693
pythia-410m,4,8,True,0.07003823071718215,0.22309466004371642,0.23192873001098632,0.04005632027983665,0.13680832982063293,3.8292954921722413,diffuse,0.007629489780258706
pythia-410m,4,9,True,6.190130716277054e-06,0.0019245191244408489,0.045131970942020413,0.0001115663195378147,0.933937156200409,1.4105748891830445,previous_token,0.004322762187832117
pythia-410m,4,10,True,0.03545018695294857,0.13561321943998336,0.12578101456165314,0.03374080136418343,0.26621497273445127,3.5656624317169188,diffuse,0.013010051956268552
pythia-410m,4,11,True,0.0424196682870388,0.029681961983442307,0.1735093593597412,0.023646630346775055,0.4198731482028961,3.949336576461792,diffuse,0.00611485733418847
pythia-410m,4,12,True,0.06473664417862893,0.13078951239585876,0.2586684077978134,0.049819864332675934,0.12689571380615233,4.069963121414185,diffuse,0.012175953528400865
pythia-410m,4,13,True,0.028636159002780916,0.21013998985290527,0.11094070822000504,0.025322017818689348,0.29757527112960813,3.878975534439087,diffuse,0.006839975469314969
pythia-410m,4,14,True,0.004927040543407202,0.004127558832988143,0.025179270654916763,0.007130608335137368,0.7109971284866333,3.399668836593628,diffuse,0.0035597130587438045
pythia-410m,4,15,True,0.026753485575318335,0.44241938591003416,0.058694012463092804,0.007907624822109938,0.35948567986488345,2.7747220039367675,bos_sink,0.009266262705103761
pythia-410m,5,0,True,0.005161167494952679,0.3516084671020508,0.040316511690616605,0.005559093318879604,0.4512427747249603,2.975975751876831,bos_sink,0.008839309209711101
pythia-410m,5,1,True,0.0033526504412293434,0.36122559309005736,0.037505848705768584,0.006087549030780792,0.45556955933570864,2.6788219451904296,diffuse,0.009046664727420963
pythia-410m,5,2,True,5.2200958666759336e-09,0.0001692416233709082,0.005167876929044723,1.2083429851372785e-06,0.9914104819297791,0.4738820314407349,previous_token,0.003129150236937821
pythia-410m,5,3,True,0.015537787042558194,0.19646490812301637,0.1268085539340973,0.018081291019916533,0.4255043387413025,3.5971082210540772,diffuse,0.01335412964456886
pythia-410m,5,4,True,0.0013522999128326775,0.35171998143196104,0.011314902640879154,0.0021489151986315846,0.5146739482879639,2.3121086597442626,bos_sink,0.013303695870830997
pythia-410m,5,5,True,0.0002286819799337536,0.0433116503059864,0.0019887320697307585,0.0002642875217134133,0.9156424164772033,1.8325251579284667,previous_token,0.00835217298546137
pythia-410m,5,6,False,0.0043692695908248425,0.0009784874157048762,0.021528828889131546,0.00549739683046937,0.677529776096344,3.3993388175964356,diffuse,0.005381276741112547
pythia-410m,5,7,False,0.014160950854420661,0.3041838526725769,0.056431105732917784,0.014736904762685299,0.3001382350921631,3.7365698337554933,bos_sink,0.0024496104946131044
pythia-410m,5,8,True,0.0024838517419993877,0.42564001083374026,0.023335731029510497,0.0019364667823538184,0.48464000821113584,2.067276668548584,bos_sink,0.012118988836437273
pythia-410m,5,9,True,0.00013050179040874355,0.15215736031532287,0.00735373618081212,0.00038030830619391055,0.816845154762268,1.9966519594192504,previous_token,0.007059424542890369
pythia-410m,5,10,False,0.04976787641644478,0.18633144497871398,0.1713870108127594,0.03988586217164993,0.18082024455070494,3.979415845870972,diffuse,0.010137472982153164
pythia-410m,5,11,True,0.004746628040447831,0.030922385677695275,0.045692610740661624,0.007464894000440836,0.6451114892959595,2.9515117168426515,diffuse,0.01208006441763418
pythia-410m,5,12,True,0.0012427643174305557,0.5067579686641693,0.012758616358041763,0.001446371665224433,0.4202308714389801,2.0328817129135133,bos_sink,0.010866349009512357
pythia-410m,5,13,False,0.008786552399396897,0.5322799026966095,0.06070670410990715,0.00960315801203251,0.2098649263381958,2.6855047702789308,bos_sink,0.010552784084913027
pythia-410m,5,14,True,0.008267446886748075,0.3820111155509949,0.05136028602719307,0.008917514886707067,0.3598799228668213,2.9000132083892822,bos_sink,0.013220948791678788
pythia-410m,5,15,True,0.0038204586133360864,0.4209333896636963,0.023941070958971977,0.005245221219956875,0.4261003375053406,2.6002137660980225,bos_sink,0.010080554317545487
pythia-410m,6,0,True,0.9703725099563598,0.025836523994803427,0.9716687321662902,0.00030337950156535955,0.000611599104013294,0.1960403859615326,induction,0.01101884976983628
pythia-410m,6,1,True,0.04402550458908081,0.16158351302146912,0.1251189589500427,0.037114940211176874,0.22414910197257995,3.8122809410095213,diffuse,0.022474970279179485
pythia-410m,6,2,True,0.046581507474184033,0.27287583947181704,0.11854896992444992,0.03929957002401352,0.21651853024959564,3.683365535736084,diffuse,0.02988368377213334
pythia-410m,6,3,True,0.006560251861810684,0.07456699013710022,0.016408758983016015,0.7553558111190796,0.05993667393922806,1.3142207860946655,diffuse,0.020891451486659194
pythia-410m,6,4,True,0.0024407887598499657,0.6254144549369812,0.03194831646978855,0.004852517787367105,0.28640238642692567,1.8830890893936156,bos_sink,0.017505742751513224
pythia-410m,6,5,True,0.002668398804962635,0.4724445819854736,0.016375137120485307,0.0031204177998006345,0.414615273475647,2.5129137992858888,bos_sink,0.011913176797937386
pythia-410m,6,6,True,0.05545259267091751,0.16175500452518463,0.1539633721113205,0.04106549024581909,0.20427988171577455,3.7068602085113525,diffuse,0.02794215228080361
pythia-410m,6,7,False,0.027938100695610046,0.31813358068466185,0.15811708867549895,0.027813510224223136,0.18906183242797853,3.6433170318603514,bos_sink,0.00850930213094832
pythia-410m,6,8,False,0.004261200502514839,0.8513492345809937,0.028644006326794626,0.0026734442450106143,0.07990838587284088,1.1009733915328979,bos_sink,0.010182715290074867
pythia-410m,6,9,True,0.0028444680385291575,0.6128849506378173,0.018579695746302603,0.0036915210541337727,0.28472563028335574,1.9936464309692383,bos_sink,0.0090429452893614
pythia-410m,6,10,True,0.04239564388990402,0.36209248900413515,0.09313731193542481,0.015083667263388634,0.31568039059638975,3.184939908981323,bos_sink,0.012519586272222417
pythia-410m,6,11,True,0.023553060367703438,0.22928508818149568,0.0849757432937622,0.020810047909617425,0.3354796886444092,3.808757448196411,diffuse,0.014420225005818469
pythia-410m,6,12,True,0.016754678264260293,0.23490752875804902,0.08226429522037507,0.014579701237380505,0.4565668284893036,3.569233751296997,diffuse,0.01058853910966086
pythia-410m,6,13,True,0.00025264834985136984,0.14773887991905213,0.0022423261776566505,0.0004923909087665379,0.7920854210853576,2.4698862075805663,previous_token,0.008812464111714376
pythia-410m,6,14,True,0.007392949890345335,0.5862167835235595,0.030013052746653557,0.008975707180798053,0.16378026008605956,2.54239764213562,bos_sink,0.010370068042348784
pythia-410m,6,15,True,0.12830975502729416,0.481767737865448,0.18852542340755463,0.033311742916703226,0.11399853825569153,2.7023558139801027,bos_sink,0.020674999496367915
pythia-410m,7,0,True,0.38235148787498474,0.02896481640636921,0.39413384795188905,0.006712390854954719,0.5300263285636901,1.7349773406982423,induction,0.012138692207439655
pythia-410m,7,1,True,0.0011575797805562615,0.16856397688388824,0.005510417558252811,0.8114540219306946,0.005108226742595434,0.7630465507507325,diffuse,0.01679890409674108
pythia-410m,7,2,True,2.7214371220907198e-05,0.3466416418552399,0.0011051568551920354,9.312553884228691e-05,0.6118288993835449,1.832546329498291,previous_token,0.011406253345021499
pythia-410m,7,3,True,0.1825581431388855,0.35176581144332886,0.26205694675445557,0.02614629305899143,0.09044936299324036,3.006537103652954,diffuse,0.02668098225942882
pythia-410m,7,4,True,0.0065194318071007725,0.27321130633354185,0.11252790987491608,0.02281654588878155,0.1896721214056015,3.766312265396118,diffuse,0.012175580017535333
pythia-410m,7,5,True,0.0053637978620827195,0.7121620416641236,0.022379936277866365,0.004187085991725325,0.1993734508752823,1.7471758842468261,bos_sink,0.011908782089792121
pythia-410m,7,6,True,0.10857492536306382,0.12804696559906006,0.16297336518764496,0.05542637705802918,0.13756714761257172,3.760484743118286,diffuse,0.036536628516935094
pythia-410m,7,7,True,0.000628960900940001,0.7116729855537415,0.004003223730251193,0.16929837465286254,0.09250567704439164,1.3048076391220094,bos_sink,0.012823056403751762
pythia-410m,7,8,True,0.8818474411964417,0.11247141510248185,0.8821447730064392,1.378107417622232e-05,0.005321456491947174,0.49853451251983644,induction,0.011829102523909136
pythia-410m,7,9,True,0.010453981906175613,0.44600589871406554,0.056592807918787,0.012063993327319621,0.28971242904663086,3.0453845024108888,bos_sink,0.010949256928245403
pythia-410m,7,10,True,0.00015389826003229246,0.3727536916732788,0.003329700278118253,0.0004222062649205327,0.5595075368881226,2.2114777088165285,bos_sink,0.014899378966594242
pythia-410m,7,11,True,0.03432165905833244,0.4380899310112,0.13599760234355926,0.023754851520061494,0.11764538288116455,3.281498098373413,bos_sink,0.015707985002349736
pythia-410m,7,12,True,0.04577948749065399,0.25540612936019896,0.10104030519723892,0.04326974377036095,0.29500616788864137,3.6854581356048586,diffuse,0.017276757513597123
pythia-410m,7,13,True,0.006211717892438173,0.675579822063446,0.03283998891711235,0.005315658915787935,0.19001927971839905,1.7911845922470093,bos_sink,0.027609583387699362
pythia-410m,7,14,True,0.010131483525037765,0.5088181674480439,0.038869649171829224,0.007880572974681855,0.2896324545145035,2.5679298877716064,bos_sink,0.02249518042619581
pythia-410m,7,15,False,0.011385626345872878,0.8307357668876648,0.03569628670811653,0.008956674672663211,0.05006236061453819,1.3209213972091676,bos_sink,0.011799436386833341
pythia-410m,8,0,True,0.003041313448920846,0.1541397452354431,0.019503456726670265,0.007028601970523596,0.6551531791687012,3.128312683105469,previous_token,0.013585921847646133
pythia-410m,8,1,True,0.0025709767825901507,0.6313514351844788,0.027051152288913728,0.0029391534626483917,0.27686540484428407,1.8412331581115722,bos_sink,0.01745255903676956
pythia-410m,8,2,True,0.00012369553587632254,0.28725765347480775,0.007354939170181751,0.0004405756713822484,0.6158131837844849,2.5008076190948487,previous_token,0.010319959103923283
pythia-410m,8,3,True,0.15400467813014984,0.2641959011554718,0.1905335158109665,0.10608339309692383,0.10132617056369782,2.929471731185913,diffuse,0.03486398769672382
pythia-410m,8,4,True,0.019347185641527175,0.18086888790130615,0.06906000226736068,0.06532634496688842,0.22146598994731903,3.3916579723358153,diffuse,0.01931809265501298
pythia-410m,8,5,True,0.042478188127279284,0.42566763162612914,0.13112928122282028,0.018929043784737587,0.3498355567455292,2.8877028942108156,bos_sink,0.021501423245986237
pythia-410m,8,6,True,0.0007828477304428816,0.12053368240594864,0.00679038530215621,0.868402099609375,0.0017381130484864116,0.5166885852813721,diffuse,0.02424767430178868
pythia-410m,8,7,True,0.012658970803022385,0.09577660411596298,0.03431271836161613,0.7193783760070801,0.03821430653333664,1.4538592100143433,diffuse,0.02059276322561114
pythia-410m,8,8,True,0.01687451358884573,0.45485436320304873,0.08984507471323014,0.017703671753406525,0.1341577246785164,2.9925201416015623,bos_sink,0.020516428847601263
pythia-410m,8,9,True,0.0034130409825593234,0.04156677648425102,0.017196630500257014,0.8777505397796631,0.033178527280688284,0.727568507194519,diffuse,0.016769048642685084
pythia-410m,8,10,True,0.05284547582268715,0.020746989734470846,0.1325715735554695,0.057234779745340345,0.28964621424674986,3.5344472408294676,diffuse,0.032016835682120354
pythia-410m,8,11,True,0.006268621794879437,0.34567211866378783,0.03404154852032661,0.009328425861895084,0.2752837300300598,3.4401811599731444,bos_sink,0.009225293533275022
pythia-410m,8,12,True,0.0003829790570307523,0.26042099893093107,0.001807183725759387,0.0012637271196581424,0.6894731998443604,2.4727983474731445,previous_token,0.018962948587058756
pythia-410m,8,13,True,0.034880046546459195,0.10824189484119415,0.238228639960289,0.09356847256422043,0.102983857691288,3.874689054489136,diffuse,0.018860743981448845
pythia-410m,8,14,True,0.021563224121928216,0.037250737100839613,0.07835908755660057,0.04070882126688957,0.19061681628227234,3.5890454769134523,diffuse,0.017034889789853673
pythia-410m,8,15,True,0.013657239079475404,0.13194756507873534,0.044321993738412856,0.017709431424736976,0.4680742800235748,3.694280481338501,diffuse,0.014769915337204372
pythia-410m,9,0,True,0.005692556174471975,0.7107945084571838,0.015321915224194526,0.23141006231307984,0.01360633447766304,1.0662620782852172,bos_sink,0.010452403844574914
pythia-410m,9,1,True,0.003164700558409095,0.20877783596515656,0.01112633477896452,0.003971760021522641,0.6311960339546203,3.0217444896698,diffuse,0.013136880278011766
pythia-410m,9,2,True,0.014408634044229984,0.3935370802879333,0.10185499638319015,0.03349485918879509,0.10695044845342636,3.4169973373413085,bos_sink,0.009336858032631928
pythia-410m,9,3,True,0.04735420197248459,0.15786026120185853,0.08569116443395615,0.04656153097748757,0.3517915904521942,3.7322002410888673,diffuse,0.023164688409720968
pythia-410m,9,4,True,0.01789679452776909,0.03483999744057655,0.052704166248440744,0.03227354809641838,0.7139775514602661,3.1352569580078127,diffuse,0.015875874115858377
pythia-410m,9,5,True,2.201841247995162e-07,0.08618587255477905,0.00047093009925447404,3.5166779980499997e-06,0.9054505109786988,1.2345399141311646,previous_token,0.010343135370367238
pythia-410m,9,6,True,0.06468559205532073,0.027911168336868287,0.11854859441518784,0.15762447118759154,0.0356564000248909,3.02892951965332,diffuse,0.015243948546412226
pythia-410m,9,7,True,0.011744490079581737,0.6665257573127746,0.0357955276966095,0.008207950182259083,0.2314826339483261,1.991220736503601,bos_sink,0.0124903116332189
pythia-410m,9,8,True,0.6788780093193054,0.15327477157115937,0.7106191396713257,0.0118958730250597,0.04126761481165886,1.654403018951416,induction,0.01471818149376796
pythia-410m,9,9,True,0.29846652746200564,0.5426732778549195,0.301811671257019,0.0010343320202082396,0.14931482672691346,1.3600165367126464,induction,0.01112647455127923
pythia-410m,9,10,True,0.008437386807054281,0.6377182960510254,0.04066159278154373,0.009020668268203736,0.0351944949477911,2.2541479110717773,bos_sink,0.010209216905986734
pythia-410m,9,11,False,0.00168173648416996,0.908699905872345,0.00795889487490058,0.002121896715834737,0.0226335009559989,0.7652363061904908,bos_sink,0.009975181517525708
pythia-410m,9,12,True,0.01450082529336214,0.5935170888900757,0.03623891696333885,0.014715339429676533,0.25914848744869234,2.3199982166290285,bos_sink,0.018712896479227383
pythia-410m,9,13,True,0.001659848797135055,0.49030921459197996,0.008400382846593857,0.0022357054986059666,0.3654118597507477,2.585682821273804,bos_sink,0.025874339014022467
pythia-410m,9,14,True,0.03697683028876782,0.7381462931632996,0.07135616838932038,0.018995695374906064,0.057500294595956805,1.7806737422943115,bos_sink,0.011979610736933096
pythia-410m,9,15,True,0.03184817805886268,0.3393435001373291,0.06334715262055397,0.031074514240026475,0.29472642540931704,3.3162972927093506,bos_sink,0.018468616902350254
pythia-410m,10,0,True,0.025236885994672775,0.11774003356695176,0.06471194699406624,0.7582602858543396,0.010356204956769944,1.2179915189743042,diffuse,0.009813418080578642
pythia-410m,10,1,True,0.0008739609969779849,0.20673058927059174,0.006227490864694119,0.001622195984236896,0.6831269145011902,2.745588207244873,previous_token,0.011826218865574127
pythia-410m,10,2,True,0.023569238372147083,0.5392683565616607,0.06784341782331467,0.028370579332113267,0.1171375796198845,2.621303176879883,bos_sink,0.013787103059247052
pythia-410m,10,3,True,0.07351497411727906,0.28876094818115233,0.12169979959726333,0.305878734588623,0.15620712637901307,2.3480907917022704,diffuse,0.019882912767847125
pythia-410m,10,4,True,0.06408111229538918,0.2568915784358978,0.12626492381095886,0.42263267040252683,0.0086063452064991,2.024190807342529,diffuse,0.013309331370877538
pythia-410m,10,5,True,0.0029789533000439405,0.4858061671257019,0.015227111615240574,0.003938092663884163,0.3507332444190979,2.6827852725982666,bos_sink,0.01124076882549639
pythia-410m,10,6,True,0.021615618839859962,0.18578108847141267,0.05612184703350067,0.04756974503397941,0.11643402874469758,3.7397730350494385,diffuse,0.014220298001259297
pythia-410m,10,7,True,0.1752031236886978,0.2616437613964081,0.2146871119737625,0.022757671773433685,0.2757160604000092,2.9128175735473634,diffuse,0.018337468297585088
pythia-410m,10,8,True,0.005332778999581933,0.8902413606643677,0.017610708624124526,0.04418258629739284,0.019756992161273957,0.7508363366127014,bos_sink,0.011047043028807288
pythia-410m,10,9,True,0.026919618993997575,0.0016475012293085457,0.04158459566533566,0.9501580834388733,9.226483525708318e-05,0.28001277446746825,diffuse,0.008412514854931571
pythia-410m,10,10,True,0.027644450217485426,0.26343710720539093,0.14442454129457474,0.03037756271660328,0.2570121645927429,3.8272154331207275,diffuse,0.014160529395672646
pythia-410m,10,11,True,0.0045571114867925646,0.5904853343963623,0.022528024017810823,0.006748659629374742,0.11924773752689362,2.403840732574463,bos_sink,0.025740276571313468
pythia-410m,10,12,True,0.0365643672645092,0.19568677842617035,0.06965778321027756,0.10506560355424881,0.031679767370224,3.301163101196289,diffuse,0.01632882773387415
pythia-410m,10,13,True,0.03300060927867889,0.4168860733509064,0.07743076831102372,0.13809970617294312,0.18397489488124846,2.7932361125946046,bos_sink,0.028042327719705534
pythia-410m,10,14,True,0.005665440112352371,0.7237608790397644,0.03595458827912808,0.005531009146943688,0.1214651882648468,1.8399193048477174,bos_sink,0.014891625144342585
pythia-410m,10,15,True,0.09261429756879806,0.5037250936031341,0.1266108676791191,0.014229308255016804,0.2564514845609665,2.4691276073455812,bos_sink,0.013237914988434591
pythia-410m,11,0,True,0.007876480557024479,0.7079069375991821,0.03389433659613132,0.008751304540783166,0.1379225954413414,1.9075299501419067,bos_sink,0.009331706595234494
pythia-410m,11,1,True,0.04973110035061836,0.3250498414039612,0.1084147959947586,0.40121000409126284,0.08114441186189651,2.0911886930465697,bos_sink,0.029663204265223345
pythia-410m,11,2,True,0.02253982126712799,0.04905750826001167,0.04831813201308251,0.8636739253997803,0.004126941179856658,0.7921848773956299,diffuse,0.011467983160145183
pythia-410m,11,3,True,0.012208927981555462,0.6372557759284974,0.04305812194943428,0.022098320722579955,0.13446551263332368,2.328884506225586,bos_sink,0.009363358507181072
pythia-410m,11,4,True,0.01494527943432331,0.5740594625473022,0.0510617733001709,0.08122732341289521,0.18903147280216218,2.430806541442871,bos_sink,0.010119850040165967
pythia-410m,11,5,True,0.02732703648507595,0.8894522786140442,0.048213716596364975,0.019926288910210133,0.010151642002165317,0.7970186471939087,bos_sink,0.01012234547145473
pythia-410m,11,6,True,0.03664308041334152,0.11320075392723083,0.07980704158544541,0.2577484965324402,0.009918900951743127,1.9680255889892577,diffuse,0.013793344879798266
pythia-410m,11,7,True,0.010019107535481454,0.7389070510864257,0.03317817375063896,0.021313225477933885,0.09013061970472336,1.8337825059890747,bos_sink,0.011643824936897869
pythia-410m,11,8,True,0.007279970962554216,0.5381815314292908,0.037488114833831784,0.010432300716638565,0.31509503722190857,2.490901327133179,bos_sink,0.01234029016124687
pythia-410m,11,9,True,0.007202684693038463,0.5760590314865113,0.03702196106314659,0.010040947422385215,0.21780574917793274,2.4516247749328612,bos_sink,0.010543799988683489
pythia-410m,11,10,False,0.004537722002714873,0.8804718017578125,0.021764295548200606,0.006250771507620811,0.03675683811306953,0.9711811900138855,bos_sink,0.008814380205064533
pythia-410m,11,11,True,0.0052340150810778144,0.9269387602806092,0.015994185395538808,0.004663201700896025,0.01874292455613613,0.6373845219612122,bos_sink,0.00818683735296221
pythia-410m,11,12,True,0.018662199191749097,0.7530394434928894,0.05088860094547272,0.039853430539369586,0.027678925544023514,1.6170642375946045,bos_sink,0.009605673484797652
pythia-410m,11,13,True,0.005749048851430416,0.48410411477088927,0.028072676435112954,0.006624114606529475,0.3518004596233368,2.640534830093384,bos_sink,0.013016087834086087
pythia-410m,11,14,True,0.022808953560888766,0.005233842926099896,0.05059920772910118,0.9292441725730896,0.002213625865988433,0.4515208125114441,diffuse,0.010673151047762808
pythia-410m,11,15,True,0.03004872314631939,0.2189089685678482,0.062344972789287564,0.06062680259346962,0.18782905638217925,3.256850337982178,diffuse,0.02358064780127347
pythia-410m,12,0,True,0.004926936887204647,0.3441553175449371,0.021807560697197914,0.3121325135231018,0.1948244035243988,2.503045177459717,bos_sink,0.015697733437923193
pythia-410m,12,1,True,0.014708962477743625,0.33594065308570864,0.07877510115504265,0.026488348841667175,0.25442821681499483,3.443137216567993,bos_sink,0.010537893135022684
pythia-410m,12,2,True,0.0020231792936101557,0.5479620337486267,0.011461855284869671,0.003156381519511342,0.29757492542266845,2.414645528793335,bos_sink,0.013879892499498956
pythia-410m,12,3,True,0.012795193120837212,0.6909946441650391,0.06756853312253952,0.01334240399301052,0.0551462396979332,2.160296821594238,bos_sink,0.010858304699892
pythia-410m,12,4,True,0.003996814507991076,0.3870680630207062,0.05690014362335205,0.005616362020373344,0.4644524097442627,2.742654800415039,bos_sink,0.015458596436129228
pythia-410m,12,5,True,0.0031867016572505237,0.25287688374519346,0.019307070598006248,0.004929378163069487,0.46223498582839967,3.263416051864624,diffuse,0.01245675584617222
pythia-410m,12,6,True,0.015120347030460835,0.5971927285194397,0.0590424470603466,0.029436522349715232,0.184876012802124,2.344610071182251,bos_sink,0.011301610026660127
pythia-410m,12,7,True,0.02152102142572403,0.42989128828048706,0.08248067796230316,0.029288077354431154,0.23403452932834626,3.1706424236297606,bos_sink,0.015252267393652786
pythia-410m,12,8,True,0.02614196315407753,0.8294281125068664,0.053871498256921765,0.043659622222185133,0.01760968714952469,1.090664517879486,bos_sink,0.015092548219579616
pythia-410m,12,9,True,0.05936636030673981,0.5337732315063477,0.10057834982872009,0.0681135043501854,0.12443045675754547,2.590957832336426,bos_sink,0.025107885373973383
pythia-410m,12,10,True,0.010020256973803043,0.3466633439064026,0.051193933188915255,0.011934106051921845,0.4945112824440002,2.9787372589111327,bos_sink,0.015114540568701162
pythia-410m,12,11,True,0.047906641662120816,0.21275718212127687,0.09036369323730468,0.22361650466918945,0.16893982887268066,3.0342142581939697,diffuse,0.023761769461429896
pythia-410m,12,12,True,0.03390803262591362,0.33263459205627444,0.09731236696243287,0.08771365135908127,0.17859035730361938,3.507653331756592,bos_sink,0.01269269265266135
pythia-410m,12,13,True,0.011632224731147289,0.1621360182762146,0.03523596525192261,0.019481699168682098,0.47716822624206545,3.535361385345459,diffuse,0.012752527994225523
pythia-410m,12,14,True,0.019668379984796047,0.6565123915672302,0.06714625135064126,0.029037388786673547,0.10035987347364425,2.192428469657898,bos_sink,0.014369368906870406
pythia-410m,12,15,True,0.028764885663986207,0.6343491911888123,0.06861835271120072,0.043054637312889096,0.05437976643443108,2.3041895389556886,bos_sink,0.01317439464189385
pythia-410m,13,0,True,0.0001835707444115542,0.18894877433776855,0.003637126926332712,0.0004923653847072274,0.7365653872489929,2.1097325563430784,previous_token,0.0136790319327507
pythia-410m,13,1,True,0.003983391867950559,0.8752518773078919,0.022495221346616745,0.01657852213829756,0.03631400018930435,0.9746737360954285,bos_sink,0.014551550932808688
pythia-410m,13,2,False,0.00423646429553628,0.7590743184089661,0.02351125478744507,0.006413943413645029,0.11070817857980728,1.6647727727890014,bos_sink,0.011365362279971885
pythia-410m,13,3,False,0.005552398413419724,0.8515908718109131,0.026499465480446814,0.006946542859077453,0.039273713156580924,1.1271843791007996,bos_sink,0.01471564909808063
pythia-410m,13,4,True,0.003559393435716629,0.8537144541740418,0.017452862113714218,0.006036941148340702,0.05407703220844269,1.1032762289047242,bos_sink,0.008633066037804959
pythia-410m,13,5,True,0.00721310181543231,0.7741149306297302,0.04646477177739143,0.026791833341121674,0.03503297120332718,1.5975167989730834,bos_sink,0.009805495805245505
pythia-410m,13,6,True,0.007203424721956253,0.8484010338783264,0.025097289681434633,0.010338610783219338,0.04887803345918655,1.1815810441970824,bos_sink,0.011147424863256398
pythia-410m,13,7,True,0.007920015230774879,0.8719849944114685,0.018158719316124915,0.015055164881050586,0.06195218414068222,0.9575380921363831,bos_sink,0.012537264066034264
pythia-410m,13,8,True,0.018630712851881982,0.6531511902809143,0.07054705247282982,0.027856235951185228,0.08697284758090973,2.1822165727615355,bos_sink,0.021015043477610077
pythia-410m,13,9,True,0.010618840344250202,0.5674501895904541,0.031213538721203804,0.015303090400993823,0.10946408659219742,2.5390978336334227,bos_sink,0.016067658665159974
pythia-410m,13,10,True,0.006063375622034073,0.8744869947433471,0.03476677425205708,0.010453136824071407,0.026112617179751395,1.0149763703346253,bos_sink,0.016585822852059656
pythia-410m,13,11,False,0.01114573199301958,0.8252961874008179,0.04065420925617218,0.011970495246350766,0.03782631978392601,1.2982647895812989,bos_sink,0.01694760564048129
pythia-410m,13,12,True,0.01611701399087906,0.34973218441009524,0.04722512662410736,0.023185838386416434,0.2175276279449463,3.2692251682281492,bos_sink,0.027001701497207167
pythia-410m,13,13,True,0.005621036235243082,0.8514579892158508,0.022557447850704192,0.006195912137627602,0.05388016104698181,1.1518702268600465,bos_sink,0.008288708677676261
pythia-410m,13,14,True,0.014824164472520352,0.5891454577445984,0.05307842493057251,0.047274963557720186,0.06269461438059806,2.329917240142822,bos_sink,0.013060436301407552
pythia-410m,13,15,False,0.005871718842536211,0.8946754455566406,0.0186521515250206,0.013973061926662922,0.023559419065713884,0.8738709211349487,bos_sink,0.010949302131745664
pythia-410m,14,0,True,0.006531663052737713,0.27535511553287506,0.01826925724744797,0.6101955056190491,0.007824867591261863,1.4461129188537598,diffuse,0.012786898493472424
pythia-410m,14,1,True,0.004423210443928838,0.6819751143455506,0.02322048433125019,0.012017275206744671,0.24442294836044312,1.7449217796325684,bos_sink,0.016495199035348424
pythia-410m,14,2,True,0.04282304048538208,0.2279602289199829,0.13087556958198548,0.22998247146606446,0.029599474743008614,2.8187485694885255,diffuse,0.027314786968576518
pythia-410m,14,3,True,0.0020856047514826058,0.9226842880249023,0.006549921166151762,0.0013068326690699906,0.04820717805996537,0.19984131455421447,bos_sink,0.025693489992000475
pythia-410m,14,4,False,0.0009370120358653366,0.9468205332756042,0.005991020705550909,0.0013017982128076255,0.0348253395408392,0.4508541464805603,bos_sink,0.009091014563924806
pythia-410m,14,5,True,0.019607122614979745,0.2266763061285019,0.04784194678068161,0.04494607597589493,0.17646292448043824,3.3689647197723387,diffuse,0.028666844550986996
pythia-410m,14,6,True,0.0035384961403906344,0.7704259991645813,0.015191847458481789,0.002908193180337548,0.16620699167251587,1.4645928621292115,bos_sink,0.009446078534027368
pythia-410m,14,7,True,0.015641295723617075,0.7404237151145935,0.05018576607108116,0.02249908484518528,0.06317626014351845,1.8215142250061036,bos_sink,0.014744688746186329
pythia-410m,14,8,True,0.006693175714462996,0.2977032244205475,0.0217095572501421,0.008291763439774513,0.5351984024047851,2.9296608924865724,diffuse,0.01217692561430293
pythia-410m,14,9,False,0.005990052316337824,0.8436679840087891,0.022992152348160745,0.008160893712192774,0.059250547736883166,1.205145287513733,bos_sink,0.013615394554122058
pythia-410m,14,10,False,0.004036733508110046,0.8781742095947266,0.019032009690999985,0.005716329999268055,0.048201799392700195,1.0042497634887695,bos_sink,0.011833727467707063
pythia-410m,14,11,True,0.15486604869365692,0.48226205110549925,0.20447413623332977,0.03245638981461525,0.1532689481973648,2.5548659324645997,bos_sink,0.015677589627453477
pythia-410m,14,12,True,0.006297193001955748,0.6996278166770935,0.04671516492962837,0.006830047909170389,0.18108399212360382,1.9015564680099488,bos_sink,0.01357273330260516
pythia-410m,14,13,True,0.020262650772929193,0.7370224952697754,0.046392664313316345,0.032136863097548485,0.051271139085292815,1.7279438734054566,bos_sink,0.014121843172683668
pythia-410m,14,14,False,0.005314931087195873,0.8093602299690247,0.029139046743512153,0.00561059070751071,0.08457349687814712,1.4258710622787476,bos_sink,0.011075543908483318
pythia-410m,14,15,True,0.006003673281520605,0.8600942373275757,0.024363983422517776,0.008297170046716928,0.023755622282624244,1.0372326135635377,bos_sink,0.017195117230373678
pythia-410m,15,0,True,0.013233553245663643,0.724228298664093,0.05124160274863243,0.024048522859811784,0.0660467080771923,1.8994163751602173,bos_sink,0.01216716912607708
pythia-410m,15,1,True,0.003377258311957121,0.8629109144210816,0.017892231233417988,0.003825948853045702,0.056539887189865114,1.0735741138458252,bos_sink,0.0072137859919562345
pythia-410m,15,2,True,0.020887327566742896,0.557969617843628,0.05966339558362961,0.13123377561569213,0.038813010603189466,2.4404600620269776,bos_sink,0.015956550967417625
pythia-410m,15,3,False,0.007732545677572489,0.8100990176200866,0.03655456714332104,0.00937198381870985,0.061717599630355835,1.415065097808838,bos_sink,0.013148084502912612
pythia-410m,15,4,True,0.00026626938197296115,0.525875186920166,0.0027664140798151493,0.0005990330129861832,0.4154273271560669,1.912917709350586,bos_sink,0.010844608519501118
pythia-410m,15,5,True,0.006835006084293127,0.7778205394744873,0.015485066920518875,0.14555629938840867,0.01898540146648884,0.9466083765029907,bos_sink,0.01880055586389075
pythia-410m,15,6,True,0.04942806139588356,0.2558106333017349,0.1401603788137436,0.30714614391326905,0.04038587212562561,2.7759382724761963,diffuse,0.015242701265092319
pythia-410m,15,7,False,0.0015601590974256396,0.949905276298523,0.014779219776391983,0.0014394647674635052,0.021087125688791276,0.4545714855194092,bos_sink,0.009309988545754037
pythia-410m,15,8,True,0.006641070172190666,0.6852256059646606,0.015768044255673887,0.16894611418247224,0.046018526703119275,1.383560061454773,bos_sink,0.02534448374952095
pythia-410m,15,9,False,0.001285921107046306,0.9327959656715393,0.008316612243652344,0.001491612521931529,0.041250694543123245,0.5584360241889954,bos_sink,0.009450316562122509
pythia-410m,15,10,True,0.02798559293150902,0.49588441848754883,0.07325625866651535,0.15972382724285125,0.06749177053570747,2.2617422580718993,bos_sink,0.01621637865321787
pythia-410m,15,11,True,0.0024431152269244194,0.15475203096866608,0.017718488723039626,0.0026282135862857104,0.6866983294486999,2.967733860015869,previous_token,0.012433857256544546
pythia-410m,15,12,True,0.00855488535016775,0.7979544997215271,0.021971919760107993,0.010119677148759365,0.12263984829187394,1.3704408168792725,bos_sink,0.014937934726487249
pythia-410m,15,13,False,0.004439608240500092,0.8404261469841003,0.021178529411554337,0.0046592350117862225,0.06727354675531387,1.2243237018585205,bos_sink,0.010772425440171323
pythia-410m,15,14,True,0.0061869857832789425,0.7057979106903076,0.02948658913373947,0.008240743540227413,0.11588782072067261,1.978843665122986,bos_sink,0.010862038338239116
pythia-410m,15,15,True,0.005752239935100078,0.7585883259773254,0.02192002721130848,0.008242763672024011,0.1317014828324318,1.641223406791687,bos_sink,0.013177984713833723
pythia-410m,16,0,True,0.00705084865912795,0.6252139329910278,0.023588220402598382,0.07420996874570847,0.17978776693344117,2.1336866140365602,bos_sink,0.01389137899702442
pythia-410m,16,1,True,0.03320875316858292,0.2907260149717331,0.0869075745344162,0.34534054398536684,0.06534475013613701,2.106662392616272,diffuse,0.01851091005287831
pythia-410m,16,2,True,0.001037931442260742,0.8492676258087158,0.008646823558956384,0.0018358971923589707,0.0773536816239357,1.0368802309036256,bos_sink,0.012665930344143027
pythia-410m,16,3,True,0.029374268651008607,0.45502783060073854,0.08443479537963867,0.266771936416626,0.03234078772366047,1.834268283843994,bos_sink,0.017593899660950922
pythia-410m,16,4,True,0.026061467081308364,0.4065423488616943,0.08364353850483894,0.2608140528202057,0.04317883551120758,1.8509099245071412,bos_sink,0.01781402011539149
pythia-410m,16,5,True,0.03144553005695343,0.21162362396717072,0.07895471006631852,0.41831780076026914,0.04633038341999054,2.1352211475372314,diffuse,0.019581450139304055
pythia-410m,16,6,True,0.011266979202628136,0.7597478032112122,0.05870549827814102,0.01774934884160757,0.023906445130705833,1.5585550785064697,bos_sink,0.012174227468803901
pythia-410m,16,7,True,0.040839293599128725,0.5141189515590667,0.07826514542102814,0.23734260797500611,0.042573232203722,1.9763066291809082,bos_sink,0.027235342245377523
pythia-410m,16,8,False,0.0058559968136250974,0.90697762966156,0.015868915431201457,0.013092633150517941,0.009146999288350343,0.7235771536827087,bos_sink,0.011002380678880966
pythia-410m,16,9,False,0.004855417041108012,0.9074401497840882,0.018735759519040586,0.006554090417921543,0.02617318630218506,0.7704023897647858,bos_sink,0.008694647554143339
pythia-410m,16,10,True,0.018313004821538924,0.4771599590778351,0.07583555728197097,0.015107967890799046,0.18383437693119048,2.998135566711426,bos_sink,0.017370329764815926
pythia-410m,16,11,True,0.00748910503461957,0.6848885893821717,0.020120815932750703,0.011557477712631225,0.05073901042342186,1.8173973321914674,bos_sink,0.02221315984662876
pythia-410m,16,12,True,0.0484555721282959,0.3034607648849487,0.11910402476787567,0.24211111962795256,0.06574634909629821,2.5142581462860107,bos_sink,0.015970277300875673
pythia-410m,16,13,True,0.022727491706609725,0.6389703035354615,0.06774306371808052,0.0883721724152565,0.043022855371236804,1.8188308954238892,bos_sink,0.013700395785035284
pythia-410m,16,14,True,0.010417659766972065,0.5101118505001068,0.03042084239423275,0.018406668677926064,0.04293304495513439,2.4733947038650514,bos_sink,0.023500925526874075
pythia-410m,16,15,True,0.02998283728957176,0.6088723540306091,0.07165313363075257,0.04904261827468872,0.07399387583136559,2.3283301830291747,bos_sink,0.013902943651085254
pythia-410m,17,0,True,0.0111807806417346,0.6815111041069031,0.05403122901916504,0.010936358571052551,0.15302339494228362,2.0474454402923583,bos_sink,0.01778499654378141
pythia-410m,17,1,True,0.013199548237025738,0.40925623178482057,0.03278014771640301,0.023969095945358277,0.047864796966314314,2.7697588920593263,bos_sink,0.025152654455593292
pythia-410m,17,2,True,0.029472897946834564,0.5481945455074311,0.10504537522792816,0.05561766177415848,0.07615243941545487,2.645513916015625,bos_sink,0.01085310748180562
pythia-410m,17,3,False,0.0004865372320637107,0.9358312010765075,0.0016794110415503383,0.003858067188411951,0.050469791516661644,0.35225383937358856,bos_sink,0.023830696835873456
pythia-410m,17,4,True,0.013687755912542343,0.3513084650039673,0.0877576932311058,0.012747414596378803,0.332372659444809,3.177785062789917,bos_sink,0.01654786901093009
pythia-410m,17,5,True,0.005949448887258768,0.6444921374320984,0.029920604452490805,0.007047107815742493,0.13925162255764006,2.1919220447540284,bos_sink,0.0133508513119382
pythia-410m,17,6,True,0.010166750568896533,0.8594570994377136,0.03249457068741322,0.0358949538320303,0.017284112703055143,0.9600874423980713,bos_sink,0.008693409439862942
pythia-410m,17,7,True,0.008479229360818862,0.6736529111862183,0.03577075600624084,0.017109805718064308,0.20048706233501434,1.8902479648590087,bos_sink,0.01921525630856116
pythia-410m,17,8,False,0.0026440095622092485,0.9220405340194702,0.01173265241086483,0.0025681077037006616,0.03500514477491379,0.6669704675674438,bos_sink,0.008993510243343298
pythia-410m,17,9,True,0.03143545314669609,0.31678016781806945,0.10238126963376999,0.30432829856872556,0.0504829540848732,2.1652250051498414,bos_sink,0.016067493231371542
pythia-410m,17,10,True,0.01712387278676033,0.5156231105327607,0.052303964644670485,0.27719891369342803,0.034046702459454535,1.685626482963562,bos_sink,0.01734149143470805
pythia-410m,17,11,True,0.011687258630990982,0.7912999153137207,0.032260055840015414,0.09341133236885071,0.030722377076745033,1.2383018493652345,bos_sink,0.0183660101069582
pythia-410m,17,12,True,0.021090523153543473,0.7590905785560608,0.054040093719959256,0.013601832278072833,0.09976050853729249,1.5973316192626954,bos_sink,0.008762421983417179
pythia-410m,17,13,False,0.004981191456317901,0.8992036342620849,0.023545748367905617,0.00809795530512929,0.025935367867350578,0.8480828046798706,bos_sink,0.007844819191483755
pythia-410m,17,14,True,3.059013636175223e-07,0.9195619702339173,0.001468519354239106,5.930765473749488e-06,0.07025571465492249,0.5007881402969361,bos_sink,0.009403774326242858
pythia-410m,17,15,True,0.01813062373548746,0.5439020037651062,0.06262604109942913,0.13784309029579161,0.06514598727226258,1.5924247980117798,bos_sink,0.016933296516599458
pythia-410m,18,0,True,0.02182430848479271,0.4910784661769867,0.07223954126238823,0.23375559151172637,0.02439669407904148,1.8354222774505615,bos_sink,0.017715476159517095
pythia-410m,18,1,True,0.0074851411860436205,0.8439257979393006,0.01601281575858593,0.03436976838856935,0.03513430748134851,0.8372284650802613,bos_sink,0.01811836977010094
pythia-410m,18,2,True,0.024790002778172494,0.680559229850769,0.08950856626033783,0.06518183872103692,0.021847336366772652,1.6775590896606445,bos_sink,0.013018513077935508
pythia-410m,18,3,True,0.002407922118436545,0.9456287741661071,0.009993457188829779,0.005113675626489567,0.005571822327328846,0.0682001307606697,bos_sink,0.0577547579026849
pythia-410m,18,4,False,0.006973866000771522,0.8734171628952027,0.02449103593826294,0.010000843182206154,0.01641597356647253,0.9788312911987305,bos_sink,0.012014328533631833
pythia-410m,18,5,True,0.0005094161722809076,0.9451451778411866,0.005015398375689983,0.0002451245120028034,0.04236817806959152,0.3412578582763672,bos_sink,0.009640787670176312
pythia-410m,18,6,False,0.00039122041198424995,0.9760778784751892,0.0033039595000445843,0.0004098553850781173,0.014047146961092948,0.21994326412677764,bos_sink,0.009267805528047424
pythia-410m,18,7,True,0.004366523632779717,0.8840564489364624,0.01755512077361345,0.0074719857890158895,0.020847512036561967,0.8605658292770386,bos_sink,0.011862998591318237
pythia-410m,18,8,True,0.02123730406165123,0.29427552968263626,0.06552433669567108,0.45841981172561647,0.01786896660923958,1.8452975511550904,diffuse,0.01902438871613205
pythia-410m,18,9,True,0.005064803920686245,0.8452806115150452,0.019270280748605727,0.004379211692139506,0.09524747356772423,1.0388787627220153,bos_sink,0.012932283922178994
pythia-410m,18,10,True,0.019179074838757516,0.6171700954437256,0.06402326188981533,0.10975444763898849,0.025293083488941194,1.6815930604934692,bos_sink,0.01722062207882681
pythia-410m,18,11,True,0.042055710405111316,0.36169896423816683,0.12074797302484512,0.17892643362283706,0.06065150871872902,2.402439069747925,bos_sink,0.019740865406114784
pythia-410m,18,12,True,0.027635068446397782,0.42706100940704345,0.09586074352264404,0.1871350437402725,0.04196820259094238,2.1400588035583494,bos_sink,0.016274641050827522
pythia-410m,18,13,True,0.029936088249087334,0.4528251051902771,0.08779014348983764,0.14641900807619096,0.03969658948481083,2.2371594429016115,bos_sink,0.015804112636497537
pythia-410m,18,14,True,0.038027410954236986,0.4077122569084167,0.10451531261205674,0.20876195132732392,0.05128947868943214,2.419322061538696,bos_sink,0.019182465477136985
pythia-410m,18,15,True,0.019507346488535405,0.6064456582069397,0.05728888884186745,0.08492371663451195,0.024391810223460198,1.6129287242889405,bos_sink,0.02069200071482116
pythia-410m,19,0,False,0.0018865601159632206,0.9840381145477295,0.005666874255985022,0.0030120873008854685,0.0006964732136111706,0.1276170790195465,bos_sink,0.009998824710857558
pythia-410m,19,1,True,0.0013741239556111396,0.9302689552307128,0.008728386647999287,0.0013861500890925526,0.03353586494922638,0.5802880883216858,bos_sink,0.009351958523932917
pythia-410m,19,2,True,0.031145241856575013,0.02313560340553522,0.09962458461523056,0.03593349531292915,0.44251513481140137,3.3519263744354246,diffuse,0.023788683043474427
pythia-410m,19,3,True,0.03605582341551781,0.3622647047042847,0.17269639670848846,0.04260975122451782,0.12263912558555604,3.40487003326416,bos_sink,0.012757046108719548
pythia-410m,19,4,True,0.03640034422278404,0.3436074525117874,0.12283226698637009,0.2271661251783371,0.04236267060041428,1.7998337030410767,bos_sink,0.020234753742200864
pythia-410m,19,5,True,0.0016679465305060148,0.8885151267051696,0.012808302603662013,0.004304654616862536,0.06973143219947815,0.6409899353981018,bos_sink,0.010745228412085417
pythia-410m,19,6,True,0.029713426902890205,0.5193751394748688,0.10306157395243645,0.09584912061691284,0.045615922659635544,1.1534750580787658,bos_sink,0.026252286372378874
pythia-410m,19,7,True,0.037611103430390355,0.24181587398052215,0.15600862205028534,0.19307231903076172,0.05314860194921493,2.5156108856201174,diffuse,0.015292206318097872
pythia-410m,19,8,True,0.0250978734344244,0.5320696413516999,0.0848521001636982,0.15183442384004592,0.021861127763986587,1.846184206008911,bos_sink,0.015376265641778259
pythia-410m,19,9,True,0.0467447966337204,0.2790179938077927,0.15216913372278212,0.13569006472826003,0.05620909184217453,2.7746856212615967,diffuse,0.01788149074545108
pythia-410m,19,10,True,0.024573205783963204,0.6521816611289978,0.10266807526350022,0.026174965128302575,0.06660391241312028,2.0703278541564942,bos_sink,0.013352133722576423
pythia-410m,19,11,True,0.04150151610374451,0.24493469893932343,0.163414466381073,0.11557784378528595,0.08210613280534744,2.507395887374878,diffuse,0.017639519582272677
pythia-410m,19,12,True,0.04103943184018135,0.19248768985271453,0.1400487333536148,0.1592805951833725,0.06861198171973229,2.5096014976501464,diffuse,0.01662625342461479
pythia-410m,19,13,False,0.0015655768103897572,0.9385516405105591,0.007527147512882948,0.0029865804594010116,0.020753778517246246,0.5046313583850861,bos_sink,0.009082309441501962
pythia-410m,19,14,True,0.004680308327078819,0.9038612365722656,0.02135847173631191,0.005170928593724966,0.02130303457379341,0.7471925258636475,bos_sink,0.01273368581088699
pythia-410m,19,15,True,0.00457783779129386,0.3087042927742004,0.015604036394506693,0.5851891756057739,0.028671098127961158,1.407891821861267,bos_sink,0.020914106212484372
pythia-410m,20,0,False,4.025002308480907e-05,0.9990700364112854,0.0003321145384688862,0.0001928286341353669,8.063467030297033e-05,0.009472713666036725,bos_sink,0.009683043745599492
pythia-410m,20,1,True,0.04430397003889084,0.15266541987657548,0.17788076102733613,0.09772393107414246,0.1574055016040802,3.1985464096069336,diffuse,0.0185049519774939
pythia-410m,20,2,True,0.05008407458662987,0.11065360009670258,0.19526403844356538,0.15352292954921723,0.08167631477117539,2.7676893711090087,diffuse,0.016870227457150666
pythia-410m,20,3,False,0.001982547606257867,0.9709042191505433,0.007625615608412772,0.010970696213189513,8.91366803443816e-06,0.03619829611852765,bos_sink,0.02358724414342227
pythia-410m,20,4,True,0.005924831796437502,0.7497083067893981,0.023192565888166428,0.018086174502968788,0.03791229110211134,1.257779836654663,bos_sink,0.017755752133849872
pythia-410m,20,5,False,5.0527608436823355e-06,0.9996759533882141,0.00028082314456696623,6.055555058992468e-06,8.980896836874308e-06,0.0022805920569226147,bos_sink,0.009246306794892961
pythia-410m,20,6,True,0.015095067024230958,0.16597579419612885,0.07423794269561768,0.01677216626703739,0.3575447082519531,3.851850461959839,diffuse,0.015335606543490065
pythia-410m,20,7,True,0.07051637098193168,0.007884058286435902,0.2115445166826248,0.22053676545619966,0.11344369500875473,1.2319051504135132,diffuse,0.0288116706070324
pythia-410m,20,8,False,1.2628080980903177e-08,0.9999534845352173,4.582516310946971e-05,6.048629468402567e-07,8.082347954102564e-10,0.0002811409453897795,bos_sink,0.0029941276574494296
pythia-410m,20,9,False,3.4214545223676397e-07,0.9998023986816407,0.00019505151219618712,1.837620550304564e-06,1.0289593888046511e-07,0.0008071715375990607,bos_sink,0.007734101756950172
pythia-410m,20,10,False,9.027552505358471e-06,0.999739670753479,0.00017012910466291943,5.753946661570808e-05,1.5313841686293017e-06,0.002384967065881938,bos_sink,0.005362796401169086
pythia-410m,20,11,False,0.003728720359504223,0.8179909825325012,0.00727642085403204,0.006554580852389335,0.010328314872458578,0.9220106363296509,bos_sink,0.03014408024319858
pythia-410m,20,12,False,7.550089576398022e-05,0.997873330116272,0.0010519125033169984,9.617980540497229e-05,0.00034323123109061273,0.01822483539581299,bos_sink,0.01157896121680498
pythia-410m,20,13,True,0.028986097127199174,0.43980114459991454,0.11070567071437835,0.07439626380801201,0.0804222896695137,2.5672466278076174,bos_sink,0.013631959264953775
pythia-410m,20,14,True,0.001106501161120832,0.9498746633529663,0.005179543932899833,0.0011331163113936782,0.03235337994992733,0.3381796181201935,bos_sink,0.01361999017485702
pythia-410m,20,15,True,0.029080306738615037,0.5381289005279541,0.12316887229681014,0.026170828193426133,0.08028964549303055,2.725626087188721,bos_sink,0.013577234821859576
pythia-410m,21,0,True,0.00041354510685778225,0.9772596478462219,0.001320444978773594,0.0005322277283994481,0.009905994264408946,0.15729649513959884,bos_sink,0.01649458092078403
pythia-410m,21,1,True,0.046985707432031634,0.2027405560016632,0.1762257605791092,0.11624622493982315,0.060230498760938646,2.6219919204711912,diffuse,0.016056336222678765
pythia-410m,21,2,True,0.00016924772935453803,0.3801717162132263,0.09573190286755562,0.00036306641704868524,0.43456552028656004,2.0718801021575928,previous_token,0.016323682389769587
pythia-410m,21,3,False,0.0004876877530477941,0.992846143245697,0.004201072407886386,0.0008360875304788351,0.0001370550162391737,0.06382073163986206,bos_sink,0.008854145007788862
pythia-410m,21,4,True,0.04727730304002762,0.26857724487781526,0.20237632393836974,0.13620906919240952,0.0533943310379982,2.963069200515747,diffuse,0.015971063888680463
pythia-410m,21,5,False,0.013501838780939579,0.7801539182662964,0.040173329412937164,0.03137370496988297,0.0258620772510767,1.5619939804077148,bos_sink,0.009635655629753067
pythia-410m,21,6,True,0.040736974030733106,0.32268803715705874,0.14061554670333862,0.06024410501122475,0.03741448000073433,3.013758134841919,bos_sink,0.020698422990664843
pythia-410m,21,7,True,0.031218810006976128,0.12682323306798934,0.16078464686870575,0.03020520769059658,0.3815333604812622,3.9505377769470216,diffuse,0.016109406545878648
pythia-410m,21,8,True,0.032537643983960154,0.4530453622341156,0.18029791116714478,0.12695724815130233,0.015036568231880664,0.8902965664863587,bos_sink,0.03068876561215492
pythia-410m,21,9,True,0.0018343796022236348,0.18812279552221298,0.004166232608258724,0.019969630986452103,0.735928726196289,1.3339985132217407,diffuse,0.029372238598057574
pythia-410m,21,10,False,0.033898862078785896,0.17057460844516753,0.09039856344461442,0.030752555280923844,0.08492556661367416,2.8503811359405518,diffuse,0.030501679215546126
pythia-410m,21,11,False,0.002035032503772527,0.6551258206367493,0.010109598189592362,0.003064517513848841,0.23462336361408234,1.0268437266349792,bos_sink,0.03690370222258488
pythia-410m,21,12,True,0.005767316836863756,0.6742998480796814,0.029973675683140754,0.0038009793497622013,0.24205496162176132,1.3903876066207885,bos_sink,0.013846750748096187
pythia-410m,21,13,True,0.008837796576335677,0.7968821287155151,0.038621421775314954,0.021085372637026013,0.08784221913665533,0.4432407282292843,bos_sink,0.03083848588315241
pythia-410m,21,14,True,0.04034579508006573,0.4042227029800415,0.17394298911094666,0.12208574712276458,0.03937931954860687,2.3131484270095823,bos_sink,0.015998105661916614
pythia-410m,21,15,False,0.0002643697371240705,0.9960889101028443,0.0013997699599713088,0.0002994039125042036,3.406493287911871e-05,0.04080627113580704,bos_sink,0.009629136462391477
pythia-410m,22,0,False,0.03480536714196205,0.47869390845298765,0.18057990074157715,0.09738784283399582,0.040239866450428964,0.8510111570358276,bos_sink,0.0335125260277326
pythia-410m,22,1,False,0.04528236649930477,0.01086467164568603,0.1457561284303665,0.05121227391064167,0.2635113179683685,1.2362012147903443,diffuse,0.05671021488831656
pythia-410m,22,2,True,0.0011779700000261073,0.10860776379704476,0.029100303910672663,0.0032619136036373675,0.82440664768219,0.6004175901412964,diffuse,0.046999889108035535
pythia-410m,22,3,True,0.022839609533548355,0.11283329278230667,0.12974271327257156,0.022033825889229773,0.36174445152282714,3.9259714603424074,diffuse,0.019140954727380075
pythia-410m,22,4,False,4.3322183955751825e-05,0.9994745969772338,0.00018250760404043832,4.2293906881241126e-05,6.010997294652043e-05,0.005510037392377853,bos_sink,0.007540520843642517
pythia-410m,22,5,False,0.008887175936251879,0.842729675769806,0.024432214722037316,0.011767395306378603,0.035380398854613304,0.677286833524704,bos_sink,0.028573312439624705
pythia-410m,22,6,True,0.0012926343985359523,0.00024983461680108123,0.007121097542039934,0.00016791263319646533,0.9699760794639587,0.16209976449608804,diffuse,0.03677761320928148
pythia-410m,22,7,False,0.04357653073966503,0.324224117398262,0.11508025079965592,0.049859287962317464,0.07635404020547867,1.9053974390029906,bos_sink,0.03946267319081116
pythia-410m,22,8,True,0.029326178785413503,0.20625253915786743,0.06248271614313126,0.022545753605663778,0.4816165030002594,1.1476588726043702,diffuse,0.05562708377929886
pythia-410m,22,9,False,0.017800773214548826,0.7527311325073243,0.1039032369852066,0.04440414197742939,0.01844580415636301,0.5355086326599121,bos_sink,0.037662915059742244
pythia-410m,22,10,True,0.021217266842722893,0.4496055543422699,0.08715175539255142,0.03627235256135464,0.19306428134441375,1.28943612575531,bos_sink,0.04626909816215842
pythia-410m,22,11,True,0.019598168134689332,0.13655669689178468,0.09059491902589797,0.017635982483625412,0.3623233437538147,3.6224019527435303,diffuse,0.018173039159473953
pythia-410m,22,12,True,0.0034987833118066193,0.9370414614677429,0.01702628657221794,0.005212457571178675,0.005313761287834495,0.38929596692323687,bos_sink,0.01501281510831608
pythia-410m,22,13,True,0.06716047897934914,0.03141373917460442,0.26757248044013976,0.1311793953180313,0.03869353272020817,0.8941602945327759,diffuse,0.038113354884414904
pythia-410m,22,14,False,0.019106544740498065,0.7012851119041443,0.054605073481798175,0.029599960520863534,0.021043846011161806,1.0258941411972047,bos_sink,0.036366288399900935
pythia-410m,22,15,True,0.07744127288460731,0.020322497002780437,0.304286789894104,0.12290200889110565,0.03922911919653416,0.8551949739456177,diffuse,0.036461501435331695
pythia-410m,23,0,False,0.015045179799199105,0.4144026041030884,0.2233579635620117,0.018609227053821085,0.033512334898114206,1.9243231773376466,bos_sink,0.029234855775721737
pythia-410m,23,1,True,0.006391508178785444,0.4145206093788147,0.019847935065627098,0.009932103473693133,0.4603082060813904,1.4852150201797485,bos_sink,0.032738533044544584
pythia-410m,23,2,False,4.428247975738486e-05,0.9979595422744751,0.001127954199910164,7.501072723243851e-05,0.0002793082763673738,0.021938968822360037,bos_sink,0.004885580522729082
pythia-410m,23,3,False,0.0020473516546189786,0.7583889484405517,0.016186915896832944,0.0040464246645569805,0.18484618365764618,0.8133505582809448,bos_sink,0.02119364177332526
pythia-410m,23,4,False,0.00013794092083116994,0.9853592276573181,0.003986975643783808,0.00014450831076828763,0.008158528618514538,0.07600685581564903,bos_sink,0.014955627312627567
pythia-410m,23,5,False,0.02943505607545376,0.5710171222686767,0.0993773177266121,0.034900203719735144,0.05167549923062324,1.4935589551925659,bos_sink,0.039808143797621494
pythia-410m,23,6,False,0.006301710102707148,0.7223409414291382,0.023122810944914817,0.011751749459654093,0.0680596448481083,0.9606515049934388,bos_sink,0.03740721764790709
pythia-410m,23,7,False,0.07636140882968903,0.0015247544876258567,0.14529267847537994,0.09728526324033737,0.04253992773592472,1.7189826250076294,diffuse,0.058256636979856356
pythia-410m,23,8,False,0.021639515832066535,0.09100035391747952,0.027943242341279984,0.03367593623697758,0.35075756907463074,1.4413607835769653,diffuse,0.04988239671535892
pythia-410m,23,9,False,1.2277476253075293e-05,0.9993761062622071,0.00018388727185083553,0.00013719244816456921,4.351218776719179e-05,0.007408643746748567,bos_sink,0.0041790430279778
pythia-410m,23,10,False,0.019503939151763915,0.11669174581766129,0.04836228266358376,0.01061743376776576,0.5531593203544617,1.0274404883384705,diffuse,0.052234490700011064
pythia-410m,23,11,True,0.01338822366669774,0.29402139186859133,0.04842897728085518,0.0092886196449399,0.35438528656959534,1.9660573720932006,diffuse,0.04050851187330833
pythia-410m,23,12,True,0.006716965604573489,0.05080579817295074,0.023229410871863365,0.004467762913554907,0.7655415058135986,1.7719468116760253,diffuse,0.02462654493483516
pythia-410m,23,13,True,0.006971007212996483,0.18377842307090758,0.025331677868962288,0.0031666766153648496,0.2967579305171967,1.5834036827087403,diffuse,0.05419974008139682
pythia-410m,23,14,True,0.004313535988330841,0.07243457213044166,0.0073461656924337145,0.0023463739780709147,0.8303138971328735,1.5721617460250854,previous_token,0.02589736450660577
pythia-410m,23,15,True,0.0004936386190820486,0.4063609719276428,0.0026158273918554186,0.0003468152688583359,0.4901930749416351,1.448413872718811,bos_sink,0.035294546889057726
pythia-1b,0,0,True,0.005896010715514421,0.17614688575267792,0.02993108592927456,0.009912247210741043,0.45998146533966067,3.8320168018341065,diffuse,0.0
pythia-1b,0,1,True,0.09678138047456741,0.045175335556268695,0.18524357080459594,0.02819366715848446,0.38698809742927553,3.6707497119903563,diffuse,0.0
pythia-1b,0,2,False,2.942340579465963e-05,0.9994758486747741,0.0001573301153257489,2.8747021497110835e-05,8.187123021343722e-05,0.008409058395773172,bos_sink,0.0
pythia-1b,0,3,True,0.011881787702441216,0.03040836863219738,0.05481906458735466,0.019650756008923055,0.5130828976631164,3.4227930545806884,diffuse,0.0
pythia-1b,0,4,True,0.020662323385477067,0.08380512520670891,0.1194074884057045,0.03172945640981197,0.33559362292289735,4.154593181610108,diffuse,0.0
pythia-1b,0,5,True,0.016559918783605097,0.04964026510715484,0.10457668155431747,0.02755923606455326,0.40685153007507324,4.075961494445801,diffuse,0.0
pythia-1b,0,6,True,0.014901552535593509,0.6523771166801453,0.07022882550954819,0.014497805386781693,0.10104517340660095,2.391851615905762,bos_sink,0.0
pythia-1b,0,7,True,0.033628519624471664,0.37664268016815183,0.10608601570129395,0.02391953319311142,0.21868039965629577,3.0349822998046876,bos_sink,0.0
pythia-1b,1,0,True,0.0002580877742730081,0.015839014388620853,0.011058692820370197,0.0008397820289246738,0.8720158815383912,2.402453804016113,previous_token,0.009677336590806248
pythia-1b,1,1,False,0.022832050174474715,0.3129428207874298,0.11396017521619797,0.027420376241207123,0.18292395770549774,3.8403782844543457,bos_sink,0.002229783001205319
pythia-1b,1,2,False,0.017738339118659498,0.7701562285423279,0.10553268194198609,0.008186050364747644,0.06867994368076324,1.3940887928009034,bos_sink,0.015454927491529774
pythia-1b,1,3,True,2.9132154850231016e-06,0.001039216248318553,0.00032795455772429707,2.5891034238156862e-05,0.9745682597160339,1.8778274774551391,previous_token,0.004215619309594739
pythia-1b,1,4,False,3.820501206064364e-06,0.8744760751724243,0.00028338974225334824,2.232458664366277e-05,0.12001711130142212,0.6799205482006073,bos_sink,0.005735044003351686
pythia-1b,1,5,True,0.022527112066745757,0.03977954536676407,0.32972912192344667,0.04443039894104004,0.2141899824142456,4.010941791534424,diffuse,0.01223616242537733
pythia-1b,1,6,True,0.006017682142555714,0.15365601181983948,0.03322705514729023,0.007884592097252608,0.5799674391746521,3.6265318393707275,diffuse,0.004051464453512292
pythia-1b,1,7,True,0.8173380970954895,0.12253718078136444,0.8269259929656982,0.003602774813771248,0.023592443950474263,1.016950523853302,induction,0.0061619805215554985
pythia-1b,2,0,True,0.0071394601836800575,0.24033328592777253,0.04988594576716423,0.014081494323909283,0.48139488697052,3.3696641445159914,diffuse,0.011760007527583365
pythia-1b,2,1,True,0.0006541668029967695,0.07003531903028488,0.008503393922001123,0.0014373112004250287,0.8566365838050842,2.306352949142456,previous_token,0.011841809044097793
pythia-1b,2,2,True,0.011760716326534748,0.16159883737564087,0.08810473829507828,0.018629155680537225,0.45703746676445006,3.605974817276001,diffuse,0.01372423239228326
pythia-1b,2,3,True,7.297262491192668e-05,0.35993497967720034,0.004267366183921695,0.0005054093489889055,0.5882625699043273,2.2980273723602296,previous_token,0.008972140585957357
pythia-1b,2,4,True,0.045872132480144504,0.10811942666769028,0.2269938051700592,0.04915927648544312,0.1360362559556961,4.01856484413147,diffuse,0.018820133390555084
pythia-1b,2,5,True,0.0035118625964969397,0.017160481959581374,0.021622949093580247,0.005206695850938558,0.6580201148986816,3.500936269760132,diffuse,0.0058490966973726135
pythia-1b,2,6,True,0.009735322929918766,0.036427270621061325,0.05109520182013512,0.009110448881983757,0.7102968096733093,3.3861263275146483,previous_token,0.0075539400712143654
pythia-1b,2,7,False,0.043378332257270814,0.479242080450058,0.11596316546201706,0.015449654124677182,0.18291822373867034,3.0350979804992675,bos_sink,0.014127567780402622
pythia-1b,3,0,True,0.027884526923298836,0.41531129479408263,0.13512251377105713,0.021091023087501527,0.18978503942489625,3.2878060817718504,bos_sink,0.012385086989911302
pythia-1b,3,1,True,0.04588526263833046,0.08865544497966767,0.23874091506004333,0.053334832191467285,0.16954120099544526,4.014305591583252,diffuse,0.022458998101327284
pythia-1b,3,2,True,0.0007021324476227164,0.03160098046064377,0.003966888692229986,0.0023985779844224453,0.7296759486198425,2.985681438446045,previous_token,0.007516015823983203
pythia-1b,3,3,True,0.006352772563695907,0.46485869884490966,0.027073996514081954,0.007353150751441717,0.36328752636909484,2.580316352844238,bos_sink,0.012179108090744926
pythia-1b,3,4,True,0.008805790916085243,0.3388495802879333,0.040285923331975934,0.011752241477370261,0.34080554246902467,3.2746036052703857,bos_sink,0.012148334764529081
pythia-1b,3,5,True,3.4158508027909287e-18,1.9055629250555243e-16,6.921571677919305e-17,2.764079085568042e-16,0.9999945878982544,0.16678498983383178,previous_token,0.006396955396313237
pythia-1b,3,6,True,0.00027875475643668324,0.08252962976694107,0.0021171187749132515,0.0008991467533633113,0.8459411025047302,2.4809115409851072,previous_token,0.00869680779651277
pythia-1b,3,7,True,0.0006724239443428815,0.5090853989124298,0.0052300430834293365,0.001177679351530969,0.4374321401119232,1.9789889812469483,bos_sink,0.0075349595841078
pythia-1b,4,0,True,0.16620157659053802,0.3091744840145111,0.27002871632575987,0.03162119798362255,0.15187405347824096,3.205609083175659,diffuse,0.030549092340922436
pythia-1b,4,1,True,0.003615722991526127,0.4629085659980774,0.015414225123822688,0.25432002544403076,0.18637451827526091,2.335727071762085,bos_sink,0.01263323141593888
pythia-1b,4,2,True,0.10906163901090622,0.3396222412586212,0.15548009872436525,0.014490459114313126,0.34316663146018983,3.175327253341675,bos_sink,0.01727613051790389
pythia-1b,4,3,True,0.6776686310768127,0.12384032011032105,0.710089361667633,0.009120491705834866,0.129069721698761,1.5379337310791015,induction,0.027016589141016786
pythia-1b,4,4,True,0.0094621860422194,0.047258482128381726,0.012810686230659485,0.9282863736152649,0.0010064521455205977,0.4152241587638855,diffuse,0.01833341895897
pythia-1b,4,5,True,0.010101943649351597,0.2990173280239105,0.020878127962350845,0.2913744628429413,0.17828221023082733,2.726197862625122,diffuse,0.025439322837156015
pythia-1b,4,6,True,0.006586986221373081,0.2409191071987152,0.0935324564576149,0.027872999384999275,0.24764226973056794,3.8122973918914793,diffuse,0.015474898942679555
pythia-1b,4,7,True,0.002536887302994728,0.32419119477272035,0.025900346413254737,0.006603660620748996,0.4016639769077301,3.1360055923461916,bos_sink,0.012591152914876612
pythia-1b,5,0,True,0.01488510686904192,0.37549251317977905,0.09194447845220566,0.022517391294240952,0.25175352990627287,3.362118721008301,bos_sink,0.012597840965019999
pythia-1b,5,1,True,0.902386736869812,0.07174464017152786,0.9050532579421997,0.0004585909948218614,0.020794704928994177,0.5236564338207245,induction,0.009681802887528483
pythia-1b,5,2,True,0.029369428008794784,0.10138488262891769,0.09432427138090134,0.028224096447229386,0.32028234004974365,3.7504638671875,diffuse,0.04976694956006981
pythia-1b,5,3,True,0.0005485672212671488,0.34872389435768125,0.0053888866212219,0.0012304696370847522,0.6018734931945801,2.3934632301330567,previous_token,0.01348180846970639
pythia-1b,5,4,True,0.015203971788287163,0.19811597764492034,0.1395707905292511,0.050868889689445494,0.20138157308101653,3.8964756965637206,diffuse,0.027754391573941464
pythia-1b,5,5,True,0.00037539147306233647,0.34063165783882143,0.0026057981420308353,0.0009246184607036411,0.5748381972312927,2.532523441314697,bos_sink,0.01219680045357719
pythia-1b,5,6,True,0.024509806558489798,0.28801955580711364,0.04557485580444336,0.2017694592475891,0.17525838911533356,3.1212552547454835,diffuse,0.04239476233447433
pythia-1b,5,7,True,0.02014657184481621,0.4627975285053253,0.03578787595033646,0.42839540243148805,0.01890829801559448,1.5340301990509033,bos_sink,0.01672898221413875
pythia-1b,6,0,True,0.00029707238427363337,0.5145795345306396,0.004988597752526402,0.000954474473837763,0.3681263983249664,2.1407678604125975,bos_sink,0.035031533881343724
pythia-1b,6,1,True,0.03295710124075413,0.05553368479013443,0.07235797196626663,0.07076111584901809,0.3120838046073914,3.731481409072876,diffuse,0.02843231503421598
pythia-1b,6,2,True,0.004236132185906172,0.4212663471698761,0.06739534288644791,0.015388090535998345,0.14608267247676848,3.2405712604522705,bos_sink,0.020373428820359078
pythia-1b,6,3,True,3.165719852926685e-10,0.0011284704320132732,9.034580044087192e-08,2.090002726440332e-09,0.9986606478691101,0.5321078658103943,previous_token,0.008905508734969722
pythia-1b,6,4,False,0.0236718013882637,0.7074731230735779,0.05373573303222656,0.011932427622377872,0.0815187394618988,1.9794420719146728,bos_sink,0.01519027986525779
pythia-1b,6,5,True,0.0021568363765254615,0.18529030084609985,0.014661070331931115,0.0029089173767715693,0.633920431137085,3.1908095836639405,diffuse,0.01923752571129047
pythia-1b,6,6,True,0.04268115758895874,0.3820088982582092,0.08994307070970535,0.09077377915382386,0.08338354378938675,3.0374374389648438,bos_sink,0.028287927062761512
pythia-1b,6,7,True,0.04874863401055336,0.6895028948783875,0.06199607998132706,0.05739759504795074,0.08963522166013718,1.7850478172302247,bos_sink,0.024677191848877532
pythia-1b,7,0,True,0.020418176800012587,0.06383490934967995,0.035814184322953226,0.7888808488845825,0.03371653407812118,1.2025233030319213,diffuse,0.022300589879758123
pythia-1b,7,1,True,0.022546105086803436,0.023915889486670495,0.0637017659842968,0.8916647434234619,0.0006600241060368717,0.5699048399925232,diffuse,0.02029050577859502
pythia-1b,7,2,True,0.03241214789450168,0.0799373060464859,0.06044705659151077,0.6052619338035583,0.07499325871467591,2.1211086750030517,diffuse,0.025053492105750457
pythia-1b,7,3,True,0.0007338679861277342,0.27980806231498717,0.004975184565410018,0.0026940729236230253,0.5913403987884521,2.8011634826660154,diffuse,0.01930202660551533
pythia-1b,7,4,True,0.016315971314907075,0.18072885870933533,0.10448857843875885,0.023534220457077027,0.3011757731437683,3.633250522613525,diffuse,0.024843813992117544
pythia-1b,7,5,True,0.0005333386536221952,0.711163318157196,0.007860464323312045,0.001503777876496315,0.07649680525064469,1.638820743560791,bos_sink,0.044199032793993155
pythia-1b,7,6,True,0.0013129230123013259,0.45378032326698303,0.023649129644036294,0.001452428149059415,0.41544259786605836,2.214868688583374,bos_sink,0.04576574660021299
pythia-1b,7,7,True,0.0054085114505141975,0.16215513050556182,0.068719881772995,0.03762231022119522,0.16708098649978637,3.8435227394104006,diffuse,0.02453219691123641
pythia-1b,8,0,True,0.010493026115000248,0.7452759504318237,0.027913646772503853,0.026032821834087373,0.05403245687484741,1.6222459077835083,bos_sink,0.03334641579409596
pythia-1b,8,1,True,0.01792319118976593,0.38265798687934877,0.06517974436283111,0.03352138325572014,0.23300048410892488,3.3963468074798584,bos_sink,0.020450746616816236
pythia-1b,8,2,True,0.006475920509546995,0.2521775871515274,0.027283306047320367,0.01085197702050209,0.5497121095657349,3.2112010955810546,diffuse,0.02597821043083556
pythia-1b,8,3,False,0.013807790912687778,0.6859607458114624,0.05845733061432838,0.02650216780602932,0.08181741088628769,2.093228316307068,bos_sink,0.023413947870911285
pythia-1b,8,4,False,0.012827249243855476,0.7197757720947265,0.09445588141679764,0.022000818327069283,0.04187000319361687,1.8210831880569458,bos_sink,0.02401057055245366
pythia-1b,8,5,True,0.036055201292037965,0.09462296813726426,0.07645344734191895,0.227120503783226,0.034265197440981866,2.666694498062134,diffuse,0.02663967492326789
pythia-1b,8,6,True,0.11046746969223023,0.5616241812705993,0.12890870422124862,0.028559165075421333,0.13668016940355301,2.246970367431641,bos_sink,0.028157285943712532
pythia-1b,8,7,True,0.0073884943500161174,0.515172803401947,0.026968938112258912,0.06360719725489616,0.2951067328453064,2.540545034408569,bos_sink,0.02229209089530981
pythia-1b,9,0,True,0.009753948450088501,0.39533279538154603,0.05012785643339157,0.012798533774912357,0.3130595326423645,3.1117806434631348,bos_sink,0.035479000816748076
pythia-1b,9,1,True,0.009580955188721419,0.6637563347816468,0.041759276390075685,0.04085356816649437,0.18399737775325775,1.983613657951355,bos_sink,0.026831413372752248
pythia-1b,9,2,True,0.0030952580273151398,0.2199648141860962,0.01802370175719261,0.004754929058253765,0.6113838315010071,2.9416542053222656,previous_token,0.01693915552422936
pythia-1b,9,3,False,0.014583766087889671,0.7195441842079162,0.06692001745104789,0.022079038247466088,0.04976747259497642,1.9035441637039185,bos_sink,0.028833297988721196
pythia-1b,9,4,True,0.009033635258674622,0.24448572397232055,0.02737228721380234,0.24819326996803284,0.10200268179178237,3.0456366539001465,diffuse,0.02660642252886975
pythia-1b,9,5,True,0.017262007109820843,0.5049430668354035,0.12041590362787247,0.03671174719929695,0.13098178803920746,2.826446771621704,bos_sink,0.03196955495663853
pythia-1b,9,6,True,0.0032168531790375708,0.3731271386146545,0.018112128600478172,0.005343885719776153,0.5187742352485657,2.6629027843475344,bos_sink,0.01724200424747144
pythia-1b,9,7,True,0.033951515704393385,0.5571399331092834,0.10373280793428422,0.050350521504878995,0.06717008799314499,2.6478928565979003,bos_sink,0.01939714982653206
pythia-1b,10,0,True,0.02503562979400158,0.37422194480896,0.10621550530195237,0.1455693855881691,0.03357830084860325,2.84895396232605,bos_sink,0.0286866959878972
pythia-1b,10,1,True,0.0005193034012336284,0.27979080080986024,0.006035037338733673,0.0010739882942289113,0.5653472423553467,2.792233467102051,diffuse,0.0224082074883681
pythia-1b,10,2,True,0.053193952143192294,0.340618759393692,0.08617666363716125,0.023097873479127885,0.39240760207176206,2.5901984214782714,bos_sink,0.019727465066730707
pythia-1b,10,3,True,0.012097367644309997,0.7657636165618896,0.04120708107948303,0.027094077691435813,0.10090973675251007,1.633000946044922,bos_sink,0.03167154575707302
pythia-1b,10,4,True,0.00359752937220037,0.8345305562019348,0.02038057502359152,0.06676189303398132,0.014350624196231366,1.0481577277183534,bos_sink,0.017965386846978914
pythia-1b,10,5,True,0.021662432327866556,0.14511694610118867,0.06804291754961014,0.5880233407020569,0.007009461522102356,1.7445228815078735,diffuse,0.01784215951956718
pythia-1b,10,6,True,0.19916851222515106,0.16400432884693145,0.25332394540309905,0.464717310667038,0.011618877947330474,1.9138667583465576,induction,0.030981442439227475
pythia-1b,10,7,True,0.006979416590183973,0.5732936978340148,0.02764381468296051,0.006424582190811634,0.22067155241966246,2.374324321746826,bos_sink,0.025617951694804193
pythia-1b,11,0,True,0.012283074483275414,0.6359445095062256,0.047816841304302214,0.017342991009354592,0.10565211027860641,2.2937018394470217,bos_sink,0.01705735888161312
pythia-1b,11,1,True,0.020986210741102695,0.7085158824920654,0.06840990036725998,0.032829628139734265,0.0746931254863739,1.8716588258743285,bos_sink,0.017861432750069385
pythia-1b,11,2,True,0.03520444482564926,0.5531304478645325,0.12445280253887177,0.10254458636045456,0.03756877779960632,2.318310785293579,bos_sink,0.03224288554267826
pythia-1b,11,3,False,0.009193242341279984,0.5827588438987732,0.02418929859995842,0.010751673951745033,0.29700515866279603,2.156012773513794,bos_sink,0.01768601153967265
pythia-1b,11,4,True,0.0659879393875599,0.4542603135108948,0.16173991560935974,0.07902868688106537,0.06944697946310044,2.9513721466064453,bos_sink,0.03773721022553441
pythia-1b,11,5,True,0.0436235249042511,0.363336318731308,0.12817356884479522,0.2049843817949295,0.03472570329904556,2.5948559761047365,bos_sink,0.02682399945207308
pythia-1b,11,6,True,0.0580534465610981,0.293449330329895,0.1696295127272606,0.2805903911590576,0.023143301904201507,2.56521098613739,diffuse,0.030680486574948627
pythia-1b,11,7,True,0.045795638114213943,0.37417813539505007,0.08226379752159119,0.3693167448043823,0.02080148346722126,2.049283742904663,bos_sink,0.06637529634685245
pythia-1b,12,0,True,0.028653199970722198,0.6596115410327912,0.10755161643028259,0.0478889673948288,0.028035856038331985,1.9984530687332154,bos_sink,0.03292015105641885
pythia-1b,12,1,True,0.00566775007173419,0.4011825144290924,0.014107617363333703,0.15040208101272584,0.39441087245941164,2.207502269744873,bos_sink,0.08048748134035418
pythia-1b,12,2,True,0.04910695180296898,0.18218518197536468,0.15947272777557372,0.12654432356357576,0.1123584344983101,3.5901845932006835,diffuse,0.027675265606742754
pythia-1b,12,3,True,0.03245363123714924,0.4129349410533905,0.11272060275077819,0.1669666588306427,0.037952497601509094,2.263449239730835,bos_sink,0.04473547450474407
pythia-1b,12,4,True,0.006320351082831621,0.4388911783695221,0.02244587689638138,0.014189409278333186,0.37526201605796816,2.885191869735718,bos_sink,0.019039934167041677
pythia-1b,12,5,True,0.008348205778747796,0.6105441451072693,0.020491575077176093,0.015180841833353043,0.2926256150007248,1.8790044069290162,bos_sink,0.06319948972770416
pythia-1b,12,6,True,0.03845381364226341,0.5331552207469941,0.12130212783813477,0.1663328915834427,0.028534857928752898,2.2104767560958862,bos_sink,0.0421092214928082
pythia-1b,12,7,True,0.014832915365695953,0.7623351097106934,0.05983942896127701,0.026200320199131967,0.0338995985686779,1.5640363693237305,bos_sink,0.021141229224171214
pythia-1b,13,0,True,0.007661655638366937,0.18539125621318817,0.029347259551286697,0.011398915015161038,0.4916244924068451,3.5553301334381104,diffuse,0.014911498702743142
pythia-1b,13,1,True,0.0019059994723647834,0.38986386060714723,0.0070602383464574816,0.49028782844543456,0.06842453256249428,1.5338022708892822,bos_sink,0.03915363532259342
pythia-1b,13,2,True,0.028297285735607147,0.5976858258247375,0.11273668855428695,0.07851116992533207,0.039320028573274615,2.222916054725647,bos_sink,0.02459078417576317
pythia-1b,13,3,True,0.05497454404830933,0.18440842926502227,0.21101367473602295,0.16289362609386443,0.06029579639434814,3.4180776119232177,diffuse,0.023472004564277317
pythia-1b,13,4,True,0.0035217192489653826,0.34670860767364503,0.020683424547314644,0.005501303356140852,0.4004124939441681,2.9930370807647706,bos_sink,0.02048011345599144
pythia-1b,13,5,False,0.0109104847535491,0.7890457391738892,0.03861561194062233,0.045607314258813855,0.051254139840602876,1.4716985702514649,bos_sink,0.017572334106357505
pythia-1b,13,6,True,0.022571510821580886,0.44889846444129944,0.06907995641231537,0.03652130998671055,0.1099714145064354,2.9202317237854003,bos_sink,0.025183225419457597
pythia-1b,13,7,True,0.01017869133502245,0.6312328577041626,0.051000811904668805,0.013427245989441871,0.12401757240295411,2.359430503845215,bos_sink,0.013323340124768705
pythia-1b,14,0,True,0.007643995992839337,0.21821101605892182,0.0289796594530344,0.010583341494202614,0.5221910595893859,3.218010902404785,diffuse,0.02224663412403032
pythia-1b,14,1,False,0.016066750325262547,0.45942790508270265,0.08836880624294281,0.018823448568582535,0.19999951720237732,3.0650519847869875,bos_sink,0.02565710865468922
pythia-1b,14,2,True,0.00925795657094568,0.056734895706176756,0.02791536208242178,0.005929209175519645,0.8186328530311584,1.6874341011047362,diffuse,0.027516703795964062
pythia-1b,14,3,True,0.011816158331930638,0.43169835209846497,0.05018052086234093,0.01970188319683075,0.2946433901786804,3.071715831756592,bos_sink,0.019305079293789613
pythia-1b,14,4,True,0.017923025228083134,0.26155363619327543,0.07879657298326492,0.021205978095531465,0.2533497452735901,3.7129002094268797,diffuse,0.02766219990162375
pythia-1b,14,5,True,0.004230997990816832,0.4056471586227417,0.022919639945030212,0.005172738013789058,0.41298946738243103,2.816414546966553,bos_sink,0.02430826381204944
pythia-1b,14,6,True,0.054911280423402785,0.15361968874931337,0.20838312208652496,0.18681817948818208,0.045805130153894424,2.840800380706787,diffuse,0.03139372255883001
pythia-1b,14,7,False,0.014990127645432949,0.5995359301567078,0.06626152470707894,0.03040022775530815,0.11737693399190903,2.5323290824890137,bos_sink,0.017656542080530635
pythia-1b,15,0,True,0.002063822722993791,0.051705102622509005,0.00858297273516655,0.0025835193693637846,0.8808853030204773,1.8491927146911622,diffuse,0.010423992232147905
pythia-1b,15,1,False,0.01835622526705265,0.6192730903625489,0.07572056129574775,0.023605403676629066,0.11688221544027329,2.39694197177887,bos_sink,0.033297948544019136
pythia-1b,15,2,True,0.014193171449005604,0.1721130758523941,0.052242429554462434,0.01696449387818575,0.5107152342796326,3.466769790649414,diffuse,0.022851985302261176
pythia-1b,15,3,True,0.03920022398233414,0.32985844016075133,0.16034845411777496,0.05610796958208084,0.11240199357271194,3.1582734107971193,bos_sink,0.02936935007579452
pythia-1b,15,4,True,0.017068584449589252,0.5803307890892029,0.07951014190912246,0.019466982409358024,0.13333118855953216,2.594122076034546,bos_sink,0.023566035542966653
pythia-1b,15,5,False,0.007523545809090137,0.5495371460914612,0.04329924210906029,0.006918574310839176,0.26208522021770475,2.4616949558258057,bos_sink,0.028185026298080482
pythia-1b,15,6,True,0.04693346470594406,0.23287802338600158,0.2135857403278351,0.06632816195487976,0.087725068628788,3.314810848236084,diffuse,0.025644045771535062
pythia-1b,15,7,True,0.007543965242803097,0.24380047619342804,0.03039669804275036,0.006027152109891176,0.5786787152290345,2.882830190658569,diffuse,0.029405939751925788
pythia-1.4b,0,0,False,1.447348804504145e-05,0.9996336936950684,9.613246656954288e-05,1.762597185006598e-05,7.116380875231698e-05,0.0058387437835335735,bos_sink,0.0
pythia-1.4b,0,1,True,0.024023472517728805,0.11981753557920456,0.11299045383930206,0.024953237548470498,0.3825128495693207,3.58095121383667,diffuse,0.0
pythia-1.4b,0,2,True,0.02137570269405842,0.17310962080955505,0.12750641405582427,0.022880270332098007,0.353324955701828,3.9520010948181152,diffuse,0.0
pythia-1.4b,0,3,True,0.9048522472381592,0.00857912516221404,0.9109223484992981,0.0019143295707181097,0.06410525292158127,0.6334079265594482,induction,0.0
pythia-1.4b,0,4,True,0.006040117237716913,0.22187457382678985,0.03450551964342594,0.00861852578818798,0.5310463011264801,3.012276458740234,diffuse,0.0
pythia-1.4b,0,5,True,0.013655658066272735,0.6185123920440674,0.06896796151995659,0.01574905961751938,0.11525389552116394,2.443416929244995,bos_sink,0.0
pythia-1.4b,0,6,True,0.0006882714573293924,0.00379134276881814,0.01967415288090706,0.00299796755425632,0.8242934823036194,2.7114032745361327,previous_token,0.0
pythia-1.4b,0,7,True,0.01873936653137207,0.1661728948354721,0.1121659129858017,0.030213738232851027,0.2881626546382904,3.853262948989868,diffuse,0.0
pythia-1.4b,0,8,True,0.020272568240761756,0.02396960332989693,0.11661494076251984,0.02377776838839054,0.469760799407959,3.858156204223633,diffuse,0.0
pythia-1.4b,0,9,True,0.0643229641020298,0.5710623502731323,0.11498422175645828,0.017294598929584026,0.12788422256708146,2.3715932846069334,bos_sink,0.0
pythia-1.4b,0,10,True,0.020936208590865136,0.01848966721445322,0.1110292598605156,0.02574044279754162,0.46166412234306337,3.705225419998169,diffuse,0.0
pythia-1.4b,0,11,True,0.018587834015488625,0.06060727536678314,0.0851026102900505,0.021401156857609748,0.5062616407871247,3.5287484169006347,diffuse,0.0
pythia-1.4b,0,12,True,0.006833903398364783,0.00825371202081442,0.05728720501065254,0.011468405462801456,0.6512979745864869,3.1858277320861816,previous_token,0.0
pythia-1.4b,0,13,True,0.021376433596014977,0.136590476334095,0.10076492875814438,0.02317258082330227,0.4004040896892548,3.887208366394043,diffuse,0.0
pythia-1.4b,0,14,True,0.003931834269315005,0.09647156894207001,0.06283317506313324,0.00935632511973381,0.5812620759010315,3.4965426445007326,previous_token,0.0
pythia-1.4b,0,15,False,0.0007397465466056019,0.9923092246055603,0.0020877250703051687,0.00036361778038553896,0.0018019255017861723,0.09110337346792222,bos_sink,0.0
pythia-1.4b,1,0,True,0.02609085775911808,0.5866404414176941,0.07855879738926888,0.015797982923686504,0.16795215755701065,2.2926138401031495,bos_sink,0.00722550667027328
pythia-1.4b,1,1,True,0.01484676618129015,0.05980751886963844,0.11915690600872039,0.01135758999735117,0.549084609746933,3.338814926147461,diffuse,0.0059497002217724455
pythia-1.4b,1,2,True,0.06541530564427375,0.08037457764148712,0.2575130522251129,0.054649777710437775,0.180318620800972,3.9024703979492186,diffuse,0.009431831441870762
pythia-1.4b,1,3,True,0.0013280791230499745,0.5592080533504487,0.05982828885316849,0.003696900326758623,0.261197829246521,2.1723873376846314,bos_sink,0.007440974938055051
pythia-1.4b,1,4,True,0.004154384089633823,0.007605766225606203,0.02288704998791218,0.009707633592188358,0.6991939187049866,3.2693092823028564,diffuse,0.004877601043917047
pythia-1.4b,1,5,True,0.0008919160929508508,0.016019206121563913,0.14025547504425048,0.004424684820696712,0.5843411803245544,2.6113539218902586,previous_token,0.0060127375743886935
pythia-1.4b,1,6,True,0.0006507146172225475,0.02171528823673725,0.03086211420595646,0.004441322665661574,0.7722415089607239,2.77568678855896,previous_token,0.005705909457022554
pythia-1.4b,1,7,True,0.005705133685842157,0.6788200736045837,0.07804272621870041,0.010160164162516593,0.0834517426788807,2.0709202766418455,bos_sink,0.005045751491630801
pythia-1.4b,1,8,True,0.001977888075634837,0.006295697577297687,0.023287291079759596,0.0066539176739752294,0.7018428087234497,3.0044878005981444,previous_token,0.007758618290423309
pythia-1.4b,1,9,True,0.005821968987584114,0.35147331953048705,0.05614214539527893,0.010059269517660141,0.40482559204101565,2.8885595321655275,diffuse,0.008068457629749034
pythia-1.4b,1,10,True,0.013494253903627396,0.024730773642659187,0.15472993552684783,0.022552311047911645,0.4898819625377655,3.5143526554107667,diffuse,0.008027928263222878
pythia-1.4b,1,11,True,1.2653919578831108e-10,8.813771614768484e-07,3.257705211581197e-05,1.3565466616682897e-07,0.995364785194397,0.42789940237998964,previous_token,0.0023829800099207303
pythia-1.4b,1,12,True,0.1232560470700264,0.21727795898914337,0.21013107597827912,0.027129458636045455,0.18271887302398682,3.849173593521118,diffuse,0.004482358986235189
pythia-1.4b,1,13,True,0.0005381859082262963,0.8317294359207154,0.011142625100910663,0.0011279536061920225,0.12174784243106843,0.9856084942817688,bos_sink,0.004836850124720076
pythia-1.4b,1,14,True,0.02539004907011986,0.014061621949076652,0.19026029706001282,0.036915604025125504,0.35309724807739257,3.788171577453613,diffuse,0.00809258138383174
pythia-1.4b,1,15,True,0.0003840654739178717,0.6345826268196106,0.033357132226228714,0.0011577984783798455,0.2693940430879593,1.669677472114563,bos_sink,0.0053503013506466844
pythia-1.4b,2,0,True,0.5914381504058838,0.24689953923225402,0.62794588804245,0.01099714133888483,0.04100764989852905,1.8092044830322265,induction,0.010514060923452024
pythia-1.4b,2,1,True,0.06988129317760468,0.12568467110395432,0.21231756806373597,0.04082557037472725,0.2153593808412552,4.152806568145752,diffuse,0.00567961227717932
pythia-1.4b,2,2,True,0.04673597440123558,0.23027954995632172,0.14005803763866426,0.03656932935118675,0.2721545100212097,3.6629776477813722,diffuse,0.010547608131019565
pythia-1.4b,2,3,False,0.03162519671022892,0.5799180626869201,0.08782636821269989,0.014476286619901657,0.15267302989959716,2.604099082946777,bos_sink,0.006051438453123585
pythia-1.4b,2,4,True,0.007337480317801237,0.8023862957954406,0.04305691346526146,0.007053414778783918,0.05970725826919079,1.437327468395233,bos_sink,0.007967516359691217
pythia-1.4b,2,5,True,0.9333435773849488,0.06102798283100128,0.9342344045639038,0.0008161713602021336,0.0008928492898121476,0.3566973447799683,induction,0.006815835282962117
pythia-1.4b,2,6,True,0.039914080500602724,0.03398672416806221,0.11703626811504364,0.021667272597551347,0.4365456521511078,3.8568441390991213,diffuse,0.01075591886203326
pythia-1.4b,2,7,True,0.016152725368738175,0.1768912047147751,0.046340861916542055,0.6166975140571594,0.05395801365375519,1.9130975246429442,diffuse,0.011463399711113558
pythia-1.4b,2,8,False,0.015179874561727046,0.6083461880683899,0.07630058377981186,0.016793462634086608,0.10320993214845657,2.4894524574279786,bos_sink,0.00466465359589898
pythia-1.4b,2,9,True,0.009882335644215345,0.7337559819221496,0.050262187421321866,0.008471002522855996,0.1130809411406517,1.841314697265625,bos_sink,0.009244000488753347
pythia-1.4b,2,10,True,0.021130532771348954,0.14636248350143433,0.07990501075983047,0.015016506239771844,0.4956531643867493,3.7230751514434814,diffuse,0.00548496485668457
pythia-1.4b,2,11,True,0.06532128304243087,0.3215996980667114,0.14342296719551087,0.031210485845804214,0.187567737698555,3.5141220569610594,bos_sink,0.0085201049142028
pythia-1.4b,2,12,True,0.028224487230181693,0.624079954624176,0.07744794338941574,0.02629912309348583,0.11368773281574249,2.316807985305786,bos_sink,0.006270597022536866
pythia-1.4b,2,13,True,0.015970006957650183,0.1583503693342209,0.07096366435289383,0.019788410514593124,0.4579836368560791,3.540929651260376,diffuse,0.006925013332592688
pythia-1.4b,2,14,True,0.018515636399388313,0.44184014201164246,0.10239306092262268,0.022788620367646218,0.17598676681518555,3.2361902713775637,bos_sink,0.006720482522123412
pythia-1.4b,2,15,True,0.006895372178405523,0.04286072105169296,0.04653242230415344,0.011532395519316197,0.6327545642852783,3.6961621761322023,diffuse,0.0037264011546577214
pythia-1.4b,3,0,True,0.03212942481040955,0.10612034648656846,0.15651408433914185,0.03654202371835709,0.16744813024997712,4.066757583618164,diffuse,0.011216989275422456
pythia-1.4b,3,1,True,0.004860624670982361,0.4429447591304779,0.03441411852836609,0.06445331647992134,0.32512521743774414,2.799291658401489,bos_sink,0.013026672935156424
pythia-1.4b,3,2,False,0.015613289922475815,0.29765509366989135,0.08241826295852661,0.018951382488012314,0.2766125977039337,3.35064377784729,diffuse,0.010850511493475237
pythia-1.4b,3,3,True,0.0019316704710945487,0.20401777029037477,0.014529486373066901,0.0032496933359652757,0.5915093421936035,2.7395652770996093,previous_token,0.012050760919658694
pythia-1.4b,3,4,True,0.01812945418059826,0.054734422266483305,0.0863023042678833,0.03333468921482563,0.45684831738471987,3.997871255874634,diffuse,0.008242532967991755
pythia-1.4b,3,5,True,0.0009140773443505168,0.2541796833276749,0.01873464174568653,0.0014230580534785986,0.6741823077201843,2.2965097427368164,previous_token,0.011458162369083208
pythia-1.4b,3,6,True,0.036239583790302274,0.08044630214571953,0.12345092892646789,0.03884851858019829,0.2353572279214859,4.028218364715576,diffuse,0.012230399452245109
pythia-1.4b,3,7,True,0.05537668839097023,0.3923284113407135,0.14641253650188446,0.031353697180747986,0.10789618045091628,3.240748167037964,bos_sink,0.017661544694436093
pythia-1.4b,3,8,True,0.005256226379424333,0.11729094088077545,0.04057692661881447,0.007860171515494585,0.6028852939605713,3.3077423095703127,diffuse,0.008539811835685331
pythia-1.4b,3,9,True,0.017136097140610217,0.5364304661750794,0.05147722736001015,0.010257697850465774,0.2256782680749893,2.5934235095977782,bos_sink,0.009712528859445404
pythia-1.4b,3,10,True,0.02354869432747364,0.1476959690451622,0.06491504833102227,0.020557796582579613,0.3607709050178528,3.837403583526611,diffuse,0.012505834730809174
pythia-1.4b,3,11,True,0.023405785858631133,0.5384631037712098,0.05696286857128143,0.011780737154185771,0.2797971785068512,2.62675461769104,bos_sink,0.016477588435685458
pythia-1.4b,3,12,True,0.025001604110002518,0.3791305124759674,0.05438839718699455,0.013223787769675255,0.3408957362174988,3.1189992427825928,bos_sink,0.011047377902279627
pythia-1.4b,3,13,True,0.006081504095345735,0.10586061328649521,0.026521672308444978,0.7269381999969482,0.035525751486420634,1.5656412601470948,diffuse,0.01375536143119336
pythia-1.4b,3,14,False,0.020829985663294793,0.39724308252334595,0.23373984694480895,0.020634261891245842,0.10280725955963135,3.0383119583129883,bos_sink,0.014687064797017629
pythia-1.4b,3,15,True,0.0010849806480109692,0.7047091364860535,0.011993396282196044,0.0015483266208320857,0.2134452611207962,1.636582612991333,bos_sink,0.01135815251209965
pythia-1.4b,4,0,True,0.024286967888474464,0.7083654284477234,0.08265122473239898,0.016632180474698544,0.05968183428049088,1.8921434879302979,bos_sink,0.015114481728707193
pythia-1.4b,4,1,True,0.0043642490170896055,0.60185866355896,0.008466535527259112,0.3683017671108246,0.0038590514101088046,1.0373794794082642,bos_sink,0.025013925980472227
pythia-1.4b,4,2,True,0.07720976024866104,0.3297250151634216,0.19057694673538209,0.04926932528614998,0.13918349146842957,3.3887118339538573,bos_sink,0.01748315725104445
pythia-1.4b,4,3,True,0.039973745495080946,0.2916006565093994,0.09513508379459382,0.059668035805225374,0.11176203042268754,3.548791933059692,diffuse,0.023357134441268374
pythia-1.4b,4,4,True,0.0700459860265255,0.3365229904651642,0.14974611401557922,0.020585057511925697,0.2675635188817978,3.4188360214233398,bos_sink,0.01047831530356828
pythia-1.4b,4,5,True,0.002438485226593912,0.5972699046134948,0.004559968179091811,0.11585142165422439,0.1982672244310379,2.0397982597351074,bos_sink,0.01647151109309076
pythia-1.4b,4,6,True,0.00017362892685923725,0.09198181182146073,0.0011754079954698683,0.0006781991920433939,0.7398403406143188,2.597149896621704,previous_token,0.012625617213064587
pythia-1.4b,4,7,True,0.5071092009544372,0.4364514768123627,0.5127993762493134,0.005034566018730402,0.0364954125136137,1.2194372177124024,induction,0.01967624783147249
pythia-1.4b,4,8,True,0.015757002867758274,0.6673387885093689,0.03067970797419548,0.24649673700332642,0.010393422655761242,1.3137500524520873,bos_sink,0.015822662536759867
pythia-1.4b,4,9,True,0.004430212639272213,0.4538424015045166,0.07252452671527862,0.020143137127161027,0.1597633570432663,3.11051025390625,bos_sink,0.00907192680298222
pythia-1.4b,4,10,True,0.022028810158371926,0.4607881784439087,0.08948594480752944,0.019640328735113143,0.15210452824831008,2.8511566162109374,bos_sink,0.014691723895327842
pythia-1.4b,4,11,True,0.03637211583554745,0.48350791335105897,0.12001781612634659,0.029721273854374886,0.10450642108917237,2.945520257949829,bos_sink,0.018479045578438182
pythia-1.4b,4,12,False,0.010980876721441745,0.753947627544403,0.06985767930746078,0.009389777295291423,0.05236063376069069,1.796199369430542,bos_sink,0.010603337157137453
pythia-1.4b,4,13,True,0.12401571869850159,0.3997126936912537,0.17992030680179597,0.04566488936543465,0.08194946050643921,3.061200571060181,bos_sink,0.021415623915223617
pythia-1.4b,4,14,True,0.0016184653388336301,0.38673079013824463,0.005341257434338331,0.0030137122608721255,0.484707111120224,2.6527132987976074,bos_sink,0.010915194395053925
pythia-1.4b,4,15,True,1.3972252332905555e-07,0.003376927645877004,0.003334194514900446,1.5082727986737155e-05,0.9774352431297302,0.8668873071670532,previous_token,0.004831256366275599
pythia-1.4b,5,0,True,0.0009480802924372256,0.3473631739616394,0.006042605172842741,0.0016385809052735568,0.5447617053985596,2.3679995059967043,bos_sink,0.026168521927036108
pythia-1.4b,5,1,True,0.029354367405176163,0.5548157811164856,0.10065817534923553,0.02107943668961525,0.06901201754808425,2.5542134284973144,bos_sink,0.026151624331780716
pythia-1.4b,5,2,True,0.026738742738962172,0.07532314658164978,0.11328514069318771,0.04381035789847374,0.26015142500400545,3.728222942352295,diffuse,0.03338963897050227
pythia-1.4b,5,3,True,0.000708937831223011,0.7077014327049256,0.006610376760363579,0.0016299292212352157,0.2430204838514328,1.4918306112289428,bos_sink,0.010872940153012687
pythia-1.4b,5,4,True,0.005770352808758617,0.06324367448687554,0.00865288320928812,0.9081727266311646,0.0049295650329440836,0.48896676301956177,diffuse,0.027085214006832233
pythia-1.4b,5,5,True,0.020761725306510926,0.15364099740982057,0.244868865609169,0.05390821248292923,0.11774110198020935,3.98907585144043,diffuse,0.022899157281265795
pythia-1.4b,5,6,True,0.0011397252092137933,0.5988583087921142,0.004998218920081854,0.0017370017943903805,0.3347436606884003,1.7703531503677368,bos_sink,0.01250416343952814
pythia-1.4b,5,7,False,0.006038954667747021,0.8128047585487366,0.020990893989801408,0.004012169456109405,0.10684717148542404,1.3247458219528199,bos_sink,0.01564033410784239
pythia-1.4b,5,8,True,0.0008888109761755914,0.0040652425028383735,0.003069905238226056,0.9776283979415894,0.005623247753828764,0.17776809632778168,diffuse,0.01179738619547072
pythia-1.4b,5,9,True,0.0009942975360900165,0.8182598948478699,0.008131579961627722,0.001941920630633831,0.11388227492570877,1.1458738446235657,bos_sink,0.012998635357882432
pythia-1.4b,5,10,False,0.019742270559072496,0.5329825937747955,0.05657090172171593,0.02062983550131321,0.13305723965167998,2.653724193572998,bos_sink,0.0248747000447267
pythia-1.4b,5,11,True,0.9591112017631531,0.033675939217209815,0.960613203048706,0.00033925870957318693,0.0039386446587741375,0.24103138148784636,induction,0.012019031882590202
pythia-1.4b,5,12,True,0.049998199194669725,0.3188143730163574,0.07193202823400498,0.012734241597354413,0.4412829101085663,3.1108349800109862,bos_sink,0.02129121144590547
pythia-1.4b,5,13,True,0.054196867346763614,0.48592756390571595,0.11393943727016449,0.029415274411439894,0.12057973146438598,2.839484357833862,bos_sink,0.028519091441992123
pythia-1.4b,5,14,True,0.0032032689545303584,0.30410980582237246,0.0407317616045475,0.013192465901374817,0.3988623797893524,3.347656726837158,bos_sink,0.018526828153206745
pythia-1.4b,5,15,True,0.007296097651124001,0.012525535747408867,0.029170769080519677,0.009084789268672466,0.573225462436676,3.777334690093994,diffuse,0.005130586591179388
pythia-1.4b,6,0,False,0.001483684335835278,0.9608493447303772,0.006293656770139933,0.001166759431362152,0.01681974548846483,0.3729662477970123,bos_sink,0.007357676231904362
pythia-1.4b,6,1,True,0.0022936467546969654,0.5240303158760071,0.02979345843195915,0.0028912079520523547,0.3604510843753815,2.179111623764038,bos_sink,0.03036651272973511
pythia-1.4b,6,2,True,1.1924841942345666e-06,0.20439901649951936,8.739154582144692e-05,4.026624560538039e-06,0.7888811588287353,1.5448729753494264,previous_token,0.011589470975088565
pythia-1.4b,6,3,False,0.006900171376764774,0.7424339771270752,0.05068842768669128,0.0061064898036420345,0.12688610702753067,1.7208420515060425,bos_sink,0.0116258548904482
pythia-1.4b,6,4,False,0.005044149979948997,0.6204848289489746,0.03982328101992607,0.006326011568307877,0.2308691143989563,2.1509116649627686,bos_sink,0.027690420794880048
pythia-1.4b,6,5,True,0.024528684839606286,0.35147573351860045,0.08861019909381866,0.028193711861968042,0.14020703732967377,3.4207865238189696,bos_sink,0.025601564678440183
pythia-1.4b,6,6,True,0.033319702744483946,0.049862876534461975,0.07354270517826081,0.04225981831550598,0.3384858131408691,3.900060701370239,diffuse,0.03759913091165835
pythia-1.4b,6,7,True,0.0005562330596148967,0.4274588406085968,0.004431948997080326,0.0018778953002765776,0.4973933041095734,2.40812349319458,bos_sink,0.011765628854362054
pythia-1.4b,6,8,True,0.0012743129045702517,0.35306607484817504,0.031079266965389252,0.008620191365480423,0.14415111839771272,3.0649551868438722,bos_sink,0.01842128998095009
pythia-1.4b,6,9,True,0.006062624230980873,0.6155388593673706,0.018627628684043884,0.006457715388387441,0.2378132164478302,2.2910175800323485,bos_sink,0.01233117861352941
pythia-1.4b,6,10,True,0.0023119102232158186,0.2688009023666382,0.014844674430787564,0.004730954393744468,0.4718585669994354,3.1906948566436766,diffuse,0.014469106077755286
pythia-1.4b,6,11,True,0.006111497338861227,0.41122167706489565,0.035292484983801845,0.008059193100780248,0.42276570200920105,2.8283630847930907,bos_sink,0.01619669302132369
pythia-1.4b,6,12,True,0.025119835138320924,0.34093211889266967,0.07403032332658768,0.03115094229578972,0.2388143867254257,3.5671384811401365,bos_sink,0.023541446319055383
pythia-1.4b,6,13,False,0.02425086945295334,0.6210678577423095,0.04733419269323349,0.03844699934124947,0.08731818199157715,2.299382543563843,bos_sink,0.017941237469668705
pythia-1.4b,6,14,False,0.003143625520169735,0.7165370464324952,0.02728566750884056,0.007293504569679499,0.11471170783042908,1.8915468454360962,bos_sink,0.013466664017767947
pythia-1.4b,6,15,True,8.454569178866223e-05,0.4947437584400177,0.00035281082964502277,0.00034133989829570054,0.4846534788608551,1.8026081800460816,bos_sink,0.015505728410955244
pythia-1.4b,7,0,True,0.0026829113252460957,0.18470538258552552,0.01956496201455593,0.0050532973371446134,0.5283848345279694,3.3482041358947754,diffuse,0.015709246499654734
pythia-1.4b,7,1,True,0.00922118192538619,0.708062469959259,0.04114523269236088,0.0058577067218720915,0.17733390927314757,1.8087117195129394,bos_sink,0.022344487722134966
pythia-1.4b,7,2,True,0.010534079931676387,0.26004841923713684,0.04444385841488838,0.016815125569701196,0.2934997737407684,3.345577573776245,diffuse,0.039441104833488255
pythia-1.4b,7,3,True,0.018042587116360663,0.0468368373811245,0.034022406488656995,0.8877634644508362,0.011419029347598553,0.6473390817642212,diffuse,0.027177448343055
pythia-1.4b,7,4,True,0.04735909402370453,0.07729566171765327,0.07274655997753143,0.0771556943655014,0.12391558289527893,3.5988768100738526,diffuse,0.03154304054597093
pythia-1.4b,7,5,True,0.00028934689180459827,0.14413990676403046,0.001958257961086929,0.0004756276204716414,0.8202516317367554,2.4392629623413087,previous_token,0.01769425565869402
pythia-1.4b,7,6,True,0.032048093527555464,0.24582558870315552,0.1443702295422554,0.07364957332611084,0.07229662537574769,3.4953736782073976,diffuse,0.03071687592653235
pythia-1.4b,7,7,False,0.012215007469058037,0.5836352348327637,0.029171521961688995,0.05085271000862122,0.15323810577392577,2.4160597801208494,bos_sink,0.017285076637343185
pythia-1.4b,7,8,True,0.006900657154619694,0.2558828294277191,0.019124180451035498,0.012357085198163986,0.6259477257728576,2.746523380279541,diffuse,0.018309727831428164
pythia-1.4b,7,9,True,0.014582297392189502,0.2755597412586212,0.07498853951692581,0.017807098850607873,0.32042763829231263,3.3209200382232664,diffuse,0.028893395731693524
pythia-1.4b,7,10,True,0.012652305699884892,0.1423039972782135,0.027697106823325157,0.49130595922470094,0.183737176656723,2.336001396179199,diffuse,0.025195765940522634
pythia-1.4b,7,11,False,0.03322797939181328,0.7128955245018005,0.05040126219391823,0.017703695222735405,0.10150618553161621,1.8587255716323852,bos_sink,0.020805449208882797
pythia-1.4b,7,12,False,0.01671802643686533,0.7603518486022949,0.06414172425866127,0.022020947933197022,0.05784333348274231,1.645564889907837,bos_sink,0.025539011420377167
pythia-1.4b,7,13,True,0.004695736756548286,0.394060879945755,0.09244614690542222,0.02066989503800869,0.1077264204621315,3.3723237037658693,bos_sink,0.01213235468772313
pythia-1.4b,7,14,True,0.00016087475087260826,0.8619101405143738,0.001231905014719814,0.0004631339339539409,0.09978962689638138,0.8552939653396606,bos_sink,0.034732787638845755
pythia-1.4b,7,15,True,0.8508914828300476,0.06648327708244324,0.8627232789993287,0.009381799306720496,0.0231557946652174,0.8983060240745544,induction,0.016477468452450746
pythia-1.4b,8,0,True,0.041875997185707094,0.10379658490419388,0.07258947789669037,0.03118329830467701,0.5020463407039643,3.620093059539795,diffuse,0.018452122262350577
pythia-1.4b,8,1,True,0.014072545059025287,0.3846809327602386,0.04643338397145271,0.015137465111911297,0.3464028358459473,3.18804612159729,bos_sink,0.03965463842230476
pythia-1.4b,8,2,True,0.0019131730310618877,0.45450031757354736,0.009121867921203375,0.003991554351523518,0.22375656366348268,2.766613721847534,bos_sink,0.02317267590720459
pythia-1.4b,8,3,True,0.012198000587522984,0.11916531175374985,0.03468759283423424,0.018569014221429824,0.5492114663124085,3.5945568084716797,diffuse,0.026214483619772043
pythia-1.4b,8,4,True,4.608026855645875e-08,0.12693823426961898,0.0005126848875079304,8.257427396074491e-07,0.8704639196395874,0.9419102191925048,previous_token,0.011167551805981186
pythia-1.4b,8,5,True,0.02326465994119644,0.1618737518787384,0.05043550059199333,0.01917221341282129,0.587226402759552,3.110045337677002,diffuse,0.02990187407807218
pythia-1.4b,8,6,True,0.036991778388619424,0.013050892949104309,0.0804552599787712,0.18405219316482543,0.019157978892326354,2.527392101287842,diffuse,0.02170655838156717
pythia-1.4b,8,7,True,0.062050729244947436,0.5126982986927032,0.09167840629816056,0.030485834553837778,0.20558686256408693,2.5248915195465087,bos_sink,0.02982145263608118
pythia-1.4b,8,8,True,0.016940338909626006,0.6466532230377198,0.04584976956248284,0.03770443499088287,0.09937845915555954,2.211983060836792,bos_sink,0.028975139730306236
pythia-1.4b,8,9,False,0.022658374905586243,0.1759403556585312,0.07586884796619416,0.0314510378986597,0.1763105183839798,3.6918282508850098,diffuse,0.042649343539968326
pythia-1.4b,8,10,False,0.004413791000843048,0.5828985333442688,0.015889935940504075,0.009834198374301195,0.09705138057470322,2.5188958644866943,bos_sink,0.01786587905448813
pythia-1.4b,8,11,True,0.0003079638641793281,0.35207768678665163,0.0017645271262153983,0.0008454730967059731,0.5498404860496521,2.557206153869629,bos_sink,0.0188556420189474
pythia-1.4b,8,12,True,0.002744088089093566,0.16773615181446075,0.013527676090598106,0.0037889957893639803,0.6910933494567871,2.6696020126342774,diffuse,0.041066964693360894
pythia-1.4b,8,13,True,0.005064583197236061,0.6014533758163452,0.021204810962080954,0.010115082748234272,0.15025991797447205,2.365300416946411,bos_sink,0.026970068793718088
pythia-1.4b,8,14,True,0.0005655493412632495,0.5039974331855774,0.004074879921972752,0.0017219004686921835,0.3972937107086182,2.4491498947143553,bos_sink,0.013413577499449368
pythia-1.4b,8,15,False,3.574766851670575e-05,0.7329634666442871,0.0017711566761136055,0.00011361067008692771,0.19467759132385254,1.3917210102081299,bos_sink,0.028116518555671276
pythia-1.4b,9,0,True,0.005285550840198994,0.6830191373825073,0.027424501627683638,0.00791672533378005,0.21421469151973724,1.9269358396530152,bos_sink,0.017441958562823535
pythia-1.4b,9,1,True,0.45889567732810976,0.3527932345867157,0.47328389883041383,0.008527588937431574,0.15617869794368744,1.4872811079025268,induction,0.02632477048044752
pythia-1.4b,9,2,False,0.01891624219715595,0.384769469499588,0.10922531485557556,0.03376433961093426,0.1826978176832199,3.1608888149261474,bos_sink,0.02558399756559553
pythia-1.4b,9,3,True,0.022495297342538835,0.27611340284347535,0.06511714905500413,0.026008766144514084,0.41309858560562135,3.3735864639282225,diffuse,0.017584635015362768
pythia-1.4b,9,4,False,0.004706753883510828,0.7693203568458558,0.02276456244289875,0.006199862714856863,0.09898916631937027,1.6636037349700927,bos_sink,0.033821566887646703
pythia-1.4b,9,5,True,0.010157627146691084,0.5391029238700866,0.022193564102053642,0.010484829265624284,0.2580798387527466,2.384668207168579,bos_sink,0.032673306011057515
pythia-1.4b,9,6,True,0.01090848706662655,0.730414068698883,0.12110402435064316,0.010503175854682922,0.04296061620116234,1.8499016284942627,bos_sink,0.03924920618214592
pythia-1.4b,9,7,True,0.0008837665780447423,0.6100361466407775,0.008459868095815181,0.001294017327018082,0.263210591673851,1.9699428081512451,bos_sink,0.024134159071734204
pythia-1.4b,9,8,True,0.01659987587481737,0.5859485864639282,0.032081141322851184,0.03831390403211117,0.11167194247245789,2.4231127738952636,bos_sink,0.030574438807763216
pythia-1.4b,9,9,True,0.01588099095970392,0.36344375610351565,0.08155881017446517,0.043590374290943146,0.05681559145450592,3.3750022888183593,bos_sink,0.01806445290476749
pythia-1.4b,9,10,True,0.02009730376303196,0.611781370639801,0.03585429191589355,0.060462559759616855,0.025326418131589888,2.0032731533050536,bos_sink,0.059168016892334724
pythia-1.4b,9,11,True,0.016068066097795965,0.6125804781913757,0.08093150705099106,0.028661217913031577,0.056736215204000476,2.3713547945022584,bos_sink,0.03216357784968664
pythia-1.4b,9,12,True,0.014261011965572834,0.29640924334526064,0.03609932139515877,0.05993075966835022,0.5289385616779327,2.605924940109253,diffuse,0.04080607516857841
pythia-1.4b,9,13,True,0.017841451987624168,0.3849164843559265,0.04931204468011856,0.025893598422408105,0.10904835313558578,3.2825575351715086,bos_sink,0.022157975341886436
pythia-1.4b,9,14,True,0.017549026012420654,0.6468206644058228,0.0536598838865757,0.008617978915572167,0.21744548976421357,2.079987096786499,bos_sink,0.018288365082254097
pythia-1.4b,9,15,True,0.028108498081564903,0.7421537518501282,0.05228126123547554,0.026545748114585876,0.05080665871500969,1.7727706909179688,bos_sink,0.024190015614682814
pythia-1.4b,10,0,True,0.013401493057608604,0.004129909235052765,0.020471983030438422,0.9580086588859558,0.0007641470932867378,0.2849705457687378,diffuse,0.014281635449304435
pythia-1.4b,10,1,False,0.0009904913371428848,0.7028644442558288,0.004929508734494448,0.001826791255734861,0.10366420894861221,1.7461748123168945,bos_sink,0.02627162422923366
pythia-1.4b,10,2,True,2.500712507753633e-05,0.4938341498374939,0.0002839122898876667,0.00010410820250399411,0.40919246077537536,2.1904670715332033,bos_sink,0.019887451647943897
pythia-1.4b,10,3,True,0.004777979711070657,0.6674410462379455,0.02821958065032959,0.006688871327787638,0.17648808658123016,2.0463159322738647,bos_sink,0.04099763097551679
pythia-1.4b,10,4,True,0.07946696132421494,0.2585362195968628,0.14352845400571823,0.3736580848693848,0.014702721126377582,2.20374116897583,diffuse,0.031111855843701762
pythia-1.4b,10,5,True,0.04961614608764649,0.27777124047279356,0.10531066507101058,0.07603412717580796,0.2104218453168869,3.63100061416626,diffuse,0.022945392988862563
pythia-1.4b,10,6,True,0.006212685164064169,0.5481580138206482,0.01951523534953594,0.01187541913241148,0.0765218161046505,2.5286529541015623,bos_sink,0.02368107514710281
pythia-1.4b,10,7,True,0.004563953448086977,0.45293498039245605,0.016994808055460452,0.017965234443545343,0.42368494272232055,2.583780860900879,bos_sink,0.021457544260357737
pythia-1.4b,10,8,True,0.039519397914409636,0.4164651095867157,0.08463698029518127,0.3039621412754059,0.016619308292865752,2.127235460281372,bos_sink,0.03272147737055254
pythia-1.4b,10,9,True,0.03349503763020038,0.05906446725130081,0.05627262219786644,0.8221612572669983,0.007513149362057448,0.9949398875236511,diffuse,0.022143856648853093
pythia-1.4b,10,10,True,0.03970812261104584,0.5390335977077484,0.1171180173754692,0.03970481008291245,0.12321216315031051,2.7383944988250732,bos_sink,0.037271443780241595
pythia-1.4b,10,11,True,0.029063355922698975,0.4980465769767761,0.08101886808872223,0.130186028778553,0.04406455531716347,2.3643779277801515,bos_sink,0.023781943788967808
pythia-1.4b,10,12,False,0.003713674424216151,0.8200462937355042,0.03445107787847519,0.004458444472402334,0.060767877101898196,1.2959086418151855,bos_sink,0.018047479661360482
pythia-1.4b,10,13,False,0.016734113357961176,0.7597232341766358,0.05550236999988556,0.014452220499515533,0.05809645801782608,1.6909295320510864,bos_sink,0.04426177256582131
pythia-1.4b,10,14,True,0.0011169275385327637,0.19015463590621948,0.009343711286783218,0.0017454938963055611,0.6930435299873352,2.933019733428955,diffuse,0.0228438900482878
pythia-1.4b,10,15,True,0.01923728995025158,0.11683949679136277,0.054409053176641464,0.019511174783110617,0.3479965329170227,3.606071615219116,diffuse,0.022937432554872125
pythia-1.4b,11,0,True,0.019530339911580086,0.5668975353240967,0.0723164901137352,0.029328321292996406,0.0608762264251709,2.5903363704681395,bos_sink,0.021123275849409737
pythia-1.4b,11,1,False,0.0053440889343619345,0.8567280054092408,0.0320384219288826,0.016376177594065667,0.02601432390511036,1.1323348522186278,bos_sink,0.019007053229187783
pythia-1.4b,11,2,True,0.02106312457472086,0.10033903270959854,0.03832595609128475,0.015279769711196423,0.8229665875434875,1.4027154684066772,diffuse,0.05444783817140864
pythia-1.4b,11,3,False,0.01641201078891754,0.5983060240745545,0.06199290007352829,0.032057395204901695,0.1759053111076355,2.481536388397217,bos_sink,0.02168673834119065
pythia-1.4b,11,4,True,0.002949039172381163,0.21602814197540282,0.011242743022739888,0.005274741724133491,0.616938853263855,3.0728492736816406,diffuse,0.015679995507683793
pythia-1.4b,11,5,False,0.022502736747264863,0.5741412162780761,0.07769638299942017,0.052431396394968036,0.048255231231451035,2.4835396289825438,bos_sink,0.04321758503132012
pythia-1.4b,11,6,True,0.022868209704756736,0.3599331617355347,0.07933933883905411,0.10351210981607437,0.030437441170215608,2.7600403785705567,bos_sink,0.03131508187201061
pythia-1.4b,11,7,True,0.0016269696410745383,0.7184748888015747,0.008322994504123927,0.0032718594651669265,0.14568750858306884,1.7141249418258666,bos_sink,0.016839263248132615
pythia-1.4b,11,8,True,0.07482657879590988,0.40117257833480835,0.16886345148086548,0.19725613296031952,0.01646591555327177,2.594243049621582,bos_sink,0.03429145966593891
pythia-1.4b,11,9,True,2.2739683663530742e-05,0.29031257033348085,0.001918061706237495,0.00013276378158479928,0.6235078573226929,2.1726121425628664,previous_token,0.017080932294820536
pythia-1.4b,11,10,False,0.00974128246307373,0.8163548231124877,0.04575041085481644,0.02536463998258114,0.02536899857223034,1.2877575159072876,bos_sink,0.02266112290438268
pythia-1.4b,11,11,True,0.046595121175050734,0.33424034118652346,0.08619554340839386,0.14745302498340607,0.2649757593870163,2.850378942489624,bos_sink,0.03113626399386839
pythia-1.4b,11,12,True,0.02477986887097359,0.6417247891426087,0.07671424224972725,0.08058295920491218,0.03783674649894238,1.9664634227752686,bos_sink,0.02890230168183781
pythia-1.4b,11,13,True,0.00932790245860815,0.6555148601531983,0.03150118812918663,0.014029109105467796,0.11129290163516999,2.160809302330017,bos_sink,0.03820860510155091
pythia-1.4b,11,14,True,0.024896569922566412,0.07909719794988632,0.07683498412370682,0.06848090142011642,0.43928949236869813,3.7922510147094726,diffuse,0.024470525396515966
pythia-1.4b,11,15,True,0.015844932198524474,0.5576038479804992,0.05082415044307709,0.06503664553165436,0.10077049285173416,2.6952084064483643,bos_sink,0.019760800615166267
pythia-1.4b,12,0,True,0.006277032289654016,0.8039957761764527,0.022930068522691728,0.04312975108623505,0.021469864621758462,1.1951620936393739,bos_sink,0.027676454787464975
pythia-1.4b,12,1,False,0.015146946161985397,0.5677969813346863,0.05869394540786743,0.0677039384841919,0.06320269480347633,2.577601432800293,bos_sink,0.021823448601551776
pythia-1.4b,12,2,False,0.002354731224477291,0.7819192171096802,0.01042395867407322,0.0038308466784656046,0.13597808927297592,1.502795696258545,bos_sink,0.021018441460785454
pythia-1.4b,12,3,True,2.1436229872051626e-05,0.5176806032657624,0.0009485803544521332,1.2642839647014625e-05,0.47661736607551575,0.9889167785644531,bos_sink,0.026330166570590858
pythia-1.4b,12,4,False,0.0004523006617091596,0.9927563548088074,0.0016293879598379135,0.0006302468478679657,0.001239836384775117,0.06501959636807442,bos_sink,0.020603069377970847
pythia-1.4b,12,5,True,0.0025589610915631054,0.6705073475837707,0.013009364902973174,0.009434200264513493,0.24658367931842803,1.8132755994796752,bos_sink,0.02191945949258518
pythia-1.4b,12,6,True,0.010551701113581658,0.8077826857566833,0.0400354877114296,0.06083172559738159,0.01834534276276827,1.1789053440093995,bos_sink,0.020998968769488258
pythia-1.4b,12,7,True,0.0028293515788391232,0.36913967728614805,0.008440288994461299,0.346264573931694,0.20648165345191954,2.1897042751312257,bos_sink,0.034850771864404696
pythia-1.4b,12,8,True,0.0015996822156012058,0.26458714008331297,0.007432954851537943,0.0024318160023540257,0.630431306362152,2.7333467960357667,previous_token,0.024493316320834565
pythia-1.4b,12,9,True,0.01605326682329178,0.5632301926612854,0.0601580299437046,0.017955165728926657,0.1263674572110176,2.6370731353759767,bos_sink,0.03474045591210332
pythia-1.4b,12,10,True,0.004204368498176336,0.7547123432159424,0.016677352227270605,0.005674497876316309,0.07309098988771438,1.5655529260635377,bos_sink,0.02963851523047578
pythia-1.4b,12,11,True,0.03199143558740616,0.3024316132068634,0.10545064657926559,0.3655034124851227,0.02930817976593971,2.231211233139038,bos_sink,0.029245484342931605
pythia-1.4b,12,12,True,0.0004427333653438836,0.19158766269683838,0.004088153410702944,0.0010233177454210818,0.7310911059379578,1.6657222509384155,previous_token,0.026193998172160324
pythia-1.4b,12,13,True,0.002256390266120434,0.9512953877449035,0.009376003779470921,0.002848078589886427,0.011461097188293934,0.3843593657016754,bos_sink,0.040649867620856886
pythia-1.4b,12,14,True,0.030740400403738023,0.29149351418018343,0.11098127067089081,0.06805085837841034,0.26191540956497195,3.5261205196380616,diffuse,0.02558290273664007
pythia-1.4b,12,15,True,0.04741885587573051,0.6198189616203308,0.0858388289809227,0.2119787737727165,0.03192468844354153,1.5260292291641235,bos_sink,0.04547734848445655
pythia-1.4b,13,0,True,0.04087166637182236,0.36757671236991885,0.09465026259422302,0.23118061125278472,0.06566064283251763,2.4558144569396974,bos_sink,0.04741158532601229
pythia-1.4b,13,1,True,0.015367036871612071,0.21790249645709991,0.04461248368024826,0.5844497442245483,0.01189144216477871,1.4796620607376099,diffuse,0.0256561249692312
pythia-1.4b,13,2,True,0.007689776923507452,0.742268419265747,0.028568582981824873,0.03900383040308952,0.11103876382112503,1.6067288637161254,bos_sink,0.027283398322798677
pythia-1.4b,13,3,False,0.08618296012282371,0.5698324918746949,0.11658134609460831,0.041128342226147654,0.10013439506292343,1.9026358127593994,bos_sink,0.05002726177436552
pythia-1.4b,13,4,False,2.1869761691439402e-14,0.9997371912002564,4.90752788883872e-12,5.981186562385585e-15,0.0002628060581628585,0.0013798230533922152,bos_sink,0.007711011889932628
pythia-1.4b,13,5,False,0.005721924360841513,0.8567173480987549,0.020056709088385104,0.008592670224606991,0.058642014116048816,1.1245267868041993,bos_sink,0.011086993203612375
pythia-1.4b,13,6,True,0.01549785453826189,0.6223013401031494,0.05189499780535698,0.16319675147533416,0.040534115955233575,1.9605995893478394,bos_sink,0.043318091025264044
pythia-1.4b,13,7,True,0.005710418149828911,0.6248102188110352,0.029642795398831367,0.015635236725211145,0.06565857082605361,2.100951838493347,bos_sink,0.047133083373857125
pythia-1.4b,13,8,True,0.016027700155973434,0.5425075769424439,0.06737874299287797,0.02078699432313442,0.19804406464099883,2.7065906047821047,bos_sink,0.02484651920712916
pythia-1.4b,13,9,True,4.310083204472903e-06,0.427321183681488,0.0006350525072775781,2.255313336263498e-06,0.5692376255989074,0.9767997026443481,bos_sink,0.011447748529839551
pythia-1.4b,13,10,False,0.00014290120743680744,0.9926454186439514,0.0005127506679855287,0.00020845308317802848,0.0007728415803285316,0.06747957840561866,bos_sink,0.013824226543689035
pythia-1.4b,13,11,False,0.01738612838089466,0.5877349019050598,0.0524176724255085,0.04525918513536453,0.1375923216342926,2.543706846237183,bos_sink,0.017233552577639415
pythia-1.4b,13,12,True,0.0031904560048133133,0.8608179211616516,0.011032048426568509,0.003982256632298231,0.0672343209385872,1.010592520236969,bos_sink,0.0145644945255386
pythia-1.4b,13,13,True,0.05707586407661438,0.4461971640586853,0.12370357066392898,0.15209942013025285,0.04604091197252273,2.4034096717834474,bos_sink,0.041855850116615106
pythia-1.4b,13,14,False,0.0017150879139080644,0.9454287648200989,0.011296756565570831,0.001592391380108893,0.016620700247585773,0.44135616421699525,bos_sink,0.025425855632107384
pythia-1.4b,13,15,True,0.03752344250679016,0.2464090257883072,0.0801786795258522,0.3736225008964539,0.06467190980911255,2.2719726085662844,diffuse,0.03644835427872885
pythia-1.4b,14,0,True,0.017346504144370556,0.43857963681221007,0.05582296475768089,0.2391754060983658,0.03197938837110996,1.6793320894241333,bos_sink,0.03141202485689821
pythia-1.4b,14,1,True,0.07054442763328553,0.4822815477848053,0.08875076919794082,0.004608733532950282,0.41176647543907163,1.166641902923584,bos_sink,0.07379640561661453
pythia-1.4b,14,2,True,0.017741215229034425,0.6670996665954589,0.08399707674980164,0.03023897111415863,0.04590998068451881,2.067528772354126,bos_sink,0.015632755609181
pythia-1.4b,14,3,False,7.0206289448648814e-09,0.9994175434112549,2.4329213204055123e-07,4.136538454130312e-08,0.0005821314122564276,0.0022349264527520064,bos_sink,0.014289174225168512
pythia-1.4b,14,4,True,0.029441456124186517,0.549709266424179,0.09919963181018829,0.07793105989694596,0.11206451654434205,2.433218812942505,bos_sink,0.028623153290116495
pythia-1.4b,14,5,True,0.026380238682031633,0.6177255392074585,0.09005413204431534,0.03646964356303215,0.09665844589471817,2.3059417724609377,bos_sink,0.023278085174564155
pythia-1.4b,14,6,True,0.02280970849096775,0.5005694091320038,0.08448918014764786,0.13319815695285797,0.04960102215409279,2.0740957260131836,bos_sink,0.02295232423061261
pythia-1.4b,14,7,True,0.03324631005525589,0.6168608665466309,0.08916015475988388,0.04623965695500374,0.10357217490673065,2.008432221412659,bos_sink,0.04206929931066155
pythia-1.4b,14,8,True,0.0006868996773846447,0.6500363707542419,0.005939040565863252,0.000837478821631521,0.2176009327173233,1.8859923839569093,bos_sink,0.026877074871772114
pythia-1.4b,14,9,True,0.011590021848678588,0.525657719373703,0.05212094932794571,0.028042306751012804,0.2490247517824173,2.7351307392120363,bos_sink,0.01829226443506981
pythia-1.4b,14,10,False,0.0012507528066635133,0.9722937345504761,0.0064469359815120695,0.0006444940285291523,0.010862313956022263,0.23224058747291565,bos_sink,0.040745311643144974
pythia-1.4b,14,11,True,0.0036907023284584286,0.10187130011618137,0.010501608811318874,0.8135064601898193,0.002910031192004681,0.8012467622756958,diffuse,0.04718497370519757
pythia-1.4b,14,12,True,0.013366030156612396,0.6186027884483337,0.057953030616044995,0.019013480097055436,0.0898637369275093,2.0144146919250487,bos_sink,0.0307033504856254
pythia-1.4b,14,13,False,0.004787060432136059,0.6511358737945556,0.019210140407085418,0.005875586252659559,0.10626097917556762,2.045942497253418,bos_sink,0.02844488976946604
pythia-1.4b,14,14,True,0.004221702320501208,0.7384707808494568,0.018339376896619797,0.02453940436244011,0.18820019960403442,0.8477656841278076,bos_sink,0.06089476777401718
pythia-1.4b,14,15,False,0.004601485980674625,0.8856371164321899,0.02106057032942772,0.005406677536666393,0.02861797660589218,0.9297140836715698,bos_sink,0.012546334322477124
pythia-1.4b,15,0,True,0.004641574528068304,0.888289499282837,0.016603139415383338,0.015197970531880855,0.018970893695950508,0.6667280197143555,bos_sink,0.049818448907803646
pythia-1.4b,15,1,True,0.02331288456916809,0.39891267418861387,0.07044802457094193,0.23833849132061005,0.03893215209245682,1.8004862546920777,bos_sink,0.03608594020872287
pythia-1.4b,15,2,True,0.003733836859464645,0.882564640045166,0.011471015587449073,0.00727818082086742,0.03148394338786602,0.6642636120319366,bos_sink,0.04388044570776707
pythia-1.4b,15,3,True,0.017267960868775845,0.47263906300067904,0.062241601198911665,0.28215421438217164,0.02316332496702671,1.4804482936859131,bos_sink,0.043456844217579164
pythia-1.4b,15,4,False,0.007613035198301077,0.815188181400299,0.03669133968651295,0.007835204806178808,0.04865882024168968,1.3251387119293212,bos_sink,0.03611637074402467
pythia-1.4b,15,5,True,8.351613505510613e-05,0.41001139879226683,0.0022931603714823725,0.0005011622793972492,0.32557493448257446,2.2872931003570556,bos_sink,0.03045541844711015
pythia-1.4b,15,6,True,0.028794577345252037,0.501975554227829,0.07980809062719345,0.047442668676376344,0.17190839648246764,2.6087604999542235,bos_sink,0.03782582761570063
pythia-1.4b,15,7,True,0.008655810076743365,0.8959377527236938,0.03260923437774181,0.009863413870334625,0.015659429505467413,0.7550662755966187,bos_sink,0.03008545947051642
pythia-1.4b,15,8,False,0.0015135280671529471,0.9106765627861023,0.008668514434248209,0.0015708430786617101,0.03724729008972645,0.6668932199478149,bos_sink,0.03009801831193682
pythia-1.4b,15,9,True,0.019435269758105278,0.3924009412527084,0.06570816412568092,0.2554877817630768,0.04184906557202339,1.8918308734893798,bos_sink,0.030102861345584438
pythia-1.4b,15,10,True,6.198194660100853e-06,0.4764564514160156,0.0017940798774361611,1.4652981974450086e-06,0.5202719688415527,0.6720452189445496,bos_sink,0.052346797635990774
pythia-1.4b,15,11,True,0.019712755084037782,0.38671202063560484,0.07008115351200103,0.251256188750267,0.052371686697006224,1.9209661960601807,bos_sink,0.030241989115454993
pythia-1.4b,15,12,False,0.005866816220805049,0.761682665348053,0.012725599016994238,0.011877762572839855,0.16915453225374222,0.993955397605896,bos_sink,0.08372126786992747
pythia-1.4b,15,13,True,0.0319552306085825,0.3532653391361237,0.11328949928283691,0.10835824459791184,0.10511343777179719,2.541650724411011,bos_sink,0.02594111911538156
pythia-1.4b,15,14,True,0.025688090920448305,0.3475472927093506,0.0785798117518425,0.2843004584312439,0.03811032921075821,1.9799193143844604,bos_sink,0.03832366139742778
pythia-1.4b,15,15,True,0.03102631904184818,0.27566851377487184,0.09984061121940613,0.18813324570655823,0.06296714693307877,2.3772748947143554,diffuse,0.024757944704532988
pythia-1.4b,16,0,True,0.03171745128929615,0.12452005743980407,0.09328251332044601,0.43671028017997743,0.034172143414616586,2.0153729915618896,diffuse,0.04159314502887566
pythia-1.4b,16,1,True,0.024738173559308053,0.6387596249580383,0.08777514398097992,0.03561149053275585,0.05613652877509594,1.719321608543396,bos_sink,0.06465133083467706
pythia-1.4b,16,2,True,0.03639044091105461,0.12458592616021633,0.08465110510587692,0.09123004153370858,0.10161700397729874,2.5992369174957277,diffuse,0.08908527558557995
pythia-1.4b,16,3,True,0.02450972832739353,0.4380327105522156,0.07506588697433472,0.18250145614147187,0.04719123281538486,1.9598624467849732,bos_sink,0.030060967844107066
pythia-1.4b,16,4,True,0.030977512523531914,0.11826946437358857,0.11053637713193894,0.2921579718589783,0.052902836352586746,2.221582126617432,diffuse,0.040907176643530524
pythia-1.4b,16,5,True,0.03160839080810547,0.30905737578868864,0.109807288646698,0.21142676174640657,0.05153415277600289,2.185661458969116,bos_sink,0.029393216911943385
pythia-1.4b,16,6,True,0.014699735306203365,0.26298975944519043,0.0585553839802742,0.014423376321792603,0.3178756177425385,3.1552873611450196,diffuse,0.05927317810371417
pythia-1.4b,16,7,False,0.0015604539221385494,0.9490350365638733,0.008216659305617213,0.0007590567242004908,0.019085792265832423,0.1680905483663082,bos_sink,0.063131763579906
pythia-1.4b,16,8,False,2.411513377875707e-09,0.9998403191566467,1.2656858050519305e-08,2.837996770921336e-09,0.00015966099074810197,0.0007390063181446748,bos_sink,0.004573109719714014
pythia-1.4b,16,9,False,0.0016021034917002908,0.9415323615074158,0.006588723049935652,0.0003103710630966816,0.022389310746666523,0.10390574701596052,bos_sink,0.06707965689965757
pythia-1.4b,16,10,True,0.008645662292838096,0.6532561719417572,0.036284847930073735,0.010362119041383266,0.0855978973209858,1.7487046003341675,bos_sink,0.0781090855608736
pythia-1.4b,16,11,False,0.002852467738557607,0.922339928150177,0.01570101995021105,0.001268699135107454,0.021318575344048442,0.1705842036753893,bos_sink,0.08466027380151672
pythia-1.4b,16,12,False,0.0001222590362885967,0.8693681836128235,0.00711362874135375,4.090135262231342e-05,0.11618323400616645,0.5542579293251038,bos_sink,0.044915417701521784
pythia-1.4b,16,13,True,0.02687693275511265,0.4428206980228424,0.08739848285913468,0.14728039801120757,0.051092591136693954,1.9389920473098754,bos_sink,0.03598881467132549
pythia-1.4b,16,14,False,0.0013831404416123406,0.9578639030456543,0.006433437578380108,0.0007555367788881995,0.017309347819536924,0.13857171759009362,bos_sink,0.05120944222310145
pythia-1.4b,16,15,True,0.03131423182785511,0.5526714861392975,0.1083473578095436,0.0658755473792553,0.07389026209712028,1.7537323474884032,bos_sink,0.07291723570053901
pythia-1.4b,17,0,False,0.0073234005831182,0.8049217820167541,0.030369199812412262,0.010470762941986322,0.03879175577312708,0.9954074859619141,bos_sink,0.10625352915173752
pythia-1.4b,17,1,True,0.012375292927026748,0.7298145353794098,0.053844102472066876,0.026581863686442376,0.03221850609406829,1.133377480506897,bos_sink,0.10723227952059373
pythia-1.4b,17,2,False,2.754938858309342e-34,1.0,6.301141883418261e-33,9.983538913883227e-34,6.197756658365624e-10,8.354459737347498e-08,bos_sink,9.927636723198285e-06
pythia-1.4b,17,3,False,2.0933375162712763e-05,0.9857383251190186,0.0015850499155931174,2.1221852011876764e-05,0.009562137244211044,0.03678028667345643,bos_sink,0.045962924280791156
pythia-1.4b,17,4,False,0.0018693262245506048,0.9183342456817627,0.009000194817781448,0.0014616605301853269,0.04094522744417191,0.46513267755508425,bos_sink,0.040746857292305476
pythia-1.4b,17,5,True,0.011907588224858046,0.7165859401226043,0.07153288722038269,0.04681555069983005,0.0526295680552721,0.9439352512359619,bos_sink,0.0954554364592565
pythia-1.4b,17,6,True,0.010365467797964812,0.735796046257019,0.05633782371878624,0.017994286864995955,0.08200550526380539,1.7277624130249023,bos_sink,0.02004952915605044
pythia-1.4b,17,7,True,0.03411154188215733,0.32259121537208557,0.1138409361243248,0.14809549301862718,0.05386841148138046,2.3734280109405517,bos_sink,0.02603670627023127
pythia-1.4b,17,8,True,0.0204887505620718,0.5163210749626159,0.08739074245095253,0.09281695857644082,0.04602402746677399,2.0297209501266478,bos_sink,0.0716983130704812
pythia-1.4b,17,9,False,0.0008323508460307494,0.9497939467430114,0.008091806061565876,0.0016886914992937819,0.024987189361127093,0.15473439060151578,bos_sink,0.07947006253164411
pythia-1.4b,17,10,False,0.002930078702047467,0.9477122902870179,0.00832919180393219,0.014101765863597394,0.004048805823549629,0.43697200417518617,bos_sink,0.016813877081145265
pythia-1.4b,17,11,True,6.255638618313242e-06,0.6398212313652039,0.005929444078356027,1.0780839829749311e-06,0.34593769907951355,0.8777505993843079,bos_sink,0.050869405010094924
pythia-1.4b,17,12,True,0.010130246356129646,0.8012399315834046,0.04311398044228554,0.008867932902649044,0.03994849775917828,0.5883224129676818,bos_sink,0.16946974231009673
pythia-1.4b,17,13,True,0.02068799305707216,0.6038178920745849,0.08784203827381135,0.05749563649296761,0.04023517593741417,1.8633127450942992,bos_sink,0.03599513467245733
pythia-1.4b,17,14,False,0.002972380653955042,0.9042566895484925,0.020267628971487282,0.0036793858162127435,0.03528202716261149,0.491322448849678,bos_sink,0.07654572671508744
pythia-1.4b,17,15,True,0.022521794028580188,0.529330849647522,0.11846758425235748,0.06876808926463127,0.05042267516255379,1.892519474029541,bos_sink,0.05917471274464834
pythia-1.4b,18,0,True,0.0053142583463341,0.8277995705604553,0.02121243569999933,0.09673193916678428,0.018116038292646408,0.8576602578163147,bos_sink,0.08681531084049307
pythia-1.4b,18,1,True,0.00044215243542566895,0.8324975371360779,0.005490853451192379,0.00038369388203136624,0.1329096108675003,0.9290115594863891,bos_sink,0.023743034031579166
pythia-1.4b,18,2,True,0.011656258814036846,0.5046968519687652,0.04168340340256691,0.009883170854300261,0.22971636652946473,2.4394835948944094,bos_sink,0.09351670360580026
pythia-1.4b,18,3,False,0.00023283495975192636,0.9852298736572266,0.0020126377465203406,0.000170863677340094,0.008046282641589641,0.13472331166267396,bos_sink,0.02103871319978386
pythia-1.4b,18,4,True,0.01988536324352026,0.5200438559055328,0.0866648092865944,0.020468232035636903,0.13067606985569,2.6900349140167235,bos_sink,0.0931271797373366
pythia-1.4b,18,5,False,0.0012962834829522763,0.9742428302764893,0.008636076597031205,0.0007769433443172602,0.00863204401684925,0.07323795529082418,bos_sink,0.10216055386207724
pythia-1.4b,18,6,True,0.04488503038883209,0.18211202174425126,0.18765446841716765,0.12786905765533446,0.05973718389868736,2.708542537689209,diffuse,0.03063628505693638
pythia-1.4b,18,7,False,0.0004528263059910387,0.9870631694793701,0.0017544536851346493,0.0006880800705403089,0.0033365468494594096,0.11182553470134735,bos_sink,0.03202419753080616
pythia-1.4b,18,8,True,0.03647012896835804,0.29398484230041505,0.14611424654722213,0.1294519007205963,0.0793882928788662,2.528785800933838,diffuse,0.05926578412848086
pythia-1.4b,18,9,True,0.0047403206408489496,0.9352853178977967,0.01944288397207856,0.007270520925521851,0.011865252256393432,0.2677962124347687,bos_sink,0.11037257060588711
pythia-1.4b,18,10,True,0.0005971736623905599,0.8933534860610962,0.008107810886576772,0.0005837530276039615,0.07315283566713333,0.48787442445755,bos_sink,0.10107338777945779
pythia-1.4b,18,11,True,0.03271366804838181,0.2944890260696411,0.1258808597922325,0.10039900988340378,0.06911717653274536,2.3815889596939086,diffuse,0.05133825939435737
pythia-1.4b,18,12,True,0.013133594393730163,0.671352618932724,0.03361846245825291,0.02182945143431425,0.04138290137052536,1.4234598875045776,bos_sink,0.1459246962819313
pythia-1.4b,18,13,True,0.009767383709549904,0.7691708564758301,0.0565306656062603,0.03172828629612923,0.02690546363592148,1.0224788784980774,bos_sink,0.09038061254858383
pythia-1.4b,18,14,False,0.0013277704038046068,0.9776328325271606,0.006546948431059718,0.000154854762058676,0.011642267560819163,0.0541904641315341,bos_sink,0.09866161047040231
pythia-1.4b,18,15,True,0.029530245810747147,0.46962260007858275,0.12446952015161514,0.057391684502363205,0.056505100429058076,2.1581504106521607,bos_sink,0.06370948505548928
pythia-1.4b,19,0,False,6.893412719364279e-05,0.9956262469291687,0.0011432458064518868,0.00010049834309029393,0.0018836923409253359,0.04830005764961243,bos_sink,0.007988294572387396
pythia-1.4b,19,1,True,0.005191458482295274,0.3790603578090668,0.02684095799922943,0.008484222367405892,0.3167162537574768,3.1107646942138674,bos_sink,0.022555033361286843
pythia-1.4b,19,2,True,0.043148738145828244,0.16011014729738235,0.19811398088932036,0.016175398789346217,0.16517219245433806,3.5446561336517335,diffuse,0.05869635732127003
pythia-1.4b,19,3,True,0.02837403416633606,0.4309177100658417,0.11910861283540726,0.10808308571577072,0.052804002165794374,2.0352847576141357,bos_sink,0.05217861653571672
pythia-1.4b,19,4,False,9.781257613212801e-05,0.985174298286438,0.001692357356660068,6.207633123267442e-05,0.01055603064596653,0.08865472823381423,bos_sink,0.06113208493324187
pythia-1.4b,19,5,True,0.02251314967870712,0.5027306199073791,0.08353318274021149,0.04260137677192688,0.08060501143336296,2.456324052810669,bos_sink,0.032185726454144754
pythia-1.4b,19,6,True,0.021630433015525342,0.6112590819597244,0.11758902296423912,0.06226814351975918,0.02984255217015743,1.6151925921440125,bos_sink,0.06904900749860184
pythia-1.4b,19,7,False,0.0002755393012193963,0.9870378017425537,0.002606616145931184,0.00026094019995070994,0.0074566258816048505,0.07837378829717637,bos_sink,0.06856485957448327
pythia-1.4b,19,8,False,0.00017853848985396325,0.98642657995224,0.0013014081283472478,0.00026673427782952785,0.008535254443995655,0.07427343279123307,bos_sink,0.07487600004532162
pythia-1.4b,19,9,False,0.0005713058926630765,0.9753645658493042,0.004882588936015964,0.0019322100735735149,0.010793658066540956,0.1636289417743683,bos_sink,0.06489251627375715
pythia-1.4b,19,10,True,0.010757908411324024,0.757410216331482,0.050262922793626784,0.012774732522666454,0.06169605776667595,1.5321781396865846,bos_sink,0.07199557176604425
pythia-1.4b,19,11,True,0.0356628242880106,0.2319132462143898,0.1389277070760727,0.10010257661342621,0.07792686372995376,2.637402153015137,diffuse,0.03504250098589309
pythia-1.4b,19,12,False,0.00016386630450142546,0.9845878481864929,0.002090243890415877,0.00013941849902039395,0.009734226576983928,0.07562051489949226,bos_sink,0.08135943440619822
pythia-1.4b,19,13,True,2.240438789158361e-06,0.5098569333553314,0.0015738870948553084,9.225749863617239e-07,0.4867609977722168,0.964124572277069,bos_sink,0.04037018012550733
pythia-1.4b,19,14,True,0.005241905711591244,0.11496596485376358,0.017719588056206704,0.007991228625178337,0.5597513854503632,3.550722360610962,diffuse,0.02101210632528539
pythia-1.4b,19,15,False,0.000430636660894379,0.9851550459861755,0.004278789134696126,0.00039021968841552735,0.006967766210436821,0.11403434425592422,bos_sink,0.04796891391373038
pythia-1.4b,20,0,True,0.007000590581446886,0.8361318230628967,0.03685148358345032,0.024307910725474356,0.033018570579588416,0.6388731986284256,bos_sink,0.11840621030118632
pythia-1.4b,20,1,True,0.001573569094762206,0.4171429693698883,0.014443216449581086,0.4455090224742889,0.05433707386255264,0.9841565370559693,bos_sink,0.12577908510001917
pythia-1.4b,20,2,True,0.017728523537516593,0.27513973116874696,0.08690738826990127,0.02009503450244665,0.32376062870025635,3.2773555755615233,diffuse,0.04341078206811653
pythia-1.4b,20,3,True,0.015601640939712525,0.23939410746097564,0.056036850064992906,0.02622428387403488,0.2334297627210617,2.9476717948913573,diffuse,0.09365468162427973
pythia-1.4b,20,4,False,2.603886132419575e-05,0.9773283123970031,0.004299880465259776,2.0342746574897318e-05,0.014113315520808101,0.06429987903684378,bos_sink,0.07428518415989058
pythia-1.4b,20,5,False,8.045882295846241e-05,0.9339867830276489,0.0025983833416830747,0.00013408819359028712,0.052073420211672786,0.22420419976115227,bos_sink,0.10496205281761475
pythia-1.4b,20,6,True,0.03935330212116241,0.3197640538215637,0.1712806761264801,0.13390021473169328,0.061362515389919284,1.4000883102416992,bos_sink,0.10706254628122419
pythia-1.4b,20,7,True,0.0006675379001535476,0.9323419809341431,0.00759412192273885,0.004517340147867799,0.03553518764674664,0.2019089311361313,bos_sink,0.11707074122606721
pythia-1.4b,20,8,True,0.01302685746923089,0.7767725586891174,0.05621125847101212,0.03136485926806927,0.028226830065250397,1.0894051253795625,bos_sink,0.07148838662445564
pythia-1.4b,20,9,False,0.0001717491992167197,0.9600563406944275,0.004561453894712031,0.0001711955963401124,0.023038842249661684,0.18205580562353135,bos_sink,0.07378938871876622
pythia-1.4b,20,10,True,0.0227629316970706,0.3476573616266251,0.1205643318593502,0.03966599479317665,0.2499378502368927,1.770963764190674,bos_sink,0.12353534050593812
pythia-1.4b,20,11,True,0.008855280466377735,0.8207502007484436,0.052518381364643575,0.02985134976916015,0.026792150968685747,0.6052330181002616,bos_sink,0.11565755895141841
pythia-1.4b,20,12,False,0.008893841691315175,0.7508357644081116,0.045728779211640355,0.023063842300325633,0.06718435436487198,1.1032884180545808,bos_sink,0.12797437605902098
pythia-1.4b,20,13,True,0.016168255545198917,0.2729871988296509,0.06577001139521599,0.058405958116054535,0.20056533217430114,2.3592939138412476,diffuse,0.0990994167795371
pythia-1.4b,20,14,True,0.01282774992287159,0.2686953768134117,0.03362748101353645,0.023421910032629965,0.15656391084194182,2.442341184616089,diffuse,0.11517981745580728
pythia-1.4b,20,15,True,0.029843689128756522,0.10483347326517105,0.15146753787994385,0.1580135464668274,0.12802731692790986,1.6203787088394166,diffuse,0.10779762864816199
pythia-1.4b,21,0,True,0.04206684678792953,0.1678684949874878,0.21274000108242036,0.09624454826116562,0.09183041006326675,2.175404953956604,diffuse,0.08959795364755624
pythia-1.4b,21,1,False,0.054791105538606645,0.0018751737428829075,0.21453690826892852,0.06710210144519806,0.16114627420902253,1.3175814986228942,diffuse,0.15645672315638107
pythia-1.4b,21,2,True,0.03413710035383701,0.3471701294183731,0.18955162167549133,0.07652929872274399,0.054525448381900786,1.929088830947876,bos_sink,0.10272487749660869
pythia-1.4b,21,3,False,0.0012315791100263596,0.9001014828681946,0.009056836925446987,0.00338815338909626,0.05887425243854523,0.5468364059925079,bos_sink,0.08686972221649748
pythia-1.4b,21,4,False,0.0014711979660205544,0.9627729535102845,0.018502676859498024,0.0009521423955447972,0.007681124797090888,0.2622780501842499,bos_sink,0.05266584560300492
pythia-1.4b,21,5,True,0.010613857489079236,0.7394974231719971,0.0433390948921442,0.020208270475268363,0.040996518731117246,1.4320730447769165,bos_sink,0.08219722770040176
pythia-1.4b,21,6,True,0.00715849669650197,0.08508983254432678,0.02563762627542019,0.010210080165416002,0.2955121636390686,2.783070993423462,diffuse,0.10034853605579684
pythia-1.4b,21,7,True,0.004520202137064189,0.5900664985179901,0.03455639686435461,0.007605612697079778,0.17280278950929642,1.0328454494476318,bos_sink,0.21949605209126613
pythia-1.4b,21,8,False,0.00024197713064495475,0.993883216381073,0.0012702616164460777,0.0003997802035883069,0.0014446829445660114,0.059967600554227826,bos_sink,0.01901164364115485
pythia-1.4b,21,9,False,0.002311408857349306,0.9359609246253967,0.025304962135851383,0.0039436282473616305,0.010498746315715835,0.22340911030769348,bos_sink,0.1182454669908607
pythia-1.4b,21,10,True,0.032580325938761236,0.17075689882040024,0.08212554380297661,0.04875913150608539,0.4955426752567291,2.5943981647491454,diffuse,0.0769361181703465
pythia-1.4b,21,11,False,9.53478884184733e-06,0.9895944356918335,0.002431513300689403,1.214486710523488e-05,0.007136249757604673,0.020511356741189958,bos_sink,0.05087208411807658
pythia-1.4b,21,12,False,5.1291694671817825e-05,0.9867007613182068,0.003713751578470692,2.8479219145083336e-05,0.008099863183451817,0.020964751858264206,bos_sink,0.058131591021721975
pythia-1.4b,21,13,False,0.05124307125806808,0.10637369751930237,0.21012588441371918,0.10848349928855897,0.08103646934032441,1.4587327480316161,diffuse,0.11817099617476097
pythia-1.4b,21,14,True,0.003910388052463532,0.09988870024681092,0.016638802364468575,0.005620998609811067,0.5622968077659607,3.2297900676727296,diffuse,0.05892163834393512
pythia-1.4b,21,15,True,1.1505157544888788e-06,0.5897559762001038,0.001265135733410716,7.117074687812419e-07,0.4077528417110443,0.8724836468696594,bos_sink,0.07620854434615275
pythia-1.4b,22,0,True,0.005916914343833924,0.59087433218956,0.014681297168135644,0.012123608216643333,0.07609914280474186,1.5592621088027954,bos_sink,0.2047721889516717
pythia-1.4b,22,1,False,0.0009273791336454451,0.9631431937217713,0.007374951289966703,0.0027991115988697858,0.008753501018509269,0.14893386363983155,bos_sink,0.09852455743464708
pythia-1.4b,22,2,True,0.00333900116966106,0.014120675902813674,0.010018515051342547,0.002538487844867632,0.8062338352203369,1.3687041044235229,diffuse,0.05111343048414217
pythia-1.4b,22,3,True,0.002843007957562804,0.8598949551582337,0.009970896877348423,0.012237444892525673,0.06512639001011848,0.7164821028709412,bos_sink,0.12264294952504365
pythia-1.4b,22,4,True,0.03940287865698337,0.03763189436867833,0.1610463172197342,0.08897022902965546,0.1956084132194519,1.66072416305542,diffuse,0.10323716721988804
pythia-1.4b,22,5,False,0.00023960740654729306,0.9791060209274292,0.0005806720000691712,0.0002575038670329377,0.012520338129252195,0.11667668372392655,bos_sink,0.10018534520138618
pythia-1.4b,22,6,False,0.05143125280737877,0.025082742469385265,0.2193710058927536,0.0708595223724842,0.15888387560844422,1.4403069972991944,diffuse,0.10648761687268031
pythia-1.4b,22,7,False,7.673798463656568e-05,0.9933284282684326,0.00038416394963860514,0.00020049649174325168,0.004462915170006454,0.036383376270532605,bos_sink,0.06497890102185473
pythia-1.4b,22,8,False,4.027008144475985e-05,0.9954302191734314,0.00023961264232639224,4.9578831749386154e-05,0.002922295220196247,0.02611439600586891,bos_sink,0.0713843780934149
pythia-1.4b,22,9,True,0.003704758151434362,0.020851841755211355,0.014388558827340603,0.0038235202664509416,0.7277212023735047,2.5010186672210692,diffuse,0.05438717939409177
pythia-1.4b,22,10,False,0.0005342842821846716,0.9485761761665344,0.003221965068951249,0.01814917193260044,0.015467112511396408,0.2636809810996056,bos_sink,0.07932667159289596
pythia-1.4b,22,11,False,6.162645477161277e-05,0.9873109459877014,0.002069984667468816,0.0007178962856414728,0.008505110535770655,0.0535659059882164,bos_sink,0.0863442839177772
pythia-1.4b,22,12,False,0.0010125687811523675,0.0004130712244659662,0.003812470147386193,0.002069444372318685,0.7304611325263977,2.8540941715240478,previous_token,0.02311253302885458
pythia-1.4b,22,13,True,0.00035861483484040947,0.9524515867233276,0.0019743568263947964,0.0008466724189929664,0.019158174842596055,0.24690540730953217,bos_sink,0.13200051932807874
pythia-1.4b,22,14,False,6.664239881501999e-05,0.9919289112091064,0.002545528276823461,0.00011450244855950586,0.004155729920603335,0.03210866060107946,bos_sink,0.07779032325407356
pythia-1.4b,22,15,True,0.0030078805168159304,0.7528355836868286,0.029752526059746744,0.016866400279104708,0.12584870904684067,0.8835139632225036,bos_sink,0.15516537744534484
pythia-1.4b,23,0,True,0.013231092877686024,0.053623919188976285,0.038803435117006305,0.012108135782182217,0.42640637159347533,2.6700098514556885,diffuse,0.05534666760514608
pythia-1.4b,23,1,True,0.0004757503338623792,0.8365734457969666,0.02301861122250557,0.0003703493654029444,0.11151364594697952,0.5292149007320404,bos_sink,0.11780756073948445
pythia-1.4b,23,2,True,0.0031944958725944163,0.06424857284873724,0.02176735792309046,0.001377612864598632,0.8072550773620606,1.2992581129074097,diffuse,0.06681839067915209
pythia-1.4b,23,3,False,0.02838185876607895,0.47361162304878235,0.1012483149766922,0.028109552338719368,0.09006068333983422,2.5899331092834474,bos_sink,0.043888846818380976
pythia-1.4b,23,4,False,0.036180150136351584,0.27473394870758056,0.06703262254595757,0.040337591990828515,0.3831479251384735,1.5125979661941529,diffuse,0.093697918186632
pythia-1.4b,23,5,True,0.017759989015758038,0.04311406305059791,0.032996198162436485,0.02218399178236723,0.6067885100841522,1.3395564556121826,diffuse,0.08054779313849043
pythia-1.4b,23,6,False,0.0016113321587909013,0.9842134594917298,0.005693904310464859,0.0023675104370340706,0.002761197439394891,0.11641905307769776,bos_sink,0.03366110954210081
pythia-1.4b,23,7,False,3.4674547168833667e-05,0.9787294268608093,0.00034521753841545435,0.0001382460624881787,0.019173468911321833,0.08483328549191356,bos_sink,0.05775491928514871
pythia-1.4b,23,8,False,0.0006882416550070047,0.9396083354949951,0.003138080006465316,0.0018898559734225272,0.04078498743474483,0.2687151789665222,bos_sink,0.07532424147068034
pythia-1.4b,23,9,True,0.00031166023982223125,0.00018318164875381627,0.0010952966287732125,0.0002400906785624102,0.9307129979133606,1.1855802178382873,diffuse,0.0308307556269098
pythia-1.4b,23,10,False,0.011648451909422874,0.03156580068171024,0.022817492485046387,0.020603855699300767,0.7532902956008911,2.182037925720215,diffuse,0.06430691657641802
pythia-1.4b,23,11,False,0.024356065690517424,0.34777440428733825,0.1474035918712616,0.02169257551431656,0.047543634474277494,2.922721290588379,bos_sink,0.04885993974296654
pythia-1.4b,23,12,True,0.0027810116996988656,0.8697091817855835,0.005907983263023197,0.006588979437947273,0.028599906712770462,0.4441241383552551,bos_sink,0.09996817490554179
pythia-1.4b,23,13,False,0.01738067213445902,0.23129386305809022,0.03297465406358242,0.029814069345593452,0.34864922165870665,2.231528329849243,diffuse,0.06319968730800839
pythia-1.4b,23,14,False,0.0027653588680550457,0.7872443675994873,0.01790336109697819,0.0017889819340780378,0.12512374073266982,1.1625326514244079,bos_sink,0.02870286325706711
pythia-1.4b,23,15,False,0.030448729917407037,0.06193477958440781,0.07686230391263962,0.04048978984355926,0.1341009471565485,2.8541244983673097,diffuse,0.08667099801130598
