model,draw,band,layer,mean_norm,std_norm,participation_ratio,isotropy
pythia-70m,draw_1,low,0,10.438555717468262,0.9240330457687378,57.34503772548218,0.4251559376716614
pythia-70m,draw_1,low,1,11.89377212524414,1.3620712757110596,28.50540137142031,0.38750267028808594
pythia-70m,draw_1,low,2,20.264249801635742,15.333861351013184,1.476652171877357,0.41205960512161255
pythia-70m,draw_1,low,3,20.767635345458984,14.703642845153809,1.532317142303304,0.42869627475738525
pythia-70m,draw_1,low,4,16.6377010345459,4.744914531707764,5.357568571142962,0.3604695796966553
pythia-70m,draw_1,low,5,70.7345199584961,9.883728981018066,4.922468755329061,0.029789507389068604
pythia-70m,draw_1,medium,0,10.046916007995605,0.8317283987998962,61.81154732937043,0.4377797842025757
pythia-70m,draw_1,medium,1,11.730122566223145,1.5108591318130493,24.3291379175497,0.39904987812042236
pythia-70m,draw_1,medium,2,20.25760841369629,16.644512176513672,1.4150290213890744,0.4138263463973999
pythia-70m,draw_1,medium,3,20.973888397216797,15.884438514709473,1.490285334238603,0.4497228264808655
pythia-70m,draw_1,medium,4,16.66786003112793,5.489104747772217,4.494399207669542,0.3927266597747803
pythia-70m,draw_1,medium,5,69.88863372802734,9.192005157470703,5.913029481573541,0.03090965747833252
pythia-70m,draw_1,high,0,9.31609058380127,0.6774605512619019,55.432150156475196,0.47242265939712524
pythia-70m,draw_1,high,1,11.049398422241211,1.1075778007507324,33.807951661612385,0.4120669960975647
pythia-70m,draw_1,high,2,17.5930118560791,11.961267471313477,1.7655879825075338,0.42496222257614136
pythia-70m,draw_1,high,3,18.296247482299805,11.319450378417969,1.8921304468760702,0.4718392491340637
pythia-70m,draw_1,high,4,15.757007598876953,3.3898487091064453,7.926613985041553,0.39309579133987427
pythia-70m,draw_1,high,5,71.24866485595703,8.767595291137695,6.769576616972393,0.028879165649414062
pythia-70m,draw_1,very_high,0,8.609397888183594,0.6651443839073181,48.90115579305834,0.5202095210552216
pythia-70m,draw_1,very_high,1,10.15131950378418,0.8684911131858826,43.1573413892753,0.46313905715942383
pythia-70m,draw_1,very_high,2,14.135071754455566,8.265753746032715,2.919904197839323,0.4620773196220398
pythia-70m,draw_1,very_high,3,15.628253936767578,7.8779826164245605,3.402256374321717,0.48419785499572754
pythia-70m,draw_1,very_high,4,14.939180374145508,2.6363918781280518,13.05552963673361,0.43897855281829834
pythia-70m,draw_1,very_high,5,72.2972640991211,9.246657371520996,6.762000801508821,0.03032863140106201
pythia-70m,draw_1,control,0,8.758149147033691,0.7870575189590454,54.05472043209124,0.4993557333946228
pythia-70m,draw_1,control,1,10.317707061767578,0.9483741521835327,45.43183289055109,0.4369018077850342
pythia-70m,draw_1,control,2,14.048514366149902,8.390216827392578,2.950190955234922,0.45269638299942017
pythia-70m,draw_1,control,3,15.36485767364502,8.064722061157227,3.4982109625505218,0.49208778142929077
pythia-70m,draw_1,control,4,14.874493598937988,2.8914380073547363,16.219974013992886,0.4178916811943054
pythia-70m,draw_1,control,5,71.44407653808594,8.508295059204102,8.432411956336418,0.03113257884979248
pythia-70m,draw_2,low,0,10.352195739746094,0.8441218137741089,53.55574691488243,0.4302889108657837
pythia-70m,draw_2,low,1,11.889832496643066,1.4159611463546753,24.979203742946414,0.3950966000556946
pythia-70m,draw_2,low,2,20.52756118774414,15.83526611328125,1.4422224639263699,0.4165653586387634
pythia-70m,draw_2,low,3,21.195585250854492,15.172334671020508,1.5028065273565008,0.4333347678184509
pythia-70m,draw_2,low,4,16.663841247558594,5.059017181396484,4.880281615019089,0.38801801204681396
pythia-70m,draw_2,low,5,71.33833312988281,10.607478141784668,4.3411086626516004,0.030773282051086426
pythia-70m,draw_2,medium,0,9.948372840881348,0.7378889918327332,62.808895937018974,0.43848490715026855
pythia-70m,draw_2,medium,1,11.536454200744629,1.2218960523605347,31.09974359016469,0.39213472604751587
pythia-70m,draw_2,medium,2,19.110071182250977,14.55031681060791,1.5328408634596258,0.4207932949066162
pythia-70m,draw_2,medium,3,19.750099182128906,13.993597030639648,1.6014966505147143,0.44067972898483276
pythia-70m,draw_2,medium,4,16.24943733215332,4.686933994293213,5.780471765699855,0.3778732419013977
pythia-70m,draw_2,medium,5,69.59086608886719,10.338465690612793,4.536204248355111,0.030696630477905273
pythia-70m,draw_2,high,0,9.321943283081055,0.7365819215774536,50.06790058115919,0.46263426542282104
pythia-70m,draw_2,high,1,10.903061866760254,0.9995877146720886,37.41038685248545,0.4048880338668823
pythia-70m,draw_2,high,2,15.818870544433594,9.906028747558594,2.1935236198427606,0.43363064527511597
pythia-70m,draw_2,high,3,16.67173957824707,9.454071044921875,2.407496591790586,0.46536439657211304
pythia-70m,draw_2,high,4,15.264053344726562,3.1964809894561768,10.676105599874177,0.38028067350387573
pythia-70m,draw_2,high,5,70.26054382324219,8.58537483215332,7.340242144986898,0.030482232570648193
pythia-70m,draw_2,very_high,0,8.565515518188477,0.626106858253479,57.02808673376481,0.4957376718521118
pythia-70m,draw_2,very_high,1,10.258285522460938,0.9781236052513123,42.848032976635274,0.43152403831481934
pythia-70m,draw_2,very_high,2,14.880777359008789,9.528312683105469,2.3147902315517666,0.44953006505966187
pythia-70m,draw_2,very_high,3,16.38163185119629,9.078441619873047,2.5820582520342077,0.47464263439178467
pythia-70m,draw_2,very_high,4,15.168227195739746,2.8407459259033203,11.391747869458976,0.4101939797401428
pythia-70m,draw_2,very_high,5,72.4417495727539,9.218198776245117,6.672500386770888,0.029247939586639404
pythia-70m,draw_2,control,0,8.65098762512207,0.805751621723175,48.890462114737694,0.5163640379905701
pythia-70m,draw_2,control,1,10.275507926940918,1.1121755838394165,38.783456941300216,0.454681396484375
pythia-70m,draw_2,control,2,14.863912582397461,11.152292251586914,2.0260709135917168,0.4554983377456665
pythia-70m,draw_2,control,3,16.023462295532227,10.649397850036621,2.38439086076323,0.5017327070236206
pythia-70m,draw_2,control,4,15.166881561279297,3.8680224418640137,11.225136027511848,0.4375823140144348
pythia-70m,draw_2,control,5,71.77191162109375,8.728955268859863,7.852700953173551,0.0304834246635437
pythia-70m,draw_3,low,0,10.284481048583984,0.878960907459259,57.70833223877229,0.4336920380592346
pythia-70m,draw_3,low,1,11.975489616394043,1.4655179977416992,23.56354976049876,0.3893423080444336
pythia-70m,draw_3,low,2,22.700185775756836,17.665233612060547,1.3509095454713986,0.39634770154953003
pythia-70m,draw_3,low,3,22.988216400146484,17.043386459350586,1.383915237656619,0.4174361228942871
pythia-70m,draw_3,low,4,17.248815536499023,5.618756294250488,4.122481258686006,0.3619229793548584
pythia-70m,draw_3,low,5,71.94386291503906,10.637602806091309,4.0963473935092445,0.028898179531097412
pythia-70m,draw_3,medium,0,9.98061752319336,0.8588508367538452,52.10897822307453,0.4519011378288269
pythia-70m,draw_3,medium,1,11.809837341308594,1.5984528064727783,21.271405918473157,0.3984496593475342
pythia-70m,draw_3,medium,2,22.51740264892578,18.80277442932129,1.3125059061733462,0.41191232204437256
pythia-70m,draw_3,medium,3,22.918243408203125,18.104049682617188,1.3667216225232104,0.449909508228302
pythia-70m,draw_3,medium,4,17.37921714782715,6.4280829429626465,3.7189024490708578,0.3821747303009033
pythia-70m,draw_3,medium,5,71.53433227539062,10.363265991210938,4.4762802597266855,0.028749465942382812
pythia-70m,draw_3,high,0,9.340292930603027,0.7066147923469543,50.89472706596614,0.48138999938964844
pythia-70m,draw_3,high,1,10.91076374053955,1.1066772937774658,35.17884428080283,0.42705947160720825
pythia-70m,draw_3,high,2,16.760150909423828,12.066705703735352,1.7961268313153012,0.44537580013275146
pythia-70m,draw_3,high,3,17.4700927734375,11.585345268249512,1.8928218848201264,0.4832162857055664
pythia-70m,draw_3,high,4,15.489995002746582,3.735726833343506,8.214807759882333,0.3998703360557556
pythia-70m,draw_3,high,5,70.55242156982422,9.278576850891113,6.120553681222392,0.030375182628631592
pythia-70m,draw_3,very_high,0,8.530449867248535,0.6127667427062988,53.781045505120545,0.5105917453765869
pythia-70m,draw_3,very_high,1,10.132888793945312,0.8950638175010681,45.84214535840817,0.449379026889801
pythia-70m,draw_3,very_high,2,14.036011695861816,9.09195327758789,2.5767243955183012,0.45945650339126587
pythia-70m,draw_3,very_high,3,15.756568908691406,8.642621994018555,3.0790107670223845,0.48845207691192627
pythia-70m,draw_3,very_high,4,14.849019050598145,2.9336252212524414,14.087471410452554,0.43338674306869507
pythia-70m,draw_3,very_high,5,72.30757141113281,8.659941673278809,8.012033845691052,0.030806303024291992
pythia-70m,draw_3,control,0,8.824997901916504,0.8394702672958374,48.19551595314361,0.5059919953346252
pythia-70m,draw_3,control,1,10.400618553161621,1.1066035032272339,39.33853460626515,0.44386327266693115
pythia-70m,draw_3,control,2,15.171570777893066,11.425277709960938,1.9433096564366852,0.45987075567245483
pythia-70m,draw_3,control,3,16.55689811706543,10.924766540527344,2.211787824360348,0.49544501304626465
pythia-70m,draw_3,control,4,15.266485214233398,3.7680282592773438,9.415914703854906,0.4211588501930237
pythia-70m,draw_3,control,5,71.43274688720703,9.077893257141113,6.887255353673409,0.030408799648284912
pythia-160m,draw_1,low,0,12.940467834472656,0.757228672504425,99.43665424356473,0.6031156480312347
pythia-160m,draw_1,low,1,16.5728816986084,1.2117040157318115,91.20352060060546,0.4042198061943054
pythia-160m,draw_1,low,2,16.00570297241211,1.008632779121399,78.33718099206877,0.451926589012146
pythia-160m,draw_1,low,3,16.376300811767578,0.7702720165252686,83.18606628493973,0.5174803137779236
pythia-160m,draw_1,low,4,17.284013748168945,0.8007216453552246,79.55716084474778,0.4436466693878174
pythia-160m,draw_1,low,5,21.806243896484375,1.251729130744934,58.94577522530076,0.3425370454788208
pythia-160m,draw_1,low,6,23.764997482299805,1.205517292022705,52.94383930831872,0.2918850779533386
pythia-160m,draw_1,low,7,27.60379409790039,1.4704362154006958,39.58573383868961,0.24731779098510742
pythia-160m,draw_1,low,8,28.152265548706055,3.414975643157959,15.699550119760989,0.3492792248725891
pythia-160m,draw_1,low,9,29.337617874145508,2.2348175048828125,15.059281696931139,0.3690927028656006
pythia-160m,draw_1,low,10,30.709936141967773,1.5988597869873047,25.430068997856143,0.3657326102256775
pythia-160m,draw_1,low,11,112.06806182861328,13.128912925720215,10.711909229465446,0.037837862968444824
pythia-160m,draw_1,medium,0,12.277021408081055,0.7645878195762634,108.6619346954176,0.6117467284202576
pythia-160m,draw_1,medium,1,15.741341590881348,1.109965443611145,99.73737730915569,0.42223668098449707
pythia-160m,draw_1,medium,2,15.297026634216309,0.8473679423332214,81.78436552869971,0.47890162467956543
pythia-160m,draw_1,medium,3,15.947982788085938,0.6757084131240845,83.10058104643275,0.5496425926685333
pythia-160m,draw_1,medium,4,17.119234085083008,0.8282026052474976,74.87822488023333,0.4624951481819153
pythia-160m,draw_1,medium,5,21.38717269897461,1.3062927722930908,41.46067045148619,0.3802163004875183
pythia-160m,draw_1,medium,6,23.163368225097656,1.4213443994522095,38.71645556016464,0.32595187425613403
pythia-160m,draw_1,medium,7,27.657461166381836,1.5698000192642212,31.63131380642976,0.26291680335998535
pythia-160m,draw_1,medium,8,27.238128662109375,3.7061238288879395,10.50558094691175,0.41623228788375854
pythia-160m,draw_1,medium,9,29.0669002532959,2.406978130340576,12.398934681388914,0.4110354781150818
pythia-160m,draw_1,medium,10,30.85767364501953,1.5232861042022705,15.17256025366219,0.3781821131706238
pythia-160m,draw_1,medium,11,115.33446502685547,10.976760864257812,16.550726087725117,0.03387182950973511
pythia-160m,draw_1,high,0,11.543428421020508,0.6195621490478516,99.60965902108866,0.6092580556869507
pythia-160m,draw_1,high,1,14.602545738220215,0.9525133371353149,92.9241447031646,0.45354121923446655
pythia-160m,draw_1,high,2,14.414729118347168,0.7869318723678589,78.06602286824318,0.5158418715000153
pythia-160m,draw_1,high,3,15.42492389678955,0.6475778222084045,78.47255296226045,0.5855852961540222
pythia-160m,draw_1,high,4,16.886247634887695,0.9174081683158875,71.29036771651319,0.48096221685409546
pythia-160m,draw_1,high,5,21.053281784057617,1.3468363285064697,30.63301713982775,0.4068242907524109
pythia-160m,draw_1,high,6,22.621849060058594,1.3929054737091064,40.771052044593695,0.340221643447876
pythia-160m,draw_1,high,7,27.67226219177246,1.6236004829406738,30.33115202969467,0.2679997682571411
pythia-160m,draw_1,high,8,25.925838470458984,2.8545608520507812,12.528804233715448,0.4551759958267212
pythia-160m,draw_1,high,9,29.189773559570312,2.329362154006958,12.962656426036823,0.40350741147994995
pythia-160m,draw_1,high,10,31.036149978637695,1.5483750104904175,13.02551885507784,0.37375307083129883
pythia-160m,draw_1,high,11,117.39468383789062,11.292031288146973,13.703012366086606,0.029898643493652344
pythia-160m,draw_1,very_high,0,10.885520935058594,0.5029993653297424,92.89812042827889,0.6070685982704163
pythia-160m,draw_1,very_high,1,13.866015434265137,0.8959766626358032,88.61318514443563,0.4707036018371582
pythia-160m,draw_1,very_high,2,13.731851577758789,0.7549543380737305,74.44489221404244,0.5463550388813019
pythia-160m,draw_1,very_high,3,14.769777297973633,0.7160614132881165,78.29171030382973,0.6199733018875122
pythia-160m,draw_1,very_high,4,16.5255184173584,1.051986575126648,73.28241426343202,0.4937226176261902
pythia-160m,draw_1,very_high,5,20.676271438598633,1.5341860055923462,30.697156838735296,0.4274287223815918
pythia-160m,draw_1,very_high,6,22.441553115844727,1.4616286754608154,38.92721245708894,0.3559795618057251
pythia-160m,draw_1,very_high,7,27.465438842773438,1.7449415922164917,23.677651697561476,0.2859012484550476
pythia-160m,draw_1,very_high,8,24.69182014465332,2.5449225902557373,14.108442092089195,0.48568159341812134
pythia-160m,draw_1,very_high,9,29.099834442138672,2.6534171104431152,14.107477438712847,0.39017748832702637
pythia-160m,draw_1,very_high,10,30.741792678833008,1.5227934122085571,12.887609659572371,0.36575186252593994
pythia-160m,draw_1,very_high,11,119.50619506835938,11.227256774902344,13.16590128218767,0.027339041233062744
pythia-160m,draw_1,control,0,11.099631309509277,0.6532819271087646,102.19787058660826,0.6025627255439758
pythia-160m,draw_1,control,1,14.123851776123047,0.925383448600769,95.22910103109237,0.4570807218551636
pythia-160m,draw_1,control,2,13.984472274780273,0.8224292397499084,78.0565439255021,0.5274433791637421
pythia-160m,draw_1,control,3,15.045058250427246,0.7352034449577332,80.75339327030736,0.600882887840271
pythia-160m,draw_1,control,4,16.72024917602539,0.9959103465080261,71.61506036284989,0.49017971754074097
pythia-160m,draw_1,control,5,20.8698787689209,1.5173592567443848,34.55236853596257,0.4077688455581665
pythia-160m,draw_1,control,6,22.54104995727539,1.3984240293502808,39.72059146416561,0.35017889738082886
pythia-160m,draw_1,control,7,27.60572052001953,1.5765583515167236,26.522439627928485,0.28120797872543335
pythia-160m,draw_1,control,8,25.133068084716797,2.6466925144195557,13.292317877174185,0.48624473810195923
pythia-160m,draw_1,control,9,29.017431259155273,2.451981782913208,12.621230080121249,0.4118567705154419
pythia-160m,draw_1,control,10,30.72669219970703,1.475188136100769,13.273771369946534,0.369645357131958
pythia-160m,draw_1,control,11,118.38915252685547,11.413646697998047,13.143087340372801,0.028304219245910645
pythia-160m,draw_2,low,0,12.88620376586914,0.6899536848068237,105.43715832159212,0.6076392531394958
pythia-160m,draw_2,low,1,16.4870548248291,1.0920698642730713,95.43483029468536,0.41344207525253296
pythia-160m,draw_2,low,2,16.07716941833496,0.8706806898117065,78.01686106498512,0.4587056636810303
pythia-160m,draw_2,low,3,16.431779861450195,0.7013780474662781,81.66510026394415,0.5247800350189209
pythia-160m,draw_2,low,4,17.269441604614258,0.7950068116188049,76.68165499020422,0.4480223059654236
pythia-160m,draw_2,low,5,21.737720489501953,1.3053545951843262,55.34715322825991,0.34103041887283325
pythia-160m,draw_2,low,6,23.787322998046875,1.5108803510665894,46.101407032904326,0.29430240392684937
pythia-160m,draw_2,low,7,27.7611026763916,1.4731708765029907,34.64469412451508,0.252544105052948
pythia-160m,draw_2,low,8,28.223796844482422,3.7358245849609375,14.661466789701034,0.34564918279647827
pythia-160m,draw_2,low,9,29.21933937072754,2.3811423778533936,17.051236209775034,0.35100388526916504
pythia-160m,draw_2,low,10,30.69634246826172,1.5195438861846924,28.94516746733215,0.35524260997772217
pythia-160m,draw_2,low,11,111.316650390625,11.636748313903809,14.323431842076424,0.038005173206329346
pythia-160m,draw_2,medium,0,12.231746673583984,0.6706447005271912,103.72281748772146,0.6159526407718658
pythia-160m,draw_2,medium,1,15.706823348999023,1.0437254905700684,95.8217559546141,0.42470335960388184
pythia-160m,draw_2,medium,2,15.24853229522705,0.8149859309196472,81.34362651592832,0.4819018244743347
pythia-160m,draw_2,medium,3,15.944965362548828,0.6633557677268982,81.93435658717637,0.5525664687156677
pythia-160m,draw_2,medium,4,17.09568214416504,0.7467951774597168,77.90553177386982,0.4593111276626587
pythia-160m,draw_2,medium,5,21.327600479125977,1.3566666841506958,48.55226863662202,0.3673674464225769
pythia-160m,draw_2,medium,6,23.1888427734375,1.4243783950805664,46.43371850281224,0.3116467595100403
pythia-160m,draw_2,medium,7,27.91567039489746,1.5155476331710815,30.689749974072743,0.25782305002212524
pythia-160m,draw_2,medium,8,27.06047821044922,3.141024112701416,12.973240791616712,0.3989154100418091
pythia-160m,draw_2,medium,9,28.898942947387695,2.406018018722534,14.238231862074558,0.3850908875465393
pythia-160m,draw_2,medium,10,30.9157772064209,1.4218649864196777,16.321509777663437,0.3745969533920288
pythia-160m,draw_2,medium,11,116.52734375,11.490053176879883,14.671311542038932,0.0334126353263855
pythia-160m,draw_2,high,0,11.480618476867676,0.6608838438987732,99.23173140904049,0.596555233001709
pythia-160m,draw_2,high,1,14.631211280822754,1.094484806060791,89.68867141132498,0.44022029638290405
pythia-160m,draw_2,high,2,14.375804901123047,0.7859707474708557,75.77331213305791,0.5059350728988647
pythia-160m,draw_2,high,3,15.385047912597656,0.6128026247024536,75.17741787198474,0.5805126428604126
pythia-160m,draw_2,high,4,16.8457088470459,0.8736782073974609,70.75279342569183,0.47311562299728394
pythia-160m,draw_2,high,5,20.961519241333008,1.3867526054382324,37.34517186113291,0.3902714252471924
pythia-160m,draw_2,high,6,22.66483497619629,1.5076700448989868,40.3478662911962,0.33353322744369507
pythia-160m,draw_2,high,7,27.650299072265625,1.7369170188903809,24.615770842561744,0.27366942167282104
pythia-160m,draw_2,high,8,25.672643661499023,2.9632818698883057,13.14879850205843,0.4560277462005615
pythia-160m,draw_2,high,9,29.333011627197266,2.448528289794922,12.39998982107498,0.4033716917037964
pythia-160m,draw_2,high,10,31.094501495361328,1.501888632774353,12.218047411035656,0.3732142448425293
pythia-160m,draw_2,high,11,117.72769927978516,10.446276664733887,17.019643449618563,0.029926180839538574
pythia-160m,draw_2,very_high,0,10.803821563720703,0.5049896240234375,102.68394982806893,0.6000304818153381
pythia-160m,draw_2,very_high,1,13.817994117736816,0.8675400018692017,96.40838354108686,0.45866119861602783
pythia-160m,draw_2,very_high,2,13.70985221862793,0.6931270360946655,80.59218333305807,0.5248554646968842
pythia-160m,draw_2,very_high,3,14.83765697479248,0.6536461710929871,81.24440363555465,0.5996191501617432
pythia-160m,draw_2,very_high,4,16.67416000366211,0.9440023303031921,73.76156915601948,0.4771580100059509
pythia-160m,draw_2,very_high,5,20.96519660949707,1.3947938680648804,33.97316621018791,0.4042995572090149
pythia-160m,draw_2,very_high,6,22.626453399658203,1.454289197921753,39.46967763756669,0.3390718102455139
pythia-160m,draw_2,very_high,7,27.74765968322754,1.7928180694580078,22.69366047781136,0.27639514207839966
pythia-160m,draw_2,very_high,8,24.60549545288086,2.4579412937164307,15.003985164262057,0.47160404920578003
pythia-160m,draw_2,very_high,9,29.0970401763916,2.5209455490112305,13.556964127733869,0.3879973292350769
pythia-160m,draw_2,very_high,10,30.804397583007812,1.4385261535644531,11.858066296236393,0.3588900566101074
pythia-160m,draw_2,very_high,11,119.99456787109375,11.376171112060547,12.691156894978686,0.026325762271881104
pythia-160m,draw_2,control,0,11.10424518585205,0.7367779016494751,103.15843905540085,0.6035816371440887
pythia-160m,draw_2,control,1,14.147603988647461,1.0394853353500366,95.86645763736455,0.45391035079956055
pythia-160m,draw_2,control,2,13.927046775817871,0.9187809824943542,79.38257770236473,0.5287938117980957
pythia-160m,draw_2,control,3,14.931130409240723,0.8225749135017395,80.5491656381355,0.6078246235847473
pythia-160m,draw_2,control,4,16.634153366088867,1.134291648864746,73.84785443680583,0.4926009178161621
pythia-160m,draw_2,control,5,20.863908767700195,1.641919493675232,30.23010423203474,0.4203353524208069
pythia-160m,draw_2,control,6,22.459869384765625,1.4470270872116089,38.50948507265241,0.35707271099090576
pythia-160m,draw_2,control,7,27.581174850463867,1.7624181509017944,25.4451616348318,0.2881028652191162
pythia-160m,draw_2,control,8,25.310110092163086,2.611914873123169,12.549077953860685,0.49625492095947266
pythia-160m,draw_2,control,9,29.204729080200195,2.5807080268859863,11.886469445837353,0.41669613122940063
pythia-160m,draw_2,control,10,30.922861099243164,1.543188452720642,10.82238607896161,0.3896971344947815
pythia-160m,draw_2,control,11,119.1553955078125,11.824317932128906,12.182935200360316,0.028726577758789062
pythia-160m,draw_3,low,0,12.769025802612305,0.7500044703483582,104.79634141221337,0.6078440546989441
pythia-160m,draw_3,low,1,16.394702911376953,1.1171202659606934,92.39769138469654,0.41282278299331665
pythia-160m,draw_3,low,2,15.938931465148926,0.9228867888450623,76.21202086702581,0.46133995056152344
pythia-160m,draw_3,low,3,16.373394012451172,0.7821245789527893,82.38846191665844,0.5252504348754883
pythia-160m,draw_3,low,4,17.2418212890625,0.8209394812583923,76.63331057570392,0.4480552673339844
pythia-160m,draw_3,low,5,21.582500457763672,1.3904643058776855,59.5844689024577,0.3459245562553406
pythia-160m,draw_3,low,6,23.45372772216797,1.3651471138000488,52.72719484332075,0.2961691617965698
pythia-160m,draw_3,low,7,27.54307746887207,1.3651942014694214,35.976527387076246,0.25449973344802856
pythia-160m,draw_3,low,8,27.94178009033203,3.4574055671691895,14.756036674807424,0.36252617835998535
pythia-160m,draw_3,low,9,28.877365112304688,2.1635358333587646,15.107768167484357,0.37337392568588257
pythia-160m,draw_3,low,10,30.798154830932617,1.3661350011825562,21.53933191300509,0.3710055947303772
pythia-160m,draw_3,low,11,113.57648468017578,11.769967079162598,14.011405852804819,0.036646485328674316
pythia-160m,draw_3,medium,0,12.249761581420898,0.7331886291503906,101.08074228305726,0.6089972257614136
pythia-160m,draw_3,medium,1,15.763420104980469,1.1090022325515747,93.48760903944189,0.4166516661643982
pythia-160m,draw_3,medium,2,15.234726905822754,0.8834667205810547,79.70192690987629,0.47319018840789795
pythia-160m,draw_3,medium,3,15.874068260192871,0.6924157738685608,82.38717518058158,0.5437468588352203
pythia-160m,draw_3,medium,4,17.050935745239258,0.8402472138404846,76.47987176237648,0.4531213045120239
pythia-160m,draw_3,medium,5,21.281587600708008,1.3176441192626953,41.93603580965204,0.3662928342819214
pythia-160m,draw_3,medium,6,23.150951385498047,1.3691717386245728,43.63828298836268,0.31201815605163574
pythia-160m,draw_3,medium,7,27.597408294677734,1.4120336771011353,31.000102148759517,0.2607092261314392
pythia-160m,draw_3,medium,8,27.101503372192383,3.25703763961792,13.382927070297635,0.3975755572319031
pythia-160m,draw_3,medium,9,28.817968368530273,2.4267356395721436,13.553757457376602,0.3954099416732788
pythia-160m,draw_3,medium,10,30.788244247436523,1.5022389888763428,15.012077874004685,0.38878047466278076
pythia-160m,draw_3,medium,11,115.86869812011719,11.311861038208008,15.371841191352793,0.03386545181274414
pythia-160m,draw_3,high,0,11.50912857055664,0.5763732194900513,98.72200977654319,0.6114932894706726
pythia-160m,draw_3,high,1,14.612175941467285,0.9084741473197937,91.4829125574305,0.4512450695037842
pythia-160m,draw_3,high,2,14.269869804382324,0.7154644727706909,78.32656042540461,0.5208889245986938
pythia-160m,draw_3,high,3,15.271004676818848,0.5995631217956543,80.64556461866063,0.5912981629371643
pythia-160m,draw_3,high,4,16.807470321655273,0.8243224620819092,75.2894597343301,0.47785401344299316
pythia-160m,draw_3,high,5,20.914688110351562,1.3272072076797485,33.47949791967914,0.4042065739631653
pythia-160m,draw_3,high,6,22.671072006225586,1.405321717262268,41.03927947477171,0.3409426808357239
pythia-160m,draw_3,high,7,27.563474655151367,1.692812204360962,26.75266846852522,0.2803882956504822
pythia-160m,draw_3,high,8,25.490921020507812,2.7985494136810303,13.252828913764889,0.4603006839752197
pythia-160m,draw_3,high,9,28.855955123901367,2.396787405014038,12.456971220449917,0.4190673828125
pythia-160m,draw_3,high,10,30.831296920776367,1.5033940076828003,13.054896109053935,0.3768947720527649
pythia-160m,draw_3,high,11,117.41619873046875,11.300594329833984,14.26232517093396,0.030528604984283447
pythia-160m,draw_3,very_high,0,10.855862617492676,0.508326530456543,96.489840454222,0.5966267287731171
pythia-160m,draw_3,very_high,1,13.884221076965332,0.9204980731010437,88.79847940112853,0.46139657497406006
pythia-160m,draw_3,very_high,2,13.7294340133667,0.7467727065086365,76.72516986496017,0.5318293273448944
pythia-160m,draw_3,very_high,3,14.790238380432129,0.7171234488487244,78.92837847245448,0.6107349395751953
pythia-160m,draw_3,very_high,4,16.532936096191406,1.0325899124145508,75.59520295702755,0.4902927875518799
pythia-160m,draw_3,very_high,5,20.651025772094727,1.3987228870391846,35.77202788276588,0.417568564414978
pythia-160m,draw_3,very_high,6,22.37065887451172,1.3833789825439453,43.002459377987336,0.344843327999115
pythia-160m,draw_3,very_high,7,27.661489486694336,1.6851415634155273,19.916877971014834,0.28770124912261963
pythia-160m,draw_3,very_high,8,24.76154136657715,2.5522263050079346,14.3658151191385,0.47924166917800903
pythia-160m,draw_3,very_high,9,28.830488204956055,2.551482915878296,13.366506573105484,0.40150636434555054
pythia-160m,draw_3,very_high,10,30.648473739624023,1.4782651662826538,11.115446758914077,0.3741818070411682
pythia-160m,draw_3,very_high,11,119.01982116699219,11.961901664733887,11.14853162460536,0.026955723762512207
pythia-160m,draw_3,control,0,11.087828636169434,0.7940359115600586,104.86449786194918,0.5974188446998596
pythia-160m,draw_3,control,1,14.12524700164795,1.12563157081604,97.16143439260068,0.4521368741989136
pythia-160m,draw_3,control,2,13.86772346496582,0.9601189494132996,80.39238449967868,0.5258863866329193
pythia-160m,draw_3,control,3,14.902606964111328,0.7693406939506531,83.02098311416961,0.6038534045219421
pythia-160m,draw_3,control,4,16.601667404174805,1.0078500509262085,75.36080539895856,0.48979324102401733
pythia-160m,draw_3,control,5,20.86853790283203,1.412222981452942,41.943750615464154,0.4024794101715088
pythia-160m,draw_3,control,6,22.59751319885254,1.5572184324264526,40.58616062183522,0.34406304359436035
pythia-160m,draw_3,control,7,27.546545028686523,1.7380157709121704,21.598278279599622,0.29274702072143555
pythia-160m,draw_3,control,8,25.073694229125977,2.653552293777466,12.514299840178444,0.49428319931030273
pythia-160m,draw_3,control,9,29.024253845214844,2.431497812271118,13.693864407409738,0.4083234667778015
pythia-160m,draw_3,control,10,30.820117950439453,1.4743610620498657,13.315671224754933,0.3684699535369873
pythia-160m,draw_3,control,11,120.38591766357422,11.056803703308105,14.233202932552805,0.02773594856262207
pythia-410m,draw_1,low,0,16.622488021850586,1.0585459470748901,107.5982260277113,0.7065083682537079
pythia-410m,draw_1,low,1,20.32986068725586,1.3869519233703613,110.71889128183237,0.5022451877593994
pythia-410m,draw_1,low,2,23.30893898010254,1.5492486953735352,106.05741471759248,0.4030616879463196
pythia-410m,draw_1,low,3,24.540979385375977,1.5638245344161987,105.63792345732021,0.376323401927948
pythia-410m,draw_1,low,4,24.393007278442383,1.4952144622802734,101.47105611533367,0.3811238408088684
pythia-410m,draw_1,low,5,22.22674560546875,1.2670050859451294,96.5742308085154,0.46539318561553955
pythia-410m,draw_1,low,6,22.902034759521484,1.072263240814209,95.33137078966556,0.455510675907135
pythia-410m,draw_1,low,7,22.931344985961914,1.0315172672271729,90.18927822839969,0.4569156765937805
pythia-410m,draw_1,low,8,24.247726440429688,1.0219258069992065,88.88558457367249,0.41635870933532715
pythia-410m,draw_1,low,9,24.7893009185791,1.1859582662582397,86.29173437053883,0.4325379729270935
pythia-410m,draw_1,low,10,24.932170867919922,1.2451956272125244,89.26452927986719,0.4635022282600403
pythia-410m,draw_1,low,11,28.002439498901367,1.526363730430603,80.5311224479021,0.443336546421051
pythia-410m,draw_1,low,12,27.69373321533203,1.6684657335281372,79.93553101994148,0.39647746086120605
pythia-410m,draw_1,low,13,32.89643478393555,2.9452710151672363,55.56981609181002,0.2991459369659424
pythia-410m,draw_1,low,14,28.145246505737305,1.8831706047058105,65.6260317215755,0.36687082052230835
pythia-410m,draw_1,low,15,26.13358497619629,1.5109665393829346,68.88419215958868,0.43854188919067383
pythia-410m,draw_1,low,16,32.549232482910156,1.7233083248138428,69.87913108237493,0.3353692293167114
pythia-410m,draw_1,low,17,35.35939407348633,2.569689989089966,17.991803971744428,0.40018224716186523
pythia-410m,draw_1,low,18,44.2006950378418,3.646649122238159,12.282769890682635,0.3761368989944458
pythia-410m,draw_1,low,19,58.777626037597656,4.585817813873291,16.263228071523958,0.2134535312652588
pythia-410m,draw_1,low,20,63.64628982543945,6.8198137283325195,5.488035531702705,0.24920260906219482
pythia-410m,draw_1,low,21,52.38505935668945,5.035660266876221,11.925782636458042,0.3280333876609802
pythia-410m,draw_1,low,22,52.922203063964844,3.0878376960754395,33.49697497039575,0.35978764295578003
pythia-410m,draw_1,low,23,62.981719970703125,8.115418434143066,46.584563450028064,0.2979472875595093
pythia-410m,draw_1,medium,0,15.438311576843262,0.9492135643959045,115.77269326385475,0.6961907744407654
pythia-410m,draw_1,medium,1,19.222013473510742,1.3368847370147705,118.7494878520759,0.4948951005935669
pythia-410m,draw_1,medium,2,22.279216766357422,1.4724173545837402,113.54923351123435,0.3950924277305603
pythia-410m,draw_1,medium,3,23.35016441345215,1.5244503021240234,110.01016731531932,0.37938791513442993
pythia-410m,draw_1,medium,4,23.37563133239746,1.3267918825149536,104.4111033943908,0.38485467433929443
pythia-410m,draw_1,medium,5,21.474180221557617,1.180051565170288,97.3707768621848,0.48226916790008545
pythia-410m,draw_1,medium,6,22.36702537536621,1.0060980319976807,95.86990641110135,0.4685401916503906
pythia-410m,draw_1,medium,7,22.68524932861328,0.9879334568977356,89.76163518501454,0.459694504737854
pythia-410m,draw_1,medium,8,23.954301834106445,1.0884562730789185,87.74282290236177,0.42078524827957153
pythia-410m,draw_1,medium,9,24.361251831054688,1.1719224452972412,84.36589597300356,0.44232988357543945
pythia-410m,draw_1,medium,10,24.558324813842773,1.2242988348007202,86.9360973490944,0.4762417674064636
pythia-410m,draw_1,medium,11,27.504358291625977,1.5044101476669312,78.00378275863697,0.4689263105392456
pythia-410m,draw_1,medium,12,26.972360610961914,1.6159250736236572,77.88493230585877,0.42099887132644653
pythia-410m,draw_1,medium,13,32.16590118408203,3.1392600536346436,48.069165719365664,0.31887370347976685
pythia-410m,draw_1,medium,14,27.557289123535156,1.9456242322921753,60.87771465214972,0.3838900923728943
pythia-410m,draw_1,medium,15,25.95681381225586,1.5234521627426147,65.59260325334272,0.4455338716506958
pythia-410m,draw_1,medium,16,32.750186920166016,1.653993010520935,65.97400845250401,0.33733224868774414
pythia-410m,draw_1,medium,17,35.36623764038086,1.9961851835250854,17.37555933189357,0.4150122404098511
pythia-410m,draw_1,medium,18,44.0397834777832,3.685702085494995,10.13937404145486,0.4060688614845276
pythia-410m,draw_1,medium,19,58.44041061401367,4.834003925323486,12.099262326357808,0.2344568371772766
pythia-410m,draw_1,medium,20,64.19879150390625,6.960198879241943,4.9027782958270265,0.2746029496192932
pythia-410m,draw_1,medium,21,54.316062927246094,5.703818321228027,8.80256393998748,0.3471526503562927
pythia-410m,draw_1,medium,22,54.14952087402344,3.8039767742156982,21.27820079841376,0.36020082235336304
pythia-410m,draw_1,medium,23,66.9720458984375,9.287100791931152,39.98992856516933,0.25369006395339966
pythia-410m,draw_1,high,0,14.398037910461426,0.7762937545776367,108.500084412009,0.6384164988994598
pythia-410m,draw_1,high,1,17.955486297607422,1.1991599798202515,111.14317972641679,0.48012876510620117
pythia-410m,draw_1,high,2,21.040294647216797,1.2866626977920532,105.86776959063701,0.3879203796386719
pythia-410m,draw_1,high,3,21.6495418548584,1.2961407899856567,103.34568640170357,0.39609062671661377
pythia-410m,draw_1,high,4,21.688936233520508,1.1823163032531738,98.47113175050642,0.4100431203842163
pythia-410m,draw_1,high,5,20.28278923034668,1.0599985122680664,94.58961653153922,0.5155458152294159
pythia-410m,draw_1,high,6,21.51650619506836,0.8425664901733398,94.05265570103604,0.4916505217552185
pythia-410m,draw_1,high,7,22.091310501098633,0.8869099020957947,88.35770793588513,0.47337406873703003
pythia-410m,draw_1,high,8,23.539520263671875,1.002156376838684,85.48282128426945,0.4326189160346985
pythia-410m,draw_1,high,9,23.759462356567383,1.1906987428665161,81.61287891354033,0.4563942551612854
pythia-410m,draw_1,high,10,24.105045318603516,1.2908551692962646,85.17115320148302,0.49100106954574585
pythia-410m,draw_1,high,11,27.074180603027344,1.45372474193573,75.92095206169431,0.4862362742424011
pythia-410m,draw_1,high,12,26.405719757080078,1.646242380142212,76.4503028621029,0.44296497106552124
pythia-410m,draw_1,high,13,31.44309425354004,2.9532315731048584,48.273622179485606,0.3350839614868164
pythia-410m,draw_1,high,14,27.137239456176758,1.8015782833099365,61.298328160566804,0.39803987741470337
pythia-410m,draw_1,high,15,25.895124435424805,1.475724697113037,65.80547487851004,0.4496482014656067
pythia-410m,draw_1,high,16,32.71580123901367,1.7385929822921753,66.72166938595643,0.33746254444122314
pythia-410m,draw_1,high,17,35.47584533691406,2.540282726287842,13.60201730936155,0.40983206033706665
pythia-410m,draw_1,high,18,43.01798629760742,3.490680456161499,9.602548783160454,0.41748756170272827
pythia-410m,draw_1,high,19,57.37138748168945,4.926772594451904,10.258425860144987,0.24952644109725952
pythia-410m,draw_1,high,20,62.25297164916992,6.8413567543029785,4.245775417578313,0.2961887717247009
pythia-410m,draw_1,high,21,54.59783172607422,5.5790534019470215,7.542659798172472,0.36374855041503906
pythia-410m,draw_1,high,22,54.51596450805664,3.5461270809173584,19.53127938628465,0.35812103748321533
pythia-410m,draw_1,high,23,70.34405517578125,9.360950469970703,43.13747907966129,0.22081685066223145
pythia-410m,draw_1,very_high,0,13.540802001953125,0.5845950245857239,103.15299033615084,0.5962873697280884
pythia-410m,draw_1,very_high,1,16.784568786621094,1.0577954053878784,104.83649983325647,0.48088502883911133
pythia-410m,draw_1,very_high,2,19.797998428344727,1.2398011684417725,98.95758118447613,0.3978143334388733
pythia-410m,draw_1,very_high,3,20.435142517089844,1.254041314125061,96.34911917951983,0.41793137788772583
pythia-410m,draw_1,very_high,4,20.699941635131836,1.1257745027542114,92.60759478747104,0.4357679486274719
pythia-410m,draw_1,very_high,5,19.3701114654541,1.0416016578674316,94.3820440193167,0.5478036403656006
pythia-410m,draw_1,very_high,6,20.733619689941406,0.8338987231254578,94.90586538477952,0.5180743038654327
pythia-410m,draw_1,very_high,7,21.54099464416504,0.8698539137840271,89.46304026437448,0.49376481771469116
pythia-410m,draw_1,very_high,8,23.04499053955078,0.9396981596946716,87.56087770628781,0.44787412881851196
pythia-410m,draw_1,very_high,9,23.160850524902344,1.0673527717590332,81.93712767278234,0.4741566777229309
pythia-410m,draw_1,very_high,10,23.557369232177734,1.1354225873947144,86.07043091848786,0.5117776989936829
pythia-410m,draw_1,very_high,11,26.457138061523438,1.3143213987350464,80.6588073384404,0.5108801126480103
pythia-410m,draw_1,very_high,12,25.605661392211914,1.3542474508285522,81.72658491706454,0.47052502632141113
pythia-410m,draw_1,very_high,13,30.601354598999023,2.60158634185791,58.36189834128624,0.35076403617858887
pythia-410m,draw_1,very_high,14,26.56398582458496,1.5467746257781982,68.5204361276873,0.4136766791343689
pythia-410m,draw_1,very_high,15,25.65625,1.3074017763137817,71.72441241180735,0.4572368860244751
pythia-410m,draw_1,very_high,16,33.01246643066406,1.7742257118225098,73.31497044798826,0.3311119079589844
pythia-410m,draw_1,very_high,17,35.770023345947266,3.1435859203338623,15.729332431615903,0.3826552629470825
pythia-410m,draw_1,very_high,18,42.72597122192383,3.873185396194458,8.506654198918747,0.3920019268989563
pythia-410m,draw_1,very_high,19,57.01763153076172,4.569440841674805,11.025168438935724,0.23993945121765137
pythia-410m,draw_1,very_high,20,60.63113021850586,5.684872150421143,4.673008366945696,0.2931153178215027
pythia-410m,draw_1,very_high,21,54.8343391418457,6.153913974761963,7.243924009423825,0.3594489097595215
pythia-410m,draw_1,very_high,22,54.83224105834961,3.554177761077881,15.584098494665817,0.3408896327018738
pythia-410m,draw_1,very_high,23,72.4904556274414,8.28443431854248,47.7650593352923,0.18634772300720215
pythia-410m,draw_1,control,0,13.885123252868652,0.9129630923271179,113.72043860910976,0.6089960336685181
pythia-410m,draw_1,control,1,17.163846969604492,1.2191438674926758,118.56262067423505,0.4785541296005249
pythia-410m,draw_1,control,2,20.28554916381836,1.3868581056594849,111.46056157661391,0.38971513509750366
pythia-410m,draw_1,control,3,20.983354568481445,1.4346883296966553,106.78118739452667,0.4029805660247803
pythia-410m,draw_1,control,4,21.186025619506836,1.2751110792160034,101.05524811806296,0.4176294207572937
pythia-410m,draw_1,control,5,19.751314163208008,1.066408634185791,99.00590144885223,0.5285087525844574
pythia-410m,draw_1,control,6,21.068559646606445,0.8962982296943665,98.58848457843088,0.5019725263118744
pythia-410m,draw_1,control,7,21.76072120666504,0.8584097027778625,92.07467787704157,0.48360276222229004
pythia-410m,draw_1,control,8,23.258155822753906,0.9455767273902893,88.9589292166133,0.4396968483924866
pythia-410m,draw_1,control,9,23.468997955322266,1.1171671152114868,85.66998883735907,0.4640946388244629
pythia-410m,draw_1,control,10,23.841886520385742,1.276472806930542,88.67955781364425,0.5049222707748413
pythia-410m,draw_1,control,11,26.73536491394043,1.350656270980835,79.57807695937068,0.49800485372543335
pythia-410m,draw_1,control,12,25.980867385864258,1.4590511322021484,80.63024320151673,0.4520300626754761
pythia-410m,draw_1,control,13,30.944774627685547,2.818540573120117,51.090698041965894,0.3435741066932678
pythia-410m,draw_1,control,14,26.909700393676758,1.6033748388290405,63.939036551064035,0.4028661251068115
pythia-410m,draw_1,control,15,25.77892303466797,1.4348889589309692,68.51030653848889,0.44847816228866577
pythia-410m,draw_1,control,16,32.74784851074219,2.016937255859375,67.7999424286649,0.3323330879211426
pythia-410m,draw_1,control,17,35.67051315307617,2.498194932937622,17.437635774195094,0.3958105444908142
pythia-410m,draw_1,control,18,42.992279052734375,3.739947557449341,9.975268192791889,0.3977779150009155
pythia-410m,draw_1,control,19,57.20634460449219,4.819079399108887,10.512795941717629,0.24271798133850098
pythia-410m,draw_1,control,20,61.1179313659668,6.14964485168457,4.231159906547119,0.311670184135437
pythia-410m,draw_1,control,21,54.82472229003906,6.454955101013184,6.896936157245326,0.3846762776374817
pythia-410m,draw_1,control,22,54.88734817504883,3.9166159629821777,16.014476637737847,0.3583400845527649
pythia-410m,draw_1,control,23,72.11421966552734,9.157113075256348,44.24888707024697,0.19745099544525146
pythia-410m,draw_2,low,0,16.53915023803711,1.079419493675232,115.72285868095746,0.7014559805393219
pythia-410m,draw_2,low,1,20.377771377563477,1.3208342790603638,115.62100918124762,0.4941890835762024
pythia-410m,draw_2,low,2,23.409238815307617,1.443434238433838,111.40789856377596,0.3965489864349365
pythia-410m,draw_2,low,3,24.543506622314453,1.4233424663543701,110.60264979898923,0.37390702962875366
pythia-410m,draw_2,low,4,24.39108657836914,1.4046657085418701,105.00036438544372,0.38036876916885376
pythia-410m,draw_2,low,5,22.12454605102539,1.291982889175415,97.64435057132965,0.46991199254989624
pythia-410m,draw_2,low,6,22.80231285095215,1.0346451997756958,94.04857182705805,0.4616498351097107
pythia-410m,draw_2,low,7,22.864105224609375,1.0145899057388306,87.43307642385855,0.4614986777305603
pythia-410m,draw_2,low,8,24.177276611328125,1.0087661743164062,84.6684675891084,0.4202801585197449
pythia-410m,draw_2,low,9,24.696115493774414,1.2533658742904663,82.06493102695474,0.4381370544433594
pythia-410m,draw_2,low,10,24.9072265625,1.296857476234436,84.67644703331408,0.4699448347091675
pythia-410m,draw_2,low,11,28.054115295410156,1.453597903251648,77.96205456667057,0.4522992968559265
pythia-410m,draw_2,low,12,27.691553115844727,1.5480022430419922,77.73314204456939,0.4047233462333679
pythia-410m,draw_2,low,13,32.9244270324707,2.8802640438079834,55.98478274522067,0.3035140037536621
pythia-410m,draw_2,low,14,28.14373779296875,1.881597638130188,65.19935094268895,0.37197262048721313
pythia-410m,draw_2,low,15,26.125856399536133,1.5226281881332397,67.76115889232663,0.44618839025497437
pythia-410m,draw_2,low,16,32.58143615722656,1.8287079334259033,67.27479982338502,0.34197020530700684
pythia-410m,draw_2,low,17,35.70560073852539,2.470999240875244,15.449039413769544,0.41761231422424316
pythia-410m,draw_2,low,18,44.77705764770508,3.858772039413452,10.511446495579445,0.3867916464805603
pythia-410m,draw_2,low,19,58.65785217285156,4.619329929351807,15.446064992683441,0.21886616945266724
pythia-410m,draw_2,low,20,63.48841094970703,6.564408302307129,5.847935132003936,0.24064362049102783
pythia-410m,draw_2,low,21,52.288387298583984,4.924535751342773,12.8452935284925,0.3247756361961365
pythia-410m,draw_2,low,22,53.32863235473633,3.131425619125366,29.880597925715147,0.36359095573425293
pythia-410m,draw_2,low,23,62.567256927490234,8.817831039428711,37.91174061195642,0.3131430745124817
pythia-410m,draw_2,medium,0,15.337228775024414,1.0226216316223145,108.32316947496913,0.7010790407657623
pythia-410m,draw_2,medium,1,19.202096939086914,1.3961139917373657,112.34756341439615,0.4924854040145874
pythia-410m,draw_2,medium,2,22.37021255493164,1.4777908325195312,108.28093638014218,0.39178240299224854
pythia-410m,draw_2,medium,3,23.412837982177734,1.5106377601623535,105.68963293560206,0.3781689405441284
pythia-410m,draw_2,medium,4,23.400829315185547,1.2577780485153198,101.75096121810174,0.3840672969818115
pythia-410m,draw_2,medium,5,21.44213104248047,1.1429951190948486,96.82563327993287,0.4818571209907532
pythia-410m,draw_2,medium,6,22.267343521118164,1.0036797523498535,95.6747589093652,0.46973538398742676
pythia-410m,draw_2,medium,7,22.567842483520508,0.9536295533180237,89.59552116576101,0.4640699028968811
pythia-410m,draw_2,medium,8,23.880483627319336,1.0851004123687744,87.13484210470301,0.4254986643791199
pythia-410m,draw_2,medium,9,24.41611671447754,1.174953579902649,84.3823193977678,0.44063740968704224
pythia-410m,draw_2,medium,10,24.651046752929688,1.2252856492996216,87.43527503633894,0.47512876987457275
pythia-410m,draw_2,medium,11,27.60906219482422,1.3808002471923828,78.13748297768424,0.466022789478302
pythia-410m,draw_2,medium,12,27.039094924926758,1.3923479318618774,78.13943250576297,0.42019253969192505
pythia-410m,draw_2,medium,13,32.19288635253906,2.788417339324951,51.67727792200956,0.3183543086051941
pythia-410m,draw_2,medium,14,27.63282585144043,1.6370580196380615,64.2555856127148,0.38452577590942383
pythia-410m,draw_2,medium,15,26.072792053222656,1.3556751012802124,68.96533128610335,0.4444248080253601
pythia-410m,draw_2,medium,16,32.7934455871582,1.5742801427841187,68.41882025469921,0.3340502977371216
pythia-410m,draw_2,medium,17,35.4762077331543,2.354119062423706,15.566587656945906,0.40572381019592285
pythia-410m,draw_2,medium,18,43.96784591674805,3.614041805267334,10.304869215067326,0.3989505171775818
pythia-410m,draw_2,medium,19,58.25141906738281,4.757744789123535,12.335512143400777,0.23024839162826538
pythia-410m,draw_2,medium,20,63.946468353271484,7.109457969665527,4.9178364986384295,0.2572701573371887
pythia-410m,draw_2,medium,21,54.376216888427734,5.1785407066345215,9.575957346553004,0.33118730783462524
pythia-410m,draw_2,medium,22,54.249393463134766,3.5834450721740723,22.647575108300657,0.350372314453125
pythia-410m,draw_2,medium,23,67.5309829711914,9.264735221862793,39.80207501254088,0.24860429763793945
pythia-410m,draw_2,high,0,14.311452865600586,0.8224269151687622,109.39034780582352,0.6294613778591156
pythia-410m,draw_2,high,1,17.99701690673828,1.3524707555770874,111.16529412539519,0.46654587984085083
pythia-410m,draw_2,high,2,21.138391494750977,1.4676851034164429,105.9608500435774,0.37495535612106323
pythia-410m,draw_2,high,3,21.784080505371094,1.4365527629852295,102.25939052853157,0.3827768564224243
pythia-410m,draw_2,high,4,21.80427360534668,1.2403738498687744,96.184255550243,0.3962043523788452
pythia-410m,draw_2,high,5,20.303909301757812,0.9441453814506531,93.14280333455663,0.5022388398647308
pythia-410m,draw_2,high,6,21.4802303314209,0.8388695120811462,93.10573353484818,0.4803483486175537
pythia-410m,draw_2,high,7,21.95450210571289,0.8367522954940796,87.4409842093219,0.4652578830718994
pythia-410m,draw_2,high,8,23.51968765258789,0.8920483589172363,86.79562745597529,0.42139577865600586
pythia-410m,draw_2,high,9,23.799476623535156,1.0776138305664062,82.15934642884332,0.4450395703315735
pythia-410m,draw_2,high,10,24.104084014892578,1.2386524677276611,84.81125198783519,0.48503434658050537
pythia-410m,draw_2,high,11,26.98544692993164,1.3445276021957397,78.6273839534599,0.4839608669281006
pythia-410m,draw_2,high,12,26.285194396972656,1.4376752376556396,80.13233517637943,0.43664461374282837
pythia-410m,draw_2,high,13,31.495878219604492,2.697216510772705,55.55584965663491,0.3224679231643677
pythia-410m,draw_2,high,14,26.968276977539062,1.6506407260894775,66.45175481432011,0.3917759656906128
pythia-410m,draw_2,high,15,25.663286209106445,1.4183391332626343,70.78645877808933,0.4468041658401489
pythia-410m,draw_2,high,16,32.75114059448242,1.7471051216125488,70.59561193968706,0.3310698866844177
pythia-410m,draw_2,high,17,35.0551872253418,2.200286626815796,22.905115994836436,0.384219229221344
pythia-410m,draw_2,high,18,42.91107177734375,3.2834839820861816,12.134027591833563,0.3830016851425171
pythia-410m,draw_2,high,19,57.82251739501953,4.652563571929932,14.80043024822111,0.21726000308990479
pythia-410m,draw_2,high,20,62.17549514770508,5.98326301574707,5.623808070285939,0.26916736364364624
pythia-410m,draw_2,high,21,54.91128921508789,5.124963283538818,9.200156967169802,0.3364461064338684
pythia-410m,draw_2,high,22,55.05187225341797,3.8555753231048584,20.43642846048109,0.33773183822631836
pythia-410m,draw_2,high,23,70.72492980957031,9.89663028717041,39.77914040091889,0.21543610095977783
pythia-410m,draw_2,very_high,0,13.512639999389648,0.6286019682884216,109.99473750733499,0.5964350402355194
pythia-410m,draw_2,very_high,1,16.609500885009766,1.0574449300765991,113.11840336807217,0.48735320568084717
pythia-410m,draw_2,very_high,2,19.64963150024414,1.2072001695632935,107.6260209560871,0.4011017084121704
pythia-410m,draw_2,very_high,3,20.226909637451172,1.1326807737350464,106.20529157157335,0.41883933544158936
pythia-410m,draw_2,very_high,4,20.584882736206055,0.9376950860023499,101.75447250975716,0.42851126194000244
pythia-410m,draw_2,very_high,5,19.447933197021484,0.8990949988365173,99.64285733629497,0.5330488681793213
pythia-410m,draw_2,very_high,6,20.791093826293945,0.7338570952415466,98.38532427888943,0.5052116215229034
pythia-410m,draw_2,very_high,7,21.52992820739746,0.7993770837783813,92.061304180044,0.48539239168167114
pythia-410m,draw_2,very_high,8,23.04842758178711,0.9477939605712891,89.46969645371806,0.44142359495162964
pythia-410m,draw_2,very_high,9,23.344562530517578,1.109415888786316,83.08132705268177,0.4623757004737854
pythia-410m,draw_2,very_high,10,23.64657974243164,1.2119967937469482,86.40063833437735,0.5019592940807343
pythia-410m,draw_2,very_high,11,26.38604164123535,1.2779864072799683,76.76882293107391,0.4979262948036194
pythia-410m,draw_2,very_high,12,25.5639705657959,1.3968571424484253,78.16780014601115,0.4557954668998718
pythia-410m,draw_2,very_high,13,30.669687271118164,2.6666407585144043,49.826927096463315,0.3425144553184509
pythia-410m,draw_2,very_high,14,26.55173683166504,1.4912925958633423,63.485853609515694,0.4021797180175781
pythia-410m,draw_2,very_high,15,25.57610321044922,1.355706810951233,68.40413276901626,0.44402146339416504
pythia-410m,draw_2,very_high,16,32.901756286621094,1.9418509006500244,66.30090720747893,0.3254937529563904
pythia-410m,draw_2,very_high,17,35.5822868347168,2.2660129070281982,21.668476758228636,0.3616587519645691
pythia-410m,draw_2,very_high,18,42.549461364746094,3.36421537399292,9.901806118359623,0.37095606327056885
pythia-410m,draw_2,very_high,19,56.528343200683594,4.8622212409973145,10.772350277969531,0.23233622312545776
pythia-410m,draw_2,very_high,20,60.07309341430664,5.220155239105225,4.564764011712496,0.30030202865600586
pythia-410m,draw_2,very_high,21,54.96549606323242,5.6527581214904785,6.226165364327853,0.38408803939819336
pythia-410m,draw_2,very_high,22,54.84859085083008,3.994180202484131,14.174118702903485,0.3426973223686218
pythia-410m,draw_2,very_high,23,72.3995132446289,9.140376091003418,38.74126376964987,0.18314707279205322
pythia-410m,draw_2,control,0,13.855958938598633,0.9767621755599976,115.34891606636069,0.6189834773540497
pythia-410m,draw_2,control,1,17.021324157714844,1.3801783323287964,118.37431802687883,0.4885532259941101
pythia-410m,draw_2,control,2,20.050525665283203,1.5818536281585693,108.13105432516464,0.4017917513847351
pythia-410m,draw_2,control,3,20.713109970092773,1.6528303623199463,106.69817280663229,0.41552746295928955
pythia-410m,draw_2,control,4,20.935880661010742,1.502824068069458,98.89184472244814,0.4300006628036499
pythia-410m,draw_2,control,5,19.61202049255371,1.3020362854003906,99.42868413102717,0.5387678444385529
pythia-410m,draw_2,control,6,21.02899742126465,1.0434309244155884,98.44911124688856,0.5097274780273438
pythia-410m,draw_2,control,7,21.705135345458984,1.0179753303527832,91.64968094650612,0.4910154342651367
pythia-410m,draw_2,control,8,23.200984954833984,1.0339105129241943,88.70582949145346,0.4487401247024536
pythia-410m,draw_2,control,9,23.319326400756836,1.3154542446136475,84.43200164265333,0.47176945209503174
pythia-410m,draw_2,control,10,23.616718292236328,1.397947072982788,88.06992344938975,0.5113437175750732
pythia-410m,draw_2,control,11,26.563671112060547,1.4568012952804565,75.61355832760482,0.5075532793998718
pythia-410m,draw_2,control,12,25.844757080078125,1.5322415828704834,76.19698920954484,0.4616050720214844
pythia-410m,draw_2,control,13,30.735620498657227,2.8841140270233154,46.12038591478173,0.3587738275527954
pythia-410m,draw_2,control,14,26.789535522460938,1.6616692543029785,59.3036087357689,0.4146624207496643
pythia-410m,draw_2,control,15,25.7122745513916,1.4813157320022583,64.94231674107489,0.45733827352523804
pythia-410m,draw_2,control,16,32.754547119140625,1.9482080936431885,66.48214865772196,0.3403947353363037
pythia-410m,draw_2,control,17,35.92709732055664,3.347919225692749,13.651644379281967,0.39165234565734863
pythia-410m,draw_2,control,18,42.892879486083984,3.8965492248535156,8.010937253237355,0.40621912479400635
pythia-410m,draw_2,control,19,56.727840423583984,4.724647521972656,9.949203233751895,0.2605102062225342
pythia-410m,draw_2,control,20,60.59488296508789,6.041144371032715,4.204714490498015,0.3218289613723755
pythia-410m,draw_2,control,21,54.1265754699707,5.4313225746154785,6.653892531553763,0.3983861804008484
pythia-410m,draw_2,control,22,54.830318450927734,3.8224260807037354,14.895087254989205,0.3706333041191101
pythia-410m,draw_2,control,23,72.15254974365234,8.570069313049316,47.522612581755,0.2044411301612854
pythia-410m,draw_3,low,0,16.45339012145996,1.0953681468963623,111.63045747238704,0.7059511244297028
pythia-410m,draw_3,low,1,20.24690818786621,1.293976902961731,114.09646689915535,0.498546302318573
pythia-410m,draw_3,low,2,23.330219268798828,1.490440845489502,108.36562461425609,0.3975865840911865
pythia-410m,draw_3,low,3,24.512996673583984,1.4816848039627075,109.0145498035044,0.3736928701400757
pythia-410m,draw_3,low,4,24.36964988708496,1.439010500907898,102.51605444779864,0.38057637214660645
pythia-410m,draw_3,low,5,22.14368438720703,1.2958734035491943,96.92978155960498,0.4685537815093994
pythia-410m,draw_3,low,6,22.80414581298828,1.0705337524414062,94.74830379653838,0.4602624773979187
pythia-410m,draw_3,low,7,22.84821319580078,1.030749797821045,88.89533536921954,0.46159231662750244
pythia-410m,draw_3,low,8,24.211790084838867,1.0460149049758911,86.7220441657816,0.4188106656074524
pythia-410m,draw_3,low,9,24.674406051635742,1.2631573677062988,84.37541873899373,0.4372780919075012
pythia-410m,draw_3,low,10,24.821670532226562,1.2809028625488281,88.34021773590825,0.46771925687789917
pythia-410m,draw_3,low,11,27.91727066040039,1.4435365200042725,79.89058278983953,0.45166414976119995
pythia-410m,draw_3,low,12,27.471458435058594,1.577028751373291,80.17384197986489,0.40075868368148804
pythia-410m,draw_3,low,13,32.54767608642578,2.95862078666687,52.354765032315775,0.30668139457702637
pythia-410m,draw_3,low,14,27.93162727355957,1.8507438898086548,64.58400581473322,0.37077832221984863
pythia-410m,draw_3,low,15,26.10040855407715,1.378483772277832,70.09398954941759,0.43583357334136963
pythia-410m,draw_3,low,16,32.63116455078125,1.7151180505752563,68.81045405062994,0.3338852524757385
pythia-410m,draw_3,low,17,35.59139633178711,2.5603880882263184,13.973612847640625,0.40669822692871094
pythia-410m,draw_3,low,18,44.68113708496094,4.158873558044434,9.26835908610421,0.3860308527946472
pythia-410m,draw_3,low,19,58.5759391784668,4.7599029541015625,13.222601327291663,0.22008466720581055
pythia-410m,draw_3,low,20,63.64909362792969,6.955387592315674,5.342188753447786,0.24697643518447876
pythia-410m,draw_3,low,21,53.050045013427734,5.047345161437988,10.129471292573966,0.33226698637008667
pythia-410m,draw_3,low,22,53.348636627197266,3.4902560710906982,26.298127499487343,0.3597099781036377
pythia-410m,draw_3,low,23,63.936683654785156,8.613933563232422,41.42870826261833,0.2923663854598999
pythia-410m,draw_3,medium,0,15.443801879882812,0.9431753158569336,108.8526259498973,0.6865684390068054
pythia-410m,draw_3,medium,1,19.23939323425293,1.3255999088287354,111.71516434993143,0.48629987239837646
pythia-410m,draw_3,medium,2,22.382841110229492,1.4416325092315674,106.52927869115106,0.38832640647888184
pythia-410m,draw_3,medium,3,23.429235458374023,1.574416995048523,103.54736819325797,0.3754286766052246
pythia-410m,draw_3,medium,4,23.232973098754883,1.4537713527679443,99.64829878452392,0.3859660029411316
pythia-410m,draw_3,medium,5,21.351518630981445,1.2008804082870483,95.69580050323493,0.479286253452301
pythia-410m,draw_3,medium,6,22.189647674560547,1.0138064622879028,93.98318991856794,0.4681514501571655
pythia-410m,draw_3,medium,7,22.544578552246094,0.9200360774993896,86.74341072612658,0.46120065450668335
pythia-410m,draw_3,medium,8,23.838960647583008,0.9987532496452332,84.46411745195658,0.42289960384368896
pythia-410m,draw_3,medium,9,24.294578552246094,1.1807514429092407,80.79107689122131,0.4410494565963745
pythia-410m,draw_3,medium,10,24.550928115844727,1.115781307220459,83.73626918386906,0.4755837321281433
pythia-410m,draw_3,medium,11,27.488292694091797,1.3616156578063965,75.719927627391,0.4644584059715271
pythia-410m,draw_3,medium,12,27.0618896484375,1.4829498529434204,75.53804500729319,0.4170529842376709
pythia-410m,draw_3,medium,13,32.1335334777832,2.8714945316314697,47.372146414354695,0.3180995583534241
pythia-410m,draw_3,medium,14,27.587329864501953,1.7323672771453857,60.61927152471052,0.3845137357711792
pythia-410m,draw_3,medium,15,25.978689193725586,1.4936009645462036,64.09678832600211,0.44640207290649414
pythia-410m,draw_3,medium,16,32.59739303588867,1.7412015199661255,65.60325305601386,0.33768051862716675
pythia-410m,draw_3,medium,17,35.35496520996094,2.4847118854522705,14.936496029890854,0.4199066758155823
pythia-410m,draw_3,medium,18,43.87130355834961,4.045521259307861,10.268597326665235,0.40267413854599
pythia-410m,draw_3,medium,19,58.149513244628906,5.039158344268799,12.848115425900728,0.23493510484695435
pythia-410m,draw_3,medium,20,63.66599655151367,7.246632099151611,4.946340088157773,0.2720969319343567
pythia-410m,draw_3,medium,21,54.13462829589844,5.295491695404053,9.352449099376296,0.3377602696418762
pythia-410m,draw_3,medium,22,54.21236038208008,3.273620367050171,23.216179801978853,0.3552829623222351
pythia-410m,draw_3,medium,23,66.52378845214844,8.732325553894043,44.098879903818194,0.25991934537887573
pythia-410m,draw_3,high,0,14.299867630004883,0.8059898018836975,105.11532228146184,0.6417412757873535
pythia-410m,draw_3,high,1,17.89187240600586,1.1861674785614014,109.71944802645442,0.4778923988342285
pythia-410m,draw_3,high,2,21.0205078125,1.3095003366470337,104.61263042101386,0.38718360662460327
pythia-410m,draw_3,high,3,21.652246475219727,1.354433536529541,100.83121950357355,0.3961629271507263
pythia-410m,draw_3,high,4,21.71377944946289,1.2037060260772705,95.44701647918743,0.4108428359031677
pythia-410m,draw_3,high,5,20.22566795349121,1.0005488395690918,93.71436024952297,0.5175647437572479
pythia-410m,draw_3,high,6,21.439844131469727,0.8637338876724243,93.29959874299819,0.4935723543167114
pythia-410m,draw_3,high,7,22.078292846679688,0.8865478038787842,86.939000240059,0.47626543045043945
pythia-410m,draw_3,high,8,23.550338745117188,1.054102897644043,84.2138311004751,0.434034526348114
pythia-410m,draw_3,high,9,23.778480529785156,1.2030612230300903,80.31239371861315,0.4587883949279785
pythia-410m,draw_3,high,10,24.02747344970703,1.266575813293457,86.1614092544423,0.4940004348754883
pythia-410m,draw_3,high,11,26.825729370117188,1.3770712614059448,79.29010641848245,0.49334001541137695
pythia-410m,draw_3,high,12,26.178653717041016,1.462052583694458,80.80527035982855,0.4491760730743408
pythia-410m,draw_3,high,13,31.35304832458496,2.6482274532318115,56.793789553308,0.3366163372993469
pythia-410m,draw_3,high,14,26.984895706176758,1.5093543529510498,68.17052957611764,0.40256524085998535
pythia-410m,draw_3,high,15,25.727333068847656,1.234656810760498,70.55281878786357,0.4552538990974426
pythia-410m,draw_3,high,16,32.90221405029297,1.491565465927124,71.73950639513556,0.33528852462768555
pythia-410m,draw_3,high,17,35.41994094848633,2.4010608196258545,15.944314228003073,0.4112766981124878
pythia-410m,draw_3,high,18,43.313377380371094,3.855156183242798,8.909105111506424,0.41360050439834595
pythia-410m,draw_3,high,19,57.576751708984375,4.719494342803955,12.66550825697543,0.23928934335708618
pythia-410m,draw_3,high,20,62.14688491821289,6.416130542755127,5.330153149022835,0.27822595834732056
pythia-410m,draw_3,high,21,54.6342658996582,5.133914470672607,9.683036074575158,0.34306514263153076
pythia-410m,draw_3,high,22,54.196250915527344,3.328373670578003,23.865987597446523,0.3471073508262634
pythia-410m,draw_3,high,23,69.89167785644531,9.113929748535156,44.51204680506167,0.2222501039505005
pythia-410m,draw_3,very_high,0,13.55996322631836,0.6200069785118103,104.15643801677852,0.5897829830646515
pythia-410m,draw_3,very_high,1,16.70142936706543,1.0862735509872437,106.59087817997074,0.4809302091598511
pythia-410m,draw_3,very_high,2,19.750492095947266,1.21888267993927,101.76936605963702,0.3969044089317322
pythia-410m,draw_3,very_high,3,20.41044044494629,1.3030911684036255,99.53462174348262,0.41528284549713135
pythia-410m,draw_3,very_high,4,20.763164520263672,1.0720834732055664,96.10613115498921,0.4286898374557495
pythia-410m,draw_3,very_high,5,19.44765281677246,0.9143383502960205,97.23135155709328,0.5392426550388336
pythia-410m,draw_3,very_high,6,20.805816650390625,0.785713791847229,96.55118972121564,0.5127483010292053
pythia-410m,draw_3,very_high,7,21.603450775146484,0.8639487624168396,90.62504414501286,0.49300330877304077
pythia-410m,draw_3,very_high,8,23.088211059570312,0.9848226308822632,88.70887106793903,0.4497338533401489
pythia-410m,draw_3,very_high,9,23.323619842529297,1.1089428663253784,84.95824307401372,0.47193533182144165
pythia-410m,draw_3,very_high,10,23.675203323364258,1.2184628248214722,88.33970984029608,0.5144133567810059
pythia-410m,draw_3,very_high,11,26.67377471923828,1.3327096700668335,79.18317400674931,0.5039699673652649
pythia-410m,draw_3,very_high,12,25.82497215270996,1.3687657117843628,80.70112056761036,0.46167248487472534
pythia-410m,draw_3,very_high,13,30.7977294921875,2.597559690475464,53.92886589038471,0.3484776020050049
pythia-410m,draw_3,very_high,14,26.720993041992188,1.4457306861877441,66.54971868115622,0.4079231023788452
pythia-410m,draw_3,very_high,15,25.60055923461914,1.2625441551208496,69.67988616010058,0.45282888412475586
pythia-410m,draw_3,very_high,16,32.82209014892578,1.796431303024292,70.30008832483699,0.33218175172805786
pythia-410m,draw_3,very_high,17,35.5952262878418,2.489220380783081,15.861832542843079,0.38159888982772827
pythia-410m,draw_3,very_high,18,42.39469528198242,3.293458938598633,9.194068510792354,0.3887619376182556
pythia-410m,draw_3,very_high,19,56.67054748535156,4.958291053771973,12.250110759471713,0.23091769218444824
pythia-410m,draw_3,very_high,20,60.53499221801758,5.947147369384766,4.788976220345125,0.28773343563079834
pythia-410m,draw_3,very_high,21,54.89328384399414,6.269703388214111,7.149639873642433,0.3674611449241638
pythia-410m,draw_3,very_high,22,54.78517532348633,4.188199520111084,16.434665324016485,0.3406844139099121
pythia-410m,draw_3,very_high,23,72.38634490966797,8.875556945800781,42.578383281320136,0.19156908988952637
pythia-410m,draw_3,control,0,13.86961555480957,0.9939107298851013,113.9093771543166,0.6098639369010925
pythia-410m,draw_3,control,1,17.235830307006836,1.4123890399932861,117.72425354854839,0.4719332456588745
pythia-410m,draw_3,control,2,20.2645263671875,1.4850983619689941,111.77925926824324,0.3855876326560974
pythia-410m,draw_3,control,3,20.87795639038086,1.6207444667816162,108.09267421507658,0.4002501964569092
pythia-410m,draw_3,control,4,21.11579704284668,1.4370956420898438,100.85943164296594,0.4169629216194153
pythia-410m,draw_3,control,5,19.73171043395996,1.1962169408798218,99.21233457241615,0.5259621143341064
pythia-410m,draw_3,control,6,21.106483459472656,0.9962445497512817,98.6267538957915,0.4970516562461853
pythia-410m,draw_3,control,7,21.753042221069336,1.001562476158142,92.81681749452629,0.4753006100654602
pythia-410m,draw_3,control,8,23.264591217041016,1.0328656435012817,90.82508852458442,0.43159574270248413
pythia-410m,draw_3,control,9,23.43472671508789,1.2158156633377075,85.4923243724111,0.4565717577934265
pythia-410m,draw_3,control,10,23.703004837036133,1.3021334409713745,89.38839825312178,0.4993475675582886
pythia-410m,draw_3,control,11,26.705562591552734,1.4177043437957764,81.29660424292668,0.5002430379390717
pythia-410m,draw_3,control,12,25.887752532958984,1.4757803678512573,83.27096237076101,0.4578801989555359
pythia-410m,draw_3,control,13,31.06365966796875,2.676713228225708,59.16817456417099,0.34038907289505005
pythia-410m,draw_3,control,14,26.802274703979492,1.5899896621704102,68.06259619851227,0.40998321771621704
pythia-410m,draw_3,control,15,25.5716495513916,1.325391173362732,69.52479823291901,0.4657977819442749
pythia-410m,draw_3,control,16,32.780086517333984,1.7860958576202393,69.09301091206738,0.3434622287750244
pythia-410m,draw_3,control,17,35.60310363769531,2.273911237716675,12.539841905776148,0.41579586267471313
pythia-410m,draw_3,control,18,42.982120513916016,4.14763069152832,6.614238761801344,0.42130833864212036
pythia-410m,draw_3,control,19,57.12446975708008,4.580076217651367,8.345311162383938,0.25475287437438965
pythia-410m,draw_3,control,20,61.387840270996094,6.842294692993164,3.7956615053237863,0.3191395401954651
pythia-410m,draw_3,control,21,54.37334060668945,6.263497829437256,7.13576289186022,0.37767326831817627
pythia-410m,draw_3,control,22,54.574893951416016,3.7491636276245117,15.835939383384,0.3592854142189026
pythia-410m,draw_3,control,23,71.1669692993164,8.623727798461914,45.7852634030941,0.20405852794647217
pythia-1b,draw_1,low,0,31.190807342529297,1.7506449222564697,121.06754979965741,0.5204050540924072
pythia-1b,draw_1,low,1,41.3023681640625,2.276726484298706,122.04488383438195,0.31983882188796997
pythia-1b,draw_1,low,2,43.802406311035156,2.568834066390991,122.69323313435811,0.3162538409233093
pythia-1b,draw_1,low,3,44.37093734741211,2.6335110664367676,123.15556557544167,0.3673120141029358
pythia-1b,draw_1,low,4,50.05318069458008,3.090287685394287,120.21523697934747,0.32210642099380493
pythia-1b,draw_1,low,5,55.561180114746094,3.0364978313446045,111.63589752507384,0.3042299747467041
pythia-1b,draw_1,low,6,52.61008834838867,2.562190055847168,108.7731631874131,0.3540463447570801
pythia-1b,draw_1,low,7,63.22766876220703,2.4871714115142822,105.1386298253996,0.3166270852088928
pythia-1b,draw_1,low,8,60.39446258544922,2.796309471130371,105.0053605322629,0.32374632358551025
pythia-1b,draw_1,low,9,56.33441162109375,2.940636157989502,98.71112000871348,0.3902946710586548
pythia-1b,draw_1,low,10,61.862422943115234,3.7532565593719482,106.7380855523175,0.393152117729187
pythia-1b,draw_1,low,11,78.97673797607422,5.015773296356201,108.16196408606298,0.3786202073097229
pythia-1b,draw_1,low,12,93.26757049560547,4.973716735839844,106.18517171229986,0.29239416122436523
pythia-1b,draw_1,low,13,107.31623077392578,5.794045925140381,97.56671268175992,0.26289188861846924
pythia-1b,draw_1,low,14,134.47079467773438,6.998274803161621,89.33844262725756,0.35540032386779785
pythia-1b,draw_1,low,15,204.44142150878906,21.575439453125,57.53918345193752,0.25154048204421997
pythia-1b,draw_1,medium,0,29.414993286132812,1.4154595136642456,133.89685815122775,0.49803000688552856
pythia-1b,draw_1,medium,1,38.760433197021484,1.7212300300598145,132.31324011435677,0.32433390617370605
pythia-1b,draw_1,medium,2,41.33358383178711,1.928290843963623,134.60347691494,0.32515668869018555
pythia-1b,draw_1,medium,3,42.33794021606445,2.6532418727874756,131.42354788780227,0.38352692127227783
pythia-1b,draw_1,medium,4,48.37308883666992,4.426677703857422,117.03662166114574,0.3350166082382202
pythia-1b,draw_1,medium,5,54.40693283081055,10.833963394165039,35.83762510554541,0.3161119818687439
pythia-1b,draw_1,medium,6,52.30063247680664,12.47717571258545,26.321133600848714,0.36708933115005493
pythia-1b,draw_1,medium,7,63.03764724731445,12.19156265258789,38.0854213753466,0.3325895071029663
pythia-1b,draw_1,medium,8,60.7486686706543,12.700780868530273,32.70415190001095,0.3412507176399231
pythia-1b,draw_1,medium,9,57.601951599121094,12.831014633178711,31.392980649716836,0.40626299381256104
pythia-1b,draw_1,medium,10,64.14891815185547,12.771550178527832,42.371835730133235,0.4117394685745239
pythia-1b,draw_1,medium,11,81.24456787109375,11.770245552062988,66.20888827046454,0.39140498638153076
pythia-1b,draw_1,medium,12,95.89042663574219,11.09114933013916,70.02342783607345,0.29542022943496704
pythia-1b,draw_1,medium,13,109.38031005859375,10.4752197265625,75.09465933417631,0.2639315724372864
pythia-1b,draw_1,medium,14,135.37554931640625,9.787351608276367,88.16383061955575,0.3438733220100403
pythia-1b,draw_1,medium,15,206.7865447998047,24.141685485839844,52.03683297569285,0.23654884099960327
pythia-1b,draw_1,high,0,28.19438934326172,1.1147818565368652,131.38301293276226,0.43458259105682373
pythia-1b,draw_1,high,1,36.57459259033203,1.6412761211395264,128.56176968474418,0.3046531677246094
pythia-1b,draw_1,high,2,39.03007888793945,1.9566295146942139,127.82790241983378,0.3202856779098511
pythia-1b,draw_1,high,3,40.08895492553711,2.2001845836639404,126.83688762770059,0.3899068236351013
pythia-1b,draw_1,high,4,45.54471206665039,2.7417948246002197,123.63517330022552,0.3488903045654297
pythia-1b,draw_1,high,5,51.485443115234375,2.5277340412139893,117.3606999928742,0.3252032995223999
pythia-1b,draw_1,high,6,50.088645935058594,2.3354721069335938,113.03096554389101,0.37528055906295776
pythia-1b,draw_1,high,7,61.22920227050781,2.9430127143859863,104.20287813035343,0.34891432523727417
pythia-1b,draw_1,high,8,59.08749008178711,3.230794906616211,103.62013541784914,0.3585363030433655
pythia-1b,draw_1,high,9,56.67559051513672,3.175358295440674,95.86006681960592,0.42245280742645264
pythia-1b,draw_1,high,10,63.729942321777344,3.827155351638794,106.26062251539808,0.41940003633499146
pythia-1b,draw_1,high,11,80.16456604003906,5.6831817626953125,108.2953061687911,0.3908345699310303
pythia-1b,draw_1,high,12,95.54724884033203,5.879776954650879,102.77898206792534,0.2890580892562866
pythia-1b,draw_1,high,13,110.1966552734375,6.771346092224121,97.30370866179123,0.24631446599960327
pythia-1b,draw_1,high,14,135.29306030273438,8.292871475219727,93.93573460152984,0.29336267709732056
pythia-1b,draw_1,high,15,209.64659118652344,26.392147064208984,44.10418428339993,0.19867545366287231
pythia-1b,draw_1,very_high,0,27.377155303955078,0.8623647689819336,123.57146332997924,0.3948856592178345
pythia-1b,draw_1,very_high,1,34.987876892089844,1.563369870185852,120.74163829391193,0.294131875038147
pythia-1b,draw_1,very_high,2,37.49299621582031,1.945177435874939,120.54542517327612,0.31870174407958984
pythia-1b,draw_1,very_high,3,38.29503631591797,2.3416659832000732,120.82891262726032,0.3949030041694641
pythia-1b,draw_1,very_high,4,43.58561325073242,2.917255401611328,116.99673071150447,0.35733938217163086
pythia-1b,draw_1,very_high,5,50.05035400390625,2.5669384002685547,111.516168762857,0.3319563865661621
pythia-1b,draw_1,very_high,6,49.3924446105957,2.4282338619232178,105.8948602504882,0.3794684410095215
pythia-1b,draw_1,very_high,7,60.452735900878906,2.6905510425567627,103.51387312366634,0.3524572253227234
pythia-1b,draw_1,very_high,8,58.04697036743164,3.0681793689727783,102.87514910613024,0.3651696443557739
pythia-1b,draw_1,very_high,9,55.77626037597656,3.397510528564453,92.81434922832936,0.43560975790023804
pythia-1b,draw_1,very_high,10,62.431312561035156,4.010890960693359,103.5572147146934,0.42627036571502686
pythia-1b,draw_1,very_high,11,77.85272216796875,5.247425556182861,108.33992833566589,0.3832477927207947
pythia-1b,draw_1,very_high,12,93.8827896118164,5.717721939086914,106.95215963958375,0.2830497622489929
pythia-1b,draw_1,very_high,13,109.90350341796875,6.576383590698242,104.34508761382466,0.23503947257995605
pythia-1b,draw_1,very_high,14,134.2328338623047,8.062488555908203,100.88318645601201,0.2538851499557495
pythia-1b,draw_1,very_high,15,207.71197509765625,24.980384826660156,44.96680592132695,0.16913306713104248
pythia-1b,draw_1,control,0,27.635290145874023,1.1507322788238525,139.56171209150048,0.40943819284439087
pythia-1b,draw_1,control,1,35.52204895019531,1.7574255466461182,137.3102211650313,0.29683393239974976
pythia-1b,draw_1,control,2,38.05470657348633,2.02004337310791,135.70181444598006,0.31565147638320923
pythia-1b,draw_1,control,3,39.152828216552734,2.2380340099334717,134.7321798640801,0.3840445280075073
pythia-1b,draw_1,control,4,44.55086898803711,2.8061909675598145,129.71901258351127,0.34774988889694214
pythia-1b,draw_1,control,5,50.899044036865234,2.4674031734466553,120.70399416087577,0.320884108543396
pythia-1b,draw_1,control,6,49.36228561401367,2.3295342922210693,115.22646086799192,0.3721522092819214
pythia-1b,draw_1,control,7,61.00006866455078,2.809722900390625,107.39509726389805,0.34229397773742676
pythia-1b,draw_1,control,8,58.57504653930664,3.3489677906036377,105.01969498465958,0.35443633794784546
pythia-1b,draw_1,control,9,56.23270797729492,3.288361072540283,96.87124381922344,0.42374229431152344
pythia-1b,draw_1,control,10,62.97324752807617,3.8209950923919678,108.50287795170007,0.4208356738090515
pythia-1b,draw_1,control,11,78.39591979980469,5.588445663452148,110.97716310135372,0.38725972175598145
pythia-1b,draw_1,control,12,94.14708709716797,5.879360675811768,106.09574782146605,0.2891104221343994
pythia-1b,draw_1,control,13,109.7601547241211,6.8255391120910645,100.59989211737796,0.24350059032440186
pythia-1b,draw_1,control,14,134.42080688476562,8.198803901672363,99.2250782558599,0.2738261818885803
pythia-1b,draw_1,control,15,208.1839599609375,26.390687942504883,44.40114752657668,0.18511545658111572
pythia-1b,draw_2,low,0,31.160486221313477,1.7831224203109741,129.43236474251884,0.5164019167423248
pythia-1b,draw_2,low,1,41.17633819580078,2.0274248123168945,127.9980130353362,0.3214370012283325
pythia-1b,draw_2,low,2,43.67991256713867,2.301720142364502,129.66287206005,0.3168298006057739
pythia-1b,draw_2,low,3,43.940155029296875,2.5151944160461426,126.77288660591927,0.37100255489349365
pythia-1b,draw_2,low,4,49.632484436035156,3.097219467163086,122.17622929741383,0.3240799307823181
pythia-1b,draw_2,low,5,55.30106735229492,2.5637967586517334,111.62678799490509,0.30332517623901367
pythia-1b,draw_2,low,6,52.418819427490234,2.392078399658203,106.71134590674417,0.35364675521850586
pythia-1b,draw_2,low,7,62.875938415527344,3.079054594039917,102.2320732162716,0.31632500886917114
pythia-1b,draw_2,low,8,60.33390808105469,3.3232009410858154,99.05280839374643,0.32315850257873535
pythia-1b,draw_2,low,9,56.54377746582031,3.0208098888397217,92.52776374937335,0.3890070915222168
pythia-1b,draw_2,low,10,62.405487060546875,3.639772415161133,101.12144330314702,0.3921903371810913
pythia-1b,draw_2,low,11,79.8812484741211,4.732960224151611,104.16987096461365,0.38008272647857666
pythia-1b,draw_2,low,12,94.19586944580078,4.427100658416748,102.97086166116732,0.2905808687210083
pythia-1b,draw_2,low,13,107.76407623291016,5.467248916625977,92.99513548092604,0.2647642493247986
pythia-1b,draw_2,low,14,134.83172607421875,6.8316240310668945,84.64634262873501,0.3606012463569641
pythia-1b,draw_2,low,15,205.2135009765625,22.74250602722168,50.8795417787523,0.25823354721069336
pythia-1b,draw_2,medium,0,29.336454391479492,1.4546266794204712,120.41387539534202,0.5035790205001831
pythia-1b,draw_2,medium,1,38.746036529541016,1.9220874309539795,122.6953672851027,0.32422757148742676
pythia-1b,draw_2,medium,2,41.411624908447266,2.186075448989868,125.45547433493694,0.3242989778518677
pythia-1b,draw_2,medium,3,42.192508697509766,2.356290817260742,125.88302668315254,0.3857910633087158
pythia-1b,draw_2,medium,4,48.15953826904297,2.8415462970733643,123.69787472456026,0.33679187297821045
pythia-1b,draw_2,medium,5,54.032066345214844,2.6814138889312744,115.17600070519757,0.3128533363342285
pythia-1b,draw_2,medium,6,51.3012809753418,2.58847713470459,110.9102705563865,0.3659020662307739
pythia-1b,draw_2,medium,7,62.489349365234375,2.6919314861297607,105.02988062221836,0.3269226551055908
pythia-1b,draw_2,medium,8,60.055381774902344,3.0226967334747314,102.19032898233677,0.3343958258628845
pythia-1b,draw_2,medium,9,56.63734817504883,2.8644566535949707,96.22276058986172,0.3993107080459595
pythia-1b,draw_2,medium,10,63.286441802978516,3.5692076683044434,107.57770999049245,0.4008673429489136
pythia-1b,draw_2,medium,11,80.78133392333984,4.939479351043701,110.96287899522461,0.3809777498245239
pythia-1b,draw_2,medium,12,95.44013977050781,5.308488845825195,108.92234550116052,0.28269094228744507
pythia-1b,draw_2,medium,13,109.19817352294922,6.120511531829834,103.25648199016074,0.25106561183929443
pythia-1b,draw_2,medium,14,135.66944885253906,7.57092809677124,93.80126859867961,0.32984602451324463
pythia-1b,draw_2,medium,15,208.2422637939453,24.773283004760742,52.27614568041785,0.22737574577331543
pythia-1b,draw_2,high,0,27.998218536376953,1.0760042667388916,133.8352332153605,0.4283437728881836
pythia-1b,draw_2,high,1,36.66056823730469,1.6499292850494385,129.92235577724853,0.2935555577278137
pythia-1b,draw_2,high,2,39.23162841796875,1.951839804649353,129.7291721628531,0.30699729919433594
pythia-1b,draw_2,high,3,40.04458236694336,2.0297863483428955,129.1471763067403,0.3821974992752075
pythia-1b,draw_2,high,4,45.504966735839844,2.4608161449432373,125.71128926893937,0.34245163202285767
pythia-1b,draw_2,high,5,51.8916130065918,2.39799427986145,118.11495452080584,0.31865227222442627
pythia-1b,draw_2,high,6,50.03453826904297,2.0498716831207275,115.00824965400817,0.3724350333213806
pythia-1b,draw_2,high,7,61.492923736572266,2.5194342136383057,108.63547747154809,0.33994853496551514
pythia-1b,draw_2,high,8,58.96393966674805,2.919938802719116,107.06758746335653,0.3491150736808777
pythia-1b,draw_2,high,9,56.274696350097656,2.9751217365264893,99.18798679982211,0.4126037359237671
pythia-1b,draw_2,high,10,63.182228088378906,3.7569737434387207,110.58815568823951,0.41137903928756714
pythia-1b,draw_2,high,11,79.805908203125,5.152877330780029,114.09970826804583,0.38327765464782715
pythia-1b,draw_2,high,12,95.47815704345703,5.234753608703613,112.77914091247965,0.2806088924407959
pythia-1b,draw_2,high,13,109.96894073486328,5.914062976837158,106.88007462389528,0.2417011857032776
pythia-1b,draw_2,high,14,135.17007446289062,7.355127334594727,101.76409792589592,0.2911983132362366
pythia-1b,draw_2,high,15,207.88958740234375,23.607332229614258,56.15690611100727,0.20013046264648438
pythia-1b,draw_2,very_high,0,27.2305908203125,0.8169970512390137,134.60541751588403,0.39870119094848633
pythia-1b,draw_2,very_high,1,34.82188415527344,1.2964589595794678,133.88132788100623,0.29529011249542236
pythia-1b,draw_2,very_high,2,37.4276123046875,1.7189476490020752,132.78065100365322,0.3185436725616455
pythia-1b,draw_2,very_high,3,38.56669235229492,1.9995806217193604,132.13799375730295,0.3882337212562561
pythia-1b,draw_2,very_high,4,43.82109832763672,2.68206787109375,129.1202549618839,0.3510483503341675
pythia-1b,draw_2,very_high,5,50.23258972167969,2.539024591445923,120.17779904912409,0.3256915807723999
pythia-1b,draw_2,very_high,6,49.41520309448242,2.3494839668273926,114.157061659866,0.3740219473838806
pythia-1b,draw_2,very_high,7,60.4348258972168,2.81571626663208,105.84750120586949,0.3456515073776245
pythia-1b,draw_2,very_high,8,58.11592102050781,2.9090116024017334,104.88814239813827,0.3595317006111145
pythia-1b,draw_2,very_high,9,56.194610595703125,3.153418779373169,91.7772823171137,0.425235390663147
pythia-1b,draw_2,very_high,10,63.169219970703125,3.8147685527801514,104.09601059238216,0.4199151396751404
pythia-1b,draw_2,very_high,11,78.46421813964844,5.533027172088623,106.08187552750334,0.3786858916282654
pythia-1b,draw_2,very_high,12,94.28642272949219,5.7069573402404785,104.77279003409248,0.28044575452804565
pythia-1b,draw_2,very_high,13,110.0799331665039,6.8018717765808105,99.4958732299587,0.23352891206741333
pythia-1b,draw_2,very_high,14,134.0999298095703,8.209966659545898,96.8200900422709,0.2511085271835327
pythia-1b,draw_2,very_high,15,205.3758544921875,26.966087341308594,38.62008425994664,0.16895240545272827
pythia-1b,draw_2,control,0,27.70218276977539,1.2767964601516724,139.18840294946284,0.41606414318084717
pythia-1b,draw_2,control,1,35.43922424316406,1.8409044742584229,136.03564681393874,0.30158311128616333
pythia-1b,draw_2,control,2,37.95875930786133,2.432725667953491,131.95395366293596,0.3217009902000427
pythia-1b,draw_2,control,3,38.86883544921875,2.586667060852051,129.8435677264075,0.39243561029434204
pythia-1b,draw_2,control,4,44.18055725097656,3.3541219234466553,121.53408671734715,0.3533962368965149
pythia-1b,draw_2,control,5,50.613887786865234,2.8772366046905518,114.89703923086688,0.3274604082107544
pythia-1b,draw_2,control,6,49.30194854736328,2.5780270099639893,109.55384434124433,0.3781239986419678
pythia-1b,draw_2,control,7,60.44038009643555,3.0359134674072266,99.50596447072073,0.34967154264450073
pythia-1b,draw_2,control,8,58.03902053833008,3.341752290725708,97.80932251446045,0.36172598600387573
pythia-1b,draw_2,control,9,55.616905212402344,3.270299196243286,90.62259334124653,0.4309993386268616
pythia-1b,draw_2,control,10,62.77397537231445,3.5528786182403564,102.91084869266989,0.42329585552215576
pythia-1b,draw_2,control,11,78.4825210571289,4.689921855926514,108.92075289814602,0.3894479274749756
pythia-1b,draw_2,control,12,94.33190155029297,5.193334579467773,104.48827713486838,0.2929796576499939
pythia-1b,draw_2,control,13,109.79467010498047,6.488053798675537,98.93714546620812,0.24774736166000366
pythia-1b,draw_2,control,14,134.4950714111328,8.194260597229004,96.05691891075644,0.278195858001709
pythia-1b,draw_2,control,15,206.41537475585938,26.21443748474121,42.590088588462336,0.19082117080688477
pythia-1b,draw_3,low,0,31.001192092895508,1.7761788368225098,123.35143035073065,0.5226842761039734
pythia-1b,draw_3,low,1,41.04174041748047,2.177586555480957,122.32326724978577,0.3247603178024292
pythia-1b,draw_3,low,2,43.56863021850586,2.460376501083374,123.28398560558509,0.3219769597053528
pythia-1b,draw_3,low,3,43.98833465576172,2.515552282333374,124.7407161529278,0.37734532356262207
pythia-1b,draw_3,low,4,49.70875930786133,2.9603967666625977,121.31114674722969,0.32887017726898193
pythia-1b,draw_3,low,5,55.28928756713867,2.716693162918091,109.64121319551684,0.31057971715927124
pythia-1b,draw_3,low,6,52.39223861694336,2.582058906555176,108.01925063543487,0.3607645630836487
pythia-1b,draw_3,low,7,62.86307144165039,2.8217968940734863,105.17220472955418,0.3213014006614685
pythia-1b,draw_3,low,8,60.18179702758789,3.10791277885437,101.82447041589396,0.33000272512435913
pythia-1b,draw_3,low,9,56.57759475708008,2.963947057723999,95.21212702966987,0.3908998966217041
pythia-1b,draw_3,low,10,62.23000717163086,3.8031487464904785,104.66055399339325,0.3912033438682556
pythia-1b,draw_3,low,11,79.98698425292969,4.893404006958008,107.06340836615323,0.3729351758956909
pythia-1b,draw_3,low,12,94.62955474853516,4.975944995880127,104.69869296303376,0.2868141531944275
pythia-1b,draw_3,low,13,108.85169982910156,5.948381423950195,95.61935312921385,0.2595031261444092
pythia-1b,draw_3,low,14,136.026611328125,7.22342586517334,88.26404309883482,0.3494102954864502
pythia-1b,draw_3,low,15,208.7188262939453,23.4283447265625,51.216117057817726,0.24539333581924438
pythia-1b,draw_3,medium,0,29.32724380493164,1.3930422067642212,122.85844321285782,0.4998013377189636
pythia-1b,draw_3,medium,1,38.569862365722656,1.865451455116272,122.81940817824528,0.3246867060661316
pythia-1b,draw_3,medium,2,41.149375915527344,2.1376943588256836,126.42998558815685,0.3256053924560547
pythia-1b,draw_3,medium,3,42.019039154052734,2.419724464416504,125.71617664359904,0.3850966691970825
pythia-1b,draw_3,medium,4,47.73994827270508,2.8884406089782715,122.17042146631914,0.33963024616241455
pythia-1b,draw_3,medium,5,53.95771408081055,2.5774776935577393,113.20550000530555,0.3158615231513977
pythia-1b,draw_3,medium,6,51.508056640625,2.470332384109497,110.57273424105999,0.3669329285621643
pythia-1b,draw_3,medium,7,62.71366500854492,2.829827308654785,101.44025370998598,0.3298225998878479
pythia-1b,draw_3,medium,8,60.07040786743164,3.0877068042755127,100.21517043551832,0.33801233768463135
pythia-1b,draw_3,medium,9,56.82421112060547,3.143760919570923,92.38359208569605,0.4006003141403198
pythia-1b,draw_3,medium,10,63.36851501464844,3.3732705116271973,102.70080567134525,0.40238821506500244
pythia-1b,draw_3,medium,11,80.55619812011719,5.235966682434082,102.4174839063712,0.3837957978248596
pythia-1b,draw_3,medium,12,94.95316314697266,5.752596378326416,98.6874768100657,0.28832584619522095
pythia-1b,draw_3,medium,13,108.6828842163086,6.441398620605469,92.02501913706831,0.2586137056350708
pythia-1b,draw_3,medium,14,135.13600158691406,7.868764877319336,88.8231096255001,0.3383510112762451
pythia-1b,draw_3,medium,15,209.53192138671875,25.81537437438965,46.26492831728173,0.23255902528762817
pythia-1b,draw_3,high,0,28.174341201782227,1.1428792476654053,124.75521810677608,0.43556666374206543
pythia-1b,draw_3,high,1,36.712379455566406,1.669596552848816,120.44841241340339,0.3017420172691345
pythia-1b,draw_3,high,2,39.06208419799805,1.8749059438705444,121.97126416390054,0.3178889751434326
pythia-1b,draw_3,high,3,39.82891082763672,2.237333297729492,123.35939129554242,0.3917839527130127
pythia-1b,draw_3,high,4,45.22370910644531,2.669590473175049,122.72549552571927,0.34920668601989746
pythia-1b,draw_3,high,5,51.57608413696289,2.284156084060669,115.96207011746596,0.32382434606552124
pythia-1b,draw_3,high,6,50.00126266479492,2.181563377380371,110.11577336275103,0.37515193223953247
pythia-1b,draw_3,high,7,61.10335159301758,2.9905638694763184,105.04212000788726,0.34328585863113403
pythia-1b,draw_3,high,8,58.480140686035156,3.2303903102874756,103.8456299188079,0.35508662462234497
pythia-1b,draw_3,high,9,55.909027099609375,3.1552376747131348,94.89081160024908,0.4216805100440979
pythia-1b,draw_3,high,10,62.82844543457031,3.8904356956481934,106.070986957531,0.421519935131073
pythia-1b,draw_3,high,11,79.38987731933594,5.268592357635498,108.12787335047757,0.3914286494255066
pythia-1b,draw_3,high,12,94.92150115966797,5.653570175170898,106.22292561338361,0.2882959842681885
pythia-1b,draw_3,high,13,109.41215515136719,6.485128402709961,100.06148696517346,0.24859875440597534
pythia-1b,draw_3,high,14,134.62411499023438,8.06849479675293,94.89408918436197,0.3006247282028198
pythia-1b,draw_3,high,15,206.2933807373047,25.020000457763672,50.6653644312078,0.20822370052337646
pythia-1b,draw_3,very_high,0,27.297901153564453,0.9210107326507568,127.06110875582631,0.39351212978363037
pythia-1b,draw_3,very_high,1,35.0290412902832,1.5618913173675537,124.95665129517474,0.2890413999557495
pythia-1b,draw_3,very_high,2,37.5862922668457,2.0098369121551514,124.12365956532555,0.3137659430503845
pythia-1b,draw_3,very_high,3,38.45622253417969,2.0506904125213623,126.6108794462834,0.38662266731262207
pythia-1b,draw_3,very_high,4,43.690486907958984,2.7077038288116455,123.75394594204431,0.35278671979904175
pythia-1b,draw_3,very_high,5,50.213191986083984,2.592137098312378,115.66440574864563,0.327168345451355
pythia-1b,draw_3,very_high,6,49.148765563964844,2.33591890335083,111.90029206015672,0.3779146075248718
pythia-1b,draw_3,very_high,7,60.22874450683594,2.7320899963378906,102.88290596841446,0.3536463975906372
pythia-1b,draw_3,very_high,8,58.05225372314453,2.96761155128479,102.07671468652417,0.3640369176864624
pythia-1b,draw_3,very_high,9,56.31703186035156,2.994053602218628,92.22723117716433,0.4310489296913147
pythia-1b,draw_3,very_high,10,62.700889587402344,3.944784641265869,104.19750252500512,0.4302040934562683
pythia-1b,draw_3,very_high,11,77.28913879394531,5.511396408081055,106.35184775009337,0.38817548751831055
pythia-1b,draw_3,very_high,12,93.09751892089844,6.046989917755127,104.69381784012337,0.2897322177886963
pythia-1b,draw_3,very_high,13,109.22920227050781,6.819377899169922,100.03431222699281,0.2413150668144226
pythia-1b,draw_3,very_high,14,133.3820343017578,8.300844192504883,99.29447755165619,0.25496459007263184
pythia-1b,draw_3,very_high,15,206.2282257080078,26.033838272094727,41.97137640586806,0.1709727644920349
pythia-1b,draw_3,control,0,27.630172729492188,1.296606421470642,138.3329710389031,0.41213905811309814
pythia-1b,draw_3,control,1,35.49396896362305,1.9459444284439087,135.680270526228,0.2945755124092102
pythia-1b,draw_3,control,2,38.009254455566406,2.2174642086029053,134.86340737520968,0.3150143027305603
pythia-1b,draw_3,control,3,38.890174865722656,2.4667179584503174,132.48974345300905,0.3866626024246216
pythia-1b,draw_3,control,4,44.29976272583008,3.1037192344665527,125.65554336436982,0.3508707880973816
pythia-1b,draw_3,control,5,50.85371398925781,2.5822196006774902,117.94344450325269,0.3231174349784851
pythia-1b,draw_3,control,6,49.55685806274414,2.3182153701782227,113.57690713251533,0.37569063901901245
pythia-1b,draw_3,control,7,61.257911682128906,2.8095297813415527,107.23345993716146,0.34384626150131226
pythia-1b,draw_3,control,8,58.77363586425781,3.1813888549804688,106.20589449520403,0.35458749532699585
pythia-1b,draw_3,control,9,56.06818389892578,3.064054489135742,96.05373395652913,0.4291103482246399
pythia-1b,draw_3,control,10,63.039310455322266,3.7978687286376953,107.70499956240684,0.424435019493103
pythia-1b,draw_3,control,11,78.59219360351562,5.702689170837402,111.48362214915086,0.3918733596801758
pythia-1b,draw_3,control,12,94.0692367553711,5.924704074859619,109.02279387248555,0.2909926176071167
pythia-1b,draw_3,control,13,109.66519165039062,6.6985931396484375,103.50772513723511,0.24551916122436523
pythia-1b,draw_3,control,14,134.2247772216797,7.801022529602051,99.51203742799149,0.2755206823348999
pythia-1b,draw_3,control,15,206.72604370117188,25.15139389038086,46.22852974830746,0.18541979789733887
pythia-1.4b,draw_1,low,0,31.11216163635254,2.1658873558044434,116.36447291614105,0.5304209887981415
pythia-1.4b,draw_1,low,1,40.49029541015625,2.675887107849121,122.55686231484475,0.3673599362373352
pythia-1.4b,draw_1,low,2,44.99790954589844,3.0439231395721436,121.27432626011148,0.3180689811706543
pythia-1.4b,draw_1,low,3,44.75585174560547,2.8170888423919678,121.88738923095913,0.3477189540863037
pythia-1.4b,draw_1,low,4,47.960357666015625,2.954101800918579,117.16978727321552,0.34245145320892334
pythia-1.4b,draw_1,low,5,50.928367614746094,2.4180612564086914,114.50729425700368,0.3147737979888916
pythia-1.4b,draw_1,low,6,48.654972076416016,2.1678531169891357,111.11833477711134,0.3605075478553772
pythia-1.4b,draw_1,low,7,57.589778900146484,2.120783567428589,105.90020846203272,0.28973299264907837
pythia-1.4b,draw_1,low,8,56.214969635009766,2.1529109477996826,105.24138017515341,0.3069787621498108
pythia-1.4b,draw_1,low,9,53.11994934082031,2.5214622020721436,100.31601058219974,0.35756033658981323
pythia-1.4b,draw_1,low,10,63.37727737426758,2.7961606979370117,96.36536046837276,0.40103763341903687
pythia-1.4b,draw_1,low,11,69.37421417236328,2.916654348373413,105.30669381924407,0.31444185972213745
pythia-1.4b,draw_1,low,12,71.66275024414062,3.0116636753082275,102.10557039068645,0.2983631491661072
pythia-1.4b,draw_1,low,13,78.56197357177734,3.042362928390503,98.85095060170012,0.2977946996688843
pythia-1.4b,draw_1,low,14,86.19942474365234,3.137863874435425,91.47276916925568,0.2872939705848694
pythia-1.4b,draw_1,low,15,99.50971221923828,4.00798225402832,84.68300714432867,0.27604979276657104
pythia-1.4b,draw_1,low,16,122.09303283691406,4.30075216293335,81.59934678679112,0.22246289253234863
pythia-1.4b,draw_1,low,17,133.55886840820312,4.987228870391846,73.20525379827377,0.20138388872146606
pythia-1.4b,draw_1,low,18,149.50889587402344,6.065207481384277,65.16796995040033,0.18091988563537598
pythia-1.4b,draw_1,low,19,172.15513610839844,7.589975833892822,57.96557389184782,0.14772504568099976
pythia-1.4b,draw_1,low,20,179.11508178710938,8.32886791229248,58.025230739248926,0.14092695713043213
pythia-1.4b,draw_1,low,21,183.40208435058594,8.831619262695312,57.43674766571813,0.1439751386642456
pythia-1.4b,draw_1,low,22,185.14501953125,8.647488594055176,63.392114809473085,0.17045170068740845
pythia-1.4b,draw_1,low,23,191.01145935058594,17.962858200073242,54.64246382763821,0.232127845287323
pythia-1.4b,draw_1,medium,0,28.752981185913086,1.8765727281570435,126.76722243222808,0.509026825428009
pythia-1.4b,draw_1,medium,1,37.76427459716797,2.4931530952453613,132.00271968180954,0.3675691485404968
pythia-1.4b,draw_1,medium,2,42.64443588256836,2.548171043395996,130.4296768532933,0.31772780418395996
pythia-1.4b,draw_1,medium,3,42.71853256225586,2.4225058555603027,129.40466933282977,0.351620614528656
pythia-1.4b,draw_1,medium,4,46.33403778076172,2.6672425270080566,123.25351980033415,0.3478577136993408
pythia-1.4b,draw_1,medium,5,49.66559600830078,2.4855804443359375,118.37222582276812,0.3193321228027344
pythia-1.4b,draw_1,medium,6,48.053653717041016,2.373133897781372,113.6953433303904,0.3637464642524719
pythia-1.4b,draw_1,medium,7,56.9286994934082,2.3470919132232666,105.89831985971254,0.2943115830421448
pythia-1.4b,draw_1,medium,8,55.97885513305664,2.472431182861328,106.42455342563537,0.3120572566986084
pythia-1.4b,draw_1,medium,9,53.46651840209961,2.864885091781616,101.39209277589266,0.35675615072250366
pythia-1.4b,draw_1,medium,10,63.210506439208984,3.200464963912964,94.92281889213828,0.40545570850372314
pythia-1.4b,draw_1,medium,11,69.42416381835938,3.2415823936462402,103.32645056283383,0.3185805678367615
pythia-1.4b,draw_1,medium,12,72.41218566894531,3.621352434158325,93.94876433087497,0.3083478808403015
pythia-1.4b,draw_1,medium,13,79.12255859375,3.641803503036499,89.40757686641328,0.3026964068412781
pythia-1.4b,draw_1,medium,14,87.03993225097656,3.5181212425231934,81.17392155427758,0.29000020027160645
pythia-1.4b,draw_1,medium,15,99.52838897705078,4.148534774780273,76.82890861270347,0.2802000045776367
pythia-1.4b,draw_1,medium,16,122.91300201416016,4.369111061096191,72.64215258803351,0.22388285398483276
pythia-1.4b,draw_1,medium,17,134.93275451660156,5.061119079589844,60.31196487134445,0.20161616802215576
pythia-1.4b,draw_1,medium,18,151.77215576171875,6.283793926239014,51.25988718768151,0.18082642555236816
pythia-1.4b,draw_1,medium,19,175.75894165039062,7.8284010887146,44.61392579670759,0.1476682424545288
pythia-1.4b,draw_1,medium,20,183.17396545410156,8.71099853515625,44.49596303328516,0.13976484537124634
pythia-1.4b,draw_1,medium,21,187.71707153320312,9.12537670135498,43.78494010125772,0.14205461740493774
pythia-1.4b,draw_1,medium,22,189.51426696777344,9.201146125793457,49.374418429709834,0.16341888904571533
pythia-1.4b,draw_1,medium,23,201.88702392578125,20.552339553833008,50.939850109082,0.1997036337852478
pythia-1.4b,draw_1,high,0,27.21554183959961,1.4670584201812744,122.81445976254676,0.45210301876068115
pythia-1.4b,draw_1,high,1,35.37559509277344,2.173192024230957,128.2552785121248,0.3507462739944458
pythia-1.4b,draw_1,high,2,39.83605194091797,2.472719669342041,123.18250602504516,0.3160107135772705
pythia-1.4b,draw_1,high,3,40.31296920776367,2.271416664123535,123.56530320651245,0.35434579849243164
pythia-1.4b,draw_1,high,4,44.05790710449219,2.2930047512054443,120.04857378118467,0.3536962866783142
pythia-1.4b,draw_1,high,5,47.66942596435547,2.138493776321411,115.0138675045404,0.32578450441360474
pythia-1.4b,draw_1,high,6,46.43771743774414,2.298849105834961,110.34076181725666,0.3706930875778198
pythia-1.4b,draw_1,high,7,55.4656867980957,2.230032444000244,104.48963046254859,0.3040202856063843
pythia-1.4b,draw_1,high,8,55.141563415527344,2.1947391033172607,106.26245341072806,0.3215421438217163
pythia-1.4b,draw_1,high,9,53.11582946777344,2.4735193252563477,101.86233090040231,0.361250102519989
pythia-1.4b,draw_1,high,10,62.7043571472168,2.9871954917907715,90.81399625656273,0.4225308299064636
pythia-1.4b,draw_1,high,11,69.00308227539062,3.047438144683838,101.97328245340326,0.3303239941596985
pythia-1.4b,draw_1,high,12,72.84550476074219,3.5535712242126465,90.79270509475077,0.31809723377227783
pythia-1.4b,draw_1,high,13,79.92866516113281,3.796722173690796,84.2579690369263,0.3033342957496643
pythia-1.4b,draw_1,high,14,88.53374481201172,3.7867026329040527,76.56940229995412,0.28300201892852783
pythia-1.4b,draw_1,high,15,100.28592681884766,4.117403984069824,73.52634374971913,0.2720668911933899
pythia-1.4b,draw_1,high,16,124.46490478515625,4.650421142578125,69.47347821261185,0.21636009216308594
pythia-1.4b,draw_1,high,17,136.51292419433594,5.321639060974121,56.97340907149711,0.19422823190689087
pythia-1.4b,draw_1,high,18,154.92535400390625,7.062002182006836,47.8608919639934,0.17260020971298218
pythia-1.4b,draw_1,high,19,179.80743408203125,8.502718925476074,41.027221920113654,0.14034569263458252
pythia-1.4b,draw_1,high,20,187.60667419433594,9.411656379699707,41.214453261945096,0.13317835330963135
pythia-1.4b,draw_1,high,21,192.18231201171875,9.833579063415527,40.78277148154473,0.13453274965286255
pythia-1.4b,draw_1,high,22,194.00038146972656,10.350729942321777,44.9150782676295,0.14883953332901
pythia-1.4b,draw_1,high,23,211.62554931640625,24.190147399902344,44.252008184488325,0.16580665111541748
pythia-1.4b,draw_1,very_high,0,26.18541717529297,1.1825404167175293,115.56359750405804,0.41973209381103516
pythia-1.4b,draw_1,very_high,1,33.61871337890625,1.933963656425476,121.30474447140719,0.34741348028182983
pythia-1.4b,draw_1,very_high,2,37.72132110595703,2.2176151275634766,117.15146315720037,0.32839739322662354
pythia-1.4b,draw_1,very_high,3,38.79505157470703,2.428950548171997,116.20881353515237,0.3657628297805786
pythia-1.4b,draw_1,very_high,4,42.93412399291992,5.111380100250244,80.5939478281398,0.36811017990112305
pythia-1.4b,draw_1,very_high,5,46.82432556152344,5.366672515869141,77.95913944750217,0.34220874309539795
pythia-1.4b,draw_1,very_high,6,46.488521575927734,7.120632171630859,58.5245640819636,0.3832261562347412
pythia-1.4b,draw_1,very_high,7,55.55335998535156,6.845027923583984,67.17416791922987,0.3160223364830017
pythia-1.4b,draw_1,very_high,8,55.36285400390625,7.233119010925293,67.61574134967155,0.33419322967529297
pythia-1.4b,draw_1,very_high,9,53.20355224609375,7.6520676612854,63.24525199982283,0.37627124786376953
pythia-1.4b,draw_1,very_high,10,62.675140380859375,7.188694000244141,80.06758191664497,0.4348868727684021
pythia-1.4b,draw_1,very_high,11,69.19657897949219,7.169966220855713,86.96267876070205,0.3394811153411865
pythia-1.4b,draw_1,very_high,12,73.63452911376953,7.513569355010986,64.27876911259766,0.33241063356399536
pythia-1.4b,draw_1,very_high,13,80.73777770996094,7.542565822601318,56.388706815153625,0.3131190538406372
pythia-1.4b,draw_1,very_high,14,89.46554565429688,7.42146110534668,51.87652880478723,0.288063645362854
pythia-1.4b,draw_1,very_high,15,99.43888092041016,7.342304706573486,58.277791806471065,0.27545517683029175
pythia-1.4b,draw_1,very_high,16,124.34954071044922,7.1184821128845215,57.84098003683214,0.21336179971694946
pythia-1.4b,draw_1,very_high,17,136.45480346679688,7.440893650054932,47.51022300706228,0.19175750017166138
pythia-1.4b,draw_1,very_high,18,155.6812286376953,8.429788589477539,39.162460370608635,0.1674618124961853
pythia-1.4b,draw_1,very_high,19,181.02366638183594,9.211359977722168,32.56575792338099,0.1366281509399414
pythia-1.4b,draw_1,very_high,20,189.4860382080078,9.756990432739258,33.5857747912175,0.12980449199676514
pythia-1.4b,draw_1,very_high,21,193.90054321289062,9.885672569274902,34.014181159857195,0.13043469190597534
pythia-1.4b,draw_1,very_high,22,195.9074249267578,9.999266624450684,38.3372951809476,0.14007043838500977
pythia-1.4b,draw_1,very_high,23,214.93499755859375,24.16289710998535,41.07921374104076,0.15116500854492188
pythia-1.4b,draw_1,control,0,26.68747901916504,1.6215237379074097,129.23126792144825,0.42787039279937744
pythia-1.4b,draw_1,control,1,34.24454879760742,2.288071870803833,134.19413316661965,0.34796154499053955
pythia-1.4b,draw_1,control,2,38.62189483642578,2.624392509460449,127.7992298317825,0.32021212577819824
pythia-1.4b,draw_1,control,3,39.516456604003906,3.8264214992523193,112.41916494653334,0.357124924659729
pythia-1.4b,draw_1,control,4,43.784576416015625,11.47641658782959,19.934751680917824,0.3582443594932556
pythia-1.4b,draw_1,control,5,47.7248420715332,12.59874153137207,17.826333372823065,0.3321794271469116
pythia-1.4b,draw_1,control,6,47.05225372314453,15.389508247375488,12.410645474885555,0.37197184562683105
pythia-1.4b,draw_1,control,7,56.3636474609375,15.39732837677002,15.231746189201205,0.30662214756011963
pythia-1.4b,draw_1,control,8,56.09787368774414,16.236291885375977,14.395898316189985,0.3229084610939026
pythia-1.4b,draw_1,control,9,53.9588508605957,16.790790557861328,13.874859527488143,0.36411070823669434
pythia-1.4b,draw_1,control,10,63.700775146484375,16.353609085083008,26.473588398291046,0.42787235975265503
pythia-1.4b,draw_1,control,11,70.0217514038086,16.23353385925293,26.94292223596232,0.3335539698600769
pythia-1.4b,draw_1,control,12,74.13458251953125,16.382854461669922,27.178723942005572,0.3214922547340393
pythia-1.4b,draw_1,control,13,81.05329895019531,16.35775375366211,30.7328134527336,0.3039262890815735
pythia-1.4b,draw_1,control,14,89.78544616699219,16.13458824157715,33.75156884917627,0.2831839323043823
pythia-1.4b,draw_1,control,15,100.66732788085938,15.818994522094727,41.49677817999098,0.27243614196777344
pythia-1.4b,draw_1,control,16,125.27958679199219,15.055420875549316,49.559479427473754,0.21358543634414673
pythia-1.4b,draw_1,control,17,137.05923461914062,14.827855110168457,46.701631081095584,0.192072331905365
pythia-1.4b,draw_1,control,18,155.98350524902344,14.849047660827637,42.479532294441945,0.16824418306350708
pythia-1.4b,draw_1,control,19,180.9938201904297,14.816268920898438,39.18181868296461,0.13728290796279907
pythia-1.4b,draw_1,control,20,189.31488037109375,14.680608749389648,40.34834661378699,0.13037502765655518
pythia-1.4b,draw_1,control,21,193.7831268310547,14.538761138916016,41.04116534962017,0.1317313313484192
pythia-1.4b,draw_1,control,22,195.69061279296875,13.193023681640625,46.99926709243651,0.14351105690002441
pythia-1.4b,draw_1,control,23,213.45687866210938,25.099878311157227,41.87029959509969,0.16035139560699463
pythia-1.4b,draw_2,low,0,30.775768280029297,2.165863513946533,121.69115749529661,0.5302152931690216
pythia-1.4b,draw_2,low,1,40.18706512451172,2.6212592124938965,128.185289309007,0.3666342496871948
pythia-1.4b,draw_2,low,2,44.756813049316406,2.7366509437561035,127.6945208077422,0.3166349530220032
pythia-1.4b,draw_2,low,3,44.61151123046875,2.619725227355957,127.30148288838961,0.3453291654586792
pythia-1.4b,draw_2,low,4,47.840675354003906,3.0057215690612793,119.52850992748432,0.34051579236984253
pythia-1.4b,draw_2,low,5,50.81684494018555,2.6635539531707764,114.35806005181381,0.3119867444038391
pythia-1.4b,draw_2,low,6,48.708091735839844,2.6149685382843018,109.70023753684205,0.3583645224571228
pythia-1.4b,draw_2,low,7,57.66961669921875,2.317765951156616,104.79530022307468,0.288760244846344
pythia-1.4b,draw_2,low,8,56.28788375854492,2.3157551288604736,104.4860733911768,0.308235228061676
pythia-1.4b,draw_2,low,9,53.51707077026367,2.8465487957000732,98.13116901511687,0.3593716025352478
pythia-1.4b,draw_2,low,10,63.704036712646484,3.047286033630371,93.65892032021993,0.4052075147628784
pythia-1.4b,draw_2,low,11,69.52379608154297,3.0532848834991455,102.5635362624261,0.3202052712440491
pythia-1.4b,draw_2,low,12,71.84712219238281,3.3644864559173584,97.46577488350825,0.3065635561943054
pythia-1.4b,draw_2,low,13,78.75004577636719,3.3904149532318115,94.95828712230886,0.30623143911361694
pythia-1.4b,draw_2,low,14,86.42202758789062,3.4355502128601074,87.31412416223061,0.29395830631256104
pythia-1.4b,draw_2,low,15,99.73766326904297,4.082533836364746,82.64410205301047,0.28336286544799805
pythia-1.4b,draw_2,low,16,122.19847106933594,4.258015155792236,80.18750289568109,0.22729718685150146
pythia-1.4b,draw_2,low,17,133.9025115966797,4.7566046714782715,70.76711150618227,0.20497381687164307
pythia-1.4b,draw_2,low,18,149.57984924316406,5.817698955535889,62.80279344576595,0.18457549810409546
pythia-1.4b,draw_2,low,19,172.12306213378906,7.426871299743652,55.92958413769251,0.15057384967803955
pythia-1.4b,draw_2,low,20,178.92037963867188,8.157672882080078,55.8810332116208,0.1436629295349121
pythia-1.4b,draw_2,low,21,183.272216796875,8.506149291992188,55.49013064784033,0.14631134271621704
pythia-1.4b,draw_2,low,22,185.19065856933594,8.092437744140625,60.99669927871949,0.17321383953094482
pythia-1.4b,draw_2,low,23,191.38417053222656,17.48416519165039,54.163601137193545,0.2340870499610901
pythia-1.4b,draw_2,medium,0,28.672725677490234,1.9374244213104248,117.18110325812859,0.5159980356693268
pythia-1.4b,draw_2,medium,1,37.634361267089844,2.715146541595459,123.25775181707331,0.37241899967193604
pythia-1.4b,draw_2,medium,2,42.59425735473633,2.7899973392486572,123.55332704988517,0.31971675157546997
pythia-1.4b,draw_2,medium,3,42.63641357421875,2.5605859756469727,124.04502941537226,0.3535005450248718
pythia-1.4b,draw_2,medium,4,46.15032958984375,2.5792787075042725,121.01388298860662,0.3467979431152344
pythia-1.4b,draw_2,medium,5,49.28679656982422,2.4171066284179688,116.43878016639164,0.3188561797142029
pythia-1.4b,draw_2,medium,6,47.612525939941406,2.4442222118377686,111.21192788343771,0.36398011445999146
pythia-1.4b,draw_2,medium,7,56.622135162353516,2.248563766479492,106.23973474820977,0.2916734218597412
pythia-1.4b,draw_2,medium,8,55.879154205322266,2.20796799659729,105.42886430239385,0.30905139446258545
pythia-1.4b,draw_2,medium,9,53.295597076416016,2.712965250015259,99.0224605094992,0.35241127014160156
pythia-1.4b,draw_2,medium,10,63.21488571166992,2.6470022201538086,94.18227220228836,0.4064977169036865
pythia-1.4b,draw_2,medium,11,69.20899200439453,3.00602650642395,103.4117016396777,0.3201402425765991
pythia-1.4b,draw_2,medium,12,72.2377700805664,3.420341730117798,96.97734493644622,0.3081509470939636
pythia-1.4b,draw_2,medium,13,79.13896942138672,3.4814772605895996,94.31206357394863,0.3034209609031677
pythia-1.4b,draw_2,medium,14,87.10648345947266,3.2456138134002686,88.298252774601,0.2873491048812866
pythia-1.4b,draw_2,medium,15,99.87456512451172,3.969611167907715,83.6155309346893,0.276519775390625
pythia-1.4b,draw_2,medium,16,123.18631744384766,4.158718585968018,80.8329585765192,0.2208104133605957
pythia-1.4b,draw_2,medium,17,135.1334228515625,4.850064277648926,69.74392396386477,0.19765889644622803
pythia-1.4b,draw_2,medium,18,152.13430786132812,6.0333123207092285,59.510493073292196,0.17636573314666748
pythia-1.4b,draw_2,medium,19,176.1536102294922,7.36815881729126,52.00408123239648,0.14324069023132324
pythia-1.4b,draw_2,medium,20,183.5666961669922,8.092589378356934,51.94956750240949,0.13527536392211914
pythia-1.4b,draw_2,medium,21,188.17837524414062,8.392716407775879,51.47018899246928,0.13669687509536743
pythia-1.4b,draw_2,medium,22,189.86083984375,8.595139503479004,57.073269114790456,0.15775799751281738
pythia-1.4b,draw_2,medium,23,202.45367431640625,21.45901870727539,50.96575563438767,0.196719229221344
pythia-1.4b,draw_2,high,0,27.10533905029297,1.655388593673706,121.73960301785635,0.44656991958618164
pythia-1.4b,draw_2,high,1,35.16877365112305,2.32077956199646,127.1937000759245,0.35101789236068726
pythia-1.4b,draw_2,high,2,39.741065979003906,2.437025547027588,123.93969441499044,0.3142215609550476
pythia-1.4b,draw_2,high,3,40.460269927978516,2.461542844772339,124.4302717380294,0.3468032479286194
pythia-1.4b,draw_2,high,4,44.69329071044922,5.213991165161133,83.08380763579633,0.3460842967033386
pythia-1.4b,draw_2,high,5,48.603843688964844,5.863957405090332,73.11935339175291,0.31881076097488403
pythia-1.4b,draw_2,high,6,47.11182403564453,8.043254852294922,48.72324318034679,0.36500251293182373
pythia-1.4b,draw_2,high,7,55.88250732421875,7.7757954597473145,55.854481737101715,0.2997286915779114
pythia-1.4b,draw_2,high,8,55.563316345214844,8.31084156036377,53.615023646396025,0.3167222738265991
pythia-1.4b,draw_2,high,9,53.49388885498047,8.715481758117676,50.0055657687282,0.3569033145904541
pythia-1.4b,draw_2,high,10,63.088584899902344,8.215743064880371,71.32692948556266,0.4138323664665222
pythia-1.4b,draw_2,high,11,69.34512329101562,8.216582298278809,77.47297245669702,0.3235898017883301
pythia-1.4b,draw_2,high,12,73.13866424560547,8.426989555358887,68.69322559790488,0.3161933422088623
pythia-1.4b,draw_2,high,13,80.2337875366211,8.4076566696167,67.84398786503228,0.30184316635131836
pythia-1.4b,draw_2,high,14,88.73992919921875,8.202720642089844,63.782178125514164,0.28092771768569946
pythia-1.4b,draw_2,high,15,100.41393280029297,8.007349967956543,67.39652583749653,0.2709996700286865
pythia-1.4b,draw_2,high,16,124.77745056152344,7.714274883270264,65.93911630223877,0.21492773294448853
pythia-1.4b,draw_2,high,17,136.95428466796875,7.897152423858643,54.96561940883036,0.19255203008651733
pythia-1.4b,draw_2,high,18,155.20339965820312,8.690438270568848,45.60688582925965,0.17113280296325684
pythia-1.4b,draw_2,high,19,180.16659545898438,9.501262664794922,39.04032987818483,0.1393735408782959
pythia-1.4b,draw_2,high,20,187.8877716064453,10.025491714477539,39.45703330126671,0.1323910355567932
pythia-1.4b,draw_2,high,21,192.41062927246094,10.261222839355469,39.49964525971713,0.13388007879257202
pythia-1.4b,draw_2,high,22,194.275146484375,10.114823341369629,44.69297640885879,0.14913302659988403
pythia-1.4b,draw_2,high,23,211.85003662109375,23.90019989013672,45.73215268284307,0.1700165867805481
pythia-1.4b,draw_2,very_high,0,26.045425415039062,1.2407147884368896,126.22068749418732,0.4246909022331238
pythia-1.4b,draw_2,very_high,1,33.2014045715332,1.9564658403396606,130.65108819269423,0.3563101291656494
pythia-1.4b,draw_2,very_high,2,37.45480728149414,2.165369749069214,127.45084310968565,0.33336544036865234
pythia-1.4b,draw_2,very_high,3,38.77558135986328,1.9630286693572998,129.83397816362165,0.36441993713378906
pythia-1.4b,draw_2,very_high,4,42.7340087890625,2.2156002521514893,125.87253852464579,0.35972142219543457
pythia-1.4b,draw_2,very_high,5,46.427677154541016,2.178767442703247,119.47908030062204,0.3326836824417114
pythia-1.4b,draw_2,very_high,6,45.835205078125,2.190541982650757,113.57964645549714,0.3712671995162964
pythia-1.4b,draw_2,very_high,7,55.03137969970703,2.4252328872680664,106.36140414451332,0.3039798140525818
pythia-1.4b,draw_2,very_high,8,54.8335075378418,2.320209264755249,106.87547333762149,0.32351547479629517
pythia-1.4b,draw_2,very_high,9,52.86517333984375,2.590862989425659,101.4842044026833,0.3644985556602478
pythia-1.4b,draw_2,very_high,10,62.64738464355469,2.8978328704833984,90.1460187316474,0.4249710440635681
pythia-1.4b,draw_2,very_high,11,69.28517150878906,2.9924848079681396,100.25739300931893,0.33311015367507935
pythia-1.4b,draw_2,very_high,12,73.93638610839844,3.8429324626922607,74.20910099833611,0.3294662833213806
pythia-1.4b,draw_2,very_high,13,80.98908233642578,4.075827121734619,64.19385728841057,0.3084123730659485
pythia-1.4b,draw_2,very_high,14,89.86434173583984,4.0222883224487305,58.98626103885625,0.2837899327278137
pythia-1.4b,draw_2,very_high,15,99.92676544189453,4.240090847015381,63.19971283765476,0.272579550743103
pythia-1.4b,draw_2,very_high,16,124.89106750488281,4.587589740753174,60.104282543712664,0.21387797594070435
pythia-1.4b,draw_2,very_high,17,136.74180603027344,5.291593551635742,48.72016643676737,0.1926286816596985
pythia-1.4b,draw_2,very_high,18,155.8137969970703,6.922230243682861,39.3972867446556,0.16965407133102417
pythia-1.4b,draw_2,very_high,19,180.9608917236328,8.195064544677734,32.82087901391871,0.13856130838394165
pythia-1.4b,draw_2,very_high,20,189.4359130859375,9.1240234375,33.54467130108183,0.13215774297714233
pythia-1.4b,draw_2,very_high,21,193.84298706054688,9.58655834197998,33.3300411751306,0.13324123620986938
pythia-1.4b,draw_2,very_high,22,195.87051391601562,10.232170104980469,36.651401458400805,0.14315909147262573
pythia-1.4b,draw_2,very_high,23,215.1484375,24.643508911132812,39.953442553658945,0.1519782543182373
pythia-1.4b,draw_2,control,0,26.536436080932617,1.7600599527359009,129.02621101699347,0.4417228102684021
pythia-1.4b,draw_2,control,1,34.03457260131836,2.3996634483337402,134.22224116923175,0.35633277893066406
pythia-1.4b,draw_2,control,2,38.33537292480469,2.768679618835449,125.88977183873214,0.32833850383758545
pythia-1.4b,draw_2,control,3,39.19065856933594,2.597965955734253,127.12537847475046,0.3633405566215515
pythia-1.4b,draw_2,control,4,43.15776824951172,3.18367862701416,118.48025603607454,0.36041563749313354
pythia-1.4b,draw_2,control,5,47.04218673706055,2.912360429763794,112.42878745198,0.33250927925109863
pythia-1.4b,draw_2,control,6,46.15826416015625,3.3119306564331055,106.31587677154344,0.37600719928741455
pythia-1.4b,draw_2,control,7,55.19529342651367,3.0593197345733643,100.3143409708372,0.31009441614151
pythia-1.4b,draw_2,control,8,54.80891418457031,2.863924980163574,103.77734098894294,0.32992273569107056
pythia-1.4b,draw_2,control,9,52.596439361572266,3.131882905960083,98.16391554065481,0.37215596437454224
pythia-1.4b,draw_2,control,10,62.31064987182617,2.9855539798736572,90.84245998054107,0.43680262565612793
pythia-1.4b,draw_2,control,11,68.90960693359375,3.2880661487579346,100.68369757985415,0.34039002656936646
pythia-1.4b,draw_2,control,12,73.22393798828125,3.8807930946350098,74.88933602446312,0.33397531509399414
pythia-1.4b,draw_2,control,13,80.3184585571289,4.14226770401001,63.819215087006214,0.31654828786849976
pythia-1.4b,draw_2,control,14,89.13729858398438,4.305105209350586,57.43870687086427,0.2942062020301819
pythia-1.4b,draw_2,control,15,99.75099182128906,4.529917240142822,61.48042217028699,0.2805429697036743
pythia-1.4b,draw_2,control,16,124.25006866455078,4.852899074554443,61.1307745002489,0.22074085474014282
pythia-1.4b,draw_2,control,17,136.13198852539062,5.522642135620117,51.43562490854508,0.19877338409423828
pythia-1.4b,draw_2,control,18,154.8904571533203,6.643027305603027,43.830437819855675,0.17622357606887817
pythia-1.4b,draw_2,control,19,179.93954467773438,7.96846866607666,37.29165643948016,0.14388179779052734
pythia-1.4b,draw_2,control,20,188.32229614257812,8.64258861541748,38.459209712531774,0.13697582483291626
pythia-1.4b,draw_2,control,21,192.8383331298828,9.01794147491455,38.74786605950718,0.1384170651435852
pythia-1.4b,draw_2,control,22,195.0021514892578,9.446048736572266,43.63318213971486,0.15038305521011353
pythia-1.4b,draw_2,control,23,213.7784881591797,24.23897933959961,43.721466764175446,0.1655886173248291
pythia-1.4b,draw_3,low,0,30.619903564453125,2.243947982788086,117.65124235715382,0.5332666337490082
pythia-1.4b,draw_3,low,1,39.85599136352539,2.6377439498901367,125.62093305460047,0.3699793815612793
pythia-1.4b,draw_3,low,2,44.38441848754883,2.774340867996216,125.50047496363695,0.31980669498443604
pythia-1.4b,draw_3,low,3,44.30291748046875,2.6428463459014893,124.70796384220664,0.3498891592025757
pythia-1.4b,draw_3,low,4,47.58343505859375,2.7846312522888184,119.05515321067116,0.34493541717529297
pythia-1.4b,draw_3,low,5,50.59973907470703,2.5862772464752197,114.56922185098024,0.31573057174682617
pythia-1.4b,draw_3,low,6,48.42621612548828,2.325468063354492,110.43436152436603,0.3633585572242737
pythia-1.4b,draw_3,low,7,57.44363784790039,2.141767978668213,103.51348373332043,0.2900683283805847
pythia-1.4b,draw_3,low,8,56.071475982666016,2.297821521759033,103.6677784628608,0.3077191114425659
pythia-1.4b,draw_3,low,9,52.98910140991211,2.771265745162964,98.04471187715018,0.3576059341430664
pythia-1.4b,draw_3,low,10,63.083404541015625,2.7792534828186035,94.98506179194985,0.39733606576919556
pythia-1.4b,draw_3,low,11,69.1279067993164,2.8656585216522217,101.99579268439113,0.3132830262184143
pythia-1.4b,draw_3,low,12,71.48628234863281,3.1408021450042725,97.03536018485264,0.2988014221191406
pythia-1.4b,draw_3,low,13,78.37696075439453,3.1655452251434326,94.38963640305246,0.2936682105064392
pythia-1.4b,draw_3,low,14,86.26607513427734,3.0418426990509033,87.89235780579212,0.28187698125839233
pythia-1.4b,draw_3,low,15,99.99095153808594,3.886251449584961,81.66248191723413,0.2712714672088623
pythia-1.4b,draw_3,low,16,122.86900329589844,3.7696187496185303,78.29726585550777,0.21778547763824463
pythia-1.4b,draw_3,low,17,134.51123046875,4.431087970733643,69.72743521820193,0.19757682085037231
pythia-1.4b,draw_3,low,18,150.6372528076172,5.504664897918701,61.97259108249166,0.17819935083389282
pythia-1.4b,draw_3,low,19,173.49801635742188,7.062350273132324,55.55196735295979,0.14591366052627563
pythia-1.4b,draw_3,low,20,180.46273803710938,7.842187404632568,55.67137228762794,0.13885700702667236
pythia-1.4b,draw_3,low,21,184.86900329589844,8.22232437133789,55.209374058905915,0.14153683185577393
pythia-1.4b,draw_3,low,22,186.58277893066406,8.123921394348145,60.91763938069076,0.1674177050590515
pythia-1.4b,draw_3,low,23,193.6334686279297,18.668025970458984,54.11061602272587,0.2257975935935974
pythia-1.4b,draw_3,medium,0,28.68978500366211,1.863759994506836,116.72673849852319,0.510463535785675
pythia-1.4b,draw_3,medium,1,37.7105712890625,2.7655956745147705,120.55313738700755,0.36883020401000977
pythia-1.4b,draw_3,medium,2,42.58449935913086,2.9106781482696533,121.18929055784552,0.3175504803657532
pythia-1.4b,draw_3,medium,3,42.605804443359375,2.5170748233795166,122.73556486643314,0.3519784212112427
pythia-1.4b,draw_3,medium,4,46.1767463684082,2.475088596343994,119.31455488639806,0.345218300819397
pythia-1.4b,draw_3,medium,5,49.34956741333008,2.23525333404541,113.43256346488315,0.3193381428718567
pythia-1.4b,draw_3,medium,6,47.54715347290039,2.1654062271118164,108.77865648511234,0.3645751476287842
pythia-1.4b,draw_3,medium,7,56.51540756225586,2.004892349243164,102.05183603015196,0.2959030270576477
pythia-1.4b,draw_3,medium,8,55.71444320678711,2.0756561756134033,102.20426180449235,0.3140016198158264
pythia-1.4b,draw_3,medium,9,53.269317626953125,2.4565131664276123,96.74575691672811,0.3559085726737976
pythia-1.4b,draw_3,medium,10,63.18950653076172,2.592755079269409,91.75476232978662,0.4055761694908142
pythia-1.4b,draw_3,medium,11,69.41348266601562,2.9339873790740967,100.34413210913364,0.31964975595474243
pythia-1.4b,draw_3,medium,12,72.62830352783203,3.4376277923583984,92.14281227261345,0.308940589427948
pythia-1.4b,draw_3,medium,13,79.4869613647461,3.5886952877044678,88.00841818430071,0.302273690700531
pythia-1.4b,draw_3,medium,14,87.2960205078125,3.697263717651367,80.98442776091358,0.28977715969085693
pythia-1.4b,draw_3,medium,15,99.9548110961914,4.588803768157959,76.93558559154211,0.2816745638847351
pythia-1.4b,draw_3,medium,16,122.90020751953125,4.51849889755249,74.17305006659878,0.22639119625091553
pythia-1.4b,draw_3,medium,17,134.73460388183594,5.352631568908691,64.25168397596423,0.20285248756408691
pythia-1.4b,draw_3,medium,18,151.2547149658203,6.285279273986816,56.96872191955485,0.18204694986343384
pythia-1.4b,draw_3,medium,19,175.0391387939453,7.679628849029541,50.23544731628146,0.1482316255569458
pythia-1.4b,draw_3,medium,20,182.24684143066406,8.342927932739258,50.55766301294196,0.14092999696731567
pythia-1.4b,draw_3,medium,21,186.90924072265625,8.76377010345459,49.73734582531911,0.14291518926620483
pythia-1.4b,draw_3,medium,22,188.80177307128906,8.833786010742188,55.82519447048337,0.16423249244689941
pythia-1.4b,draw_3,medium,23,201.8264617919922,21.026655197143555,51.58279320789774,0.20089346170425415
pythia-1.4b,draw_3,high,0,27.218244552612305,1.6143015623092651,117.11628941250427,0.4519755244255066
pythia-1.4b,draw_3,high,1,35.39793014526367,2.389460802078247,121.11921089304407,0.3539377450942993
pythia-1.4b,draw_3,high,2,39.83013153076172,2.5875558853149414,118.37244584720457,0.3185453414916992
pythia-1.4b,draw_3,high,3,40.26533889770508,2.3968095779418945,120.85884407461275,0.3566715717315674
pythia-1.4b,draw_3,high,4,43.96000289916992,2.327918529510498,118.4243863364634,0.3553740382194519
pythia-1.4b,draw_3,high,5,47.83871841430664,2.2838523387908936,111.62163418040852,0.32691508531570435
pythia-1.4b,draw_3,high,6,46.518062591552734,2.3173182010650635,106.26981439055888,0.37426239252090454
pythia-1.4b,draw_3,high,7,55.642391204833984,2.402817487716675,100.3645996721197,0.30566054582595825
pythia-1.4b,draw_3,high,8,55.196659088134766,2.310335397720337,102.64474890075394,0.3246424198150635
pythia-1.4b,draw_3,high,9,53.21314239501953,2.556382656097412,97.34392299618067,0.364124596118927
pythia-1.4b,draw_3,high,10,62.797088623046875,2.4917144775390625,93.22477697352788,0.4243137240409851
pythia-1.4b,draw_3,high,11,69.04435729980469,2.7328755855560303,101.86364304495818,0.33502697944641113
pythia-1.4b,draw_3,high,12,72.97970581054688,3.1564292907714844,84.63644420322996,0.32734304666519165
pythia-1.4b,draw_3,high,13,80.09890747070312,3.632654905319214,77.91031126504494,0.31357550621032715
pythia-1.4b,draw_3,high,14,88.43500518798828,3.9327847957611084,69.96398578635433,0.2938287854194641
pythia-1.4b,draw_3,high,15,99.8597412109375,4.368498802185059,70.31943142456304,0.28435415029525757
pythia-1.4b,draw_3,high,16,124.01600646972656,5.2684197425842285,67.39094693395113,0.2267904281616211
pythia-1.4b,draw_3,high,17,136.0537567138672,6.27036190032959,55.068463577686956,0.2041034698486328
pythia-1.4b,draw_3,high,18,153.7266387939453,7.607574939727783,46.35505261586717,0.18292450904846191
pythia-1.4b,draw_3,high,19,178.4761505126953,9.094409942626953,39.59536271524284,0.14873552322387695
pythia-1.4b,draw_3,high,20,186.230224609375,9.740407943725586,40.46069549369038,0.14165914058685303
pythia-1.4b,draw_3,high,21,190.93283081054688,10.058002471923828,40.212481119826066,0.14312350749969482
pythia-1.4b,draw_3,high,22,192.8816375732422,10.169257164001465,45.24238011225753,0.1586710810661316
pythia-1.4b,draw_3,high,23,211.39947509765625,21.671977996826172,52.0384287948783,0.17649292945861816
pythia-1.4b,draw_3,very_high,0,26.098299026489258,1.372013807296753,118.96569095079099,0.4203057289123535
pythia-1.4b,draw_3,very_high,1,33.4183235168457,1.9620954990386963,124.76447624024895,0.34666621685028076
pythia-1.4b,draw_3,very_high,2,37.56257629394531,2.219895124435425,121.45852128728693,0.325228214263916
pythia-1.4b,draw_3,very_high,3,38.526737213134766,2.119868755340576,124.77317267852763,0.3614630699157715
pythia-1.4b,draw_3,very_high,4,42.516746520996094,2.77960467338562,118.38382160735343,0.3602498769760132
pythia-1.4b,draw_3,very_high,5,46.264991760253906,2.4699997901916504,114.34444848997401,0.3363863229751587
pythia-1.4b,draw_3,very_high,6,45.87270736694336,2.45661997795105,110.66039573108746,0.3776364326477051
pythia-1.4b,draw_3,very_high,7,55.12461853027344,2.575845718383789,104.90725962828034,0.3125964403152466
pythia-1.4b,draw_3,very_high,8,54.7908935546875,2.570699453353882,106.23927350783313,0.334072470664978
pythia-1.4b,draw_3,very_high,9,52.571441650390625,2.842555284500122,100.58974690656272,0.3781691789627075
pythia-1.4b,draw_3,very_high,10,62.34319305419922,3.062241315841675,92.10647097920481,0.4349440932273865
pythia-1.4b,draw_3,very_high,11,68.89043426513672,3.103363275527954,103.28271784970897,0.3401385545730591
pythia-1.4b,draw_3,very_high,12,73.28986358642578,3.7514407634735107,83.85805460472841,0.32882410287857056
pythia-1.4b,draw_3,very_high,13,80.16309356689453,4.0449538230896,76.08069849843231,0.30568599700927734
pythia-1.4b,draw_3,very_high,14,89.0578842163086,3.930281162261963,70.83771443548649,0.28007858991622925
pythia-1.4b,draw_3,very_high,15,99.55220794677734,4.112186908721924,72.06377589922121,0.2676686644554138
pythia-1.4b,draw_3,very_high,16,124.65235137939453,4.5614447593688965,69.93932770282835,0.20772641897201538
pythia-1.4b,draw_3,very_high,17,136.52488708496094,5.203072547912598,57.373917659043265,0.18591749668121338
pythia-1.4b,draw_3,very_high,18,155.77593994140625,6.642329216003418,47.143283291647364,0.16255271434783936
pythia-1.4b,draw_3,very_high,19,180.94833374023438,8.008828163146973,39.236565396274244,0.13213413953781128
pythia-1.4b,draw_3,very_high,20,189.47811889648438,8.881304740905762,40.04365985202365,0.12601220607757568
pythia-1.4b,draw_3,very_high,21,193.8884735107422,9.294278144836426,39.776993057252355,0.12720131874084473
pythia-1.4b,draw_3,very_high,22,196.00045776367188,9.784090042114258,43.38992194347921,0.1369079351425171
pythia-1.4b,draw_3,very_high,23,215.32281494140625,22.80558204650879,45.8180708218917,0.14935559034347534
pythia-1.4b,draw_3,control,0,26.692726135253906,1.7170770168304443,128.31389702175903,0.42940759658813477
pythia-1.4b,draw_3,control,1,34.240936279296875,2.527615547180176,131.65880081460392,0.3450065851211548
pythia-1.4b,draw_3,control,2,38.656620025634766,2.811784267425537,125.89054039321849,0.3155822157859802
pythia-1.4b,draw_3,control,3,39.2737922668457,2.623502254486084,128.13240440535947,0.35104095935821533
pythia-1.4b,draw_3,control,4,43.137664794921875,2.8342316150665283,122.43504588366852,0.35254091024398804
pythia-1.4b,draw_3,control,5,47.03095626831055,2.6417384147644043,116.45669834536596,0.3252429962158203
pythia-1.4b,draw_3,control,6,45.89253616333008,2.5868191719055176,111.40847014925212,0.37123554944992065
pythia-1.4b,draw_3,control,7,55.1130256652832,2.5585808753967285,105.03094552801046,0.30485624074935913
pythia-1.4b,draw_3,control,8,54.78973388671875,2.18170166015625,108.49515863042396,0.32386481761932373
pythia-1.4b,draw_3,control,9,52.80220031738281,2.6178972721099854,102.637233741461,0.36505377292633057
pythia-1.4b,draw_3,control,10,62.658939361572266,2.835090160369873,94.19262852267899,0.43104124069213867
pythia-1.4b,draw_3,control,11,69.10934448242188,3.19313645362854,103.67694974579878,0.3364933729171753
pythia-1.4b,draw_3,control,12,73.35301208496094,3.8585453033447266,81.40193368279373,0.33206701278686523
pythia-1.4b,draw_3,control,13,80.37184143066406,4.09554386138916,71.34696730599235,0.3144851326942444
pythia-1.4b,draw_3,control,14,89.25083923339844,4.3551459312438965,65.04285476245718,0.29241037368774414
pythia-1.4b,draw_3,control,15,99.6969985961914,4.436746597290039,68.51553475407216,0.2822423577308655
pythia-1.4b,draw_3,control,16,124.20568084716797,4.966485023498535,65.364837336378,0.2216712236404419
pythia-1.4b,draw_3,control,17,136.25091552734375,5.798733234405518,53.616344573577216,0.19948583841323853
pythia-1.4b,draw_3,control,18,154.73704528808594,7.14096212387085,44.53489849400465,0.17584139108657837
pythia-1.4b,draw_3,control,19,179.74180603027344,8.49429988861084,38.14037046885993,0.14303404092788696
pythia-1.4b,draw_3,control,20,187.9902801513672,9.240949630737305,38.83118351001597,0.13626819849014282
pythia-1.4b,draw_3,control,21,192.5057830810547,9.663219451904297,38.53402263952247,0.1375194787979126
pythia-1.4b,draw_3,control,22,194.56121826171875,9.911561012268066,42.503470939523446,0.14882034063339233
pythia-1.4b,draw_3,control,23,214.53468322753906,23.39740753173828,45.81320146421522,0.160411536693573
