model,test_band,example_idx,n_conditions,n_correct,mean_prob,robustness_score,category
pythia-1.4b,control,0,15,15,0.41885004118084906,1.0,always_correct
pythia-1.4b,control,1,15,14,0.41012757032488784,0.9333333333333333,variable
pythia-1.4b,control,2,15,15,0.6935170948505401,1.0,always_correct
pythia-1.4b,control,3,15,9,0.26480107605457304,0.6,variable
pythia-1.4b,control,4,15,13,0.4495753328005473,0.8666666666666667,variable
pythia-1.4b,control,5,15,9,0.1370632082146282,0.6,variable
pythia-1.4b,control,6,15,14,0.2867614554862181,0.9333333333333333,variable
pythia-1.4b,control,7,15,12,0.3192911192153891,0.8,variable
pythia-1.4b,control,8,15,15,0.3925352265437444,1.0,always_correct
pythia-1.4b,control,9,15,15,0.3113206088542938,1.0,always_correct
pythia-1.4b,control,10,15,15,0.40616277332107226,1.0,always_correct
pythia-1.4b,control,11,15,12,0.23849113360047342,0.8,variable
pythia-1.4b,control,12,15,14,0.6199454852690299,0.9333333333333333,variable
pythia-1.4b,control,13,15,12,0.151558955013752,0.8,variable
pythia-1.4b,control,14,15,14,0.46590202699104943,0.9333333333333333,variable
pythia-1.4b,control,15,15,15,0.532076754172643,1.0,always_correct
pythia-1.4b,control,16,15,6,0.05954862367361784,0.4,variable
pythia-1.4b,control,17,15,11,0.27810614050055543,0.7333333333333333,variable
pythia-1.4b,control,18,15,15,0.3849390869339307,1.0,always_correct
pythia-1.4b,control,19,15,15,0.6543169359366099,1.0,always_correct
pythia-1.4b,control,20,15,15,0.40553795198599496,1.0,always_correct
pythia-1.4b,control,21,15,14,0.41407834844042857,0.9333333333333333,variable
pythia-1.4b,control,22,15,15,0.2113050530354182,1.0,always_correct
pythia-1.4b,control,23,15,15,0.4413644254207611,1.0,always_correct
pythia-1.4b,control,24,15,15,0.47485357224941255,1.0,always_correct
pythia-1.4b,control,25,15,14,0.547986947496732,0.9333333333333333,variable
pythia-1.4b,control,26,15,9,0.2938019875107178,0.6,variable
pythia-1.4b,control,27,15,15,0.4887890030940374,1.0,always_correct
pythia-1.4b,control,28,15,12,0.21905368492007254,0.8,variable
pythia-1.4b,control,29,15,14,0.5265863398710887,0.9333333333333333,variable
pythia-1.4b,control,30,15,13,0.3848214913159609,0.8666666666666667,variable
pythia-1.4b,control,31,15,11,0.24847610011541596,0.7333333333333333,variable
pythia-1.4b,control,32,15,15,0.576306868220369,1.0,always_correct
pythia-1.4b,control,33,15,15,0.5169233630100886,1.0,always_correct
pythia-1.4b,control,34,15,15,0.3778137731055419,1.0,always_correct
pythia-1.4b,control,35,15,15,0.30296082024772963,1.0,always_correct
pythia-1.4b,control,36,15,13,0.342518417397514,0.8666666666666667,variable
pythia-1.4b,control,37,15,14,0.3847687530020873,0.9333333333333333,variable
pythia-1.4b,control,38,15,14,0.36795226658384006,0.9333333333333333,variable
pythia-1.4b,control,39,15,10,0.26763552421083053,0.6666666666666666,variable
pythia-1.4b,control,40,15,15,0.49597040340304377,1.0,always_correct
pythia-1.4b,control,41,15,15,0.32845241352915766,1.0,always_correct
pythia-1.4b,control,42,15,13,0.5324280839413404,0.8666666666666667,variable
pythia-1.4b,control,43,15,15,0.42367746233940123,1.0,always_correct
pythia-1.4b,control,44,15,9,0.3829055810153174,0.6,variable
pythia-1.4b,control,45,15,14,0.3499248436341683,0.9333333333333333,variable
pythia-1.4b,control,46,15,12,0.3608662993957599,0.8,variable
pythia-1.4b,control,47,15,14,0.27823159471154213,0.9333333333333333,variable
pythia-1.4b,control,48,15,11,0.34840449780846633,0.7333333333333333,variable
pythia-1.4b,control,49,15,11,0.31247541901733106,0.7333333333333333,variable
pythia-1.4b,control,50,15,12,0.6058084716399511,0.8,variable
pythia-1.4b,control,51,15,15,0.5683161286016305,1.0,always_correct
pythia-1.4b,control,52,15,15,0.25062244484821955,1.0,always_correct
pythia-1.4b,control,53,15,15,0.2757932818184296,1.0,always_correct
pythia-1.4b,control,54,15,15,0.6160102407137553,1.0,always_correct
pythia-1.4b,control,55,15,14,0.4443328302353621,0.9333333333333333,variable
pythia-1.4b,control,56,15,10,0.22028276914109787,0.6666666666666666,variable
pythia-1.4b,control,57,15,13,0.5407915495336055,0.8666666666666667,variable
pythia-1.4b,control,58,15,13,0.5919437764833371,0.8666666666666667,variable
pythia-1.4b,control,59,15,15,0.3910789022843043,1.0,always_correct
pythia-1.4b,control,60,15,15,0.30284274568160374,1.0,always_correct
pythia-1.4b,control,61,15,15,0.39420699576536816,1.0,always_correct
pythia-1.4b,control,62,15,14,0.3610025112827619,0.9333333333333333,variable
pythia-1.4b,control,63,15,14,0.3097845790286859,0.9333333333333333,variable
pythia-1.4b,control,64,15,15,0.5240739087263743,1.0,always_correct
pythia-1.4b,control,65,15,15,0.5599485009908676,1.0,always_correct
pythia-1.4b,control,66,15,15,0.24570272316535313,1.0,always_correct
pythia-1.4b,control,67,15,15,0.3466790216664473,1.0,always_correct
pythia-1.4b,control,68,15,15,0.47618261550863583,1.0,always_correct
pythia-1.4b,control,69,15,13,0.45943432015677294,0.8666666666666667,variable
pythia-1.4b,control,70,15,15,0.624385807911555,1.0,always_correct
pythia-1.4b,control,71,15,14,0.20043920129537582,0.9333333333333333,variable
pythia-1.4b,control,72,15,14,0.4244093505044778,0.9333333333333333,variable
pythia-1.4b,control,73,15,13,0.24905552840791642,0.8666666666666667,variable
pythia-1.4b,control,74,15,11,0.29256333857774736,0.7333333333333333,variable
pythia-1.4b,control,75,15,15,0.7308615744113922,1.0,always_correct
pythia-1.4b,control,76,15,15,0.4006604279081027,1.0,always_correct
pythia-1.4b,control,77,15,15,0.47885467869540055,1.0,always_correct
pythia-1.4b,control,78,15,15,0.45987120966116585,1.0,always_correct
pythia-1.4b,control,79,15,15,0.6792364180088043,1.0,always_correct
pythia-1.4b,control,80,15,15,0.4153048023581505,1.0,always_correct
pythia-1.4b,control,81,15,15,0.742550112803777,1.0,always_correct
pythia-1.4b,control,82,15,15,0.7053472022215526,1.0,always_correct
pythia-1.4b,control,83,15,15,0.3364231665929159,1.0,always_correct
pythia-1.4b,control,84,15,15,0.660154667745034,1.0,always_correct
pythia-1.4b,control,85,15,10,0.5447510147312035,0.6666666666666666,variable
pythia-1.4b,control,86,15,12,0.2191365251938502,0.8,variable
pythia-1.4b,control,87,15,12,0.37639398699005444,0.8,variable
pythia-1.4b,control,88,15,12,0.25263097882270813,0.8,variable
pythia-1.4b,control,89,15,15,0.5576502992461125,1.0,always_correct
pythia-1.4b,control,90,15,13,0.14486108273267745,0.8666666666666667,variable
pythia-1.4b,control,91,15,13,0.18319414282838503,0.8666666666666667,variable
pythia-1.4b,control,92,15,15,0.6811998009681701,1.0,always_correct
pythia-1.4b,control,93,15,15,0.5413605630397796,1.0,always_correct
pythia-1.4b,control,94,15,14,0.3740616099288066,0.9333333333333333,variable
pythia-1.4b,control,95,15,14,0.3955792258183161,0.9333333333333333,variable
pythia-1.4b,control,96,15,13,0.4269763074815273,0.8666666666666667,variable
pythia-1.4b,control,97,15,15,0.40127037465572357,1.0,always_correct
pythia-1.4b,control,98,15,13,0.29852751141103606,0.8666666666666667,variable
pythia-1.4b,control,99,15,15,0.33414675829311213,1.0,always_correct
pythia-1.4b,control,100,15,14,0.5678201332688332,0.9333333333333333,variable
pythia-1.4b,control,101,15,15,0.45301221708456674,1.0,always_correct
pythia-1.4b,control,102,15,13,0.3056493169317643,0.8666666666666667,variable
pythia-1.4b,control,103,15,15,0.425421796242396,1.0,always_correct
pythia-1.4b,control,104,15,14,0.2885679930448532,0.9333333333333333,variable
pythia-1.4b,control,105,15,15,0.32644410332043966,1.0,always_correct
pythia-1.4b,control,106,15,15,0.47487985640764235,1.0,always_correct
pythia-1.4b,control,107,15,12,0.20714317224919795,0.8,variable
pythia-1.4b,control,108,15,15,0.5972489021718502,1.0,always_correct
pythia-1.4b,control,109,15,15,0.43230377485354743,1.0,always_correct
pythia-1.4b,control,110,15,10,0.10528449329237143,0.6666666666666666,variable
pythia-1.4b,control,111,15,14,0.2095612088839213,0.9333333333333333,variable
pythia-1.4b,control,112,15,13,0.34438252992307145,0.8666666666666667,variable
pythia-1.4b,control,113,15,15,0.3523135080933571,1.0,always_correct
pythia-1.4b,control,114,15,15,0.44344819883505504,1.0,always_correct
pythia-1.4b,control,115,15,11,0.35623547080904244,0.7333333333333333,variable
pythia-1.4b,control,116,15,15,0.5208355392018954,1.0,always_correct
pythia-1.4b,control,117,15,15,0.5700960397720337,1.0,always_correct
pythia-1.4b,control,118,15,14,0.4080542157093684,0.9333333333333333,variable
pythia-1.4b,control,119,15,15,0.4202307363351186,1.0,always_correct
pythia-1.4b,control,120,15,15,0.2932338625192642,1.0,always_correct
pythia-1.4b,control,121,15,10,0.15392224825918674,0.6666666666666666,variable
pythia-1.4b,control,122,15,15,0.26966493874788283,1.0,always_correct
pythia-1.4b,control,123,15,15,0.3454106286168098,1.0,always_correct
pythia-1.4b,control,124,15,14,0.5724773089090983,0.9333333333333333,variable
pythia-1.4b,control,125,15,15,0.2939595326781273,1.0,always_correct
pythia-1.4b,control,126,15,15,0.6076889552175999,1.0,always_correct
pythia-1.4b,control,127,15,12,0.20197549946606158,0.8,variable
pythia-1.4b,control,128,15,15,0.41474584887425103,1.0,always_correct
pythia-1.4b,control,129,15,13,0.4085510104894638,0.8666666666666667,variable
pythia-1.4b,control,130,15,13,0.39251031720389923,0.8666666666666667,variable
pythia-1.4b,control,131,15,15,0.6576419452826182,1.0,always_correct
pythia-1.4b,control,132,15,14,0.3849834933876991,0.9333333333333333,variable
pythia-1.4b,control,133,15,11,0.273504306965818,0.7333333333333333,variable
pythia-1.4b,control,134,15,14,0.27644004781420034,0.9333333333333333,variable
pythia-1.4b,control,135,15,10,0.4786921980169912,0.6666666666666666,variable
pythia-1.4b,control,136,15,15,0.5806759655475616,1.0,always_correct
pythia-1.4b,control,137,15,11,0.2732298280112445,0.7333333333333333,variable
pythia-1.4b,control,138,15,13,0.337773514042298,0.8666666666666667,variable
pythia-1.4b,control,139,15,15,0.38517387087146443,1.0,always_correct
pythia-1.4b,control,140,15,15,0.594112095485131,1.0,always_correct
pythia-1.4b,control,141,15,14,0.38451768457889557,0.9333333333333333,variable
pythia-1.4b,control,142,15,13,0.37036911969383557,0.8666666666666667,variable
pythia-1.4b,control,143,15,15,0.38265914569298426,1.0,always_correct
pythia-1.4b,control,144,15,14,0.45043558701872827,0.9333333333333333,variable
pythia-1.4b,control,145,15,15,0.48234940866629283,1.0,always_correct
pythia-1.4b,control,146,15,15,0.39333142936229704,1.0,always_correct
pythia-1.4b,control,147,15,10,0.4511889315365503,0.6666666666666666,variable
pythia-1.4b,control,148,15,15,0.43811544428269067,1.0,always_correct
pythia-1.4b,control,149,15,15,0.6071590587496758,1.0,always_correct
pythia-1.4b,control,150,15,14,0.32059281518061955,0.9333333333333333,variable
pythia-1.4b,control,151,15,14,0.26362721162537733,0.9333333333333333,variable
pythia-1.4b,control,152,15,14,0.5276314516862234,0.9333333333333333,variable
pythia-1.4b,control,153,15,15,0.4298597648739815,1.0,always_correct
pythia-1.4b,control,154,15,15,0.6374244540929794,1.0,always_correct
pythia-1.4b,control,155,15,14,0.4153532300765316,0.9333333333333333,variable
pythia-1.4b,control,156,15,15,0.21501260474324227,1.0,always_correct
pythia-1.4b,control,157,15,15,0.45481322755416237,1.0,always_correct
pythia-1.4b,control,158,15,15,0.44552912016709645,1.0,always_correct
pythia-1.4b,control,159,15,15,0.4780551488200823,1.0,always_correct
pythia-1.4b,control,160,15,15,0.40405592198173207,1.0,always_correct
pythia-1.4b,control,161,15,12,0.4479763311644395,0.8,variable
pythia-1.4b,control,162,15,15,0.4294626109302044,1.0,always_correct
pythia-1.4b,control,163,15,15,0.47477083280682564,1.0,always_correct
pythia-1.4b,control,164,15,14,0.3809948628147443,0.9333333333333333,variable
pythia-1.4b,control,165,15,15,0.39431646168231965,1.0,always_correct
pythia-1.4b,control,166,15,13,0.36223363826672234,0.8666666666666667,variable
pythia-1.4b,control,167,15,14,0.29230805846552055,0.9333333333333333,variable
pythia-1.4b,control,168,15,13,0.3458144651105007,0.8666666666666667,variable
pythia-1.4b,control,169,15,13,0.4053806888560454,0.8666666666666667,variable
pythia-1.4b,control,170,15,10,0.301054201189739,0.6666666666666666,variable
pythia-1.4b,control,171,15,15,0.5238282004992167,1.0,always_correct
pythia-1.4b,control,172,15,15,0.38363218208154043,1.0,always_correct
pythia-1.4b,control,173,15,15,0.4486635056634744,1.0,always_correct
pythia-1.4b,control,174,15,11,0.3867132736525188,0.7333333333333333,variable
pythia-1.4b,control,175,15,15,0.43192659268776573,1.0,always_correct
pythia-1.4b,control,176,15,15,0.23662372380495073,1.0,always_correct
pythia-1.4b,control,177,15,14,0.6252320756514868,0.9333333333333333,variable
pythia-1.4b,control,178,15,15,0.3881397922833761,1.0,always_correct
pythia-1.4b,control,179,15,14,0.3838668197393417,0.9333333333333333,variable
pythia-1.4b,control,180,15,15,0.21489085244635742,1.0,always_correct
pythia-1.4b,control,181,15,15,0.5091010967890421,1.0,always_correct
pythia-1.4b,control,182,15,9,0.2650524444305726,0.6,variable
pythia-1.4b,control,183,15,14,0.29259282623728117,0.9333333333333333,variable
pythia-1.4b,control,184,15,15,0.36845616400241854,1.0,always_correct
pythia-1.4b,control,185,15,15,0.5950698186953862,1.0,always_correct
pythia-1.4b,control,186,15,15,0.5142510674893856,1.0,always_correct
pythia-1.4b,control,187,15,15,0.5136939013997713,1.0,always_correct
pythia-1.4b,control,188,15,11,0.3678147824170689,0.7333333333333333,variable
pythia-1.4b,control,189,15,11,0.1810614406548363,0.7333333333333333,variable
pythia-1.4b,control,190,15,15,0.585808124144872,1.0,always_correct
pythia-1.4b,control,191,15,15,0.47278914550940193,1.0,always_correct
pythia-1.4b,control,192,15,14,0.43675192147493364,0.9333333333333333,variable
pythia-1.4b,control,193,15,10,0.1348959152897199,0.6666666666666666,variable
pythia-1.4b,control,194,15,15,0.48488709578911465,1.0,always_correct
pythia-1.4b,control,195,15,13,0.5196719051649173,0.8666666666666667,variable
pythia-1.4b,control,196,15,15,0.452197277545929,1.0,always_correct
pythia-1.4b,control,197,15,15,0.8044033924738566,1.0,always_correct
pythia-1.4b,control,198,15,15,0.39682911336421967,1.0,always_correct
pythia-1.4b,control,199,15,15,0.6500895142555236,1.0,always_correct
pythia-1.4b,control,200,15,15,0.42282122174898784,1.0,always_correct
pythia-1.4b,control,201,15,11,0.311723118275404,0.7333333333333333,variable
pythia-1.4b,control,202,15,14,0.4940833335121473,0.9333333333333333,variable
pythia-1.4b,control,203,15,9,0.09548656853536765,0.6,variable
pythia-1.4b,control,204,15,13,0.35714767314493656,0.8666666666666667,variable
pythia-1.4b,control,205,15,13,0.23216667616118988,0.8666666666666667,variable
pythia-1.4b,control,206,15,12,0.44091019667685033,0.8,variable
pythia-1.4b,control,207,15,13,0.4772824503170947,0.8666666666666667,variable
pythia-1.4b,control,208,15,15,0.47897722125053405,1.0,always_correct
pythia-1.4b,control,209,15,11,0.17013218502203623,0.7333333333333333,variable
pythia-1.4b,control,210,15,11,0.2864330671339606,0.7333333333333333,variable
pythia-1.4b,control,211,15,11,0.23638533477981885,0.7333333333333333,variable
pythia-1.4b,control,212,15,15,0.7876076062520345,1.0,always_correct
pythia-1.4b,control,213,15,15,0.43024390439192456,1.0,always_correct
pythia-1.4b,control,214,15,14,0.2779617344339689,0.9333333333333333,variable
pythia-1.4b,control,215,15,13,0.36976391735176245,0.8666666666666667,variable
pythia-1.4b,control,216,15,15,0.5633809645970662,1.0,always_correct
pythia-1.4b,control,217,15,15,0.6729502466817697,1.0,always_correct
pythia-1.4b,control,218,15,15,0.4527096634109815,1.0,always_correct
pythia-1.4b,control,219,15,15,0.4367017030715942,1.0,always_correct
pythia-1.4b,control,220,15,13,0.3414955859382947,0.8666666666666667,variable
pythia-1.4b,control,221,15,14,0.4917198546230793,0.9333333333333333,variable
pythia-1.4b,control,222,15,15,0.6194998403390248,1.0,always_correct
pythia-1.4b,control,223,15,15,0.6104841510454814,1.0,always_correct
pythia-1.4b,control,224,15,9,0.262517763612171,0.6,variable
pythia-1.4b,high,0,15,8,0.04983974667266011,0.5333333333333333,variable
pythia-1.4b,high,1,15,14,0.2912442351380984,0.9333333333333333,variable
pythia-1.4b,high,2,15,15,0.3048656145731608,1.0,always_correct
pythia-1.4b,high,3,15,15,0.2278545374671618,1.0,always_correct
pythia-1.4b,high,4,15,15,0.4587416579325994,1.0,always_correct
pythia-1.4b,high,5,15,13,0.47958194141586624,0.8666666666666667,variable
pythia-1.4b,high,6,15,11,0.12899265789116424,0.7333333333333333,variable
pythia-1.4b,high,7,15,14,0.4504346653819084,0.9333333333333333,variable
pythia-1.4b,high,8,15,15,0.5955167382955551,1.0,always_correct
pythia-1.4b,high,9,15,9,0.11295023324588935,0.6,variable
pythia-1.4b,high,10,15,14,0.5022264900306861,0.9333333333333333,variable
pythia-1.4b,high,11,15,15,0.6103017449378967,1.0,always_correct
pythia-1.4b,high,12,15,12,0.13871508054435253,0.8,variable
pythia-1.4b,high,13,15,15,0.2510618716478348,1.0,always_correct
pythia-1.4b,high,14,15,14,0.20630396697670222,0.9333333333333333,variable
pythia-1.4b,high,15,15,14,0.5101390019059181,0.9333333333333333,variable
pythia-1.4b,high,16,15,15,0.5755830049514771,1.0,always_correct
pythia-1.4b,high,17,15,9,0.19676833770548305,0.6,variable
pythia-1.4b,high,18,15,15,0.48619911024967827,1.0,always_correct
pythia-1.4b,high,19,15,13,0.289582349297901,0.8666666666666667,variable
pythia-1.4b,high,20,15,15,0.3332985433439414,1.0,always_correct
pythia-1.4b,high,21,15,15,0.3059469622870286,1.0,always_correct
pythia-1.4b,high,22,15,15,0.457558736205101,1.0,always_correct
pythia-1.4b,high,23,15,15,0.37359942197799684,1.0,always_correct
pythia-1.4b,high,24,15,15,0.7250874559084575,1.0,always_correct
pythia-1.4b,high,25,15,10,0.2743907199629272,0.6666666666666666,variable
pythia-1.4b,high,26,15,14,0.35157621204853057,0.9333333333333333,variable
pythia-1.4b,high,27,15,15,0.34433761388063433,1.0,always_correct
pythia-1.4b,high,28,15,14,0.5016864034036795,0.9333333333333333,variable
pythia-1.4b,high,29,15,11,0.36439748605092365,0.7333333333333333,variable
pythia-1.4b,high,30,15,15,0.4901258693387111,1.0,always_correct
pythia-1.4b,high,31,15,15,0.36765745331843697,1.0,always_correct
pythia-1.4b,high,32,15,15,0.5016218910614649,1.0,always_correct
pythia-1.4b,high,33,15,15,0.4864358072479566,1.0,always_correct
pythia-1.4b,high,34,15,14,0.5254222711548209,0.9333333333333333,variable
pythia-1.4b,high,35,15,15,0.38572857826948165,1.0,always_correct
pythia-1.4b,high,36,15,11,0.13685324328641096,0.7333333333333333,variable
pythia-1.4b,high,37,15,13,0.24552455799033243,0.8666666666666667,variable
pythia-1.4b,high,38,15,14,0.2213042917350928,0.9333333333333333,variable
pythia-1.4b,high,39,15,12,0.1537266946087281,0.8,variable
pythia-1.4b,high,40,15,13,0.5009518402318159,0.8666666666666667,variable
pythia-1.4b,high,41,15,15,0.49282232026259104,1.0,always_correct
pythia-1.4b,high,42,15,10,0.4116757806390524,0.6666666666666666,variable
pythia-1.4b,high,43,15,13,0.3085156073793769,0.8666666666666667,variable
pythia-1.4b,high,44,15,15,0.565790685514609,1.0,always_correct
pythia-1.4b,high,45,15,15,0.4010924870769183,1.0,always_correct
pythia-1.4b,high,46,15,15,0.5015850216150284,1.0,always_correct
pythia-1.4b,high,47,15,15,0.3953149288892746,1.0,always_correct
pythia-1.4b,high,48,15,13,0.42158250405142705,0.8666666666666667,variable
pythia-1.4b,high,49,15,15,0.5179549064487219,1.0,always_correct
pythia-1.4b,high,50,15,12,0.18935390412807465,0.8,variable
pythia-1.4b,high,51,15,12,0.18181068487465382,0.8,variable
pythia-1.4b,high,52,15,15,0.28505193392435707,1.0,always_correct
pythia-1.4b,high,53,15,13,0.4579206860313813,0.8666666666666667,variable
pythia-1.4b,high,54,15,13,0.23900014491130908,0.8666666666666667,variable
pythia-1.4b,high,55,15,15,0.5532291953762373,1.0,always_correct
pythia-1.4b,high,56,15,15,0.6616514181097348,1.0,always_correct
pythia-1.4b,high,57,15,13,0.45287902482474846,0.8666666666666667,variable
pythia-1.4b,high,58,15,15,0.4300334836045901,1.0,always_correct
pythia-1.4b,high,59,15,15,0.4988961080710093,1.0,always_correct
pythia-1.4b,high,60,15,7,0.08875023368746042,0.4666666666666667,variable
pythia-1.4b,high,61,15,12,0.49171346575021746,0.8,variable
pythia-1.4b,high,62,15,15,0.631382018327713,1.0,always_correct
pythia-1.4b,high,63,15,13,0.5099260726943612,0.8666666666666667,variable
pythia-1.4b,high,64,15,12,0.28592938066770635,0.8,variable
pythia-1.4b,high,65,15,15,0.6412325670321782,1.0,always_correct
pythia-1.4b,high,66,15,15,0.3975227845211824,1.0,always_correct
pythia-1.4b,high,67,15,15,0.4849032188455264,1.0,always_correct
pythia-1.4b,high,68,15,14,0.38770736480752627,0.9333333333333333,variable
pythia-1.4b,high,69,15,13,0.3610771790146828,0.8666666666666667,variable
pythia-1.4b,high,70,15,15,0.5605681401987871,1.0,always_correct
pythia-1.4b,high,71,15,15,0.566103977461656,1.0,always_correct
pythia-1.4b,high,72,15,14,0.3598291253050168,0.9333333333333333,variable
pythia-1.4b,high,73,15,10,0.13828478303427497,0.6666666666666666,variable
pythia-1.4b,high,74,15,10,0.43900492737690605,0.6666666666666666,variable
pythia-1.4b,high,75,15,15,0.5780300229787827,1.0,always_correct
pythia-1.4b,high,76,15,14,0.24809146784245967,0.9333333333333333,variable
pythia-1.4b,high,77,15,15,0.2925331195195516,1.0,always_correct
pythia-1.4b,high,78,15,15,0.48224940995375315,1.0,always_correct
pythia-1.4b,high,79,15,15,0.6663185487190882,1.0,always_correct
pythia-1.4b,high,80,15,12,0.31041683393220104,0.8,variable
pythia-1.4b,high,81,15,14,0.4566361476977666,0.9333333333333333,variable
pythia-1.4b,high,82,15,12,0.41960429487129053,0.8,variable
pythia-1.4b,high,83,15,14,0.2400380829970042,0.9333333333333333,variable
pythia-1.4b,high,84,15,15,0.40706326216459277,1.0,always_correct
pythia-1.4b,high,85,15,14,0.4584033162643512,0.9333333333333333,variable
pythia-1.4b,high,86,15,12,0.35771261267364024,0.8,variable
pythia-1.4b,high,87,15,8,0.08995619928464293,0.5333333333333333,variable
pythia-1.4b,high,88,15,15,0.5955421179533005,1.0,always_correct
pythia-1.4b,high,89,15,15,0.5934936920801799,1.0,always_correct
pythia-1.4b,high,90,15,11,0.42877358704184493,0.7333333333333333,variable
pythia-1.4b,high,91,15,15,0.35361434780061246,1.0,always_correct
pythia-1.4b,high,92,15,9,0.12074794818957647,0.6,variable
pythia-1.4b,high,93,15,15,0.3760643074909846,1.0,always_correct
pythia-1.4b,high,94,15,15,0.6170239935318629,1.0,always_correct
pythia-1.4b,high,95,15,15,0.37796783323089284,1.0,always_correct
pythia-1.4b,high,96,15,15,0.43479723632335665,1.0,always_correct
pythia-1.4b,high,97,15,15,0.4583458273361127,1.0,always_correct
pythia-1.4b,high,98,15,15,0.4995818053682645,1.0,always_correct
pythia-1.4b,high,99,15,13,0.40585484642845887,0.8666666666666667,variable
pythia-1.4b,high,100,15,14,0.2655720559259256,0.9333333333333333,variable
pythia-1.4b,high,101,15,14,0.269900477429231,0.9333333333333333,variable
pythia-1.4b,high,102,15,15,0.32102560102939603,1.0,always_correct
pythia-1.4b,high,103,15,15,0.30791126390298207,1.0,always_correct
pythia-1.4b,high,104,15,14,0.4958262339234352,0.9333333333333333,variable
pythia-1.4b,high,105,15,15,0.5856291353702545,1.0,always_correct
pythia-1.4b,high,106,15,15,0.7742085099220276,1.0,always_correct
pythia-1.4b,high,107,15,15,0.5308677516877651,1.0,always_correct
pythia-1.4b,high,108,15,15,0.6002756131192049,1.0,always_correct
pythia-1.4b,high,109,15,15,0.5803412705659866,1.0,always_correct
pythia-1.4b,high,110,15,15,0.5393629809220631,1.0,always_correct
pythia-1.4b,high,111,15,15,0.5556482980648677,1.0,always_correct
pythia-1.4b,high,112,15,15,0.5892159064610799,1.0,always_correct
pythia-1.4b,high,113,15,14,0.30608083804448444,0.9333333333333333,variable
pythia-1.4b,high,114,15,14,0.34853047964473566,0.9333333333333333,variable
pythia-1.4b,high,115,15,14,0.3097615008552869,0.9333333333333333,variable
pythia-1.4b,high,116,15,15,0.5601293752590816,1.0,always_correct
pythia-1.4b,high,117,15,12,0.4587651875180503,0.8,variable
pythia-1.4b,high,118,15,15,0.4120356675237417,1.0,always_correct
pythia-1.4b,high,119,15,12,0.5002189105997483,0.8,variable
pythia-1.4b,high,120,15,7,0.20539384184715648,0.4666666666666667,variable
pythia-1.4b,high,121,15,12,0.27945228504637876,0.8,variable
pythia-1.4b,high,122,15,14,0.4066395040601492,0.9333333333333333,variable
pythia-1.4b,high,123,15,13,0.43110221438109875,0.8666666666666667,variable
pythia-1.4b,high,124,15,13,0.2689879220056658,0.8666666666666667,variable
pythia-1.4b,high,125,15,13,0.2793289518604676,0.8666666666666667,variable
pythia-1.4b,high,126,15,13,0.40791012421250344,0.8666666666666667,variable
pythia-1.4b,high,127,15,14,0.2646562855690718,0.9333333333333333,variable
pythia-1.4b,high,128,15,15,0.45715148548285167,1.0,always_correct
pythia-1.4b,high,129,15,15,0.48017239024241765,1.0,always_correct
pythia-1.4b,high,130,15,13,0.27149145665268104,0.8666666666666667,variable
pythia-1.4b,high,131,15,15,0.5795037120580673,1.0,always_correct
pythia-1.4b,high,132,15,15,0.29888141304254534,1.0,always_correct
pythia-1.4b,high,133,15,11,0.41401900549729664,0.7333333333333333,variable
pythia-1.4b,high,134,15,14,0.42371434544523556,0.9333333333333333,variable
pythia-1.4b,high,135,15,14,0.2895377499361833,0.9333333333333333,variable
pythia-1.4b,high,136,15,15,0.7247338980436325,1.0,always_correct
pythia-1.4b,high,137,15,13,0.30224767816253006,0.8666666666666667,variable
pythia-1.4b,high,138,15,15,0.4230660085876783,1.0,always_correct
pythia-1.4b,high,139,15,15,0.490319561958313,1.0,always_correct
pythia-1.4b,high,140,15,11,0.13413882434833796,0.7333333333333333,variable
pythia-1.4b,high,141,15,13,0.27917140647768973,0.8666666666666667,variable
pythia-1.4b,high,142,15,13,0.5143389287715157,0.8666666666666667,variable
pythia-1.4b,high,143,15,15,0.6684512992699941,1.0,always_correct
pythia-1.4b,high,144,15,15,0.6617000629504521,1.0,always_correct
pythia-1.4b,high,145,15,11,0.2563433710485697,0.7333333333333333,variable
pythia-1.4b,high,146,15,15,0.6538163959980011,1.0,always_correct
pythia-1.4b,high,147,15,14,0.294421715537707,0.9333333333333333,variable
pythia-1.4b,high,148,15,15,0.5890220992267132,1.0,always_correct
pythia-1.4b,high,149,15,12,0.2253556918973724,0.8,variable
pythia-1.4b,high,150,15,15,0.40415652145942055,1.0,always_correct
pythia-1.4b,high,151,15,11,0.42724112545450527,0.7333333333333333,variable
pythia-1.4b,high,152,15,15,0.3879115954041481,1.0,always_correct
pythia-1.4b,high,153,15,11,0.2977886889905979,0.7333333333333333,variable
pythia-1.4b,high,154,15,14,0.27257228816548984,0.9333333333333333,variable
pythia-1.4b,high,155,15,14,0.14864594588677088,0.9333333333333333,variable
pythia-1.4b,high,156,15,15,0.3474376489718755,1.0,always_correct
pythia-1.4b,high,157,15,14,0.42356329460938774,0.9333333333333333,variable
pythia-1.4b,high,158,15,15,0.513321885218223,1.0,always_correct
pythia-1.4b,high,159,15,8,0.1344220068305731,0.5333333333333333,variable
pythia-1.4b,high,160,15,8,0.12853149290021976,0.5333333333333333,variable
pythia-1.4b,high,161,15,11,0.15813187484939892,0.7333333333333333,variable
pythia-1.4b,high,162,15,12,0.4546521032849948,0.8,variable
pythia-1.4b,high,163,15,11,0.23809112367841104,0.7333333333333333,variable
pythia-1.4b,high,164,15,15,0.381707281122605,1.0,always_correct
pythia-1.4b,high,165,15,10,0.3531493682957565,0.6666666666666666,variable
pythia-1.4b,high,166,15,15,0.3772214114665985,1.0,always_correct
pythia-1.4b,high,167,15,15,0.42366285746296245,1.0,always_correct
pythia-1.4b,high,168,15,14,0.377760773152113,0.9333333333333333,variable
pythia-1.4b,high,169,15,13,0.2568083280697465,0.8666666666666667,variable
pythia-1.4b,high,170,15,15,0.2522107258439064,1.0,always_correct
pythia-1.4b,high,171,15,15,0.2867347036798795,1.0,always_correct
pythia-1.4b,high,172,15,14,0.3440166403229038,0.9333333333333333,variable
pythia-1.4b,high,173,15,9,0.1516747544830044,0.6,variable
pythia-1.4b,high,174,15,15,0.36493046383063,1.0,always_correct
pythia-1.4b,high,175,15,14,0.3589198547104994,0.9333333333333333,variable
pythia-1.4b,high,176,15,15,0.6373305161794026,1.0,always_correct
pythia-1.4b,high,177,15,15,0.37295493682225545,1.0,always_correct
pythia-1.4b,high,178,15,15,0.32505871367951233,1.0,always_correct
pythia-1.4b,high,179,15,9,0.21312150245066733,0.6,variable
pythia-1.4b,high,180,15,15,0.35475685993830364,1.0,always_correct
pythia-1.4b,high,181,15,15,0.2932578439513842,1.0,always_correct
pythia-1.4b,high,182,15,13,0.14421484805643559,0.8666666666666667,variable
pythia-1.4b,high,183,15,11,0.2620124376999835,0.7333333333333333,variable
pythia-1.4b,high,184,15,15,0.503743228316307,1.0,always_correct
pythia-1.4b,high,185,15,15,0.6720164080460866,1.0,always_correct
pythia-1.4b,high,186,15,13,0.23150644682658214,0.8666666666666667,variable
pythia-1.4b,high,187,15,15,0.5598506957292557,1.0,always_correct
pythia-1.4b,high,188,15,14,0.4564061189691226,0.9333333333333333,variable
pythia-1.4b,high,189,15,13,0.3773947578544418,0.8666666666666667,variable
pythia-1.4b,high,190,15,15,0.36376114959518113,1.0,always_correct
pythia-1.4b,high,191,15,15,0.4160449956854185,1.0,always_correct
pythia-1.4b,high,192,15,13,0.46215346703926724,0.8666666666666667,variable
pythia-1.4b,high,193,15,13,0.5079906389117241,0.8666666666666667,variable
pythia-1.4b,high,194,15,13,0.5469821594655514,0.8666666666666667,variable
pythia-1.4b,high,195,15,15,0.4484637593229612,1.0,always_correct
pythia-1.4b,high,196,15,12,0.3008712415893873,0.8,variable
pythia-1.4b,high,197,15,13,0.3654643365492423,0.8666666666666667,variable
pythia-1.4b,high,198,15,14,0.6299828076114257,0.9333333333333333,variable
pythia-1.4b,high,199,15,14,0.4117108128964901,0.9333333333333333,variable
pythia-1.4b,high,200,15,15,0.5050601417819659,1.0,always_correct
pythia-1.4b,high,201,15,15,0.3876646963258584,1.0,always_correct
pythia-1.4b,high,202,15,10,0.29609295769284166,0.6666666666666666,variable
pythia-1.4b,high,203,15,13,0.12569600368539494,0.8666666666666667,variable
pythia-1.4b,high,204,15,15,0.6603048086166382,1.0,always_correct
pythia-1.4b,high,205,15,15,0.5323299686113994,1.0,always_correct
pythia-1.4b,high,206,15,12,0.27485788852597276,0.8,variable
pythia-1.4b,high,207,15,10,0.3912122271955013,0.6666666666666666,variable
pythia-1.4b,high,208,15,10,0.3630778674346705,0.6666666666666666,variable
pythia-1.4b,high,209,15,13,0.409895513455073,0.8666666666666667,variable
pythia-1.4b,high,210,15,15,0.3135059908032417,1.0,always_correct
pythia-1.4b,high,211,15,13,0.2875971503555775,0.8666666666666667,variable
pythia-1.4b,high,212,15,15,0.3730116921166579,1.0,always_correct
pythia-1.4b,high,213,15,15,0.6662366261084874,1.0,always_correct
pythia-1.4b,high,214,15,15,0.5201927428444226,1.0,always_correct
pythia-1.4b,high,215,15,15,0.5709150751431783,1.0,always_correct
pythia-1.4b,high,216,15,13,0.4316921222023666,0.8666666666666667,variable
pythia-1.4b,high,217,15,14,0.52629680732886,0.9333333333333333,variable
pythia-1.4b,high,218,15,13,0.44401925383135676,0.8666666666666667,variable
pythia-1.4b,high,219,15,15,0.6250020265579224,1.0,always_correct
pythia-1.4b,high,220,15,14,0.44387859143316744,0.9333333333333333,variable
pythia-1.4b,high,221,15,15,0.592456207672755,1.0,always_correct
pythia-1.4b,high,222,15,14,0.5483563487728437,0.9333333333333333,variable
pythia-1.4b,high,223,15,14,0.5492726193740964,0.9333333333333333,variable
pythia-1.4b,high,224,15,11,0.30079681624968846,0.7333333333333333,variable
pythia-1.4b,low,0,15,15,0.27862390292187533,1.0,always_correct
pythia-1.4b,low,1,15,15,0.46114428229629995,1.0,always_correct
pythia-1.4b,low,2,15,14,0.225448103963087,0.9333333333333333,variable
pythia-1.4b,low,3,15,9,0.16455718265691152,0.6,variable
pythia-1.4b,low,4,15,9,0.10738084142406781,0.6,variable
pythia-1.4b,low,5,15,15,0.4479892243941625,1.0,always_correct
pythia-1.4b,low,6,15,14,0.2693576126048962,0.9333333333333333,variable
pythia-1.4b,low,7,15,11,0.2585389222794523,0.7333333333333333,variable
pythia-1.4b,low,8,15,13,0.20994336095949015,0.8666666666666667,variable
pythia-1.4b,low,9,15,10,0.2249722005033012,0.6666666666666666,variable
pythia-1.4b,low,10,15,11,0.16861751846348247,0.7333333333333333,variable
pythia-1.4b,low,11,15,11,0.13983808988705276,0.7333333333333333,variable
pythia-1.4b,low,12,15,9,0.17402149901414912,0.6,variable
pythia-1.4b,low,13,15,10,0.309841612020197,0.6666666666666666,variable
pythia-1.4b,low,14,15,12,0.3210827569787701,0.8,variable
pythia-1.4b,low,15,15,9,0.1577368808949056,0.6,variable
pythia-1.4b,low,16,15,13,0.5668747102220854,0.8666666666666667,variable
pythia-1.4b,low,17,15,10,0.34414280398438374,0.6666666666666666,variable
pythia-1.4b,low,18,15,11,0.22254315223544835,0.7333333333333333,variable
pythia-1.4b,low,19,15,9,0.04485252328837911,0.6,variable
pythia-1.4b,low,20,15,4,0.07622911832295358,0.26666666666666666,variable
pythia-1.4b,low,21,15,4,0.049363079573959114,0.26666666666666666,variable
pythia-1.4b,low,22,15,12,0.4146729828401779,0.8,variable
pythia-1.4b,low,23,15,15,0.37906605725487075,1.0,always_correct
pythia-1.4b,low,24,15,14,0.2633419909824928,0.9333333333333333,variable
pythia-1.4b,low,25,15,12,0.30941498183334865,0.8,variable
pythia-1.4b,low,26,15,15,0.5927787045637767,1.0,always_correct
pythia-1.4b,low,27,15,12,0.3422794656207164,0.8,variable
pythia-1.4b,low,28,15,11,0.11336541416822002,0.7333333333333333,variable
pythia-1.4b,low,29,15,6,0.17941810364524524,0.4,variable
pythia-1.4b,low,30,15,8,0.23348949537612498,0.5333333333333333,variable
pythia-1.4b,low,31,15,12,0.3411476692960908,0.8,variable
pythia-1.4b,low,32,15,13,0.3294193588818113,0.8666666666666667,variable
pythia-1.4b,low,33,15,13,0.41536668154100576,0.8666666666666667,variable
pythia-1.4b,low,34,15,7,0.09701238912530244,0.4666666666666667,variable
pythia-1.4b,low,35,15,5,0.11125490615765253,0.3333333333333333,variable
pythia-1.4b,low,36,15,13,0.33300912715494635,0.8666666666666667,variable
pythia-1.4b,low,37,15,4,0.01540966487445985,0.26666666666666666,variable
pythia-1.4b,low,38,15,10,0.09169159044201175,0.6666666666666666,variable
pythia-1.4b,low,39,15,8,0.16781636271625758,0.5333333333333333,variable
pythia-1.4b,low,40,15,15,0.4386797197163105,1.0,always_correct
pythia-1.4b,low,41,15,15,0.4148274136086305,1.0,always_correct
pythia-1.4b,low,42,15,12,0.28893035765116415,0.8,variable
pythia-1.4b,low,43,15,7,0.20046839971716204,0.4666666666666667,variable
pythia-1.4b,low,44,15,14,0.28749862040082613,0.9333333333333333,variable
pythia-1.4b,low,45,15,10,0.12575668043767413,0.6666666666666666,variable
pythia-1.4b,low,46,15,5,0.036381138519694406,0.3333333333333333,variable
pythia-1.4b,low,47,15,9,0.1833328631396095,0.6,variable
pythia-1.4b,low,48,15,15,0.4284720294177532,1.0,always_correct
pythia-1.4b,low,49,15,11,0.2645229268198212,0.7333333333333333,variable
pythia-1.4b,low,50,15,10,0.11026624639829,0.6666666666666666,variable
pythia-1.4b,low,51,15,15,0.3762700946380695,1.0,always_correct
pythia-1.4b,low,52,15,11,0.24159351826334993,0.7333333333333333,variable
pythia-1.4b,low,53,15,15,0.27013277138272923,1.0,always_correct
pythia-1.4b,low,54,15,6,0.14964907603959243,0.4,variable
pythia-1.4b,low,55,15,9,0.23827484122787912,0.6,variable
pythia-1.4b,low,56,15,11,0.22133871677021186,0.7333333333333333,variable
pythia-1.4b,low,57,15,11,0.17112808447952071,0.7333333333333333,variable
pythia-1.4b,low,58,15,9,0.1764600978543361,0.6,variable
pythia-1.4b,low,59,15,9,0.11360491670978566,0.6,variable
pythia-1.4b,low,60,15,13,0.2149943331256509,0.8666666666666667,variable
pythia-1.4b,low,61,15,13,0.36800196543335917,0.8666666666666667,variable
pythia-1.4b,low,62,15,15,0.5762096315622329,1.0,always_correct
pythia-1.4b,low,63,15,10,0.21325252771688005,0.6666666666666666,variable
pythia-1.4b,low,64,15,4,0.05245373578897367,0.26666666666666666,variable
pythia-1.4b,low,65,15,8,0.1257574086698393,0.5333333333333333,variable
pythia-1.4b,low,66,15,13,0.4065271341241896,0.8666666666666667,variable
pythia-1.4b,low,67,15,13,0.3314777334531148,0.8666666666666667,variable
pythia-1.4b,low,68,15,13,0.4635661938538154,0.8666666666666667,variable
pythia-1.4b,low,69,15,13,0.2899721937874953,0.8666666666666667,variable
pythia-1.4b,low,70,15,6,0.08529740630959472,0.4,variable
pythia-1.4b,low,71,15,14,0.33266305426756543,0.9333333333333333,variable
pythia-1.4b,low,72,15,14,0.3554337087087333,0.9333333333333333,variable
pythia-1.4b,low,73,15,12,0.19552539848567296,0.8,variable
pythia-1.4b,low,74,15,12,0.21154268753404418,0.8,variable
pythia-1.4b,low,75,15,10,0.2056428595756491,0.6666666666666666,variable
pythia-1.4b,low,76,15,11,0.12827053212871153,0.7333333333333333,variable
pythia-1.4b,low,77,15,14,0.13567047603428364,0.9333333333333333,variable
pythia-1.4b,low,78,15,13,0.2613599066932996,0.8666666666666667,variable
pythia-1.4b,low,79,15,9,0.1650231493326525,0.6,variable
pythia-1.4b,low,80,15,10,0.11836662034038455,0.6666666666666666,variable
pythia-1.4b,low,81,15,12,0.25922991065308454,0.8,variable
pythia-1.4b,low,82,15,14,0.16623872646596283,0.9333333333333333,variable
pythia-1.4b,low,83,15,15,0.35266291704028846,1.0,always_correct
pythia-1.4b,low,84,15,12,0.1977341899648309,0.8,variable
pythia-1.4b,low,85,15,13,0.2869106983455519,0.8666666666666667,variable
pythia-1.4b,low,86,15,7,0.15794343344168738,0.4666666666666667,variable
pythia-1.4b,low,87,15,3,0.018120500868341573,0.2,variable
pythia-1.4b,low,88,15,10,0.30641866445851823,0.6666666666666666,variable
pythia-1.4b,low,89,15,10,0.23626838716057438,0.6666666666666666,variable
pythia-1.4b,low,90,15,15,0.25835674616197746,1.0,always_correct
pythia-1.4b,low,91,15,14,0.3037006980661924,0.9333333333333333,variable
pythia-1.4b,low,92,15,12,0.33395717269741,0.8,variable
pythia-1.4b,low,93,15,15,0.7073130706946055,1.0,always_correct
pythia-1.4b,low,94,15,9,0.3086940966546535,0.6,variable
pythia-1.4b,low,95,15,6,0.15156044671311975,0.4,variable
pythia-1.4b,low,96,15,9,0.13569447702417772,0.6,variable
pythia-1.4b,low,97,15,6,0.08150966940447688,0.4,variable
pythia-1.4b,low,98,15,9,0.14891802927983613,0.6,variable
pythia-1.4b,low,99,15,14,0.2985720890263716,0.9333333333333333,variable
pythia-1.4b,low,100,15,11,0.29593066228553655,0.7333333333333333,variable
pythia-1.4b,low,101,15,11,0.18182057879554728,0.7333333333333333,variable
pythia-1.4b,low,102,15,14,0.2792814710487922,0.9333333333333333,variable
pythia-1.4b,low,103,15,11,0.3647831699810922,0.7333333333333333,variable
pythia-1.4b,low,104,15,10,0.13372828230882686,0.6666666666666666,variable
pythia-1.4b,low,105,15,12,0.2799019293238719,0.8,variable
pythia-1.4b,low,106,15,8,0.18897524592854703,0.5333333333333333,variable
pythia-1.4b,low,107,15,7,0.07326103643669436,0.4666666666666667,variable
pythia-1.4b,low,108,15,8,0.27175325248390436,0.5333333333333333,variable
pythia-1.4b,low,109,15,14,0.36164955319836734,0.9333333333333333,variable
pythia-1.4b,low,110,15,6,0.13231997683954735,0.4,variable
pythia-1.4b,low,111,15,13,0.303016553260386,0.8666666666666667,variable
pythia-1.4b,low,112,15,10,0.23037375157291534,0.6666666666666666,variable
pythia-1.4b,low,113,15,7,0.07382174986414611,0.4666666666666667,variable
pythia-1.4b,low,114,15,11,0.1905666492258509,0.7333333333333333,variable
pythia-1.4b,low,115,15,12,0.10688742734491825,0.8,variable
pythia-1.4b,low,116,15,11,0.1288216109232356,0.7333333333333333,variable
pythia-1.4b,low,117,15,10,0.14214916819085677,0.6666666666666666,variable
pythia-1.4b,low,118,15,13,0.1341954620865484,0.8666666666666667,variable
pythia-1.4b,low,119,15,11,0.3030103689990938,0.7333333333333333,variable
pythia-1.4b,low,120,15,10,0.07561897672712803,0.6666666666666666,variable
pythia-1.4b,low,121,15,15,0.22902897813667852,1.0,always_correct
pythia-1.4b,low,122,15,14,0.10701033417135478,0.9333333333333333,variable
pythia-1.4b,low,123,15,9,0.15480930813161345,0.6,variable
pythia-1.4b,low,124,15,15,0.23162820972502232,1.0,always_correct
pythia-1.4b,low,125,15,10,0.3473659793535868,0.6666666666666666,variable
pythia-1.4b,low,126,15,12,0.4501253648350636,0.8,variable
pythia-1.4b,low,127,15,9,0.083082688630869,0.6,variable
pythia-1.4b,low,128,15,10,0.17813491728156805,0.6666666666666666,variable
pythia-1.4b,low,129,15,14,0.21401627771556378,0.9333333333333333,variable
pythia-1.4b,low,130,15,7,0.028493366312856476,0.4666666666666667,variable
pythia-1.4b,low,131,15,10,0.31296181787426275,0.6666666666666666,variable
pythia-1.4b,low,132,15,9,0.2278719862923026,0.6,variable
pythia-1.4b,low,133,15,15,0.4439005427062511,1.0,always_correct
pythia-1.4b,low,134,15,11,0.28649518142143887,0.7333333333333333,variable
pythia-1.4b,low,135,15,9,0.2771390670289596,0.6,variable
pythia-1.4b,low,136,15,13,0.2783178400248289,0.8666666666666667,variable
pythia-1.4b,low,137,15,14,0.31557804824163516,0.9333333333333333,variable
pythia-1.4b,low,138,15,3,0.04538927221049865,0.2,variable
pythia-1.4b,low,139,15,13,0.2956392112188041,0.8666666666666667,variable
pythia-1.4b,low,140,15,6,0.0657295118648714,0.4,variable
pythia-1.4b,low,141,15,14,0.5481852327783903,0.9333333333333333,variable
pythia-1.4b,low,142,15,13,0.2722388764183658,0.8666666666666667,variable
pythia-1.4b,low,143,15,14,0.26454336643218995,0.9333333333333333,variable
pythia-1.4b,low,144,15,14,0.20314092508827647,0.9333333333333333,variable
pythia-1.4b,low,145,15,15,0.420830662548542,1.0,always_correct
pythia-1.4b,low,146,15,12,0.33638938205937546,0.8,variable
pythia-1.4b,low,147,15,12,0.1564080188671748,0.8,variable
pythia-1.4b,low,148,15,12,0.4398938612701992,0.8,variable
pythia-1.4b,low,149,15,13,0.34704128513112664,0.8666666666666667,variable
pythia-1.4b,low,150,15,8,0.10099293312408311,0.5333333333333333,variable
pythia-1.4b,low,151,15,11,0.23944618413224816,0.7333333333333333,variable
pythia-1.4b,low,152,15,12,0.17850279569004973,0.8,variable
pythia-1.4b,low,153,15,8,0.1864131790585816,0.5333333333333333,variable
pythia-1.4b,low,154,15,12,0.18918360210955143,0.8,variable
pythia-1.4b,low,155,15,13,0.38166505373859155,0.8666666666666667,variable
pythia-1.4b,low,156,15,15,0.2560727837185065,1.0,always_correct
pythia-1.4b,low,157,15,15,0.2809230880190929,1.0,always_correct
pythia-1.4b,low,158,15,14,0.5587106713404258,0.9333333333333333,variable
pythia-1.4b,low,159,15,11,0.1666341010481119,0.7333333333333333,variable
pythia-1.4b,low,160,15,13,0.12823033841947715,0.8666666666666667,variable
pythia-1.4b,low,161,15,9,0.09377361750230193,0.6,variable
pythia-1.4b,low,162,15,15,0.32822124361991883,1.0,always_correct
pythia-1.4b,low,163,15,10,0.2820945583594342,0.6666666666666666,variable
pythia-1.4b,low,164,15,12,0.400426702129577,0.8,variable
pythia-1.4b,low,165,15,12,0.13679110274339715,0.8,variable
pythia-1.4b,low,166,15,5,0.1536010068821876,0.3333333333333333,variable
pythia-1.4b,low,167,15,12,0.13057781824221212,0.8,variable
pythia-1.4b,low,168,15,12,0.15355353684475023,0.8,variable
pythia-1.4b,low,169,15,9,0.21413687670525786,0.6,variable
pythia-1.4b,low,170,15,13,0.1398153256935378,0.8666666666666667,variable
pythia-1.4b,low,171,15,15,0.29062249610821406,1.0,always_correct
pythia-1.4b,low,172,15,14,0.517505494505167,0.9333333333333333,variable
pythia-1.4b,low,173,15,6,0.06110845034418162,0.4,variable
pythia-1.4b,low,174,15,9,0.23603669196212043,0.6,variable
pythia-1.4b,low,175,15,8,0.17588007382582874,0.5333333333333333,variable
pythia-1.4b,low,176,15,13,0.23820800116906563,0.8666666666666667,variable
pythia-1.4b,low,177,15,5,0.1324524917329351,0.3333333333333333,variable
pythia-1.4b,low,178,15,15,0.25208486082653203,1.0,always_correct
pythia-1.4b,low,179,15,12,0.16243726561466854,0.8,variable
pythia-1.4b,low,180,15,5,0.11775747858531152,0.3333333333333333,variable
pythia-1.4b,low,181,15,14,0.23300562500953675,0.9333333333333333,variable
pythia-1.4b,low,182,15,10,0.322832434248024,0.6666666666666666,variable
pythia-1.4b,low,183,15,1,0.003777695392879347,0.06666666666666667,variable
pythia-1.4b,low,184,15,14,0.21337073414276045,0.9333333333333333,variable
pythia-1.4b,low,185,15,7,0.03897964761126786,0.4666666666666667,variable
pythia-1.4b,low,186,15,11,0.25701884403824804,0.7333333333333333,variable
pythia-1.4b,low,187,15,6,0.07071819738484919,0.4,variable
pythia-1.4b,low,188,15,7,0.1546187341446057,0.4666666666666667,variable
pythia-1.4b,low,189,15,12,0.16278123122950394,0.8,variable
pythia-1.4b,low,190,15,11,0.15292414256061118,0.7333333333333333,variable
pythia-1.4b,low,191,15,7,0.11441758866033827,0.4666666666666667,variable
pythia-1.4b,low,192,15,8,0.08537377011574183,0.5333333333333333,variable
pythia-1.4b,low,193,15,12,0.33443186854322754,0.8,variable
pythia-1.4b,low,194,15,12,0.16403208058327437,0.8,variable
pythia-1.4b,low,195,15,15,0.33721722587943076,1.0,always_correct
pythia-1.4b,low,196,15,13,0.3604249383012454,0.8666666666666667,variable
pythia-1.4b,low,197,15,13,0.3302691336721182,0.8666666666666667,variable
pythia-1.4b,low,198,15,9,0.21528321827451388,0.6,variable
pythia-1.4b,low,199,15,14,0.32170477757851285,0.9333333333333333,variable
pythia-1.4b,low,200,15,12,0.3569297610471646,0.8,variable
pythia-1.4b,low,201,15,11,0.16902283957848946,0.7333333333333333,variable
pythia-1.4b,low,202,15,15,0.3564326579372088,1.0,always_correct
pythia-1.4b,low,203,15,10,0.13772214930504562,0.6666666666666666,variable
pythia-1.4b,low,204,15,9,0.2840755113672155,0.6,variable
pythia-1.4b,low,205,15,10,0.34289352148771285,0.6666666666666666,variable
pythia-1.4b,low,206,15,12,0.25724382096280657,0.8,variable
pythia-1.4b,low,207,15,11,0.2603956532975038,0.7333333333333333,variable
pythia-1.4b,low,208,15,6,0.07733285866949396,0.4,variable
pythia-1.4b,low,209,15,14,0.31492919735610486,0.9333333333333333,variable
pythia-1.4b,low,210,15,8,0.2889944012121608,0.5333333333333333,variable
pythia-1.4b,low,211,15,1,0.022559972091888387,0.06666666666666667,variable
pythia-1.4b,low,212,15,9,0.3036597170867026,0.6,variable
pythia-1.4b,low,213,15,14,0.3146236886891226,0.9333333333333333,variable
pythia-1.4b,low,214,15,12,0.1497948756131033,0.8,variable
pythia-1.4b,low,215,15,11,0.13203020462145407,0.7333333333333333,variable
pythia-1.4b,low,216,15,12,0.3088644126391349,0.8,variable
pythia-1.4b,low,217,15,11,0.12151693080862364,0.7333333333333333,variable
pythia-1.4b,low,218,15,14,0.3776316449046135,0.9333333333333333,variable
pythia-1.4b,low,219,15,8,0.2345574568840675,0.5333333333333333,variable
pythia-1.4b,low,220,15,15,0.3364572669068972,1.0,always_correct
pythia-1.4b,low,221,15,13,0.16763775454213223,0.8666666666666667,variable
pythia-1.4b,low,222,15,12,0.23071513840307792,0.8,variable
pythia-1.4b,low,223,15,13,0.4163615219605466,0.8666666666666667,variable
pythia-1.4b,low,224,15,10,0.294183062762022,0.6666666666666666,variable
pythia-1.4b,medium,0,15,8,0.2058915209490806,0.5333333333333333,variable
pythia-1.4b,medium,1,15,12,0.23500713684285682,0.8,variable
pythia-1.4b,medium,2,15,12,0.43265016625324887,0.8,variable
pythia-1.4b,medium,3,15,9,0.1589622649383576,0.6,variable
pythia-1.4b,medium,4,15,12,0.4115432221442461,0.8,variable
pythia-1.4b,medium,5,15,14,0.17777789582808812,0.9333333333333333,variable
pythia-1.4b,medium,6,15,12,0.15355943118532497,0.8,variable
pythia-1.4b,medium,7,15,12,0.24772556846340496,0.8,variable
pythia-1.4b,medium,8,15,9,0.2566637467592955,0.6,variable
pythia-1.4b,medium,9,15,12,0.10478494465351104,0.8,variable
pythia-1.4b,medium,10,15,10,0.3760779779831258,0.6666666666666666,variable
pythia-1.4b,medium,11,15,15,0.32709617068370184,1.0,always_correct
pythia-1.4b,medium,12,15,15,0.4058148597677549,1.0,always_correct
pythia-1.4b,medium,13,15,12,0.27591759952095646,0.8,variable
pythia-1.4b,medium,14,15,12,0.16310169793044527,0.8,variable
pythia-1.4b,medium,15,15,15,0.43246511841813723,1.0,always_correct
pythia-1.4b,medium,16,15,8,0.16333517216941498,0.5333333333333333,variable
pythia-1.4b,medium,17,15,9,0.07453074210012953,0.6,variable
pythia-1.4b,medium,18,15,15,0.3107690577705701,1.0,always_correct
pythia-1.4b,medium,19,15,14,0.21070665740408004,0.9333333333333333,variable
pythia-1.4b,medium,20,15,13,0.2577494631210963,0.8666666666666667,variable
pythia-1.4b,medium,21,15,11,0.10101059569666783,0.7333333333333333,variable
pythia-1.4b,medium,22,15,14,0.2740935555969675,0.9333333333333333,variable
pythia-1.4b,medium,23,15,15,0.43187058766682945,1.0,always_correct
pythia-1.4b,medium,24,15,15,0.37877167413632074,1.0,always_correct
pythia-1.4b,medium,25,15,14,0.29199034969011944,0.9333333333333333,variable
pythia-1.4b,medium,26,15,11,0.1867250127407412,0.7333333333333333,variable
pythia-1.4b,medium,27,15,11,0.29683383215839665,0.7333333333333333,variable
pythia-1.4b,medium,28,15,9,0.15001191201930245,0.6,variable
pythia-1.4b,medium,29,15,11,0.26086535130937893,0.7333333333333333,variable
pythia-1.4b,medium,30,15,8,0.08462121278668443,0.5333333333333333,variable
pythia-1.4b,medium,31,15,10,0.3994673203056057,0.6666666666666666,variable
pythia-1.4b,medium,32,15,12,0.22249480740477642,0.8,variable
pythia-1.4b,medium,33,15,11,0.28635483713199694,0.7333333333333333,variable
pythia-1.4b,medium,34,15,12,0.17658503353595734,0.8,variable
pythia-1.4b,medium,35,15,15,0.5366322254141171,1.0,always_correct
pythia-1.4b,medium,36,15,13,0.459123628702946,0.8666666666666667,variable
pythia-1.4b,medium,37,15,14,0.2812016561627388,0.9333333333333333,variable
pythia-1.4b,medium,38,15,11,0.5442866163483511,0.7333333333333333,variable
pythia-1.4b,medium,39,15,15,0.6349625587463379,1.0,always_correct
pythia-1.4b,medium,40,15,15,0.4451213672757149,1.0,always_correct
pythia-1.4b,medium,41,15,15,0.4613212063908577,1.0,always_correct
pythia-1.4b,medium,42,15,13,0.47450898059954244,0.8666666666666667,variable
pythia-1.4b,medium,43,15,15,0.29796364655097324,1.0,always_correct
pythia-1.4b,medium,44,15,15,0.5455031591157119,1.0,always_correct
pythia-1.4b,medium,45,15,15,0.4781312334040801,1.0,always_correct
pythia-1.4b,medium,46,15,12,0.1930447353515774,0.8,variable
pythia-1.4b,medium,47,15,14,0.3548729614665111,0.9333333333333333,variable
pythia-1.4b,medium,48,15,8,0.2855969460060199,0.5333333333333333,variable
pythia-1.4b,medium,49,15,13,0.41803030023972193,0.8666666666666667,variable
pythia-1.4b,medium,50,15,8,0.31875598543944456,0.5333333333333333,variable
pythia-1.4b,medium,51,15,13,0.19543566145002841,0.8666666666666667,variable
pythia-1.4b,medium,52,15,15,0.4312394678592682,1.0,always_correct
pythia-1.4b,medium,53,15,14,0.31712594827016194,0.9333333333333333,variable
pythia-1.4b,medium,54,15,13,0.32694193832576274,0.8666666666666667,variable
pythia-1.4b,medium,55,15,14,0.2990607077255845,0.9333333333333333,variable
pythia-1.4b,medium,56,15,11,0.21717282955845196,0.7333333333333333,variable
pythia-1.4b,medium,57,15,14,0.23092822516337036,0.9333333333333333,variable
pythia-1.4b,medium,58,15,11,0.3747084464877844,0.7333333333333333,variable
pythia-1.4b,medium,59,15,11,0.22597700292244555,0.7333333333333333,variable
pythia-1.4b,medium,60,15,13,0.4742111654253677,0.8666666666666667,variable
pythia-1.4b,medium,61,15,14,0.4382912224158645,0.9333333333333333,variable
pythia-1.4b,medium,62,15,13,0.2895653685399642,0.8666666666666667,variable
pythia-1.4b,medium,63,15,13,0.43018219641720257,0.8666666666666667,variable
pythia-1.4b,medium,64,15,15,0.47341447323560715,1.0,always_correct
pythia-1.4b,medium,65,15,14,0.47045301223794617,0.9333333333333333,variable
pythia-1.4b,medium,66,15,15,0.5485229045152664,1.0,always_correct
pythia-1.4b,medium,67,15,15,0.42972657134135567,1.0,always_correct
pythia-1.4b,medium,68,15,9,0.13958185478889693,0.6,variable
pythia-1.4b,medium,69,15,15,0.24380294779936473,1.0,always_correct
pythia-1.4b,medium,70,15,11,0.16387816302788755,0.7333333333333333,variable
pythia-1.4b,medium,71,15,10,0.19142753078291813,0.6666666666666666,variable
pythia-1.4b,medium,72,15,15,0.34148170314729215,1.0,always_correct
pythia-1.4b,medium,73,15,13,0.1181502854761978,0.8666666666666667,variable
pythia-1.4b,medium,74,15,12,0.40473347138613464,0.8,variable
pythia-1.4b,medium,75,15,14,0.2526351006701589,0.9333333333333333,variable
pythia-1.4b,medium,76,15,14,0.4052401834477981,0.9333333333333333,variable
pythia-1.4b,medium,77,15,15,0.35615343078970907,1.0,always_correct
pythia-1.4b,medium,78,15,7,0.09241969110444188,0.4666666666666667,variable
pythia-1.4b,medium,79,15,12,0.19147026826782773,0.8,variable
pythia-1.4b,medium,80,15,15,0.3386556241040429,1.0,always_correct
pythia-1.4b,medium,81,15,13,0.2779827712724606,0.8666666666666667,variable
pythia-1.4b,medium,82,15,10,0.38987057018481813,0.6666666666666666,variable
pythia-1.4b,medium,83,15,14,0.27878728906313577,0.9333333333333333,variable
pythia-1.4b,medium,84,15,15,0.41307862649361293,1.0,always_correct
pythia-1.4b,medium,85,15,8,0.20506978525469702,0.5333333333333333,variable
pythia-1.4b,medium,86,15,14,0.4461654194941123,0.9333333333333333,variable
pythia-1.4b,medium,87,15,14,0.3954753888460497,0.9333333333333333,variable
pythia-1.4b,medium,88,15,14,0.47403989856441814,0.9333333333333333,variable
pythia-1.4b,medium,89,15,15,0.4753358801205953,1.0,always_correct
pythia-1.4b,medium,90,15,15,0.33306811600923536,1.0,always_correct
pythia-1.4b,medium,91,15,14,0.4756684164206187,0.9333333333333333,variable
pythia-1.4b,medium,92,15,13,0.1626295555382967,0.8666666666666667,variable
pythia-1.4b,medium,93,15,11,0.43375865469376246,0.7333333333333333,variable
pythia-1.4b,medium,94,15,13,0.31487700194120405,0.8666666666666667,variable
pythia-1.4b,medium,95,15,13,0.15520675318936508,0.8666666666666667,variable
pythia-1.4b,medium,96,15,14,0.2822590418780843,0.9333333333333333,variable
pythia-1.4b,medium,97,15,12,0.16191471883406242,0.8,variable
pythia-1.4b,medium,98,15,10,0.31495047060307113,0.6666666666666666,variable
pythia-1.4b,medium,99,15,10,0.35204827435469876,0.6666666666666666,variable
pythia-1.4b,medium,100,15,15,0.5302467872699101,1.0,always_correct
pythia-1.4b,medium,101,15,13,0.32872171501318614,0.8666666666666667,variable
pythia-1.4b,medium,102,15,15,0.4032009318470955,1.0,always_correct
pythia-1.4b,medium,103,15,11,0.22245362363755702,0.7333333333333333,variable
pythia-1.4b,medium,104,15,9,0.23697645167509715,0.6,variable
pythia-1.4b,medium,105,15,10,0.3217817930271849,0.6666666666666666,variable
pythia-1.4b,medium,106,15,14,0.4341513976454735,0.9333333333333333,variable
pythia-1.4b,medium,107,15,7,0.11108292564749718,0.4666666666666667,variable
pythia-1.4b,medium,108,15,14,0.1652117380251487,0.9333333333333333,variable
pythia-1.4b,medium,109,15,11,0.1915709871177872,0.7333333333333333,variable
pythia-1.4b,medium,110,15,9,0.23168015607322257,0.6,variable
pythia-1.4b,medium,111,15,14,0.39502846797307334,0.9333333333333333,variable
pythia-1.4b,medium,112,15,8,0.30938148945569993,0.5333333333333333,variable
pythia-1.4b,medium,113,15,14,0.33944460125640036,0.9333333333333333,variable
pythia-1.4b,medium,114,15,14,0.2740089923143387,0.9333333333333333,variable
pythia-1.4b,medium,115,15,15,0.36343181431293486,1.0,always_correct
pythia-1.4b,medium,116,15,15,0.2595801419268052,1.0,always_correct
pythia-1.4b,medium,117,15,7,0.09755892034930487,0.4666666666666667,variable
pythia-1.4b,medium,118,15,13,0.35907703191041945,0.8666666666666667,variable
pythia-1.4b,medium,119,15,13,0.28434748904158674,0.8666666666666667,variable
pythia-1.4b,medium,120,15,15,0.5047586917877197,1.0,always_correct
pythia-1.4b,medium,121,15,7,0.32828049526239433,0.4666666666666667,variable
pythia-1.4b,medium,122,15,8,0.2989241491847982,0.5333333333333333,variable
pythia-1.4b,medium,123,15,15,0.627995132903258,1.0,always_correct
pythia-1.4b,medium,124,15,13,0.3136650823056698,0.8666666666666667,variable
pythia-1.4b,medium,125,15,8,0.07521119229495525,0.5333333333333333,variable
pythia-1.4b,medium,126,15,9,0.11303479320680102,0.6,variable
pythia-1.4b,medium,127,15,14,0.2768465481698513,0.9333333333333333,variable
pythia-1.4b,medium,128,15,13,0.22800108082592488,0.8666666666666667,variable
pythia-1.4b,medium,129,15,14,0.25377720470229786,0.9333333333333333,variable
pythia-1.4b,medium,130,15,14,0.42158517392041783,0.9333333333333333,variable
pythia-1.4b,medium,131,15,12,0.15839377949014305,0.8,variable
pythia-1.4b,medium,132,15,15,0.5895054320494334,1.0,always_correct
pythia-1.4b,medium,133,15,15,0.35386735027035077,1.0,always_correct
pythia-1.4b,medium,134,15,15,0.2770400879283746,1.0,always_correct
pythia-1.4b,medium,135,15,15,0.3380856183667978,1.0,always_correct
pythia-1.4b,medium,136,15,13,0.18571446761488913,0.8666666666666667,variable
pythia-1.4b,medium,137,15,12,0.27168234065175056,0.8,variable
pythia-1.4b,medium,138,15,12,0.14053799888739985,0.8,variable
pythia-1.4b,medium,139,15,10,0.12460608625163634,0.6666666666666666,variable
pythia-1.4b,medium,140,15,15,0.3133152383069197,1.0,always_correct
pythia-1.4b,medium,141,15,11,0.2805230950626234,0.7333333333333333,variable
pythia-1.4b,medium,142,15,11,0.3672327104645471,0.7333333333333333,variable
pythia-1.4b,medium,143,15,13,0.33773760677625736,0.8666666666666667,variable
pythia-1.4b,medium,144,15,13,0.22586863189935685,0.8666666666666667,variable
pythia-1.4b,medium,145,15,12,0.2257588343229145,0.8,variable
pythia-1.4b,medium,146,15,13,0.326026615810891,0.8666666666666667,variable
pythia-1.4b,medium,147,15,15,0.5917007346947988,1.0,always_correct
pythia-1.4b,medium,148,15,15,0.4178691187252601,1.0,always_correct
pythia-1.4b,medium,149,15,15,0.46540100673834484,1.0,always_correct
pythia-1.4b,medium,150,15,15,0.40207945021490255,1.0,always_correct
pythia-1.4b,medium,151,15,13,0.36197108201061684,0.8666666666666667,variable
pythia-1.4b,medium,152,15,14,0.4832287532587846,0.9333333333333333,variable
pythia-1.4b,medium,153,15,15,0.647408623745044,1.0,always_correct
pythia-1.4b,medium,154,15,12,0.06204170372026662,0.8,variable
pythia-1.4b,medium,155,15,15,0.5912738059957822,1.0,always_correct
pythia-1.4b,medium,156,15,7,0.09016411770135165,0.4666666666666667,variable
pythia-1.4b,medium,157,15,14,0.2946075240460535,0.9333333333333333,variable
pythia-1.4b,medium,158,15,13,0.3639654766768217,0.8666666666666667,variable
pythia-1.4b,medium,159,15,12,0.131116264530768,0.8,variable
pythia-1.4b,medium,160,15,7,0.1088203030405566,0.4666666666666667,variable
pythia-1.4b,medium,161,15,14,0.24896463801463445,0.9333333333333333,variable
pythia-1.4b,medium,162,15,12,0.29010390769690275,0.8,variable
pythia-1.4b,medium,163,15,15,0.3956574392815431,1.0,always_correct
pythia-1.4b,medium,164,15,14,0.49693979769945146,0.9333333333333333,variable
pythia-1.4b,medium,165,15,13,0.39597549152870976,0.8666666666666667,variable
pythia-1.4b,medium,166,15,7,0.14072583091134827,0.4666666666666667,variable
pythia-1.4b,medium,167,15,14,0.4036439509441455,0.9333333333333333,variable
pythia-1.4b,medium,168,15,13,0.4628385310371717,0.8666666666666667,variable
pythia-1.4b,medium,169,15,13,0.3463716288407644,0.8666666666666667,variable
pythia-1.4b,medium,170,15,12,0.08336163572967052,0.8,variable
pythia-1.4b,medium,171,15,15,0.44491283893585204,1.0,always_correct
pythia-1.4b,medium,172,15,10,0.3156903461087495,0.6666666666666666,variable
pythia-1.4b,medium,173,15,11,0.12061755624599754,0.7333333333333333,variable
pythia-1.4b,medium,174,15,13,0.45922015452136594,0.8666666666666667,variable
pythia-1.4b,medium,175,15,12,0.47804740083714325,0.8,variable
pythia-1.4b,medium,176,15,6,0.07836926762247458,0.4,variable
pythia-1.4b,medium,177,15,12,0.1921717238612473,0.8,variable
pythia-1.4b,medium,178,15,14,0.33737916412452856,0.9333333333333333,variable
pythia-1.4b,medium,179,15,12,0.2523570186768969,0.8,variable
pythia-1.4b,medium,180,15,10,0.25724382751310865,0.6666666666666666,variable
pythia-1.4b,medium,181,15,14,0.5653608709573745,0.9333333333333333,variable
pythia-1.4b,medium,182,15,12,0.4515559518088897,0.8,variable
pythia-1.4b,medium,183,15,15,0.2820226232210795,1.0,always_correct
pythia-1.4b,medium,184,15,15,0.7422162036101023,1.0,always_correct
pythia-1.4b,medium,185,15,9,0.3171944589664539,0.6,variable
pythia-1.4b,medium,186,15,14,0.37305238709474603,0.9333333333333333,variable
pythia-1.4b,medium,187,15,15,0.5014008224010468,1.0,always_correct
pythia-1.4b,medium,188,15,12,0.27309738895855845,0.8,variable
pythia-1.4b,medium,189,15,11,0.2279494082244734,0.7333333333333333,variable
pythia-1.4b,medium,190,15,15,0.22819495399792988,1.0,always_correct
pythia-1.4b,medium,191,15,15,0.2220648725827535,1.0,always_correct
pythia-1.4b,medium,192,15,11,0.38192762130250535,0.7333333333333333,variable
pythia-1.4b,medium,193,15,14,0.43399029299616815,0.9333333333333333,variable
pythia-1.4b,medium,194,15,15,0.27597755764921506,1.0,always_correct
pythia-1.4b,medium,195,15,13,0.2690667967001597,0.8666666666666667,variable
pythia-1.4b,medium,196,15,14,0.30090965144336224,0.9333333333333333,variable
pythia-1.4b,medium,197,15,14,0.41675013260294996,0.9333333333333333,variable
pythia-1.4b,medium,198,15,15,0.46953117301066716,1.0,always_correct
pythia-1.4b,medium,199,15,13,0.12080671029786269,0.8666666666666667,variable
pythia-1.4b,medium,200,15,9,0.11703871513406436,0.6,variable
pythia-1.4b,medium,201,15,15,0.5151459979514281,1.0,always_correct
pythia-1.4b,medium,202,15,8,0.13038814086467027,0.5333333333333333,variable
pythia-1.4b,medium,203,15,15,0.2700918799887101,1.0,always_correct
pythia-1.4b,medium,204,15,14,0.46617444256941476,0.9333333333333333,variable
pythia-1.4b,medium,205,15,15,0.738177926838398,1.0,always_correct
pythia-1.4b,medium,206,15,11,0.24712543906643986,0.7333333333333333,variable
pythia-1.4b,medium,207,15,14,0.30759676477561393,0.9333333333333333,variable
pythia-1.4b,medium,208,15,8,0.049727453384548426,0.5333333333333333,variable
pythia-1.4b,medium,209,15,15,0.34423936779300374,1.0,always_correct
pythia-1.4b,medium,210,15,13,0.21776684330155452,0.8666666666666667,variable
pythia-1.4b,medium,211,15,9,0.2160577018124362,0.6,variable
pythia-1.4b,medium,212,15,13,0.20859469423691432,0.8666666666666667,variable
pythia-1.4b,medium,213,15,6,0.05361404481033484,0.4,variable
pythia-1.4b,medium,214,15,14,0.25093925235172115,0.9333333333333333,variable
pythia-1.4b,medium,215,15,14,0.3763531951854626,0.9333333333333333,variable
pythia-1.4b,medium,216,15,15,0.35780366957187654,1.0,always_correct
pythia-1.4b,medium,217,15,15,0.5585297331213951,1.0,always_correct
pythia-1.4b,medium,218,15,13,0.2508556107680003,0.8666666666666667,variable
pythia-1.4b,medium,219,15,12,0.21978440679764996,0.8,variable
pythia-1.4b,medium,220,15,10,0.15507700492162257,0.6666666666666666,variable
pythia-1.4b,medium,221,15,14,0.4821763864407937,0.9333333333333333,variable
pythia-1.4b,medium,222,15,15,0.41747118582328163,1.0,always_correct
pythia-1.4b,medium,223,15,5,0.1464343133867563,0.3333333333333333,variable
pythia-1.4b,medium,224,15,10,0.30688947976207903,0.6666666666666666,variable
pythia-1.4b,very_high,0,15,14,0.32840338088572024,0.9333333333333333,variable
pythia-1.4b,very_high,1,15,15,0.4508650762339433,1.0,always_correct
pythia-1.4b,very_high,2,15,15,0.41731202354033786,1.0,always_correct
pythia-1.4b,very_high,3,15,15,0.5658139971395334,1.0,always_correct
pythia-1.4b,very_high,4,15,15,0.658453478415807,1.0,always_correct
pythia-1.4b,very_high,5,15,15,0.3402739649017652,1.0,always_correct
pythia-1.4b,very_high,6,15,15,0.7459574699401855,1.0,always_correct
pythia-1.4b,very_high,7,15,15,0.5078512857357661,1.0,always_correct
pythia-1.4b,very_high,8,15,14,0.4514506397147973,0.9333333333333333,variable
pythia-1.4b,very_high,9,15,13,0.4409544919927915,0.8666666666666667,variable
pythia-1.4b,very_high,10,15,15,0.6079288413127263,1.0,always_correct
pythia-1.4b,very_high,11,15,15,0.39466141859690346,1.0,always_correct
pythia-1.4b,very_high,12,15,15,0.2913924798369408,1.0,always_correct
pythia-1.4b,very_high,13,15,12,0.21557159591466188,0.8,variable
pythia-1.4b,very_high,14,15,7,0.23586761488113553,0.4666666666666667,variable
pythia-1.4b,very_high,15,15,15,0.38946750362714133,1.0,always_correct
pythia-1.4b,very_high,16,15,10,0.08401444656774401,0.6666666666666666,variable
pythia-1.4b,very_high,17,15,15,0.6029688874880473,1.0,always_correct
pythia-1.4b,very_high,18,15,10,0.38551075470944246,0.6666666666666666,variable
pythia-1.4b,very_high,19,15,15,0.5099074110388756,1.0,always_correct
pythia-1.4b,very_high,20,15,13,0.24099432656851907,0.8666666666666667,variable
pythia-1.4b,very_high,21,15,12,0.27016564141958954,0.8,variable
pythia-1.4b,very_high,22,15,15,0.2824925442536672,1.0,always_correct
pythia-1.4b,very_high,23,15,15,0.5979776283105215,1.0,always_correct
pythia-1.4b,very_high,24,15,14,0.49312230149904884,0.9333333333333333,variable
pythia-1.4b,very_high,25,15,15,0.534804305434227,1.0,always_correct
pythia-1.4b,very_high,26,15,15,0.4464948420723279,1.0,always_correct
pythia-1.4b,very_high,27,15,14,0.40349366242686907,0.9333333333333333,variable
pythia-1.4b,very_high,28,15,15,0.4673809518416723,1.0,always_correct
pythia-1.4b,very_high,29,15,15,0.556092823545138,1.0,always_correct
pythia-1.4b,very_high,30,15,15,0.45848079919815066,1.0,always_correct
pythia-1.4b,very_high,31,15,10,0.28209812150647245,0.6666666666666666,variable
pythia-1.4b,very_high,32,15,12,0.4737962062160174,0.8,variable
pythia-1.4b,very_high,33,15,7,0.13426814057553807,0.4666666666666667,variable
pythia-1.4b,very_high,34,15,15,0.5396633634964625,1.0,always_correct
pythia-1.4b,very_high,35,15,12,0.17757215507638952,0.8,variable
pythia-1.4b,very_high,36,15,15,0.2984944611787796,1.0,always_correct
pythia-1.4b,very_high,37,15,15,0.44388989408810936,1.0,always_correct
pythia-1.4b,very_high,38,15,15,0.5163346037268639,1.0,always_correct
pythia-1.4b,very_high,39,15,15,0.3991374542315801,1.0,always_correct
pythia-1.4b,very_high,40,15,5,0.2451084764363865,0.3333333333333333,variable
pythia-1.4b,very_high,41,15,13,0.36828882756332554,0.8666666666666667,variable
pythia-1.4b,very_high,42,15,11,0.1710446464208265,0.7333333333333333,variable
pythia-1.4b,very_high,43,15,5,0.038188540772534904,0.3333333333333333,variable
pythia-1.4b,very_high,44,15,15,0.3525219359745582,1.0,always_correct
pythia-1.4b,very_high,45,15,8,0.13086518921578924,0.5333333333333333,variable
pythia-1.4b,very_high,46,15,15,0.41389958759148915,1.0,always_correct
pythia-1.4b,very_high,47,15,15,0.606195708612601,1.0,always_correct
pythia-1.4b,very_high,48,15,14,0.5870178937911987,0.9333333333333333,variable
pythia-1.4b,very_high,49,15,15,0.43407933215300243,1.0,always_correct
pythia-1.4b,very_high,50,15,15,0.36832650303840636,1.0,always_correct
pythia-1.4b,very_high,51,15,15,0.35606007346262536,1.0,always_correct
pythia-1.4b,very_high,52,15,15,0.6289978623390198,1.0,always_correct
pythia-1.4b,very_high,53,15,14,0.33643137086182834,0.9333333333333333,variable
pythia-1.4b,very_high,54,15,14,0.580453884601593,0.9333333333333333,variable
pythia-1.4b,very_high,55,15,15,0.49718549599250156,1.0,always_correct
pythia-1.4b,very_high,56,15,15,0.519957885146141,1.0,always_correct
pythia-1.4b,very_high,57,15,15,0.6571807543436686,1.0,always_correct
pythia-1.4b,very_high,58,15,15,0.5068463439742724,1.0,always_correct
pythia-1.4b,very_high,59,15,11,0.37771244818965594,0.7333333333333333,variable
pythia-1.4b,very_high,60,15,15,0.6515055308739345,1.0,always_correct
pythia-1.4b,very_high,61,15,14,0.5011449743062257,0.9333333333333333,variable
pythia-1.4b,very_high,62,15,14,0.44814853419860207,0.9333333333333333,variable
pythia-1.4b,very_high,63,15,15,0.3382160757978757,1.0,always_correct
pythia-1.4b,very_high,64,15,15,0.3141841620206833,1.0,always_correct
pythia-1.4b,very_high,65,15,15,0.7042836606502533,1.0,always_correct
pythia-1.4b,very_high,66,15,13,0.4369654481609662,0.8666666666666667,variable
pythia-1.4b,very_high,67,15,15,0.5089895491798718,1.0,always_correct
pythia-1.4b,very_high,68,15,15,0.572813160220782,1.0,always_correct
pythia-1.4b,very_high,69,15,14,0.36140543365230166,0.9333333333333333,variable
pythia-1.4b,very_high,70,15,12,0.16166812758892773,0.8,variable
pythia-1.4b,very_high,71,15,10,0.11336699272505939,0.6666666666666666,variable
pythia-1.4b,very_high,72,15,13,0.49312970228493214,0.8666666666666667,variable
pythia-1.4b,very_high,73,15,14,0.23692554607987404,0.9333333333333333,variable
pythia-1.4b,very_high,74,15,15,0.7072733124097188,1.0,always_correct
pythia-1.4b,very_high,75,15,15,0.5844439759850502,1.0,always_correct
pythia-1.4b,very_high,76,15,15,0.6302732626597086,1.0,always_correct
pythia-1.4b,very_high,77,15,15,0.5073419774572054,1.0,always_correct
pythia-1.4b,very_high,78,15,13,0.4003149817387263,0.8666666666666667,variable
pythia-1.4b,very_high,79,15,10,0.40930534303188326,0.6666666666666666,variable
pythia-1.4b,very_high,80,15,15,0.48219602604707085,1.0,always_correct
pythia-1.4b,very_high,81,15,14,0.30966590779523057,0.9333333333333333,variable
pythia-1.4b,very_high,82,15,15,0.5209235827128093,1.0,always_correct
pythia-1.4b,very_high,83,15,15,0.3164851228396098,1.0,always_correct
pythia-1.4b,very_high,84,15,13,0.2808553596958518,0.8666666666666667,variable
pythia-1.4b,very_high,85,15,6,0.2023433896092077,0.4,variable
pythia-1.4b,very_high,86,15,14,0.6037880547344685,0.9333333333333333,variable
pythia-1.4b,very_high,87,15,14,0.5363469697535038,0.9333333333333333,variable
pythia-1.4b,very_high,88,15,15,0.4177628805239995,1.0,always_correct
pythia-1.4b,very_high,89,15,14,0.4750889142354329,0.9333333333333333,variable
pythia-1.4b,very_high,90,15,15,0.24142734731237095,1.0,always_correct
pythia-1.4b,very_high,91,15,14,0.46960728665192925,0.9333333333333333,variable
pythia-1.4b,very_high,92,15,13,0.3687421148022016,0.8666666666666667,variable
pythia-1.4b,very_high,93,15,10,0.203692261967808,0.6666666666666666,variable
pythia-1.4b,very_high,94,15,15,0.21921220930914084,1.0,always_correct
pythia-1.4b,very_high,95,15,14,0.3857712858666976,0.9333333333333333,variable
pythia-1.4b,very_high,96,15,15,0.3575402873257796,1.0,always_correct
pythia-1.4b,very_high,97,15,14,0.6891171657208663,0.9333333333333333,variable
pythia-1.4b,very_high,98,15,15,0.6596457560857137,1.0,always_correct
pythia-1.4b,very_high,99,15,14,0.3404687016581496,0.9333333333333333,variable
pythia-1.4b,very_high,100,15,14,0.4007886299242576,0.9333333333333333,variable
pythia-1.4b,very_high,101,15,15,0.6013116508722305,1.0,always_correct
pythia-1.4b,very_high,102,15,13,0.4064169330522418,0.8666666666666667,variable
pythia-1.4b,very_high,103,15,15,0.3553794577717781,1.0,always_correct
pythia-1.4b,very_high,104,15,14,0.2549542394777139,0.9333333333333333,variable
pythia-1.4b,very_high,105,15,12,0.21879229216525953,0.8,variable
pythia-1.4b,very_high,106,15,15,0.37752423882484437,1.0,always_correct
pythia-1.4b,very_high,107,15,15,0.5674630651871363,1.0,always_correct
pythia-1.4b,very_high,108,15,15,0.43378278811772664,1.0,always_correct
pythia-1.4b,very_high,109,15,15,0.6054294469455878,1.0,always_correct
pythia-1.4b,very_high,110,15,15,0.4465838472048442,1.0,always_correct
pythia-1.4b,very_high,111,15,15,0.5162480096022288,1.0,always_correct
pythia-1.4b,very_high,112,15,15,0.44783939719200133,1.0,always_correct
pythia-1.4b,very_high,113,15,15,0.37710388203461964,1.0,always_correct
pythia-1.4b,very_high,114,15,12,0.26120182474454245,0.8,variable
pythia-1.4b,very_high,115,15,15,0.43839314381281536,1.0,always_correct
pythia-1.4b,very_high,116,15,15,0.49246597588062285,1.0,always_correct
pythia-1.4b,very_high,117,15,12,0.267123531550169,0.8,variable
pythia-1.4b,very_high,118,15,15,0.32659967492024106,1.0,always_correct
pythia-1.4b,very_high,119,15,13,0.18227606092890103,0.8666666666666667,variable
pythia-1.4b,very_high,120,15,15,0.3621600550909837,1.0,always_correct
pythia-1.4b,very_high,121,15,15,0.2299804670115312,1.0,always_correct
pythia-1.4b,very_high,122,15,12,0.385209038729469,0.8,variable
pythia-1.4b,very_high,123,15,15,0.5698175768057505,1.0,always_correct
pythia-1.4b,very_high,124,15,11,0.17237839301427205,0.7333333333333333,variable
pythia-1.4b,very_high,125,15,15,0.7611437578996022,1.0,always_correct
pythia-1.4b,very_high,126,15,14,0.34866046408812207,0.9333333333333333,variable
pythia-1.4b,very_high,127,15,14,0.5568207959334056,0.9333333333333333,variable
pythia-1.4b,very_high,128,15,12,0.30416412716925456,0.8,variable
pythia-1.4b,very_high,129,15,14,0.4055994028846423,0.9333333333333333,variable
pythia-1.4b,very_high,130,15,15,0.6009761234124501,1.0,always_correct
pythia-1.4b,very_high,131,15,14,0.5080591042836508,0.9333333333333333,variable
pythia-1.4b,very_high,132,15,15,0.7425478557745616,1.0,always_correct
pythia-1.4b,very_high,133,15,15,0.46935508648554486,1.0,always_correct
pythia-1.4b,very_high,134,15,15,0.203636072576046,1.0,always_correct
pythia-1.4b,very_high,135,15,15,0.5440531541903814,1.0,always_correct
pythia-1.4b,very_high,136,15,15,0.6145988762378692,1.0,always_correct
pythia-1.4b,very_high,137,15,14,0.24073896761983632,0.9333333333333333,variable
pythia-1.4b,very_high,138,15,15,0.5687170485655467,1.0,always_correct
pythia-1.4b,very_high,139,15,10,0.1312192599910001,0.6666666666666666,variable
pythia-1.4b,very_high,140,15,15,0.5404383753736813,1.0,always_correct
pythia-1.4b,very_high,141,15,13,0.22269550897181034,0.8666666666666667,variable
pythia-1.4b,very_high,142,15,15,0.5635541538397472,1.0,always_correct
pythia-1.4b,very_high,143,15,15,0.45885147353013356,1.0,always_correct
pythia-1.4b,very_high,144,15,15,0.3864076053102811,1.0,always_correct
pythia-1.4b,very_high,145,15,14,0.37292728405445813,0.9333333333333333,variable
pythia-1.4b,very_high,146,15,15,0.6983342597881953,1.0,always_correct
pythia-1.4b,very_high,147,15,12,0.3265356538196405,0.8,variable
pythia-1.4b,very_high,148,15,12,0.4820454619204005,0.8,variable
pythia-1.4b,very_high,149,15,9,0.17390455576435973,0.6,variable
pythia-1.4b,very_high,150,15,14,0.36329619189103446,0.9333333333333333,variable
pythia-1.4b,very_high,151,15,15,0.640256525327762,1.0,always_correct
pythia-1.4b,very_high,152,15,15,0.28391015926996865,1.0,always_correct
pythia-1.4b,very_high,153,15,14,0.5546950951218605,0.9333333333333333,variable
pythia-1.4b,very_high,154,15,11,0.3392170984297991,0.7333333333333333,variable
pythia-1.4b,very_high,155,15,15,0.4033478915691376,1.0,always_correct
pythia-1.4b,very_high,156,15,14,0.3963903331508239,0.9333333333333333,variable
pythia-1.4b,very_high,157,15,8,0.14163587739070257,0.5333333333333333,variable
pythia-1.4b,very_high,158,15,15,0.24448110337058704,1.0,always_correct
pythia-1.4b,very_high,159,15,14,0.1843374622364839,0.9333333333333333,variable
pythia-1.4b,very_high,160,15,15,0.42034947996338207,1.0,always_correct
pythia-1.4b,very_high,161,15,15,0.4610299527645111,1.0,always_correct
pythia-1.4b,very_high,162,15,15,0.6269566337267558,1.0,always_correct
pythia-1.4b,very_high,163,15,15,0.5451583484808604,1.0,always_correct
pythia-1.4b,very_high,164,15,15,0.5711071868737538,1.0,always_correct
pythia-1.4b,very_high,165,15,10,0.4346757935360074,0.6666666666666666,variable
pythia-1.4b,very_high,166,15,15,0.3604767719904582,1.0,always_correct
pythia-1.4b,very_high,167,15,14,0.4176835656166077,0.9333333333333333,variable
pythia-1.4b,very_high,168,15,15,0.517829903960228,1.0,always_correct
pythia-1.4b,very_high,169,15,14,0.4899009993920724,0.9333333333333333,variable
pythia-1.4b,very_high,170,15,12,0.3598559100180864,0.8,variable
pythia-1.4b,very_high,171,15,13,0.41576995824774104,0.8666666666666667,variable
pythia-1.4b,very_high,172,15,15,0.32169746806224186,1.0,always_correct
pythia-1.4b,very_high,173,15,15,0.5718697766462962,1.0,always_correct
pythia-1.4b,very_high,174,15,14,0.3790895404915015,0.9333333333333333,variable
pythia-1.4b,very_high,175,15,15,0.42309315676490467,1.0,always_correct
pythia-1.4b,very_high,176,15,15,0.6763916750748952,1.0,always_correct
pythia-1.4b,very_high,177,15,13,0.5041267659515143,0.8666666666666667,variable
pythia-1.4b,very_high,178,15,13,0.17953338039418062,0.8666666666666667,variable
pythia-1.4b,very_high,179,15,15,0.5169077371557553,1.0,always_correct
pythia-1.4b,very_high,180,15,15,0.3167442739009857,1.0,always_correct
pythia-1.4b,very_high,181,15,14,0.32263188635309537,0.9333333333333333,variable
pythia-1.4b,very_high,182,15,14,0.41309518422931435,0.9333333333333333,variable
pythia-1.4b,very_high,183,15,12,0.23755326146880787,0.8,variable
pythia-1.4b,very_high,184,15,14,0.318852349370718,0.9333333333333333,variable
pythia-1.4b,very_high,185,15,13,0.5132326965530714,0.8666666666666667,variable
pythia-1.4b,very_high,186,15,14,0.4308744510014852,0.9333333333333333,variable
pythia-1.4b,very_high,187,15,10,0.41113146261001626,0.6666666666666666,variable
pythia-1.4b,very_high,188,15,15,0.4035072391231855,1.0,always_correct
pythia-1.4b,very_high,189,15,14,0.6871797074874242,0.9333333333333333,variable
pythia-1.4b,very_high,190,15,15,0.51414866472284,1.0,always_correct
pythia-1.4b,very_high,191,15,14,0.15629551882545153,0.9333333333333333,variable
pythia-1.4b,very_high,192,15,15,0.3774034338692824,1.0,always_correct
pythia-1.4b,very_high,193,15,15,0.4259880098203818,1.0,always_correct
pythia-1.4b,very_high,194,15,15,0.3810451187193394,1.0,always_correct
pythia-1.4b,very_high,195,15,13,0.24438114119693638,0.8666666666666667,variable
pythia-1.4b,very_high,196,15,14,0.3502424637476603,0.9333333333333333,variable
pythia-1.4b,very_high,197,15,14,0.319798464824756,0.9333333333333333,variable
pythia-1.4b,very_high,198,15,15,0.4211788658673565,1.0,always_correct
pythia-1.4b,very_high,199,15,12,0.2565324909364184,0.8,variable
pythia-1.4b,very_high,200,15,10,0.28696237737312913,0.6666666666666666,variable
pythia-1.4b,very_high,201,15,15,0.6921962211529414,1.0,always_correct
pythia-1.4b,very_high,202,15,14,0.42637512758374213,0.9333333333333333,variable
pythia-1.4b,very_high,203,15,15,0.20579976141452788,1.0,always_correct
pythia-1.4b,very_high,204,15,14,0.5325998507440091,0.9333333333333333,variable
pythia-1.4b,very_high,205,15,15,0.5401652187108994,1.0,always_correct
pythia-1.4b,very_high,206,15,15,0.6375410507122675,1.0,always_correct
pythia-1.4b,very_high,207,15,14,0.3512344632297754,0.9333333333333333,variable
pythia-1.4b,very_high,208,15,15,0.6301428899168968,1.0,always_correct
pythia-1.4b,very_high,209,15,12,0.2807657829175393,0.8,variable
pythia-1.4b,very_high,210,15,15,0.3189675986766815,1.0,always_correct
pythia-1.4b,very_high,211,15,13,0.361900290971001,0.8666666666666667,variable
pythia-1.4b,very_high,212,15,13,0.2217389427125454,0.8666666666666667,variable
pythia-1.4b,very_high,213,15,15,0.811342453956604,1.0,always_correct
pythia-1.4b,very_high,214,15,13,0.33014074340462685,0.8666666666666667,variable
pythia-1.4b,very_high,215,15,15,0.6704882025718689,1.0,always_correct
pythia-1.4b,very_high,216,15,15,0.4671213726202647,1.0,always_correct
pythia-1.4b,very_high,217,15,15,0.5896966358025869,1.0,always_correct
pythia-1.4b,very_high,218,15,15,0.26971462070941926,1.0,always_correct
pythia-1.4b,very_high,219,15,13,0.4196012819806735,0.8666666666666667,variable
pythia-1.4b,very_high,220,15,15,0.5182398488124211,1.0,always_correct
pythia-1.4b,very_high,221,15,14,0.2960478261113167,0.9333333333333333,variable
pythia-1.4b,very_high,222,15,15,0.5572393923997879,1.0,always_correct
pythia-1.4b,very_high,223,15,13,0.4271367988238732,0.8666666666666667,variable
pythia-1.4b,very_high,224,15,15,0.45825375939408935,1.0,always_correct
pythia-160m,control,0,15,14,0.390543266137441,0.9333333333333333,variable
pythia-160m,control,1,15,14,0.49813690533240634,0.9333333333333333,variable
pythia-160m,control,2,15,14,0.6381792396306991,0.9333333333333333,variable
pythia-160m,control,3,15,14,0.5236514642834663,0.9333333333333333,variable
pythia-160m,control,4,15,15,0.4613079766432444,1.0,always_correct
pythia-160m,control,5,15,15,0.4968933512767156,1.0,always_correct
pythia-160m,control,6,15,13,0.3309334978461266,0.8666666666666667,variable
pythia-160m,control,7,15,10,0.334054975087444,0.6666666666666666,variable
pythia-160m,control,8,15,15,0.44343054058651127,1.0,always_correct
pythia-160m,control,9,15,15,0.35229534084598224,1.0,always_correct
pythia-160m,control,10,15,15,0.40662078708410265,1.0,always_correct
pythia-160m,control,11,15,14,0.32161145806312563,0.9333333333333333,variable
pythia-160m,control,12,15,15,0.6475334227085113,1.0,always_correct
pythia-160m,control,13,15,12,0.2762335439523061,0.8,variable
pythia-160m,control,14,15,15,0.5751950343449911,1.0,always_correct
pythia-160m,control,15,15,15,0.5266383896271388,1.0,always_correct
pythia-160m,control,16,15,7,0.29126365010937055,0.4666666666666667,variable
pythia-160m,control,17,15,14,0.21735622733831406,0.9333333333333333,variable
pythia-160m,control,18,15,15,0.43538824121157327,1.0,always_correct
pythia-160m,control,19,15,15,0.479216605424881,1.0,always_correct
pythia-160m,control,20,15,11,0.29900369892517725,0.7333333333333333,variable
pythia-160m,control,21,15,14,0.43110820775230724,0.9333333333333333,variable
pythia-160m,control,22,15,13,0.50381563740472,0.8666666666666667,variable
pythia-160m,control,23,15,13,0.1598775388052066,0.8666666666666667,variable
pythia-160m,control,24,15,14,0.20662863589823247,0.9333333333333333,variable
pythia-160m,control,25,15,15,0.4114800716439883,1.0,always_correct
pythia-160m,control,26,15,10,0.28139538374962286,0.6666666666666666,variable
pythia-160m,control,27,15,14,0.3929063421984514,0.9333333333333333,variable
pythia-160m,control,28,15,14,0.4441649168729782,0.9333333333333333,variable
pythia-160m,control,29,15,13,0.5804048031568527,0.8666666666666667,variable
pythia-160m,control,30,15,15,0.5196877683202425,1.0,always_correct
pythia-160m,control,31,15,15,0.4837820425629616,1.0,always_correct
pythia-160m,control,32,15,15,0.6905908465385437,1.0,always_correct
pythia-160m,control,33,15,14,0.6171194558342298,0.9333333333333333,variable
pythia-160m,control,34,15,14,0.5227495804429054,0.9333333333333333,variable
pythia-160m,control,35,15,15,0.49646256963411967,1.0,always_correct
pythia-160m,control,36,15,15,0.7149624625841776,1.0,always_correct
pythia-160m,control,37,15,15,0.6330923060576121,1.0,always_correct
pythia-160m,control,38,15,15,0.7763888875643412,1.0,always_correct
pythia-160m,control,39,15,14,0.34073223869005836,0.9333333333333333,variable
pythia-160m,control,40,15,15,0.5239250888427098,1.0,always_correct
pythia-160m,control,41,15,15,0.8286207834879558,1.0,always_correct
pythia-160m,control,42,15,15,0.3511547510822614,1.0,always_correct
pythia-160m,control,43,15,14,0.44332075317700703,0.9333333333333333,variable
pythia-160m,control,44,15,15,0.4480254347125689,1.0,always_correct
pythia-160m,control,45,15,15,0.6736312925815582,1.0,always_correct
pythia-160m,control,46,15,14,0.45372372791171073,0.9333333333333333,variable
pythia-160m,control,47,15,15,0.2957421104113261,1.0,always_correct
pythia-160m,control,48,15,13,0.3041016459465027,0.8666666666666667,variable
pythia-160m,control,49,15,15,0.4511707380414009,1.0,always_correct
pythia-160m,control,50,15,13,0.5773910574615002,0.8666666666666667,variable
pythia-160m,control,51,15,15,0.4814896215995153,1.0,always_correct
pythia-160m,control,52,15,14,0.41551264747977257,0.9333333333333333,variable
pythia-160m,control,53,15,15,0.5754578590393067,1.0,always_correct
pythia-160m,control,54,15,15,0.5949303438266118,1.0,always_correct
pythia-160m,control,55,15,15,0.4416218263407548,1.0,always_correct
pythia-160m,control,56,15,8,0.12263085152953863,0.5333333333333333,variable
pythia-160m,control,57,15,15,0.45523697237173716,1.0,always_correct
pythia-160m,control,58,15,11,0.3780862742414077,0.7333333333333333,variable
pythia-160m,control,59,15,13,0.38724548270305,0.8666666666666667,variable
pythia-160m,control,60,15,15,0.4785628115137418,1.0,always_correct
pythia-160m,control,61,15,15,0.38946084057291347,1.0,always_correct
pythia-160m,control,62,15,15,0.667754594484965,1.0,always_correct
pythia-160m,control,63,15,11,0.4334373869001865,0.7333333333333333,variable
pythia-160m,control,64,15,15,0.5541846215724945,1.0,always_correct
pythia-160m,control,65,15,15,0.5591955602169036,1.0,always_correct
pythia-160m,control,66,15,13,0.42187554240226743,0.8666666666666667,variable
pythia-160m,control,67,15,15,0.3887564683953921,1.0,always_correct
pythia-160m,control,68,15,10,0.257241889834404,0.6666666666666666,variable
pythia-160m,control,69,15,14,0.3738401799152295,0.9333333333333333,variable
pythia-160m,control,70,15,15,0.5511980732282002,1.0,always_correct
pythia-160m,control,71,15,15,0.4791803667942683,1.0,always_correct
pythia-160m,control,72,15,15,0.6521896799405416,1.0,always_correct
pythia-160m,control,73,15,15,0.6304013361533483,1.0,always_correct
pythia-160m,control,74,15,15,0.589682991305987,1.0,always_correct
pythia-160m,control,75,15,15,0.5711888492107391,1.0,always_correct
pythia-160m,control,76,15,15,0.6145705034335455,1.0,always_correct
pythia-160m,control,77,15,13,0.3840312838554382,0.8666666666666667,variable
pythia-160m,control,78,15,15,0.5242934629321099,1.0,always_correct
pythia-160m,control,79,15,15,0.33370231091976166,1.0,always_correct
pythia-160m,control,80,15,15,0.6739701211452485,1.0,always_correct
pythia-160m,control,81,15,15,0.6088137269020081,1.0,always_correct
pythia-160m,control,82,15,14,0.6872142483790715,0.9333333333333333,variable
pythia-160m,control,83,15,15,0.6247645497322083,1.0,always_correct
pythia-160m,control,84,15,15,0.5880054612954457,1.0,always_correct
pythia-160m,control,85,15,10,0.3572640098631382,0.6666666666666666,variable
pythia-160m,control,86,15,11,0.33806934918975456,0.7333333333333333,variable
pythia-160m,control,87,15,13,0.45465760386238496,0.8666666666666667,variable
pythia-160m,control,88,15,15,0.4490480293830236,1.0,always_correct
pythia-160m,control,89,15,15,0.30081423272689184,1.0,always_correct
pythia-160m,control,90,15,10,0.19221683895836275,0.6666666666666666,variable
pythia-160m,control,91,15,14,0.2975195199251175,0.9333333333333333,variable
pythia-160m,control,92,15,15,0.4798637231190999,1.0,always_correct
pythia-160m,control,93,15,12,0.3484756873299678,0.8,variable
pythia-160m,control,94,15,15,0.513391089439392,1.0,always_correct
pythia-160m,control,95,15,14,0.6330431148409843,0.9333333333333333,variable
pythia-160m,control,96,15,15,0.5588302801052729,1.0,always_correct
pythia-160m,control,97,15,15,0.4619206190109253,1.0,always_correct
pythia-160m,control,98,15,14,0.2012659177184105,0.9333333333333333,variable
pythia-160m,control,99,15,15,0.43050435483455657,1.0,always_correct
pythia-160m,control,100,15,13,0.34835625837246575,0.8666666666666667,variable
pythia-160m,control,101,15,15,0.6362174352010092,1.0,always_correct
pythia-160m,control,102,15,15,0.5640473991632462,1.0,always_correct
pythia-160m,control,103,15,15,0.5246170535683632,1.0,always_correct
pythia-160m,control,104,15,15,0.38920253614584605,1.0,always_correct
pythia-160m,control,105,15,15,0.40686884969472886,1.0,always_correct
pythia-160m,control,106,15,15,0.6128136456012726,1.0,always_correct
pythia-160m,control,107,15,15,0.1828556517759959,1.0,always_correct
pythia-160m,control,108,15,14,0.542018918444713,0.9333333333333333,variable
pythia-160m,control,109,15,15,0.577868934472402,1.0,always_correct
pythia-160m,control,110,15,15,0.3781071444352468,1.0,always_correct
pythia-160m,control,111,15,15,0.5324993054072062,1.0,always_correct
pythia-160m,control,112,15,13,0.46631455719470977,0.8666666666666667,variable
pythia-160m,control,113,15,15,0.5576618432998657,1.0,always_correct
pythia-160m,control,114,15,14,0.24666686356067657,0.9333333333333333,variable
pythia-160m,control,115,15,10,0.3842367788155874,0.6666666666666666,variable
pythia-160m,control,116,15,15,0.5052756369113922,1.0,always_correct
pythia-160m,control,117,15,15,0.3665472775697708,1.0,always_correct
pythia-160m,control,118,15,15,0.7086624503135681,1.0,always_correct
pythia-160m,control,119,15,15,0.6858068426450094,1.0,always_correct
pythia-160m,control,120,15,15,0.37778339684009554,1.0,always_correct
pythia-160m,control,121,15,11,0.5106027302021782,0.7333333333333333,variable
pythia-160m,control,122,15,14,0.4058265840013822,0.9333333333333333,variable
pythia-160m,control,123,15,14,0.40278442203998566,0.9333333333333333,variable
pythia-160m,control,124,15,11,0.37435121927410364,0.7333333333333333,variable
pythia-160m,control,125,15,12,0.31393334368864695,0.8,variable
pythia-160m,control,126,15,15,0.5240599423646927,1.0,always_correct
pythia-160m,control,127,15,11,0.43302934331198534,0.7333333333333333,variable
pythia-160m,control,128,15,14,0.5196732313682636,0.9333333333333333,variable
pythia-160m,control,129,15,15,0.40553974583745,1.0,always_correct
pythia-160m,control,130,15,13,0.3865934744477272,0.8666666666666667,variable
pythia-160m,control,131,15,15,0.4818085024754206,1.0,always_correct
pythia-160m,control,132,15,15,0.6892208933830262,1.0,always_correct
pythia-160m,control,133,15,11,0.4475787933294972,0.7333333333333333,variable
pythia-160m,control,134,15,13,0.3611697961886724,0.8666666666666667,variable
pythia-160m,control,135,15,14,0.5658124941090743,0.9333333333333333,variable
pythia-160m,control,136,15,15,0.6129017104705174,1.0,always_correct
pythia-160m,control,137,15,14,0.2905220376948516,0.9333333333333333,variable
pythia-160m,control,138,15,9,0.26657412940015396,0.6,variable
pythia-160m,control,139,15,15,0.4820596178372701,1.0,always_correct
pythia-160m,control,140,15,14,0.5249807288249334,0.9333333333333333,variable
pythia-160m,control,141,15,15,0.32562235072255136,1.0,always_correct
pythia-160m,control,142,15,10,0.31509077697992327,0.6666666666666666,variable
pythia-160m,control,143,15,15,0.5645378758509954,1.0,always_correct
pythia-160m,control,144,15,11,0.3845434171380475,0.7333333333333333,variable
pythia-160m,control,145,15,14,0.35632678071657814,0.9333333333333333,variable
pythia-160m,control,146,15,12,0.30319365098451573,0.8,variable
pythia-160m,control,147,15,12,0.563535564020276,0.8,variable
pythia-160m,control,148,15,13,0.445154761398832,0.8666666666666667,variable
pythia-160m,control,149,15,15,0.709348933895429,1.0,always_correct
pythia-160m,control,150,15,15,0.46276042610406876,1.0,always_correct
pythia-160m,control,151,15,15,0.5640232523282369,1.0,always_correct
pythia-160m,control,152,15,12,0.3667396609981855,0.8,variable
pythia-160m,control,153,15,13,0.37844112887978554,0.8666666666666667,variable
pythia-160m,control,154,15,11,0.20542838089168072,0.7333333333333333,variable
pythia-160m,control,155,15,13,0.34509131461381914,0.8666666666666667,variable
pythia-160m,control,156,15,13,0.39480525652567544,0.8666666666666667,variable
pythia-160m,control,157,15,15,0.3800751298666,1.0,always_correct
pythia-160m,control,158,15,14,0.5032674970726172,0.9333333333333333,variable
pythia-160m,control,159,15,15,0.712743467092514,1.0,always_correct
pythia-160m,control,160,15,15,0.5376630266507466,1.0,always_correct
pythia-160m,control,161,15,15,0.4548730437954267,1.0,always_correct
pythia-160m,control,162,15,14,0.3431764061252276,0.9333333333333333,variable
pythia-160m,control,163,15,15,0.6097933709621429,1.0,always_correct
pythia-160m,control,164,15,14,0.44108669385313987,0.9333333333333333,variable
pythia-160m,control,165,15,7,0.2128466027478377,0.4666666666666667,variable
pythia-160m,control,166,15,15,0.32345519264539085,1.0,always_correct
pythia-160m,control,167,15,14,0.5447280161082745,0.9333333333333333,variable
pythia-160m,control,168,15,12,0.2709176634127895,0.8,variable
pythia-160m,control,169,15,14,0.275309976687034,0.9333333333333333,variable
pythia-160m,control,170,15,12,0.19730346649885178,0.8,variable
pythia-160m,control,171,15,15,0.5433478256066641,1.0,always_correct
pythia-160m,control,172,15,15,0.5324377159277598,1.0,always_correct
pythia-160m,control,173,15,11,0.3209765306673944,0.7333333333333333,variable
pythia-160m,control,174,15,15,0.5607752114534378,1.0,always_correct
pythia-160m,control,175,15,14,0.5916245957215627,0.9333333333333333,variable
pythia-160m,control,176,15,14,0.5164554039637248,0.9333333333333333,variable
pythia-160m,control,177,15,15,0.720497989654541,1.0,always_correct
pythia-160m,control,178,15,14,0.4964019307245811,0.9333333333333333,variable
pythia-160m,control,179,15,15,0.6874082962671916,1.0,always_correct
pythia-160m,control,180,15,15,0.4244181821743647,1.0,always_correct
pythia-160m,control,181,15,14,0.3028586097061634,0.9333333333333333,variable
pythia-160m,control,182,15,9,0.1802632065800329,0.6,variable
pythia-160m,control,183,15,13,0.34097177411119145,0.8666666666666667,variable
pythia-160m,control,184,15,15,0.4539134701093038,1.0,always_correct
pythia-160m,control,185,15,15,0.36472277094920474,1.0,always_correct
pythia-160m,control,186,15,15,0.4846251835425695,1.0,always_correct
pythia-160m,control,187,15,15,0.6370905290047327,1.0,always_correct
pythia-160m,control,188,15,15,0.5953860258062681,1.0,always_correct
pythia-160m,control,189,15,15,0.25211847722530367,1.0,always_correct
pythia-160m,control,190,15,15,0.43985848054289817,1.0,always_correct
pythia-160m,control,191,15,15,0.43510548025369644,1.0,always_correct
pythia-160m,control,192,15,15,0.473698990046978,1.0,always_correct
pythia-160m,control,193,15,15,0.40017419854799907,1.0,always_correct
pythia-160m,control,194,15,9,0.2717277326931556,0.6,variable
pythia-160m,control,195,15,11,0.419782372067372,0.7333333333333333,variable
pythia-160m,control,196,15,15,0.4059781273206075,1.0,always_correct
pythia-160m,control,197,15,15,0.3537231519818306,1.0,always_correct
pythia-160m,control,198,15,15,0.5529261440038681,1.0,always_correct
pythia-160m,control,199,15,10,0.4884484243268768,0.6666666666666666,variable
pythia-160m,control,200,15,15,0.4155830269058545,1.0,always_correct
pythia-160m,control,201,15,10,0.3307696521282196,0.6666666666666666,variable
pythia-160m,control,202,15,15,0.393149608373642,1.0,always_correct
pythia-160m,control,203,15,8,0.14515308166543642,0.5333333333333333,variable
pythia-160m,control,204,15,15,0.47377441624800365,1.0,always_correct
pythia-160m,control,205,15,10,0.2756576659778754,0.6666666666666666,variable
pythia-160m,control,206,15,15,0.6654665807882945,1.0,always_correct
pythia-160m,control,207,15,14,0.41608310701946416,0.9333333333333333,variable
pythia-160m,control,208,15,14,0.4563975522915522,0.9333333333333333,variable
pythia-160m,control,209,15,14,0.32428216685851413,0.9333333333333333,variable
pythia-160m,control,210,15,14,0.523868257800738,0.9333333333333333,variable
pythia-160m,control,211,15,14,0.34579364334543544,0.9333333333333333,variable
pythia-160m,control,212,15,15,0.5479830334583918,1.0,always_correct
pythia-160m,control,213,15,13,0.30610018769900005,0.8666666666666667,variable
pythia-160m,control,214,15,15,0.6245814462502798,1.0,always_correct
pythia-160m,control,215,15,10,0.4282051054139932,0.6666666666666666,variable
pythia-160m,control,216,15,15,0.48204632898171745,1.0,always_correct
pythia-160m,control,217,15,14,0.5129522142310937,0.9333333333333333,variable
pythia-160m,control,218,15,15,0.5930677523215612,1.0,always_correct
pythia-160m,control,219,15,15,0.7266898075739543,1.0,always_correct
pythia-160m,control,220,15,13,0.4253232926130295,0.8666666666666667,variable
pythia-160m,control,221,15,10,0.4876537008831898,0.6666666666666666,variable
pythia-160m,control,222,15,15,0.4631123532851537,1.0,always_correct
pythia-160m,control,223,15,15,0.6572794357935587,1.0,always_correct
pythia-160m,control,224,15,15,0.4546343411008517,1.0,always_correct
pythia-160m,high,0,15,10,0.2556777182966471,0.6666666666666666,variable
pythia-160m,high,1,15,12,0.37043751900394756,0.8,variable
pythia-160m,high,2,15,15,0.37579114735126495,1.0,always_correct
pythia-160m,high,3,15,14,0.44371413787206015,0.9333333333333333,variable
pythia-160m,high,4,15,15,0.7984383185704549,1.0,always_correct
pythia-160m,high,5,15,15,0.42121819059054055,1.0,always_correct
pythia-160m,high,6,15,15,0.39933639417092004,1.0,always_correct
pythia-160m,high,7,15,14,0.33000652889410653,0.9333333333333333,variable
pythia-160m,high,8,15,13,0.483491592357556,0.8666666666666667,variable
pythia-160m,high,9,15,15,0.4994633878270785,1.0,always_correct
pythia-160m,high,10,15,15,0.2516883278886477,1.0,always_correct
pythia-160m,high,11,15,15,0.5550047427415847,1.0,always_correct
pythia-160m,high,12,15,13,0.2598450280725956,0.8666666666666667,variable
pythia-160m,high,13,15,11,0.3740247583637635,0.7333333333333333,variable
pythia-160m,high,14,15,13,0.2726106324543556,0.8666666666666667,variable
pythia-160m,high,15,15,12,0.505384682243069,0.8,variable
pythia-160m,high,16,15,12,0.4132265848418077,0.8,variable
pythia-160m,high,17,15,14,0.4030349900325139,0.9333333333333333,variable
pythia-160m,high,18,15,15,0.5436282883087794,1.0,always_correct
pythia-160m,high,19,15,15,0.49015165492892265,1.0,always_correct
pythia-160m,high,20,15,15,0.43030225137869516,1.0,always_correct
pythia-160m,high,21,15,15,0.1743180861075719,1.0,always_correct
pythia-160m,high,22,15,15,0.6097979565461477,1.0,always_correct
pythia-160m,high,23,15,13,0.32444000070293744,0.8666666666666667,variable
pythia-160m,high,24,15,15,0.7518421272436778,1.0,always_correct
pythia-160m,high,25,15,5,0.1385974982016099,0.3333333333333333,variable
pythia-160m,high,26,15,15,0.5323433637619018,1.0,always_correct
pythia-160m,high,27,15,13,0.3568578988313675,0.8666666666666667,variable
pythia-160m,high,28,15,13,0.4410264761497577,0.8666666666666667,variable
pythia-160m,high,29,15,12,0.16542195429404577,0.8,variable
pythia-160m,high,30,15,9,0.24286300080517928,0.6,variable
pythia-160m,high,31,15,15,0.4240824855864048,1.0,always_correct
pythia-160m,high,32,15,11,0.596003053849563,0.7333333333333333,variable
pythia-160m,high,33,15,12,0.49808316069344677,0.8,variable
pythia-160m,high,34,15,15,0.8141790588696798,1.0,always_correct
pythia-160m,high,35,15,15,0.6239750067392985,1.0,always_correct
pythia-160m,high,36,15,15,0.5228450601299603,1.0,always_correct
pythia-160m,high,37,15,15,0.4470285137494405,1.0,always_correct
pythia-160m,high,38,15,15,0.4879569669564565,1.0,always_correct
pythia-160m,high,39,15,15,0.3591267143686612,1.0,always_correct
pythia-160m,high,40,15,15,0.5451415553689003,1.0,always_correct
pythia-160m,high,41,15,13,0.5604149156870941,0.8666666666666667,variable
pythia-160m,high,42,15,15,0.285005205621322,1.0,always_correct
pythia-160m,high,43,15,15,0.43336363484462104,1.0,always_correct
pythia-160m,high,44,15,15,0.5020155598719914,1.0,always_correct
pythia-160m,high,45,15,11,0.33909481515487033,0.7333333333333333,variable
pythia-160m,high,46,15,12,0.42597435787320137,0.8,variable
pythia-160m,high,47,15,15,0.5518303533395131,1.0,always_correct
pythia-160m,high,48,15,15,0.337848366300265,1.0,always_correct
pythia-160m,high,49,15,12,0.10230137047668299,0.8,variable
pythia-160m,high,50,15,15,0.6469112763802211,1.0,always_correct
pythia-160m,high,51,15,10,0.19057706637928884,0.6666666666666666,variable
pythia-160m,high,52,15,12,0.18163637351244688,0.8,variable
pythia-160m,high,53,15,15,0.420672170817852,1.0,always_correct
pythia-160m,high,54,15,14,0.4453169460097949,0.9333333333333333,variable
pythia-160m,high,55,15,15,0.6397853950659435,1.0,always_correct
pythia-160m,high,56,15,15,0.5919707814852396,1.0,always_correct
pythia-160m,high,57,15,15,0.437740292151769,1.0,always_correct
pythia-160m,high,58,15,15,0.546056541800499,1.0,always_correct
pythia-160m,high,59,15,15,0.42914723803599675,1.0,always_correct
pythia-160m,high,60,15,10,0.11355726029723882,0.6666666666666666,variable
pythia-160m,high,61,15,15,0.48176175852616626,1.0,always_correct
pythia-160m,high,62,15,15,0.6053640941778818,1.0,always_correct
pythia-160m,high,63,15,15,0.44967708736658096,1.0,always_correct
pythia-160m,high,64,15,15,0.442082138856252,1.0,always_correct
pythia-160m,high,65,15,15,0.6125021368265152,1.0,always_correct
pythia-160m,high,66,15,15,0.6577154040336609,1.0,always_correct
pythia-160m,high,67,15,15,0.2697940389315287,1.0,always_correct
pythia-160m,high,68,15,14,0.29741040368874866,0.9333333333333333,variable
pythia-160m,high,69,15,11,0.3425858400762081,0.7333333333333333,variable
pythia-160m,high,70,15,15,0.4391385897994041,1.0,always_correct
pythia-160m,high,71,15,15,0.6733645836512248,1.0,always_correct
pythia-160m,high,72,15,10,0.27723081993559995,0.6666666666666666,variable
pythia-160m,high,73,15,15,0.6232248723506928,1.0,always_correct
pythia-160m,high,74,15,15,0.5371739615996679,1.0,always_correct
pythia-160m,high,75,15,15,0.552736496925354,1.0,always_correct
pythia-160m,high,76,15,10,0.2199362936623705,0.6666666666666666,variable
pythia-160m,high,77,15,14,0.2017100542783737,0.9333333333333333,variable
pythia-160m,high,78,15,15,0.6250497420628865,1.0,always_correct
pythia-160m,high,79,15,15,0.44974699318408967,1.0,always_correct
pythia-160m,high,80,15,8,0.19556800288458664,0.5333333333333333,variable
pythia-160m,high,81,15,13,0.37420633211731913,0.8666666666666667,variable
pythia-160m,high,82,15,15,0.48379793042937913,1.0,always_correct
pythia-160m,high,83,15,12,0.29031256809830663,0.8,variable
pythia-160m,high,84,15,15,0.5640470961729686,1.0,always_correct
pythia-160m,high,85,15,11,0.3624751935402552,0.7333333333333333,variable
pythia-160m,high,86,15,15,0.41585537493228913,1.0,always_correct
pythia-160m,high,87,15,14,0.33386461486419045,0.9333333333333333,variable
pythia-160m,high,88,15,15,0.6387095193068186,1.0,always_correct
pythia-160m,high,89,15,15,0.7859753251075745,1.0,always_correct
pythia-160m,high,90,15,13,0.3802509929984808,0.8666666666666667,variable
pythia-160m,high,91,15,15,0.6434621999661128,1.0,always_correct
pythia-160m,high,92,15,10,0.15708440591891606,0.6666666666666666,variable
pythia-160m,high,93,15,15,0.26441555966933566,1.0,always_correct
pythia-160m,high,94,15,15,0.6655129114786784,1.0,always_correct
pythia-160m,high,95,15,15,0.5902264952659607,1.0,always_correct
pythia-160m,high,96,15,15,0.5838802536328633,1.0,always_correct
pythia-160m,high,97,15,15,0.5519149482250214,1.0,always_correct
pythia-160m,high,98,15,15,0.4873330066601435,1.0,always_correct
pythia-160m,high,99,15,15,0.49957420229911803,1.0,always_correct
pythia-160m,high,100,15,15,0.3789475957552592,1.0,always_correct
pythia-160m,high,101,15,13,0.3147557646036148,0.8666666666666667,variable
pythia-160m,high,102,15,14,0.4728816382586956,0.9333333333333333,variable
pythia-160m,high,103,15,13,0.21468490486343703,0.8666666666666667,variable
pythia-160m,high,104,15,15,0.5137292226155599,1.0,always_correct
pythia-160m,high,105,15,15,0.45088455080986023,1.0,always_correct
pythia-160m,high,106,15,15,0.5525255262851715,1.0,always_correct
pythia-160m,high,107,15,10,0.5469222930570443,0.6666666666666666,variable
pythia-160m,high,108,15,15,0.42056906620661416,1.0,always_correct
pythia-160m,high,109,15,15,0.38639490604400634,1.0,always_correct
pythia-160m,high,110,15,14,0.3150998741388321,0.9333333333333333,variable
pythia-160m,high,111,15,15,0.6531560639540355,1.0,always_correct
pythia-160m,high,112,15,15,0.4900342384974162,1.0,always_correct
pythia-160m,high,113,15,15,0.6052447736263276,1.0,always_correct
pythia-160m,high,114,15,15,0.5195578232407569,1.0,always_correct
pythia-160m,high,115,15,15,0.5918996920188268,1.0,always_correct
pythia-160m,high,116,15,15,0.7050014058748881,1.0,always_correct
pythia-160m,high,117,15,15,0.517352273563544,1.0,always_correct
pythia-160m,high,118,15,15,0.48609019443392754,1.0,always_correct
pythia-160m,high,119,15,10,0.39749212088839464,0.6666666666666666,variable
pythia-160m,high,120,15,15,0.5654060701529185,1.0,always_correct
pythia-160m,high,121,15,15,0.2635162636637688,1.0,always_correct
pythia-160m,high,122,15,13,0.35389724671840667,0.8666666666666667,variable
pythia-160m,high,123,15,14,0.3038084792594115,0.9333333333333333,variable
pythia-160m,high,124,15,14,0.41073641578356423,0.9333333333333333,variable
pythia-160m,high,125,15,15,0.1891010470688343,1.0,always_correct
pythia-160m,high,126,15,14,0.18058786826829115,0.9333333333333333,variable
pythia-160m,high,127,15,15,0.4596234977245331,1.0,always_correct
pythia-160m,high,128,15,15,0.31237251261870064,1.0,always_correct
pythia-160m,high,129,15,15,0.5777468373378117,1.0,always_correct
pythia-160m,high,130,15,13,0.5665778264403343,0.8666666666666667,variable
pythia-160m,high,131,15,13,0.2599402750376612,0.8666666666666667,variable
pythia-160m,high,132,15,14,0.26631993254025776,0.9333333333333333,variable
pythia-160m,high,133,15,13,0.5568639352917671,0.8666666666666667,variable
pythia-160m,high,134,15,15,0.38141335050264996,1.0,always_correct
pythia-160m,high,135,15,15,0.47296322683493297,1.0,always_correct
pythia-160m,high,136,15,15,0.6063333809375763,1.0,always_correct
pythia-160m,high,137,15,15,0.62898797194163,1.0,always_correct
pythia-160m,high,138,15,8,0.17063623666763306,0.5333333333333333,variable
pythia-160m,high,139,15,15,0.43914934794108074,1.0,always_correct
pythia-160m,high,140,15,15,0.4501618648568789,1.0,always_correct
pythia-160m,high,141,15,9,0.256717728326718,0.6,variable
pythia-160m,high,142,15,12,0.47474992225567497,0.8,variable
pythia-160m,high,143,15,15,0.6172966519991557,1.0,always_correct
pythia-160m,high,144,15,14,0.48137181873122853,0.9333333333333333,variable
pythia-160m,high,145,15,15,0.6154889553785324,1.0,always_correct
pythia-160m,high,146,15,15,0.570376988252004,1.0,always_correct
pythia-160m,high,147,15,15,0.43233708242575325,1.0,always_correct
pythia-160m,high,148,15,15,0.26472603579362236,1.0,always_correct
pythia-160m,high,149,15,15,0.3852916752298673,1.0,always_correct
pythia-160m,high,150,15,15,0.5144492824872334,1.0,always_correct
pythia-160m,high,151,15,15,0.5786375492811203,1.0,always_correct
pythia-160m,high,152,15,15,0.5033292094866435,1.0,always_correct
pythia-160m,high,153,15,15,0.33604047099749246,1.0,always_correct
pythia-160m,high,154,15,15,0.5842095275719961,1.0,always_correct
pythia-160m,high,155,15,14,0.2455810406555732,0.9333333333333333,variable
pythia-160m,high,156,15,15,0.5036691136658191,1.0,always_correct
pythia-160m,high,157,15,10,0.3606101601074139,0.6666666666666666,variable
pythia-160m,high,158,15,15,0.47249057988325754,1.0,always_correct
pythia-160m,high,159,15,8,0.21386844956626494,0.5333333333333333,variable
pythia-160m,high,160,15,4,0.07441209461539984,0.26666666666666666,variable
pythia-160m,high,161,15,14,0.33716684182484946,0.9333333333333333,variable
pythia-160m,high,162,15,15,0.6153504212697347,1.0,always_correct
pythia-160m,high,163,15,15,0.5974056348204613,1.0,always_correct
pythia-160m,high,164,15,15,0.6076249604423841,1.0,always_correct
pythia-160m,high,165,15,13,0.5483572741349538,0.8666666666666667,variable
pythia-160m,high,166,15,15,0.6084985534350077,1.0,always_correct
pythia-160m,high,167,15,15,0.39370441089073815,1.0,always_correct
pythia-160m,high,168,15,15,0.5207383950551351,1.0,always_correct
pythia-160m,high,169,15,15,0.6920699546734492,1.0,always_correct
pythia-160m,high,170,15,12,0.4723936172823111,0.8,variable
pythia-160m,high,171,15,15,0.4354249914487203,1.0,always_correct
pythia-160m,high,172,15,15,0.8293285846710206,1.0,always_correct
pythia-160m,high,173,15,11,0.17694867725173632,0.7333333333333333,variable
pythia-160m,high,174,15,15,0.6604680098593235,1.0,always_correct
pythia-160m,high,175,15,15,0.46232087512811026,1.0,always_correct
pythia-160m,high,176,15,15,0.5400354901949564,1.0,always_correct
pythia-160m,high,177,15,15,0.3858435168862343,1.0,always_correct
pythia-160m,high,178,15,12,0.33803780609741807,0.8,variable
pythia-160m,high,179,15,10,0.3557219785715764,0.6666666666666666,variable
pythia-160m,high,180,15,15,0.3548398733139038,1.0,always_correct
pythia-160m,high,181,15,15,0.48832054684559506,1.0,always_correct
pythia-160m,high,182,15,13,0.33531540843347707,0.8666666666666667,variable
pythia-160m,high,183,15,15,0.5723391691843669,1.0,always_correct
pythia-160m,high,184,15,14,0.22879931951562563,0.9333333333333333,variable
pythia-160m,high,185,15,15,0.5021864900986354,1.0,always_correct
pythia-160m,high,186,15,15,0.5304871886968613,1.0,always_correct
pythia-160m,high,187,15,15,0.6435400088628133,1.0,always_correct
pythia-160m,high,188,15,15,0.4262374813357989,1.0,always_correct
pythia-160m,high,189,15,14,0.4432666497925917,0.9333333333333333,variable
pythia-160m,high,190,15,13,0.3039707909027735,0.8666666666666667,variable
pythia-160m,high,191,15,15,0.7985403180122376,1.0,always_correct
pythia-160m,high,192,15,14,0.3961533263325691,0.9333333333333333,variable
pythia-160m,high,193,15,12,0.3110035315155983,0.8,variable
pythia-160m,high,194,15,10,0.3494110157092412,0.6666666666666666,variable
pythia-160m,high,195,15,15,0.6146992534399033,1.0,always_correct
pythia-160m,high,196,15,15,0.5252898941437404,1.0,always_correct
pythia-160m,high,197,15,10,0.3236478588854273,0.6666666666666666,variable
pythia-160m,high,198,15,15,0.580457570652167,1.0,always_correct
pythia-160m,high,199,15,14,0.3583846772710482,0.9333333333333333,variable
pythia-160m,high,200,15,15,0.5203086376190186,1.0,always_correct
pythia-160m,high,201,15,15,0.5200370604793231,1.0,always_correct
pythia-160m,high,202,15,15,0.45115280747413633,1.0,always_correct
pythia-160m,high,203,15,12,0.2838124210635821,0.8,variable
pythia-160m,high,204,15,15,0.6645518640677134,1.0,always_correct
pythia-160m,high,205,15,14,0.3164828954885403,0.9333333333333333,variable
pythia-160m,high,206,15,15,0.3998194982608159,1.0,always_correct
pythia-160m,high,207,15,15,0.46509825612107913,1.0,always_correct
pythia-160m,high,208,15,15,0.38588685939709344,1.0,always_correct
pythia-160m,high,209,15,15,0.5960151791572571,1.0,always_correct
pythia-160m,high,210,15,15,0.38097101549307505,1.0,always_correct
pythia-160m,high,211,15,11,0.20926356563965479,0.7333333333333333,variable
pythia-160m,high,212,15,15,0.4046990998089314,1.0,always_correct
pythia-160m,high,213,15,14,0.429823811724782,0.9333333333333333,variable
pythia-160m,high,214,15,15,0.5580733766158422,1.0,always_correct
pythia-160m,high,215,15,10,0.19416295626821617,0.6666666666666666,variable
pythia-160m,high,216,15,13,0.2869050127764543,0.8666666666666667,variable
pythia-160m,high,217,15,11,0.3584680122633775,0.7333333333333333,variable
pythia-160m,high,218,15,11,0.24395656172807018,0.7333333333333333,variable
pythia-160m,high,219,15,15,0.46086416045824685,1.0,always_correct
pythia-160m,high,220,15,15,0.4225435999532541,1.0,always_correct
pythia-160m,high,221,15,15,0.7499453723430634,1.0,always_correct
pythia-160m,high,222,15,14,0.4858201334873835,0.9333333333333333,variable
pythia-160m,high,223,15,15,0.48254355490207673,1.0,always_correct
pythia-160m,high,224,15,15,0.4568062921365102,1.0,always_correct
pythia-160m,low,0,15,15,0.2973885307709376,1.0,always_correct
pythia-160m,low,1,15,14,0.28305569871639213,0.9333333333333333,variable
pythia-160m,low,2,15,14,0.4515927324692408,0.9333333333333333,variable
pythia-160m,low,3,15,8,0.07384594896187385,0.5333333333333333,variable
pythia-160m,low,4,15,15,0.15771900129814942,1.0,always_correct
pythia-160m,low,5,15,15,0.3933711856603622,1.0,always_correct
pythia-160m,low,6,15,15,0.37170000473658243,1.0,always_correct
pythia-160m,low,7,15,15,0.32465234796206155,1.0,always_correct
pythia-160m,low,8,15,10,0.14013104178011418,0.6666666666666666,variable
pythia-160m,low,9,15,10,0.16172711014126737,0.6666666666666666,variable
pythia-160m,low,10,15,11,0.1341749961177508,0.7333333333333333,variable
pythia-160m,low,11,15,14,0.17523080830772716,0.9333333333333333,variable
pythia-160m,low,12,15,8,0.23729959873793025,0.5333333333333333,variable
pythia-160m,low,13,15,15,0.22765981604655583,1.0,always_correct
pythia-160m,low,14,15,11,0.3333998314415415,0.7333333333333333,variable
pythia-160m,low,15,15,14,0.2922101163615783,0.9333333333333333,variable
pythia-160m,low,16,15,15,0.2805628051360448,1.0,always_correct
pythia-160m,low,17,15,12,0.330710498833408,0.8,variable
pythia-160m,low,18,15,12,0.13861470328023037,0.8,variable
pythia-160m,low,19,15,12,0.24768105993668238,0.8,variable
pythia-160m,low,20,15,11,0.21866625944773357,0.7333333333333333,variable
pythia-160m,low,21,15,10,0.11136466184010109,0.6666666666666666,variable
pythia-160m,low,22,15,10,0.22957373682099083,0.6666666666666666,variable
pythia-160m,low,23,15,15,0.5833796223004659,1.0,always_correct
pythia-160m,low,24,15,14,0.12932673084239166,0.9333333333333333,variable
pythia-160m,low,25,15,10,0.2103379269440969,0.6666666666666666,variable
pythia-160m,low,26,15,15,0.3703725054860115,1.0,always_correct
pythia-160m,low,27,15,15,0.31545447955528894,1.0,always_correct
pythia-160m,low,28,15,12,0.14927056535768013,0.8,variable
pythia-160m,low,29,15,13,0.09767704233527183,0.8666666666666667,variable
pythia-160m,low,30,15,10,0.1305125035966436,0.6666666666666666,variable
pythia-160m,low,31,15,15,0.22233493713041147,1.0,always_correct
pythia-160m,low,32,15,12,0.19226102903485298,0.8,variable
pythia-160m,low,33,15,15,0.1797489732503891,1.0,always_correct
pythia-160m,low,34,15,15,0.26051486457387607,1.0,always_correct
pythia-160m,low,35,15,9,0.12280690820577243,0.6,variable
pythia-160m,low,36,15,11,0.22534011198828618,0.7333333333333333,variable
pythia-160m,low,37,15,8,0.13738839908813436,0.5333333333333333,variable
pythia-160m,low,38,15,14,0.4308890317877134,0.9333333333333333,variable
pythia-160m,low,39,15,12,0.324749182164669,0.8,variable
pythia-160m,low,40,15,14,0.3412507437169552,0.9333333333333333,variable
pythia-160m,low,41,15,15,0.3172282452384631,1.0,always_correct
pythia-160m,low,42,15,14,0.33654615879058836,0.9333333333333333,variable
pythia-160m,low,43,15,15,0.25277206103007,1.0,always_correct
pythia-160m,low,44,15,15,0.39511426389217374,1.0,always_correct
pythia-160m,low,45,15,10,0.14874810775121053,0.6666666666666666,variable
pythia-160m,low,46,15,10,0.19940548348240555,0.6666666666666666,variable
pythia-160m,low,47,15,15,0.3360096118102471,1.0,always_correct
pythia-160m,low,48,15,15,0.23444660852352778,1.0,always_correct
pythia-160m,low,49,15,13,0.4933019100377957,0.8666666666666667,variable
pythia-160m,low,50,15,10,0.14144490664087547,0.6666666666666666,variable
pythia-160m,low,51,15,14,0.34631355591118335,0.9333333333333333,variable
pythia-160m,low,52,15,15,0.4300342286626498,1.0,always_correct
pythia-160m,low,53,15,13,0.15313274711370467,0.8666666666666667,variable
pythia-160m,low,54,15,13,0.2421961521108945,0.8666666666666667,variable
pythia-160m,low,55,15,14,0.27698031490047775,0.9333333333333333,variable
pythia-160m,low,56,15,14,0.29963996907075247,0.9333333333333333,variable
pythia-160m,low,57,15,10,0.19569647896181172,0.6666666666666666,variable
pythia-160m,low,58,15,12,0.13194281863979995,0.8,variable
pythia-160m,low,59,15,15,0.31033544465899465,1.0,always_correct
pythia-160m,low,60,15,13,0.25350602983186643,0.8666666666666667,variable
pythia-160m,low,61,15,15,0.43328034778436025,1.0,always_correct
pythia-160m,low,62,15,14,0.5070447577784459,0.9333333333333333,variable
pythia-160m,low,63,15,6,0.02550452675980826,0.4,variable
pythia-160m,low,64,15,5,0.11203620110948881,0.3333333333333333,variable
pythia-160m,low,65,15,15,0.4795161152879397,1.0,always_correct
pythia-160m,low,66,15,15,0.49344546099503833,1.0,always_correct
pythia-160m,low,67,15,15,0.250089434782664,1.0,always_correct
pythia-160m,low,68,15,10,0.5140883819510539,0.6666666666666666,variable
pythia-160m,low,69,15,15,0.5621400664250056,1.0,always_correct
pythia-160m,low,70,15,15,0.2474496465176344,1.0,always_correct
pythia-160m,low,71,15,15,0.3404442690312862,1.0,always_correct
pythia-160m,low,72,15,15,0.3766699343919754,1.0,always_correct
pythia-160m,low,73,15,15,0.18917750765879948,1.0,always_correct
pythia-160m,low,74,15,15,0.4465717708071073,1.0,always_correct
pythia-160m,low,75,15,9,0.33838029243052004,0.6,variable
pythia-160m,low,76,15,14,0.24537839964032174,0.9333333333333333,variable
pythia-160m,low,77,15,15,0.519599229345719,1.0,always_correct
pythia-160m,low,78,15,10,0.12167881419882179,0.6666666666666666,variable
pythia-160m,low,79,15,12,0.3392994293322166,0.8,variable
pythia-160m,low,80,15,10,0.11585647594183683,0.6666666666666666,variable
pythia-160m,low,81,15,11,0.37947232771354417,0.7333333333333333,variable
pythia-160m,low,82,15,15,0.39698279500007627,1.0,always_correct
pythia-160m,low,83,15,15,0.500614088277022,1.0,always_correct
pythia-160m,low,84,15,15,0.22891888643304506,1.0,always_correct
pythia-160m,low,85,15,10,0.18667872430135807,0.6666666666666666,variable
pythia-160m,low,86,15,15,0.3403879595299562,1.0,always_correct
pythia-160m,low,87,15,10,0.20712151833965134,0.6666666666666666,variable
pythia-160m,low,88,15,14,0.22407695924242338,0.9333333333333333,variable
pythia-160m,low,89,15,10,0.15377366061632833,0.6666666666666666,variable
pythia-160m,low,90,15,14,0.2196455421547095,0.9333333333333333,variable
pythia-160m,low,91,15,14,0.17974049126108488,0.9333333333333333,variable
pythia-160m,low,92,15,14,0.19958626336107652,0.9333333333333333,variable
pythia-160m,low,93,15,15,0.45384801030158994,1.0,always_correct
pythia-160m,low,94,15,15,0.6468261877695719,1.0,always_correct
pythia-160m,low,95,15,14,0.29768009384473165,0.9333333333333333,variable
pythia-160m,low,96,15,14,0.3168372473989924,0.9333333333333333,variable
pythia-160m,low,97,15,10,0.19678489497552315,0.6666666666666666,variable
pythia-160m,low,98,15,15,0.22213649600744248,1.0,always_correct
pythia-160m,low,99,15,11,0.3728817055001855,0.7333333333333333,variable
pythia-160m,low,100,15,15,0.34698399901390076,1.0,always_correct
pythia-160m,low,101,15,15,0.3539778083562851,1.0,always_correct
pythia-160m,low,102,15,13,0.12892009690403938,0.8666666666666667,variable
pythia-160m,low,103,15,15,0.37403434962034227,1.0,always_correct
pythia-160m,low,104,15,15,0.2888232320547104,1.0,always_correct
pythia-160m,low,105,15,15,0.6149082442124685,1.0,always_correct
pythia-160m,low,106,15,10,0.26586469838318105,0.6666666666666666,variable
pythia-160m,low,107,15,9,0.06837596944145237,0.6,variable
pythia-160m,low,108,15,15,0.2605604852239291,1.0,always_correct
pythia-160m,low,109,15,15,0.3483867953221003,1.0,always_correct
pythia-160m,low,110,15,9,0.2450465629498164,0.6,variable
pythia-160m,low,111,15,10,0.2988527407248815,0.6666666666666666,variable
pythia-160m,low,112,15,15,0.25426916480064393,1.0,always_correct
pythia-160m,low,113,15,6,0.09897911770579716,0.4,variable
pythia-160m,low,114,15,15,0.224138193577528,1.0,always_correct
pythia-160m,low,115,15,15,0.4294701809684435,1.0,always_correct
pythia-160m,low,116,15,14,0.10598043588300546,0.9333333333333333,variable
pythia-160m,low,117,15,10,0.0939321373278896,0.6666666666666666,variable
pythia-160m,low,118,15,15,0.36487133949995043,1.0,always_correct
pythia-160m,low,119,15,15,0.3576266422867775,1.0,always_correct
pythia-160m,low,120,15,10,0.37386082985127966,0.6666666666666666,variable
pythia-160m,low,121,15,12,0.20038009074827035,0.8,variable
pythia-160m,low,122,15,13,0.2547709668986499,0.8666666666666667,variable
pythia-160m,low,123,15,9,0.11535154860466719,0.6,variable
pythia-160m,low,124,15,13,0.41397990969320136,0.8666666666666667,variable
pythia-160m,low,125,15,12,0.2794784411167105,0.8,variable
pythia-160m,low,126,15,11,0.3116526373972495,0.7333333333333333,variable
pythia-160m,low,127,15,11,0.1861498724669218,0.7333333333333333,variable
pythia-160m,low,128,15,9,0.1385635079195102,0.6,variable
pythia-160m,low,129,15,15,0.14829892441630363,1.0,always_correct
pythia-160m,low,130,15,14,0.3391755759716034,0.9333333333333333,variable
pythia-160m,low,131,15,13,0.14229948396484057,0.8666666666666667,variable
pythia-160m,low,132,15,10,0.11901870793662965,0.6666666666666666,variable
pythia-160m,low,133,15,15,0.5510987331469853,1.0,always_correct
pythia-160m,low,134,15,10,0.3488826787720124,0.6666666666666666,variable
pythia-160m,low,135,15,11,0.11136780641973018,0.7333333333333333,variable
pythia-160m,low,136,15,14,0.19281252945462862,0.9333333333333333,variable
pythia-160m,low,137,15,15,0.20169416119654973,1.0,always_correct
pythia-160m,low,138,15,12,0.30488680601119994,0.8,variable
pythia-160m,low,139,15,13,0.4521247408663233,0.8666666666666667,variable
pythia-160m,low,140,15,13,0.36347405270983774,0.8666666666666667,variable
pythia-160m,low,141,15,13,0.15251796133816242,0.8666666666666667,variable
pythia-160m,low,142,15,14,0.4651093692829212,0.9333333333333333,variable
pythia-160m,low,143,15,14,0.4607712442676226,0.9333333333333333,variable
pythia-160m,low,144,15,13,0.2962987262134751,0.8666666666666667,variable
pythia-160m,low,145,15,14,0.2222008874018987,0.9333333333333333,variable
pythia-160m,low,146,15,15,0.24050210937857627,1.0,always_correct
pythia-160m,low,147,15,12,0.2080203343182802,0.8,variable
pythia-160m,low,148,15,12,0.3711290118594964,0.8,variable
pythia-160m,low,149,15,13,0.4291461863865455,0.8666666666666667,variable
pythia-160m,low,150,15,15,0.36251014973968265,1.0,always_correct
pythia-160m,low,151,15,12,0.32573119457811117,0.8,variable
pythia-160m,low,152,15,12,0.4152194570749998,0.8,variable
pythia-160m,low,153,15,14,0.4276935948679845,0.9333333333333333,variable
pythia-160m,low,154,15,15,0.36786169856786727,1.0,always_correct
pythia-160m,low,155,15,10,0.2168010295679172,0.6666666666666666,variable
pythia-160m,low,156,15,15,0.33096186965703966,1.0,always_correct
pythia-160m,low,157,15,8,0.08486206475645304,0.5333333333333333,variable
pythia-160m,low,158,15,15,0.4648272822300593,1.0,always_correct
pythia-160m,low,159,15,15,0.2618070274591446,1.0,always_correct
pythia-160m,low,160,15,9,0.13229502247025568,0.6,variable
pythia-160m,low,161,15,13,0.22455648394922414,0.8666666666666667,variable
pythia-160m,low,162,15,14,0.3664118034765124,0.9333333333333333,variable
pythia-160m,low,163,15,12,0.46175132182737194,0.8,variable
pythia-160m,low,164,15,14,0.3895621165633202,0.9333333333333333,variable
pythia-160m,low,165,15,13,0.3146360073238611,0.8666666666666667,variable
pythia-160m,low,166,15,11,0.15932325938095648,0.7333333333333333,variable
pythia-160m,low,167,15,14,0.2524453364312649,0.9333333333333333,variable
pythia-160m,low,168,15,15,0.5117490569750468,1.0,always_correct
pythia-160m,low,169,15,10,0.26858631705399605,0.6666666666666666,variable
pythia-160m,low,170,15,13,0.18837510960487028,0.8666666666666667,variable
pythia-160m,low,171,15,13,0.36486047729849813,0.8666666666666667,variable
pythia-160m,low,172,15,15,0.4932012975215912,1.0,always_correct
pythia-160m,low,173,15,9,0.10318140391415606,0.6,variable
pythia-160m,low,174,15,9,0.20091631033768256,0.6,variable
pythia-160m,low,175,15,6,0.12478335237052912,0.4,variable
pythia-160m,low,176,15,7,0.06211035853872696,0.4666666666666667,variable
pythia-160m,low,177,15,9,0.09949104736636703,0.6,variable
pythia-160m,low,178,15,14,0.4361217113832633,0.9333333333333333,variable
pythia-160m,low,179,15,13,0.2877250629166762,0.8666666666666667,variable
pythia-160m,low,180,15,12,0.12040595095604659,0.8,variable
pythia-160m,low,181,15,11,0.32080783679460484,0.7333333333333333,variable
pythia-160m,low,182,15,14,0.2563488623127341,0.9333333333333333,variable
pythia-160m,low,183,15,5,0.042714616858089964,0.3333333333333333,variable
pythia-160m,low,184,15,11,0.31881115920841696,0.7333333333333333,variable
pythia-160m,low,185,15,15,0.33155489936470983,1.0,always_correct
pythia-160m,low,186,15,15,0.2620767051974932,1.0,always_correct
pythia-160m,low,187,15,12,0.151611091196537,0.8,variable
pythia-160m,low,188,15,10,0.11823826146040423,0.6666666666666666,variable
pythia-160m,low,189,15,15,0.18671960905194282,1.0,always_correct
pythia-160m,low,190,15,13,0.2788348401586215,0.8666666666666667,variable
pythia-160m,low,191,15,10,0.10271053025498986,0.6666666666666666,variable
pythia-160m,low,192,15,15,0.38756099392970406,1.0,always_correct
pythia-160m,low,193,15,15,0.4333612655599912,1.0,always_correct
pythia-160m,low,194,15,15,0.3897834733128548,1.0,always_correct
pythia-160m,low,195,15,15,0.5354368170102437,1.0,always_correct
pythia-160m,low,196,15,15,0.5010612027098735,1.0,always_correct
pythia-160m,low,197,15,13,0.2887649692595005,0.8666666666666667,variable
pythia-160m,low,198,15,15,0.2518683428565661,1.0,always_correct
pythia-160m,low,199,15,15,0.31150876432657243,1.0,always_correct
pythia-160m,low,200,15,13,0.22869290336966513,0.8666666666666667,variable
pythia-160m,low,201,15,10,0.059996034887929754,0.6666666666666666,variable
pythia-160m,low,202,15,12,0.4530320509026448,0.8,variable
pythia-160m,low,203,15,14,0.2379711085309585,0.9333333333333333,variable
pythia-160m,low,204,15,13,0.19735215914746126,0.8666666666666667,variable
pythia-160m,low,205,15,8,0.24643870967750747,0.5333333333333333,variable
pythia-160m,low,206,15,9,0.30502709094434977,0.6,variable
pythia-160m,low,207,15,15,0.3383723658819993,1.0,always_correct
pythia-160m,low,208,15,13,0.33214097854991753,0.8666666666666667,variable
pythia-160m,low,209,15,15,0.6044039001067479,1.0,always_correct
pythia-160m,low,210,15,14,0.17427942429979643,0.9333333333333333,variable
pythia-160m,low,211,15,15,0.2908092359701792,1.0,always_correct
pythia-160m,low,212,15,9,0.2538022610048453,0.6,variable
pythia-160m,low,213,15,15,0.20199271738529206,1.0,always_correct
pythia-160m,low,214,15,15,0.4192996193965276,1.0,always_correct
pythia-160m,low,215,15,15,0.42117093900839486,1.0,always_correct
pythia-160m,low,216,15,11,0.37438563878337544,0.7333333333333333,variable
pythia-160m,low,217,15,10,0.4493341273201319,0.6666666666666666,variable
pythia-160m,low,218,15,9,0.12338325269520282,0.6,variable
pythia-160m,low,219,15,11,0.2166671232630809,0.7333333333333333,variable
pythia-160m,low,220,15,15,0.3825362379352252,1.0,always_correct
pythia-160m,low,221,15,12,0.15203843725224336,0.8,variable
pythia-160m,low,222,15,15,0.4766781717538834,1.0,always_correct
pythia-160m,low,223,15,14,0.26936474194129306,0.9333333333333333,variable
pythia-160m,low,224,15,12,0.23134025384982426,0.8,variable
pythia-160m,medium,0,15,12,0.2545072897026936,0.8,variable
pythia-160m,medium,1,15,10,0.15138188948233922,0.6666666666666666,variable
pythia-160m,medium,2,15,14,0.3268247187137604,0.9333333333333333,variable
pythia-160m,medium,3,15,7,0.2675802486948669,0.4666666666666667,variable
pythia-160m,medium,4,15,13,0.3222323646148046,0.8666666666666667,variable
pythia-160m,medium,5,15,10,0.20307753523811697,0.6666666666666666,variable
pythia-160m,medium,6,15,15,0.5568028887112936,1.0,always_correct
pythia-160m,medium,7,15,15,0.36031145999828973,1.0,always_correct
pythia-160m,medium,8,15,11,0.36931773914645116,0.7333333333333333,variable
pythia-160m,medium,9,15,15,0.27973402589559554,1.0,always_correct
pythia-160m,medium,10,15,13,0.3427815539141496,0.8666666666666667,variable
pythia-160m,medium,11,15,14,0.32110072722037636,0.9333333333333333,variable
pythia-160m,medium,12,15,15,0.534203389286995,1.0,always_correct
pythia-160m,medium,13,15,14,0.4054959480961164,0.9333333333333333,variable
pythia-160m,medium,14,15,15,0.22467301785945892,1.0,always_correct
pythia-160m,medium,15,15,15,0.6360655496517817,1.0,always_correct
pythia-160m,medium,16,15,15,0.6569705824057261,1.0,always_correct
pythia-160m,medium,17,15,10,0.1609338089202841,0.6666666666666666,variable
pythia-160m,medium,18,15,15,0.30353394796450933,1.0,always_correct
pythia-160m,medium,19,15,13,0.35444769884149235,0.8666666666666667,variable
pythia-160m,medium,20,15,15,0.39397308180729546,1.0,always_correct
pythia-160m,medium,21,15,15,0.4632347901662191,1.0,always_correct
pythia-160m,medium,22,15,15,0.4276617974042892,1.0,always_correct
pythia-160m,medium,23,15,15,0.6510574658711751,1.0,always_correct
pythia-160m,medium,24,15,14,0.3537612858538826,0.9333333333333333,variable
pythia-160m,medium,25,15,14,0.1472705729305744,0.9333333333333333,variable
pythia-160m,medium,26,15,13,0.36486299460132915,0.8666666666666667,variable
pythia-160m,medium,27,15,15,0.4850454809765021,1.0,always_correct
pythia-160m,medium,28,15,14,0.1935028408964475,0.9333333333333333,variable
pythia-160m,medium,29,15,15,0.625686764717102,1.0,always_correct
pythia-160m,medium,30,15,15,0.7432997544606527,1.0,always_correct
pythia-160m,medium,31,15,10,0.2760058969259262,0.6666666666666666,variable
pythia-160m,medium,32,15,15,0.6412711123625437,1.0,always_correct
pythia-160m,medium,33,15,15,0.5723306450992822,1.0,always_correct
pythia-160m,medium,34,15,15,0.36837806353966396,1.0,always_correct
pythia-160m,medium,35,15,15,0.40138801534970603,1.0,always_correct
pythia-160m,medium,36,15,13,0.1650454337398211,0.8666666666666667,variable
pythia-160m,medium,37,15,15,0.32677444964647295,1.0,always_correct
pythia-160m,medium,38,15,15,0.3387387891610463,1.0,always_correct
pythia-160m,medium,39,15,14,0.46021679366628326,0.9333333333333333,variable
pythia-160m,medium,40,15,13,0.2556303845097621,0.8666666666666667,variable
pythia-160m,medium,41,15,14,0.46327159851789473,0.9333333333333333,variable
pythia-160m,medium,42,15,14,0.37316724210977553,0.9333333333333333,variable
pythia-160m,medium,43,15,9,0.1245797243512546,0.6,variable
pythia-160m,medium,44,15,11,0.1701091264684995,0.7333333333333333,variable
pythia-160m,medium,45,15,15,0.33014738162358603,1.0,always_correct
pythia-160m,medium,46,15,15,0.43363185226917267,1.0,always_correct
pythia-160m,medium,47,15,12,0.3142307496940096,0.8,variable
pythia-160m,medium,48,15,15,0.6115358491738637,1.0,always_correct
pythia-160m,medium,49,15,14,0.22250284229715664,0.9333333333333333,variable
pythia-160m,medium,50,15,12,0.3484748245527347,0.8,variable
pythia-160m,medium,51,15,15,0.3879098631441593,1.0,always_correct
pythia-160m,medium,52,15,15,0.2964828846355279,1.0,always_correct
pythia-160m,medium,53,15,15,0.3755780374010404,1.0,always_correct
pythia-160m,medium,54,15,14,0.5664827597637971,0.9333333333333333,variable
pythia-160m,medium,55,15,12,0.18114732096437364,0.8,variable
pythia-160m,medium,56,15,15,0.5365572700897853,1.0,always_correct
pythia-160m,medium,57,15,13,0.5326912425458431,0.8666666666666667,variable
pythia-160m,medium,58,15,13,0.36516302128632866,0.8666666666666667,variable
pythia-160m,medium,59,15,15,0.25505529617269834,1.0,always_correct
pythia-160m,medium,60,15,15,0.5572918425003688,1.0,always_correct
pythia-160m,medium,61,15,14,0.5091698180884123,0.9333333333333333,variable
pythia-160m,medium,62,15,15,0.34428554127613703,1.0,always_correct
pythia-160m,medium,63,15,15,0.45121799955765407,1.0,always_correct
pythia-160m,medium,64,15,15,0.4699157585700353,1.0,always_correct
pythia-160m,medium,65,15,11,0.29794601326187453,0.7333333333333333,variable
pythia-160m,medium,66,15,15,0.5202962805827459,1.0,always_correct
pythia-160m,medium,67,15,15,0.5594097961982091,1.0,always_correct
pythia-160m,medium,68,15,10,0.1525819648988545,0.6666666666666666,variable
pythia-160m,medium,69,15,15,0.6375283767779668,1.0,always_correct
pythia-160m,medium,70,15,15,0.6843610068162282,1.0,always_correct
pythia-160m,medium,71,15,14,0.19213927170882622,0.9333333333333333,variable
pythia-160m,medium,72,15,14,0.31953469663858414,0.9333333333333333,variable
pythia-160m,medium,73,15,13,0.2114595572153727,0.8666666666666667,variable
pythia-160m,medium,74,15,12,0.48839510905866823,0.8,variable
pythia-160m,medium,75,15,13,0.17771782365938027,0.8666666666666667,variable
pythia-160m,medium,76,15,15,0.3820110281308492,1.0,always_correct
pythia-160m,medium,77,15,10,0.3396268821010987,0.6666666666666666,variable
pythia-160m,medium,78,15,14,0.37095615168412527,0.9333333333333333,variable
pythia-160m,medium,79,15,15,0.5581227098902066,1.0,always_correct
pythia-160m,medium,80,15,13,0.27663126525779563,0.8666666666666667,variable
pythia-160m,medium,81,15,11,0.31920725454886756,0.7333333333333333,variable
pythia-160m,medium,82,15,11,0.33938406469921273,0.7333333333333333,variable
pythia-160m,medium,83,15,15,0.4260695199171702,1.0,always_correct
pythia-160m,medium,84,15,14,0.3337273428527017,0.9333333333333333,variable
pythia-160m,medium,85,15,14,0.31437660157680514,0.9333333333333333,variable
pythia-160m,medium,86,15,15,0.4021990532676379,1.0,always_correct
pythia-160m,medium,87,15,14,0.36967414282262323,0.9333333333333333,variable
pythia-160m,medium,88,15,14,0.36517338156700135,0.9333333333333333,variable
pythia-160m,medium,89,15,15,0.5078799426555634,1.0,always_correct
pythia-160m,medium,90,15,15,0.5373147577047348,1.0,always_correct
pythia-160m,medium,91,15,15,0.6414461920658747,1.0,always_correct
pythia-160m,medium,92,15,15,0.5859560236334801,1.0,always_correct
pythia-160m,medium,93,15,12,0.32459750200311344,0.8,variable
pythia-160m,medium,94,15,15,0.2634752350548903,1.0,always_correct
pythia-160m,medium,95,15,15,0.20186855817834537,1.0,always_correct
pythia-160m,medium,96,15,13,0.21526992296179134,0.8666666666666667,variable
pythia-160m,medium,97,15,12,0.26569669842720034,0.8,variable
pythia-160m,medium,98,15,10,0.29422972407191994,0.6666666666666666,variable
pythia-160m,medium,99,15,10,0.4905145388096571,0.6666666666666666,variable
pythia-160m,medium,100,15,15,0.5458573867877324,1.0,always_correct
pythia-160m,medium,101,15,14,0.4795788437128067,0.9333333333333333,variable
pythia-160m,medium,102,15,13,0.3067556651930014,0.8666666666666667,variable
pythia-160m,medium,103,15,10,0.1705195814371109,0.6666666666666666,variable
pythia-160m,medium,104,15,10,0.2200776896129052,0.6666666666666666,variable
pythia-160m,medium,105,15,15,0.49617333660523094,1.0,always_correct
pythia-160m,medium,106,15,15,0.38549548213680584,1.0,always_correct
pythia-160m,medium,107,15,10,0.26952596598615247,0.6666666666666666,variable
pythia-160m,medium,108,15,15,0.46754164894421896,1.0,always_correct
pythia-160m,medium,109,15,10,0.15614004282591243,0.6666666666666666,variable
pythia-160m,medium,110,15,9,0.07269145933290323,0.6,variable
pythia-160m,medium,111,15,14,0.5386426272491615,0.9333333333333333,variable
pythia-160m,medium,112,15,15,0.3537930101156235,1.0,always_correct
pythia-160m,medium,113,15,13,0.15090460379918416,0.8666666666666667,variable
pythia-160m,medium,114,15,11,0.44447178395154574,0.7333333333333333,variable
pythia-160m,medium,115,15,14,0.39605112771193185,0.9333333333333333,variable
pythia-160m,medium,116,15,14,0.21433411724865437,0.9333333333333333,variable
pythia-160m,medium,117,15,10,0.36731641937900955,0.6666666666666666,variable
pythia-160m,medium,118,15,14,0.17790731489658357,0.9333333333333333,variable
pythia-160m,medium,119,15,15,0.27447219130893546,1.0,always_correct
pythia-160m,medium,120,15,14,0.5394527143488328,0.9333333333333333,variable
pythia-160m,medium,121,15,10,0.3696799099445343,0.6666666666666666,variable
pythia-160m,medium,122,15,15,0.3991174255808195,1.0,always_correct
pythia-160m,medium,123,15,15,0.37855561276276906,1.0,always_correct
pythia-160m,medium,124,15,15,0.5526653130849203,1.0,always_correct
pythia-160m,medium,125,15,9,0.24563093421359858,0.6,variable
pythia-160m,medium,126,15,14,0.4331684850156307,0.9333333333333333,variable
pythia-160m,medium,127,15,15,0.20791527753074965,1.0,always_correct
pythia-160m,medium,128,15,14,0.23355204245696465,0.9333333333333333,variable
pythia-160m,medium,129,15,14,0.35423690900206567,0.9333333333333333,variable
pythia-160m,medium,130,15,15,0.47444387873013816,1.0,always_correct
pythia-160m,medium,131,15,14,0.11576994682351748,0.9333333333333333,variable
pythia-160m,medium,132,15,15,0.35348324129978814,1.0,always_correct
pythia-160m,medium,133,15,15,0.3890267113844554,1.0,always_correct
pythia-160m,medium,134,15,13,0.4355278107027213,0.8666666666666667,variable
pythia-160m,medium,135,15,11,0.35836813362936176,0.7333333333333333,variable
pythia-160m,medium,136,15,15,0.28757386753956476,1.0,always_correct
pythia-160m,medium,137,15,14,0.4977359361946583,0.9333333333333333,variable
pythia-160m,medium,138,15,15,0.47789264221986133,1.0,always_correct
pythia-160m,medium,139,15,10,0.3235280136577785,0.6666666666666666,variable
pythia-160m,medium,140,15,15,0.41207893888155617,1.0,always_correct
pythia-160m,medium,141,15,15,0.45418070554733275,1.0,always_correct
pythia-160m,medium,142,15,10,0.4354448175057769,0.6666666666666666,variable
pythia-160m,medium,143,15,15,0.5465125242869059,1.0,always_correct
pythia-160m,medium,144,15,15,0.47101696679989496,1.0,always_correct
pythia-160m,medium,145,15,13,0.4558708493908246,0.8666666666666667,variable
pythia-160m,medium,146,15,15,0.46548830966154736,1.0,always_correct
pythia-160m,medium,147,15,15,0.21815866952141125,1.0,always_correct
pythia-160m,medium,148,15,15,0.40840418835481007,1.0,always_correct
pythia-160m,medium,149,15,15,0.5137885779142379,1.0,always_correct
pythia-160m,medium,150,15,14,0.43452073683341347,0.9333333333333333,variable
pythia-160m,medium,151,15,14,0.3372558360298475,0.9333333333333333,variable
pythia-160m,medium,152,15,15,0.5676554282506306,1.0,always_correct
pythia-160m,medium,153,15,14,0.3989366243282954,0.9333333333333333,variable
pythia-160m,medium,154,15,10,0.0848477137585481,0.6666666666666666,variable
pythia-160m,medium,155,15,15,0.44955292840798694,1.0,always_correct
pythia-160m,medium,156,15,10,0.23253775782262284,0.6666666666666666,variable
pythia-160m,medium,157,15,14,0.2708708884815375,0.9333333333333333,variable
pythia-160m,medium,158,15,11,0.1393811613942186,0.7333333333333333,variable
pythia-160m,medium,159,15,15,0.421735509733359,1.0,always_correct
pythia-160m,medium,160,15,10,0.24551468525702755,0.6666666666666666,variable
pythia-160m,medium,161,15,15,0.5698790808518728,1.0,always_correct
pythia-160m,medium,162,15,11,0.23916116903225582,0.7333333333333333,variable
pythia-160m,medium,163,15,15,0.24439872627456982,1.0,always_correct
pythia-160m,medium,164,15,14,0.2692110010733207,0.9333333333333333,variable
pythia-160m,medium,165,15,15,0.34190242886543276,1.0,always_correct
pythia-160m,medium,166,15,13,0.2907450399671992,0.8666666666666667,variable
pythia-160m,medium,167,15,15,0.5056096345186234,1.0,always_correct
pythia-160m,medium,168,15,13,0.27820290451248486,0.8666666666666667,variable
pythia-160m,medium,169,15,15,0.4532210762302081,1.0,always_correct
pythia-160m,medium,170,15,15,0.4592114120721817,1.0,always_correct
pythia-160m,medium,171,15,12,0.3137419125686089,0.8,variable
pythia-160m,medium,172,15,12,0.2494849462993443,0.8,variable
pythia-160m,medium,173,15,12,0.2743201085055868,0.8,variable
pythia-160m,medium,174,15,15,0.4043378214041392,1.0,always_correct
pythia-160m,medium,175,15,14,0.3827485665678978,0.9333333333333333,variable
pythia-160m,medium,176,15,10,0.2700159881574412,0.6666666666666666,variable
pythia-160m,medium,177,15,15,0.4393205136060715,1.0,always_correct
pythia-160m,medium,178,15,12,0.471791106959184,0.8,variable
pythia-160m,medium,179,15,10,0.09044405389577151,0.6666666666666666,variable
pythia-160m,medium,180,15,15,0.5050359720985095,1.0,always_correct
pythia-160m,medium,181,15,15,0.754242213567098,1.0,always_correct
pythia-160m,medium,182,15,12,0.1014238428324461,0.8,variable
pythia-160m,medium,183,15,13,0.294419273113211,0.8666666666666667,variable
pythia-160m,medium,184,15,15,0.5471696058909098,1.0,always_correct
pythia-160m,medium,185,15,11,0.11876630522310734,0.7333333333333333,variable
pythia-160m,medium,186,15,15,0.5251052220662434,1.0,always_correct
pythia-160m,medium,187,15,15,0.4434576094150543,1.0,always_correct
pythia-160m,medium,188,15,15,0.33381327688694,1.0,always_correct
pythia-160m,medium,189,15,13,0.22742921262979507,0.8666666666666667,variable
pythia-160m,medium,190,15,11,0.26225964625676473,0.7333333333333333,variable
pythia-160m,medium,191,15,15,0.43852485964695614,1.0,always_correct
pythia-160m,medium,192,15,14,0.3415245850880941,0.9333333333333333,variable
pythia-160m,medium,193,15,14,0.4891947021087011,0.9333333333333333,variable
pythia-160m,medium,194,15,15,0.4029252760112286,1.0,always_correct
pythia-160m,medium,195,15,11,0.28266313262283804,0.7333333333333333,variable
pythia-160m,medium,196,15,15,0.3727499614159266,1.0,always_correct
pythia-160m,medium,197,15,15,0.2801109860340754,1.0,always_correct
pythia-160m,medium,198,15,11,0.39942235896984735,0.7333333333333333,variable
pythia-160m,medium,199,15,15,0.1772656848654151,1.0,always_correct
pythia-160m,medium,200,15,15,0.6146495103836059,1.0,always_correct
pythia-160m,medium,201,15,15,0.7515878856182099,1.0,always_correct
pythia-160m,medium,202,15,14,0.26568957418203354,0.9333333333333333,variable
pythia-160m,medium,203,15,15,0.37396203478177387,1.0,always_correct
pythia-160m,medium,204,15,13,0.18987158400317034,0.8666666666666667,variable
pythia-160m,medium,205,15,15,0.5104259798924128,1.0,always_correct
pythia-160m,medium,206,15,11,0.14515974360207717,0.7333333333333333,variable
pythia-160m,medium,207,15,15,0.3002065698305766,1.0,always_correct
pythia-160m,medium,208,15,8,0.1845294514981409,0.5333333333333333,variable
pythia-160m,medium,209,15,13,0.37491844991842904,0.8666666666666667,variable
pythia-160m,medium,210,15,14,0.3269284444550673,0.9333333333333333,variable
pythia-160m,medium,211,15,15,0.4267819399634997,1.0,always_correct
pythia-160m,medium,212,15,15,0.2523413290580114,1.0,always_correct
pythia-160m,medium,213,15,12,0.24968620414535206,0.8,variable
pythia-160m,medium,214,15,15,0.6257730931043625,1.0,always_correct
pythia-160m,medium,215,15,12,0.5139240740487973,0.8,variable
pythia-160m,medium,216,15,14,0.4126785094539324,0.9333333333333333,variable
pythia-160m,medium,217,15,15,0.6201265831788381,1.0,always_correct
pythia-160m,medium,218,15,15,0.2514029157658418,1.0,always_correct
pythia-160m,medium,219,15,15,0.7002263287703197,1.0,always_correct
pythia-160m,medium,220,15,15,0.593608703215917,1.0,always_correct
pythia-160m,medium,221,15,15,0.43420185198386513,1.0,always_correct
pythia-160m,medium,222,15,15,0.41464186559120814,1.0,always_correct
pythia-160m,medium,223,15,5,0.20073064180711905,0.3333333333333333,variable
pythia-160m,medium,224,15,15,0.39330516308546065,1.0,always_correct
pythia-160m,very_high,0,15,15,0.6201592604319255,1.0,always_correct
pythia-160m,very_high,1,15,15,0.5836856365203857,1.0,always_correct
pythia-160m,very_high,2,15,15,0.42685394585132597,1.0,always_correct
pythia-160m,very_high,3,15,12,0.36577702810366947,0.8,variable
pythia-160m,very_high,4,15,15,0.7115234345197677,1.0,always_correct
pythia-160m,very_high,5,15,12,0.4588765626385187,0.8,variable
pythia-160m,very_high,6,15,15,0.7813985308011373,1.0,always_correct
pythia-160m,very_high,7,15,10,0.40019571340332427,0.6666666666666666,variable
pythia-160m,very_high,8,15,15,0.48214956124623615,1.0,always_correct
pythia-160m,very_high,9,15,15,0.6671655376752218,1.0,always_correct
pythia-160m,very_high,10,15,15,0.7583396315574646,1.0,always_correct
pythia-160m,very_high,11,15,15,0.4957857966423035,1.0,always_correct
pythia-160m,very_high,12,15,15,0.5913012027740479,1.0,always_correct
pythia-160m,very_high,13,15,15,0.5480390538771948,1.0,always_correct
pythia-160m,very_high,14,15,13,0.3063445471227169,0.8666666666666667,variable
pythia-160m,very_high,15,15,15,0.5053824573755265,1.0,always_correct
pythia-160m,very_high,16,15,12,0.27152241046229997,0.8,variable
pythia-160m,very_high,17,15,14,0.7187896321217219,0.9333333333333333,variable
pythia-160m,very_high,18,15,13,0.3535072373847167,0.8666666666666667,variable
pythia-160m,very_high,19,15,15,0.7329764232039452,1.0,always_correct
pythia-160m,very_high,20,15,15,0.41042812963326775,1.0,always_correct
pythia-160m,very_high,21,15,14,0.44445132861534753,0.9333333333333333,variable
pythia-160m,very_high,22,15,15,0.5479846239089966,1.0,always_correct
pythia-160m,very_high,23,15,15,0.6836857795715332,1.0,always_correct
pythia-160m,very_high,24,15,15,0.30638856689135235,1.0,always_correct
pythia-160m,very_high,25,15,12,0.4154210021098455,0.8,variable
pythia-160m,very_high,26,15,14,0.6177257634699345,0.9333333333333333,variable
pythia-160m,very_high,27,15,15,0.5395044048627218,1.0,always_correct
pythia-160m,very_high,28,15,13,0.5400875993072987,0.8666666666666667,variable
pythia-160m,very_high,29,15,15,0.4427267755071322,1.0,always_correct
pythia-160m,very_high,30,15,15,0.5059380531311035,1.0,always_correct
pythia-160m,very_high,31,15,12,0.43167751654982567,0.8,variable
pythia-160m,very_high,32,15,14,0.5303654571374258,0.9333333333333333,variable
pythia-160m,very_high,33,15,15,0.6338269790013631,1.0,always_correct
pythia-160m,very_high,34,15,15,0.8137255986531575,1.0,always_correct
pythia-160m,very_high,35,15,15,0.6257240990797679,1.0,always_correct
pythia-160m,very_high,36,15,14,0.43097178017099697,0.9333333333333333,variable
pythia-160m,very_high,37,15,15,0.3595554009079933,1.0,always_correct
pythia-160m,very_high,38,15,15,0.6238020728031795,1.0,always_correct
pythia-160m,very_high,39,15,15,0.6793919881184896,1.0,always_correct
pythia-160m,very_high,40,15,10,0.25924928865085045,0.6666666666666666,variable
pythia-160m,very_high,41,15,15,0.5693690876166025,1.0,always_correct
pythia-160m,very_high,42,15,15,0.40600142677625023,1.0,always_correct
pythia-160m,very_high,43,15,8,0.12076414904246728,0.5333333333333333,variable
pythia-160m,very_high,44,15,10,0.3361143598953883,0.6666666666666666,variable
pythia-160m,very_high,45,15,10,0.43309643961644423,0.6666666666666666,variable
pythia-160m,very_high,46,15,15,0.7048663397630056,1.0,always_correct
pythia-160m,very_high,47,15,15,0.7468338628609975,1.0,always_correct
pythia-160m,very_high,48,15,15,0.532446838915348,1.0,always_correct
pythia-160m,very_high,49,15,15,0.3972662895917892,1.0,always_correct
pythia-160m,very_high,50,15,15,0.3885628265639146,1.0,always_correct
pythia-160m,very_high,51,15,11,0.16749246078543364,0.7333333333333333,variable
pythia-160m,very_high,52,15,15,0.5552419463793437,1.0,always_correct
pythia-160m,very_high,53,15,14,0.5018484736482303,0.9333333333333333,variable
pythia-160m,very_high,54,15,15,0.515868021051089,1.0,always_correct
pythia-160m,very_high,55,15,15,0.5467802822589874,1.0,always_correct
pythia-160m,very_high,56,15,15,0.5346207946538926,1.0,always_correct
pythia-160m,very_high,57,15,11,0.44656980273624264,0.7333333333333333,variable
pythia-160m,very_high,58,15,15,0.5559817413489024,1.0,always_correct
pythia-160m,very_high,59,15,14,0.47223901053269707,0.9333333333333333,variable
pythia-160m,very_high,60,15,15,0.4833132763703664,1.0,always_correct
pythia-160m,very_high,61,15,15,0.33308251152435936,1.0,always_correct
pythia-160m,very_high,62,15,15,0.5506551255782445,1.0,always_correct
pythia-160m,very_high,63,15,15,0.6242361187934875,1.0,always_correct
pythia-160m,very_high,64,15,15,0.5003747920195262,1.0,always_correct
pythia-160m,very_high,65,15,15,0.5443612029155095,1.0,always_correct
pythia-160m,very_high,66,15,15,0.47351073324680326,1.0,always_correct
pythia-160m,very_high,67,15,14,0.5212488609055678,0.9333333333333333,variable
pythia-160m,very_high,68,15,15,0.648419318596522,1.0,always_correct
pythia-160m,very_high,69,15,14,0.25606458000838755,0.9333333333333333,variable
pythia-160m,very_high,70,15,14,0.30651338982085385,0.9333333333333333,variable
pythia-160m,very_high,71,15,14,0.5280360131214062,0.9333333333333333,variable
pythia-160m,very_high,72,15,14,0.643465072909991,0.9333333333333333,variable
pythia-160m,very_high,73,15,15,0.2685383528470993,1.0,always_correct
pythia-160m,very_high,74,15,11,0.3632465312878291,0.7333333333333333,variable
pythia-160m,very_high,75,15,15,0.5466141661008199,1.0,always_correct
pythia-160m,very_high,76,15,15,0.5059612820545832,1.0,always_correct
pythia-160m,very_high,77,15,15,0.6458645661671957,1.0,always_correct
pythia-160m,very_high,78,15,13,0.4660673057039579,0.8666666666666667,variable
pythia-160m,very_high,79,15,15,0.37030058801174165,1.0,always_correct
pythia-160m,very_high,80,15,12,0.3907429905608296,0.8,variable
pythia-160m,very_high,81,15,15,0.41559770653645195,1.0,always_correct
pythia-160m,very_high,82,15,15,0.46239170531431834,1.0,always_correct
pythia-160m,very_high,83,15,9,0.13409675545990468,0.6,variable
pythia-160m,very_high,84,15,15,0.3018515631556511,1.0,always_correct
pythia-160m,very_high,85,15,10,0.28455720134079454,0.6666666666666666,variable
pythia-160m,very_high,86,15,14,0.5083583064377308,0.9333333333333333,variable
pythia-160m,very_high,87,15,13,0.4070535905659199,0.8666666666666667,variable
pythia-160m,very_high,88,15,13,0.4694425940513611,0.8666666666666667,variable
pythia-160m,very_high,89,15,9,0.3989751849323511,0.6,variable
pythia-160m,very_high,90,15,12,0.11779481597865621,0.8,variable
pythia-160m,very_high,91,15,13,0.3376483311255773,0.8666666666666667,variable
pythia-160m,very_high,92,15,13,0.3173785177369913,0.8666666666666667,variable
pythia-160m,very_high,93,15,14,0.1908787491420905,0.9333333333333333,variable
pythia-160m,very_high,94,15,15,0.4519730071226756,1.0,always_correct
pythia-160m,very_high,95,15,15,0.5320666700601577,1.0,always_correct
pythia-160m,very_high,96,15,15,0.7321457306543986,1.0,always_correct
pythia-160m,very_high,97,15,15,0.4515842944383621,1.0,always_correct
pythia-160m,very_high,98,15,15,0.7958222230275472,1.0,always_correct
pythia-160m,very_high,99,15,15,0.5473502149184545,1.0,always_correct
pythia-160m,very_high,100,15,11,0.4494039172306657,0.7333333333333333,variable
pythia-160m,very_high,101,15,15,0.5475475033124287,1.0,always_correct
pythia-160m,very_high,102,15,15,0.5592230190833409,1.0,always_correct
pythia-160m,very_high,103,15,14,0.520324117441972,0.9333333333333333,variable
pythia-160m,very_high,104,15,14,0.32828408864637215,0.9333333333333333,variable
pythia-160m,very_high,105,15,15,0.37029607196648917,1.0,always_correct
pythia-160m,very_high,106,15,15,0.736472274363041,1.0,always_correct
pythia-160m,very_high,107,15,14,0.4004331370194753,0.9333333333333333,variable
pythia-160m,very_high,108,15,14,0.5097584143280983,0.9333333333333333,variable
pythia-160m,very_high,109,15,15,0.697636357943217,1.0,always_correct
pythia-160m,very_high,110,15,15,0.32679110566775005,1.0,always_correct
pythia-160m,very_high,111,15,14,0.5207446463406086,0.9333333333333333,variable
pythia-160m,very_high,112,15,15,0.5540832951664925,1.0,always_correct
pythia-160m,very_high,113,15,15,0.7291468461354573,1.0,always_correct
pythia-160m,very_high,114,15,15,0.16307917063434918,1.0,always_correct
pythia-160m,very_high,115,15,15,0.6457173774639765,1.0,always_correct
pythia-160m,very_high,116,15,14,0.3738568757971128,0.9333333333333333,variable
pythia-160m,very_high,117,15,10,0.24823810458183287,0.6666666666666666,variable
pythia-160m,very_high,118,15,13,0.26077224674324195,0.8666666666666667,variable
pythia-160m,very_high,119,15,15,0.440386226773262,1.0,always_correct
pythia-160m,very_high,120,15,14,0.3830571357160807,0.9333333333333333,variable
pythia-160m,very_high,121,15,8,0.14358280530820292,0.5333333333333333,variable
pythia-160m,very_high,122,15,11,0.5189905092120171,0.7333333333333333,variable
pythia-160m,very_high,123,15,13,0.4041917694111665,0.8666666666666667,variable
pythia-160m,very_high,124,15,13,0.3756222022076448,0.8666666666666667,variable
pythia-160m,very_high,125,15,15,0.7028799374898275,1.0,always_correct
pythia-160m,very_high,126,15,15,0.6383931636810303,1.0,always_correct
pythia-160m,very_high,127,15,15,0.6219386438528697,1.0,always_correct
pythia-160m,very_high,128,15,15,0.5886892532308896,1.0,always_correct
pythia-160m,very_high,129,15,15,0.6603492478529612,1.0,always_correct
pythia-160m,very_high,130,15,15,0.5893124183019002,1.0,always_correct
pythia-160m,very_high,131,15,15,0.6701300978660584,1.0,always_correct
pythia-160m,very_high,132,15,14,0.44318620053430396,0.9333333333333333,variable
pythia-160m,very_high,133,15,13,0.5351907478024562,0.8666666666666667,variable
pythia-160m,very_high,134,15,10,0.4311783127486706,0.6666666666666666,variable
pythia-160m,very_high,135,15,15,0.3690874859690666,1.0,always_correct
pythia-160m,very_high,136,15,15,0.7006983717282613,1.0,always_correct
pythia-160m,very_high,137,15,15,0.44368370771408083,1.0,always_correct
pythia-160m,very_high,138,15,15,0.5053244459132353,1.0,always_correct
pythia-160m,very_high,139,15,12,0.4155283821746707,0.8,variable
pythia-160m,very_high,140,15,15,0.5230099956194559,1.0,always_correct
pythia-160m,very_high,141,15,11,0.3016585174637536,0.7333333333333333,variable
pythia-160m,very_high,142,15,14,0.42361169308423996,0.9333333333333333,variable
pythia-160m,very_high,143,15,13,0.29963511874278387,0.8666666666666667,variable
pythia-160m,very_high,144,15,15,0.5059120674928029,1.0,always_correct
pythia-160m,very_high,145,15,14,0.36569422284762065,0.9333333333333333,variable
pythia-160m,very_high,146,15,15,0.6037885804971059,1.0,always_correct
pythia-160m,very_high,147,15,15,0.635098147392273,1.0,always_correct
pythia-160m,very_high,148,15,15,0.6251585324605305,1.0,always_correct
pythia-160m,very_high,149,15,12,0.34813649679223696,0.8,variable
pythia-160m,very_high,150,15,14,0.3713115338236094,0.9333333333333333,variable
pythia-160m,very_high,151,15,15,0.729794838031133,1.0,always_correct
pythia-160m,very_high,152,15,14,0.47789344787597654,0.9333333333333333,variable
pythia-160m,very_high,153,15,15,0.596627202630043,1.0,always_correct
pythia-160m,very_high,154,15,14,0.34569466623167194,0.9333333333333333,variable
pythia-160m,very_high,155,15,15,0.636431235074997,1.0,always_correct
pythia-160m,very_high,156,15,15,0.7991979757944743,1.0,always_correct
pythia-160m,very_high,157,15,14,0.2020119162897269,0.9333333333333333,variable
pythia-160m,very_high,158,15,15,0.406965213517348,1.0,always_correct
pythia-160m,very_high,159,15,12,0.4943823466698329,0.8,variable
pythia-160m,very_high,160,15,11,0.42737792916595935,0.7333333333333333,variable
pythia-160m,very_high,161,15,15,0.5534489899873734,1.0,always_correct
pythia-160m,very_high,162,15,15,0.8176189045111338,1.0,always_correct
pythia-160m,very_high,163,15,15,0.6608605821927388,1.0,always_correct
pythia-160m,very_high,164,15,12,0.5350605510485669,0.8,variable
pythia-160m,very_high,165,15,10,0.1299252973248561,0.6666666666666666,variable
pythia-160m,very_high,166,15,14,0.2674152289827665,0.9333333333333333,variable
pythia-160m,very_high,167,15,15,0.6137547115484874,1.0,always_correct
pythia-160m,very_high,168,15,14,0.3731097063670556,0.9333333333333333,variable
pythia-160m,very_high,169,15,15,0.4221251810590426,1.0,always_correct
pythia-160m,very_high,170,15,11,0.38323881747201083,0.7333333333333333,variable
pythia-160m,very_high,171,15,12,0.4648292860637108,0.8,variable
pythia-160m,very_high,172,15,15,0.5001652201016744,1.0,always_correct
pythia-160m,very_high,173,15,15,0.5951308091481526,1.0,always_correct
pythia-160m,very_high,174,15,15,0.31605935643116634,1.0,always_correct
pythia-160m,very_high,175,15,14,0.27005902032057444,0.9333333333333333,variable
pythia-160m,very_high,176,15,15,0.7313324173291524,1.0,always_correct
pythia-160m,very_high,177,15,10,0.3115679514904817,0.6666666666666666,variable
pythia-160m,very_high,178,15,14,0.38226186732451123,0.9333333333333333,variable
pythia-160m,very_high,179,15,15,0.6495602995157241,1.0,always_correct
pythia-160m,very_high,180,15,15,0.3568195641040802,1.0,always_correct
pythia-160m,very_high,181,15,11,0.2000711279610793,0.7333333333333333,variable
pythia-160m,very_high,182,15,15,0.6577596366405487,1.0,always_correct
pythia-160m,very_high,183,15,15,0.4815584550301234,1.0,always_correct
pythia-160m,very_high,184,15,15,0.7285898149013519,1.0,always_correct
pythia-160m,very_high,185,15,15,0.6399019241333008,1.0,always_correct
pythia-160m,very_high,186,15,15,0.8085030674934387,1.0,always_correct
pythia-160m,very_high,187,15,11,0.4868790476427724,0.7333333333333333,variable
pythia-160m,very_high,188,15,14,0.3893648420770963,0.9333333333333333,variable
pythia-160m,very_high,189,15,15,0.5627894401550293,1.0,always_correct
pythia-160m,very_high,190,15,13,0.2936086757729451,0.8666666666666667,variable
pythia-160m,very_high,191,15,15,0.37905101229747135,1.0,always_correct
pythia-160m,very_high,192,15,15,0.7512900491555532,1.0,always_correct
pythia-160m,very_high,193,15,15,0.5078791707754136,1.0,always_correct
pythia-160m,very_high,194,15,15,0.5984807074069977,1.0,always_correct
pythia-160m,very_high,195,15,15,0.6019619007905325,1.0,always_correct
pythia-160m,very_high,196,15,15,0.4757167746623357,1.0,always_correct
pythia-160m,very_high,197,15,13,0.26269234816233317,0.8666666666666667,variable
pythia-160m,very_high,198,15,15,0.700602634747823,1.0,always_correct
pythia-160m,very_high,199,15,14,0.24394657487670582,0.9333333333333333,variable
pythia-160m,very_high,200,15,13,0.4120127578576406,0.8666666666666667,variable
pythia-160m,very_high,201,15,12,0.5336383981009324,0.8,variable
pythia-160m,very_high,202,15,15,0.342859947681427,1.0,always_correct
pythia-160m,very_high,203,15,14,0.2859665289521217,0.9333333333333333,variable
pythia-160m,very_high,204,15,15,0.3522305617729823,1.0,always_correct
pythia-160m,very_high,205,15,11,0.20030529213448364,0.7333333333333333,variable
pythia-160m,very_high,206,15,15,0.5729821036259334,1.0,always_correct
pythia-160m,very_high,207,15,15,0.5425858080387116,1.0,always_correct
pythia-160m,very_high,208,15,15,0.5513488322496414,1.0,always_correct
pythia-160m,very_high,209,15,10,0.4126313303907712,0.6666666666666666,variable
pythia-160m,very_high,210,15,15,0.32754883319139483,1.0,always_correct
pythia-160m,very_high,211,15,15,0.37133221278587975,1.0,always_correct
pythia-160m,very_high,212,15,6,0.20117116492862502,0.4,variable
pythia-160m,very_high,213,15,15,0.5988141973813375,1.0,always_correct
pythia-160m,very_high,214,15,13,0.2278837203979492,0.8666666666666667,variable
pythia-160m,very_high,215,15,15,0.48132815460364026,1.0,always_correct
pythia-160m,very_high,216,15,15,0.5398983756701151,1.0,always_correct
pythia-160m,very_high,217,15,15,0.7337342381477356,1.0,always_correct
pythia-160m,very_high,218,15,15,0.4254535918434461,1.0,always_correct
pythia-160m,very_high,219,15,15,0.4103301286697388,1.0,always_correct
pythia-160m,very_high,220,15,15,0.7065371930599212,1.0,always_correct
pythia-160m,very_high,221,15,15,0.5533928354581197,1.0,always_correct
pythia-160m,very_high,222,15,10,0.29987490830632546,0.6666666666666666,variable
pythia-160m,very_high,223,15,15,0.5205892103413741,1.0,always_correct
pythia-160m,very_high,224,15,15,0.7623209079106649,1.0,always_correct
pythia-1b,control,0,15,12,0.27286084117367865,0.8,variable
pythia-1b,control,1,15,14,0.657436270515124,0.9333333333333333,variable
pythia-1b,control,2,15,15,0.8553410013516743,1.0,always_correct
pythia-1b,control,3,15,12,0.5344741533820828,0.8,variable
pythia-1b,control,4,15,15,0.6668654382228851,1.0,always_correct
pythia-1b,control,5,15,15,0.7788304805755615,1.0,always_correct
pythia-1b,control,6,15,15,0.7025100866953532,1.0,always_correct
pythia-1b,control,7,15,10,0.4603983937607457,0.6666666666666666,variable
pythia-1b,control,8,15,14,0.39913913533091544,0.9333333333333333,variable
pythia-1b,control,9,15,15,0.6620348274707795,1.0,always_correct
pythia-1b,control,10,15,15,0.7667283872763316,1.0,always_correct
pythia-1b,control,11,15,15,0.6946466604868571,1.0,always_correct
pythia-1b,control,12,15,15,0.8668072958787282,1.0,always_correct
pythia-1b,control,13,15,14,0.3042435380319754,0.9333333333333333,variable
pythia-1b,control,14,15,15,0.6270686149597168,1.0,always_correct
pythia-1b,control,15,15,15,0.6836291357874871,1.0,always_correct
pythia-1b,control,16,15,15,0.32103547466297944,1.0,always_correct
pythia-1b,control,17,15,9,0.31471381783485414,0.6,variable
pythia-1b,control,18,15,14,0.6310379455486933,0.9333333333333333,variable
pythia-1b,control,19,15,15,0.7314612189928691,1.0,always_correct
pythia-1b,control,20,15,15,0.3743211035927137,1.0,always_correct
pythia-1b,control,21,15,14,0.609785811851422,0.9333333333333333,variable
pythia-1b,control,22,15,11,0.4895923382292191,0.7333333333333333,variable
pythia-1b,control,23,15,15,0.43364417894432944,1.0,always_correct
pythia-1b,control,24,15,14,0.4603331911067168,0.9333333333333333,variable
pythia-1b,control,25,15,11,0.5692722446440409,0.7333333333333333,variable
pythia-1b,control,26,15,8,0.2705379577896868,0.5333333333333333,variable
pythia-1b,control,27,15,15,0.5465898931026458,1.0,always_correct
pythia-1b,control,28,15,15,0.4579205940167109,1.0,always_correct
pythia-1b,control,29,15,15,0.6480329970518748,1.0,always_correct
pythia-1b,control,30,15,15,0.5867499639590581,1.0,always_correct
pythia-1b,control,31,15,14,0.42800041536490124,0.9333333333333333,variable
pythia-1b,control,32,15,15,0.6884966989358267,1.0,always_correct
pythia-1b,control,33,15,15,0.48635236024856565,1.0,always_correct
pythia-1b,control,34,15,13,0.5819675310204426,0.8666666666666667,variable
pythia-1b,control,35,15,14,0.4339346195260684,0.9333333333333333,variable
pythia-1b,control,36,15,14,0.5425679745773474,0.9333333333333333,variable
pythia-1b,control,37,15,15,0.6357640504837037,1.0,always_correct
pythia-1b,control,38,15,15,0.8183370947837829,1.0,always_correct
pythia-1b,control,39,15,10,0.2279708482325077,0.6666666666666666,variable
pythia-1b,control,40,15,15,0.6898296634356181,1.0,always_correct
pythia-1b,control,41,15,10,0.4175241176349421,0.6666666666666666,variable
pythia-1b,control,42,15,15,0.5183045476675033,1.0,always_correct
pythia-1b,control,43,15,15,0.6357047388950984,1.0,always_correct
pythia-1b,control,44,15,15,0.379651840031147,1.0,always_correct
pythia-1b,control,45,15,15,0.42603886673847835,1.0,always_correct
pythia-1b,control,46,15,13,0.1291101369385918,0.8666666666666667,variable
pythia-1b,control,47,15,15,0.713921066125234,1.0,always_correct
pythia-1b,control,48,15,7,0.32950615010534723,0.4666666666666667,variable
pythia-1b,control,49,15,15,0.47297858744859694,1.0,always_correct
pythia-1b,control,50,15,15,0.5990686103701591,1.0,always_correct
pythia-1b,control,51,15,15,0.6055606598655383,1.0,always_correct
pythia-1b,control,52,15,14,0.44147234298288823,0.9333333333333333,variable
pythia-1b,control,53,15,14,0.467181005080541,0.9333333333333333,variable
pythia-1b,control,54,15,15,0.8428533534208934,1.0,always_correct
pythia-1b,control,55,15,15,0.6056572417418162,1.0,always_correct
pythia-1b,control,56,15,13,0.18957038254787525,0.8666666666666667,variable
pythia-1b,control,57,15,14,0.4376221797118584,0.9333333333333333,variable
pythia-1b,control,58,15,15,0.6735435297091802,1.0,always_correct
pythia-1b,control,59,15,15,0.4459304799636205,1.0,always_correct
pythia-1b,control,60,15,15,0.5693035552899043,1.0,always_correct
pythia-1b,control,61,15,15,0.5419560064872105,1.0,always_correct
pythia-1b,control,62,15,14,0.4888557786742846,0.9333333333333333,variable
pythia-1b,control,63,15,11,0.524345300346613,0.7333333333333333,variable
pythia-1b,control,64,15,15,0.2785291110475858,1.0,always_correct
pythia-1b,control,65,15,15,0.4674323836962382,1.0,always_correct
pythia-1b,control,66,15,15,0.5853809307018916,1.0,always_correct
pythia-1b,control,67,15,15,0.3237346515059471,1.0,always_correct
pythia-1b,control,68,15,14,0.3938077464699745,0.9333333333333333,variable
pythia-1b,control,69,15,15,0.5062329322099686,1.0,always_correct
pythia-1b,control,70,15,13,0.4574080356707176,0.8666666666666667,variable
pythia-1b,control,71,15,15,0.6073915069301923,1.0,always_correct
pythia-1b,control,72,15,13,0.3231466415027777,0.8666666666666667,variable
pythia-1b,control,73,15,12,0.49565405196820694,0.8,variable
pythia-1b,control,74,15,11,0.39253890700638294,0.7333333333333333,variable
pythia-1b,control,75,15,15,0.6397849716246128,1.0,always_correct
pythia-1b,control,76,15,15,0.5917795514067014,1.0,always_correct
pythia-1b,control,77,15,15,0.40652246872584025,1.0,always_correct
pythia-1b,control,78,15,13,0.5449192295471827,0.8666666666666667,variable
pythia-1b,control,79,15,15,0.6767762646079063,1.0,always_correct
pythia-1b,control,80,15,14,0.5677299539248148,0.9333333333333333,variable
pythia-1b,control,81,15,15,0.6012153337399165,1.0,always_correct
pythia-1b,control,82,15,15,0.6358502964178722,1.0,always_correct
pythia-1b,control,83,15,15,0.7132955769697825,1.0,always_correct
pythia-1b,control,84,15,15,0.6413873761892319,1.0,always_correct
pythia-1b,control,85,15,10,0.331437834755828,0.6666666666666666,variable
pythia-1b,control,86,15,11,0.30154469531650346,0.7333333333333333,variable
pythia-1b,control,87,15,13,0.5603884279727935,0.8666666666666667,variable
pythia-1b,control,88,15,15,0.6733260348439216,1.0,always_correct
pythia-1b,control,89,15,14,0.42444549476106963,0.9333333333333333,variable
pythia-1b,control,90,15,15,0.30729236006736754,1.0,always_correct
pythia-1b,control,91,15,14,0.2507285576313734,0.9333333333333333,variable
pythia-1b,control,92,15,15,0.49734791219234464,1.0,always_correct
pythia-1b,control,93,15,15,0.27526706556479136,1.0,always_correct
pythia-1b,control,94,15,15,0.6521290322144826,1.0,always_correct
pythia-1b,control,95,15,15,0.67335431377093,1.0,always_correct
pythia-1b,control,96,15,15,0.8129764417807261,1.0,always_correct
pythia-1b,control,97,15,14,0.29245492617289226,0.9333333333333333,variable
pythia-1b,control,98,15,10,0.42097345453997453,0.6666666666666666,variable
pythia-1b,control,99,15,15,0.590635750691096,1.0,always_correct
pythia-1b,control,100,15,14,0.5870871807138125,0.9333333333333333,variable
pythia-1b,control,101,15,15,0.6460363388061523,1.0,always_correct
pythia-1b,control,102,15,15,0.6878042827049892,1.0,always_correct
pythia-1b,control,103,15,15,0.6341119468212127,1.0,always_correct
pythia-1b,control,104,15,15,0.5557227576772372,1.0,always_correct
pythia-1b,control,105,15,15,0.5153481205304463,1.0,always_correct
pythia-1b,control,106,15,13,0.3707532109071811,0.8666666666666667,variable
pythia-1b,control,107,15,15,0.6708833038806915,1.0,always_correct
pythia-1b,control,108,15,15,0.4908391366402308,1.0,always_correct
pythia-1b,control,109,15,14,0.4188521608710289,0.9333333333333333,variable
pythia-1b,control,110,15,14,0.5812818874915441,0.9333333333333333,variable
pythia-1b,control,111,15,15,0.49064326398074626,1.0,always_correct
pythia-1b,control,112,15,15,0.39160995185375214,1.0,always_correct
pythia-1b,control,113,15,13,0.37510644967357315,0.8666666666666667,variable
pythia-1b,control,114,15,15,0.6537221789360046,1.0,always_correct
pythia-1b,control,115,15,10,0.3820290341973305,0.6666666666666666,variable
pythia-1b,control,116,15,10,0.1737985961139202,0.6666666666666666,variable
pythia-1b,control,117,15,15,0.561859285334746,1.0,always_correct
pythia-1b,control,118,15,15,0.7421431938807169,1.0,always_correct
pythia-1b,control,119,15,15,0.5900496462980906,1.0,always_correct
pythia-1b,control,120,15,12,0.284812248001496,0.8,variable
pythia-1b,control,121,15,14,0.6562091621259848,0.9333333333333333,variable
pythia-1b,control,122,15,14,0.2924088961134354,0.9333333333333333,variable
pythia-1b,control,123,15,13,0.3415208160877228,0.8666666666666667,variable
pythia-1b,control,124,15,15,0.5427301307519277,1.0,always_correct
pythia-1b,control,125,15,10,0.3671559247809152,0.6666666666666666,variable
pythia-1b,control,126,15,15,0.5708193610111872,1.0,always_correct
pythia-1b,control,127,15,15,0.5438113316893578,1.0,always_correct
pythia-1b,control,128,15,15,0.5030175730586052,1.0,always_correct
pythia-1b,control,129,15,14,0.4680882580578327,0.9333333333333333,variable
pythia-1b,control,130,15,15,0.5701666062076887,1.0,always_correct
pythia-1b,control,131,15,14,0.5629332507650058,0.9333333333333333,variable
pythia-1b,control,132,15,15,0.720487296084563,1.0,always_correct
pythia-1b,control,133,15,14,0.3439776567121347,0.9333333333333333,variable
pythia-1b,control,134,15,13,0.6673730771988631,0.8666666666666667,variable
pythia-1b,control,135,15,15,0.4966158037384351,1.0,always_correct
pythia-1b,control,136,15,14,0.4618303835391998,0.9333333333333333,variable
pythia-1b,control,137,15,14,0.5720421742647886,0.9333333333333333,variable
pythia-1b,control,138,15,15,0.4268426924943924,1.0,always_correct
pythia-1b,control,139,15,11,0.388228332127134,0.7333333333333333,variable
pythia-1b,control,140,15,15,0.4191685641805331,1.0,always_correct
pythia-1b,control,141,15,15,0.54718030889829,1.0,always_correct
pythia-1b,control,142,15,15,0.6514111866553625,1.0,always_correct
pythia-1b,control,143,15,15,0.5098529497782389,1.0,always_correct
pythia-1b,control,144,15,15,0.5495979564885298,1.0,always_correct
pythia-1b,control,145,15,15,0.6783549050490062,1.0,always_correct
pythia-1b,control,146,15,14,0.4152235060930252,0.9333333333333333,variable
pythia-1b,control,147,15,12,0.4339033251007398,0.8,variable
pythia-1b,control,148,15,15,0.5793268144130707,1.0,always_correct
pythia-1b,control,149,15,15,0.5062437266111374,1.0,always_correct
pythia-1b,control,150,15,14,0.46805640012025834,0.9333333333333333,variable
pythia-1b,control,151,15,15,0.3277209535241127,1.0,always_correct
pythia-1b,control,152,15,15,0.4993910551071167,1.0,always_correct
pythia-1b,control,153,15,13,0.42405387461185456,0.8666666666666667,variable
pythia-1b,control,154,15,14,0.5697809015711148,0.9333333333333333,variable
pythia-1b,control,155,15,15,0.5229902756710847,1.0,always_correct
pythia-1b,control,156,15,11,0.4594780530780554,0.7333333333333333,variable
pythia-1b,control,157,15,15,0.6307285378376642,1.0,always_correct
pythia-1b,control,158,15,14,0.5343782531718413,0.9333333333333333,variable
pythia-1b,control,159,15,15,0.7321226318677266,1.0,always_correct
pythia-1b,control,160,15,15,0.6009126792351405,1.0,always_correct
pythia-1b,control,161,15,15,0.6409840454657872,1.0,always_correct
pythia-1b,control,162,15,14,0.3023415895799796,0.9333333333333333,variable
pythia-1b,control,163,15,15,0.5293946524461111,1.0,always_correct
pythia-1b,control,164,15,15,0.5966630866130193,1.0,always_correct
pythia-1b,control,165,15,15,0.5420045723517736,1.0,always_correct
pythia-1b,control,166,15,13,0.38591647520661354,0.8666666666666667,variable
pythia-1b,control,167,15,14,0.4570980521539847,0.9333333333333333,variable
pythia-1b,control,168,15,14,0.3862580748895804,0.9333333333333333,variable
pythia-1b,control,169,15,15,0.32858902812004087,1.0,always_correct
pythia-1b,control,170,15,6,0.1731746387279903,0.4,variable
pythia-1b,control,171,15,14,0.35246471675733726,0.9333333333333333,variable
pythia-1b,control,172,15,13,0.46559888422489165,0.8666666666666667,variable
pythia-1b,control,173,15,15,0.6326408187548319,1.0,always_correct
pythia-1b,control,174,15,14,0.5174494641833007,0.9333333333333333,variable
pythia-1b,control,175,15,10,0.5826625804106395,0.6666666666666666,variable
pythia-1b,control,176,15,15,0.5212593893210093,1.0,always_correct
pythia-1b,control,177,15,15,0.8514175693194072,1.0,always_correct
pythia-1b,control,178,15,14,0.518830656260252,0.9333333333333333,variable
pythia-1b,control,179,15,12,0.4312837571526567,0.8,variable
pythia-1b,control,180,15,14,0.4293474828203519,0.9333333333333333,variable
pythia-1b,control,181,15,15,0.7452120443185171,1.0,always_correct
pythia-1b,control,182,15,15,0.5043837269147237,1.0,always_correct
pythia-1b,control,183,15,15,0.7157563924789428,1.0,always_correct
pythia-1b,control,184,15,15,0.7402752280235291,1.0,always_correct
pythia-1b,control,185,15,15,0.47557057738304137,1.0,always_correct
pythia-1b,control,186,15,15,0.5250945021708806,1.0,always_correct
pythia-1b,control,187,15,15,0.6049445996681849,1.0,always_correct
pythia-1b,control,188,15,14,0.605177890509367,0.9333333333333333,variable
pythia-1b,control,189,15,15,0.5166662653287252,1.0,always_correct
pythia-1b,control,190,15,15,0.5498726407686869,1.0,always_correct
pythia-1b,control,191,15,15,0.6610043783982594,1.0,always_correct
pythia-1b,control,192,15,15,0.5257820325593153,1.0,always_correct
pythia-1b,control,193,15,14,0.37286009478072324,0.9333333333333333,variable
pythia-1b,control,194,15,14,0.6332549730936686,0.9333333333333333,variable
pythia-1b,control,195,15,15,0.6449218352635702,1.0,always_correct
pythia-1b,control,196,15,15,0.4922793085376422,1.0,always_correct
pythia-1b,control,197,15,15,0.6971606676777203,1.0,always_correct
pythia-1b,control,198,15,15,0.47470155904690425,1.0,always_correct
pythia-1b,control,199,15,14,0.4972395991596083,0.9333333333333333,variable
pythia-1b,control,200,15,14,0.3868764420350393,0.9333333333333333,variable
pythia-1b,control,201,15,13,0.31113174421091877,0.8666666666666667,variable
pythia-1b,control,202,15,6,0.32860697015809515,0.4,variable
pythia-1b,control,203,15,11,0.18274641012152035,0.7333333333333333,variable
pythia-1b,control,204,15,14,0.58733698228995,0.9333333333333333,variable
pythia-1b,control,205,15,13,0.3699146113047997,0.8666666666666667,variable
pythia-1b,control,206,15,15,0.7612211475769679,1.0,always_correct
pythia-1b,control,207,15,15,0.8572731534639995,1.0,always_correct
pythia-1b,control,208,15,15,0.6419946283102036,1.0,always_correct
pythia-1b,control,209,15,14,0.23634765160580476,0.9333333333333333,variable
pythia-1b,control,210,15,15,0.292716729392608,1.0,always_correct
pythia-1b,control,211,15,12,0.3147243048995733,0.8,variable
pythia-1b,control,212,15,15,0.7778208196163178,1.0,always_correct
pythia-1b,control,213,15,15,0.574751911063989,1.0,always_correct
pythia-1b,control,214,15,15,0.5860240255792936,1.0,always_correct
pythia-1b,control,215,15,15,0.46389526228109995,1.0,always_correct
pythia-1b,control,216,15,15,0.680523008108139,1.0,always_correct
pythia-1b,control,217,15,15,0.4067105536659559,1.0,always_correct
pythia-1b,control,218,15,14,0.477692228804032,0.9333333333333333,variable
pythia-1b,control,219,15,15,0.5414912114540736,1.0,always_correct
pythia-1b,control,220,15,12,0.4572123865286509,0.8,variable
pythia-1b,control,221,15,14,0.5221480958163738,0.9333333333333333,variable
pythia-1b,control,222,15,15,0.590298768877983,1.0,always_correct
pythia-1b,control,223,15,15,0.781485895315806,1.0,always_correct
pythia-1b,control,224,15,15,0.6354189197222392,1.0,always_correct
pythia-1b,high,0,15,14,0.24853844822694857,0.9333333333333333,variable
pythia-1b,high,1,15,14,0.499351400633653,0.9333333333333333,variable
pythia-1b,high,2,15,15,0.6679393579562505,1.0,always_correct
pythia-1b,high,3,15,12,0.2902097980181376,0.8,variable
pythia-1b,high,4,15,15,0.8007639726003011,1.0,always_correct
pythia-1b,high,5,15,14,0.5684953620036443,0.9333333333333333,variable
pythia-1b,high,6,15,14,0.253152139733235,0.9333333333333333,variable
pythia-1b,high,7,15,10,0.376104999659583,0.6666666666666666,variable
pythia-1b,high,8,15,15,0.5689575543006261,1.0,always_correct
pythia-1b,high,9,15,15,0.4094862560431162,1.0,always_correct
pythia-1b,high,10,15,15,0.663332990805308,1.0,always_correct
pythia-1b,high,11,15,15,0.6413144387304783,1.0,always_correct
pythia-1b,high,12,15,14,0.47816492468118665,0.9333333333333333,variable
pythia-1b,high,13,15,14,0.35822922823329767,0.9333333333333333,variable
pythia-1b,high,14,15,13,0.4240023739635944,0.8666666666666667,variable
pythia-1b,high,15,15,12,0.3172353700424234,0.8,variable
pythia-1b,high,16,15,15,0.6453752368688583,1.0,always_correct
pythia-1b,high,17,15,13,0.6161153701444467,0.8666666666666667,variable
pythia-1b,high,18,15,15,0.5504119048515955,1.0,always_correct
pythia-1b,high,19,15,14,0.3979370174308618,0.9333333333333333,variable
pythia-1b,high,20,15,15,0.2923448524127404,1.0,always_correct
pythia-1b,high,21,15,12,0.5058486724893252,0.8,variable
pythia-1b,high,22,15,10,0.3100957705445277,0.6666666666666666,variable
pythia-1b,high,23,15,15,0.5446883002916972,1.0,always_correct
pythia-1b,high,24,15,15,0.6135457540551822,1.0,always_correct
pythia-1b,high,25,15,9,0.3700641173714151,0.6,variable
pythia-1b,high,26,15,14,0.4559061214327812,0.9333333333333333,variable
pythia-1b,high,27,15,14,0.4661883100867271,0.9333333333333333,variable
pythia-1b,high,28,15,15,0.5752305209636688,1.0,always_correct
pythia-1b,high,29,15,14,0.5812778527537982,0.9333333333333333,variable
pythia-1b,high,30,15,15,0.5382552474737168,1.0,always_correct
pythia-1b,high,31,15,15,0.29795514792203903,1.0,always_correct
pythia-1b,high,32,15,15,0.45407199412584304,1.0,always_correct
pythia-1b,high,33,15,15,0.7818881909052531,1.0,always_correct
pythia-1b,high,34,15,15,0.649163015683492,1.0,always_correct
pythia-1b,high,35,15,11,0.45459849294275045,0.7333333333333333,variable
pythia-1b,high,36,15,10,0.2670522121945396,0.6666666666666666,variable
pythia-1b,high,37,15,15,0.6123392129937808,1.0,always_correct
pythia-1b,high,38,15,15,0.4686463495095571,1.0,always_correct
pythia-1b,high,39,15,15,0.2704698512951533,1.0,always_correct
pythia-1b,high,40,15,15,0.5296426296234131,1.0,always_correct
pythia-1b,high,41,15,15,0.7972843468189239,1.0,always_correct
pythia-1b,high,42,15,14,0.3429732834920287,0.9333333333333333,variable
pythia-1b,high,43,15,15,0.4531370460987091,1.0,always_correct
pythia-1b,high,44,15,15,0.37843963553508125,1.0,always_correct
pythia-1b,high,45,15,15,0.4537662655115128,1.0,always_correct
pythia-1b,high,46,15,15,0.7039298782745997,1.0,always_correct
pythia-1b,high,47,15,11,0.36649040908087044,0.7333333333333333,variable
pythia-1b,high,48,15,14,0.36122447572027644,0.9333333333333333,variable
pythia-1b,high,49,15,15,0.5110858877499899,1.0,always_correct
pythia-1b,high,50,15,15,0.30531573941310247,1.0,always_correct
pythia-1b,high,51,15,14,0.4003972594936689,0.9333333333333333,variable
pythia-1b,high,52,15,11,0.48563676748114326,0.7333333333333333,variable
pythia-1b,high,53,15,12,0.23298972500488163,0.8,variable
pythia-1b,high,54,15,14,0.40933365896344187,0.9333333333333333,variable
pythia-1b,high,55,15,14,0.5771466622749964,0.9333333333333333,variable
pythia-1b,high,56,15,15,0.5397191055119037,1.0,always_correct
pythia-1b,high,57,15,15,0.6106563395510117,1.0,always_correct
pythia-1b,high,58,15,14,0.6120171318451564,0.9333333333333333,variable
pythia-1b,high,59,15,15,0.5220951954523723,1.0,always_correct
pythia-1b,high,60,15,12,0.3776946879302462,0.8,variable
pythia-1b,high,61,15,15,0.5762962081780036,1.0,always_correct
pythia-1b,high,62,15,15,0.5687577197949092,1.0,always_correct
pythia-1b,high,63,15,15,0.7537755787372589,1.0,always_correct
pythia-1b,high,64,15,15,0.47895796472827595,1.0,always_correct
pythia-1b,high,65,15,15,0.8027808090051015,1.0,always_correct
pythia-1b,high,66,15,15,0.6137580692768096,1.0,always_correct
pythia-1b,high,67,15,11,0.2480178129238387,0.7333333333333333,variable
pythia-1b,high,68,15,15,0.5267016887664795,1.0,always_correct
pythia-1b,high,69,15,15,0.5463949128985405,1.0,always_correct
pythia-1b,high,70,15,15,0.6126899262269337,1.0,always_correct
pythia-1b,high,71,15,15,0.6013408819834392,1.0,always_correct
pythia-1b,high,72,15,15,0.4218265409270922,1.0,always_correct
pythia-1b,high,73,15,15,0.386229212085406,1.0,always_correct
pythia-1b,high,74,15,14,0.504979986573259,0.9333333333333333,variable
pythia-1b,high,75,15,12,0.5496485561132431,0.8,variable
pythia-1b,high,76,15,11,0.3857584633321191,0.7333333333333333,variable
pythia-1b,high,77,15,14,0.5046756193041801,0.9333333333333333,variable
pythia-1b,high,78,15,15,0.586329582085212,1.0,always_correct
pythia-1b,high,79,15,15,0.8432368954022725,1.0,always_correct
pythia-1b,high,80,15,11,0.349017812560002,0.7333333333333333,variable
pythia-1b,high,81,15,14,0.6306737080216408,0.9333333333333333,variable
pythia-1b,high,82,15,14,0.4848578761021296,0.9333333333333333,variable
pythia-1b,high,83,15,15,0.4393451491991679,1.0,always_correct
pythia-1b,high,84,15,15,0.660073314110438,1.0,always_correct
pythia-1b,high,85,15,11,0.5076590937562286,0.7333333333333333,variable
pythia-1b,high,86,15,15,0.6766508907079697,1.0,always_correct
pythia-1b,high,87,15,12,0.31613535148402055,0.8,variable
pythia-1b,high,88,15,15,0.5146796815097332,1.0,always_correct
pythia-1b,high,89,15,15,0.8229237874348958,1.0,always_correct
pythia-1b,high,90,15,14,0.2856469677761197,0.9333333333333333,variable
pythia-1b,high,91,15,15,0.64900856812795,1.0,always_correct
pythia-1b,high,92,15,10,0.4904515879849593,0.6666666666666666,variable
pythia-1b,high,93,15,15,0.7343061948815982,1.0,always_correct
pythia-1b,high,94,15,15,0.7825051327546437,1.0,always_correct
pythia-1b,high,95,15,15,0.6377498457829157,1.0,always_correct
pythia-1b,high,96,15,13,0.5371066994965077,0.8666666666666667,variable
pythia-1b,high,97,15,14,0.6689940014233192,0.9333333333333333,variable
pythia-1b,high,98,15,15,0.5211390674114227,1.0,always_correct
pythia-1b,high,99,15,14,0.5456467270851135,0.9333333333333333,variable
pythia-1b,high,100,15,14,0.3844767873485883,0.9333333333333333,variable
pythia-1b,high,101,15,13,0.3853143566598495,0.8666666666666667,variable
pythia-1b,high,102,15,15,0.665394839644432,1.0,always_correct
pythia-1b,high,103,15,15,0.6194705535968145,1.0,always_correct
pythia-1b,high,104,15,15,0.6500969658295314,1.0,always_correct
pythia-1b,high,105,15,15,0.3826691068708897,1.0,always_correct
pythia-1b,high,106,15,15,0.6499602978428205,1.0,always_correct
pythia-1b,high,107,15,14,0.6102704326311748,0.9333333333333333,variable
pythia-1b,high,108,15,15,0.6495122241477171,1.0,always_correct
pythia-1b,high,109,15,15,0.4454183449347814,1.0,always_correct
pythia-1b,high,110,15,15,0.8083233257134755,1.0,always_correct
pythia-1b,high,111,15,15,0.7428944677114486,1.0,always_correct
pythia-1b,high,112,15,15,0.6050951570272446,1.0,always_correct
pythia-1b,high,113,15,15,0.5073663751284282,1.0,always_correct
pythia-1b,high,114,15,15,0.5593146440883477,1.0,always_correct
pythia-1b,high,115,15,15,0.4573080450296402,1.0,always_correct
pythia-1b,high,116,15,15,0.5834269727269809,1.0,always_correct
pythia-1b,high,117,15,15,0.7767108539740245,1.0,always_correct
pythia-1b,high,118,15,15,0.6761773198843002,1.0,always_correct
pythia-1b,high,119,15,15,0.6122829655806223,1.0,always_correct
pythia-1b,high,120,15,15,0.4238617738087972,1.0,always_correct
pythia-1b,high,121,15,13,0.21983007819702227,0.8666666666666667,variable
pythia-1b,high,122,15,15,0.54652518928051,1.0,always_correct
pythia-1b,high,123,15,15,0.7755346536636353,1.0,always_correct
pythia-1b,high,124,15,15,0.6170289441943169,1.0,always_correct
pythia-1b,high,125,15,10,0.3745185618114192,0.6666666666666666,variable
pythia-1b,high,126,15,15,0.5297449847062429,1.0,always_correct
pythia-1b,high,127,15,15,0.6204888890186946,1.0,always_correct
pythia-1b,high,128,15,15,0.6930643955866496,1.0,always_correct
pythia-1b,high,129,15,11,0.4709752654656768,0.7333333333333333,variable
pythia-1b,high,130,15,14,0.4152878599551817,0.9333333333333333,variable
pythia-1b,high,131,15,15,0.7394602164626122,1.0,always_correct
pythia-1b,high,132,15,12,0.4191727304831147,0.8,variable
pythia-1b,high,133,15,15,0.7659538586934408,1.0,always_correct
pythia-1b,high,134,15,15,0.5818034549554189,1.0,always_correct
pythia-1b,high,135,15,7,0.21594518950829902,0.4666666666666667,variable
pythia-1b,high,136,15,15,0.6874546060959498,1.0,always_correct
pythia-1b,high,137,15,15,0.6823855842153231,1.0,always_correct
pythia-1b,high,138,15,10,0.2824743926525116,0.6666666666666666,variable
pythia-1b,high,139,15,15,0.4207541783650716,1.0,always_correct
pythia-1b,high,140,15,14,0.4678982974340518,0.9333333333333333,variable
pythia-1b,high,141,15,14,0.29557484313845633,0.9333333333333333,variable
pythia-1b,high,142,15,15,0.6342100431521733,1.0,always_correct
pythia-1b,high,143,15,15,0.8556747198104858,1.0,always_correct
pythia-1b,high,144,15,15,0.5098986248175303,1.0,always_correct
pythia-1b,high,145,15,15,0.6334425687789917,1.0,always_correct
pythia-1b,high,146,15,12,0.35685379545514784,0.8,variable
pythia-1b,high,147,15,15,0.672474154829979,1.0,always_correct
pythia-1b,high,148,15,15,0.4891321082909902,1.0,always_correct
pythia-1b,high,149,15,12,0.3976322052379449,0.8,variable
pythia-1b,high,150,15,15,0.6852248122294744,1.0,always_correct
pythia-1b,high,151,15,10,0.3979445856374999,0.6666666666666666,variable
pythia-1b,high,152,15,12,0.5335898135167857,0.8,variable
pythia-1b,high,153,15,15,0.5036510984102885,1.0,always_correct
pythia-1b,high,154,15,15,0.5463903556267421,1.0,always_correct
pythia-1b,high,155,15,15,0.6908263484636943,1.0,always_correct
pythia-1b,high,156,15,15,0.5593768576780955,1.0,always_correct
pythia-1b,high,157,15,15,0.5780495524406433,1.0,always_correct
pythia-1b,high,158,15,15,0.5986599057912827,1.0,always_correct
pythia-1b,high,159,15,14,0.411606032649676,0.9333333333333333,variable
pythia-1b,high,160,15,10,0.15174341204886635,0.6666666666666666,variable
pythia-1b,high,161,15,15,0.33236224924524627,1.0,always_correct
pythia-1b,high,162,15,15,0.5901171386241912,1.0,always_correct
pythia-1b,high,163,15,14,0.43336512545744577,0.9333333333333333,variable
pythia-1b,high,164,15,13,0.48935859004656473,0.8666666666666667,variable
pythia-1b,high,165,15,11,0.4776431055739522,0.7333333333333333,variable
pythia-1b,high,166,15,15,0.7931302567323049,1.0,always_correct
pythia-1b,high,167,15,15,0.22051361426711083,1.0,always_correct
pythia-1b,high,168,15,14,0.4723283144955834,0.9333333333333333,variable
pythia-1b,high,169,15,11,0.37174797179177405,0.7333333333333333,variable
pythia-1b,high,170,15,15,0.4946029022336006,1.0,always_correct
pythia-1b,high,171,15,12,0.331308114528656,0.8,variable
pythia-1b,high,172,15,15,0.5824330538511276,1.0,always_correct
pythia-1b,high,173,15,11,0.3292597570767005,0.7333333333333333,variable
pythia-1b,high,174,15,13,0.5295224610017613,0.8666666666666667,variable
pythia-1b,high,175,15,15,0.5705113718907039,1.0,always_correct
pythia-1b,high,176,15,15,0.7476262817780177,1.0,always_correct
pythia-1b,high,177,15,15,0.6538568099339803,1.0,always_correct
pythia-1b,high,178,15,12,0.2124158220210423,0.8,variable
pythia-1b,high,179,15,9,0.3896017123168955,0.6,variable
pythia-1b,high,180,15,15,0.3813568900028865,1.0,always_correct
pythia-1b,high,181,15,15,0.44179614447057247,1.0,always_correct
pythia-1b,high,182,15,11,0.4259506321201722,0.7333333333333333,variable
pythia-1b,high,183,15,14,0.422033229470253,0.9333333333333333,variable
pythia-1b,high,184,15,15,0.7044560551643372,1.0,always_correct
pythia-1b,high,185,15,15,0.742327211300532,1.0,always_correct
pythia-1b,high,186,15,15,0.3564385420332352,1.0,always_correct
pythia-1b,high,187,15,15,0.5278324474891026,1.0,always_correct
pythia-1b,high,188,15,13,0.39153301225354276,0.8666666666666667,variable
pythia-1b,high,189,15,13,0.49796524001285436,0.8666666666666667,variable
pythia-1b,high,190,15,15,0.5619777083396912,1.0,always_correct
pythia-1b,high,191,15,14,0.4753709186489383,0.9333333333333333,variable
pythia-1b,high,192,15,14,0.45603038370609283,0.9333333333333333,variable
pythia-1b,high,193,15,14,0.618299396087726,0.9333333333333333,variable
pythia-1b,high,194,15,13,0.5609593270967405,0.8666666666666667,variable
pythia-1b,high,195,15,13,0.6074604772031307,0.8666666666666667,variable
pythia-1b,high,196,15,15,0.4709938599417607,1.0,always_correct
pythia-1b,high,197,15,14,0.4617214545607567,0.9333333333333333,variable
pythia-1b,high,198,15,15,0.6897838259736697,1.0,always_correct
pythia-1b,high,199,15,15,0.6041449025273323,1.0,always_correct
pythia-1b,high,200,15,14,0.5212707207227747,0.9333333333333333,variable
pythia-1b,high,201,15,15,0.7585428734620412,1.0,always_correct
pythia-1b,high,202,15,11,0.3171882951321701,0.7333333333333333,variable
pythia-1b,high,203,15,15,0.504301396260659,1.0,always_correct
pythia-1b,high,204,15,11,0.49701143509858714,0.7333333333333333,variable
pythia-1b,high,205,15,14,0.5324960806096594,0.9333333333333333,variable
pythia-1b,high,206,15,11,0.3989052745203177,0.7333333333333333,variable
pythia-1b,high,207,15,15,0.6660091896851857,1.0,always_correct
pythia-1b,high,208,15,13,0.4247556792572141,0.8666666666666667,variable
pythia-1b,high,209,15,15,0.6416258235772451,1.0,always_correct
pythia-1b,high,210,15,15,0.5041981525719166,1.0,always_correct
pythia-1b,high,211,15,15,0.4148152831941843,1.0,always_correct
pythia-1b,high,212,15,14,0.4539944293598334,0.9333333333333333,variable
pythia-1b,high,213,15,15,0.8014885604381561,1.0,always_correct
pythia-1b,high,214,15,15,0.5593864187598229,1.0,always_correct
pythia-1b,high,215,15,11,0.4078816250587503,0.7333333333333333,variable
pythia-1b,high,216,15,14,0.3383716938396295,0.9333333333333333,variable
pythia-1b,high,217,15,14,0.5847632894913356,0.9333333333333333,variable
pythia-1b,high,218,15,15,0.4665465719997883,1.0,always_correct
pythia-1b,high,219,15,15,0.7063157459100088,1.0,always_correct
pythia-1b,high,220,15,15,0.6319907486438752,1.0,always_correct
pythia-1b,high,221,15,15,0.8533009211222331,1.0,always_correct
pythia-1b,high,222,15,14,0.5364407608285546,0.9333333333333333,variable
pythia-1b,high,223,15,15,0.5072542468706767,1.0,always_correct
pythia-1b,high,224,15,11,0.5045233554517229,0.7333333333333333,variable
pythia-1b,low,0,15,14,0.5873794487987956,0.9333333333333333,variable
pythia-1b,low,1,15,14,0.5724017630020778,0.9333333333333333,variable
pythia-1b,low,2,15,15,0.5174457356333733,1.0,always_correct
pythia-1b,low,3,15,13,0.2628843222123881,0.8666666666666667,variable
pythia-1b,low,4,15,13,0.31902356799691917,0.8666666666666667,variable
pythia-1b,low,5,15,15,0.7150712956984838,1.0,always_correct
pythia-1b,low,6,15,12,0.3407541132842501,0.8,variable
pythia-1b,low,7,15,13,0.5354816620238125,0.8666666666666667,variable
pythia-1b,low,8,15,15,0.3520338834573825,1.0,always_correct
pythia-1b,low,9,15,10,0.38190673912564915,0.6666666666666666,variable
pythia-1b,low,10,15,10,0.2405849522872207,0.6666666666666666,variable
pythia-1b,low,11,15,9,0.23003801511367783,0.6,variable
pythia-1b,low,12,15,11,0.2075585634758075,0.7333333333333333,variable
pythia-1b,low,13,15,15,0.5269204346463084,1.0,always_correct
pythia-1b,low,14,15,10,0.16751523954444564,0.6666666666666666,variable
pythia-1b,low,15,15,10,0.17378219055632751,0.6666666666666666,variable
pythia-1b,low,16,15,8,0.3911694392018641,0.5333333333333333,variable
pythia-1b,low,17,15,11,0.3331574234898047,0.7333333333333333,variable
pythia-1b,low,18,15,12,0.46447064727544785,0.8,variable
pythia-1b,low,19,15,13,0.27756996483852464,0.8666666666666667,variable
pythia-1b,low,20,15,12,0.26572223485757906,0.8,variable
pythia-1b,low,21,15,14,0.18813147690768042,0.9333333333333333,variable
pythia-1b,low,22,15,15,0.4832799926400185,1.0,always_correct
pythia-1b,low,23,15,15,0.19989686893920103,1.0,always_correct
pythia-1b,low,24,15,14,0.24289884592096012,0.9333333333333333,variable
pythia-1b,low,25,15,15,0.44123612629870573,1.0,always_correct
pythia-1b,low,26,15,15,0.32956098032494385,1.0,always_correct
pythia-1b,low,27,15,14,0.5001717112958431,0.9333333333333333,variable
pythia-1b,low,28,15,13,0.3514169024633399,0.8666666666666667,variable
pythia-1b,low,29,15,12,0.30241363160312174,0.8,variable
pythia-1b,low,30,15,15,0.3016903232783079,1.0,always_correct
pythia-1b,low,31,15,13,0.45614155133565265,0.8666666666666667,variable
pythia-1b,low,32,15,13,0.22755116305003564,0.8666666666666667,variable
pythia-1b,low,33,15,11,0.3885148290544748,0.7333333333333333,variable
pythia-1b,low,34,15,12,0.2249120423415055,0.8,variable
pythia-1b,low,35,15,10,0.1705617177571791,0.6666666666666666,variable
pythia-1b,low,36,15,13,0.2998696458836397,0.8666666666666667,variable
pythia-1b,low,37,15,10,0.10966103000731285,0.6666666666666666,variable
pythia-1b,low,38,15,10,0.19012644039466978,0.6666666666666666,variable
pythia-1b,low,39,15,14,0.2514125584314267,0.9333333333333333,variable
pythia-1b,low,40,15,14,0.4723381138096253,0.9333333333333333,variable
pythia-1b,low,41,15,14,0.5361468497663736,0.9333333333333333,variable
pythia-1b,low,42,15,15,0.39340118182202183,1.0,always_correct
pythia-1b,low,43,15,14,0.4583564760357452,0.9333333333333333,variable
pythia-1b,low,44,15,10,0.467183469676335,0.6666666666666666,variable
pythia-1b,low,45,15,14,0.4318883026950061,0.9333333333333333,variable
pythia-1b,low,46,15,15,0.5063770775993665,1.0,always_correct
pythia-1b,low,47,15,13,0.5871347290153305,0.8666666666666667,variable
pythia-1b,low,48,15,15,0.40028075898687043,1.0,always_correct
pythia-1b,low,49,15,15,0.4246887693802516,1.0,always_correct
pythia-1b,low,50,15,12,0.39926884373029076,0.8,variable
pythia-1b,low,51,15,12,0.2033561581124862,0.8,variable
pythia-1b,low,52,15,14,0.5448432877659798,0.9333333333333333,variable
pythia-1b,low,53,15,10,0.2399029284308199,0.6666666666666666,variable
pythia-1b,low,54,15,9,0.0891040031099692,0.6,variable
pythia-1b,low,55,15,13,0.5358938342115531,0.8666666666666667,variable
pythia-1b,low,56,15,14,0.4338554659237464,0.9333333333333333,variable
pythia-1b,low,57,15,9,0.32333327722347655,0.6,variable
pythia-1b,low,58,15,15,0.33853412717580794,1.0,always_correct
pythia-1b,low,59,15,10,0.20598964377616844,0.6666666666666666,variable
pythia-1b,low,60,15,14,0.37787403756131727,0.9333333333333333,variable
pythia-1b,low,61,15,15,0.6040590917070706,1.0,always_correct
pythia-1b,low,62,15,14,0.5291193826124072,0.9333333333333333,variable
pythia-1b,low,63,15,15,0.383955459545056,1.0,always_correct
pythia-1b,low,64,15,5,0.27999463679346565,0.3333333333333333,variable
pythia-1b,low,65,15,14,0.4454881748805443,0.9333333333333333,variable
pythia-1b,low,66,15,15,0.5157389755050341,1.0,always_correct
pythia-1b,low,67,15,15,0.4605074924727281,1.0,always_correct
pythia-1b,low,68,15,10,0.4523450568706418,0.6666666666666666,variable
pythia-1b,low,69,15,13,0.3765077997619907,0.8666666666666667,variable
pythia-1b,low,70,15,15,0.20235447951902946,1.0,always_correct
pythia-1b,low,71,15,14,0.44228623832265535,0.9333333333333333,variable
pythia-1b,low,72,15,15,0.42026789002120496,1.0,always_correct
pythia-1b,low,73,15,14,0.30208003098766006,0.9333333333333333,variable
pythia-1b,low,74,15,11,0.22796758733068903,0.7333333333333333,variable
pythia-1b,low,75,15,11,0.3140831431373954,0.7333333333333333,variable
pythia-1b,low,76,15,12,0.18558138608932495,0.8,variable
pythia-1b,low,77,15,14,0.5171154687491556,0.9333333333333333,variable
pythia-1b,low,78,15,15,0.47823778291543323,1.0,always_correct
pythia-1b,low,79,15,12,0.2380228553277751,0.8,variable
pythia-1b,low,80,15,10,0.2070750702250128,0.6666666666666666,variable
pythia-1b,low,81,15,6,0.23805137684297126,0.4,variable
pythia-1b,low,82,15,15,0.3167001251131296,1.0,always_correct
pythia-1b,low,83,15,14,0.3388927597552538,0.9333333333333333,variable
pythia-1b,low,84,15,11,0.13369727910806736,0.7333333333333333,variable
pythia-1b,low,85,15,11,0.23401013135056323,0.7333333333333333,variable
pythia-1b,low,86,15,14,0.26500698206946255,0.9333333333333333,variable
pythia-1b,low,87,15,7,0.14845820894859874,0.4666666666666667,variable
pythia-1b,low,88,15,11,0.24313615482921402,0.7333333333333333,variable
pythia-1b,low,89,15,8,0.18615241271133223,0.5333333333333333,variable
pythia-1b,low,90,15,15,0.4664397407323122,1.0,always_correct
pythia-1b,low,91,15,13,0.37289921096526085,0.8666666666666667,variable
pythia-1b,low,92,15,8,0.05618161547463387,0.5333333333333333,variable
pythia-1b,low,93,15,15,0.6378893584012986,1.0,always_correct
pythia-1b,low,94,15,15,0.5624570563435555,1.0,always_correct
pythia-1b,low,95,15,9,0.21475728650887807,0.6,variable
pythia-1b,low,96,15,12,0.4028151842998341,0.8,variable
pythia-1b,low,97,15,11,0.38181913866040607,0.7333333333333333,variable
pythia-1b,low,98,15,10,0.16252297166114052,0.6666666666666666,variable
pythia-1b,low,99,15,12,0.4919916216904918,0.8,variable
pythia-1b,low,100,15,15,0.42645346249143284,1.0,always_correct
pythia-1b,low,101,15,13,0.2845190868965195,0.8666666666666667,variable
pythia-1b,low,102,15,13,0.4312536417817076,0.8666666666666667,variable
pythia-1b,low,103,15,15,0.4112570084010561,1.0,always_correct
pythia-1b,low,104,15,7,0.11425838707946241,0.4666666666666667,variable
pythia-1b,low,105,15,15,0.5414733044803143,1.0,always_correct
pythia-1b,low,106,15,10,0.29114917528349904,0.6666666666666666,variable
pythia-1b,low,107,15,14,0.4655735912422339,0.9333333333333333,variable
pythia-1b,low,108,15,15,0.39811311413844425,1.0,always_correct
pythia-1b,low,109,15,12,0.3781029116051892,0.8,variable
pythia-1b,low,110,15,10,0.2973156092998882,0.6666666666666666,variable
pythia-1b,low,111,15,13,0.3651833620543281,0.8666666666666667,variable
pythia-1b,low,112,15,15,0.6128282465040684,1.0,always_correct
pythia-1b,low,113,15,15,0.29750622883439065,1.0,always_correct
pythia-1b,low,114,15,12,0.14964389377855697,0.8,variable
pythia-1b,low,115,15,15,0.3444187174240748,1.0,always_correct
pythia-1b,low,116,15,14,0.18893279389788706,0.9333333333333333,variable
pythia-1b,low,117,15,14,0.3419308622678121,0.9333333333333333,variable
pythia-1b,low,118,15,15,0.41637483971814315,1.0,always_correct
pythia-1b,low,119,15,11,0.23923413356145223,0.7333333333333333,variable
pythia-1b,low,120,15,13,0.428342920417587,0.8666666666666667,variable
pythia-1b,low,121,15,13,0.2951679561287165,0.8666666666666667,variable
pythia-1b,low,122,15,13,0.17874676467229922,0.8666666666666667,variable
pythia-1b,low,123,15,10,0.28468435996522506,0.6666666666666666,variable
pythia-1b,low,124,15,13,0.5195536984285961,0.8666666666666667,variable
pythia-1b,low,125,15,14,0.46893871451417607,0.9333333333333333,variable
pythia-1b,low,126,15,15,0.3629211833079656,1.0,always_correct
pythia-1b,low,127,15,13,0.16860577451686065,0.8666666666666667,variable
pythia-1b,low,128,15,9,0.23523055675129095,0.6,variable
pythia-1b,low,129,15,15,0.4391799209018548,1.0,always_correct
pythia-1b,low,130,15,14,0.29588951375335454,0.9333333333333333,variable
pythia-1b,low,131,15,13,0.3607764895694951,0.8666666666666667,variable
pythia-1b,low,132,15,7,0.18932443923549727,0.4666666666666667,variable
pythia-1b,low,133,15,12,0.249489259851786,0.8,variable
pythia-1b,low,134,15,13,0.4217166792601347,0.8666666666666667,variable
pythia-1b,low,135,15,11,0.218103627456973,0.7333333333333333,variable
pythia-1b,low,136,15,9,0.21872497252576675,0.6,variable
pythia-1b,low,137,15,14,0.4841093533051511,0.9333333333333333,variable
pythia-1b,low,138,15,8,0.11041629365645349,0.5333333333333333,variable
pythia-1b,low,139,15,13,0.3536484469038745,0.8666666666666667,variable
pythia-1b,low,140,15,15,0.3161350588314235,1.0,always_correct
pythia-1b,low,141,15,14,0.4861576193322738,0.9333333333333333,variable
pythia-1b,low,142,15,11,0.27988735781982543,0.7333333333333333,variable
pythia-1b,low,143,15,15,0.42205550397435826,1.0,always_correct
pythia-1b,low,144,15,12,0.3540135324001312,0.8,variable
pythia-1b,low,145,15,12,0.49190287197222154,0.8,variable
pythia-1b,low,146,15,13,0.30758978314697744,0.8666666666666667,variable
pythia-1b,low,147,15,10,0.23252116898074746,0.6666666666666666,variable
pythia-1b,low,148,15,12,0.4195257806840042,0.8,variable
pythia-1b,low,149,15,15,0.5249605311701695,1.0,always_correct
pythia-1b,low,150,15,13,0.34904817862358567,0.8666666666666667,variable
pythia-1b,low,151,15,15,0.5111054393152396,1.0,always_correct
pythia-1b,low,152,15,11,0.2653938057521979,0.7333333333333333,variable
pythia-1b,low,153,15,12,0.4283187897875905,0.8,variable
pythia-1b,low,154,15,15,0.44933919608592987,1.0,always_correct
pythia-1b,low,155,15,9,0.2183329181629233,0.6,variable
pythia-1b,low,156,15,14,0.4277042667226245,0.9333333333333333,variable
pythia-1b,low,157,15,13,0.24398652194067835,0.8666666666666667,variable
pythia-1b,low,158,15,15,0.6432937090595563,1.0,always_correct
pythia-1b,low,159,15,15,0.5741745303074519,1.0,always_correct
pythia-1b,low,160,15,10,0.35373321795874896,0.6666666666666666,variable
pythia-1b,low,161,15,12,0.3463937941317757,0.8,variable
pythia-1b,low,162,15,14,0.433881959070762,0.9333333333333333,variable
pythia-1b,low,163,15,11,0.3348702118266374,0.7333333333333333,variable
pythia-1b,low,164,15,14,0.5243602603673935,0.9333333333333333,variable
pythia-1b,low,165,15,10,0.2717430321266875,0.6666666666666666,variable
pythia-1b,low,166,15,12,0.3851824832459291,0.8,variable
pythia-1b,low,167,15,13,0.3145725433869908,0.8666666666666667,variable
pythia-1b,low,168,15,9,0.20190384036298686,0.6,variable
pythia-1b,low,169,15,14,0.3338898945599794,0.9333333333333333,variable
pythia-1b,low,170,15,15,0.276314620859921,1.0,always_correct
pythia-1b,low,171,15,14,0.5414117625604074,0.9333333333333333,variable
pythia-1b,low,172,15,15,0.5870927754789591,1.0,always_correct
pythia-1b,low,173,15,10,0.21951270668456951,0.6666666666666666,variable
pythia-1b,low,174,15,13,0.3660915023026367,0.8666666666666667,variable
pythia-1b,low,175,15,6,0.17254447018106778,0.4,variable
pythia-1b,low,176,15,13,0.3867233759413163,0.8666666666666667,variable
pythia-1b,low,177,15,10,0.16075677772363026,0.6666666666666666,variable
pythia-1b,low,178,15,15,0.44892222074170907,1.0,always_correct
pythia-1b,low,179,15,14,0.4752776908998688,0.9333333333333333,variable
pythia-1b,low,180,15,10,0.2607271617899338,0.6666666666666666,variable
pythia-1b,low,181,15,12,0.2429174428184827,0.8,variable
pythia-1b,low,182,15,15,0.38536245649059614,1.0,always_correct
pythia-1b,low,183,15,6,0.17605540202348494,0.4,variable
pythia-1b,low,184,15,15,0.3815203032766779,1.0,always_correct
pythia-1b,low,185,15,11,0.302768659395709,0.7333333333333333,variable
pythia-1b,low,186,15,12,0.29690359878974654,0.8,variable
pythia-1b,low,187,15,11,0.2718810693981747,0.7333333333333333,variable
pythia-1b,low,188,15,8,0.1829062073530319,0.5333333333333333,variable
pythia-1b,low,189,15,12,0.16535766186813514,0.8,variable
pythia-1b,low,190,15,14,0.31455305020014446,0.9333333333333333,variable
pythia-1b,low,191,15,10,0.1738387224827117,0.6666666666666666,variable
pythia-1b,low,192,15,13,0.3126748155026386,0.8666666666666667,variable
pythia-1b,low,193,15,15,0.7326653803388278,1.0,always_correct
pythia-1b,low,194,15,11,0.3844229027628899,0.7333333333333333,variable
pythia-1b,low,195,15,15,0.4742908394585053,1.0,always_correct
pythia-1b,low,196,15,14,0.5104972986659656,0.9333333333333333,variable
pythia-1b,low,197,15,15,0.5084344367186229,1.0,always_correct
pythia-1b,low,198,15,9,0.2291943965324511,0.6,variable
pythia-1b,low,199,15,14,0.2755848224585255,0.9333333333333333,variable
pythia-1b,low,200,15,14,0.4788930559530854,0.9333333333333333,variable
pythia-1b,low,201,15,14,0.3717940922205647,0.9333333333333333,variable
pythia-1b,low,202,15,15,0.39357199321190517,1.0,always_correct
pythia-1b,low,203,15,15,0.39469118614991505,1.0,always_correct
pythia-1b,low,204,15,13,0.31727245507451396,0.8666666666666667,variable
pythia-1b,low,205,15,15,0.4109875307728847,1.0,always_correct
pythia-1b,low,206,15,13,0.29561368077993394,0.8666666666666667,variable
pythia-1b,low,207,15,14,0.4495880703131358,0.9333333333333333,variable
pythia-1b,low,208,15,13,0.42521509740812086,0.8666666666666667,variable
pythia-1b,low,209,15,15,0.44969155366222063,1.0,always_correct
pythia-1b,low,210,15,9,0.0768020497324566,0.6,variable
pythia-1b,low,211,15,15,0.5542956789334615,1.0,always_correct
pythia-1b,low,212,15,15,0.4810626767575741,1.0,always_correct
pythia-1b,low,213,15,13,0.48475923016667366,0.8666666666666667,variable
pythia-1b,low,214,15,15,0.4171495138357083,1.0,always_correct
pythia-1b,low,215,15,15,0.3691070000330607,1.0,always_correct
pythia-1b,low,216,15,14,0.3513861816842109,0.9333333333333333,variable
pythia-1b,low,217,15,13,0.5348012779528896,0.8666666666666667,variable
pythia-1b,low,218,15,11,0.43688273649119463,0.7333333333333333,variable
pythia-1b,low,219,15,10,0.2017204273181657,0.6666666666666666,variable
pythia-1b,low,220,15,14,0.35463039577007294,0.9333333333333333,variable
pythia-1b,low,221,15,12,0.26358164261716105,0.8,variable
pythia-1b,low,222,15,13,0.19805701247726878,0.8666666666666667,variable
pythia-1b,low,223,15,13,0.19403146849945188,0.8666666666666667,variable
pythia-1b,low,224,15,13,0.3886728817752252,0.8666666666666667,variable
pythia-1b,medium,0,15,15,0.26672962456941607,1.0,always_correct
pythia-1b,medium,1,15,11,0.09474424864165484,0.7333333333333333,variable
pythia-1b,medium,2,15,15,0.5355143196880817,1.0,always_correct
pythia-1b,medium,3,15,9,0.32782589284227776,0.6,variable
pythia-1b,medium,4,15,13,0.358656000221769,0.8666666666666667,variable
pythia-1b,medium,5,15,15,0.5791981220245361,1.0,always_correct
pythia-1b,medium,6,15,15,0.6027762815356255,1.0,always_correct
pythia-1b,medium,7,15,15,0.49810630157589914,1.0,always_correct
pythia-1b,medium,8,15,10,0.5621435040918489,0.6666666666666666,variable
pythia-1b,medium,9,15,6,0.04630508724367246,0.4,variable
pythia-1b,medium,10,15,14,0.4114120299617449,0.9333333333333333,variable
pythia-1b,medium,11,15,15,0.45289474601546925,1.0,always_correct
pythia-1b,medium,12,15,15,0.6671088417371114,1.0,always_correct
pythia-1b,medium,13,15,11,0.2260863691723595,0.7333333333333333,variable
pythia-1b,medium,14,15,11,0.16449016318656504,0.7333333333333333,variable
pythia-1b,medium,15,15,15,0.6210796346267065,1.0,always_correct
pythia-1b,medium,16,15,14,0.36572737743457157,0.9333333333333333,variable
pythia-1b,medium,17,15,7,0.08730665042530746,0.4666666666666667,variable
pythia-1b,medium,18,15,14,0.5396942978103956,0.9333333333333333,variable
pythia-1b,medium,19,15,15,0.3895331919193268,1.0,always_correct
pythia-1b,medium,20,15,15,0.4495312680800756,1.0,always_correct
pythia-1b,medium,21,15,14,0.5345662648479144,0.9333333333333333,variable
pythia-1b,medium,22,15,14,0.5357585869729519,0.9333333333333333,variable
pythia-1b,medium,23,15,15,0.7193265149990717,1.0,always_correct
pythia-1b,medium,24,15,12,0.4076631768917044,0.8,variable
pythia-1b,medium,25,15,15,0.2672016113996506,1.0,always_correct
pythia-1b,medium,26,15,14,0.4422168030093114,0.9333333333333333,variable
pythia-1b,medium,27,15,15,0.40216772283116975,1.0,always_correct
pythia-1b,medium,28,15,13,0.42138984935979046,0.8666666666666667,variable
pythia-1b,medium,29,15,10,0.34895699471235275,0.6666666666666666,variable
pythia-1b,medium,30,15,15,0.6743159095446268,1.0,always_correct
pythia-1b,medium,31,15,10,0.4756090159760788,0.6666666666666666,variable
pythia-1b,medium,32,15,12,0.27699350733309985,0.8,variable
pythia-1b,medium,33,15,11,0.5629500399964551,0.7333333333333333,variable
pythia-1b,medium,34,15,14,0.4983622255114218,0.9333333333333333,variable
pythia-1b,medium,35,15,15,0.7056793689727783,1.0,always_correct
pythia-1b,medium,36,15,15,0.595626226067543,1.0,always_correct
pythia-1b,medium,37,15,15,0.6184687171131372,1.0,always_correct
pythia-1b,medium,38,15,15,0.6026659948130448,1.0,always_correct
pythia-1b,medium,39,15,15,0.6709007064501444,1.0,always_correct
pythia-1b,medium,40,15,14,0.25610060278947155,0.9333333333333333,variable
pythia-1b,medium,41,15,15,0.535448083281517,1.0,always_correct
pythia-1b,medium,42,15,15,0.7562853733698527,1.0,always_correct
pythia-1b,medium,43,15,15,0.6816334212819736,1.0,always_correct
pythia-1b,medium,44,15,13,0.40713361110538243,0.8666666666666667,variable
pythia-1b,medium,45,15,15,0.45522040824095406,1.0,always_correct
pythia-1b,medium,46,15,15,0.4772948935007056,1.0,always_correct
pythia-1b,medium,47,15,10,0.42674969378858807,0.6666666666666666,variable
pythia-1b,medium,48,15,15,0.566442412386338,1.0,always_correct
pythia-1b,medium,49,15,12,0.31398349540929,0.8,variable
pythia-1b,medium,50,15,11,0.4497453937617441,0.7333333333333333,variable
pythia-1b,medium,51,15,15,0.41152898520231246,1.0,always_correct
pythia-1b,medium,52,15,15,0.38940983526408673,1.0,always_correct
pythia-1b,medium,53,15,15,0.6380742760996024,1.0,always_correct
pythia-1b,medium,54,15,14,0.5588419077297052,0.9333333333333333,variable
pythia-1b,medium,55,15,7,0.15401458432121823,0.4666666666666667,variable
pythia-1b,medium,56,15,13,0.4150490169723829,0.8666666666666667,variable
pythia-1b,medium,57,15,11,0.25734991729259493,0.7333333333333333,variable
pythia-1b,medium,58,15,13,0.45120871098091203,0.8666666666666667,variable
pythia-1b,medium,59,15,13,0.43342031377057233,0.8666666666666667,variable
pythia-1b,medium,60,15,15,0.4044251968463262,1.0,always_correct
pythia-1b,medium,61,15,15,0.4028836538394292,1.0,always_correct
pythia-1b,medium,62,15,15,0.18908222659180562,1.0,always_correct
pythia-1b,medium,63,15,15,0.3613930096228917,1.0,always_correct
pythia-1b,medium,64,15,15,0.6097709516684214,1.0,always_correct
pythia-1b,medium,65,15,15,0.6407185062766075,1.0,always_correct
pythia-1b,medium,66,15,15,0.6893522009253502,1.0,always_correct
pythia-1b,medium,67,15,15,0.5331529001394908,1.0,always_correct
pythia-1b,medium,68,15,15,0.4952069381872813,1.0,always_correct
pythia-1b,medium,69,15,15,0.38550052444140115,1.0,always_correct
pythia-1b,medium,70,15,15,0.39826484049359956,1.0,always_correct
pythia-1b,medium,71,15,15,0.33854327102502185,1.0,always_correct
pythia-1b,medium,72,15,15,0.4731499806046486,1.0,always_correct
pythia-1b,medium,73,15,13,0.49515947749217354,0.8666666666666667,variable
pythia-1b,medium,74,15,15,0.6690674150983492,1.0,always_correct
pythia-1b,medium,75,15,15,0.5549095499018828,1.0,always_correct
pythia-1b,medium,76,15,15,0.5662577118724584,1.0,always_correct
pythia-1b,medium,77,15,15,0.6390853462119898,1.0,always_correct
pythia-1b,medium,78,15,13,0.4970011208206415,0.8666666666666667,variable
pythia-1b,medium,79,15,15,0.7680786162614822,1.0,always_correct
pythia-1b,medium,80,15,13,0.31685551467041173,0.8666666666666667,variable
pythia-1b,medium,81,15,12,0.34795395024120807,0.8,variable
pythia-1b,medium,82,15,12,0.5785971442858379,0.8,variable
pythia-1b,medium,83,15,15,0.4599787602821986,1.0,always_correct
pythia-1b,medium,84,15,12,0.29876624811440705,0.8,variable
pythia-1b,medium,85,15,15,0.5232912143071492,1.0,always_correct
pythia-1b,medium,86,15,15,0.30710841218630475,1.0,always_correct
pythia-1b,medium,87,15,14,0.5870855882763862,0.9333333333333333,variable
pythia-1b,medium,88,15,15,0.6255465323726336,1.0,always_correct
pythia-1b,medium,89,15,15,0.7060101290543874,1.0,always_correct
pythia-1b,medium,90,15,10,0.3422203519071142,0.6666666666666666,variable
pythia-1b,medium,91,15,15,0.6913151264190673,1.0,always_correct
pythia-1b,medium,92,15,15,0.5781129330396653,1.0,always_correct
pythia-1b,medium,93,15,15,0.5249325349926949,1.0,always_correct
pythia-1b,medium,94,15,11,0.481259627143542,0.7333333333333333,variable
pythia-1b,medium,95,15,15,0.641717701156934,1.0,always_correct
pythia-1b,medium,96,15,11,0.2716225878956417,0.7333333333333333,variable
pythia-1b,medium,97,15,13,0.5743879539271196,0.8666666666666667,variable
pythia-1b,medium,98,15,9,0.33458140104388195,0.6,variable
pythia-1b,medium,99,15,14,0.4971215546131134,0.9333333333333333,variable
pythia-1b,medium,100,15,13,0.5522665525631358,0.8666666666666667,variable
pythia-1b,medium,101,15,13,0.35275782458484173,0.8666666666666667,variable
pythia-1b,medium,102,15,13,0.3630491863936186,0.8666666666666667,variable
pythia-1b,medium,103,15,7,0.23868083419899147,0.4666666666666667,variable
pythia-1b,medium,104,15,15,0.7749043385187785,1.0,always_correct
pythia-1b,medium,105,15,14,0.3521561854208509,0.9333333333333333,variable
pythia-1b,medium,106,15,12,0.5112648179909836,0.8,variable
pythia-1b,medium,107,15,14,0.5596102031568686,0.9333333333333333,variable
pythia-1b,medium,108,15,15,0.4604308721919855,1.0,always_correct
pythia-1b,medium,109,15,15,0.2947166622926792,1.0,always_correct
pythia-1b,medium,110,15,6,0.09793222128258397,0.4,variable
pythia-1b,medium,111,15,14,0.7539928535620372,0.9333333333333333,variable
pythia-1b,medium,112,15,15,0.6229936639467876,1.0,always_correct
pythia-1b,medium,113,15,15,0.5347855716943741,1.0,always_correct
pythia-1b,medium,114,15,14,0.40277419993653896,0.9333333333333333,variable
pythia-1b,medium,115,15,15,0.6955961853265762,1.0,always_correct
pythia-1b,medium,116,15,14,0.2134845420718193,0.9333333333333333,variable
pythia-1b,medium,117,15,11,0.4345523043225209,0.7333333333333333,variable
pythia-1b,medium,118,15,11,0.4071717464365065,0.7333333333333333,variable
pythia-1b,medium,119,15,15,0.565887717405955,1.0,always_correct
pythia-1b,medium,120,15,15,0.5942431703209877,1.0,always_correct
pythia-1b,medium,121,15,13,0.48212817292660476,0.8666666666666667,variable
pythia-1b,medium,122,15,15,0.5788183828194936,1.0,always_correct
pythia-1b,medium,123,15,15,0.7602400610844294,1.0,always_correct
pythia-1b,medium,124,15,15,0.6042091615498066,1.0,always_correct
pythia-1b,medium,125,15,15,0.4750016761322816,1.0,always_correct
pythia-1b,medium,126,15,12,0.3411705837895473,0.8,variable
pythia-1b,medium,127,15,15,0.4965710734327634,1.0,always_correct
pythia-1b,medium,128,15,11,0.22140994432071845,0.7333333333333333,variable
pythia-1b,medium,129,15,15,0.6294814309726159,1.0,always_correct
pythia-1b,medium,130,15,13,0.5467634961319466,0.8666666666666667,variable
pythia-1b,medium,131,15,12,0.28681869295736157,0.8,variable
pythia-1b,medium,132,15,15,0.554506457472841,1.0,always_correct
pythia-1b,medium,133,15,14,0.4083639724800984,0.9333333333333333,variable
pythia-1b,medium,134,15,14,0.49729153712590535,0.9333333333333333,variable
pythia-1b,medium,135,15,10,0.36215515706377727,0.6666666666666666,variable
pythia-1b,medium,136,15,15,0.38028178780029215,1.0,always_correct
pythia-1b,medium,137,15,15,0.437127698212862,1.0,always_correct
pythia-1b,medium,138,15,15,0.6840107957522075,1.0,always_correct
pythia-1b,medium,139,15,14,0.34963317066431043,0.9333333333333333,variable
pythia-1b,medium,140,15,15,0.6593748651444912,1.0,always_correct
pythia-1b,medium,141,15,15,0.6348372692863147,1.0,always_correct
pythia-1b,medium,142,15,13,0.6324048716574907,0.8666666666666667,variable
pythia-1b,medium,143,15,15,0.7312075354158878,1.0,always_correct
pythia-1b,medium,144,15,13,0.3523161847765247,0.8666666666666667,variable
pythia-1b,medium,145,15,11,0.3969779830193147,0.7333333333333333,variable
pythia-1b,medium,146,15,15,0.836366605758667,1.0,always_correct
pythia-1b,medium,147,15,9,0.3507808212811748,0.6,variable
pythia-1b,medium,148,15,15,0.5497216875354449,1.0,always_correct
pythia-1b,medium,149,15,15,0.6575777170558771,1.0,always_correct
pythia-1b,medium,150,15,15,0.6083739757537842,1.0,always_correct
pythia-1b,medium,151,15,12,0.5147679565940052,0.8,variable
pythia-1b,medium,152,15,15,0.5216594437758127,1.0,always_correct
pythia-1b,medium,153,15,15,0.4540721078713735,1.0,always_correct
pythia-1b,medium,154,15,11,0.17940664482302965,0.7333333333333333,variable
pythia-1b,medium,155,15,15,0.7433457841475805,1.0,always_correct
pythia-1b,medium,156,15,12,0.29847651422799876,0.8,variable
pythia-1b,medium,157,15,15,0.39979620749751726,1.0,always_correct
pythia-1b,medium,158,15,15,0.48579536626736325,1.0,always_correct
pythia-1b,medium,159,15,15,0.4140969822804133,1.0,always_correct
pythia-1b,medium,160,15,10,0.4708853781999399,0.6666666666666666,variable
pythia-1b,medium,161,15,15,0.674657401194175,1.0,always_correct
pythia-1b,medium,162,15,14,0.4336532347214719,0.9333333333333333,variable
pythia-1b,medium,163,15,13,0.37900433734369776,0.8666666666666667,variable
pythia-1b,medium,164,15,13,0.5981963761461278,0.8666666666666667,variable
pythia-1b,medium,165,15,13,0.5222631151477496,0.8666666666666667,variable
pythia-1b,medium,166,15,12,0.19192493048806986,0.8,variable
pythia-1b,medium,167,15,13,0.20134611056807142,0.8666666666666667,variable
pythia-1b,medium,168,15,15,0.38015730381011964,1.0,always_correct
pythia-1b,medium,169,15,13,0.30413057521606485,0.8666666666666667,variable
pythia-1b,medium,170,15,15,0.43642382106433314,1.0,always_correct
pythia-1b,medium,171,15,14,0.5670361462980509,0.9333333333333333,variable
pythia-1b,medium,172,15,14,0.6228232979774475,0.9333333333333333,variable
pythia-1b,medium,173,15,14,0.45089377636710803,0.9333333333333333,variable
pythia-1b,medium,174,15,14,0.5964862677579125,0.9333333333333333,variable
pythia-1b,medium,175,15,15,0.7282605628172557,1.0,always_correct
pythia-1b,medium,176,15,11,0.23976172211987432,0.7333333333333333,variable
pythia-1b,medium,177,15,15,0.42494772374629974,1.0,always_correct
pythia-1b,medium,178,15,14,0.5152968951811393,0.9333333333333333,variable
pythia-1b,medium,179,15,10,0.21769574928718308,0.6666666666666666,variable
pythia-1b,medium,180,15,15,0.47972449560960134,1.0,always_correct
pythia-1b,medium,181,15,15,0.596295193831126,1.0,always_correct
pythia-1b,medium,182,15,14,0.3054211181898912,0.9333333333333333,variable
pythia-1b,medium,183,15,15,0.457058643301328,1.0,always_correct
pythia-1b,medium,184,15,15,0.4130871718128522,1.0,always_correct
pythia-1b,medium,185,15,9,0.32456769570708277,0.6,variable
pythia-1b,medium,186,15,15,0.5447988929847877,1.0,always_correct
pythia-1b,medium,187,15,14,0.3697031324108442,0.9333333333333333,variable
pythia-1b,medium,188,15,15,0.5446400627493858,1.0,always_correct
pythia-1b,medium,189,15,11,0.383255604809771,0.7333333333333333,variable
pythia-1b,medium,190,15,13,0.3487331630041202,0.8666666666666667,variable
pythia-1b,medium,191,15,14,0.5140061034510534,0.9333333333333333,variable
pythia-1b,medium,192,15,14,0.5709605367233356,0.9333333333333333,variable
pythia-1b,medium,193,15,15,0.698739555478096,1.0,always_correct
pythia-1b,medium,194,15,14,0.40224635805934666,0.9333333333333333,variable
pythia-1b,medium,195,15,15,0.561897262185812,1.0,always_correct
pythia-1b,medium,196,15,15,0.2849860315521558,1.0,always_correct
pythia-1b,medium,197,15,15,0.5643943578004837,1.0,always_correct
pythia-1b,medium,198,15,14,0.4998117208480835,0.9333333333333333,variable
pythia-1b,medium,199,15,10,0.23055338351987303,0.6666666666666666,variable
pythia-1b,medium,200,15,15,0.5630332539478938,1.0,always_correct
pythia-1b,medium,201,15,14,0.6516978909571965,0.9333333333333333,variable
pythia-1b,medium,202,15,13,0.291189502303799,0.8666666666666667,variable
pythia-1b,medium,203,15,11,0.4987328280694783,0.7333333333333333,variable
pythia-1b,medium,204,15,15,0.4579578367372354,1.0,always_correct
pythia-1b,medium,205,15,15,0.5501119346668323,1.0,always_correct
pythia-1b,medium,206,15,13,0.3184249038808048,0.8666666666666667,variable
pythia-1b,medium,207,15,14,0.5206424025197823,0.9333333333333333,variable
pythia-1b,medium,208,15,10,0.23031423163289824,0.6666666666666666,variable
pythia-1b,medium,209,15,15,0.601700616752108,1.0,always_correct
pythia-1b,medium,210,15,14,0.3455416947603226,0.9333333333333333,variable
pythia-1b,medium,211,15,14,0.26725307616094746,0.9333333333333333,variable
pythia-1b,medium,212,15,15,0.27528418799241383,1.0,always_correct
pythia-1b,medium,213,15,12,0.22043496766127646,0.8,variable
pythia-1b,medium,214,15,15,0.4776523078481356,1.0,always_correct
pythia-1b,medium,215,15,15,0.4308296162635088,1.0,always_correct
pythia-1b,medium,216,15,12,0.3937004099367186,0.8,variable
pythia-1b,medium,217,15,14,0.441462739619116,0.9333333333333333,variable
pythia-1b,medium,218,15,15,0.5133553296327591,1.0,always_correct
pythia-1b,medium,219,15,15,0.6381821612517039,1.0,always_correct
pythia-1b,medium,220,15,15,0.632207449277242,1.0,always_correct
pythia-1b,medium,221,15,13,0.4295411309848229,0.8666666666666667,variable
pythia-1b,medium,222,15,15,0.5232961488266786,1.0,always_correct
pythia-1b,medium,223,15,10,0.37294532818098863,0.6666666666666666,variable
pythia-1b,medium,224,15,12,0.3527976053456465,0.8,variable
pythia-1b,very_high,0,15,15,0.5759856899579366,1.0,always_correct
pythia-1b,very_high,1,15,15,0.4104382728536924,1.0,always_correct
pythia-1b,very_high,2,15,15,0.5545475353797277,1.0,always_correct
pythia-1b,very_high,3,15,14,0.6416200240453084,0.9333333333333333,variable
pythia-1b,very_high,4,15,15,0.7096081256866456,1.0,always_correct
pythia-1b,very_high,5,15,15,0.3639435574412346,1.0,always_correct
pythia-1b,very_high,6,15,15,0.7455845604340235,1.0,always_correct
pythia-1b,very_high,7,15,15,0.6410646957655748,1.0,always_correct
pythia-1b,very_high,8,15,15,0.5267682592074077,1.0,always_correct
pythia-1b,very_high,9,15,15,0.7007146636645,1.0,always_correct
pythia-1b,very_high,10,15,15,0.7389677067597707,1.0,always_correct
pythia-1b,very_high,11,15,15,0.4227773909767469,1.0,always_correct
pythia-1b,very_high,12,15,14,0.41419980898499487,0.9333333333333333,variable
pythia-1b,very_high,13,15,10,0.6000459271172682,0.6666666666666666,variable
pythia-1b,very_high,14,15,8,0.15965507238482435,0.5333333333333333,variable
pythia-1b,very_high,15,15,15,0.6617922216653824,1.0,always_correct
pythia-1b,very_high,16,15,13,0.2485847256456812,0.8666666666666667,variable
pythia-1b,very_high,17,15,15,0.4294850558042526,1.0,always_correct
pythia-1b,very_high,18,15,13,0.5434738655885061,0.8666666666666667,variable
pythia-1b,very_high,19,15,15,0.7155795256296794,1.0,always_correct
pythia-1b,very_high,20,15,10,0.39405650313322743,0.6666666666666666,variable
pythia-1b,very_high,21,15,13,0.4031837763885657,0.8666666666666667,variable
pythia-1b,very_high,22,15,14,0.41547885835170745,0.9333333333333333,variable
pythia-1b,very_high,23,15,15,0.4950043886899948,1.0,always_correct
pythia-1b,very_high,24,15,15,0.6872628172238667,1.0,always_correct
pythia-1b,very_high,25,15,14,0.48612558394670485,0.9333333333333333,variable
pythia-1b,very_high,26,15,15,0.6416819820801417,1.0,always_correct
pythia-1b,very_high,27,15,12,0.20121194645762444,0.8,variable
pythia-1b,very_high,28,15,15,0.5809857944647471,1.0,always_correct
pythia-1b,very_high,29,15,15,0.4133111298084259,1.0,always_correct
pythia-1b,very_high,30,15,14,0.43396086394786837,0.9333333333333333,variable
pythia-1b,very_high,31,15,12,0.5014163376142581,0.8,variable
pythia-1b,very_high,32,15,15,0.6850692311922709,1.0,always_correct
pythia-1b,very_high,33,15,15,0.6002124259869258,1.0,always_correct
pythia-1b,very_high,34,15,15,0.7144123067458471,1.0,always_correct
pythia-1b,very_high,35,15,15,0.4248876914381981,1.0,always_correct
pythia-1b,very_high,36,15,15,0.3213112453619639,1.0,always_correct
pythia-1b,very_high,37,15,15,0.5751742919906974,1.0,always_correct
pythia-1b,very_high,38,15,13,0.6097269954780737,0.8666666666666667,variable
pythia-1b,very_high,39,15,15,0.5795354098081589,1.0,always_correct
pythia-1b,very_high,40,15,9,0.26954946170250577,0.6,variable
pythia-1b,very_high,41,15,10,0.2858048386638984,0.6666666666666666,variable
pythia-1b,very_high,42,15,14,0.4013006736834844,0.9333333333333333,variable
pythia-1b,very_high,43,15,15,0.32568612893422444,1.0,always_correct
pythia-1b,very_high,44,15,13,0.3917171960696578,0.8666666666666667,variable
pythia-1b,very_high,45,15,9,0.4013397999107838,0.6,variable
pythia-1b,very_high,46,15,15,0.45350367700060207,1.0,always_correct
pythia-1b,very_high,47,15,10,0.5031064455707868,0.6666666666666666,variable
pythia-1b,very_high,48,15,15,0.7107564250628153,1.0,always_correct
pythia-1b,very_high,49,15,12,0.2059950773914655,0.8,variable
pythia-1b,very_high,50,15,15,0.5027507772048314,1.0,always_correct
pythia-1b,very_high,51,15,15,0.331677753229936,1.0,always_correct
pythia-1b,very_high,52,15,13,0.4112737173835436,0.8666666666666667,variable
pythia-1b,very_high,53,15,15,0.4133636663357417,1.0,always_correct
pythia-1b,very_high,54,15,15,0.5534802486499151,1.0,always_correct
pythia-1b,very_high,55,15,8,0.3975303329837819,0.5333333333333333,variable
pythia-1b,very_high,56,15,12,0.48536856000622114,0.8,variable
pythia-1b,very_high,57,15,15,0.6414823586742083,1.0,always_correct
pythia-1b,very_high,58,15,13,0.4030844155699015,0.8666666666666667,variable
pythia-1b,very_high,59,15,15,0.6071273545424144,1.0,always_correct
pythia-1b,very_high,60,15,13,0.512384150425593,0.8666666666666667,variable
pythia-1b,very_high,61,15,15,0.4678296198447545,1.0,always_correct
pythia-1b,very_high,62,15,12,0.4025899072177708,0.8,variable
pythia-1b,very_high,63,15,15,0.7481100936730702,1.0,always_correct
pythia-1b,very_high,64,15,14,0.6765183647473653,0.9333333333333333,variable
pythia-1b,very_high,65,15,15,0.5638431668281555,1.0,always_correct
pythia-1b,very_high,66,15,15,0.644224218527476,1.0,always_correct
pythia-1b,very_high,67,15,14,0.605380521217982,0.9333333333333333,variable
pythia-1b,very_high,68,15,15,0.7219776272773742,1.0,always_correct
pythia-1b,very_high,69,15,15,0.45186763803164165,1.0,always_correct
pythia-1b,very_high,70,15,15,0.2769747883081436,1.0,always_correct
pythia-1b,very_high,71,15,10,0.1688999219487111,0.6666666666666666,variable
pythia-1b,very_high,72,15,15,0.5738691280285517,1.0,always_correct
pythia-1b,very_high,73,15,15,0.4507972111304601,1.0,always_correct
pythia-1b,very_high,74,15,14,0.4690645078818003,0.9333333333333333,variable
pythia-1b,very_high,75,15,15,0.8643217126528422,1.0,always_correct
pythia-1b,very_high,76,15,14,0.6638140413910151,0.9333333333333333,variable
pythia-1b,very_high,77,15,15,0.4872162640094757,1.0,always_correct
pythia-1b,very_high,78,15,15,0.6611890912055969,1.0,always_correct
pythia-1b,very_high,79,15,13,0.35425105641285576,0.8666666666666667,variable
pythia-1b,very_high,80,15,15,0.7224816371997197,1.0,always_correct
pythia-1b,very_high,81,15,15,0.5164173046747843,1.0,always_correct
pythia-1b,very_high,82,15,15,0.6562343796094259,1.0,always_correct
pythia-1b,very_high,83,15,11,0.32241338038196166,0.7333333333333333,variable
pythia-1b,very_high,84,15,10,0.32344744618361193,0.6666666666666666,variable
pythia-1b,very_high,85,15,11,0.4151135173936685,0.7333333333333333,variable
pythia-1b,very_high,86,15,15,0.6087449846168359,1.0,always_correct
pythia-1b,very_high,87,15,15,0.4711569438378016,1.0,always_correct
pythia-1b,very_high,88,15,13,0.560120423634847,0.8666666666666667,variable
pythia-1b,very_high,89,15,13,0.3807877494643132,0.8666666666666667,variable
pythia-1b,very_high,90,15,15,0.2682018985350927,1.0,always_correct
pythia-1b,very_high,91,15,14,0.34890432357788087,0.9333333333333333,variable
pythia-1b,very_high,92,15,14,0.5077487851182619,0.9333333333333333,variable
pythia-1b,very_high,93,15,14,0.38047040154536566,0.9333333333333333,variable
pythia-1b,very_high,94,15,13,0.30924528315663335,0.8666666666666667,variable
pythia-1b,very_high,95,15,12,0.21618584158519905,0.8,variable
pythia-1b,very_high,96,15,13,0.555557730793953,0.8666666666666667,variable
pythia-1b,very_high,97,15,15,0.533812037607034,1.0,always_correct
pythia-1b,very_high,98,15,15,0.6458472549915314,1.0,always_correct
pythia-1b,very_high,99,15,15,0.6589502473672231,1.0,always_correct
pythia-1b,very_high,100,15,15,0.6093797604242961,1.0,always_correct
pythia-1b,very_high,101,15,15,0.7117278734842937,1.0,always_correct
pythia-1b,very_high,102,15,14,0.6221006554861863,0.9333333333333333,variable
pythia-1b,very_high,103,15,15,0.3737435653805733,1.0,always_correct
pythia-1b,very_high,104,15,13,0.3508885489155849,0.8666666666666667,variable
pythia-1b,very_high,105,15,15,0.6017108817895254,1.0,always_correct
pythia-1b,very_high,106,15,14,0.5339466704676549,0.9333333333333333,variable
pythia-1b,very_high,107,15,15,0.5049542834361395,1.0,always_correct
pythia-1b,very_high,108,15,12,0.333503232896328,0.8,variable
pythia-1b,very_high,109,15,15,0.7907223006089529,1.0,always_correct
pythia-1b,very_high,110,15,15,0.4141596113642057,1.0,always_correct
pythia-1b,very_high,111,15,15,0.3620702915514509,1.0,always_correct
pythia-1b,very_high,112,15,12,0.5349970867236455,0.8,variable
pythia-1b,very_high,113,15,15,0.6605003654956818,1.0,always_correct
pythia-1b,very_high,114,15,13,0.21693343110382557,0.8666666666666667,variable
pythia-1b,very_high,115,15,15,0.6679073296487331,1.0,always_correct
pythia-1b,very_high,116,15,15,0.33793523609638215,1.0,always_correct
pythia-1b,very_high,117,15,11,0.3140607674916585,0.7333333333333333,variable
pythia-1b,very_high,118,15,13,0.34661674636105694,0.8666666666666667,variable
pythia-1b,very_high,119,15,14,0.29314769556125003,0.9333333333333333,variable
pythia-1b,very_high,120,15,15,0.45311593264341354,1.0,always_correct
pythia-1b,very_high,121,15,10,0.21637047672023377,0.6666666666666666,variable
pythia-1b,very_high,122,15,15,0.5089123904705047,1.0,always_correct
pythia-1b,very_high,123,15,15,0.8318767011165619,1.0,always_correct
pythia-1b,very_high,124,15,15,0.5728288551171621,1.0,always_correct
pythia-1b,very_high,125,15,14,0.43445541554441053,0.9333333333333333,variable
pythia-1b,very_high,126,15,15,0.42349740912516914,1.0,always_correct
pythia-1b,very_high,127,15,15,0.6276156415541967,1.0,always_correct
pythia-1b,very_high,128,15,15,0.4453342867394288,1.0,always_correct
pythia-1b,very_high,129,15,15,0.8112970749537151,1.0,always_correct
pythia-1b,very_high,130,15,12,0.38636086210608483,0.8,variable
pythia-1b,very_high,131,15,15,0.6330519398053487,1.0,always_correct
pythia-1b,very_high,132,15,11,0.5235186638931434,0.7333333333333333,variable
pythia-1b,very_high,133,15,10,0.24084798643986385,0.6666666666666666,variable
pythia-1b,very_high,134,15,14,0.39602003345886866,0.9333333333333333,variable
pythia-1b,very_high,135,15,15,0.6813820237914722,1.0,always_correct
pythia-1b,very_high,136,15,15,0.7809433738390604,1.0,always_correct
pythia-1b,very_high,137,15,15,0.6989845633506775,1.0,always_correct
pythia-1b,very_high,138,15,13,0.49883432347948353,0.8666666666666667,variable
pythia-1b,very_high,139,15,10,0.40947666789094606,0.6666666666666666,variable
pythia-1b,very_high,140,15,14,0.41904096528887746,0.9333333333333333,variable
pythia-1b,very_high,141,15,14,0.16260181764761608,0.9333333333333333,variable
pythia-1b,very_high,142,15,15,0.5484791986644268,1.0,always_correct
pythia-1b,very_high,143,15,14,0.32738715037703514,0.9333333333333333,variable
pythia-1b,very_high,144,15,15,0.5217432610690593,1.0,always_correct
pythia-1b,very_high,145,15,15,0.3947909434636434,1.0,always_correct
pythia-1b,very_high,146,15,14,0.6175965319077173,0.9333333333333333,variable
pythia-1b,very_high,147,15,14,0.42860139086842536,0.9333333333333333,variable
pythia-1b,very_high,148,15,11,0.48097242737809814,0.7333333333333333,variable
pythia-1b,very_high,149,15,11,0.30280164945870636,0.7333333333333333,variable
pythia-1b,very_high,150,15,15,0.607614595691363,1.0,always_correct
pythia-1b,very_high,151,15,15,0.6929397106170654,1.0,always_correct
pythia-1b,very_high,152,15,15,0.7326045711835225,1.0,always_correct
pythia-1b,very_high,153,15,15,0.485054387897253,1.0,always_correct
pythia-1b,very_high,154,15,14,0.4537077993154526,0.9333333333333333,variable
pythia-1b,very_high,155,15,13,0.3109282365689675,0.8666666666666667,variable
pythia-1b,very_high,156,15,15,0.6559827357530594,1.0,always_correct
pythia-1b,very_high,157,15,15,0.4205416133006414,1.0,always_correct
pythia-1b,very_high,158,15,13,0.2474576657017072,0.8666666666666667,variable
pythia-1b,very_high,159,15,13,0.2556236675630013,0.8666666666666667,variable
pythia-1b,very_high,160,15,15,0.49702052523692447,1.0,always_correct
pythia-1b,very_high,161,15,15,0.4426849737763405,1.0,always_correct
pythia-1b,very_high,162,15,10,0.5574384192625682,0.6666666666666666,variable
pythia-1b,very_high,163,15,13,0.45500518232584,0.8666666666666667,variable
pythia-1b,very_high,164,15,15,0.5573607787489891,1.0,always_correct
pythia-1b,very_high,165,15,10,0.3532301134119431,0.6666666666666666,variable
pythia-1b,very_high,166,15,15,0.4512465755144755,1.0,always_correct
pythia-1b,very_high,167,15,15,0.7278584659099578,1.0,always_correct
pythia-1b,very_high,168,15,15,0.6691626777251561,1.0,always_correct
pythia-1b,very_high,169,15,15,0.7404245515664418,1.0,always_correct
pythia-1b,very_high,170,15,11,0.3545257600645224,0.7333333333333333,variable
pythia-1b,very_high,171,15,14,0.45262076954046887,0.9333333333333333,variable
pythia-1b,very_high,172,15,15,0.5709805130958557,1.0,always_correct
pythia-1b,very_high,173,15,15,0.6444481360415618,1.0,always_correct
pythia-1b,very_high,174,15,15,0.6103354553381602,1.0,always_correct
pythia-1b,very_high,175,15,13,0.4506987616419792,0.8666666666666667,variable
pythia-1b,very_high,176,15,15,0.6868263065814972,1.0,always_correct
pythia-1b,very_high,177,15,15,0.5162988342344761,1.0,always_correct
pythia-1b,very_high,178,15,15,0.37913276279966035,1.0,always_correct
pythia-1b,very_high,179,15,15,0.6759975915153821,1.0,always_correct
pythia-1b,very_high,180,15,9,0.21708035596335928,0.6,variable
pythia-1b,very_high,181,15,13,0.3329972569830716,0.8666666666666667,variable
pythia-1b,very_high,182,15,15,0.7455757598082224,1.0,always_correct
pythia-1b,very_high,183,15,13,0.21150768175721169,0.8666666666666667,variable
pythia-1b,very_high,184,15,13,0.3575305129090945,0.8666666666666667,variable
pythia-1b,very_high,185,15,15,0.6977580110232036,1.0,always_correct
pythia-1b,very_high,186,15,15,0.6816687266031901,1.0,always_correct
pythia-1b,very_high,187,15,15,0.31226367490986984,1.0,always_correct
pythia-1b,very_high,188,15,15,0.32032888444761437,1.0,always_correct
pythia-1b,very_high,189,15,12,0.475003341321523,0.8,variable
pythia-1b,very_high,190,15,15,0.5023072784145673,1.0,always_correct
pythia-1b,very_high,191,15,9,0.19239907135876516,0.6,variable
pythia-1b,very_high,192,15,13,0.47394830708702407,0.8666666666666667,variable
pythia-1b,very_high,193,15,15,0.5817188044389089,1.0,always_correct
pythia-1b,very_high,194,15,15,0.6966469824314118,1.0,always_correct
pythia-1b,very_high,195,15,14,0.5233499526977539,0.9333333333333333,variable
pythia-1b,very_high,196,15,14,0.41530746035277843,0.9333333333333333,variable
pythia-1b,very_high,197,15,12,0.33501756538947425,0.8,variable
pythia-1b,very_high,198,15,12,0.5084174677729607,0.8,variable
pythia-1b,very_high,199,15,15,0.5157787700494131,1.0,always_correct
pythia-1b,very_high,200,15,14,0.633674509326617,0.9333333333333333,variable
pythia-1b,very_high,201,15,15,0.5887474993864695,1.0,always_correct
pythia-1b,very_high,202,15,15,0.6314124206701914,1.0,always_correct
pythia-1b,very_high,203,15,15,0.3016468438009421,1.0,always_correct
pythia-1b,very_high,204,15,15,0.5088720947504044,1.0,always_correct
pythia-1b,very_high,205,15,15,0.4216797803839048,1.0,always_correct
pythia-1b,very_high,206,15,15,0.7285950263341268,1.0,always_correct
pythia-1b,very_high,207,15,15,0.2826374729474386,1.0,always_correct
pythia-1b,very_high,208,15,15,0.5166957924763361,1.0,always_correct
pythia-1b,very_high,209,15,13,0.42494391406265397,0.8666666666666667,variable
pythia-1b,very_high,210,15,11,0.27975453858574234,0.7333333333333333,variable
pythia-1b,very_high,211,15,15,0.4767697791258494,1.0,always_correct
pythia-1b,very_high,212,15,15,0.4346864096820354,1.0,always_correct
pythia-1b,very_high,213,15,15,0.7471049169699351,1.0,always_correct
pythia-1b,very_high,214,15,15,0.45763052950302757,1.0,always_correct
pythia-1b,very_high,215,15,15,0.5409147957960765,1.0,always_correct
pythia-1b,very_high,216,15,15,0.5613760123650233,1.0,always_correct
pythia-1b,very_high,217,15,15,0.6876629491647085,1.0,always_correct
pythia-1b,very_high,218,15,14,0.4870075941085815,0.9333333333333333,variable
pythia-1b,very_high,219,15,14,0.533991797020038,0.9333333333333333,variable
pythia-1b,very_high,220,15,15,0.5520780185858408,1.0,always_correct
pythia-1b,very_high,221,15,15,0.6681277106205622,1.0,always_correct
pythia-1b,very_high,222,15,12,0.215523645033439,0.8,variable
pythia-1b,very_high,223,15,15,0.8371285597483317,1.0,always_correct
pythia-1b,very_high,224,15,15,0.5290941173831621,1.0,always_correct
pythia-410m,control,0,15,15,0.4532017638285955,1.0,always_correct
pythia-410m,control,1,15,15,0.548057476679484,1.0,always_correct
pythia-410m,control,2,15,15,0.6367941955725352,1.0,always_correct
pythia-410m,control,3,15,15,0.6723600288232168,1.0,always_correct
pythia-410m,control,4,15,15,0.650565089782079,1.0,always_correct
pythia-410m,control,5,15,15,0.3785802237689495,1.0,always_correct
pythia-410m,control,6,15,15,0.4284096439679464,1.0,always_correct
pythia-410m,control,7,15,14,0.38283626635869344,0.9333333333333333,variable
pythia-410m,control,8,15,15,0.31300983975330987,1.0,always_correct
pythia-410m,control,9,15,15,0.4538342495759328,1.0,always_correct
pythia-410m,control,10,15,15,0.5836314608653387,1.0,always_correct
pythia-410m,control,11,15,15,0.5583660910526912,1.0,always_correct
pythia-410m,control,12,15,15,0.5549939771493276,1.0,always_correct
pythia-410m,control,13,15,10,0.25789467319846154,0.6666666666666666,variable
pythia-410m,control,14,15,15,0.6130721052487691,1.0,always_correct
pythia-410m,control,15,15,15,0.5930397927761077,1.0,always_correct
pythia-410m,control,16,15,13,0.33465282277514535,0.8666666666666667,variable
pythia-410m,control,17,15,10,0.2967871909340223,0.6666666666666666,variable
pythia-410m,control,18,15,15,0.4709323684374491,1.0,always_correct
pythia-410m,control,19,15,15,0.6583807667096456,1.0,always_correct
pythia-410m,control,20,15,14,0.18320470800002417,0.9333333333333333,variable
pythia-410m,control,21,15,15,0.559340089559555,1.0,always_correct
pythia-410m,control,22,15,13,0.4044006700317065,0.8666666666666667,variable
pythia-410m,control,23,15,15,0.2646167150388161,1.0,always_correct
pythia-410m,control,24,15,15,0.3182090585430463,1.0,always_correct
pythia-410m,control,25,15,15,0.6179465611775716,1.0,always_correct
pythia-410m,control,26,15,6,0.13115410659617435,0.4,variable
pythia-410m,control,27,15,15,0.40141676664352416,1.0,always_correct
pythia-410m,control,28,15,15,0.3581632619102796,1.0,always_correct
pythia-410m,control,29,15,15,0.5316849065323671,1.0,always_correct
pythia-410m,control,30,15,15,0.49801967044671375,1.0,always_correct
pythia-410m,control,31,15,15,0.4028577744960785,1.0,always_correct
pythia-410m,control,32,15,15,0.43827805866797764,1.0,always_correct
pythia-410m,control,33,15,15,0.31824062019586563,1.0,always_correct
pythia-410m,control,34,15,15,0.3710080166657766,1.0,always_correct
pythia-410m,control,35,15,14,0.4427267037332058,0.9333333333333333,variable
pythia-410m,control,36,15,15,0.5868439912796021,1.0,always_correct
pythia-410m,control,37,15,14,0.33378504241506257,0.9333333333333333,variable
pythia-410m,control,38,15,15,0.7698482235272726,1.0,always_correct
pythia-410m,control,39,15,13,0.2865366036693255,0.8666666666666667,variable
pythia-410m,control,40,15,14,0.5213569221397241,0.9333333333333333,variable
pythia-410m,control,41,15,15,0.6546307722727458,1.0,always_correct
pythia-410m,control,42,15,15,0.5183182413379351,1.0,always_correct
pythia-410m,control,43,15,15,0.40550223688284553,1.0,always_correct
pythia-410m,control,44,15,15,0.5509295850992203,1.0,always_correct
pythia-410m,control,45,15,14,0.25595608055591584,0.9333333333333333,variable
pythia-410m,control,46,15,15,0.4029966786503792,1.0,always_correct
pythia-410m,control,47,15,14,0.2501078099012375,0.9333333333333333,variable
pythia-410m,control,48,15,10,0.3687641449272633,0.6666666666666666,variable
pythia-410m,control,49,15,15,0.4865765442450841,1.0,always_correct
pythia-410m,control,50,15,15,0.4607453833023707,1.0,always_correct
pythia-410m,control,51,15,15,0.4013153890768687,1.0,always_correct
pythia-410m,control,52,15,15,0.5222108731667201,1.0,always_correct
pythia-410m,control,53,15,15,0.371728661408027,1.0,always_correct
pythia-410m,control,54,15,15,0.5566951970259348,1.0,always_correct
pythia-410m,control,55,15,15,0.4651552637418111,1.0,always_correct
pythia-410m,control,56,15,7,0.26202344975123804,0.4666666666666667,variable
pythia-410m,control,57,15,15,0.5601264243324597,1.0,always_correct
pythia-410m,control,58,15,12,0.4639497071504593,0.8,variable
pythia-410m,control,59,15,15,0.452776637673378,1.0,always_correct
pythia-410m,control,60,15,15,0.4588990827401479,1.0,always_correct
pythia-410m,control,61,15,15,0.37867165406545006,1.0,always_correct
pythia-410m,control,62,15,15,0.48369251787662504,1.0,always_correct
pythia-410m,control,63,15,15,0.3846190770467122,1.0,always_correct
pythia-410m,control,64,15,15,0.5759925961494445,1.0,always_correct
pythia-410m,control,65,15,15,0.49660206536451973,1.0,always_correct
pythia-410m,control,66,15,15,0.3348052766174078,1.0,always_correct
pythia-410m,control,67,15,15,0.3732987239956856,1.0,always_correct
pythia-410m,control,68,15,14,0.35758078495661416,0.9333333333333333,variable
pythia-410m,control,69,15,15,0.5146288911501566,1.0,always_correct
pythia-410m,control,70,15,15,0.5325475563605626,1.0,always_correct
pythia-410m,control,71,15,15,0.30484596540530523,1.0,always_correct
pythia-410m,control,72,15,15,0.5727693021297455,1.0,always_correct
pythia-410m,control,73,15,15,0.40305202106634774,1.0,always_correct
pythia-410m,control,74,15,14,0.4665575176477432,0.9333333333333333,variable
pythia-410m,control,75,15,14,0.5252176779011886,0.9333333333333333,variable
pythia-410m,control,76,15,15,0.631302809715271,1.0,always_correct
pythia-410m,control,77,15,15,0.71149915655454,1.0,always_correct
pythia-410m,control,78,15,12,0.338329720372955,0.8,variable
pythia-410m,control,79,15,15,0.5184688190619151,1.0,always_correct
pythia-410m,control,80,15,15,0.6143568813800812,1.0,always_correct
pythia-410m,control,81,15,15,0.672382541000843,1.0,always_correct
pythia-410m,control,82,15,15,0.71611820658048,1.0,always_correct
pythia-410m,control,83,15,15,0.639856505393982,1.0,always_correct
pythia-410m,control,84,15,15,0.6949464311202367,1.0,always_correct
pythia-410m,control,85,15,12,0.36789759546518325,0.8,variable
pythia-410m,control,86,15,10,0.34355378622810046,0.6666666666666666,variable
pythia-410m,control,87,15,15,0.7419318397839864,1.0,always_correct
pythia-410m,control,88,15,13,0.38508769472440085,0.8666666666666667,variable
pythia-410m,control,89,15,15,0.37215506186087927,1.0,always_correct
pythia-410m,control,90,15,15,0.44210338046153386,1.0,always_correct
pythia-410m,control,91,15,13,0.11429499213894208,0.8666666666666667,variable
pythia-410m,control,92,15,15,0.48580804417530693,1.0,always_correct
pythia-410m,control,93,15,15,0.5021826505661011,1.0,always_correct
pythia-410m,control,94,15,15,0.3833338717619578,1.0,always_correct
pythia-410m,control,95,15,15,0.485911259551843,1.0,always_correct
pythia-410m,control,96,15,15,0.42625402013460795,1.0,always_correct
pythia-410m,control,97,15,15,0.5092133219043414,1.0,always_correct
pythia-410m,control,98,15,11,0.16343686431646348,0.7333333333333333,variable
pythia-410m,control,99,15,15,0.4360711485147476,1.0,always_correct
pythia-410m,control,100,15,12,0.4398665139451623,0.8,variable
pythia-410m,control,101,15,15,0.5468911399443944,1.0,always_correct
pythia-410m,control,102,15,15,0.3946622510751088,1.0,always_correct
pythia-410m,control,103,15,15,0.44967274367809296,1.0,always_correct
pythia-410m,control,104,15,14,0.5676950606207053,0.9333333333333333,variable
pythia-410m,control,105,15,15,0.40212585031986237,1.0,always_correct
pythia-410m,control,106,15,14,0.3066674346725146,0.9333333333333333,variable
pythia-410m,control,107,15,15,0.40587552239497504,1.0,always_correct
pythia-410m,control,108,15,15,0.5340070605278016,1.0,always_correct
pythia-410m,control,109,15,15,0.6719280232985815,1.0,always_correct
pythia-410m,control,110,15,15,0.44555330934623877,1.0,always_correct
pythia-410m,control,111,15,15,0.315723384420077,1.0,always_correct
pythia-410m,control,112,15,14,0.45969553490479786,0.9333333333333333,variable
pythia-410m,control,113,15,15,0.5278009206056595,1.0,always_correct
pythia-410m,control,114,15,15,0.6186550378799438,1.0,always_correct
pythia-410m,control,115,15,12,0.43969670683145523,0.8,variable
pythia-410m,control,116,15,13,0.4159533828496933,0.8666666666666667,variable
pythia-410m,control,117,15,15,0.5420324991146723,1.0,always_correct
pythia-410m,control,118,15,15,0.5546411941448848,1.0,always_correct
pythia-410m,control,119,15,15,0.754475200176239,1.0,always_correct
pythia-410m,control,120,15,14,0.377727514008681,0.9333333333333333,variable
pythia-410m,control,121,15,12,0.3640501067042351,0.8,variable
pythia-410m,control,122,15,15,0.3754635274410248,1.0,always_correct
pythia-410m,control,123,15,12,0.4593324825167656,0.8,variable
pythia-410m,control,124,15,15,0.47409248252709707,1.0,always_correct
pythia-410m,control,125,15,15,0.4061523566643397,1.0,always_correct
pythia-410m,control,126,15,15,0.5705790102481842,1.0,always_correct
pythia-410m,control,127,15,15,0.35081637154022854,1.0,always_correct
pythia-410m,control,128,15,15,0.6493543267250061,1.0,always_correct
pythia-410m,control,129,15,15,0.4506454149881999,1.0,always_correct
pythia-410m,control,130,15,12,0.2740803415576617,0.8,variable
pythia-410m,control,131,15,15,0.5704200466473898,1.0,always_correct
pythia-410m,control,132,15,15,0.6968561798334122,1.0,always_correct
pythia-410m,control,133,15,15,0.44896142681439716,1.0,always_correct
pythia-410m,control,134,15,15,0.5308109631141027,1.0,always_correct
pythia-410m,control,135,15,15,0.45973115898668765,1.0,always_correct
pythia-410m,control,136,15,15,0.5141244163115819,1.0,always_correct
pythia-410m,control,137,15,15,0.4555160358548164,1.0,always_correct
pythia-410m,control,138,15,15,0.37329297661781313,1.0,always_correct
pythia-410m,control,139,15,15,0.43542005817095436,1.0,always_correct
pythia-410m,control,140,15,15,0.6631433844566346,1.0,always_correct
pythia-410m,control,141,15,15,0.4344134837388992,1.0,always_correct
pythia-410m,control,142,15,15,0.5652846376101176,1.0,always_correct
pythia-410m,control,143,15,15,0.41835725953181585,1.0,always_correct
pythia-410m,control,144,15,14,0.4041894420981407,0.9333333333333333,variable
pythia-410m,control,145,15,15,0.5580244461695353,1.0,always_correct
pythia-410m,control,146,15,15,0.2637495140234629,1.0,always_correct
pythia-410m,control,147,15,14,0.5038118874033292,0.9333333333333333,variable
pythia-410m,control,148,15,14,0.42857999006907144,0.9333333333333333,variable
pythia-410m,control,149,15,15,0.48216968178749087,1.0,always_correct
pythia-410m,control,150,15,15,0.4493272001544634,1.0,always_correct
pythia-410m,control,151,15,15,0.2761831324547529,1.0,always_correct
pythia-410m,control,152,15,15,0.36862190067768097,1.0,always_correct
pythia-410m,control,153,15,15,0.39311559150616326,1.0,always_correct
pythia-410m,control,154,15,14,0.4590177945792675,0.9333333333333333,variable
pythia-410m,control,155,15,15,0.6044785718123118,1.0,always_correct
pythia-410m,control,156,15,14,0.23735558812816937,0.9333333333333333,variable
pythia-410m,control,157,15,15,0.39055435409148537,1.0,always_correct
pythia-410m,control,158,15,15,0.29086902290582656,1.0,always_correct
pythia-410m,control,159,15,15,0.5387338946262995,1.0,always_correct
pythia-410m,control,160,15,15,0.6118278344472249,1.0,always_correct
pythia-410m,control,161,15,15,0.5786736051241557,1.0,always_correct
pythia-410m,control,162,15,15,0.29816387792428334,1.0,always_correct
pythia-410m,control,163,15,15,0.516436035434405,1.0,always_correct
pythia-410m,control,164,15,15,0.43904426793257395,1.0,always_correct
pythia-410m,control,165,15,15,0.360507329305013,1.0,always_correct
pythia-410m,control,166,15,14,0.19507705320914587,0.9333333333333333,variable
pythia-410m,control,167,15,15,0.5099891503651937,1.0,always_correct
pythia-410m,control,168,15,15,0.34858756959438325,1.0,always_correct
pythia-410m,control,169,15,14,0.2929760909328858,0.9333333333333333,variable
pythia-410m,control,170,15,10,0.17068293783813715,0.6666666666666666,variable
pythia-410m,control,171,15,15,0.47399442245562873,1.0,always_correct
pythia-410m,control,172,15,15,0.35723231807351113,1.0,always_correct
pythia-410m,control,173,15,15,0.363109244654576,1.0,always_correct
pythia-410m,control,174,15,14,0.19598010058204332,0.9333333333333333,variable
pythia-410m,control,175,15,11,0.4746385872364044,0.7333333333333333,variable
pythia-410m,control,176,15,15,0.3793817867835363,1.0,always_correct
pythia-410m,control,177,15,15,0.6627728482087453,1.0,always_correct
pythia-410m,control,178,15,15,0.3719574605425199,1.0,always_correct
pythia-410m,control,179,15,15,0.428861137231191,1.0,always_correct
pythia-410m,control,180,15,15,0.4084850013256073,1.0,always_correct
pythia-410m,control,181,15,14,0.24271288762489954,0.9333333333333333,variable
pythia-410m,control,182,15,15,0.357414015630881,1.0,always_correct
pythia-410m,control,183,15,15,0.49854204853375755,1.0,always_correct
pythia-410m,control,184,15,15,0.4792368173599243,1.0,always_correct
pythia-410m,control,185,15,15,0.5884754305084546,1.0,always_correct
pythia-410m,control,186,15,15,0.5621188898881276,1.0,always_correct
pythia-410m,control,187,15,15,0.4251769800980886,1.0,always_correct
pythia-410m,control,188,15,15,0.5622343887885412,1.0,always_correct
pythia-410m,control,189,15,15,0.23006031463543575,1.0,always_correct
pythia-410m,control,190,15,15,0.48936396514376007,1.0,always_correct
pythia-410m,control,191,15,14,0.40549012112120786,0.9333333333333333,variable
pythia-410m,control,192,15,15,0.5149676303068796,1.0,always_correct
pythia-410m,control,193,15,15,0.3023423341413339,1.0,always_correct
pythia-410m,control,194,15,15,0.558091260989507,1.0,always_correct
pythia-410m,control,195,15,13,0.3427961967419833,0.8666666666666667,variable
pythia-410m,control,196,15,12,0.5018829505269726,0.8,variable
pythia-410m,control,197,15,15,0.6888073265552521,1.0,always_correct
pythia-410m,control,198,15,15,0.5881677726904552,1.0,always_correct
pythia-410m,control,199,15,14,0.4172433162728945,0.9333333333333333,variable
pythia-410m,control,200,15,15,0.24675102482239405,1.0,always_correct
pythia-410m,control,201,15,13,0.4306081581239899,0.8666666666666667,variable
pythia-410m,control,202,15,15,0.36935409953196846,1.0,always_correct
pythia-410m,control,203,15,9,0.07270874294141928,0.6,variable
pythia-410m,control,204,15,15,0.3971898732086023,1.0,always_correct
pythia-410m,control,205,15,14,0.2501466068128745,0.9333333333333333,variable
pythia-410m,control,206,15,15,0.6709013318022092,1.0,always_correct
pythia-410m,control,207,15,15,0.3784669741988182,1.0,always_correct
pythia-410m,control,208,15,15,0.4189568350712458,1.0,always_correct
pythia-410m,control,209,15,12,0.2859199821949005,0.8,variable
pythia-410m,control,210,15,13,0.22051651825507482,0.8666666666666667,variable
pythia-410m,control,211,15,14,0.38878383139769235,0.9333333333333333,variable
pythia-410m,control,212,15,15,0.49067195455233253,1.0,always_correct
pythia-410m,control,213,15,15,0.5460458676020304,1.0,always_correct
pythia-410m,control,214,15,15,0.42687950531641644,1.0,always_correct
pythia-410m,control,215,15,15,0.43021423518657687,1.0,always_correct
pythia-410m,control,216,15,15,0.5294002155462901,1.0,always_correct
pythia-410m,control,217,15,15,0.3799025848507881,1.0,always_correct
pythia-410m,control,218,15,15,0.41155564337968825,1.0,always_correct
pythia-410m,control,219,15,15,0.42582849264144895,1.0,always_correct
pythia-410m,control,220,15,15,0.6566695471604665,1.0,always_correct
pythia-410m,control,221,15,15,0.393801428625981,1.0,always_correct
pythia-410m,control,222,15,15,0.3801511744658152,1.0,always_correct
pythia-410m,control,223,15,15,0.8469194451967875,1.0,always_correct
pythia-410m,control,224,15,14,0.3437761125465234,0.9333333333333333,variable
pythia-410m,high,0,15,13,0.26107372129336,0.8666666666666667,variable
pythia-410m,high,1,15,15,0.3543817321459452,1.0,always_correct
pythia-410m,high,2,15,15,0.5297498583793641,1.0,always_correct
pythia-410m,high,3,15,15,0.500955664118131,1.0,always_correct
pythia-410m,high,4,15,15,0.475909294684728,1.0,always_correct
pythia-410m,high,5,15,15,0.3691084216038386,1.0,always_correct
pythia-410m,high,6,15,11,0.3308647024134795,0.7333333333333333,variable
pythia-410m,high,7,15,15,0.48378341893355054,1.0,always_correct
pythia-410m,high,8,15,15,0.5793770293394724,1.0,always_correct
pythia-410m,high,9,15,15,0.5907288402318954,1.0,always_correct
pythia-410m,high,10,15,15,0.3353437140583992,1.0,always_correct
pythia-410m,high,11,15,15,0.5470840831597646,1.0,always_correct
pythia-410m,high,12,15,11,0.39848845899105073,0.7333333333333333,variable
pythia-410m,high,13,15,15,0.2922355669240157,1.0,always_correct
pythia-410m,high,14,15,15,0.23264433095852535,1.0,always_correct
pythia-410m,high,15,15,15,0.42547460918625196,1.0,always_correct
pythia-410m,high,16,15,15,0.35843285322189333,1.0,always_correct
pythia-410m,high,17,15,15,0.39894190927346546,1.0,always_correct
pythia-410m,high,18,15,15,0.6713499784469604,1.0,always_correct
pythia-410m,high,19,15,14,0.3924269571900368,0.9333333333333333,variable
pythia-410m,high,20,15,14,0.1292003603031238,0.9333333333333333,variable
pythia-410m,high,21,15,12,0.33947760562102,0.8,variable
pythia-410m,high,22,15,15,0.4830031047264735,1.0,always_correct
pythia-410m,high,23,15,15,0.5537784799933434,1.0,always_correct
pythia-410m,high,24,15,15,0.6113069395224253,1.0,always_correct
pythia-410m,high,25,15,13,0.31049406255284945,0.8666666666666667,variable
pythia-410m,high,26,15,15,0.41967729131380715,1.0,always_correct
pythia-410m,high,27,15,15,0.7175244331359864,1.0,always_correct
pythia-410m,high,28,15,15,0.23184003966550032,1.0,always_correct
pythia-410m,high,29,15,15,0.39636968026558556,1.0,always_correct
pythia-410m,high,30,15,15,0.4611287161707878,1.0,always_correct
pythia-410m,high,31,15,15,0.3487667620182037,1.0,always_correct
pythia-410m,high,32,15,15,0.5365842233101527,1.0,always_correct
pythia-410m,high,33,15,15,0.39479106590151786,1.0,always_correct
pythia-410m,high,34,15,15,0.6145729849735896,1.0,always_correct
pythia-410m,high,35,15,15,0.5761311233043671,1.0,always_correct
pythia-410m,high,36,15,15,0.3189500947793325,1.0,always_correct
pythia-410m,high,37,15,14,0.32474392851193745,0.9333333333333333,variable
pythia-410m,high,38,15,14,0.5133624245723089,0.9333333333333333,variable
pythia-410m,high,39,15,15,0.2971237011253834,1.0,always_correct
pythia-410m,high,40,15,15,0.472699656834205,1.0,always_correct
pythia-410m,high,41,15,15,0.6296387389302254,1.0,always_correct
pythia-410m,high,42,15,15,0.31119295209646225,1.0,always_correct
pythia-410m,high,43,15,15,0.49770529717206957,1.0,always_correct
pythia-410m,high,44,15,15,0.39903832028309505,1.0,always_correct
pythia-410m,high,45,15,15,0.5811035811901093,1.0,always_correct
pythia-410m,high,46,15,15,0.6339054564634959,1.0,always_correct
pythia-410m,high,47,15,15,0.6057542860507965,1.0,always_correct
pythia-410m,high,48,15,15,0.6245017836491267,1.0,always_correct
pythia-410m,high,49,15,15,0.6158866385618845,1.0,always_correct
pythia-410m,high,50,15,15,0.606344336271286,1.0,always_correct
pythia-410m,high,51,15,15,0.1581646164258321,1.0,always_correct
pythia-410m,high,52,15,15,0.6975630025068918,1.0,always_correct
pythia-410m,high,53,15,14,0.466144559904933,0.9333333333333333,variable
pythia-410m,high,54,15,15,0.513376631339391,1.0,always_correct
pythia-410m,high,55,15,15,0.6993705625335376,1.0,always_correct
pythia-410m,high,56,15,15,0.5384544675548871,1.0,always_correct
pythia-410m,high,57,15,15,0.6284811596075693,1.0,always_correct
pythia-410m,high,58,15,15,0.6300531099239985,1.0,always_correct
pythia-410m,high,59,15,14,0.4767883005862435,0.9333333333333333,variable
pythia-410m,high,60,15,15,0.3925759457051754,1.0,always_correct
pythia-410m,high,61,15,13,0.48619288969784974,0.8666666666666667,variable
pythia-410m,high,62,15,11,0.3701349358074367,0.7333333333333333,variable
pythia-410m,high,63,15,15,0.5325334548950196,1.0,always_correct
pythia-410m,high,64,15,15,0.20080049311121304,1.0,always_correct
pythia-410m,high,65,15,15,0.6664715548356374,1.0,always_correct
pythia-410m,high,66,15,15,0.6744434028863907,1.0,always_correct
pythia-410m,high,67,15,15,0.36087587773799895,1.0,always_correct
pythia-410m,high,68,15,15,0.5227080807089806,1.0,always_correct
pythia-410m,high,69,15,12,0.445339963833491,0.8,variable
pythia-410m,high,70,15,15,0.5547446588675181,1.0,always_correct
pythia-410m,high,71,15,15,0.44407544831434886,1.0,always_correct
pythia-410m,high,72,15,15,0.4834066636860371,1.0,always_correct
pythia-410m,high,73,15,15,0.39701014310121535,1.0,always_correct
pythia-410m,high,74,15,13,0.39176220825562874,0.8666666666666667,variable
pythia-410m,high,75,15,15,0.5249546726544698,1.0,always_correct
pythia-410m,high,76,15,15,0.41575115770101545,1.0,always_correct
pythia-410m,high,77,15,15,0.419030158718427,1.0,always_correct
pythia-410m,high,78,15,15,0.7094151397546132,1.0,always_correct
pythia-410m,high,79,15,15,0.47139892081419627,1.0,always_correct
pythia-410m,high,80,15,15,0.32750629683335625,1.0,always_correct
pythia-410m,high,81,15,12,0.35579436669747033,0.8,variable
pythia-410m,high,82,15,15,0.5051332473754883,1.0,always_correct
pythia-410m,high,83,15,15,0.2954969966163238,1.0,always_correct
pythia-410m,high,84,15,15,0.43064937194188435,1.0,always_correct
pythia-410m,high,85,15,15,0.504630475739638,1.0,always_correct
pythia-410m,high,86,15,15,0.20825298875570297,1.0,always_correct
pythia-410m,high,87,15,15,0.3767387938996156,1.0,always_correct
pythia-410m,high,88,15,15,0.5789096643527348,1.0,always_correct
pythia-410m,high,89,15,15,0.6627230286598206,1.0,always_correct
pythia-410m,high,90,15,15,0.2550715436538061,1.0,always_correct
pythia-410m,high,91,15,15,0.6419945190350215,1.0,always_correct
pythia-410m,high,92,15,10,0.34538523157437645,0.6666666666666666,variable
pythia-410m,high,93,15,15,0.4347607508301735,1.0,always_correct
pythia-410m,high,94,15,15,0.5127056072155635,1.0,always_correct
pythia-410m,high,95,15,15,0.5709839562575022,1.0,always_correct
pythia-410m,high,96,15,15,0.6537447859843571,1.0,always_correct
pythia-410m,high,97,15,15,0.6666972597440084,1.0,always_correct
pythia-410m,high,98,15,15,0.5508262952168782,1.0,always_correct
pythia-410m,high,99,15,15,0.3603915127615134,1.0,always_correct
pythia-410m,high,100,15,14,0.4343144236753384,0.9333333333333333,variable
pythia-410m,high,101,15,15,0.41708500136931737,1.0,always_correct
pythia-410m,high,102,15,15,0.6126502503951391,1.0,always_correct
pythia-410m,high,103,15,15,0.2688896735509237,1.0,always_correct
pythia-410m,high,104,15,15,0.7028843224048614,1.0,always_correct
pythia-410m,high,105,15,15,0.3373079737027486,1.0,always_correct
pythia-410m,high,106,15,15,0.6811813573042552,1.0,always_correct
pythia-410m,high,107,15,14,0.4214494072521726,0.9333333333333333,variable
pythia-410m,high,108,15,15,0.6724924425284068,1.0,always_correct
pythia-410m,high,109,15,15,0.5852415978908538,1.0,always_correct
pythia-410m,high,110,15,15,0.5922223518292109,1.0,always_correct
pythia-410m,high,111,15,15,0.47943377594153086,1.0,always_correct
pythia-410m,high,112,15,15,0.2772757661839326,1.0,always_correct
pythia-410m,high,113,15,15,0.47595086693763733,1.0,always_correct
pythia-410m,high,114,15,15,0.6703844288984935,1.0,always_correct
pythia-410m,high,115,15,15,0.5631234288215637,1.0,always_correct
pythia-410m,high,116,15,15,0.6088915357987086,1.0,always_correct
pythia-410m,high,117,15,15,0.548649451136589,1.0,always_correct
pythia-410m,high,118,15,15,0.4746151010195414,1.0,always_correct
pythia-410m,high,119,15,15,0.5634938249985377,1.0,always_correct
pythia-410m,high,120,15,10,0.4208420714984337,0.6666666666666666,variable
pythia-410m,high,121,15,15,0.3794894002377987,1.0,always_correct
pythia-410m,high,122,15,15,0.36548780525724095,1.0,always_correct
pythia-410m,high,123,15,15,0.42381103659669556,1.0,always_correct
pythia-410m,high,124,15,15,0.48600282122691474,1.0,always_correct
pythia-410m,high,125,15,15,0.5702963491280874,1.0,always_correct
pythia-410m,high,126,15,14,0.2802583881964286,0.9333333333333333,variable
pythia-410m,high,127,15,15,0.37211327701807023,1.0,always_correct
pythia-410m,high,128,15,15,0.48306456208229065,1.0,always_correct
pythia-410m,high,129,15,15,0.3907690885166327,1.0,always_correct
pythia-410m,high,130,15,14,0.4503563389182091,0.9333333333333333,variable
pythia-410m,high,131,15,15,0.6104141900936763,1.0,always_correct
pythia-410m,high,132,15,15,0.4581400980552038,1.0,always_correct
pythia-410m,high,133,15,15,0.5503696841498216,1.0,always_correct
pythia-410m,high,134,15,15,0.38034124051531154,1.0,always_correct
pythia-410m,high,135,15,15,0.19272761171062788,1.0,always_correct
pythia-410m,high,136,15,15,0.6229034245014191,1.0,always_correct
pythia-410m,high,137,15,15,0.38709551890691124,1.0,always_correct
pythia-410m,high,138,15,11,0.2139044960339864,0.7333333333333333,variable
pythia-410m,high,139,15,15,0.5080123821894328,1.0,always_correct
pythia-410m,high,140,15,15,0.3514716530839602,1.0,always_correct
pythia-410m,high,141,15,15,0.21288138007124266,1.0,always_correct
pythia-410m,high,142,15,15,0.6543428162733714,1.0,always_correct
pythia-410m,high,143,15,15,0.6886194248994192,1.0,always_correct
pythia-410m,high,144,15,15,0.4417395974198977,1.0,always_correct
pythia-410m,high,145,15,15,0.40499521444241204,1.0,always_correct
pythia-410m,high,146,15,15,0.635142159461975,1.0,always_correct
pythia-410m,high,147,15,15,0.43191360334555307,1.0,always_correct
pythia-410m,high,148,15,15,0.5215108732382456,1.0,always_correct
pythia-410m,high,149,15,15,0.23051262398560843,1.0,always_correct
pythia-410m,high,150,15,15,0.5677576273679733,1.0,always_correct
pythia-410m,high,151,15,15,0.4366800606250763,1.0,always_correct
pythia-410m,high,152,15,15,0.5022381047407786,1.0,always_correct
pythia-410m,high,153,15,15,0.45912338892618815,1.0,always_correct
pythia-410m,high,154,15,15,0.6023968455692132,1.0,always_correct
pythia-410m,high,155,15,15,0.6698875606060029,1.0,always_correct
pythia-410m,high,156,15,15,0.4152577708164851,1.0,always_correct
pythia-410m,high,157,15,15,0.3814754078785578,1.0,always_correct
pythia-410m,high,158,15,15,0.547233697772026,1.0,always_correct
pythia-410m,high,159,15,14,0.45720006078481673,0.9333333333333333,variable
pythia-410m,high,160,15,10,0.09143887725658714,0.6666666666666666,variable
pythia-410m,high,161,15,15,0.5500489135583242,1.0,always_correct
pythia-410m,high,162,15,15,0.4602492362260818,1.0,always_correct
pythia-410m,high,163,15,15,0.4242714956402779,1.0,always_correct
pythia-410m,high,164,15,15,0.5602746439476808,1.0,always_correct
pythia-410m,high,165,15,8,0.40683342578510445,0.5333333333333333,variable
pythia-410m,high,166,15,15,0.6259185502926509,1.0,always_correct
pythia-410m,high,167,15,14,0.5458448432385922,0.9333333333333333,variable
pythia-410m,high,168,15,15,0.4478880236546198,1.0,always_correct
pythia-410m,high,169,15,15,0.48799725075562794,1.0,always_correct
pythia-410m,high,170,15,15,0.6122675617535909,1.0,always_correct
pythia-410m,high,171,15,15,0.3918350746234258,1.0,always_correct
pythia-410m,high,172,15,15,0.5398434529701869,1.0,always_correct
pythia-410m,high,173,15,15,0.31346635868151984,1.0,always_correct
pythia-410m,high,174,15,15,0.41721562842528026,1.0,always_correct
pythia-410m,high,175,15,15,0.4990807990233103,1.0,always_correct
pythia-410m,high,176,15,15,0.6760290106137593,1.0,always_correct
pythia-410m,high,177,15,15,0.3821795552968979,1.0,always_correct
pythia-410m,high,178,15,15,0.38545088544487954,1.0,always_correct
pythia-410m,high,179,15,15,0.4939545810222626,1.0,always_correct
pythia-410m,high,180,15,15,0.6650988300641377,1.0,always_correct
pythia-410m,high,181,15,15,0.5035325398047765,1.0,always_correct
pythia-410m,high,182,15,14,0.3703486941754818,0.9333333333333333,variable
pythia-410m,high,183,15,15,0.20554022068778674,1.0,always_correct
pythia-410m,high,184,15,15,0.3807979429761569,1.0,always_correct
pythia-410m,high,185,15,15,0.692717844247818,1.0,always_correct
pythia-410m,high,186,15,13,0.3031772498041391,0.8666666666666667,variable
pythia-410m,high,187,15,10,0.5147729781145851,0.6666666666666666,variable
pythia-410m,high,188,15,15,0.4054672807455063,1.0,always_correct
pythia-410m,high,189,15,15,0.3708723192413648,1.0,always_correct
pythia-410m,high,190,15,15,0.3073345663646857,1.0,always_correct
pythia-410m,high,191,15,15,0.6643942375977834,1.0,always_correct
pythia-410m,high,192,15,14,0.40981005678574245,0.9333333333333333,variable
pythia-410m,high,193,15,10,0.3549216360086575,0.6666666666666666,variable
pythia-410m,high,194,15,12,0.3943625383079052,0.8,variable
pythia-410m,high,195,15,15,0.5032420188188553,1.0,always_correct
pythia-410m,high,196,15,14,0.4900101582209269,0.9333333333333333,variable
pythia-410m,high,197,15,15,0.495803823073705,1.0,always_correct
pythia-410m,high,198,15,15,0.5041443467140198,1.0,always_correct
pythia-410m,high,199,15,15,0.6502257198095321,1.0,always_correct
pythia-410m,high,200,15,15,0.5790206571420033,1.0,always_correct
pythia-410m,high,201,15,15,0.36367033223311107,1.0,always_correct
pythia-410m,high,202,15,14,0.35679479589064916,0.9333333333333333,variable
pythia-410m,high,203,15,15,0.2864303305745125,1.0,always_correct
pythia-410m,high,204,15,15,0.4450935532649358,1.0,always_correct
pythia-410m,high,205,15,15,0.3917128533124924,1.0,always_correct
pythia-410m,high,206,15,15,0.5538990716139476,1.0,always_correct
pythia-410m,high,207,15,15,0.6799584647019704,1.0,always_correct
pythia-410m,high,208,15,15,0.43760145753622054,1.0,always_correct
pythia-410m,high,209,15,15,0.3115524876862764,1.0,always_correct
pythia-410m,high,210,15,15,0.6001440197229385,1.0,always_correct
pythia-410m,high,211,15,15,0.3942930355668068,1.0,always_correct
pythia-410m,high,212,15,15,0.5136690254012743,1.0,always_correct
pythia-410m,high,213,15,15,0.553734177350998,1.0,always_correct
pythia-410m,high,214,15,15,0.47374833226203916,1.0,always_correct
pythia-410m,high,215,15,15,0.2881459273397923,1.0,always_correct
pythia-410m,high,216,15,15,0.45404624541600547,1.0,always_correct
pythia-410m,high,217,15,15,0.5618826895952225,1.0,always_correct
pythia-410m,high,218,15,13,0.5526593359808127,0.8666666666666667,variable
pythia-410m,high,219,15,15,0.6107214679320653,1.0,always_correct
pythia-410m,high,220,15,12,0.49904835705334943,0.8,variable
pythia-410m,high,221,15,15,0.6914661089579265,1.0,always_correct
pythia-410m,high,222,15,15,0.5156795794765154,1.0,always_correct
pythia-410m,high,223,15,15,0.4775600045919418,1.0,always_correct
pythia-410m,high,224,15,13,0.32021891673405967,0.8666666666666667,variable
pythia-410m,low,0,15,13,0.22850099103525282,0.8666666666666667,variable
pythia-410m,low,1,15,14,0.6003267802298069,0.9333333333333333,variable
pythia-410m,low,2,15,11,0.21583113732437292,0.7333333333333333,variable
pythia-410m,low,3,15,14,0.2748863406479359,0.9333333333333333,variable
pythia-410m,low,4,15,15,0.22706302454074223,1.0,always_correct
pythia-410m,low,5,15,15,0.5064800282319387,1.0,always_correct
pythia-410m,low,6,15,11,0.19356432652566583,0.7333333333333333,variable
pythia-410m,low,7,15,14,0.3107516010912756,0.9333333333333333,variable
pythia-410m,low,8,15,15,0.39509938607613243,1.0,always_correct
pythia-410m,low,9,15,11,0.23823687642191846,0.7333333333333333,variable
pythia-410m,low,10,15,14,0.3536792832737168,0.9333333333333333,variable
pythia-410m,low,11,15,15,0.2918510283033053,1.0,always_correct
pythia-410m,low,12,15,10,0.22379639372229576,0.6666666666666666,variable
pythia-410m,low,13,15,14,0.40095243118703366,0.9333333333333333,variable
pythia-410m,low,14,15,14,0.3700656545348465,0.9333333333333333,variable
pythia-410m,low,15,15,11,0.26963937852997333,0.7333333333333333,variable
pythia-410m,low,16,15,14,0.4412003543227911,0.9333333333333333,variable
pythia-410m,low,17,15,10,0.27565041618266456,0.6666666666666666,variable
pythia-410m,low,18,15,14,0.24425149504095317,0.9333333333333333,variable
pythia-410m,low,19,15,15,0.3250115394592285,1.0,always_correct
pythia-410m,low,20,15,15,0.3891289340953032,1.0,always_correct
pythia-410m,low,21,15,13,0.21776599530130625,0.8666666666666667,variable
pythia-410m,low,22,15,15,0.2995199446876844,1.0,always_correct
pythia-410m,low,23,15,15,0.34316926759978134,1.0,always_correct
pythia-410m,low,24,15,12,0.27730752651890117,0.8,variable
pythia-410m,low,25,15,15,0.349481180558602,1.0,always_correct
pythia-410m,low,26,15,15,0.501905017097791,1.0,always_correct
pythia-410m,low,27,15,14,0.366134056650723,0.9333333333333333,variable
pythia-410m,low,28,15,15,0.22211314508070548,1.0,always_correct
pythia-410m,low,29,15,12,0.22167340554296971,0.8,variable
pythia-410m,low,30,15,15,0.31826423928141595,1.0,always_correct
pythia-410m,low,31,15,15,0.5542467683553696,1.0,always_correct
pythia-410m,low,32,15,15,0.458521196556588,1.0,always_correct
pythia-410m,low,33,15,13,0.21263732134054106,0.8666666666666667,variable
pythia-410m,low,34,15,15,0.21385762294133503,1.0,always_correct
pythia-410m,low,35,15,11,0.25427757083283115,0.7333333333333333,variable
pythia-410m,low,36,15,12,0.2826633428533872,0.8,variable
pythia-410m,low,37,15,14,0.1903694140414397,0.9333333333333333,variable
pythia-410m,low,38,15,15,0.38314867665370306,1.0,always_correct
pythia-410m,low,39,15,9,0.19926360864192247,0.6,variable
pythia-410m,low,40,15,15,0.4969237173597018,1.0,always_correct
pythia-410m,low,41,15,15,0.2609553168217341,1.0,always_correct
pythia-410m,low,42,15,15,0.5295729443430901,1.0,always_correct
pythia-410m,low,43,15,14,0.37594171284387506,0.9333333333333333,variable
pythia-410m,low,44,15,14,0.18480350710451604,0.9333333333333333,variable
pythia-410m,low,45,15,10,0.26168710184283556,0.6666666666666666,variable
pythia-410m,low,46,15,10,0.19614988323301077,0.6666666666666666,variable
pythia-410m,low,47,15,15,0.49739937409758567,1.0,always_correct
pythia-410m,low,48,15,15,0.554087445139885,1.0,always_correct
pythia-410m,low,49,15,12,0.36963939894922077,0.8,variable
pythia-410m,low,50,15,13,0.25453272437055907,0.8666666666666667,variable
pythia-410m,low,51,15,15,0.45614611357450485,1.0,always_correct
pythia-410m,low,52,15,14,0.4461178183245162,0.9333333333333333,variable
pythia-410m,low,53,15,15,0.45179728865623475,1.0,always_correct
pythia-410m,low,54,15,15,0.4851844002803167,1.0,always_correct
pythia-410m,low,55,15,15,0.34752431586384774,1.0,always_correct
pythia-410m,low,56,15,14,0.44969189961751305,0.9333333333333333,variable
pythia-410m,low,57,15,15,0.4167960673570633,1.0,always_correct
pythia-410m,low,58,15,15,0.4370592465003332,1.0,always_correct
pythia-410m,low,59,15,15,0.3855135495464007,1.0,always_correct
pythia-410m,low,60,15,15,0.27280606838564075,1.0,always_correct
pythia-410m,low,61,15,15,0.5198822105924289,1.0,always_correct
pythia-410m,low,62,15,15,0.5740988144030174,1.0,always_correct
pythia-410m,low,63,15,14,0.2380710077782472,0.9333333333333333,variable
pythia-410m,low,64,15,9,0.1331966487846027,0.6,variable
pythia-410m,low,65,15,14,0.21916968065003553,0.9333333333333333,variable
pythia-410m,low,66,15,15,0.4041246344645818,1.0,always_correct
pythia-410m,low,67,15,15,0.3840299847225348,1.0,always_correct
pythia-410m,low,68,15,10,0.33727449433257184,0.6666666666666666,variable
pythia-410m,low,69,15,15,0.32434439783294994,1.0,always_correct
pythia-410m,low,70,15,15,0.4313727542757988,1.0,always_correct
pythia-410m,low,71,15,15,0.4188348482052485,1.0,always_correct
pythia-410m,low,72,15,15,0.2499159927169482,1.0,always_correct
pythia-410m,low,73,15,15,0.33388584131995835,1.0,always_correct
pythia-410m,low,74,15,15,0.26493685071667034,1.0,always_correct
pythia-410m,low,75,15,12,0.32521262681111696,0.8,variable
pythia-410m,low,76,15,7,0.08748731820766503,0.4666666666666667,variable
pythia-410m,low,77,15,13,0.3536686512331168,0.8666666666666667,variable
pythia-410m,low,78,15,14,0.27640952554841836,0.9333333333333333,variable
pythia-410m,low,79,15,15,0.204048261915644,1.0,always_correct
pythia-410m,low,80,15,13,0.4799198772758245,0.8666666666666667,variable
pythia-410m,low,81,15,11,0.2715872999280691,0.7333333333333333,variable
pythia-410m,low,82,15,13,0.3278034123281638,0.8666666666666667,variable
pythia-410m,low,83,15,15,0.39966873644540707,1.0,always_correct
pythia-410m,low,84,15,15,0.5193390429019928,1.0,always_correct
pythia-410m,low,85,15,14,0.30821745181456206,0.9333333333333333,variable
pythia-410m,low,86,15,15,0.44259524941444395,1.0,always_correct
pythia-410m,low,87,15,14,0.2331683188676834,0.9333333333333333,variable
pythia-410m,low,88,15,14,0.15657799243927,0.9333333333333333,variable
pythia-410m,low,89,15,12,0.29271731652940314,0.8,variable
pythia-410m,low,90,15,15,0.36415160621205966,1.0,always_correct
pythia-410m,low,91,15,14,0.3871152926236391,0.9333333333333333,variable
pythia-410m,low,92,15,15,0.5770047972599666,1.0,always_correct
pythia-410m,low,93,15,15,0.5706211452682813,1.0,always_correct
pythia-410m,low,94,15,15,0.3935409337282181,1.0,always_correct
pythia-410m,low,95,15,14,0.29877731402715046,0.9333333333333333,variable
pythia-410m,low,96,15,15,0.5000698591272036,1.0,always_correct
pythia-410m,low,97,15,13,0.2843794863671064,0.8666666666666667,variable
pythia-410m,low,98,15,12,0.26484249165902535,0.8,variable
pythia-410m,low,99,15,15,0.35611447592576345,1.0,always_correct
pythia-410m,low,100,15,15,0.4002295379837354,1.0,always_correct
pythia-410m,low,101,15,14,0.22376446065803368,0.9333333333333333,variable
pythia-410m,low,102,15,14,0.3200355107585589,0.9333333333333333,variable
pythia-410m,low,103,15,14,0.23722391861180464,0.9333333333333333,variable
pythia-410m,low,104,15,15,0.30471080193916955,1.0,always_correct
pythia-410m,low,105,15,14,0.5213873517389099,0.9333333333333333,variable
pythia-410m,low,106,15,9,0.15219498394678035,0.6,variable
pythia-410m,low,107,15,14,0.20324458082516988,0.9333333333333333,variable
pythia-410m,low,108,15,15,0.34729472870628036,1.0,always_correct
pythia-410m,low,109,15,11,0.1437165807466954,0.7333333333333333,variable
pythia-410m,low,110,15,11,0.20543198774879176,0.7333333333333333,variable
pythia-410m,low,111,15,15,0.3798049338161945,1.0,always_correct
pythia-410m,low,112,15,15,0.47049630706508955,1.0,always_correct
pythia-410m,low,113,15,15,0.2548420034348965,1.0,always_correct
pythia-410m,low,114,15,14,0.40744772007068,0.9333333333333333,variable
pythia-410m,low,115,15,15,0.4145320494969686,1.0,always_correct
pythia-410m,low,116,15,15,0.2769995998591185,1.0,always_correct
pythia-410m,low,117,15,15,0.2540078490972519,1.0,always_correct
pythia-410m,low,118,15,10,0.3036902349752684,0.6666666666666666,variable
pythia-410m,low,119,15,14,0.5207114780942599,0.9333333333333333,variable
pythia-410m,low,120,15,15,0.6379087408383687,1.0,always_correct
pythia-410m,low,121,15,15,0.2876186398168405,1.0,always_correct
pythia-410m,low,122,15,15,0.29256328046321867,1.0,always_correct
pythia-410m,low,123,15,10,0.3599392238305882,0.6666666666666666,variable
pythia-410m,low,124,15,15,0.3926715776324272,1.0,always_correct
pythia-410m,low,125,15,11,0.45390251725912095,0.7333333333333333,variable
pythia-410m,low,126,15,15,0.40593370695908865,1.0,always_correct
pythia-410m,low,127,15,10,0.16613202549827596,0.6666666666666666,variable
pythia-410m,low,128,15,11,0.357957669114694,0.7333333333333333,variable
pythia-410m,low,129,15,15,0.3534876494357983,1.0,always_correct
pythia-410m,low,130,15,8,0.2688556197487439,0.5333333333333333,variable
pythia-410m,low,131,15,15,0.613874401152134,1.0,always_correct
pythia-410m,low,132,15,9,0.1493870846927166,0.6,variable
pythia-410m,low,133,15,15,0.6081775734821956,1.0,always_correct
pythia-410m,low,134,15,15,0.30525540622572106,1.0,always_correct
pythia-410m,low,135,15,14,0.3426394642641147,0.9333333333333333,variable
pythia-410m,low,136,15,14,0.4802257346920669,0.9333333333333333,variable
pythia-410m,low,137,15,15,0.5033751249313354,1.0,always_correct
pythia-410m,low,138,15,9,0.13289668131619692,0.6,variable
pythia-410m,low,139,15,14,0.4406601473689079,0.9333333333333333,variable
pythia-410m,low,140,15,12,0.2555361752398312,0.8,variable
pythia-410m,low,141,15,15,0.28440855741500853,1.0,always_correct
pythia-410m,low,142,15,14,0.40037667055924736,0.9333333333333333,variable
pythia-410m,low,143,15,15,0.5170207619667053,1.0,always_correct
pythia-410m,low,144,15,13,0.4483084331577023,0.8666666666666667,variable
pythia-410m,low,145,15,15,0.672885861992836,1.0,always_correct
pythia-410m,low,146,15,12,0.3295244498178363,0.8,variable
pythia-410m,low,147,15,11,0.4080599512904882,0.7333333333333333,variable
pythia-410m,low,148,15,13,0.39384117846687633,0.8666666666666667,variable
pythia-410m,low,149,15,14,0.5531730790932973,0.9333333333333333,variable
pythia-410m,low,150,15,14,0.27186794110263385,0.9333333333333333,variable
pythia-410m,low,151,15,14,0.27986702099442484,0.9333333333333333,variable
pythia-410m,low,152,15,15,0.19144596805175146,1.0,always_correct
pythia-410m,low,153,15,15,0.4436782479286194,1.0,always_correct
pythia-410m,low,154,15,15,0.4814522554477056,1.0,always_correct
pythia-410m,low,155,15,13,0.3803291259954373,0.8666666666666667,variable
pythia-410m,low,156,15,14,0.5911594438056151,0.9333333333333333,variable
pythia-410m,low,157,15,15,0.132694045205911,1.0,always_correct
pythia-410m,low,158,15,15,0.6073940022538106,1.0,always_correct
pythia-410m,low,159,15,15,0.29336832637588184,1.0,always_correct
pythia-410m,low,160,15,12,0.168201116596659,0.8,variable
pythia-410m,low,161,15,15,0.3953878564139207,1.0,always_correct
pythia-410m,low,162,15,15,0.5336054931084315,1.0,always_correct
pythia-410m,low,163,15,15,0.4217506239811579,1.0,always_correct
pythia-410m,low,164,15,15,0.44069218064347904,1.0,always_correct
pythia-410m,low,165,15,13,0.3095541072698931,0.8666666666666667,variable
pythia-410m,low,166,15,7,0.1538260546202461,0.4666666666666667,variable
pythia-410m,low,167,15,13,0.19555991118152935,0.8666666666666667,variable
pythia-410m,low,168,15,15,0.33005018283923465,1.0,always_correct
pythia-410m,low,169,15,12,0.45793317258358,0.8,variable
pythia-410m,low,170,15,14,0.3796595328177015,0.9333333333333333,variable
pythia-410m,low,171,15,15,0.34168287068605424,1.0,always_correct
pythia-410m,low,172,15,15,0.5595205629865329,1.0,always_correct
pythia-410m,low,173,15,8,0.2791915131810432,0.5333333333333333,variable
pythia-410m,low,174,15,15,0.37162142048279445,1.0,always_correct
pythia-410m,low,175,15,10,0.2934027906507254,0.6666666666666666,variable
pythia-410m,low,176,15,10,0.1889563462076088,0.6666666666666666,variable
pythia-410m,low,177,15,9,0.1799257627998789,0.6,variable
pythia-410m,low,178,15,15,0.36415348226825395,1.0,always_correct
pythia-410m,low,179,15,14,0.3606642510586729,0.9333333333333333,variable
pythia-410m,low,180,15,15,0.3897085646788279,1.0,always_correct
pythia-410m,low,181,15,15,0.29884016613165537,1.0,always_correct
pythia-410m,low,182,15,15,0.5640421244005362,1.0,always_correct
pythia-410m,low,183,15,3,0.027922454196959733,0.2,variable
pythia-410m,low,184,15,15,0.47587072253227236,1.0,always_correct
pythia-410m,low,185,15,14,0.3966405604655544,0.9333333333333333,variable
pythia-410m,low,186,15,14,0.35745375230908394,0.9333333333333333,variable
pythia-410m,low,187,15,15,0.11194973650077979,1.0,always_correct
pythia-410m,low,188,15,10,0.15834341968099278,0.6666666666666666,variable
pythia-410m,low,189,15,13,0.307325104996562,0.8666666666666667,variable
pythia-410m,low,190,15,15,0.383512053762873,1.0,always_correct
pythia-410m,low,191,15,10,0.26617078967392444,0.6666666666666666,variable
pythia-410m,low,192,15,15,0.3537826858460903,1.0,always_correct
pythia-410m,low,193,15,15,0.44048785269260404,1.0,always_correct
pythia-410m,low,194,15,15,0.27881174894670646,1.0,always_correct
pythia-410m,low,195,15,15,0.4044865883886814,1.0,always_correct
pythia-410m,low,196,15,15,0.5412384204566478,1.0,always_correct
pythia-410m,low,197,15,12,0.5495839307705561,0.8,variable
pythia-410m,low,198,15,15,0.19228923668464024,1.0,always_correct
pythia-410m,low,199,15,15,0.17718496173620224,1.0,always_correct
pythia-410m,low,200,15,15,0.365482896566391,1.0,always_correct
pythia-410m,low,201,15,15,0.59433740178744,1.0,always_correct
pythia-410m,low,202,15,15,0.3649418756365776,1.0,always_correct
pythia-410m,low,203,15,15,0.37641145586967467,1.0,always_correct
pythia-410m,low,204,15,15,0.27348508530606824,1.0,always_correct
pythia-410m,low,205,15,15,0.3842394950489203,1.0,always_correct
pythia-410m,low,206,15,15,0.4743007163206736,1.0,always_correct
pythia-410m,low,207,15,14,0.3423776514828205,0.9333333333333333,variable
pythia-410m,low,208,15,14,0.2643175624931852,0.9333333333333333,variable
pythia-410m,low,209,15,15,0.6817296435435612,1.0,always_correct
pythia-410m,low,210,15,11,0.24430600566168625,0.7333333333333333,variable
pythia-410m,low,211,15,15,0.2779193100829919,1.0,always_correct
pythia-410m,low,212,15,15,0.46344592894117037,1.0,always_correct
pythia-410m,low,213,15,15,0.3255207524945339,1.0,always_correct
pythia-410m,low,214,15,15,0.27439225936929384,1.0,always_correct
pythia-410m,low,215,15,15,0.34910374507308006,1.0,always_correct
pythia-410m,low,216,15,12,0.37986508713414274,0.8,variable
pythia-410m,low,217,15,11,0.2560801854434734,0.7333333333333333,variable
pythia-410m,low,218,15,15,0.6557581593592962,1.0,always_correct
pythia-410m,low,219,15,14,0.42062556073069574,0.9333333333333333,variable
pythia-410m,low,220,15,15,0.4187621003637711,1.0,always_correct
pythia-410m,low,221,15,14,0.14414392163356146,0.9333333333333333,variable
pythia-410m,low,222,15,15,0.5631312948962053,1.0,always_correct
pythia-410m,low,223,15,15,0.24517970172067483,1.0,always_correct
pythia-410m,low,224,15,15,0.35416114926338194,1.0,always_correct
pythia-410m,medium,0,15,15,0.24679077515999476,1.0,always_correct
pythia-410m,medium,1,15,15,0.45561138590176903,1.0,always_correct
pythia-410m,medium,2,15,15,0.4636961817741394,1.0,always_correct
pythia-410m,medium,3,15,15,0.4815073120097319,1.0,always_correct
pythia-410m,medium,4,15,15,0.494205375512441,1.0,always_correct
pythia-410m,medium,5,15,13,0.5615737831142421,0.8666666666666667,variable
pythia-410m,medium,6,15,15,0.3323640604813894,1.0,always_correct
pythia-410m,medium,7,15,15,0.46803582708040875,1.0,always_correct
pythia-410m,medium,8,15,12,0.3023764491081238,0.8,variable
pythia-410m,medium,9,15,15,0.3937392274538676,1.0,always_correct
pythia-410m,medium,10,15,15,0.24849543559054535,1.0,always_correct
pythia-410m,medium,11,15,15,0.22386971041560172,1.0,always_correct
pythia-410m,medium,12,15,15,0.5678906152645747,1.0,always_correct
pythia-410m,medium,13,15,15,0.4680775612592697,1.0,always_correct
pythia-410m,medium,14,15,13,0.18491360563784837,0.8666666666666667,variable
pythia-410m,medium,15,15,15,0.3904139091571172,1.0,always_correct
pythia-410m,medium,16,15,14,0.32373076553146046,0.9333333333333333,variable
pythia-410m,medium,17,15,15,0.21708591505885125,1.0,always_correct
pythia-410m,medium,18,15,14,0.34990252008040745,0.9333333333333333,variable
pythia-410m,medium,19,15,15,0.5597711414098739,1.0,always_correct
pythia-410m,medium,20,15,13,0.23581646829843522,0.8666666666666667,variable
pythia-410m,medium,21,15,15,0.348472336679697,1.0,always_correct
pythia-410m,medium,22,15,15,0.5800137760738532,1.0,always_correct
pythia-410m,medium,23,15,15,0.579012996951739,1.0,always_correct
pythia-410m,medium,24,15,15,0.4929686412215233,1.0,always_correct
pythia-410m,medium,25,15,15,0.48369327882925667,1.0,always_correct
pythia-410m,medium,26,15,15,0.22228592025736968,1.0,always_correct
pythia-410m,medium,27,15,15,0.20842272030810516,1.0,always_correct
pythia-410m,medium,28,15,15,0.4534830016394456,1.0,always_correct
pythia-410m,medium,29,15,14,0.41186920180916786,0.9333333333333333,variable
pythia-410m,medium,30,15,15,0.467944437203308,1.0,always_correct
pythia-410m,medium,31,15,12,0.40850726533681153,0.8,variable
pythia-410m,medium,32,15,14,0.24401528562108676,0.9333333333333333,variable
pythia-410m,medium,33,15,15,0.6235994905233383,1.0,always_correct
pythia-410m,medium,34,15,15,0.4952167799075445,1.0,always_correct
pythia-410m,medium,35,15,15,0.5064678274095058,1.0,always_correct
pythia-410m,medium,36,15,15,0.3597245171666145,1.0,always_correct
pythia-410m,medium,37,15,15,0.445654792090257,1.0,always_correct
pythia-410m,medium,38,15,14,0.36422073369224867,0.9333333333333333,variable
pythia-410m,medium,39,15,15,0.4367726117372513,1.0,always_correct
pythia-410m,medium,40,15,15,0.6600824415683746,1.0,always_correct
pythia-410m,medium,41,15,15,0.5183973195652167,1.0,always_correct
pythia-410m,medium,42,15,15,0.481806039561828,1.0,always_correct
pythia-410m,medium,43,15,14,0.46198129567007223,0.9333333333333333,variable
pythia-410m,medium,44,15,14,0.45672930019597213,0.9333333333333333,variable
pythia-410m,medium,45,15,15,0.49395043949286144,1.0,always_correct
pythia-410m,medium,46,15,15,0.5002344638109207,1.0,always_correct
pythia-410m,medium,47,15,15,0.35417928646008173,1.0,always_correct
pythia-410m,medium,48,15,15,0.47651785562435783,1.0,always_correct
pythia-410m,medium,49,15,10,0.29471786486295365,0.6666666666666666,variable
pythia-410m,medium,50,15,15,0.37420855114857354,1.0,always_correct
pythia-410m,medium,51,15,14,0.3847027159606417,0.9333333333333333,variable
pythia-410m,medium,52,15,15,0.32091665143767995,1.0,always_correct
pythia-410m,medium,53,15,15,0.38588521828254063,1.0,always_correct
pythia-410m,medium,54,15,15,0.41527808606624605,1.0,always_correct
pythia-410m,medium,55,15,15,0.45368071595827736,1.0,always_correct
pythia-410m,medium,56,15,15,0.6319742947816849,1.0,always_correct
pythia-410m,medium,57,15,14,0.48717509806156156,0.9333333333333333,variable
pythia-410m,medium,58,15,15,0.4113714429239432,1.0,always_correct
pythia-410m,medium,59,15,10,0.3817842848598957,0.6666666666666666,variable
pythia-410m,medium,60,15,15,0.4264419252673785,1.0,always_correct
pythia-410m,medium,61,15,15,0.7509151617685954,1.0,always_correct
pythia-410m,medium,62,15,15,0.3127856048444907,1.0,always_correct
pythia-410m,medium,63,15,14,0.3891893945634365,0.9333333333333333,variable
pythia-410m,medium,64,15,15,0.6380186239878337,1.0,always_correct
pythia-410m,medium,65,15,15,0.6700794378916423,1.0,always_correct
pythia-410m,medium,66,15,15,0.7630041937033335,1.0,always_correct
pythia-410m,medium,67,15,15,0.3931673018882672,1.0,always_correct
pythia-410m,medium,68,15,15,0.3046756184970339,1.0,always_correct
pythia-410m,medium,69,15,15,0.5411756118138631,1.0,always_correct
pythia-410m,medium,70,15,15,0.5056282728910446,1.0,always_correct
pythia-410m,medium,71,15,15,0.1987397534151872,1.0,always_correct
pythia-410m,medium,72,15,14,0.40865688025951385,0.9333333333333333,variable
pythia-410m,medium,73,15,13,0.26685377849886815,0.8666666666666667,variable
pythia-410m,medium,74,15,15,0.5720320224761963,1.0,always_correct
pythia-410m,medium,75,15,15,0.5492043187220891,1.0,always_correct
pythia-410m,medium,76,15,15,0.47175098409255345,1.0,always_correct
pythia-410m,medium,77,15,15,0.49268328696489333,1.0,always_correct
pythia-410m,medium,78,15,10,0.31236191975573696,0.6666666666666666,variable
pythia-410m,medium,79,15,15,0.5681936050454776,1.0,always_correct
pythia-410m,medium,80,15,15,0.4794801024099191,1.0,always_correct
pythia-410m,medium,81,15,15,0.5826025068759918,1.0,always_correct
pythia-410m,medium,82,15,15,0.3529731208458543,1.0,always_correct
pythia-410m,medium,83,15,15,0.43440616925557457,1.0,always_correct
pythia-410m,medium,84,15,15,0.4723705530166626,1.0,always_correct
pythia-410m,medium,85,15,11,0.3383432888425887,0.7333333333333333,variable
pythia-410m,medium,86,15,15,0.5199307610591253,1.0,always_correct
pythia-410m,medium,87,15,14,0.31459457281356057,0.9333333333333333,variable
pythia-410m,medium,88,15,15,0.49398430784543357,1.0,always_correct
pythia-410m,medium,89,15,15,0.40432938088973364,1.0,always_correct
pythia-410m,medium,90,15,15,0.5224323630332947,1.0,always_correct
pythia-410m,medium,91,15,14,0.6228744253516197,0.9333333333333333,variable
pythia-410m,medium,92,15,15,0.49564325461784997,1.0,always_correct
pythia-410m,medium,93,15,14,0.4271109990775585,0.9333333333333333,variable
pythia-410m,medium,94,15,15,0.4709189260999362,1.0,always_correct
pythia-410m,medium,95,15,15,0.5877478246887525,1.0,always_correct
pythia-410m,medium,96,15,15,0.424967297911644,1.0,always_correct
pythia-410m,medium,97,15,15,0.2052508994936943,1.0,always_correct
pythia-410m,medium,98,15,15,0.42760395954052605,1.0,always_correct
pythia-410m,medium,99,15,10,0.3009391545628508,0.6666666666666666,variable
pythia-410m,medium,100,15,15,0.6227411399284999,1.0,always_correct
pythia-410m,medium,101,15,15,0.4967760900656382,1.0,always_correct
pythia-410m,medium,102,15,15,0.37008907546599706,1.0,always_correct
pythia-410m,medium,103,15,12,0.3074132942284147,0.8,variable
pythia-410m,medium,104,15,15,0.7023396631081898,1.0,always_correct
pythia-410m,medium,105,15,15,0.5790280585487684,1.0,always_correct
pythia-410m,medium,106,15,15,0.4769569771985213,1.0,always_correct
pythia-410m,medium,107,15,14,0.27682645761718355,0.9333333333333333,variable
pythia-410m,medium,108,15,15,0.3290224609275659,1.0,always_correct
pythia-410m,medium,109,15,15,0.38309748073418937,1.0,always_correct
pythia-410m,medium,110,15,15,0.20866600082566342,1.0,always_correct
pythia-410m,medium,111,15,15,0.4618518116573493,1.0,always_correct
pythia-410m,medium,112,15,15,0.46333078344662987,1.0,always_correct
pythia-410m,medium,113,15,15,0.35152954459190366,1.0,always_correct
pythia-410m,medium,114,15,15,0.627837923169136,1.0,always_correct
pythia-410m,medium,115,15,15,0.3617343674103419,1.0,always_correct
pythia-410m,medium,116,15,13,0.339536892871062,0.8666666666666667,variable
pythia-410m,medium,117,15,14,0.1834720067679882,0.9333333333333333,variable
pythia-410m,medium,118,15,15,0.34482594231764474,1.0,always_correct
pythia-410m,medium,119,15,15,0.45828332627813023,1.0,always_correct
pythia-410m,medium,120,15,15,0.3266011536121368,1.0,always_correct
pythia-410m,medium,121,15,11,0.3464086240157485,0.7333333333333333,variable
pythia-410m,medium,122,15,13,0.35538143049925563,0.8666666666666667,variable
pythia-410m,medium,123,15,15,0.4916055510441462,1.0,always_correct
pythia-410m,medium,124,15,14,0.5035557597875595,0.9333333333333333,variable
pythia-410m,medium,125,15,15,0.26126469348867737,1.0,always_correct
pythia-410m,medium,126,15,15,0.2655385807156563,1.0,always_correct
pythia-410m,medium,127,15,15,0.4845941553513209,1.0,always_correct
pythia-410m,medium,128,15,15,0.17099924956758816,1.0,always_correct
pythia-410m,medium,129,15,13,0.4207008379201094,0.8666666666666667,variable
pythia-410m,medium,130,15,15,0.45988258520762126,1.0,always_correct
pythia-410m,medium,131,15,15,0.3090329299370448,1.0,always_correct
pythia-410m,medium,132,15,15,0.5203668415546417,1.0,always_correct
pythia-410m,medium,133,15,15,0.2846972798307737,1.0,always_correct
pythia-410m,medium,134,15,15,0.49118072191874185,1.0,always_correct
pythia-410m,medium,135,15,15,0.5450940921902656,1.0,always_correct
pythia-410m,medium,136,15,10,0.4331261576463779,0.6666666666666666,variable
pythia-410m,medium,137,15,15,0.4296040174240867,1.0,always_correct
pythia-410m,medium,138,15,15,0.3280674548198779,1.0,always_correct
pythia-410m,medium,139,15,14,0.4614317622035742,0.9333333333333333,variable
pythia-410m,medium,140,15,15,0.31801916981736816,1.0,always_correct
pythia-410m,medium,141,15,13,0.5953525520861149,0.8666666666666667,variable
pythia-410m,medium,142,15,13,0.4759896988670031,0.8666666666666667,variable
pythia-410m,medium,143,15,15,0.4995493551095327,1.0,always_correct
pythia-410m,medium,144,15,15,0.23396703638136387,1.0,always_correct
pythia-410m,medium,145,15,15,0.6256506721178691,1.0,always_correct
pythia-410m,medium,146,15,15,0.6183430115381877,1.0,always_correct
pythia-410m,medium,147,15,15,0.2709814887493849,1.0,always_correct
pythia-410m,medium,148,15,14,0.2728086832910776,0.9333333333333333,variable
pythia-410m,medium,149,15,15,0.36496151685714723,1.0,always_correct
pythia-410m,medium,150,15,15,0.2858831415573756,1.0,always_correct
pythia-410m,medium,151,15,15,0.5639200667540233,1.0,always_correct
pythia-410m,medium,152,15,14,0.5361378801365694,0.9333333333333333,variable
pythia-410m,medium,153,15,15,0.546210074921449,1.0,always_correct
pythia-410m,medium,154,15,14,0.21065525024508436,0.9333333333333333,variable
pythia-410m,medium,155,15,15,0.6344303886095682,1.0,always_correct
pythia-410m,medium,156,15,14,0.25136464604487024,0.9333333333333333,variable
pythia-410m,medium,157,15,15,0.364389177163442,1.0,always_correct
pythia-410m,medium,158,15,15,0.45120521013935405,1.0,always_correct
pythia-410m,medium,159,15,15,0.45310442460079986,1.0,always_correct
pythia-410m,medium,160,15,9,0.20685949547526736,0.6,variable
pythia-410m,medium,161,15,15,0.5009927513698736,1.0,always_correct
pythia-410m,medium,162,15,15,0.5070662399133047,1.0,always_correct
pythia-410m,medium,163,15,15,0.4642875512440999,1.0,always_correct
pythia-410m,medium,164,15,15,0.48783120239774386,1.0,always_correct
pythia-410m,medium,165,15,14,0.5968249340852102,0.9333333333333333,variable
pythia-410m,medium,166,15,14,0.28530535424749054,0.9333333333333333,variable
pythia-410m,medium,167,15,15,0.4929356644550959,1.0,always_correct
pythia-410m,medium,168,15,15,0.5875436087449392,1.0,always_correct
pythia-410m,medium,169,15,15,0.5121381402015686,1.0,always_correct
pythia-410m,medium,170,15,15,0.26491988748311995,1.0,always_correct
pythia-410m,medium,171,15,15,0.3938954713443915,1.0,always_correct
pythia-410m,medium,172,15,15,0.44111836751302086,1.0,always_correct
pythia-410m,medium,173,15,15,0.24323402444521586,1.0,always_correct
pythia-410m,medium,174,15,15,0.4008979588747025,1.0,always_correct
pythia-410m,medium,175,15,15,0.40335396453738215,1.0,always_correct
pythia-410m,medium,176,15,10,0.2327968390037616,0.6666666666666666,variable
pythia-410m,medium,177,15,14,0.3632497214091321,0.9333333333333333,variable
pythia-410m,medium,178,15,15,0.4627417673667272,1.0,always_correct
pythia-410m,medium,179,15,15,0.15427125344673792,1.0,always_correct
pythia-410m,medium,180,15,15,0.45855551908413567,1.0,always_correct
pythia-410m,medium,181,15,15,0.5331162075201671,1.0,always_correct
pythia-410m,medium,182,15,15,0.5528056144714355,1.0,always_correct
pythia-410m,medium,183,15,14,0.43675147406756876,0.9333333333333333,variable
pythia-410m,medium,184,15,15,0.6179850359757741,1.0,always_correct
pythia-410m,medium,185,15,8,0.18335917741060256,0.5333333333333333,variable
pythia-410m,medium,186,15,14,0.4616176050156355,0.9333333333333333,variable
pythia-410m,medium,187,15,15,0.4511576091249784,1.0,always_correct
pythia-410m,medium,188,15,14,0.5344296826049686,0.9333333333333333,variable
pythia-410m,medium,189,15,15,0.46933301438887914,1.0,always_correct
pythia-410m,medium,190,15,14,0.3156908934315046,0.9333333333333333,variable
pythia-410m,medium,191,15,15,0.5312279085318248,1.0,always_correct
pythia-410m,medium,192,15,15,0.5406478524208069,1.0,always_correct
pythia-410m,medium,193,15,15,0.3970163052280744,1.0,always_correct
pythia-410m,medium,194,15,15,0.3866232097148895,1.0,always_correct
pythia-410m,medium,195,15,15,0.3898625820875168,1.0,always_correct
pythia-410m,medium,196,15,15,0.45335834423700966,1.0,always_correct
pythia-410m,medium,197,15,15,0.45969102705518405,1.0,always_correct
pythia-410m,medium,198,15,15,0.5361549687882264,1.0,always_correct
pythia-410m,medium,199,15,15,0.25430526671310266,1.0,always_correct
pythia-410m,medium,200,15,15,0.47883920967578886,1.0,always_correct
pythia-410m,medium,201,15,15,0.47765048493941625,1.0,always_correct
pythia-410m,medium,202,15,12,0.25761926422516507,0.8,variable
pythia-410m,medium,203,15,15,0.4148268294831117,1.0,always_correct
pythia-410m,medium,204,15,11,0.27809050331513085,0.7333333333333333,variable
pythia-410m,medium,205,15,15,0.4212885091702143,1.0,always_correct
pythia-410m,medium,206,15,15,0.29025660709788403,1.0,always_correct
pythia-410m,medium,207,15,15,0.4911839331189791,1.0,always_correct
pythia-410m,medium,208,15,10,0.3222235687853148,0.6666666666666666,variable
pythia-410m,medium,209,15,15,0.5122128317753474,1.0,always_correct
pythia-410m,medium,210,15,15,0.26981346209843954,1.0,always_correct
pythia-410m,medium,211,15,15,0.4363030145565669,1.0,always_correct
pythia-410m,medium,212,15,14,0.4282322660088539,0.9333333333333333,variable
pythia-410m,medium,213,15,14,0.432142846720914,0.9333333333333333,variable
pythia-410m,medium,214,15,15,0.4665338551004728,1.0,always_correct
pythia-410m,medium,215,15,15,0.5721992174784343,1.0,always_correct
pythia-410m,medium,216,15,15,0.3335268049190442,1.0,always_correct
pythia-410m,medium,217,15,15,0.49893919254342717,1.0,always_correct
pythia-410m,medium,218,15,15,0.4251896947622299,1.0,always_correct
pythia-410m,medium,219,15,14,0.38951583082477254,0.9333333333333333,variable
pythia-410m,medium,220,15,15,0.4151457836230596,1.0,always_correct
pythia-410m,medium,221,15,15,0.5197708636522294,1.0,always_correct
pythia-410m,medium,222,15,15,0.46089649945497513,1.0,always_correct
pythia-410m,medium,223,15,6,0.20272254347801208,0.4,variable
pythia-410m,medium,224,15,9,0.1980126937230428,0.6,variable
pythia-410m,very_high,0,15,15,0.6114671299854915,1.0,always_correct
pythia-410m,very_high,1,15,15,0.44154087553421656,1.0,always_correct
pythia-410m,very_high,2,15,15,0.37311434348424277,1.0,always_correct
pythia-410m,very_high,3,15,15,0.6126602411270141,1.0,always_correct
pythia-410m,very_high,4,15,15,0.6043503365168968,1.0,always_correct
pythia-410m,very_high,5,15,11,0.14095790386199952,0.7333333333333333,variable
pythia-410m,very_high,6,15,15,0.713400928179423,1.0,always_correct
pythia-410m,very_high,7,15,15,0.618899401028951,1.0,always_correct
pythia-410m,very_high,8,15,13,0.4220457802216212,0.8666666666666667,variable
pythia-410m,very_high,9,15,15,0.4453659822543462,1.0,always_correct
pythia-410m,very_high,10,15,15,0.7279139200846354,1.0,always_correct
pythia-410m,very_high,11,15,15,0.4148442635933558,1.0,always_correct
pythia-410m,very_high,12,15,15,0.4182996799548467,1.0,always_correct
pythia-410m,very_high,13,15,11,0.41451403374473256,0.7333333333333333,variable
pythia-410m,very_high,14,15,10,0.21679909188921254,0.6666666666666666,variable
pythia-410m,very_high,15,15,15,0.5041972597440084,1.0,always_correct
pythia-410m,very_high,16,15,9,0.15546105255683262,0.6,variable
pythia-410m,very_high,17,15,15,0.6344523777564367,1.0,always_correct
pythia-410m,very_high,18,15,15,0.582218607266744,1.0,always_correct
pythia-410m,very_high,19,15,15,0.6635140200455983,1.0,always_correct
pythia-410m,very_high,20,15,15,0.3356909150878588,1.0,always_correct
pythia-410m,very_high,21,15,13,0.37753657847642896,0.8666666666666667,variable
pythia-410m,very_high,22,15,15,0.3461826389034589,1.0,always_correct
pythia-410m,very_high,23,15,15,0.529093341032664,1.0,always_correct
pythia-410m,very_high,24,15,15,0.2884546806414922,1.0,always_correct
pythia-410m,very_high,25,15,15,0.3681780139605204,1.0,always_correct
pythia-410m,very_high,26,15,13,0.41358326288561026,0.8666666666666667,variable
pythia-410m,very_high,27,15,14,0.284480569511652,0.9333333333333333,variable
pythia-410m,very_high,28,15,15,0.28911724040905634,1.0,always_correct
pythia-410m,very_high,29,15,15,0.44834806621074674,1.0,always_correct
pythia-410m,very_high,30,15,15,0.5791641195615133,1.0,always_correct
pythia-410m,very_high,31,15,15,0.4630859052141508,1.0,always_correct
pythia-410m,very_high,32,15,15,0.5621366942922275,1.0,always_correct
pythia-410m,very_high,33,15,15,0.35044622321923574,1.0,always_correct
pythia-410m,very_high,34,15,15,0.690284256140391,1.0,always_correct
pythia-410m,very_high,35,15,15,0.26290612618128456,1.0,always_correct
pythia-410m,very_high,36,15,15,0.4659965654214223,1.0,always_correct
pythia-410m,very_high,37,15,14,0.2735899026195208,0.9333333333333333,variable
pythia-410m,very_high,38,15,15,0.5635904863476753,1.0,always_correct
pythia-410m,very_high,39,15,15,0.3577730084458987,1.0,always_correct
pythia-410m,very_high,40,15,15,0.16588457847634952,1.0,always_correct
pythia-410m,very_high,41,15,15,0.43457783162593844,1.0,always_correct
pythia-410m,very_high,42,15,15,0.2975993399818738,1.0,always_correct
pythia-410m,very_high,43,15,8,0.09375510194804519,0.5333333333333333,variable
pythia-410m,very_high,44,15,12,0.2275010588268439,0.8,variable
pythia-410m,very_high,45,15,7,0.24176269261709724,0.4666666666666667,variable
pythia-410m,very_high,46,15,15,0.4659390310446421,1.0,always_correct
pythia-410m,very_high,47,15,15,0.5711506615082423,1.0,always_correct
pythia-410m,very_high,48,15,14,0.4258249454200268,0.9333333333333333,variable
pythia-410m,very_high,49,15,15,0.2958681503931681,1.0,always_correct
pythia-410m,very_high,50,15,15,0.4924861644705137,1.0,always_correct
pythia-410m,very_high,51,15,14,0.24892458607403872,0.9333333333333333,variable
pythia-410m,very_high,52,15,15,0.39259192496538164,1.0,always_correct
pythia-410m,very_high,53,15,15,0.3449966231981913,1.0,always_correct
pythia-410m,very_high,54,15,13,0.3634327746927738,0.8666666666666667,variable
pythia-410m,very_high,55,15,15,0.36948162416617075,1.0,always_correct
pythia-410m,very_high,56,15,15,0.625749534368515,1.0,always_correct
pythia-410m,very_high,57,15,15,0.614658984541893,1.0,always_correct
pythia-410m,very_high,58,15,15,0.2638186618685722,1.0,always_correct
pythia-410m,very_high,59,15,15,0.5425730089346568,1.0,always_correct
pythia-410m,very_high,60,15,15,0.5958360572655995,1.0,always_correct
pythia-410m,very_high,61,15,15,0.36303572605053586,1.0,always_correct
pythia-410m,very_high,62,15,15,0.5368253350257873,1.0,always_correct
pythia-410m,very_high,63,15,15,0.541708567738533,1.0,always_correct
pythia-410m,very_high,64,15,15,0.5826584060986837,1.0,always_correct
pythia-410m,very_high,65,15,15,0.5617223143577575,1.0,always_correct
pythia-410m,very_high,66,15,15,0.46800372103850046,1.0,always_correct
pythia-410m,very_high,67,15,15,0.4907466799020767,1.0,always_correct
pythia-410m,very_high,68,15,15,0.6489313920338948,1.0,always_correct
pythia-410m,very_high,69,15,15,0.4748514453570048,1.0,always_correct
pythia-410m,very_high,70,15,14,0.17018469435473282,0.9333333333333333,variable
pythia-410m,very_high,71,15,15,0.3082834808776776,1.0,always_correct
pythia-410m,very_high,72,15,15,0.4601269721984863,1.0,always_correct
pythia-410m,very_high,73,15,15,0.29306009113788606,1.0,always_correct
pythia-410m,very_high,74,15,15,0.5554472928245863,1.0,always_correct
pythia-410m,very_high,75,15,15,0.3252571955323219,1.0,always_correct
pythia-410m,very_high,76,15,15,0.4632044851779938,1.0,always_correct
pythia-410m,very_high,77,15,15,0.4839294036229452,1.0,always_correct
pythia-410m,very_high,78,15,15,0.5073671758174896,1.0,always_correct
pythia-410m,very_high,79,15,15,0.3894705551366011,1.0,always_correct
pythia-410m,very_high,80,15,15,0.4445474480589231,1.0,always_correct
pythia-410m,very_high,81,15,15,0.5223900636037191,1.0,always_correct
pythia-410m,very_high,82,15,15,0.4746627469857534,1.0,always_correct
pythia-410m,very_high,83,15,14,0.40920240233341854,0.9333333333333333,variable
pythia-410m,very_high,84,15,9,0.19712030325705807,0.6,variable
pythia-410m,very_high,85,15,15,0.3596129444738229,1.0,always_correct
pythia-410m,very_high,86,15,15,0.469302145888408,1.0,always_correct
pythia-410m,very_high,87,15,15,0.4871043711900711,1.0,always_correct
pythia-410m,very_high,88,15,15,0.4219958355029424,1.0,always_correct
pythia-410m,very_high,89,15,15,0.34547388230760895,1.0,always_correct
pythia-410m,very_high,90,15,11,0.0994120395431916,0.7333333333333333,variable
pythia-410m,very_high,91,15,15,0.4742321491241455,1.0,always_correct
pythia-410m,very_high,92,15,15,0.3421525890628497,1.0,always_correct
pythia-410m,very_high,93,15,12,0.1907542385160923,0.8,variable
pythia-410m,very_high,94,15,15,0.2131882314880689,1.0,always_correct
pythia-410m,very_high,95,15,15,0.49674616356690726,1.0,always_correct
pythia-410m,very_high,96,15,15,0.3622644032041232,1.0,always_correct
pythia-410m,very_high,97,15,15,0.4798118144273758,1.0,always_correct
pythia-410m,very_high,98,15,15,0.28044275045394895,1.0,always_correct
pythia-410m,very_high,99,15,13,0.3251234774788221,0.8666666666666667,variable
pythia-410m,very_high,100,15,15,0.6425081570943196,1.0,always_correct
pythia-410m,very_high,101,15,15,0.6223558187484741,1.0,always_correct
pythia-410m,very_high,102,15,15,0.4874549185236295,1.0,always_correct
pythia-410m,very_high,103,15,15,0.42511823376019797,1.0,always_correct
pythia-410m,very_high,104,15,15,0.41427142967780434,1.0,always_correct
pythia-410m,very_high,105,15,15,0.30620133578777314,1.0,always_correct
pythia-410m,very_high,106,15,15,0.6337185978889466,1.0,always_correct
pythia-410m,very_high,107,15,15,0.41617000500361123,1.0,always_correct
pythia-410m,very_high,108,15,13,0.38093136384462317,0.8666666666666667,variable
pythia-410m,very_high,109,15,15,0.7234369138876597,1.0,always_correct
pythia-410m,very_high,110,15,15,0.6201351284980774,1.0,always_correct
pythia-410m,very_high,111,15,15,0.51565975745519,1.0,always_correct
pythia-410m,very_high,112,15,15,0.5764493266741435,1.0,always_correct
pythia-410m,very_high,113,15,15,0.5406938602526983,1.0,always_correct
pythia-410m,very_high,114,15,14,0.1927768498659134,0.9333333333333333,variable
pythia-410m,very_high,115,15,15,0.5601153949896495,1.0,always_correct
pythia-410m,very_high,116,15,15,0.40768177310625714,1.0,always_correct
pythia-410m,very_high,117,15,13,0.3287318470577399,0.8666666666666667,variable
pythia-410m,very_high,118,15,15,0.4315219541390737,1.0,always_correct
pythia-410m,very_high,119,15,12,0.22069322057068347,0.8,variable
pythia-410m,very_high,120,15,15,0.32479451795419056,1.0,always_correct
pythia-410m,very_high,121,15,10,0.14528896510601044,0.6666666666666666,variable
pythia-410m,very_high,122,15,14,0.41329592242836954,0.9333333333333333,variable
pythia-410m,very_high,123,15,15,0.5218374371528626,1.0,always_correct
pythia-410m,very_high,124,15,15,0.4180383135875066,1.0,always_correct
pythia-410m,very_high,125,15,15,0.4466967759033044,1.0,always_correct
pythia-410m,very_high,126,15,15,0.5646882692972819,1.0,always_correct
pythia-410m,very_high,127,15,13,0.4731656656910976,0.8666666666666667,variable
pythia-410m,very_high,128,15,15,0.36418644388516747,1.0,always_correct
pythia-410m,very_high,129,15,15,0.5150736530621847,1.0,always_correct
pythia-410m,very_high,130,15,15,0.4201467953622341,1.0,always_correct
pythia-410m,very_high,131,15,15,0.49737053612867993,1.0,always_correct
pythia-410m,very_high,132,15,15,0.6275571788350741,1.0,always_correct
pythia-410m,very_high,133,15,15,0.7135723948478698,1.0,always_correct
pythia-410m,very_high,134,15,11,0.26921075185139975,0.7333333333333333,variable
pythia-410m,very_high,135,15,15,0.40328007489442824,1.0,always_correct
pythia-410m,very_high,136,15,15,0.6676289002100627,1.0,always_correct
pythia-410m,very_high,137,15,14,0.325277658055226,0.9333333333333333,variable
pythia-410m,very_high,138,15,15,0.6964666843414307,1.0,always_correct
pythia-410m,very_high,139,15,15,0.45426327486832935,1.0,always_correct
pythia-410m,very_high,140,15,15,0.684404722849528,1.0,always_correct
pythia-410m,very_high,141,15,8,0.3093210841839512,0.5333333333333333,variable
pythia-410m,very_high,142,15,15,0.42915207346280415,1.0,always_correct
pythia-410m,very_high,143,15,15,0.31686000724633534,1.0,always_correct
pythia-410m,very_high,144,15,15,0.3319534840683142,1.0,always_correct
pythia-410m,very_high,145,15,14,0.2688625687112411,0.9333333333333333,variable
pythia-410m,very_high,146,15,15,0.4409758138159911,1.0,always_correct
pythia-410m,very_high,147,15,15,0.4263974532485008,1.0,always_correct
pythia-410m,very_high,148,15,15,0.47783175657192867,1.0,always_correct
pythia-410m,very_high,149,15,14,0.23680013939738273,0.9333333333333333,variable
pythia-410m,very_high,150,15,14,0.24515622879068058,0.9333333333333333,variable
pythia-410m,very_high,151,15,15,0.4777590334415436,1.0,always_correct
pythia-410m,very_high,152,15,12,0.3894493990888198,0.8,variable
pythia-410m,very_high,153,15,15,0.5327159533898036,1.0,always_correct
pythia-410m,very_high,154,15,10,0.31578738378981747,0.6666666666666666,variable
pythia-410m,very_high,155,15,15,0.5488203495740891,1.0,always_correct
pythia-410m,very_high,156,15,15,0.3617806702852249,1.0,always_correct
pythia-410m,very_high,157,15,6,0.1110229802938799,0.4,variable
pythia-410m,very_high,158,15,10,0.3207393098622561,0.6666666666666666,variable
pythia-410m,very_high,159,15,15,0.32405539924899734,1.0,always_correct
pythia-410m,very_high,160,15,15,0.3706624632080396,1.0,always_correct
pythia-410m,very_high,161,15,15,0.7288725952307383,1.0,always_correct
pythia-410m,very_high,162,15,15,0.6011957397063573,1.0,always_correct
pythia-410m,very_high,163,15,15,0.5402970592180888,1.0,always_correct
pythia-410m,very_high,164,15,15,0.4123214582602183,1.0,always_correct
pythia-410m,very_high,165,15,14,0.15974123080571492,0.9333333333333333,variable
pythia-410m,very_high,166,15,13,0.3774159085005522,0.8666666666666667,variable
pythia-410m,very_high,167,15,14,0.5259450592100621,0.9333333333333333,variable
pythia-410m,very_high,168,15,15,0.4865394522746404,1.0,always_correct
pythia-410m,very_high,169,15,15,0.5555148214101792,1.0,always_correct
pythia-410m,very_high,170,15,15,0.5224428494771322,1.0,always_correct
pythia-410m,very_high,171,15,12,0.3279608979821205,0.8,variable
pythia-410m,very_high,172,15,15,0.5764967769384384,1.0,always_correct
pythia-410m,very_high,173,15,15,0.7461278269688288,1.0,always_correct
pythia-410m,very_high,174,15,15,0.3564781370262305,1.0,always_correct
pythia-410m,very_high,175,15,15,0.3209872543811798,1.0,always_correct
pythia-410m,very_high,176,15,15,0.660838520526886,1.0,always_correct
pythia-410m,very_high,177,15,15,0.38089522620042165,1.0,always_correct
pythia-410m,very_high,178,15,15,0.2391291543841362,1.0,always_correct
pythia-410m,very_high,179,15,14,0.454093903338071,0.9333333333333333,variable
pythia-410m,very_high,180,15,15,0.2092535648494959,1.0,always_correct
pythia-410m,very_high,181,15,15,0.3718204120794932,1.0,always_correct
pythia-410m,very_high,182,15,15,0.522996504108111,1.0,always_correct
pythia-410m,very_high,183,15,15,0.4466398765643438,1.0,always_correct
pythia-410m,very_high,184,15,14,0.3278263082106908,0.9333333333333333,variable
pythia-410m,very_high,185,15,15,0.5198711971441905,1.0,always_correct
pythia-410m,very_high,186,15,15,0.5544561207294464,1.0,always_correct
pythia-410m,very_high,187,15,15,0.4057229508956273,1.0,always_correct
pythia-410m,very_high,188,15,10,0.30268296456585325,0.6666666666666666,variable
pythia-410m,very_high,189,15,15,0.5795915275812149,1.0,always_correct
pythia-410m,very_high,190,15,15,0.4497730245192846,1.0,always_correct
pythia-410m,very_high,191,15,10,0.3294840884394944,0.6666666666666666,variable
pythia-410m,very_high,192,15,15,0.532374961177508,1.0,always_correct
pythia-410m,very_high,193,15,15,0.5424528946479161,1.0,always_correct
pythia-410m,very_high,194,15,15,0.46797207593917844,1.0,always_correct
pythia-410m,very_high,195,15,15,0.569899261991183,1.0,always_correct
pythia-410m,very_high,196,15,15,0.5141916319727897,1.0,always_correct
pythia-410m,very_high,197,15,10,0.30559887873629726,0.6666666666666666,variable
pythia-410m,very_high,198,15,15,0.7705081085364024,1.0,always_correct
pythia-410m,very_high,199,15,14,0.13328244735797246,0.9333333333333333,variable
pythia-410m,very_high,200,15,15,0.3885824600855509,1.0,always_correct
pythia-410m,very_high,201,15,15,0.6795750816663106,1.0,always_correct
pythia-410m,very_high,202,15,15,0.3831315202017625,1.0,always_correct
pythia-410m,very_high,203,15,13,0.3088438791533311,0.8666666666666667,variable
pythia-410m,very_high,204,15,12,0.24182249332467715,0.8,variable
pythia-410m,very_high,205,15,15,0.3767624109983444,1.0,always_correct
pythia-410m,very_high,206,15,15,0.7594493985176086,1.0,always_correct
pythia-410m,very_high,207,15,14,0.2547729965299368,0.9333333333333333,variable
pythia-410m,very_high,208,15,15,0.5250393792986869,1.0,always_correct
pythia-410m,very_high,209,15,12,0.18748882260794442,0.8,variable
pythia-410m,very_high,210,15,15,0.3274992396434148,1.0,always_correct
pythia-410m,very_high,211,15,15,0.45534500082333884,1.0,always_correct
pythia-410m,very_high,212,15,15,0.3329857508341471,1.0,always_correct
pythia-410m,very_high,213,15,15,0.8524266481399536,1.0,always_correct
pythia-410m,very_high,214,15,15,0.4670020014047623,1.0,always_correct
pythia-410m,very_high,215,15,15,0.39459751000006993,1.0,always_correct
pythia-410m,very_high,216,15,15,0.5145120263099671,1.0,always_correct
pythia-410m,very_high,217,15,15,0.6915863305330276,1.0,always_correct
pythia-410m,very_high,218,15,15,0.4852277606725693,1.0,always_correct
pythia-410m,very_high,219,15,15,0.38784909173846244,1.0,always_correct
pythia-410m,very_high,220,15,15,0.5551552961270014,1.0,always_correct
pythia-410m,very_high,221,15,15,0.5805512686570485,1.0,always_correct
pythia-410m,very_high,222,15,11,0.18780442758773763,0.7333333333333333,variable
pythia-410m,very_high,223,15,15,0.6064164847135544,1.0,always_correct
pythia-410m,very_high,224,15,15,0.5743759294350942,1.0,always_correct
pythia-70m,control,0,15,8,0.10170877669006587,0.5333333333333333,variable
pythia-70m,control,1,15,5,0.06151666223692397,0.3333333333333333,variable
pythia-70m,control,2,15,12,0.28517745782931647,0.8,variable
pythia-70m,control,3,15,12,0.16254719194645684,0.8,variable
pythia-70m,control,4,15,9,0.2532484436718126,0.6,variable
pythia-70m,control,5,15,11,0.21405478206773598,0.7333333333333333,variable
pythia-70m,control,6,15,14,0.26275164633989334,0.9333333333333333,variable
pythia-70m,control,7,15,6,0.14720313505580027,0.4,variable
pythia-70m,control,8,15,13,0.236156086375316,0.8666666666666667,variable
pythia-70m,control,9,15,9,0.12276597660093103,0.6,variable
pythia-70m,control,10,15,10,0.18172616778562467,0.6666666666666666,variable
pythia-70m,control,11,15,4,0.09695217666500563,0.26666666666666666,variable
pythia-70m,control,12,15,12,0.31212862258156143,0.8,variable
pythia-70m,control,13,15,5,0.20040898211300373,0.3333333333333333,variable
pythia-70m,control,14,15,12,0.16506204307079314,0.8,variable
pythia-70m,control,15,15,6,0.12067226363966863,0.4,variable
pythia-70m,control,16,15,5,0.10346013347728635,0.3333333333333333,variable
pythia-70m,control,17,15,0,0.018291128302613893,0.0,always_wrong
pythia-70m,control,18,15,9,0.1434467876640459,0.6,variable
pythia-70m,control,19,15,4,0.0786391387693584,0.26666666666666666,variable
pythia-70m,control,20,15,1,0.01615157537162304,0.06666666666666667,variable
pythia-70m,control,21,15,5,0.09544605035334826,0.3333333333333333,variable
pythia-70m,control,22,15,5,0.07088623487810158,0.3333333333333333,variable
pythia-70m,control,23,15,2,0.012143246744138499,0.13333333333333333,variable
pythia-70m,control,24,15,2,0.029479538121571145,0.13333333333333333,variable
pythia-70m,control,25,15,5,0.07230166741283028,0.3333333333333333,variable
pythia-70m,control,26,15,10,0.43221848300890997,0.6666666666666666,variable
pythia-70m,control,27,15,9,0.1266998968174448,0.6,variable
pythia-70m,control,28,15,0,0.006515287126724919,0.0,always_wrong
pythia-70m,control,29,15,0,0.016442447328881827,0.0,always_wrong
pythia-70m,control,30,15,6,0.1794275799455742,0.4,variable
pythia-70m,control,31,15,10,0.281077687353536,0.6666666666666666,variable
pythia-70m,control,32,15,5,0.07163150048969934,0.3333333333333333,variable
pythia-70m,control,33,15,9,0.15399919700575992,0.6,variable
pythia-70m,control,34,15,10,0.33084875835726657,0.6666666666666666,variable
pythia-70m,control,35,15,13,0.11380569189786911,0.8666666666666667,variable
pythia-70m,control,36,15,9,0.1561537622163693,0.6,variable
pythia-70m,control,37,15,0,0.030760911386460067,0.0,always_wrong
pythia-70m,control,38,15,15,0.2597698763012886,1.0,always_correct
pythia-70m,control,39,15,5,0.19086214038543403,0.3333333333333333,variable
pythia-70m,control,40,15,14,0.343532906472683,0.9333333333333333,variable
pythia-70m,control,41,15,15,0.3955149973432223,1.0,always_correct
pythia-70m,control,42,15,10,0.2826498585466955,0.6666666666666666,variable
pythia-70m,control,43,15,10,0.15476294988766312,0.6666666666666666,variable
pythia-70m,control,44,15,10,0.3017861693476637,0.6666666666666666,variable
pythia-70m,control,45,15,9,0.2506712505593896,0.6,variable
pythia-70m,control,46,15,10,0.37386324858913816,0.6666666666666666,variable
pythia-70m,control,47,15,5,0.078553232899867,0.3333333333333333,variable
pythia-70m,control,48,15,9,0.25389890869458515,0.6,variable
pythia-70m,control,49,15,10,0.1630704008663694,0.6666666666666666,variable
pythia-70m,control,50,15,0,0.006464777999402334,0.0,always_wrong
pythia-70m,control,51,15,2,0.0393902488052845,0.13333333333333333,variable
pythia-70m,control,52,15,7,0.30724208454291024,0.4666666666666667,variable
pythia-70m,control,53,15,5,0.12620997820437577,0.3333333333333333,variable
pythia-70m,control,54,15,5,0.25135557442748296,0.3333333333333333,variable
pythia-70m,control,55,15,8,0.22723074386885855,0.5333333333333333,variable
pythia-70m,control,56,15,10,0.1576477665611795,0.6666666666666666,variable
pythia-70m,control,57,15,7,0.13668816100495557,0.4666666666666667,variable
pythia-70m,control,58,15,10,0.3508182065871855,0.6666666666666666,variable
pythia-70m,control,59,15,13,0.3298159040510654,0.8666666666666667,variable
pythia-70m,control,60,15,13,0.3298885300755501,0.8666666666666667,variable
pythia-70m,control,61,15,8,0.23505655028857292,0.5333333333333333,variable
pythia-70m,control,62,15,5,0.15098903727594007,0.3333333333333333,variable
pythia-70m,control,63,15,14,0.3274681220451991,0.9333333333333333,variable
pythia-70m,control,64,15,7,0.0982979736989364,0.4666666666666667,variable
pythia-70m,control,65,15,9,0.1606042142957449,0.6,variable
pythia-70m,control,66,15,8,0.09069367398818334,0.5333333333333333,variable
pythia-70m,control,67,15,2,0.04853430947387096,0.13333333333333333,variable
pythia-70m,control,68,15,5,0.055720473509669924,0.3333333333333333,variable
pythia-70m,control,69,15,0,0.02387973595565806,0.0,always_wrong
pythia-70m,control,70,15,9,0.29779011954863865,0.6,variable
pythia-70m,control,71,15,14,0.21536907541255157,0.9333333333333333,variable
pythia-70m,control,72,15,11,0.09353985513250034,0.7333333333333333,variable
pythia-70m,control,73,15,8,0.10089212390545678,0.5333333333333333,variable
pythia-70m,control,74,15,11,0.2761562620600065,0.7333333333333333,variable
pythia-70m,control,75,15,10,0.16946442602711614,0.6666666666666666,variable
pythia-70m,control,76,15,15,0.5316584219535192,1.0,always_correct
pythia-70m,control,77,15,11,0.1841780665020148,0.7333333333333333,variable
pythia-70m,control,78,15,4,0.18226467457910378,0.26666666666666666,variable
pythia-70m,control,79,15,3,0.029645333808487825,0.2,variable
pythia-70m,control,80,15,11,0.4122886118789514,0.7333333333333333,variable
pythia-70m,control,81,15,1,0.04481930372615655,0.06666666666666667,variable
pythia-70m,control,82,15,13,0.5129590849081676,0.8666666666666667,variable
pythia-70m,control,83,15,3,0.0769709429393212,0.2,variable
pythia-70m,control,84,15,15,0.5319219569365183,1.0,always_correct
pythia-70m,control,85,15,0,0.00383087945325921,0.0,always_wrong
pythia-70m,control,86,15,10,0.3026199814767703,0.6666666666666666,variable
pythia-70m,control,87,15,10,0.3900042429566383,0.6666666666666666,variable
pythia-70m,control,88,15,10,0.2048580447890951,0.6666666666666666,variable
pythia-70m,control,89,15,6,0.1118884913623333,0.4,variable
pythia-70m,control,90,15,5,0.296306962473318,0.3333333333333333,variable
pythia-70m,control,91,15,7,0.15098452180973254,0.4666666666666667,variable
pythia-70m,control,92,15,9,0.18260120076947714,0.6,variable
pythia-70m,control,93,15,10,0.1634548464169105,0.6666666666666666,variable
pythia-70m,control,94,15,6,0.08100906581482074,0.4,variable
pythia-70m,control,95,15,10,0.28459056466817856,0.6666666666666666,variable
pythia-70m,control,96,15,5,0.18749557898069422,0.3333333333333333,variable
pythia-70m,control,97,15,4,0.04867803238224345,0.26666666666666666,variable
pythia-70m,control,98,15,5,0.07350955300159209,0.3333333333333333,variable
pythia-70m,control,99,15,5,0.09667870067059994,0.3333333333333333,variable
pythia-70m,control,100,15,4,0.08128736146172741,0.26666666666666666,variable
pythia-70m,control,101,15,15,0.5380878825982411,1.0,always_correct
pythia-70m,control,102,15,9,0.18666629220048586,0.6,variable
pythia-70m,control,103,15,10,0.22863511713221668,0.6666666666666666,variable
pythia-70m,control,104,15,14,0.2280255580941836,0.9333333333333333,variable
pythia-70m,control,105,15,8,0.15206161644358265,0.5333333333333333,variable
pythia-70m,control,106,15,1,0.0267417116319848,0.06666666666666667,variable
pythia-70m,control,107,15,5,0.1758271753268976,0.3333333333333333,variable
pythia-70m,control,108,15,9,0.18517924323678017,0.6,variable
pythia-70m,control,109,15,13,0.2081687819212675,0.8666666666666667,variable
pythia-70m,control,110,15,10,0.11324600200168788,0.6666666666666666,variable
pythia-70m,control,111,15,6,0.07197033800184727,0.4,variable
pythia-70m,control,112,15,4,0.12799227483725797,0.26666666666666666,variable
pythia-70m,control,113,15,13,0.38222151100635526,0.8666666666666667,variable
pythia-70m,control,114,15,10,0.24867930660645168,0.6666666666666666,variable
pythia-70m,control,115,15,15,0.31818841050068536,1.0,always_correct
pythia-70m,control,116,15,8,0.13075162060558795,0.5333333333333333,variable
pythia-70m,control,117,15,15,0.25052835593620937,1.0,always_correct
pythia-70m,control,118,15,0,0.02223603194579482,0.0,always_wrong
pythia-70m,control,119,15,10,0.30592521231543895,0.6666666666666666,variable
pythia-70m,control,120,15,10,0.3131290838466763,0.6666666666666666,variable
pythia-70m,control,121,15,1,0.021945361597075438,0.06666666666666667,variable
pythia-70m,control,122,15,0,0.039344334478179616,0.0,always_wrong
pythia-70m,control,123,15,5,0.21856725485995412,0.3333333333333333,variable
pythia-70m,control,124,15,10,0.5124515526006387,0.6666666666666666,variable
pythia-70m,control,125,15,3,0.07109203970370194,0.2,variable
pythia-70m,control,126,15,10,0.3559606889883677,0.6666666666666666,variable
pythia-70m,control,127,15,6,0.09081342866611522,0.4,variable
pythia-70m,control,128,15,5,0.11067836140282453,0.3333333333333333,variable
pythia-70m,control,129,15,4,0.05564317818110188,0.26666666666666666,variable
pythia-70m,control,130,15,0,0.01043959974304774,0.0,always_wrong
pythia-70m,control,131,15,5,0.1034328571210305,0.3333333333333333,variable
pythia-70m,control,132,15,10,0.19068556161655578,0.6666666666666666,variable
pythia-70m,control,133,15,5,0.18337069812750997,0.3333333333333333,variable
pythia-70m,control,134,15,5,0.1710662522915906,0.3333333333333333,variable
pythia-70m,control,135,15,0,0.014923262013568698,0.0,always_wrong
pythia-70m,control,136,15,12,0.4682978123426437,0.8,variable
pythia-70m,control,137,15,2,0.03565434972518536,0.13333333333333333,variable
pythia-70m,control,138,15,10,0.09561616064359744,0.6666666666666666,variable
pythia-70m,control,139,15,8,0.11830056527784714,0.5333333333333333,variable
pythia-70m,control,140,15,9,0.32631420468290645,0.6,variable
pythia-70m,control,141,15,5,0.07972031653237839,0.3333333333333333,variable
pythia-70m,control,142,15,2,0.0398388251487025,0.13333333333333333,variable
pythia-70m,control,143,15,10,0.5101965064249574,0.6666666666666666,variable
pythia-70m,control,144,15,6,0.17308656213184198,0.4,variable
pythia-70m,control,145,15,7,0.20091203709210578,0.4666666666666667,variable
pythia-70m,control,146,15,12,0.21939681669076283,0.8,variable
pythia-70m,control,147,15,0,0.013970128761138767,0.0,always_wrong
pythia-70m,control,148,15,4,0.044233081575172646,0.26666666666666666,variable
pythia-70m,control,149,15,5,0.12508367849513888,0.3333333333333333,variable
pythia-70m,control,150,15,3,0.11874988046571767,0.2,variable
pythia-70m,control,151,15,1,0.03578830286860466,0.06666666666666667,variable
pythia-70m,control,152,15,1,0.014053705296343347,0.06666666666666667,variable
pythia-70m,control,153,15,0,0.01847910623473581,0.0,always_wrong
pythia-70m,control,154,15,10,0.23606531141946713,0.6666666666666666,variable
pythia-70m,control,155,15,10,0.19347212620195933,0.6666666666666666,variable
pythia-70m,control,156,15,7,0.05547781415904562,0.4666666666666667,variable
pythia-70m,control,157,15,11,0.18849905054667032,0.7333333333333333,variable
pythia-70m,control,158,15,9,0.2426606295009454,0.6,variable
pythia-70m,control,159,15,14,0.2908103048801422,0.9333333333333333,variable
pythia-70m,control,160,15,5,0.111299888236681,0.3333333333333333,variable
pythia-70m,control,161,15,5,0.138650535990746,0.3333333333333333,variable
pythia-70m,control,162,15,4,0.10876819603145123,0.26666666666666666,variable
pythia-70m,control,163,15,10,0.21334524415433406,0.6666666666666666,variable
pythia-70m,control,164,15,8,0.14554186891764403,0.5333333333333333,variable
pythia-70m,control,165,15,5,0.15837650522589683,0.3333333333333333,variable
pythia-70m,control,166,15,5,0.12681751511991024,0.3333333333333333,variable
pythia-70m,control,167,15,6,0.03145613548767869,0.4,variable
pythia-70m,control,168,15,5,0.06279370010185327,0.3333333333333333,variable
pythia-70m,control,169,15,6,0.19349760338664054,0.4,variable
pythia-70m,control,170,15,0,0.0024622113628235335,0.0,always_wrong
pythia-70m,control,171,15,4,0.16720298488920282,0.26666666666666666,variable
pythia-70m,control,172,15,10,0.38131170444345724,0.6666666666666666,variable
pythia-70m,control,173,15,4,0.037951002828776836,0.26666666666666666,variable
pythia-70m,control,174,15,5,0.06443177485449875,0.3333333333333333,variable
pythia-70m,control,175,15,5,0.263051445348295,0.3333333333333333,variable
pythia-70m,control,176,15,4,0.09275243471687039,0.26666666666666666,variable
pythia-70m,control,177,15,7,0.2839799774888282,0.4666666666666667,variable
pythia-70m,control,178,15,8,0.18404347769295176,0.5333333333333333,variable
pythia-70m,control,179,15,15,0.5105854372183481,1.0,always_correct
pythia-70m,control,180,15,6,0.18841187562793493,0.4,variable
pythia-70m,control,181,15,5,0.15027236208309963,0.3333333333333333,variable
pythia-70m,control,182,15,8,0.1815676196490434,0.5333333333333333,variable
pythia-70m,control,183,15,10,0.14900937196798622,0.6666666666666666,variable
pythia-70m,control,184,15,13,0.2942202796538671,0.8666666666666667,variable
pythia-70m,control,185,15,0,0.002735501935785578,0.0,always_wrong
pythia-70m,control,186,15,9,0.10372188246498505,0.6,variable
pythia-70m,control,187,15,5,0.05290370726531061,0.3333333333333333,variable
pythia-70m,control,188,15,15,0.3090200280149778,1.0,always_correct
pythia-70m,control,189,15,5,0.07306624420840914,0.3333333333333333,variable
pythia-70m,control,190,15,9,0.1601530455208073,0.6,variable
pythia-70m,control,191,15,15,0.3713200072447459,1.0,always_correct
pythia-70m,control,192,15,4,0.1407666143340369,0.26666666666666666,variable
pythia-70m,control,193,15,8,0.10086468160152436,0.5333333333333333,variable
pythia-70m,control,194,15,6,0.19988784501329065,0.4,variable
pythia-70m,control,195,15,3,0.0955744681317204,0.2,variable
pythia-70m,control,196,15,5,0.10278212948081394,0.3333333333333333,variable
pythia-70m,control,197,15,6,0.15164102859440998,0.4,variable
pythia-70m,control,198,15,5,0.09013774200927098,0.3333333333333333,variable
pythia-70m,control,199,15,3,0.049499049053216976,0.2,variable
pythia-70m,control,200,15,2,0.054843600870420534,0.13333333333333333,variable
pythia-70m,control,201,15,10,0.3438413175676639,0.6666666666666666,variable
pythia-70m,control,202,15,9,0.25793284335613864,0.6,variable
pythia-70m,control,203,15,4,0.03341028125335773,0.26666666666666666,variable
pythia-70m,control,204,15,12,0.3198291942477226,0.8,variable
pythia-70m,control,205,15,5,0.19410234598132473,0.3333333333333333,variable
pythia-70m,control,206,15,5,0.16567450068735828,0.3333333333333333,variable
pythia-70m,control,207,15,0,0.0020137352315941826,0.0,always_wrong
pythia-70m,control,208,15,13,0.3381102296213309,0.8666666666666667,variable
pythia-70m,control,209,15,7,0.05239611666790248,0.4666666666666667,variable
pythia-70m,control,210,15,5,0.09685481751803308,0.3333333333333333,variable
pythia-70m,control,211,15,5,0.07013923730313157,0.3333333333333333,variable
pythia-70m,control,212,15,4,0.026923961617285386,0.26666666666666666,variable
pythia-70m,control,213,15,5,0.07259032206299404,0.3333333333333333,variable
pythia-70m,control,214,15,2,0.05079689839233955,0.13333333333333333,variable
pythia-70m,control,215,15,8,0.2740423540274302,0.5333333333333333,variable
pythia-70m,control,216,15,9,0.209345910223783,0.6,variable
pythia-70m,control,217,15,10,0.28731165565550326,0.6666666666666666,variable
pythia-70m,control,218,15,8,0.19459802023872422,0.5333333333333333,variable
pythia-70m,control,219,15,10,0.37016267136859826,0.6666666666666666,variable
pythia-70m,control,220,15,12,0.2528114159901937,0.8,variable
pythia-70m,control,221,15,10,0.24870310826227068,0.6666666666666666,variable
pythia-70m,control,222,15,4,0.09744097429017226,0.26666666666666666,variable
pythia-70m,control,223,15,10,0.48119281724624063,0.6666666666666666,variable
pythia-70m,control,224,15,5,0.11901014560401867,0.3333333333333333,variable
pythia-70m,high,0,15,3,0.03428436207480748,0.2,variable
pythia-70m,high,1,15,1,0.032795517480311294,0.06666666666666667,variable
pythia-70m,high,2,15,1,0.007122446022231088,0.06666666666666667,variable
pythia-70m,high,3,15,0,0.004800303947801391,0.0,always_wrong
pythia-70m,high,4,15,15,0.5934933260083198,1.0,always_correct
pythia-70m,high,5,15,6,0.0506347044793074,0.4,variable
pythia-70m,high,6,15,5,0.27066123850866763,0.3333333333333333,variable
pythia-70m,high,7,15,0,0.022435994034943483,0.0,always_wrong
pythia-70m,high,8,15,14,0.5780177637934685,0.9333333333333333,variable
pythia-70m,high,9,15,8,0.09879814170611402,0.5333333333333333,variable
pythia-70m,high,10,15,5,0.1433262249227634,0.3333333333333333,variable
pythia-70m,high,11,15,5,0.11389333622244825,0.3333333333333333,variable
pythia-70m,high,12,15,5,0.15901975785430597,0.3333333333333333,variable
pythia-70m,high,13,15,10,0.27782825734078265,0.6666666666666666,variable
pythia-70m,high,14,15,4,0.054052329466988645,0.26666666666666666,variable
pythia-70m,high,15,15,5,0.18647732492536306,0.3333333333333333,variable
pythia-70m,high,16,15,10,0.18932934727896888,0.6666666666666666,variable
pythia-70m,high,17,15,3,0.034286604552410914,0.2,variable
pythia-70m,high,18,15,9,0.2633563967065735,0.6,variable
pythia-70m,high,19,15,0,0.002799405314362957,0.0,always_wrong
pythia-70m,high,20,15,0,0.0007890809027837046,0.0,always_wrong
pythia-70m,high,21,15,6,0.05777222212030513,0.4,variable
pythia-70m,high,22,15,2,0.019642530347725066,0.13333333333333333,variable
pythia-70m,high,23,15,10,0.08594593492647012,0.6666666666666666,variable
pythia-70m,high,24,15,10,0.2387014225855334,0.6666666666666666,variable
pythia-70m,high,25,15,5,0.06632953087112886,0.3333333333333333,variable
pythia-70m,high,26,15,8,0.08865807028487324,0.5333333333333333,variable
pythia-70m,high,27,15,5,0.0842345232910399,0.3333333333333333,variable
pythia-70m,high,28,15,5,0.03051165930907397,0.3333333333333333,variable
pythia-70m,high,29,15,6,0.07007056960574118,0.4,variable
pythia-70m,high,30,15,9,0.14430217194506742,0.6,variable
pythia-70m,high,31,15,6,0.10253290450200439,0.4,variable
pythia-70m,high,32,15,5,0.06510843707607515,0.3333333333333333,variable
pythia-70m,high,33,15,8,0.3670147526077926,0.5333333333333333,variable
pythia-70m,high,34,15,2,0.035730997170321646,0.13333333333333333,variable
pythia-70m,high,35,15,5,0.16786093525588514,0.3333333333333333,variable
pythia-70m,high,36,15,6,0.12142282048440999,0.4,variable
pythia-70m,high,37,15,10,0.13755679585325803,0.6666666666666666,variable
pythia-70m,high,38,15,0,0.006787982839159668,0.0,always_wrong
pythia-70m,high,39,15,2,0.05281302160971488,0.13333333333333333,variable
pythia-70m,high,40,15,10,0.42878823055652904,0.6666666666666666,variable
pythia-70m,high,41,15,6,0.08103035065966348,0.4,variable
pythia-70m,high,42,15,13,0.2093836020678282,0.8666666666666667,variable
pythia-70m,high,43,15,7,0.2358551042775313,0.4666666666666667,variable
pythia-70m,high,44,15,11,0.14199106975769002,0.7333333333333333,variable
pythia-70m,high,45,15,8,0.22013676837086676,0.5333333333333333,variable
pythia-70m,high,46,15,4,0.10043860152363777,0.26666666666666666,variable
pythia-70m,high,47,15,10,0.0715821680923303,0.6666666666666666,variable
pythia-70m,high,48,15,5,0.20673248693140825,0.3333333333333333,variable
pythia-70m,high,49,15,4,0.08232661189931605,0.26666666666666666,variable
pythia-70m,high,50,15,7,0.2432455938309431,0.4666666666666667,variable
pythia-70m,high,51,15,0,0.04561489681570189,0.0,always_wrong
pythia-70m,high,52,15,0,0.010395666152150321,0.0,always_wrong
pythia-70m,high,53,15,4,0.0451408721661816,0.26666666666666666,variable
pythia-70m,high,54,15,5,0.3101387619196127,0.3333333333333333,variable
pythia-70m,high,55,15,5,0.3126780106346511,0.3333333333333333,variable
pythia-70m,high,56,15,10,0.3595999345049677,0.6666666666666666,variable
pythia-70m,high,57,15,3,0.05126324098394738,0.2,variable
pythia-70m,high,58,15,10,0.35328663726880527,0.6666666666666666,variable
pythia-70m,high,59,15,1,0.05034449385323872,0.06666666666666667,variable
pythia-70m,high,60,15,0,0.0047187873162329195,0.0,always_wrong
pythia-70m,high,61,15,5,0.032347229258933415,0.3333333333333333,variable
pythia-70m,high,62,15,5,0.21100346036831372,0.3333333333333333,variable
pythia-70m,high,63,15,1,0.04016218784381635,0.06666666666666667,variable
pythia-70m,high,64,15,6,0.18909202984068543,0.4,variable
pythia-70m,high,65,15,0,0.04296092422203704,0.0,always_wrong
pythia-70m,high,66,15,6,0.1868241575701783,0.4,variable
pythia-70m,high,67,15,10,0.34534772572030004,0.6666666666666666,variable
pythia-70m,high,68,15,1,0.04191727777166913,0.06666666666666667,variable
pythia-70m,high,69,15,6,0.1691545238252729,0.4,variable
pythia-70m,high,70,15,10,0.310083996783942,0.6666666666666666,variable
pythia-70m,high,71,15,0,0.011065997689487024,0.0,always_wrong
pythia-70m,high,72,15,7,0.12395361161907203,0.4666666666666667,variable
pythia-70m,high,73,15,1,0.01973256548132364,0.06666666666666667,variable
pythia-70m,high,74,15,10,0.18899439056791986,0.6666666666666666,variable
pythia-70m,high,75,15,11,0.27867849357426167,0.7333333333333333,variable
pythia-70m,high,76,15,6,0.07538565949071199,0.4,variable
pythia-70m,high,77,15,0,0.015455610577191692,0.0,always_wrong
pythia-70m,high,78,15,8,0.11619413135146411,0.5333333333333333,variable
pythia-70m,high,79,15,8,0.2577599374577403,0.5333333333333333,variable
pythia-70m,high,80,15,0,0.004188403305791629,0.0,always_wrong
pythia-70m,high,81,15,6,0.09358948543667793,0.4,variable
pythia-70m,high,82,15,3,0.06408715345957414,0.2,variable
pythia-70m,high,83,15,0,0.012753927902152403,0.0,always_wrong
pythia-70m,high,84,15,10,0.5195705379747475,0.6666666666666666,variable
pythia-70m,high,85,15,5,0.0660872980331836,0.3333333333333333,variable
pythia-70m,high,86,15,11,0.253695202494661,0.7333333333333333,variable
pythia-70m,high,87,15,1,0.026331534898781685,0.06666666666666667,variable
pythia-70m,high,88,15,0,0.009105981411024307,0.0,always_wrong
pythia-70m,high,89,15,6,0.10019782171002589,0.4,variable
pythia-70m,high,90,15,1,0.015106234130871598,0.06666666666666667,variable
pythia-70m,high,91,15,15,0.475269386669,1.0,always_correct
pythia-70m,high,92,15,5,0.23544773759337356,0.3333333333333333,variable
pythia-70m,high,93,15,5,0.15177739529014314,0.3333333333333333,variable
pythia-70m,high,94,15,9,0.31563951260698864,0.6,variable
pythia-70m,high,95,15,10,0.2973685526303598,0.6666666666666666,variable
pythia-70m,high,96,15,7,0.25177665427327156,0.4666666666666667,variable
pythia-70m,high,97,15,4,0.04730361101367938,0.26666666666666666,variable
pythia-70m,high,98,15,0,0.0002435598174391392,0.0,always_wrong
pythia-70m,high,99,15,6,0.14539393538143486,0.4,variable
pythia-70m,high,100,15,5,0.12293431963771581,0.3333333333333333,variable
pythia-70m,high,101,15,10,0.2116203979589045,0.6666666666666666,variable
pythia-70m,high,102,15,3,0.0815772305924232,0.2,variable
pythia-70m,high,103,15,7,0.2691726425041755,0.4666666666666667,variable
pythia-70m,high,104,15,15,0.6592212080955505,1.0,always_correct
pythia-70m,high,105,15,14,0.43796991010506947,0.9333333333333333,variable
pythia-70m,high,106,15,13,0.21832330028216043,0.8666666666666667,variable
pythia-70m,high,107,15,10,0.34141767496063646,0.6666666666666666,variable
pythia-70m,high,108,15,10,0.28645189236849544,0.6666666666666666,variable
pythia-70m,high,109,15,9,0.20685590622209324,0.6,variable
pythia-70m,high,110,15,5,0.05859501885327821,0.3333333333333333,variable
pythia-70m,high,111,15,8,0.05504958269751417,0.5333333333333333,variable
pythia-70m,high,112,15,7,0.08455098182506239,0.4666666666666667,variable
pythia-70m,high,113,15,7,0.1229137015917028,0.4666666666666667,variable
pythia-70m,high,114,15,11,0.24137827021380265,0.7333333333333333,variable
pythia-70m,high,115,15,15,0.22343845516443253,1.0,always_correct
pythia-70m,high,116,15,5,0.025438246891765933,0.3333333333333333,variable
pythia-70m,high,117,15,5,0.05584480738422523,0.3333333333333333,variable
pythia-70m,high,118,15,5,0.028125033456793364,0.3333333333333333,variable
pythia-70m,high,119,15,10,0.1641744917879502,0.6666666666666666,variable
pythia-70m,high,120,15,10,0.3614242722425843,0.6666666666666666,variable
pythia-70m,high,121,15,8,0.12827907825509707,0.5333333333333333,variable
pythia-70m,high,122,15,5,0.16734837120323695,0.3333333333333333,variable
pythia-70m,high,123,15,1,0.020127711662401754,0.06666666666666667,variable
pythia-70m,high,124,15,11,0.3774167391161124,0.7333333333333333,variable
pythia-70m,high,125,15,1,0.017835210884610812,0.06666666666666667,variable
pythia-70m,high,126,15,6,0.04739048613979927,0.4,variable
pythia-70m,high,127,15,9,0.20997675508260727,0.6,variable
pythia-70m,high,128,15,3,0.04854311572077374,0.2,variable
pythia-70m,high,129,15,0,0.0036691694889062396,0.0,always_wrong
pythia-70m,high,130,15,7,0.24572144796450932,0.4666666666666667,variable
pythia-70m,high,131,15,5,0.17029938840617737,0.3333333333333333,variable
pythia-70m,high,132,15,5,0.13067875527970804,0.3333333333333333,variable
pythia-70m,high,133,15,10,0.4511766071431339,0.6666666666666666,variable
pythia-70m,high,134,15,3,0.05855280477547543,0.2,variable
pythia-70m,high,135,15,5,0.056590044440235944,0.3333333333333333,variable
pythia-70m,high,136,15,5,0.27668287282188736,0.3333333333333333,variable
pythia-70m,high,137,15,4,0.04983073025941849,0.26666666666666666,variable
pythia-70m,high,138,15,0,0.0017402122476672351,0.0,always_wrong
pythia-70m,high,139,15,4,0.05442910276954838,0.26666666666666666,variable
pythia-70m,high,140,15,4,0.10655704457817591,0.26666666666666666,variable
pythia-70m,high,141,15,0,0.007191629089053701,0.0,always_wrong
pythia-70m,high,142,15,10,0.3458143319934607,0.6666666666666666,variable
pythia-70m,high,143,15,7,0.09218891168517682,0.4666666666666667,variable
pythia-70m,high,144,15,5,0.03321070256254946,0.3333333333333333,variable
pythia-70m,high,145,15,11,0.2996601467331251,0.7333333333333333,variable
pythia-70m,high,146,15,5,0.26433873997005625,0.3333333333333333,variable
pythia-70m,high,147,15,0,0.0013571486614334086,0.0,always_wrong
pythia-70m,high,148,15,4,0.0490389174848436,0.26666666666666666,variable
pythia-70m,high,149,15,6,0.055356224005421,0.4,variable
pythia-70m,high,150,15,5,0.23016359641527137,0.3333333333333333,variable
pythia-70m,high,151,15,15,0.37490861068169273,1.0,always_correct
pythia-70m,high,152,15,8,0.1614896473191038,0.5333333333333333,variable
pythia-70m,high,153,15,2,0.01788649278266045,0.13333333333333333,variable
pythia-70m,high,154,15,10,0.258235378175353,0.6666666666666666,variable
pythia-70m,high,155,15,4,0.05653816418392429,0.26666666666666666,variable
pythia-70m,high,156,15,8,0.09709737983842691,0.5333333333333333,variable
pythia-70m,high,157,15,11,0.2661929056048393,0.7333333333333333,variable
pythia-70m,high,158,15,14,0.34554624731342,0.9333333333333333,variable
pythia-70m,high,159,15,2,0.03201469420552409,0.13333333333333333,variable
pythia-70m,high,160,15,0,0.0032708298191816234,0.0,always_wrong
pythia-70m,high,161,15,7,0.14870775571713846,0.4666666666666667,variable
pythia-70m,high,162,15,12,0.3037047197421392,0.8,variable
pythia-70m,high,163,15,5,0.10389993044858177,0.3333333333333333,variable
pythia-70m,high,164,15,3,0.06775216031819582,0.2,variable
pythia-70m,high,165,15,10,0.30411337287320445,0.6666666666666666,variable
pythia-70m,high,166,15,8,0.17613127939293918,0.5333333333333333,variable
pythia-70m,high,167,15,4,0.027666356420074104,0.26666666666666666,variable
pythia-70m,high,168,15,9,0.1361276131744186,0.6,variable
pythia-70m,high,169,15,5,0.23659760416291345,0.3333333333333333,variable
pythia-70m,high,170,15,5,0.1443038341763895,0.3333333333333333,variable
pythia-70m,high,171,15,7,0.1475274182545642,0.4666666666666667,variable
pythia-70m,high,172,15,5,0.05888498904265968,0.3333333333333333,variable
pythia-70m,high,173,15,6,0.09168153772904285,0.4,variable
pythia-70m,high,174,15,5,0.12850246913731098,0.3333333333333333,variable
pythia-70m,high,175,15,5,0.11216089400089307,0.3333333333333333,variable
pythia-70m,high,176,15,9,0.2184487083538746,0.6,variable
pythia-70m,high,177,15,9,0.2840952529967884,0.6,variable
pythia-70m,high,178,15,4,0.03907780149020255,0.26666666666666666,variable
pythia-70m,high,179,15,9,0.06054535060587417,0.6,variable
pythia-70m,high,180,15,10,0.2436784522763143,0.6666666666666666,variable
pythia-70m,high,181,15,7,0.14761031275277978,0.4666666666666667,variable
pythia-70m,high,182,15,5,0.06788447526996606,0.3333333333333333,variable
pythia-70m,high,183,15,8,0.2094795310248931,0.5333333333333333,variable
pythia-70m,high,184,15,0,0.004060124889171372,0.0,always_wrong
pythia-70m,high,185,15,14,0.34234567259748777,0.9333333333333333,variable
pythia-70m,high,186,15,6,0.13442151040459674,0.4,variable
pythia-70m,high,187,15,9,0.2035485331279536,0.6,variable
pythia-70m,high,188,15,0,0.01759457755324547,0.0,always_wrong
pythia-70m,high,189,15,2,0.024308283712040673,0.13333333333333333,variable
pythia-70m,high,190,15,0,0.01836773675652997,0.0,always_wrong
pythia-70m,high,191,15,0,0.0030652839108370245,0.0,always_wrong
pythia-70m,high,192,15,5,0.07175109550201644,0.3333333333333333,variable
pythia-70m,high,193,15,0,0.0001093321014347263,0.0,always_wrong
pythia-70m,high,194,15,0,0.004194916018180569,0.0,always_wrong
pythia-70m,high,195,15,5,0.12801475842813184,0.3333333333333333,variable
pythia-70m,high,196,15,10,0.13064551067849,0.6666666666666666,variable
pythia-70m,high,197,15,0,0.0006691179706346399,0.0,always_wrong
pythia-70m,high,198,15,8,0.1271323819702957,0.5333333333333333,variable
pythia-70m,high,199,15,8,0.0698653344524549,0.5333333333333333,variable
pythia-70m,high,200,15,14,0.2683232573171457,0.9333333333333333,variable
pythia-70m,high,201,15,15,0.40087628215551374,1.0,always_correct
pythia-70m,high,202,15,4,0.07171798260411985,0.26666666666666666,variable
pythia-70m,high,203,15,6,0.10032151949902375,0.4,variable
pythia-70m,high,204,15,14,0.2508832871603469,0.9333333333333333,variable
pythia-70m,high,205,15,4,0.04303359906383169,0.26666666666666666,variable
pythia-70m,high,206,15,0,0.0003327037762574037,0.0,always_wrong
pythia-70m,high,207,15,3,0.05405775961650458,0.2,variable
pythia-70m,high,208,15,5,0.11295398080643887,0.3333333333333333,variable
pythia-70m,high,209,15,6,0.10801538980255525,0.4,variable
pythia-70m,high,210,15,5,0.20500823339777222,0.3333333333333333,variable
pythia-70m,high,211,15,5,0.1710330951338013,0.3333333333333333,variable
pythia-70m,high,212,15,12,0.2253409425417582,0.8,variable
pythia-70m,high,213,15,5,0.06717941408999953,0.3333333333333333,variable
pythia-70m,high,214,15,10,0.16479198009668228,0.6666666666666666,variable
pythia-70m,high,215,15,2,0.034508686361368744,0.13333333333333333,variable
pythia-70m,high,216,15,5,0.07701668212054452,0.3333333333333333,variable
pythia-70m,high,217,15,5,0.11315858329835464,0.3333333333333333,variable
pythia-70m,high,218,15,1,0.03719392376369797,0.06666666666666667,variable
pythia-70m,high,219,15,9,0.0694671272028548,0.6,variable
pythia-70m,high,220,15,9,0.34993899398638556,0.6,variable
pythia-70m,high,221,15,5,0.12158294193789819,0.3333333333333333,variable
pythia-70m,high,222,15,3,0.09405019159436658,0.2,variable
pythia-70m,high,223,15,5,0.08036688493366455,0.3333333333333333,variable
pythia-70m,high,224,15,6,0.07901548461630531,0.4,variable
pythia-70m,low,0,15,10,0.27459072616269015,0.6666666666666666,variable
pythia-70m,low,1,15,8,0.05818349144149882,0.5333333333333333,variable
pythia-70m,low,2,15,8,0.07863113330289101,0.5333333333333333,variable
pythia-70m,low,3,15,5,0.08980339033726827,0.3333333333333333,variable
pythia-70m,low,4,15,3,0.03280197000713088,0.2,variable
pythia-70m,low,5,15,5,0.1783118365512261,0.3333333333333333,variable
pythia-70m,low,6,15,0,0.015117560783380668,0.0,always_wrong
pythia-70m,low,7,15,6,0.0895976790857579,0.4,variable
pythia-70m,low,8,15,10,0.20443277222439066,0.6666666666666666,variable
pythia-70m,low,9,15,0,0.008961287340692554,0.0,always_wrong
pythia-70m,low,10,15,5,0.04600028240432342,0.3333333333333333,variable
pythia-70m,low,11,15,0,8.770693746858645e-05,0.0,always_wrong
pythia-70m,low,12,15,0,0.0010246433160015537,0.0,always_wrong
pythia-70m,low,13,15,2,0.022561645101374476,0.13333333333333333,variable
pythia-70m,low,14,15,0,2.1606928051672487e-05,0.0,always_wrong
pythia-70m,low,15,15,9,0.13870956524039382,0.6,variable
pythia-70m,low,16,15,4,0.02751839452491064,0.26666666666666666,variable
pythia-70m,low,17,15,10,0.41922987538049106,0.6666666666666666,variable
pythia-70m,low,18,15,0,0.002050716296071187,0.0,always_wrong
pythia-70m,low,19,15,0,0.013353488089872674,0.0,always_wrong
pythia-70m,low,20,15,5,0.06748618343852589,0.3333333333333333,variable
pythia-70m,low,21,15,5,0.067335121718844,0.3333333333333333,variable
pythia-70m,low,22,15,10,0.3389627845336994,0.6666666666666666,variable
pythia-70m,low,23,15,6,0.17704010189821323,0.4,variable
pythia-70m,low,24,15,1,0.009142923158136303,0.06666666666666667,variable
pythia-70m,low,25,15,5,0.07697015211200171,0.3333333333333333,variable
pythia-70m,low,26,15,10,0.23842216888442636,0.6666666666666666,variable
pythia-70m,low,27,15,1,0.013524077196295062,0.06666666666666667,variable
pythia-70m,low,28,15,0,0.006724685501414266,0.0,always_wrong
pythia-70m,low,29,15,0,0.005961657084693191,0.0,always_wrong
pythia-70m,low,30,15,0,0.004309470644511748,0.0,always_wrong
pythia-70m,low,31,15,5,0.09888658275206884,0.3333333333333333,variable
pythia-70m,low,32,15,0,0.00022680970050714677,0.0,always_wrong
pythia-70m,low,33,15,5,0.17522034194941322,0.3333333333333333,variable
pythia-70m,low,34,15,2,0.03843062030719011,0.13333333333333333,variable
pythia-70m,low,35,15,0,0.0001259571201141322,0.0,always_wrong
pythia-70m,low,36,15,5,0.053117741832587245,0.3333333333333333,variable
pythia-70m,low,37,15,1,0.007336025976398256,0.06666666666666667,variable
pythia-70m,low,38,15,9,0.15357607963184516,0.6,variable
pythia-70m,low,39,15,0,0.006833376806086259,0.0,always_wrong
pythia-70m,low,40,15,5,0.030433320286586726,0.3333333333333333,variable
pythia-70m,low,41,15,0,0.003471967925149026,0.0,always_wrong
pythia-70m,low,42,15,9,0.302728024792547,0.6,variable
pythia-70m,low,43,15,5,0.14594504316197193,0.3333333333333333,variable
pythia-70m,low,44,15,5,0.23096658706561993,0.3333333333333333,variable
pythia-70m,low,45,15,0,0.0006011897906849602,0.0,always_wrong
pythia-70m,low,46,15,4,0.03941684834426269,0.26666666666666666,variable
pythia-70m,low,47,15,11,0.13092450940360625,0.7333333333333333,variable
pythia-70m,low,48,15,0,0.00015751533452809479,0.0,always_wrong
pythia-70m,low,49,15,8,0.32033274585877886,0.5333333333333333,variable
pythia-70m,low,50,15,5,0.15919018219744127,0.3333333333333333,variable
pythia-70m,low,51,15,5,0.07479586549949696,0.3333333333333333,variable
pythia-70m,low,52,15,5,0.05968352213385515,0.3333333333333333,variable
pythia-70m,low,53,15,4,0.042184519588666564,0.26666666666666666,variable
pythia-70m,low,54,15,0,0.0003056224699927649,0.0,always_wrong
pythia-70m,low,55,15,0,0.00037556882375421686,0.0,always_wrong
pythia-70m,low,56,15,5,0.1186684872120774,0.3333333333333333,variable
pythia-70m,low,57,15,0,0.0018537411165501301,0.0,always_wrong
pythia-70m,low,58,15,0,0.002888223953478549,0.0,always_wrong
pythia-70m,low,59,15,0,0.007467145751191614,0.0,always_wrong
pythia-70m,low,60,15,10,0.4014519667252898,0.6666666666666666,variable
pythia-70m,low,61,15,6,0.309959000601278,0.4,variable
pythia-70m,low,62,15,3,0.017535817964502105,0.2,variable
pythia-70m,low,63,15,0,7.824506277150552e-06,0.0,always_wrong
pythia-70m,low,64,15,5,0.05978286292180807,0.3333333333333333,variable
pythia-70m,low,65,15,0,0.0004245547921717237,0.0,always_wrong
pythia-70m,low,66,15,5,0.07680591821544264,0.3333333333333333,variable
pythia-70m,low,67,15,5,0.27969459978242717,0.3333333333333333,variable
pythia-70m,low,68,15,0,0.004192740247162874,0.0,always_wrong
pythia-70m,low,69,15,10,0.41180833213147705,0.6666666666666666,variable
pythia-70m,low,70,15,0,0.00047722003035062245,0.0,always_wrong
pythia-70m,low,71,15,9,0.08867179517583282,0.6,variable
pythia-70m,low,72,15,0,0.0007900555565602947,0.0,always_wrong
pythia-70m,low,73,15,0,0.004718177417673056,0.0,always_wrong
pythia-70m,low,74,15,5,0.06118790012357446,0.3333333333333333,variable
pythia-70m,low,75,15,10,0.1355263926598127,0.6666666666666666,variable
pythia-70m,low,76,15,0,0.0032151320315847443,0.0,always_wrong
pythia-70m,low,77,15,5,0.20986068230185614,0.3333333333333333,variable
pythia-70m,low,78,15,0,0.0023396795513842034,0.0,always_wrong
pythia-70m,low,79,15,7,0.1477153365383856,0.4666666666666667,variable
pythia-70m,low,80,15,0,0.0032426327896246223,0.0,always_wrong
pythia-70m,low,81,15,5,0.03480659615003485,0.3333333333333333,variable
pythia-70m,low,82,15,4,0.011935472866025521,0.26666666666666666,variable
pythia-70m,low,83,15,11,0.36389311477541925,0.7333333333333333,variable
pythia-70m,low,84,15,0,0.07318673739209772,0.0,always_wrong
pythia-70m,low,85,15,9,0.09086682324608167,0.6,variable
pythia-70m,low,86,15,7,0.08172017647187507,0.4666666666666667,variable
pythia-70m,low,87,15,0,0.019033201058239985,0.0,always_wrong
pythia-70m,low,88,15,0,0.035399577885012454,0.0,always_wrong
pythia-70m,low,89,15,5,0.03998569374283155,0.3333333333333333,variable
pythia-70m,low,90,15,0,0.013846590577122697,0.0,always_wrong
pythia-70m,low,91,15,4,0.053584885026733295,0.26666666666666666,variable
pythia-70m,low,92,15,5,0.02457727488358614,0.3333333333333333,variable
pythia-70m,low,93,15,0,0.011844384115344534,0.0,always_wrong
pythia-70m,low,94,15,4,0.10424842358994889,0.26666666666666666,variable
pythia-70m,low,95,15,4,0.028441980944201837,0.26666666666666666,variable
pythia-70m,low,96,15,1,0.024989377109644315,0.06666666666666667,variable
pythia-70m,low,97,15,5,0.10076253490612383,0.3333333333333333,variable
pythia-70m,low,98,15,1,0.00897414479248179,0.06666666666666667,variable
pythia-70m,low,99,15,5,0.2314282221298375,0.3333333333333333,variable
pythia-70m,low,100,15,4,0.043517329400007534,0.26666666666666666,variable
pythia-70m,low,101,15,2,0.028707393002878234,0.13333333333333333,variable
pythia-70m,low,102,15,5,0.06942808099799246,0.3333333333333333,variable
pythia-70m,low,103,15,5,0.044165883971860845,0.3333333333333333,variable
pythia-70m,low,104,15,5,0.09322821418721408,0.3333333333333333,variable
pythia-70m,low,105,15,5,0.10602740569384726,0.3333333333333333,variable
pythia-70m,low,106,15,0,0.004051263586628314,0.0,always_wrong
pythia-70m,low,107,15,5,0.04363218932994641,0.3333333333333333,variable
pythia-70m,low,108,15,0,0.0018648692893596793,0.0,always_wrong
pythia-70m,low,109,15,2,0.0412527993340215,0.13333333333333333,variable
pythia-70m,low,110,15,0,0.0075265605507108075,0.0,always_wrong
pythia-70m,low,111,15,0,0.015588373495009477,0.0,always_wrong
pythia-70m,low,112,15,5,0.06149310194111119,0.3333333333333333,variable
pythia-70m,low,113,15,10,0.41651110298106836,0.6666666666666666,variable
pythia-70m,low,114,15,0,0.0037808888437211863,0.0,always_wrong
pythia-70m,low,115,15,5,0.06647883119100394,0.3333333333333333,variable
pythia-70m,low,116,15,10,0.10066646214496965,0.6666666666666666,variable
pythia-70m,low,117,15,1,0.01997327636963746,0.06666666666666667,variable
pythia-70m,low,118,15,9,0.1741108210629136,0.6,variable
pythia-70m,low,119,15,2,0.04052869718683117,0.13333333333333333,variable
pythia-70m,low,120,15,10,0.15880794782163624,0.6666666666666666,variable
pythia-70m,low,121,15,10,0.21457209784712178,0.6666666666666666,variable
pythia-70m,low,122,15,5,0.055063016732068114,0.3333333333333333,variable
pythia-70m,low,123,15,0,0.0010516413903133071,0.0,always_wrong
pythia-70m,low,124,15,5,0.12249008698775772,0.3333333333333333,variable
pythia-70m,low,125,15,2,0.022373557408900523,0.13333333333333333,variable
pythia-70m,low,126,15,9,0.2917166275282701,0.6,variable
pythia-70m,low,127,15,2,0.04093055236929407,0.13333333333333333,variable
pythia-70m,low,128,15,1,0.01327224592678249,0.06666666666666667,variable
pythia-70m,low,129,15,2,0.02853988457354717,0.13333333333333333,variable
pythia-70m,low,130,15,5,0.1333706503488429,0.3333333333333333,variable
pythia-70m,low,131,15,5,0.05085867858815618,0.3333333333333333,variable
pythia-70m,low,132,15,5,0.19900452382573044,0.3333333333333333,variable
pythia-70m,low,133,15,0,0.004298743716314372,0.0,always_wrong
pythia-70m,low,134,15,5,0.09583054536627363,0.3333333333333333,variable
pythia-70m,low,135,15,2,0.020309526675873713,0.13333333333333333,variable
pythia-70m,low,136,15,0,0.0009057356460895487,0.0,always_wrong
pythia-70m,low,137,15,12,0.47958140081415573,0.8,variable
pythia-70m,low,138,15,5,0.15192162712725502,0.3333333333333333,variable
pythia-70m,low,139,15,3,0.05331964213340446,0.2,variable
pythia-70m,low,140,15,0,5.376600619608022e-05,0.0,always_wrong
pythia-70m,low,141,15,1,0.023597494280693354,0.06666666666666667,variable
pythia-70m,low,142,15,0,0.007303864155740788,0.0,always_wrong
pythia-70m,low,143,15,10,0.27753592513132996,0.6666666666666666,variable
pythia-70m,low,144,15,5,0.05557533894611879,0.3333333333333333,variable
pythia-70m,low,145,15,4,0.048090106282688797,0.26666666666666666,variable
pythia-70m,low,146,15,0,0.0018652896089709733,0.0,always_wrong
pythia-70m,low,147,15,0,0.02100783533246613,0.0,always_wrong
pythia-70m,low,148,15,2,0.011754516702755307,0.13333333333333333,variable
pythia-70m,low,149,15,4,0.040865038490543765,0.26666666666666666,variable
pythia-70m,low,150,15,5,0.07820412678468831,0.3333333333333333,variable
pythia-70m,low,151,15,5,0.08081117380391636,0.3333333333333333,variable
pythia-70m,low,152,15,5,0.03187552009949286,0.3333333333333333,variable
pythia-70m,low,153,15,5,0.07162482369409796,0.3333333333333333,variable
pythia-70m,low,154,15,1,0.011310531752466583,0.06666666666666667,variable
pythia-70m,low,155,15,15,0.2133092721303304,1.0,always_correct
pythia-70m,low,156,15,10,0.2634981855284423,0.6666666666666666,variable
pythia-70m,low,157,15,0,0.0009058700758032501,0.0,always_wrong
pythia-70m,low,158,15,8,0.2294560758956474,0.5333333333333333,variable
pythia-70m,low,159,15,4,0.057245350236189554,0.26666666666666666,variable
pythia-70m,low,160,15,0,0.00027022443211232407,0.0,always_wrong
pythia-70m,low,161,15,5,0.2865778961534185,0.3333333333333333,variable
pythia-70m,low,162,15,5,0.08932144681396229,0.3333333333333333,variable
pythia-70m,low,163,15,0,0.0009706654014716303,0.0,always_wrong
pythia-70m,low,164,15,0,0.011700088061663649,0.0,always_wrong
pythia-70m,low,165,15,0,0.0006410061285047656,0.0,always_wrong
pythia-70m,low,166,15,5,0.047701536289287104,0.3333333333333333,variable
pythia-70m,low,167,15,0,3.418618686434153e-05,0.0,always_wrong
pythia-70m,low,168,15,6,0.12744958040614923,0.4,variable
pythia-70m,low,169,15,6,0.1257224450043092,0.4,variable
pythia-70m,low,170,15,5,0.04400039356889162,0.3333333333333333,variable
pythia-70m,low,171,15,0,0.0003725305167942376,0.0,always_wrong
pythia-70m,low,172,15,8,0.06288996003568173,0.5333333333333333,variable
pythia-70m,low,173,15,0,0.006362216899287887,0.0,always_wrong
pythia-70m,low,174,15,5,0.29835514984007433,0.3333333333333333,variable
pythia-70m,low,175,15,1,0.009874156108223058,0.06666666666666667,variable
pythia-70m,low,176,15,4,0.04453087237967945,0.26666666666666666,variable
pythia-70m,low,177,15,0,0.01359414907565224,0.0,always_wrong
pythia-70m,low,178,15,6,0.08891020978262532,0.4,variable
pythia-70m,low,179,15,5,0.1930779674400886,0.3333333333333333,variable
pythia-70m,low,180,15,5,0.15216380141694874,0.3333333333333333,variable
pythia-70m,low,181,15,1,0.01571147562696448,0.06666666666666667,variable
pythia-70m,low,182,15,1,0.040727724689835064,0.06666666666666667,variable
pythia-70m,low,183,15,0,0.00463774238737642,0.0,always_wrong
pythia-70m,low,184,15,4,0.028066807647701354,0.26666666666666666,variable
pythia-70m,low,185,15,10,0.22993071057859804,0.6666666666666666,variable
pythia-70m,low,186,15,7,0.28981409422270493,0.4666666666666667,variable
pythia-70m,low,187,15,4,0.02984493506683066,0.26666666666666666,variable
pythia-70m,low,188,15,0,0.028072021648889254,0.0,always_wrong
pythia-70m,low,189,15,8,0.08299628576884667,0.5333333333333333,variable
pythia-70m,low,190,15,7,0.2952689341941247,0.4666666666666667,variable
pythia-70m,low,191,15,5,0.025568645882837398,0.3333333333333333,variable
pythia-70m,low,192,15,2,0.035758637573151945,0.13333333333333333,variable
pythia-70m,low,193,15,1,0.01999711191735211,0.06666666666666667,variable
pythia-70m,low,194,15,5,0.12112754394332417,0.3333333333333333,variable
pythia-70m,low,195,15,0,0.007092863934425016,0.0,always_wrong
pythia-70m,low,196,15,5,0.06572540997585748,0.3333333333333333,variable
pythia-70m,low,197,15,2,0.018627815036840425,0.13333333333333333,variable
pythia-70m,low,198,15,0,0.014586096495137705,0.0,always_wrong
pythia-70m,low,199,15,10,0.28144377212071653,0.6666666666666666,variable
pythia-70m,low,200,15,0,3.0531439868279146e-05,0.0,always_wrong
pythia-70m,low,201,15,0,0.0021481828726488553,0.0,always_wrong
pythia-70m,low,202,15,0,0.02004688068057779,0.0,always_wrong
pythia-70m,low,203,15,5,0.2166719979020854,0.3333333333333333,variable
pythia-70m,low,204,15,4,0.041675880420401275,0.26666666666666666,variable
pythia-70m,low,205,15,0,0.0012327493153331186,0.0,always_wrong
pythia-70m,low,206,15,0,0.019863092085385385,0.0,always_wrong
pythia-70m,low,207,15,5,0.028285532865993446,0.3333333333333333,variable
pythia-70m,low,208,15,0,0.014023492842291792,0.0,always_wrong
pythia-70m,low,209,15,0,0.018956339278444527,0.0,always_wrong
pythia-70m,low,210,15,0,0.00017898012383739116,0.0,always_wrong
pythia-70m,low,211,15,2,0.01900311919956342,0.13333333333333333,variable
pythia-70m,low,212,15,0,0.024955952514816696,0.0,always_wrong
pythia-70m,low,213,15,5,0.01704972086311803,0.3333333333333333,variable
pythia-70m,low,214,15,10,0.3688491891609071,0.6666666666666666,variable
pythia-70m,low,215,15,5,0.034731146437115966,0.3333333333333333,variable
pythia-70m,low,216,15,0,2.011968923056884e-05,0.0,always_wrong
pythia-70m,low,217,15,10,0.3114630733864033,0.6666666666666666,variable
pythia-70m,low,218,15,3,0.01011791199457169,0.2,variable
pythia-70m,low,219,15,11,0.10884355989595254,0.7333333333333333,variable
pythia-70m,low,220,15,4,0.054342227643852915,0.26666666666666666,variable
pythia-70m,low,221,15,5,0.10262925122948066,0.3333333333333333,variable
pythia-70m,low,222,15,10,0.4163985619321465,0.6666666666666666,variable
pythia-70m,low,223,15,5,0.06904878379718866,0.3333333333333333,variable
pythia-70m,low,224,15,4,0.04281540387659864,0.26666666666666666,variable
pythia-70m,medium,0,15,14,0.30987029199798904,0.9333333333333333,variable
pythia-70m,medium,1,15,4,0.06620773541799281,0.26666666666666666,variable
pythia-70m,medium,2,15,0,0.00012701884879788848,0.0,always_wrong
pythia-70m,medium,3,15,10,0.22332499007655618,0.6666666666666666,variable
pythia-70m,medium,4,15,5,0.11308417611029048,0.3333333333333333,variable
pythia-70m,medium,5,15,0,0.00015769026137301504,0.0,always_wrong
pythia-70m,medium,6,15,5,0.03435314330217807,0.3333333333333333,variable
pythia-70m,medium,7,15,5,0.13960817158513236,0.3333333333333333,variable
pythia-70m,medium,8,15,3,0.1199906969210133,0.2,variable
pythia-70m,medium,9,15,0,0.0059451114446953095,0.0,always_wrong
pythia-70m,medium,10,15,6,0.057567818426468874,0.4,variable
pythia-70m,medium,11,15,0,0.0014389310292851102,0.0,always_wrong
pythia-70m,medium,12,15,9,0.18170242872050343,0.6,variable
pythia-70m,medium,13,15,7,0.17739623505670654,0.4666666666666667,variable
pythia-70m,medium,14,15,1,0.008590516626388005,0.06666666666666667,variable
pythia-70m,medium,15,15,15,0.46878700455029804,1.0,always_correct
pythia-70m,medium,16,15,5,0.09687672217454141,0.3333333333333333,variable
pythia-70m,medium,17,15,0,0.0012877216617501594,0.0,always_wrong
pythia-70m,medium,18,15,8,0.1564711995170607,0.5333333333333333,variable
pythia-70m,medium,19,15,6,0.048559991153888406,0.4,variable
pythia-70m,medium,20,15,0,0.023060582351172344,0.0,always_wrong
pythia-70m,medium,21,15,6,0.03394855278505323,0.4,variable
pythia-70m,medium,22,15,7,0.23418961110443584,0.4666666666666667,variable
pythia-70m,medium,23,15,5,0.11356718164449073,0.3333333333333333,variable
pythia-70m,medium,24,15,0,3.996214660825596e-05,0.0,always_wrong
pythia-70m,medium,25,15,4,0.03152489769272506,0.26666666666666666,variable
pythia-70m,medium,26,15,6,0.10081459409557283,0.4,variable
pythia-70m,medium,27,15,5,0.14898504503271398,0.3333333333333333,variable
pythia-70m,medium,28,15,1,0.01766229294395695,0.06666666666666667,variable
pythia-70m,medium,29,15,10,0.16666051466017962,0.6666666666666666,variable
pythia-70m,medium,30,15,6,0.21925498000941843,0.4,variable
pythia-70m,medium,31,15,10,0.35106269620979824,0.6666666666666666,variable
pythia-70m,medium,32,15,4,0.08638368059170413,0.26666666666666666,variable
pythia-70m,medium,33,15,13,0.2754196309484541,0.8666666666666667,variable
pythia-70m,medium,34,15,4,0.018356960256035868,0.26666666666666666,variable
pythia-70m,medium,35,15,0,0.0007544223828593507,0.0,always_wrong
pythia-70m,medium,36,15,3,0.060138196913673406,0.2,variable
pythia-70m,medium,37,15,4,0.046313831396400926,0.26666666666666666,variable
pythia-70m,medium,38,15,2,0.032089328936611615,0.13333333333333333,variable
pythia-70m,medium,39,15,5,0.05158987498774271,0.3333333333333333,variable
pythia-70m,medium,40,15,6,0.039313817347040945,0.4,variable
pythia-70m,medium,41,15,4,0.02174141184768814,0.26666666666666666,variable
pythia-70m,medium,42,15,0,0.012306915220445564,0.0,always_wrong
pythia-70m,medium,43,15,4,0.08848325972667132,0.26666666666666666,variable
pythia-70m,medium,44,15,0,7.529654745515775e-05,0.0,always_wrong
pythia-70m,medium,45,15,10,0.21648799823087755,0.6666666666666666,variable
pythia-70m,medium,46,15,10,0.25463395644619596,0.6666666666666666,variable
pythia-70m,medium,47,15,10,0.27375629756134,0.6666666666666666,variable
pythia-70m,medium,48,15,15,0.49744998266299567,1.0,always_correct
pythia-70m,medium,49,15,8,0.1445396528521087,0.5333333333333333,variable
pythia-70m,medium,50,15,9,0.35942037429194895,0.6,variable
pythia-70m,medium,51,15,5,0.15261289188155538,0.3333333333333333,variable
pythia-70m,medium,52,15,0,0.010609277774031511,0.0,always_wrong
pythia-70m,medium,53,15,0,0.004166227343966966,0.0,always_wrong
pythia-70m,medium,54,15,0,0.000533778026147047,0.0,always_wrong
pythia-70m,medium,55,15,5,0.11473408003878945,0.3333333333333333,variable
pythia-70m,medium,56,15,5,0.11226484549697488,0.3333333333333333,variable
pythia-70m,medium,57,15,4,0.02744200173438003,0.26666666666666666,variable
pythia-70m,medium,58,15,5,0.079424641193494,0.3333333333333333,variable
pythia-70m,medium,59,15,0,0.006433007579956514,0.0,always_wrong
pythia-70m,medium,60,15,0,0.004717076114320662,0.0,always_wrong
pythia-70m,medium,61,15,11,0.25906766938666503,0.7333333333333333,variable
pythia-70m,medium,62,15,5,0.06401997267190988,0.3333333333333333,variable
pythia-70m,medium,63,15,10,0.3556810968865951,0.6666666666666666,variable
pythia-70m,medium,64,15,6,0.23864255953085375,0.4,variable
pythia-70m,medium,65,15,2,0.04312260191139406,0.13333333333333333,variable
pythia-70m,medium,66,15,5,0.12545968680739558,0.3333333333333333,variable
pythia-70m,medium,67,15,3,0.041109493637122796,0.2,variable
pythia-70m,medium,68,15,4,0.03841922651651354,0.26666666666666666,variable
pythia-70m,medium,69,15,5,0.17461622184782755,0.3333333333333333,variable
pythia-70m,medium,70,15,10,0.4232935402872196,0.6666666666666666,variable
pythia-70m,medium,71,15,5,0.12319805646911845,0.3333333333333333,variable
pythia-70m,medium,72,15,0,0.003739622161265288,0.0,always_wrong
pythia-70m,medium,73,15,8,0.1243163325319377,0.5333333333333333,variable
pythia-70m,medium,74,15,6,0.08891155663877726,0.4,variable
pythia-70m,medium,75,15,6,0.059724483049164216,0.4,variable
pythia-70m,medium,76,15,5,0.07331416414247845,0.3333333333333333,variable
pythia-70m,medium,77,15,9,0.17638849119345348,0.6,variable
pythia-70m,medium,78,15,3,0.038777116891772795,0.2,variable
pythia-70m,medium,79,15,5,0.09250960682644897,0.3333333333333333,variable
pythia-70m,medium,80,15,0,0.012572364839434158,0.0,always_wrong
pythia-70m,medium,81,15,5,0.29474335439162663,0.3333333333333333,variable
pythia-70m,medium,82,15,3,0.023331845729270148,0.2,variable
pythia-70m,medium,83,15,6,0.14969469189915496,0.4,variable
pythia-70m,medium,84,15,8,0.13335420079529287,0.5333333333333333,variable
pythia-70m,medium,85,15,5,0.23172011578766008,0.3333333333333333,variable
pythia-70m,medium,86,15,0,0.00024579388174821303,0.0,always_wrong
pythia-70m,medium,87,15,1,0.00839986287804398,0.06666666666666667,variable
pythia-70m,medium,88,15,5,0.10664504594703127,0.3333333333333333,variable
pythia-70m,medium,89,15,5,0.0463642057045945,0.3333333333333333,variable
pythia-70m,medium,90,15,5,0.04650646856753156,0.3333333333333333,variable
pythia-70m,medium,91,15,0,0.0003933761705866345,0.0,always_wrong
pythia-70m,medium,92,15,10,0.32063321402917305,0.6666666666666666,variable
pythia-70m,medium,93,15,5,0.10894116664714298,0.3333333333333333,variable
pythia-70m,medium,94,15,0,0.002026355480484199,0.0,always_wrong
pythia-70m,medium,95,15,8,0.12430980173000232,0.5333333333333333,variable
pythia-70m,medium,96,15,1,0.006732155658634535,0.06666666666666667,variable
pythia-70m,medium,97,15,2,0.014059845622250577,0.13333333333333333,variable
pythia-70m,medium,98,15,2,0.017405569418042433,0.13333333333333333,variable
pythia-70m,medium,99,15,10,0.2625627666711807,0.6666666666666666,variable
pythia-70m,medium,100,15,3,0.021165332476186904,0.2,variable
pythia-70m,medium,101,15,9,0.37779969864835344,0.6,variable
pythia-70m,medium,102,15,10,0.3060771917793318,0.6666666666666666,variable
pythia-70m,medium,103,15,0,0.00725482403784099,0.0,always_wrong
pythia-70m,medium,104,15,1,0.024254203618814547,0.06666666666666667,variable
pythia-70m,medium,105,15,10,0.16415618943671387,0.6666666666666666,variable
pythia-70m,medium,106,15,5,0.07202479244066733,0.3333333333333333,variable
pythia-70m,medium,107,15,0,1.7850622710587535e-05,0.0,always_wrong
pythia-70m,medium,108,15,13,0.29212439426531395,0.8666666666666667,variable
pythia-70m,medium,109,15,8,0.2597627467998488,0.5333333333333333,variable
pythia-70m,medium,110,15,0,0.008097152810099336,0.0,always_wrong
pythia-70m,medium,111,15,0,0.012364595245890087,0.0,always_wrong
pythia-70m,medium,112,15,9,0.17941845109065374,0.6,variable
pythia-70m,medium,113,15,4,0.03441975162519763,0.26666666666666666,variable
pythia-70m,medium,114,15,14,0.3029262845714887,0.9333333333333333,variable
pythia-70m,medium,115,15,0,0.0028237047247481922,0.0,always_wrong
pythia-70m,medium,116,15,0,2.9962494863866596e-05,0.0,always_wrong
pythia-70m,medium,117,15,10,0.2988677564940493,0.6666666666666666,variable
pythia-70m,medium,118,15,5,0.08602970434973638,0.3333333333333333,variable
pythia-70m,medium,119,15,0,0.0002092605632545504,0.0,always_wrong
pythia-70m,medium,120,15,5,0.23873571774214117,0.3333333333333333,variable
pythia-70m,medium,121,15,5,0.2148935199485095,0.3333333333333333,variable
pythia-70m,medium,122,15,0,0.003350253880777624,0.0,always_wrong
pythia-70m,medium,123,15,5,0.24126528233270317,0.3333333333333333,variable
pythia-70m,medium,124,15,2,0.025217966134368906,0.13333333333333333,variable
pythia-70m,medium,125,15,9,0.3010403406396487,0.6,variable
pythia-70m,medium,126,15,0,0.012787863849280257,0.0,always_wrong
pythia-70m,medium,127,15,0,0.0009149535173188875,0.0,always_wrong
pythia-70m,medium,128,15,0,0.05385012142181343,0.0,always_wrong
pythia-70m,medium,129,15,13,0.20979189723730088,0.8666666666666667,variable
pythia-70m,medium,130,15,10,0.2707672366617942,0.6666666666666666,variable
pythia-70m,medium,131,15,0,0.0010084900829724574,0.0,always_wrong
pythia-70m,medium,132,15,5,0.25023204427949775,0.3333333333333333,variable
pythia-70m,medium,133,15,10,0.18584028873592615,0.6666666666666666,variable
pythia-70m,medium,134,15,5,0.061701815746710055,0.3333333333333333,variable
pythia-70m,medium,135,15,9,0.13671417312361883,0.6,variable
pythia-70m,medium,136,15,5,0.0986850251754125,0.3333333333333333,variable
pythia-70m,medium,137,15,7,0.2034761110941569,0.4666666666666667,variable
pythia-70m,medium,138,15,10,0.23669881931734077,0.6666666666666666,variable
pythia-70m,medium,139,15,0,0.008153347207795984,0.0,always_wrong
pythia-70m,medium,140,15,5,0.03804446002309684,0.3333333333333333,variable
pythia-70m,medium,141,15,5,0.0465707288916595,0.3333333333333333,variable
pythia-70m,medium,142,15,10,0.4773269144197305,0.6666666666666666,variable
pythia-70m,medium,143,15,8,0.1527615876654181,0.5333333333333333,variable
pythia-70m,medium,144,15,8,0.09355690726473918,0.5333333333333333,variable
pythia-70m,medium,145,15,5,0.10193727791144434,0.3333333333333333,variable
pythia-70m,medium,146,15,11,0.3964648914212982,0.7333333333333333,variable
pythia-70m,medium,147,15,0,0.008705127365525792,0.0,always_wrong
pythia-70m,medium,148,15,7,0.1618705019084397,0.4666666666666667,variable
pythia-70m,medium,149,15,3,0.04496014472388197,0.2,variable
pythia-70m,medium,150,15,6,0.1733280397951603,0.4,variable
pythia-70m,medium,151,15,7,0.1791975188301876,0.4666666666666667,variable
pythia-70m,medium,152,15,10,0.184029564455462,0.6666666666666666,variable
pythia-70m,medium,153,15,11,0.34598261459420127,0.7333333333333333,variable
pythia-70m,medium,154,15,5,0.09770784011586026,0.3333333333333333,variable
pythia-70m,medium,155,15,11,0.20545651375626525,0.7333333333333333,variable
pythia-70m,medium,156,15,0,0.008487718144897372,0.0,always_wrong
pythia-70m,medium,157,15,5,0.325717392315831,0.3333333333333333,variable
pythia-70m,medium,158,15,7,0.21413421731752655,0.4666666666666667,variable
pythia-70m,medium,159,15,5,0.051613339477868676,0.3333333333333333,variable
pythia-70m,medium,160,15,0,0.002423756557254819,0.0,always_wrong
pythia-70m,medium,161,15,5,0.2453313502915383,0.3333333333333333,variable
pythia-70m,medium,162,15,0,0.001046266522280348,0.0,always_wrong
pythia-70m,medium,163,15,10,0.40620625653682507,0.6666666666666666,variable
pythia-70m,medium,164,15,1,0.0197083336689199,0.06666666666666667,variable
pythia-70m,medium,165,15,2,0.02941980934459328,0.13333333333333333,variable
pythia-70m,medium,166,15,4,0.08500755383671882,0.26666666666666666,variable
pythia-70m,medium,167,15,10,0.3047181645888183,0.6666666666666666,variable
pythia-70m,medium,168,15,5,0.21312623308816303,0.3333333333333333,variable
pythia-70m,medium,169,15,0,0.0034774820467949516,0.0,always_wrong
pythia-70m,medium,170,15,8,0.2697235437730948,0.5333333333333333,variable
pythia-70m,medium,171,15,5,0.155755005714794,0.3333333333333333,variable
pythia-70m,medium,172,15,2,0.016970909717929316,0.13333333333333333,variable
pythia-70m,medium,173,15,0,0.005675918192931325,0.0,always_wrong
pythia-70m,medium,174,15,8,0.05811320524662733,0.5333333333333333,variable
pythia-70m,medium,175,15,10,0.12900894596241413,0.6666666666666666,variable
pythia-70m,medium,176,15,10,0.38833674974387883,0.6666666666666666,variable
pythia-70m,medium,177,15,0,0.007017603803736468,0.0,always_wrong
pythia-70m,medium,178,15,5,0.10235228081655805,0.3333333333333333,variable
pythia-70m,medium,179,15,2,0.011477125425093012,0.13333333333333333,variable
pythia-70m,medium,180,15,5,0.23805784971370184,0.3333333333333333,variable
pythia-70m,medium,181,15,1,0.034830078618642804,0.06666666666666667,variable
pythia-70m,medium,182,15,4,0.02679467601919896,0.26666666666666666,variable
pythia-70m,medium,183,15,9,0.28690595695128046,0.6,variable
pythia-70m,medium,184,15,8,0.173697859747305,0.5333333333333333,variable
pythia-70m,medium,185,15,3,0.042481536294023195,0.2,variable
pythia-70m,medium,186,15,14,0.19351764594515164,0.9333333333333333,variable
pythia-70m,medium,187,15,9,0.1561614553706022,0.6,variable
pythia-70m,medium,188,15,6,0.054789463978280155,0.4,variable
pythia-70m,medium,189,15,5,0.13242150647470224,0.3333333333333333,variable
pythia-70m,medium,190,15,5,0.06905279663786436,0.3333333333333333,variable
pythia-70m,medium,191,15,15,0.32441320791840556,1.0,always_correct
pythia-70m,medium,192,15,2,0.02912246367195621,0.13333333333333333,variable
pythia-70m,medium,193,15,12,0.17759510924418767,0.8,variable
pythia-70m,medium,194,15,5,0.27813892357323006,0.3333333333333333,variable
pythia-70m,medium,195,15,5,0.02905117942330738,0.3333333333333333,variable
pythia-70m,medium,196,15,2,0.022215439735615898,0.13333333333333333,variable
pythia-70m,medium,197,15,9,0.13950570051868758,0.6,variable
pythia-70m,medium,198,15,10,0.2727335586841832,0.6666666666666666,variable
pythia-70m,medium,199,15,5,0.023220758691119652,0.3333333333333333,variable
pythia-70m,medium,200,15,5,0.12113047737317781,0.3333333333333333,variable
pythia-70m,medium,201,15,11,0.12717029762764773,0.7333333333333333,variable
pythia-70m,medium,202,15,5,0.08305128384884787,0.3333333333333333,variable
pythia-70m,medium,203,15,8,0.06616639726174374,0.5333333333333333,variable
pythia-70m,medium,204,15,0,0.007387315796192221,0.0,always_wrong
pythia-70m,medium,205,15,5,0.05283716230963667,0.3333333333333333,variable
pythia-70m,medium,206,15,0,0.003218055652299275,0.0,always_wrong
pythia-70m,medium,207,15,3,0.023906045643646696,0.2,variable
pythia-70m,medium,208,15,4,0.054705055699741933,0.26666666666666666,variable
pythia-70m,medium,209,15,2,0.024450686516502174,0.13333333333333333,variable
pythia-70m,medium,210,15,0,0.0027907331600241984,0.0,always_wrong
pythia-70m,medium,211,15,4,0.056569645394726344,0.26666666666666666,variable
pythia-70m,medium,212,15,5,0.2243181008506544,0.3333333333333333,variable
pythia-70m,medium,213,15,0,0.006480506159520397,0.0,always_wrong
pythia-70m,medium,214,15,10,0.3705888641750789,0.6666666666666666,variable
pythia-70m,medium,215,15,1,0.010309570560154194,0.06666666666666667,variable
pythia-70m,medium,216,15,10,0.3472906562965363,0.6666666666666666,variable
pythia-70m,medium,217,15,4,0.09019430609882875,0.26666666666666666,variable
pythia-70m,medium,218,15,5,0.21348992513277001,0.3333333333333333,variable
pythia-70m,medium,219,15,1,0.04416547084541283,0.06666666666666667,variable
pythia-70m,medium,220,15,0,0.019572068250272422,0.0,always_wrong
pythia-70m,medium,221,15,5,0.05552182001198768,0.3333333333333333,variable
pythia-70m,medium,222,15,10,0.37696470886609557,0.6666666666666666,variable
pythia-70m,medium,223,15,5,0.047414162362595866,0.3333333333333333,variable
pythia-70m,medium,224,15,6,0.03233571519085672,0.4,variable
pythia-70m,very_high,0,15,10,0.27209056962359074,0.6666666666666666,variable
pythia-70m,very_high,1,15,10,0.18441770109348,0.6666666666666666,variable
pythia-70m,very_high,2,15,5,0.1829959678463638,0.3333333333333333,variable
pythia-70m,very_high,3,15,10,0.40953564381804125,0.6666666666666666,variable
pythia-70m,very_high,4,15,0,0.0010332557877215246,0.0,always_wrong
pythia-70m,very_high,5,15,7,0.11292643101575474,0.4666666666666667,variable
pythia-70m,very_high,6,15,13,0.36041753391424813,0.8666666666666667,variable
pythia-70m,very_high,7,15,8,0.3012427428116401,0.5333333333333333,variable
pythia-70m,very_high,8,15,10,0.30007434776756176,0.6666666666666666,variable
pythia-70m,very_high,9,15,5,0.17694248866755516,0.3333333333333333,variable
pythia-70m,very_high,10,15,15,0.3378315021594365,1.0,always_correct
pythia-70m,very_high,11,15,3,0.08178641538591667,0.2,variable
pythia-70m,very_high,12,15,0,0.03135982314124704,0.0,always_wrong
pythia-70m,very_high,13,15,8,0.33379634651355444,0.5333333333333333,variable
pythia-70m,very_high,14,15,3,0.028817261000222062,0.2,variable
pythia-70m,very_high,15,15,6,0.10854545410256833,0.4,variable
pythia-70m,very_high,16,15,1,0.020248724799603223,0.06666666666666667,variable
pythia-70m,very_high,17,15,11,0.2978940720359484,0.7333333333333333,variable
pythia-70m,very_high,18,15,5,0.2495940842665732,0.3333333333333333,variable
pythia-70m,very_high,19,15,10,0.42918626697210127,0.6666666666666666,variable
pythia-70m,very_high,20,15,10,0.2607925181587537,0.6666666666666666,variable
pythia-70m,very_high,21,15,6,0.08076761380458872,0.4,variable
pythia-70m,very_high,22,15,1,0.019824248202470092,0.06666666666666667,variable
pythia-70m,very_high,23,15,7,0.10103233093007778,0.4666666666666667,variable
pythia-70m,very_high,24,15,10,0.3363704472780228,0.6666666666666666,variable
pythia-70m,very_high,25,15,0,0.005401447410986293,0.0,always_wrong
pythia-70m,very_high,26,15,12,0.46915378235280514,0.8,variable
pythia-70m,very_high,27,15,6,0.07180314448984669,0.4,variable
pythia-70m,very_high,28,15,10,0.3371990531682968,0.6666666666666666,variable
pythia-70m,very_high,29,15,5,0.11928342046291315,0.3333333333333333,variable
pythia-70m,very_high,30,15,6,0.06843567981074254,0.4,variable
pythia-70m,very_high,31,15,6,0.12226852967093388,0.4,variable
pythia-70m,very_high,32,15,7,0.2192561366284887,0.4666666666666667,variable
pythia-70m,very_high,33,15,10,0.2463652342557907,0.6666666666666666,variable
pythia-70m,very_high,34,15,6,0.14985244575267037,0.4,variable
pythia-70m,very_high,35,15,12,0.20519329576442638,0.8,variable
pythia-70m,very_high,36,15,11,0.22429960387332054,0.7333333333333333,variable
pythia-70m,very_high,37,15,7,0.10077006809879094,0.4666666666666667,variable
pythia-70m,very_high,38,15,7,0.09826945547635356,0.4666666666666667,variable
pythia-70m,very_high,39,15,9,0.05821967638815598,0.6,variable
pythia-70m,very_high,40,15,0,0.005437895574990155,0.0,always_wrong
pythia-70m,very_high,41,15,14,0.25073825220266976,0.9333333333333333,variable
pythia-70m,very_high,42,15,8,0.20610875187752148,0.5333333333333333,variable
pythia-70m,very_high,43,15,7,0.07187573929938178,0.4666666666666667,variable
pythia-70m,very_high,44,15,5,0.16187638611445437,0.3333333333333333,variable
pythia-70m,very_high,45,15,2,0.03353903994908857,0.13333333333333333,variable
pythia-70m,very_high,46,15,9,0.22492881116922944,0.6,variable
pythia-70m,very_high,47,15,15,0.46786838670571645,1.0,always_correct
pythia-70m,very_high,48,15,7,0.1438145931228064,0.4666666666666667,variable
pythia-70m,very_high,49,15,10,0.29579722297688327,0.6666666666666666,variable
pythia-70m,very_high,50,15,9,0.07702981789431457,0.6,variable
pythia-70m,very_high,51,15,4,0.10652503078842225,0.26666666666666666,variable
pythia-70m,very_high,52,15,10,0.246162843114386,0.6666666666666666,variable
pythia-70m,very_high,53,15,10,0.26751081602803123,0.6666666666666666,variable
pythia-70m,very_high,54,15,10,0.09011465951334685,0.6666666666666666,variable
pythia-70m,very_high,55,15,12,0.36820127877096337,0.8,variable
pythia-70m,very_high,56,15,8,0.18690163794284065,0.5333333333333333,variable
pythia-70m,very_high,57,15,10,0.4400839427136816,0.6666666666666666,variable
pythia-70m,very_high,58,15,8,0.20216400983432928,0.5333333333333333,variable
pythia-70m,very_high,59,15,7,0.11228389032185078,0.4666666666666667,variable
pythia-70m,very_high,60,15,4,0.058779628461343235,0.26666666666666666,variable
pythia-70m,very_high,61,15,8,0.3360039921865488,0.5333333333333333,variable
pythia-70m,very_high,62,15,5,0.06568348073245336,0.3333333333333333,variable
pythia-70m,very_high,63,15,4,0.1023709391845235,0.26666666666666666,variable
pythia-70m,very_high,64,15,5,0.11186592117107162,0.3333333333333333,variable
pythia-70m,very_high,65,15,13,0.47869194746017457,0.8666666666666667,variable
pythia-70m,very_high,66,15,10,0.16023516617715358,0.6666666666666666,variable
pythia-70m,very_high,67,15,15,0.659502242008845,1.0,always_correct
pythia-70m,very_high,68,15,15,0.5016399522622427,1.0,always_correct
pythia-70m,very_high,69,15,11,0.1567458533681929,0.7333333333333333,variable
pythia-70m,very_high,70,15,5,0.11543152071535587,0.3333333333333333,variable
pythia-70m,very_high,71,15,5,0.1843360450429221,0.3333333333333333,variable
pythia-70m,very_high,72,15,4,0.08021120792448831,0.26666666666666666,variable
pythia-70m,very_high,73,15,3,0.024687632823285337,0.2,variable
pythia-70m,very_high,74,15,10,0.2804673544713296,0.6666666666666666,variable
pythia-70m,very_high,75,15,10,0.42397458034101876,0.6666666666666666,variable
pythia-70m,very_high,76,15,6,0.13155892537906766,0.4,variable
pythia-70m,very_high,77,15,10,0.3008126566807429,0.6666666666666666,variable
pythia-70m,very_high,78,15,5,0.06813566101094087,0.3333333333333333,variable
pythia-70m,very_high,79,15,1,0.03924019897422113,0.06666666666666667,variable
pythia-70m,very_high,80,15,10,0.11330500220259031,0.6666666666666666,variable
pythia-70m,very_high,81,15,0,0.03102885006616513,0.0,always_wrong
pythia-70m,very_high,82,15,10,0.3457481411208088,0.6666666666666666,variable
pythia-70m,very_high,83,15,2,0.03328765773524841,0.13333333333333333,variable
pythia-70m,very_high,84,15,8,0.11885217414237559,0.5333333333333333,variable
pythia-70m,very_high,85,15,5,0.18707144229944486,0.3333333333333333,variable
pythia-70m,very_high,86,15,10,0.28387492957214516,0.6666666666666666,variable
pythia-70m,very_high,87,15,6,0.06433138760427634,0.4,variable
pythia-70m,very_high,88,15,11,0.2734003805244962,0.7333333333333333,variable
pythia-70m,very_high,89,15,6,0.24897082233801485,0.4,variable
pythia-70m,very_high,90,15,8,0.11325090620666742,0.5333333333333333,variable
pythia-70m,very_high,91,15,4,0.02103804256087945,0.26666666666666666,variable
pythia-70m,very_high,92,15,5,0.22565423926959435,0.3333333333333333,variable
pythia-70m,very_high,93,15,4,0.058491996085892124,0.26666666666666666,variable
pythia-70m,very_high,94,15,12,0.3411451827734709,0.8,variable
pythia-70m,very_high,95,15,10,0.1956720861295859,0.6666666666666666,variable
pythia-70m,very_high,96,15,14,0.36096216390530267,0.9333333333333333,variable
pythia-70m,very_high,97,15,8,0.2852186247706413,0.5333333333333333,variable
pythia-70m,very_high,98,15,15,0.25152323121825854,1.0,always_correct
pythia-70m,very_high,99,15,12,0.21475078289707503,0.8,variable
pythia-70m,very_high,100,15,10,0.37185732188324133,0.6666666666666666,variable
pythia-70m,very_high,101,15,15,0.49206439356009163,1.0,always_correct
pythia-70m,very_high,102,15,12,0.33492834692200024,0.8,variable
pythia-70m,very_high,103,15,2,0.085058945583296,0.13333333333333333,variable
pythia-70m,very_high,104,15,5,0.17559055437384358,0.3333333333333333,variable
pythia-70m,very_high,105,15,4,0.0476689329991738,0.26666666666666666,variable
pythia-70m,very_high,106,15,10,0.36987770173582246,0.6666666666666666,variable
pythia-70m,very_high,107,15,10,0.18005096726119518,0.6666666666666666,variable
pythia-70m,very_high,108,15,9,0.14902036723312145,0.6,variable
pythia-70m,very_high,109,15,10,0.21869716830551625,0.6666666666666666,variable
pythia-70m,very_high,110,15,6,0.17580052871538404,0.4,variable
pythia-70m,very_high,111,15,13,0.17958458196371793,0.8666666666666667,variable
pythia-70m,very_high,112,15,7,0.21693485137075186,0.4666666666666667,variable
pythia-70m,very_high,113,15,10,0.21683495020503565,0.6666666666666666,variable
pythia-70m,very_high,114,15,10,0.12935602180659772,0.6666666666666666,variable
pythia-70m,very_high,115,15,15,0.46083339502414067,1.0,always_correct
pythia-70m,very_high,116,15,11,0.2687024270494779,0.7333333333333333,variable
pythia-70m,very_high,117,15,5,0.13627838369478315,0.3333333333333333,variable
pythia-70m,very_high,118,15,5,0.11274571729203066,0.3333333333333333,variable
pythia-70m,very_high,119,15,10,0.1425862450695907,0.6666666666666666,variable
pythia-70m,very_high,120,15,5,0.08925228698595523,0.3333333333333333,variable
pythia-70m,very_high,121,15,0,0.002381168286471317,0.0,always_wrong
pythia-70m,very_high,122,15,10,0.27186763249337675,0.6666666666666666,variable
pythia-70m,very_high,123,15,5,0.13733803381522497,0.3333333333333333,variable
pythia-70m,very_high,124,15,12,0.14799577969436845,0.8,variable
pythia-70m,very_high,125,15,8,0.1292593475120763,0.5333333333333333,variable
pythia-70m,very_high,126,15,10,0.2600505692573885,0.6666666666666666,variable
pythia-70m,very_high,127,15,15,0.5969888071219126,1.0,always_correct
pythia-70m,very_high,128,15,14,0.22256595989068348,0.9333333333333333,variable
pythia-70m,very_high,129,15,5,0.1349057344334142,0.3333333333333333,variable
pythia-70m,very_high,130,15,12,0.3242736879736185,0.8,variable
pythia-70m,very_high,131,15,6,0.1143718349436919,0.4,variable
pythia-70m,very_high,132,15,10,0.1511601246893406,0.6666666666666666,variable
pythia-70m,very_high,133,15,10,0.475563451746954,0.6666666666666666,variable
pythia-70m,very_high,134,15,7,0.1300432605203241,0.4666666666666667,variable
pythia-70m,very_high,135,15,12,0.3365893172721068,0.8,variable
pythia-70m,very_high,136,15,9,0.22132240156061017,0.6,variable
pythia-70m,very_high,137,15,8,0.1081829197704792,0.5333333333333333,variable
pythia-70m,very_high,138,15,14,0.3990424973734965,0.9333333333333333,variable
pythia-70m,very_high,139,15,1,0.026344072868232614,0.06666666666666667,variable
pythia-70m,very_high,140,15,10,0.11788807966125509,0.6666666666666666,variable
pythia-70m,very_high,141,15,10,0.15784867030063954,0.6666666666666666,variable
pythia-70m,very_high,142,15,6,0.2452684945378375,0.4,variable
pythia-70m,very_high,143,15,4,0.05810875032523957,0.26666666666666666,variable
pythia-70m,very_high,144,15,4,0.06364841645893951,0.26666666666666666,variable
pythia-70m,very_high,145,15,1,0.017270067625092148,0.06666666666666667,variable
pythia-70m,very_high,146,15,10,0.34790512413407365,0.6666666666666666,variable
pythia-70m,very_high,147,15,4,0.06356581063737395,0.26666666666666666,variable
pythia-70m,very_high,148,15,10,0.4219742937944829,0.6666666666666666,variable
pythia-70m,very_high,149,15,10,0.1335724687553011,0.6666666666666666,variable
pythia-70m,very_high,150,15,11,0.12737718671560289,0.7333333333333333,variable
pythia-70m,very_high,151,15,5,0.12791375662200152,0.3333333333333333,variable
pythia-70m,very_high,152,15,10,0.1479544161586091,0.6666666666666666,variable
pythia-70m,very_high,153,15,9,0.1422514866727094,0.6,variable
pythia-70m,very_high,154,15,1,0.017873749580758158,0.06666666666666667,variable
pythia-70m,very_high,155,15,14,0.39576033055782317,0.9333333333333333,variable
pythia-70m,very_high,156,15,10,0.2991278438208004,0.6666666666666666,variable
pythia-70m,very_high,157,15,0,0.010703447771599409,0.0,always_wrong
pythia-70m,very_high,158,15,5,0.10178233453771099,0.3333333333333333,variable
pythia-70m,very_high,159,15,10,0.2723764633138975,0.6666666666666666,variable
pythia-70m,very_high,160,15,10,0.44462618653972946,0.6666666666666666,variable
pythia-70m,very_high,161,15,7,0.12171305058679233,0.4666666666666667,variable
pythia-70m,very_high,162,15,15,0.41040916641553243,1.0,always_correct
pythia-70m,very_high,163,15,10,0.37315938932736875,0.6666666666666666,variable
pythia-70m,very_high,164,15,10,0.3137378639852007,0.6666666666666666,variable
pythia-70m,very_high,165,15,5,0.07797546120758246,0.3333333333333333,variable
pythia-70m,very_high,166,15,3,0.051860251056496054,0.2,variable
pythia-70m,very_high,167,15,11,0.20368136825660865,0.7333333333333333,variable
pythia-70m,very_high,168,15,9,0.1203076993736128,0.6,variable
pythia-70m,very_high,169,15,4,0.10798635153332725,0.26666666666666666,variable
pythia-70m,very_high,170,15,0,0.0014990375799243338,0.0,always_wrong
pythia-70m,very_high,171,15,7,0.12254922912300875,0.4666666666666667,variable
pythia-70m,very_high,172,15,7,0.20493766200646255,0.4666666666666667,variable
pythia-70m,very_high,173,15,3,0.06383173666351165,0.2,variable
pythia-70m,very_high,174,15,10,0.17538939267396927,0.6666666666666666,variable
pythia-70m,very_high,175,15,8,0.17468625094431142,0.5333333333333333,variable
pythia-70m,very_high,176,15,10,0.16242338499384157,0.6666666666666666,variable
pythia-70m,very_high,177,15,8,0.16245237635448576,0.5333333333333333,variable
pythia-70m,very_high,178,15,6,0.16924871125568947,0.4,variable
pythia-70m,very_high,179,15,6,0.2013480278973778,0.4,variable
pythia-70m,very_high,180,15,5,0.20863029967683058,0.3333333333333333,variable
pythia-70m,very_high,181,15,0,0.01961716793399925,0.0,always_wrong
pythia-70m,very_high,182,15,8,0.20627509007851283,0.5333333333333333,variable
pythia-70m,very_high,183,15,11,0.21083164419978856,0.7333333333333333,variable
pythia-70m,very_high,184,15,14,0.36804073229432105,0.9333333333333333,variable
pythia-70m,very_high,185,15,10,0.301485354075218,0.6666666666666666,variable
pythia-70m,very_high,186,15,15,0.40227238337198895,1.0,always_correct
pythia-70m,very_high,187,15,9,0.19923235699437403,0.6,variable
pythia-70m,very_high,188,15,4,0.1196480471563215,0.26666666666666666,variable
pythia-70m,very_high,189,15,10,0.41105086108048755,0.6666666666666666,variable
pythia-70m,very_high,190,15,2,0.04033179034789403,0.13333333333333333,variable
pythia-70m,very_high,191,15,7,0.10637875684915343,0.4666666666666667,variable
pythia-70m,very_high,192,15,14,0.5296325027942658,0.9333333333333333,variable
pythia-70m,very_high,193,15,8,0.12773095681720104,0.5333333333333333,variable
pythia-70m,very_high,194,15,14,0.29578585426012677,0.9333333333333333,variable
pythia-70m,very_high,195,15,5,0.1535668625224086,0.3333333333333333,variable
pythia-70m,very_high,196,15,8,0.11033059023320675,0.5333333333333333,variable
pythia-70m,very_high,197,15,1,0.018865745285681138,0.06666666666666667,variable
pythia-70m,very_high,198,15,13,0.4811295075962941,0.8666666666666667,variable
pythia-70m,very_high,199,15,3,0.022357649391051383,0.2,variable
pythia-70m,very_high,200,15,10,0.3154582974811395,0.6666666666666666,variable
pythia-70m,very_high,201,15,14,0.2048508976896604,0.9333333333333333,variable
pythia-70m,very_high,202,15,8,0.19326933907965818,0.5333333333333333,variable
pythia-70m,very_high,203,15,6,0.07970262484207827,0.4,variable
pythia-70m,very_high,204,15,5,0.1287488509027753,0.3333333333333333,variable
pythia-70m,very_high,205,15,5,0.09000898213889741,0.3333333333333333,variable
pythia-70m,very_high,206,15,10,0.4144303100804488,0.6666666666666666,variable
pythia-70m,very_high,207,15,5,0.06202640365809202,0.3333333333333333,variable
pythia-70m,very_high,208,15,4,0.06500211482634768,0.26666666666666666,variable
pythia-70m,very_high,209,15,7,0.10385077871227016,0.4666666666666667,variable
pythia-70m,very_high,210,15,5,0.13765077820668617,0.3333333333333333,variable
pythia-70m,very_high,211,15,10,0.3930615123361349,0.6666666666666666,variable
pythia-70m,very_high,212,15,2,0.025785207593192656,0.13333333333333333,variable
pythia-70m,very_high,213,15,14,0.38687260349591573,0.9333333333333333,variable
pythia-70m,very_high,214,15,5,0.04814296116431554,0.3333333333333333,variable
pythia-70m,very_high,215,15,12,0.3120898020764192,0.8,variable
pythia-70m,very_high,216,15,9,0.1299450999436279,0.6,variable
pythia-70m,very_high,217,15,9,0.26689304742758396,0.6,variable
pythia-70m,very_high,218,15,5,0.07891578412284919,0.3333333333333333,variable
pythia-70m,very_high,219,15,10,0.14989404561929404,0.6666666666666666,variable
pythia-70m,very_high,220,15,15,0.26371899445851643,1.0,always_correct
pythia-70m,very_high,221,15,15,0.5707913676897685,1.0,always_correct
pythia-70m,very_high,222,15,9,0.07196886604633619,0.6,variable
pythia-70m,very_high,223,15,7,0.21319673508405684,0.4666666666666667,variable
pythia-70m,very_high,224,15,5,0.064506554727753,0.3333333333333333,variable
