layer,head,role,bos_fraction,self_fraction,prev_fraction,source_fraction,target_fraction,repeat_fraction,induction_score,distractor_fraction,entropy,model
0,0,diffuse,0.14625073969364166,0.041884083300828934,0.0795370414853096,0.09779989719390869,0.026905912905931473,0.335958331823349,0.013923333026468754,0.3930848240852356,4.2136664390563965,pythia-70m
0,1,previous_token,0.0007096768240444362,0.20738719403743744,0.41443756222724915,0.02003045193850994,0.003150012344121933,0.8576094508171082,0.0009142517228610814,0.118500255048275,2.6698546409606934,pythia-70m
0,2,bos_sink,0.5478950142860413,0.049191366881132126,0.016222629696130753,0.12126410007476807,0.01745426096022129,0.12693344056606293,0.06941686570644379,0.1864531934261322,2.8937981128692627,pythia-70m
0,3,induction,0.025845598429441452,0.10587327182292938,5.182645327295177e-05,0.8655315041542053,0.0003911245730705559,0.10625705868005753,0.8648471832275391,0.0019748208578675985,0.7024359703063965,pythia-70m
0,4,bos_sink,0.3126256465911865,0.22009848058223724,0.1897151619195938,0.020871534943580627,0.00438879057765007,0.5530543327331543,0.002021108753979206,0.10905972123146057,2.939143419265747,pythia-70m
0,5,induction,0.2267492115497589,0.11101087927818298,0.02020520158112049,0.49739763140678406,0.005201054271310568,0.1785411536693573,0.47777843475341797,0.09211105108261108,2.5379436016082764,pythia-70m
0,6,bos_sink,0.7009181976318359,0.00869310088455677,0.02043219283223152,0.050109174102544785,0.012531306594610214,0.08620880544185638,0.005391289945691824,0.15023256838321686,2.177990674972534,pythia-70m
0,7,previous_token,0.01375900860875845,0.23430441319942474,0.2910385727882385,0.03777903690934181,0.005909893661737442,0.758777379989624,0.0025646735448390245,0.18377459049224854,3.205090284347534,pythia-70m
1,0,bos_sink,0.3029289245605469,0.041913095861673355,0.05271894484758377,0.13389268517494202,0.03430251032114029,0.20571301877498627,0.02010096050798893,0.32316261529922485,3.925347089767456,pythia-70m
1,1,previous_token,0.3182046115398407,0.2705998420715332,0.24733732640743256,0.010400643572211266,0.0010434697614982724,0.6245230436325073,0.0006087670917622745,0.04582827910780907,2.4211978912353516,pythia-70m
1,2,previous_token,0.008460639975965023,0.3672737777233124,0.2913481891155243,0.07439598441123962,0.003556686919182539,0.7899332046508789,0.002720239106565714,0.123653344810009,2.809842109680176,pythia-70m
1,3,previous_token,0.0032392346765846014,0.1364831030368805,0.2764572203159332,0.01039927452802658,0.0039598895236849785,0.8045186996459961,0.0014538818504661322,0.1778828203678131,3.088754892349243,pythia-70m
1,4,bos_sink,0.3789958655834198,0.018798327073454857,0.01422064658254385,0.21020784974098206,0.035929225385189056,0.07931952178478241,0.053218990564346313,0.2955472767353058,3.633063793182373,pythia-70m
1,5,diffuse,0.20587891340255737,0.18892168998718262,0.1515401005744934,0.06776928156614304,0.010716129094362259,0.5373469591140747,0.01341189444065094,0.178288534283638,3.561414957046509,pythia-70m
1,6,diffuse,0.18683579564094543,0.1581219583749771,0.07091261446475983,0.1715220957994461,0.028631778433918953,0.3363800048828125,0.0836920440196991,0.27663031220436096,4.012062072753906,pythia-70m
1,7,bos_sink,0.640285849571228,0.12353148311376572,0.07362538576126099,0.02792441099882126,0.004426255356520414,0.25788772106170654,0.005848228931427002,0.0694756880402565,2.1205344200134277,pythia-70m
2,0,diffuse,0.25160208344459534,0.0790364071726799,0.10304324328899384,0.05452564358711243,0.014134109020233154,0.40050119161605835,0.009397981688380241,0.27923694252967834,3.7883613109588623,pythia-70m
2,1,previous_token,0.00031645980197936296,0.055451273918151855,0.8848294019699097,0.007444492541253567,2.143172787327785e-05,0.96769779920578,8.707440457556004e-08,0.024520395323634148,0.7561205625534058,pythia-70m
2,2,diffuse,0.19001828134059906,0.03921103850007057,0.04640743508934975,0.034335505217313766,0.012223073281347752,0.3195831775665283,0.010890900157392025,0.4438399374485016,3.915055513381958,pythia-70m
2,3,diffuse,0.05366155132651329,0.22439882159233093,0.18994379043579102,0.03961576148867607,0.010457619093358517,0.6399977207183838,0.008818511851131916,0.2562674880027771,3.631715774536133,pythia-70m
2,4,previous_token,0.002144809579476714,0.18825744092464447,0.27035626769065857,0.001492867711931467,0.000908721936866641,0.8626062870025635,0.0005508032627403736,0.13284745812416077,2.8560874462127686,pythia-70m
2,5,diffuse,0.19948384165763855,0.03686686232686043,0.03480425849556923,0.11231262236833572,0.04639356955885887,0.1685488224029541,0.03917313367128372,0.47326117753982544,4.176443099975586,pythia-70m
2,6,induction,0.2090509980916977,0.05976054444909096,0.005921554751694202,0.6185068488121033,0.009846522472798824,0.08386397361755371,0.6032118201255798,0.07873173803091049,2.062328577041626,pythia-70m
2,7,previous_token,0.145567387342453,0.07444684207439423,0.2048226147890091,0.0014989344635978341,0.00031392049277201295,0.7785541415214539,0.00019104790408164263,0.07406555861234665,2.7989320755004883,pythia-70m
3,0,diffuse,0.2969932556152344,0.06323312222957611,0.043071236461400986,0.012662660330533981,0.2750077247619629,0.21943600475788116,0.007853299379348755,0.19590067863464355,3.2164394855499268,pythia-70m
3,1,diffuse,0.2762540578842163,0.0354575514793396,0.017582720145583153,0.009808932431042194,0.5771558284759521,0.09161403775215149,0.007307946216315031,0.0451667420566082,1.9131884574890137,pythia-70m
3,2,diffuse,0.15081556141376495,0.07314647734165192,0.0868406742811203,0.09536568820476532,0.017054857686161995,0.36838215589523315,0.012540771625936031,0.36838188767433167,4.13596773147583,pythia-70m
3,3,bos_sink,0.5089378356933594,0.017326803877949715,0.01433434896171093,0.0817888155579567,0.14973144233226776,0.0718848928809166,0.02420450560748577,0.18765679001808167,2.8961575031280518,pythia-70m
3,4,previous_token,0.12062960863113403,0.1329105645418167,0.20668098330497742,0.02560083568096161,0.004255346022546291,0.6658492684364319,0.003258178709074855,0.18366503715515137,3.433974266052246,pythia-70m
3,5,diffuse,0.16507579386234283,0.03073563612997532,0.011301951482892036,0.0036744503304362297,0.7368955612182617,0.07047542184591293,0.0020299472380429506,0.02387883886694908,1.4133639335632324,pythia-70m
3,6,diffuse,0.11538750678300858,0.018135471269488335,0.005246939603239298,0.004023563116788864,0.8311453461647034,0.034417010843753815,0.002268114360049367,0.015027168206870556,0.9916404485702515,pythia-70m
3,7,diffuse,0.249193474650383,0.055287644267082214,0.07851492613554001,0.037960395216941833,0.01592702977359295,0.3416646122932434,0.008580025285482407,0.35525453090667725,3.8321645259857178,pythia-70m
4,0,bos_sink,0.3340807259082794,0.003946328070014715,0.009574427269399166,0.060997072607278824,0.04761401563882828,0.086497001349926,0.01865358278155327,0.4708111584186554,3.66536545753479,pythia-70m
4,1,bos_sink,0.867870569229126,0.016318198293447495,0.016149500384926796,0.0015613374998793006,0.05209343880414963,0.06252619624137878,0.0006630183779634535,0.015949364751577377,0.9544457197189331,pythia-70m
4,2,bos_sink,0.4561883807182312,0.0034385002218186855,0.009536494500935078,0.048032745718955994,0.16238634288311005,0.05625215172767639,0.021169934421777725,0.27713996171951294,2.9983255863189697,pythia-70m
4,3,bos_sink,0.9118722677230835,0.0005812539020553231,0.0018838092219084501,0.005044645629823208,0.02272247150540352,0.010381648316979408,0.0021497581619769335,0.04997973516583443,0.7596105933189392,pythia-70m
4,4,bos_sink,0.600655198097229,0.003971656318753958,0.0031173580791801214,0.04940817132592201,0.1428864449262619,0.03097274899482727,0.015055130235850811,0.17607741057872772,2.3815183639526367,pythia-70m
4,5,diffuse,0.27910909056663513,0.004902447108179331,0.012537356466054916,0.16487349569797516,0.06950265914201736,0.06931112706661224,0.03274727240204811,0.4172031879425049,3.914353609085083,pythia-70m
4,6,bos_sink,0.5122556686401367,0.006958500947803259,0.003250464564189315,0.12382376194000244,0.07557607442140579,0.03410136327147484,0.02539544552564621,0.2542428970336914,2.974047899246216,pythia-70m
4,7,diffuse,0.027728810906410217,0.001732584205456078,0.007573109120130539,0.08899498730897903,0.46481993794441223,0.044428832828998566,0.046940796077251434,0.37402746081352234,3.0815768241882324,pythia-70m
5,0,bos_sink,0.4117271602153778,0.18121932446956635,0.13759250938892365,0.00013580769882537425,0.00025620879023335874,0.5219735503196716,8.194697875296697e-05,0.06590709090232849,2.5598554611206055,pythia-70m
5,1,previous_token,0.0005954111693426967,0.03885367140173912,0.2710689306259155,0.002552903490141034,0.0010555399348959327,0.7485135793685913,0.000361444428563118,0.24728210270404816,2.998696804046631,pythia-70m
5,2,diffuse,0.03411315381526947,0.7380028367042542,0.0876552015542984,8.05951094662305e-06,4.1209797927876934e-05,0.9097985029220581,2.1058410766272573e-06,0.05603933706879616,1.5818614959716797,pythia-70m
5,3,diffuse,0.0749863013625145,0.578879714012146,0.18002763390541077,0.00012602390779647976,3.1958162787122657e-13,0.8382868766784668,4.582716792356223e-05,0.08660095930099487,2.0261077880859375,pythia-70m
5,4,bos_sink,0.8713613748550415,0.012350705452263355,0.061617959290742874,1.5559800203845953e-06,1.2666044602038795e-10,0.12376412749290466,1.7796587314933277e-08,0.004872855264693499,0.8114936351776123,pythia-70m
5,5,bos_sink,0.8099855184555054,0.05581464245915413,0.03714742138981819,0.0006544116185978055,0.0008584648021496832,0.14398957788944244,0.0002586185291875154,0.04451264441013336,1.2911930084228516,pythia-70m
5,6,bos_sink,0.8349708914756775,0.004369691014289856,0.018758779391646385,0.0016517085023224354,7.279471901711076e-05,0.11851121485233307,0.0007639462710358202,0.044793590903282166,1.1602435111999512,pythia-70m
5,7,previous_token,5.707836692181445e-08,0.4458022713661194,0.4085915684700012,4.780645758728497e-05,7.245465531013906e-05,0.9712143540382385,6.285209565248806e-06,0.028665225952863693,1.7143325805664062,pythia-70m
0,0,previous_token,0.3067626357078552,0.20312805473804474,0.24821476638317108,0.01836131140589714,0.0014747512759640813,0.6021828651428223,0.000522047106642276,0.0712183266878128,2.6960995197296143,pythia-160m
0,1,bos_sink,0.44861939549446106,0.042200203984975815,0.031870804727077484,0.10655121505260468,0.021793801337480545,0.1725943684577942,0.031067613512277603,0.2504409849643707,3.393428325653076,pythia-160m
0,2,diffuse,0.013660567812621593,0.19607190787792206,0.14514106512069702,0.09615905582904816,0.021681740880012512,0.55975341796875,0.02490067295730114,0.308745414018631,3.9538893699645996,pythia-160m
0,3,diffuse,0.015469713136553764,0.14051078259944916,0.11154215037822723,0.12575244903564453,0.028218060731887817,0.45788878202438354,0.030626187101006508,0.37267106771469116,4.201253414154053,pythia-160m
0,4,previous_token,0.0024089778307825327,0.10336001962423325,0.2567734718322754,0.028226956725120544,0.010406342335045338,0.6996297836303711,0.0027698834892362356,0.2593279778957367,3.4944491386413574,pythia-160m
0,5,bos_sink,0.6268300414085388,0.027484599500894547,0.019839737564325333,0.08234694600105286,0.015499118715524673,0.10210007429122925,0.02216152474284172,0.1732238382101059,2.58591628074646,pythia-160m
0,6,bos_sink,0.4293045103549957,0.07455392926931381,0.06751295924186707,0.09738914668560028,0.015652881935238838,0.25050216913223267,0.013683768920600414,0.20715130865573883,3.377065658569336,pythia-160m
0,7,induction,0.07126667350530624,0.06731799244880676,0.0001633518113521859,0.8542344570159912,0.0008956016972661018,0.06806885451078415,0.84904545545578,0.0055342684499919415,0.8612078428268433,pythia-160m
0,8,previous_token,0.009685851633548737,0.2913774251937866,0.28075388073921204,0.03501400724053383,0.0046984306536614895,0.8048889636993408,0.002583134453743696,0.14571286737918854,3.007077693939209,pythia-160m
0,9,diffuse,0.03861502185463905,0.1584940254688263,0.08622914552688599,0.14012373983860016,0.028330452740192413,0.44053301215171814,0.05178171768784523,0.35239773988723755,4.216544151306152,pythia-160m
0,10,diffuse,0.19084055721759796,0.09485507011413574,0.08931949734687805,0.09787333011627197,0.023122228682041168,0.37410545349121094,0.021197432652115822,0.3140583038330078,4.074671745300293,pythia-160m
0,11,bos_sink,0.9844698309898376,0.0006924666231498122,0.0006564368959516287,0.003820252139121294,0.0007323267636820674,0.003195610363036394,0.0008779957424849272,0.007782257627695799,0.18361066281795502,pythia-160m
1,0,previous_token,0.15429210662841797,0.27928605675697327,0.21968886256217957,0.07006406038999557,0.009582883678376675,0.6105743646621704,0.006038254126906395,0.1554863601922989,3.2887942790985107,pythia-160m
1,1,bos_sink,0.6618992686271667,0.05773515626788139,0.19968050718307495,0.010112316347658634,0.00024516426492482424,0.30447372794151306,9.23018524190411e-05,0.023269860073924065,1.6001747846603394,pythia-160m
1,2,previous_token,0.0025702137500047684,0.2068372666835785,0.5874268412590027,0.004520978778600693,0.00010128895519301295,0.966753363609314,2.9146953238523565e-05,0.026054561138153076,1.739065170288086,pythia-160m
1,3,diffuse,0.10767149925231934,0.072263702750206,0.032510846853256226,0.2800273895263672,0.04694156348705292,0.20145978033542633,0.11501223593950272,0.3639000654220581,4.320511341094971,pythia-160m
1,4,bos_sink,0.6533961296081543,0.008530479855835438,0.007475660648196936,0.09770725667476654,0.020764870569109917,0.03646574169397354,0.022685954347252846,0.19166602194309235,2.423272132873535,pythia-160m
1,5,diffuse,0.12321416288614273,0.06706324964761734,0.06944893300533295,0.1981792449951172,0.03177567943930626,0.26779401302337646,0.029638879001140594,0.3790369927883148,4.337178707122803,pythia-160m
1,6,induction,0.3335365355014801,0.05239500105381012,0.001725099515169859,0.4893021583557129,0.004666920751333237,0.07616002857685089,0.47309207916259766,0.09633424878120422,2.2306272983551025,pythia-160m
1,7,previous_token,0.007577680051326752,0.34092897176742554,0.22524310648441315,0.07652124762535095,0.007890762761235237,0.6471919417381287,0.005413867998868227,0.26081839203834534,3.2292277812957764,pythia-160m
1,8,bos_sink,0.5069385170936584,0.023449357599020004,0.01574142649769783,0.17088477313518524,0.01689596101641655,0.09235045313835144,0.03570430353283882,0.21293038129806519,3.126549243927002,pythia-160m
1,9,bos_sink,0.4153622090816498,0.011333671398460865,0.026594214141368866,0.15109750628471375,0.027205374091863632,0.1161077544093132,0.010386744514107704,0.29022741317749023,3.518134355545044,pythia-160m
1,10,induction,0.38616943359375,0.007043644320219755,9.074702393263578e-05,0.5939080119132996,0.0022701250854879618,0.007467992138117552,0.5906181931495667,0.01018392201513052,1.1856915950775146,pythia-160m
1,11,diffuse,0.024891041219234467,0.14800147712230682,0.17653360962867737,0.039240822196006775,0.009139077737927437,0.6602546572685242,0.010034436360001564,0.2664744257926941,3.6506285667419434,pythia-160m
2,0,bos_sink,0.4049895703792572,0.09128741919994354,0.08147811144590378,0.030546482652425766,0.0081430459395051,0.39592963457107544,0.013873204588890076,0.16039127111434937,3.1480860710144043,pythia-160m
2,1,bos_sink,0.3230912685394287,0.22151131927967072,0.1868424266576767,0.015283086337149143,0.0029868243727833033,0.5640568137168884,0.002224123803898692,0.09458230435848236,2.844137191772461,pythia-160m
2,2,bos_sink,0.6243449449539185,0.07469235360622406,0.05822969600558281,0.04799700900912285,0.007968355901539326,0.19637614488601685,0.010336718522012234,0.12331371009349823,2.429849624633789,pythia-160m
2,3,bos_sink,0.3116796910762787,0.15276750922203064,0.11189119517803192,0.08600487560033798,0.016308840364217758,0.3792992830276489,0.020498447120189667,0.20670737326145172,3.5559606552124023,pythia-160m
2,4,bos_sink,0.31045472621917725,0.044757865369319916,0.07777170091867447,0.1002710685133934,0.024282284080982208,0.26349350810050964,0.011171065270900726,0.3014983832836151,3.833949565887451,pythia-160m
2,5,bos_sink,0.7668810486793518,0.061827730387449265,0.04872293025255203,0.030112147331237793,0.003792444011196494,0.14291244745254517,0.00486886827275157,0.05630115419626236,1.6201918125152588,pythia-160m
2,6,bos_sink,0.43648234009742737,0.19512929022312164,0.17414022982120514,0.028700634837150574,0.002582796150818467,0.44746118783950806,0.0015669998247176409,0.08477278798818588,2.5912551879882812,pythia-160m
2,7,diffuse,0.03622276708483696,0.06634107232093811,0.059403009712696075,0.2133215367794037,0.036550767719745636,0.2647157311439514,0.04068366065621376,0.44918936491012573,4.420365810394287,pythia-160m
2,8,previous_token,0.0013082120567560196,0.1593877077102661,0.49795833230018616,0.003876877948641777,0.0007783799665048718,0.9242717027664185,0.00020100532856304199,0.0697653591632843,2.138883590698242,pythia-160m
2,9,bos_sink,0.657370388507843,0.10159634053707123,0.10494839400053024,0.020029647275805473,0.0022853121627122164,0.2571457624435425,0.0013629489112645388,0.06316892057657242,1.968742847442627,pythia-160m
2,10,bos_sink,0.3888697028160095,0.09754957258701324,0.02319600246846676,0.18191328644752502,0.022573212161660194,0.18316440284252167,0.12248669564723969,0.2234795093536377,3.408289909362793,pythia-160m
2,11,bos_sink,0.5699396133422852,0.22243791818618774,0.07498437166213989,0.015371322631835938,0.0018519657896831632,0.33915331959724426,0.0030389854218810797,0.07368411123752594,2.116260290145874,pythia-160m
3,0,previous_token,0.02634597383439541,0.10600575059652328,0.815012514591217,0.011906095780432224,6.3543675423716195e-06,0.9501811265945435,8.233870119056519e-08,0.011560949496924877,1.0441268682479858,pythia-160m
3,1,previous_token,0.03987140208482742,0.0828554779291153,0.6206220984458923,0.0006869239150546491,3.343422577017918e-05,0.9408150911331177,4.188935236015823e-06,0.018593380227684975,1.6922571659088135,pythia-160m
3,2,previous_token,1.0408229172753636e-05,0.019674008712172508,0.9645854830741882,0.00012593308929353952,6.378767380965655e-08,0.9986526370048523,1.3903950213389749e-10,0.001209970680065453,0.2640494108200073,pythia-160m
3,3,induction,0.005617286544293165,0.5419968366622925,0.004447719547897577,0.4131484925746918,0.0013950509019196033,0.5597643256187439,0.4090992510318756,0.020075079053640366,1.415034532546997,pythia-160m
3,4,previous_token,0.01770000346004963,0.06804071366786957,0.31975501775741577,0.006993344519287348,0.0008429011795669794,0.9386560320854187,0.0003165694361086935,0.03580806404352188,2.209646224975586,pythia-160m
3,5,bos_sink,0.5342938899993896,0.049460504204034805,0.07009202986955643,0.044137295335531235,0.01226311270147562,0.2678239047527313,0.010262859053909779,0.14148204028606415,2.825897693634033,pythia-160m
3,6,bos_sink,0.31991544365882874,0.06272519379854202,0.08646821230649948,0.05866933986544609,0.018043726682662964,0.32863205671310425,0.011591892689466476,0.2747390866279602,3.689244270324707,pythia-160m
3,7,bos_sink,0.3789161741733551,0.08722169697284698,0.04513268545269966,0.15239578485488892,0.02374899387359619,0.22566886246204376,0.06904733926057816,0.21927016973495483,3.5689163208007812,pythia-160m
3,8,diffuse,0.2145065814256668,0.06726284325122833,0.09602329134941101,0.01296856626868248,0.0035159303806722164,0.5726731419563293,0.003780729603022337,0.1963355541229248,3.3713431358337402,pythia-160m
3,9,bos_sink,0.3982338309288025,0.22885744273662567,0.2020227611064911,0.010689516551792622,0.0009010109351947904,0.5382820963859558,0.0006973244016990066,0.05189332738518715,2.415473699569702,pythia-160m
3,10,bos_sink,0.3241645395755768,0.1065390482544899,0.12086302042007446,0.07486213743686676,0.018599914386868477,0.3953379690647125,0.016893263906240463,0.18703554570674896,3.5337905883789062,pythia-160m
3,11,bos_sink,0.37240126729011536,0.07270359992980957,0.06842470169067383,0.13461369276046753,0.01943126507103443,0.2373029887676239,0.01777951605618,0.2362508475780487,3.616804361343384,pythia-160m
4,0,bos_sink,0.5682184100151062,0.09855999052524567,0.12302704900503159,0.01262911967933178,0.0029416067991405725,0.3474789261817932,0.0020563965663313866,0.06873176246881485,2.3223416805267334,pythia-160m
4,1,bos_sink,0.4851974844932556,0.006445273291319609,0.02395053580403328,0.09612056612968445,0.030472012236714363,0.10974329710006714,0.007520177401602268,0.27846667170524597,3.2292842864990234,pythia-160m
4,2,bos_sink,0.601571798324585,0.04961344227194786,0.08407533168792725,0.033681437373161316,0.0013081840006634593,0.31536832451820374,0.0019713526125997305,0.048070278018713,2.2351856231689453,pythia-160m
4,3,diffuse,0.19297750294208527,0.05640018731355667,0.09785165637731552,0.14611953496932983,0.015098534524440765,0.33604687452316284,0.011404665187001228,0.3097575306892395,4.037190914154053,pythia-160m
4,4,bos_sink,0.4399663209915161,0.07089646905660629,0.14003154635429382,0.01709630899131298,0.0026939192321151495,0.41426870226860046,0.001691622193902731,0.1259743571281433,2.8526017665863037,pythia-160m
4,5,previous_token,0.25615766644477844,0.08624208718538284,0.28504133224487305,0.0035889185965061188,0.0004181475087534636,0.6693320274353027,0.00029780963086523116,0.07050349563360214,2.730435371398926,pythia-160m
4,6,diffuse,0.010718965902924538,5.6751614465611055e-05,4.00441649617278e-06,0.0006919177249073982,0.988369345664978,7.103852840373293e-05,0.00044927612179890275,0.0001490154245402664,0.09844908118247986,pythia-160m
4,7,previous_token,0.16806869208812714,0.10629455745220184,0.2107069194316864,0.0069297198206186295,0.002792291110381484,0.6659948229789734,0.001016232999972999,0.15621420741081238,3.2435858249664307,pythia-160m
4,8,diffuse,0.08845710009336472,0.00650567002594471,0.005003104917705059,0.01230979710817337,0.8264650106430054,0.029616938903927803,0.00543272215873003,0.04315127059817314,1.1952015161514282,pythia-160m
4,9,bos_sink,0.3054032623767853,0.060728441923856735,0.08215615153312683,0.0805567130446434,0.08438608050346375,0.27819299697875977,0.026076504960656166,0.2514609694480896,3.755007743835449,pythia-160m
4,10,diffuse,0.07673674076795578,7.652069325558841e-05,2.5892220492096385e-06,0.0025535335298627615,0.9200724959373474,9.434279490960762e-05,0.002330601681023836,0.0005428320728242397,0.42660337686538696,pythia-160m
4,11,diffuse,0.21796151995658875,0.002375517738983035,0.0009438882116228342,0.013269081711769104,0.743187427520752,0.007412097416818142,0.004663796164095402,0.018170075491070747,1.139856219291687,pythia-160m
5,0,bos_sink,0.3422390818595886,0.0036910332273691893,0.0015413920627906919,0.0172733124345541,0.6120907664299011,0.009798038750886917,0.006928801536560059,0.018599197268486023,1.3512636423110962,pythia-160m
5,1,previous_token,0.1256551593542099,0.12491704523563385,0.3462420403957367,0.0024904971942305565,0.0006331857293844223,0.7982234358787537,0.00026393186999484897,0.07299778610467911,2.765143394470215,pythia-160m
5,2,bos_sink,0.4079814553260803,0.02611093968153,0.017210273072123528,0.06055997312068939,0.06543169170618057,0.10754259675741196,0.02955608442425728,0.35848453640937805,3.4490854740142822,pythia-160m
5,3,bos_sink,0.5595895051956177,0.015487145632505417,0.014270887710154057,0.06376044452190399,0.034278277307748795,0.08145807683467865,0.02505120448768139,0.260913610458374,2.8760437965393066,pythia-160m
5,4,bos_sink,0.37521499395370483,0.015251562930643559,0.011811924166977406,0.13365665078163147,0.04847398027777672,0.07958268374204636,0.03535875678062439,0.3630715608596802,3.642087936401367,pythia-160m
5,5,bos_sink,0.47358718514442444,0.06801941245794296,0.014548531733453274,0.22675666213035583,0.06967242062091827,0.10867457091808319,0.16510611772537231,0.12130901217460632,2.8665897846221924,pythia-160m
5,6,bos_sink,0.4476871192455292,0.01010788232088089,0.0037574737798422575,0.017641637474298477,0.46995416283607483,0.019134962931275368,0.015382256358861923,0.04558221250772476,1.6340579986572266,pythia-160m
5,7,bos_sink,0.44847169518470764,0.009212498553097248,0.0036267025861889124,0.04469282925128937,0.39543649554252625,0.027346011251211166,0.02283712476491928,0.08405286818742752,2.109255313873291,pythia-160m
5,8,bos_sink,0.4303169250488281,0.14643943309783936,0.22372886538505554,0.010710005648434162,0.0012437633704394102,0.5063050985336304,0.0007819939637556672,0.051423851400613785,2.4465086460113525,pythia-160m
5,9,bos_sink,0.9379221200942993,0.0044100284576416016,0.0010047992691397667,0.020068250596523285,0.011918241158127785,0.008409692905843258,0.013891777023673058,0.02168123424053192,0.5716404914855957,pythia-160m
5,10,diffuse,0.05321384593844414,0.01017756201326847,0.00649581803008914,0.062394529581069946,0.2302766591310501,0.03759737312793732,0.03788018599152565,0.6165177822113037,3.004352331161499,pythia-160m
5,11,bos_sink,0.307810515165329,0.05544744059443474,0.10380437970161438,0.06118772551417351,0.01895667053759098,0.3556945025920868,0.008886282332241535,0.25635045766830444,3.625476360321045,pythia-160m
6,0,bos_sink,0.30083799362182617,0.07034766674041748,0.12762804329395294,0.1267368197441101,0.025289833545684814,0.349054217338562,0.02029130794107914,0.1980811208486557,3.7108194828033447,pythia-160m
6,1,bos_sink,0.39178919792175293,0.047429703176021576,0.050556257367134094,0.14307160675525665,0.02237391099333763,0.22940632700920105,0.02317037060856819,0.21335923671722412,3.5820820331573486,pythia-160m
6,2,bos_sink,0.4836571216583252,0.16999389231204987,0.2368665635585785,0.0019261635607108474,0.0012385946465656161,0.4856938123703003,0.0003695991763379425,0.02748413011431694,2.0666019916534424,pythia-160m
6,3,previous_token,0.1448611319065094,0.2334495186805725,0.2092275321483612,0.031175024807453156,0.011583548970520496,0.6905592679977417,0.007558905519545078,0.12182116508483887,3.2801084518432617,pythia-160m
6,4,bos_sink,0.6410256624221802,0.023900777101516724,0.034873489290475845,0.0375092476606369,0.00828937254846096,0.17584796249866486,0.004943355452269316,0.13732823729515076,2.4031636714935303,pythia-160m
6,5,diffuse,0.3139409124851227,0.12734076380729675,0.16451822221279144,0.046410225331783295,0.012093955650925636,0.48468008637428284,0.005732132587581873,0.14287513494491577,3.292116165161133,pythia-160m
6,6,diffuse,0.16036251187324524,0.03738358989357948,0.033191047608852386,0.09651641547679901,0.15570755302906036,0.18754085898399353,0.038594987243413925,0.3998728394508362,4.0928850173950195,pythia-160m
6,7,diffuse,0.14697928726673126,0.08442866802215576,0.04657967761158943,0.07317885756492615,0.05003836005926132,0.27161073684692383,0.025764651596546173,0.45819276571273804,4.207538604736328,pythia-160m
6,8,diffuse,0.2767219841480255,0.0961686447262764,0.10299218446016312,0.03594408556818962,0.015842484310269356,0.3891945481300354,0.007002086844295263,0.28229671716690063,3.6825649738311768,pythia-160m
6,9,bos_sink,0.8853826522827148,0.019693095237016678,0.011596188880503178,0.014035100117325783,0.0029456375632435083,0.05985015630722046,0.0025069694966077805,0.03778621181845665,0.9761669635772705,pythia-160m
6,10,induction,0.16319717466831207,0.08685626089572906,0.0126077551394701,0.23022623360157013,0.06750421971082687,0.16724446415901184,0.17404140532016754,0.3718279302120209,3.9751133918762207,pythia-160m
6,11,diffuse,0.03988191485404968,0.24524275958538055,0.13410626351833344,0.0552842952311039,0.07889211922883987,0.5352225303649902,0.027301985770463943,0.290719211101532,3.7930991649627686,pythia-160m
7,0,diffuse,0.2297670841217041,0.01172533631324768,0.028275422751903534,0.13342802226543427,0.019510749727487564,0.22593790292739868,0.018573222681879997,0.3913562297821045,4.022202014923096,pythia-160m
7,1,bos_sink,0.7949722409248352,0.008205777034163475,0.021198827773332596,0.018607715144753456,0.006533765699714422,0.07983414828777313,0.003169793402776122,0.10005182027816772,1.5636191368103027,pythia-160m
7,2,diffuse,0.2280106097459793,0.46347275376319885,0.17420276999473572,0.001135725760832429,0.010376142337918282,0.7492084503173828,0.00027363389381207526,0.0112692229449749,2.0999555587768555,pythia-160m
7,3,previous_token,0.010598491877317429,0.2537001371383667,0.2652568519115448,0.021189576014876366,0.01291672047227621,0.8222529888153076,0.0058489530347287655,0.133042111992836,3.0740227699279785,pythia-160m
7,4,previous_token,0.16498950123786926,0.19231416285037994,0.32603156566619873,0.005227359943091869,0.001453685574233532,0.8031660914421082,0.0005537524120882154,0.025163395330309868,2.5486831665039062,pythia-160m
7,5,diffuse,0.12595972418785095,0.007005791645497084,0.005315419752150774,0.2107730507850647,0.1303088366985321,0.05166332423686981,0.13335780799388885,0.4812948405742645,3.9978315830230713,pythia-160m
7,6,bos_sink,0.9076204299926758,0.04612673446536064,0.006544691510498524,0.005889160558581352,0.0008073598146438599,0.07571105659008026,0.002768519800156355,0.009972699917852879,0.698279857635498,pythia-160m
7,7,previous_token,0.04663664475083351,0.09391072392463684,0.8462022542953491,0.0033643157221376896,1.5054440893891297e-07,0.9461377859115601,7.670013069116521e-09,0.0038616328965872526,0.8408546447753906,pythia-160m
7,8,diffuse,0.19051013886928558,0.01457847747951746,0.011877615004777908,0.16871100664138794,0.10454320162534714,0.08042946457862854,0.048229362815618515,0.45580604672431946,4.110217571258545,pythia-160m
7,9,bos_sink,0.7513191103935242,0.006115174386650324,0.004239852074533701,0.028484035283327103,0.039323292672634125,0.03543445095419884,0.008121644146740437,0.1454390585422516,1.8318002223968506,pythia-160m
7,10,bos_sink,0.9650517702102661,0.034948188811540604,6.572417982131654e-22,6.306289041316249e-14,1.5539984160356493e-29,0.034948188811540604,5.763969081759926e-14,4.86716794738958e-18,0.2186298668384552,pythia-160m
7,11,bos_sink,0.3468807339668274,0.010093314573168755,0.007101844996213913,0.11065283417701721,0.15144728124141693,0.04980207234621048,0.04627769812941551,0.3412166237831116,3.4412295818328857,pythia-160m
8,0,bos_sink,0.854174792766571,0.0024134914856404066,0.049162521958351135,0.0036230296827852726,0.001464236294850707,0.10647522658109665,0.0004933691816404462,0.03426334634423256,1.059976577758789,pythia-160m
8,1,bos_sink,0.31386199593544006,0.009253826923668385,0.00423439871519804,0.06703130900859833,0.09839784353971481,0.09874848276376724,0.025871198624372482,0.4219599962234497,3.6619045734405518,pythia-160m
8,2,diffuse,0.002047670539468527,0.00045554398093372583,0.00016308232443407178,0.019535301253199577,0.9079365134239197,0.0011698966845870018,0.010298119857907295,0.06931127607822418,0.6852468848228455,pythia-160m
8,3,bos_sink,0.8978726863861084,2.0406447220011614e-05,0.00010197994561167434,0.050914615392684937,0.023394981399178505,0.0016536073526367545,0.008329508826136589,0.02616548165678978,0.8173733949661255,pythia-160m
8,4,bos_sink,0.7239542603492737,0.008703788742423058,0.015131532214581966,0.013342557474970818,0.007321568671613932,0.13384664058685303,0.0029843447264283895,0.12153516709804535,1.913784146308899,pythia-160m
8,5,bos_sink,0.9871794581413269,0.00011999262642348185,0.0008153992239385843,0.002588871866464615,0.0019399700686335564,0.004108738154172897,0.0002676350122783333,0.004184236750006676,0.1491149365901947,pythia-160m
8,6,bos_sink,0.9998780488967896,5.149433854967356e-05,1.3176844731788151e-05,4.5869441237300634e-05,2.2463622428858798e-07,7.51257612137124e-05,4.192327833152376e-05,1.8576390630187234e-06,0.002043653279542923,pythia-160m
8,7,bos_sink,0.4647292196750641,0.11796804517507553,0.003543565748259425,0.09261353313922882,0.010103647597134113,0.13942623138427734,0.06034328043460846,0.29312679171562195,3.0335938930511475,pythia-160m
8,8,diffuse,0.1221945658326149,0.00019448509556241333,0.0008560357382521033,0.04502096772193909,0.6590017676353455,0.0012883240124210715,0.021347418427467346,0.1724950224161148,1.8587121963500977,pythia-160m
8,9,bos_sink,0.9913475513458252,0.0001229437766596675,5.237818186287768e-05,0.00017643420142121613,0.00662217428907752,0.0005427522119134665,6.33949603070505e-05,0.0013118248898535967,0.08675769716501236,pythia-160m
8,10,bos_sink,0.7819547653198242,0.008272084407508373,0.0036985815968364477,0.030280396342277527,0.07928284257650375,0.02316463738679886,0.009478745050728321,0.08531789481639862,1.5177817344665527,pythia-160m
8,11,diffuse,0.00829771813005209,0.0006337757804431021,0.00019891104602720588,0.09077581018209457,0.6957022547721863,0.0015157286543399096,0.03942861035466194,0.20370838046073914,1.7601619958877563,pythia-160m
9,0,bos_sink,0.7127275466918945,0.18488654494285583,0.062241196632385254,0.006112073082476854,0.001745674293488264,0.27464795112609863,0.00019254839571658522,0.004766570869833231,1.3266382217407227,pythia-160m
9,1,bos_sink,0.6827800273895264,0.2945306897163391,0.0063204229809343815,0.009627975523471832,0.0026246546767652035,0.3044224977493286,0.002502623712643981,0.0005452593904919922,1.0902481079101562,pythia-160m
9,2,diffuse,0.15242639183998108,0.001828884589485824,0.0018827201565727592,0.048199739307165146,0.5317267775535583,0.014326060190796852,0.01984783448278904,0.2533211410045624,2.4701154232025146,pythia-160m
9,3,bos_sink,0.42713868618011475,0.005785746034234762,0.017054695636034012,0.1551048904657364,0.029881594702601433,0.1205177903175354,0.018663974478840828,0.2673567831516266,3.425780773162842,pythia-160m
9,4,diffuse,0.2998696565628052,0.00022929093393031508,0.00017058535013347864,0.10842552036046982,0.23264184594154358,0.022369930520653725,0.03764305263757706,0.3366924524307251,3.298698663711548,pythia-160m
9,5,bos_sink,0.34089991450309753,0.06989050656557083,0.05691472068428993,8.063223503995687e-06,0.3829978406429291,0.25076740980148315,2.0354364096419886e-06,0.025326132774353027,2.333878993988037,pythia-160m
9,6,diffuse,0.03238075599074364,0.00036649653338827193,0.0002876311482395977,0.05479232966899872,0.6211782097816467,0.01105443760752678,0.027397193014621735,0.2805936634540558,2.2260804176330566,pythia-160m
9,7,diffuse,0.03651111572980881,0.0038040000945329666,0.02056134305894375,0.055910177528858185,0.4572255313396454,0.11430457979440689,0.02611047960817814,0.3360483944416046,3.099961757659912,pythia-160m
9,8,diffuse,0.026717280969023705,0.0038116739597171545,0.001328261918388307,0.04069705307483673,0.7091233134269714,0.018735192716121674,0.019070973619818687,0.20472675561904907,1.9324976205825806,pythia-160m
9,9,diffuse,0.037104398012161255,0.010538697242736816,0.0074033429846167564,0.05804022401571274,0.6591722965240479,0.03384342044591904,0.024948902428150177,0.2118389904499054,2.1261744499206543,pythia-160m
9,10,bos_sink,0.9929459691047668,0.0002450376923661679,7.760018343105912e-05,0.0050542838871479034,7.921463839011267e-05,0.000554586062207818,0.00017192313680425286,0.0013659168034791946,0.08317604660987854,pythia-160m
9,11,bos_sink,0.9991552829742432,2.5527367597533157e-06,4.2270835365343373e-07,0.0004473227309063077,1.5957031791913323e-05,1.4006628589413594e-05,0.000130709886434488,0.00037011373206041753,0.012874802574515343,pythia-160m
10,0,bos_sink,0.7722827792167664,0.004393171984702349,0.004568944685161114,0.009370479732751846,0.09063331037759781,0.030692338943481445,0.003567158244550228,0.09702157974243164,1.5372159481048584,pythia-160m
10,1,bos_sink,0.6112631559371948,0.2824682295322418,0.0006078130099922419,0.034665297716856,1.5150318176893052e-05,0.2964247763156891,0.002067129360511899,0.05763173848390579,1.6557509899139404,pythia-160m
10,2,bos_sink,0.8932821750640869,1.659661029407289e-05,9.2996693679126e-10,0.01259310357272625,0.0594685822725296,0.011460895650088787,4.78110507629026e-07,0.023196028545498848,0.7596691846847534,pythia-160m
10,3,bos_sink,0.9910401701927185,3.0037335818633437e-06,1.3663438039657194e-05,0.001874162582680583,0.002184826647862792,0.0009261654340662062,2.5800531489039713e-07,0.003974935971200466,0.09915749728679657,pythia-160m
10,4,bos_sink,0.8315544128417969,0.0023002021480351686,0.006419124081730843,0.06501400470733643,0.016797838732600212,0.02863813005387783,0.008256028406322002,0.05799575522542,1.3524800539016724,pythia-160m
10,5,diffuse,4.515289901974029e-07,0.10762812197208405,0.18589714169502258,2.309365663677454e-05,1.548474028822966e-05,0.8261489868164062,9.123460586124565e-06,0.17381176352500916,2.9616384506225586,pythia-160m
10,6,diffuse,0.0901297777891159,0.0030368268489837646,0.002468112390488386,0.07699558138847351,0.5060585737228394,0.02050606906414032,0.02850550413131714,0.30630990862846375,2.8038880825042725,pythia-160m
10,7,bos_sink,0.7779048681259155,0.0007920406060293317,0.00013961947115603834,0.015501835383474827,0.10809562355279922,0.011590064503252506,0.004217945970594883,0.08690756559371948,1.4207894802093506,pythia-160m
10,8,bos_sink,0.5811271667480469,0.0008430297020822763,0.0019365721382200718,0.03742431849241257,0.19317209720611572,0.018828051164746284,0.013415169902145863,0.16944850981235504,2.277869939804077,pythia-160m
10,9,bos_sink,0.34157776832580566,0.10210922360420227,0.10053330659866333,0.025132983922958374,0.0063630882650613785,0.39530909061431885,0.0038757629226893187,0.23161664605140686,3.363680839538574,pythia-160m
10,10,bos_sink,0.4131297767162323,0.001574361464008689,0.0006295062485150993,0.046133026480674744,0.3129247725009918,0.016322890296578407,0.019720472395420074,0.21148917078971863,2.5936155319213867,pythia-160m
10,11,bos_sink,0.3544727563858032,0.001655759522691369,0.0010606673313304782,0.08981848508119583,0.18931427597999573,0.03878849372267723,0.03206077218055725,0.3276059925556183,3.300154447555542,pythia-160m
11,0,bos_sink,0.358776718378067,0.5013355016708374,0.13149859011173248,0.0002595402183942497,6.189675882950496e-09,0.6392917037010193,5.4354735823380906e-08,0.0016718799015507102,1.488178014755249,pythia-160m
11,1,bos_sink,0.33441951870918274,0.0004377199802547693,0.015154573135077953,0.026229621842503548,0.010861760005354881,0.3359447419643402,0.014552656561136246,0.2925441861152649,3.2972116470336914,pythia-160m
11,2,bos_sink,0.6528262495994568,0.0006735665374435484,0.11967165768146515,1.9267347397544654e-06,6.521963524797059e-10,0.3287983238697052,8.674126661389892e-07,0.01837320812046528,1.621178150177002,pythia-160m
11,3,bos_sink,0.9879048466682434,8.35130151699559e-08,0.003281226148828864,1.850065018516034e-05,3.271022341877483e-09,0.010774240829050541,2.8805005256038463e-12,0.0013026079395785928,0.12159134447574615,pythia-160m
11,4,diffuse,0.19561681151390076,3.2936734442046145e-06,0.0021417378447949886,0.16355851292610168,0.15040600299835205,0.06387000530958176,0.04942253604531288,0.42654845118522644,3.898361921310425,pythia-160m
11,5,bos_sink,0.44600409269332886,0.00575910322368145,0.008714133873581886,0.01618190109729767,0.0048782662488520145,0.36640751361846924,0.012455238029360771,0.16652831435203552,2.7488603591918945,pythia-160m
11,6,bos_sink,0.5933917760848999,0.006716057192534208,0.1698947250843048,2.410842796507495e-07,3.854660514390762e-12,0.3846544325351715,9.281396723230528e-14,0.02195354551076889,1.7216260433197021,pythia-160m
11,7,bos_sink,0.4351792335510254,0.049023400992155075,0.09173393249511719,0.0008284044452011585,0.00027591022080741823,0.48814815282821655,1.0972650670737494e-05,0.07556813955307007,2.5903408527374268,pythia-160m
11,8,previous_token,0.05065936595201492,0.5245286226272583,0.24986305832862854,2.413033826087485e-07,3.737038636034877e-15,0.9473485946655273,2.413033826087485e-07,0.001991532975807786,1.8654990196228027,pythia-160m
11,9,previous_token,0.08643392473459244,0.15248146653175354,0.2410712093114853,0.0005797643680125475,1.1046575210116316e-08,0.8662619590759277,8.82012682268396e-06,0.046724140644073486,2.7057900428771973,pythia-160m
11,10,bos_sink,0.6586833596229553,0.009363260120153427,0.04413113743066788,0.001552011352032423,7.578414169984171e-06,0.3163209557533264,0.001551996567286551,0.023436015471816063,1.7437083721160889,pythia-160m
11,11,diffuse,0.020840341225266457,0.7538763880729675,0.13716933131217957,0.0005034746136516333,2.558403366492712e-06,0.9526660442352295,0.0004947460256516933,0.025987517088651657,1.3482191562652588,pythia-160m
0,0,previous_token,0.002750302432104945,0.2396429032087326,0.37097883224487305,0.02738543413579464,0.0044031208381056786,0.8390424847602844,0.0015604838263243437,0.1264186054468155,2.822200298309326,pythia-410m
0,1,bos_sink,0.9995408058166504,2.314219636900816e-05,2.0647705241572112e-05,0.00012121943291276693,2.1425435988930985e-05,0.00010214005305897444,2.6743344278656878e-05,0.0002134633541572839,0.007755544036626816,pythia-410m
0,2,bos_sink,0.4564186632633209,0.05487251281738281,0.030865786597132683,0.10646098852157593,0.021526573225855827,0.17129120230674744,0.03433625027537346,0.24430274963378906,3.3499622344970703,pythia-410m
0,3,diffuse,0.1192627102136612,0.255368173122406,0.060558829456567764,0.18167781829833984,0.021844811737537384,0.4321490526199341,0.07302135229110718,0.24506554007530212,3.922170400619507,pythia-410m
0,4,diffuse,0.005271029192954302,0.10027611255645752,0.12195257097482681,0.13765640556812286,0.02809789776802063,0.4468192160129547,0.021599072962999344,0.38215556740760803,4.2170515060424805,pythia-410m
0,5,induction,0.006544196046888828,0.2009894847869873,0.004944780841469765,0.6940851807594299,0.007241629064083099,0.22231826186180115,0.6647859811782837,0.06981022655963898,1.8242652416229248,pythia-410m
0,6,diffuse,0.09580382704734802,0.08238662034273148,0.090931735932827,0.10657128691673279,0.02559843845665455,0.3939600884914398,0.02143797092139721,0.37806639075279236,4.259650230407715,pythia-410m
0,7,diffuse,0.11208205670118332,0.12167766690254211,0.09816539287567139,0.11115466058254242,0.0257461816072464,0.4119274318218231,0.03027668595314026,0.33908969163894653,4.1934661865234375,pythia-410m
0,8,bos_sink,0.592049777507782,0.05663197860121727,0.03974572941660881,0.059954117983579636,0.011330028995871544,0.179316446185112,0.014732073061168194,0.1573493629693985,2.6875953674316406,pythia-410m
0,9,diffuse,0.01761976256966591,0.10677938163280487,0.18853673338890076,0.061546482145786285,0.017697060480713844,0.6008253693580627,0.008129877969622612,0.3023114800453186,3.8708584308624268,pythia-410m
0,10,diffuse,0.04025375097990036,0.08151376992464066,0.06891627609729767,0.17607420682907104,0.037692561745643616,0.3282824754714966,0.04311356693506241,0.4176970422267914,4.4073076248168945,pythia-410m
0,11,bos_sink,0.30650240182876587,0.09740530699491501,0.05935980752110481,0.11625166237354279,0.021902408450841904,0.2853880226612091,0.03573961928486824,0.269955575466156,3.821488618850708,pythia-410m
0,12,diffuse,0.2724708020687103,0.06130779907107353,0.056721385568380356,0.11662277579307556,0.02573108673095703,0.26011601090431213,0.02970365807414055,0.3250594437122345,3.9840188026428223,pythia-410m
0,13,bos_sink,0.5902810096740723,0.021381797268986702,0.02273164503276348,0.0750962495803833,0.01714595966041088,0.11160188168287277,0.0178832970559597,0.20587489008903503,2.7678685188293457,pythia-410m
0,14,previous_token,0.004673746880143881,0.15050536394119263,0.2622639238834381,0.05027993023395538,0.012107139453291893,0.6866321563720703,0.005045285448431969,0.24630698561668396,3.5210509300231934,pythia-410m
0,15,bos_sink,0.3550974726676941,0.09241867065429688,0.04672003164887428,0.1163262277841568,0.021556740626692772,0.25240278244018555,0.04572893679141998,0.2546168565750122,3.6656384468078613,pythia-410m
1,0,bos_sink,0.9175844192504883,0.00791487842798233,0.008006625808775425,0.022627731785178185,0.0021553603000938892,0.02914845198392868,0.0014538669493049383,0.028484506532549858,0.7576655149459839,pythia-410m
1,1,bos_sink,0.7773357629776001,0.06170656904578209,0.06329972296953201,0.012245815247297287,0.0010168433655053377,0.16548408567905426,0.0008740570629015565,0.04391735792160034,1.4615074396133423,pythia-410m
1,2,diffuse,0.004855008330196142,0.0879536047577858,0.09082230180501938,0.13493409752845764,0.03457319736480713,0.38379260897636414,0.03333458676934242,0.4418449103832245,4.296634197235107,pythia-410m
1,3,previous_token,0.08150455355644226,0.1621192842721939,0.2880675494670868,0.03651600331068039,0.007290932349860668,0.6721992492675781,0.0030477161053568125,0.2024892270565033,3.375070333480835,pythia-410m
1,4,induction,0.10740934312343597,0.08992619067430496,0.0037150972057133913,0.6013765931129456,0.005391980521380901,0.14693117141723633,0.5836823582649231,0.13889090716838837,2.447744846343994,pythia-410m
1,5,diffuse,0.007486564572900534,0.15387271344661713,0.12703876197338104,0.09880419820547104,0.025677308440208435,0.4804702401161194,0.0226259957998991,0.3875615894794464,4.11065149307251,pythia-410m
1,6,previous_token,0.02993464097380638,0.16878293454647064,0.3223153352737427,0.08039883524179459,0.004429520573467016,0.7132126092910767,0.00199555279687047,0.17202430963516235,3.24153995513916,pythia-410m
1,7,bos_sink,0.6702824831008911,0.03867264837026596,0.04715100675821304,0.07072930783033371,0.010159676894545555,0.14220893383026123,0.014456904493272305,0.10661917179822922,2.2878360748291016,pythia-410m
1,8,diffuse,0.21270471811294556,0.03172123804688454,0.03581157326698303,0.22598353028297424,0.032930392771959305,0.16930130124092102,0.037721194326877594,0.35908007621765137,4.168441295623779,pythia-410m
1,9,bos_sink,0.7833441495895386,0.03901108354330063,0.08660920709371567,0.010619345121085644,0.0009240557556040585,0.16934219002723694,0.00044910048018209636,0.035770267248153687,1.3855043649673462,pythia-410m
1,10,previous_token,0.004458250943571329,0.30485957860946655,0.21794885396957397,0.13427914679050446,0.011447903700172901,0.5851588249206543,0.00730088958516717,0.2646559774875641,3.333968162536621,pythia-410m
1,11,previous_token,0.07151427865028381,0.20651553571224213,0.235456645488739,0.06199895218014717,0.007848366163671017,0.6379731297492981,0.0049342988058924675,0.22066539525985718,3.542635679244995,pythia-410m
1,12,previous_token,0.18598495423793793,0.11747283488512039,0.24483048915863037,0.020477544516324997,0.006175814662128687,0.6225805878639221,0.0024688870180398226,0.1647813320159912,3.302079439163208,pythia-410m
1,13,diffuse,0.14618916809558868,0.05375577509403229,0.1589459478855133,0.1064901053905487,0.018591882660984993,0.4288718104362488,0.006031431257724762,0.2998569905757904,4.031075954437256,pythia-410m
1,14,previous_token,0.009130590595304966,0.14744172990322113,0.4482095539569855,0.04391821101307869,0.007408800069242716,0.7825826406478882,0.0012259428622201085,0.15695986151695251,2.8186986446380615,pythia-410m
1,15,bos_sink,0.8460655808448792,0.007658396381884813,5.766217509517446e-05,0.14202597737312317,0.00044486025581136346,0.008012144826352596,0.14044933021068573,0.0034519743639975786,0.7223218083381653,pythia-410m
2,0,diffuse,0.1182936504483223,0.0886622965335846,0.05826114863157272,0.14822593331336975,0.0324476957321167,0.3106639087200165,0.05400227755308151,0.39036884903907776,4.313698768615723,pythia-410m
2,1,bos_sink,0.5906967520713806,0.04880906641483307,0.03425447642803192,0.06347612291574478,0.013282687403261662,0.16109183430671692,0.01910521648824215,0.1714526265859604,2.7180874347686768,pythia-410m
2,2,bos_sink,0.8181401491165161,0.011386220343410969,0.009142530150711536,0.04112844914197922,0.008937397971749306,0.045910030603408813,0.012940475717186928,0.0858839601278305,1.4787087440490723,pythia-410m
2,3,diffuse,0.20559954643249512,0.03778557479381561,0.03724968433380127,0.20194709300994873,0.03974384069442749,0.17714734375476837,0.049350805580616,0.3755621314048767,4.216777324676514,pythia-410m
2,4,diffuse,0.21837253868579865,0.10410358011722565,0.05398149788379669,0.10813330113887787,0.0181909017264843,0.3426486551761627,0.047298695892095566,0.3126545548439026,3.9917750358581543,pythia-410m
2,5,bos_sink,0.48672395944595337,0.08829731494188309,0.07958874106407166,0.0479963980615139,0.007977304980158806,0.3139583468437195,0.009436200372874737,0.14334428310394287,2.9617559909820557,pythia-410m
2,6,bos_sink,0.7205458283424377,0.022557370364665985,0.020968163385987282,0.05900207906961441,0.011770990677177906,0.0898110643029213,0.012593546882271767,0.11887036263942719,2.0703275203704834,pythia-410m
2,7,previous_token,0.0010284337913617492,0.19017191231250763,0.24724379181861877,0.009853390045464039,0.00415327912196517,0.7907267212867737,0.002087971195578575,0.19423839449882507,3.1544785499572754,pythia-410m
2,8,bos_sink,0.3368869125843048,0.1204875111579895,0.06031253561377525,0.10991179943084717,0.019503196701407433,0.30030715465545654,0.03338084742426872,0.2333907037973404,3.665371894836426,pythia-410m
2,9,bos_sink,0.6116237044334412,0.03543014079332352,0.036695607006549835,0.0771852433681488,0.022795110940933228,0.12910515069961548,0.021022362634539604,0.15929093956947327,2.628523826599121,pythia-410m
2,10,induction,0.23795095086097717,0.012810219079256058,0.0009120730101130903,0.6444435119628906,0.014400345273315907,0.02020110748708248,0.6150921583175659,0.0830036848783493,1.9289215803146362,pythia-410m
2,11,bos_sink,0.3804375231266022,0.02982010506093502,0.05957014113664627,0.1343931406736374,0.02334030531346798,0.20017607510089874,0.011904136277735233,0.2616528272628784,3.636847972869873,pythia-410m
2,12,bos_sink,0.8482934236526489,0.023460736498236656,0.01661851815879345,0.032641202211380005,0.0045191203244030476,0.06020233780145645,0.005465617403388023,0.054344065487384796,1.2490980625152588,pythia-410m
2,13,diffuse,0.014841445721685886,0.17884710431098938,0.11391276121139526,0.12365593016147614,0.02974282205104828,0.5033532381057739,0.04894109070301056,0.32840675115585327,4.088460445404053,pythia-410m
2,14,diffuse,0.1492190957069397,0.0826701894402504,0.09950469434261322,0.12570670247077942,0.022859176620841026,0.4223978817462921,0.02687237784266472,0.2798170745372772,4.103238582611084,pythia-410m
2,15,bos_sink,0.3048200309276581,0.08851015567779541,0.056878462433815,0.10752314329147339,0.019477155059576035,0.2943478226661682,0.03272945061326027,0.273831844329834,3.8112618923187256,pythia-410m
3,0,bos_sink,0.5525792241096497,0.07992793619632721,0.07046898454427719,0.03210882842540741,0.006875086110085249,0.2752971649169922,0.008528754115104675,0.13313964009284973,2.690033197402954,pythia-410m
3,1,previous_token,0.0006289105513133109,0.09265478700399399,0.8118797540664673,0.010612105019390583,3.754855788429268e-05,0.9767340421676636,2.8289043711993145e-06,0.01198659185320139,1.0171624422073364,pythia-410m
3,2,bos_sink,0.567169725894928,0.02944406121969223,0.018467344343662262,0.12809884548187256,0.02240157686173916,0.09219110757112503,0.044968243688344955,0.19013836979866028,2.8617396354675293,pythia-410m
3,3,bos_sink,0.45792335271835327,0.10146532952785492,0.14396965503692627,0.03308091685175896,0.006589091848582029,0.3587501049041748,0.003810091642662883,0.14365677535533905,2.8991177082061768,pythia-410m
3,4,bos_sink,0.5079479217529297,0.16172721982002258,0.07568498700857162,0.047964297235012054,0.0064700329676270485,0.30302512645721436,0.010905943810939789,0.13459300994873047,2.7430410385131836,pythia-410m
3,5,diffuse,0.25876712799072266,0.10231735557317734,0.06636270135641098,0.15121302008628845,0.029099086299538612,0.2640381455421448,0.04127272218465805,0.2968828082084656,3.9773874282836914,pythia-410m
3,6,diffuse,0.0883772000670433,0.06371068954467773,0.06579985469579697,0.15122485160827637,0.038785383105278015,0.2743150591850281,0.03301715478301048,0.44729751348495483,4.392032623291016,pythia-410m
3,7,diffuse,0.12211751192808151,0.07392317801713943,0.027660656720399857,0.27662748098373413,0.04573345556855202,0.1876186728477478,0.13534371554851532,0.36790287494659424,4.257579326629639,pythia-410m
3,8,bos_sink,0.6874328255653381,0.07755536586046219,0.06122971698641777,0.022712841629981995,0.0030916056130081415,0.20362204313278198,0.003473091870546341,0.08314050734043121,2.007936716079712,pythia-410m
3,9,bos_sink,0.45453882217407227,0.15809057652950287,0.13862767815589905,0.02016148529946804,0.004269724246114492,0.42074137926101685,0.003207727102562785,0.1002887636423111,2.7149815559387207,pythia-410m
3,10,bos_sink,0.5349916815757751,0.09462597966194153,0.07593996822834015,0.06375157833099365,0.009849144145846367,0.24410635232925415,0.014480039477348328,0.14730121195316315,2.8188319206237793,pythia-410m
3,11,bos_sink,0.7002809643745422,0.03212801367044449,0.026603981852531433,0.044448431581258774,0.008052153512835503,0.12530820071697235,0.014021138660609722,0.12190976738929749,2.1406090259552,pythia-410m
3,12,diffuse,0.11722135543823242,0.0971434935927391,0.12441761791706085,0.058557912707328796,0.015134528279304504,0.5141995549201965,0.01133283693343401,0.29488667845726013,3.9503366947174072,pythia-410m
3,13,bos_sink,0.6707838177680969,0.10105971992015839,0.06220082566142082,0.04590258002281189,0.0041705709882080555,0.1951911747455597,0.004557928070425987,0.08395165950059891,2.067605972290039,pythia-410m
3,14,diffuse,0.22480513155460358,0.022942213341593742,0.021693333983421326,0.25192534923553467,0.044068530201911926,0.10963599383831024,0.05776871740818024,0.369564414024353,4.127433776855469,pythia-410m
3,15,diffuse,0.275041788816452,0.04294230416417122,0.030313841998577118,0.20218034088611603,0.036210037767887115,0.15719884634017944,0.06167709827423096,0.32936882972717285,4.011098384857178,pythia-410m
4,0,bos_sink,0.7319312691688538,0.09330522269010544,0.07137636095285416,0.03142794221639633,0.0019092665752395988,0.19447635114192963,0.0017361706122756004,0.040254607796669006,1.6525150537490845,pythia-410m
4,1,bos_sink,0.35930687189102173,0.04876513406634331,0.028552988544106483,0.17017506062984467,0.029499724507331848,0.14068885147571564,0.047123249620199203,0.3003295361995697,3.7355473041534424,pythia-410m
4,2,bos_sink,0.5398176908493042,0.01731916144490242,0.019236518070101738,0.09114350378513336,0.02014506608247757,0.09888739883899689,0.020078761503100395,0.2500064969062805,3.0052714347839355,pythia-410m
4,3,bos_sink,0.4718172252178192,0.056651338934898376,0.0395774282515049,0.08567536622285843,0.015531343407928944,0.19412361085414886,0.020846866071224213,0.23285242915153503,3.258383274078369,pythia-410m
4,4,diffuse,0.1616765707731247,0.048948533833026886,0.041681721806526184,0.24581968784332275,0.04006153717637062,0.19308292865753174,0.04190482199192047,0.35935938358306885,4.30033016204834,pythia-410m
4,5,bos_sink,0.6616169214248657,0.10565037280321121,0.05799927935004234,0.027242524549365044,0.0052291410975158215,0.2247922420501709,0.005427746567875147,0.08111867308616638,2.106675386428833,pythia-410m
4,6,diffuse,0.17925792932510376,0.1780887246131897,0.056220151484012604,0.15626397728919983,0.0235416479408741,0.3621860444545746,0.08055588603019714,0.2787507176399231,3.9891624450683594,pythia-410m
4,7,bos_sink,0.3690224289894104,0.03205658867955208,0.028745455667376518,0.1828320026397705,0.030462535098195076,0.12909483909606934,0.04217222332954407,0.28858813643455505,3.7030112743377686,pythia-410m
4,8,diffuse,0.22256842255592346,0.0358104445040226,0.022565124556422234,0.2321949154138565,0.04004930704832077,0.13839386403560638,0.07114148139953613,0.3667934238910675,4.142683506011963,pythia-410m
4,9,previous_token,0.0019352113595232368,0.20420999825000763,0.6748915910720825,0.045287806540727615,0.00011292703857179731,0.9337118864059448,6.206859325175174e-06,0.018951646983623505,1.494358777999878,pythia-410m
4,10,diffuse,0.1362619549036026,0.07443936914205551,0.06201436370611191,0.12365395575761795,0.03260863199830055,0.27045321464538574,0.03468263894319534,0.4370220899581909,4.296604633331299,pythia-410m
4,11,diffuse,0.0287434421479702,0.19350093603134155,0.08749184012413025,0.1749820113182068,0.02391177974641323,0.4195635914802551,0.043799202889204025,0.3527992367744446,4.170963764190674,pythia-410m
4,12,diffuse,0.1360626518726349,0.030510755255818367,0.02350783720612526,0.25816452503204346,0.04997830465435982,0.12613904476165771,0.06728021055459976,0.4296553432941437,4.324410915374756,pythia-410m
4,13,diffuse,0.21178895235061646,0.10008957237005234,0.06627613306045532,0.11108915507793427,0.025778327137231827,0.2956266701221466,0.02891671471297741,0.35571691393852234,4.093947887420654,pythia-410m
4,14,diffuse,0.0041450392454862595,0.13634145259857178,0.1982322484254837,0.02520057186484337,0.007134316489100456,0.7118139266967773,0.004934771917760372,0.2517063617706299,3.485732316970825,pythia-410m
4,15,bos_sink,0.43443456292152405,0.18129368126392365,0.06735386699438095,0.06088170409202576,0.008062649518251419,0.36388564109802246,0.028367698192596436,0.13273563981056213,2.9933340549468994,pythia-410m
5,0,bos_sink,0.35139787197113037,0.10089817643165588,0.13574013113975525,0.039666857570409775,0.005593755282461643,0.4529693126678467,0.005305454134941101,0.15037205815315247,3.2310824394226074,pythia-410m
5,1,diffuse,0.3587862551212311,0.11473344266414642,0.18564178049564362,0.03599904477596283,0.005976696964353323,0.46270740032196045,0.003242965554818511,0.1365307867527008,3.077097177505493,pythia-410m
5,2,previous_token,0.00015899358550086617,0.04619816690683365,0.9263579845428467,0.004737397655844688,1.0847262501556543e-06,0.9919722080230713,4.120310315158804e-09,0.0031306124292314053,0.487565815448761,pythia-410m
5,3,diffuse,0.19863145053386688,0.1462877243757248,0.14669734239578247,0.1215503141283989,0.017857175320386887,0.43361467123031616,0.015163889154791832,0.22834676504135132,3.8462393283843994,pythia-410m
5,4,bos_sink,0.3396964967250824,0.05619152635335922,0.19208022952079773,0.01097356528043747,0.002124696969985962,0.5262662768363953,0.001335412496700883,0.12093869596719742,2.9417147636413574,pythia-410m
5,5,previous_token,0.04309703782200813,0.4401169419288635,0.3061077296733856,0.0019354700343683362,0.0002804528339765966,0.9164836406707764,0.00023227196652442217,0.03820307180285454,2.184771776199341,pythia-410m
5,6,diffuse,0.0009888822678476572,0.16703340411186218,0.15918433666229248,0.021312955766916275,0.005477529019117355,0.6782301664352417,0.004365940578281879,0.2939903736114502,3.53554630279541,pythia-410m
5,7,bos_sink,0.30279603600502014,0.06399151682853699,0.06075870618224144,0.056379709392786026,0.014713161624968052,0.3018116354942322,0.014145147986710072,0.32429933547973633,3.768444776535034,pythia-410m
5,8,bos_sink,0.41890373826026917,0.31261637806892395,0.11997666954994202,0.022308405488729477,0.0019214299973100424,0.4932959973812103,0.0023804549127817154,0.06357104331254959,2.3740594387054443,pythia-410m
5,9,previous_token,0.1513000875711441,0.12170033156871796,0.49057745933532715,0.007242690306156874,0.0003864314057864249,0.8179336786270142,0.00013260140258353204,0.023137247189879417,2.1491243839263916,pythia-410m
5,10,diffuse,0.18756721913814545,0.04708826541900635,0.03916221857070923,0.1705179214477539,0.04006214067339897,0.1832338571548462,0.051119305193424225,0.4186188578605652,4.245710372924805,pythia-410m
5,11,diffuse,0.032376788556575775,0.07375902682542801,0.19688330590724945,0.04456937685608864,0.007314459886401892,0.6453283429145813,0.004638045094907284,0.2704112231731415,3.644958972930908,pythia-410m
5,12,bos_sink,0.49679073691368103,0.15300656855106354,0.15635068714618683,0.012312089093029499,0.0014060174580663443,0.4312746524810791,0.0012012526858597994,0.05821681395173073,2.3817014694213867,pythia-410m
5,13,bos_sink,0.5306048393249512,0.0482126846909523,0.060414869338274,0.05908842384815216,0.009451637975871563,0.21569788455963135,0.008720317855477333,0.18515674769878387,2.9233782291412354,pythia-410m
5,14,bos_sink,0.38078513741493225,0.08104274421930313,0.11009664833545685,0.04948081448674202,0.008722491562366486,0.36477556824684143,0.0077827428467571735,0.19623592495918274,3.339416980743408,pythia-410m
5,15,bos_sink,0.42584168910980225,0.1287320852279663,0.1446893960237503,0.023142652586102486,0.005197616294026375,0.42550763487815857,0.003795910393819213,0.120309978723526,2.8916401863098145,pythia-410m
6,0,induction,0.03041929379105568,0.0007088385755196214,7.861722224333789e-07,0.9668381810188293,0.0003276597708463669,0.0007190165924839675,0.9653995037078857,0.0016959435306489468,0.25095564126968384,pythia-410m
6,1,diffuse,0.18116439878940582,0.04903556779026985,0.04508708417415619,0.12488710880279541,0.03718667849898338,0.21997781097888947,0.04537693038582802,0.4367838501930237,4.22782039642334,pythia-410m
6,2,diffuse,0.2933679521083832,0.059266697615385056,0.03907313942909241,0.11936716735363007,0.0383908674120903,0.21085231006145477,0.047239989042282104,0.3380218744277954,3.9301836490631104,pythia-410m
6,3,diffuse,0.08758265525102615,0.014529283158481121,0.012345205061137676,0.01629270799458027,0.7424551248550415,0.06056320667266846,0.00634757662191987,0.09310628473758698,1.7659893035888672,pythia-410m
6,4,bos_sink,0.6448672413825989,0.07655533403158188,0.10315797477960587,0.030073055997490883,0.004526300355792046,0.27339625358581543,0.0021846755407750607,0.047137193381786346,2.0487937927246094,pythia-410m
6,5,bos_sink,0.482686847448349,0.09428524225950241,0.12057385593652725,0.015455999411642551,0.0030241524800658226,0.4080861508846283,0.0025564711540937424,0.0907469242811203,2.654395341873169,pythia-410m
6,6,diffuse,0.1860363632440567,0.03270792216062546,0.032176777720451355,0.15458261966705322,0.03917919471859932,0.20062300562858582,0.055207252502441406,0.4195788502693176,4.202664375305176,pythia-410m
6,7,bos_sink,0.32496801018714905,0.03524024412035942,0.042605992406606674,0.15678223967552185,0.02702988311648369,0.18806897103786469,0.027168352156877518,0.30315065383911133,3.8606925010681152,pythia-410m
6,8,bos_sink,0.8588784337043762,0.03975977376103401,0.020378509536385536,0.027392130345106125,0.0025362668093293905,0.07593140006065369,0.003969722427427769,0.035261861979961395,1.1164040565490723,pythia-410m
6,9,bos_sink,0.6172758936882019,0.07485881447792053,0.09267342835664749,0.01752275787293911,0.0034887073561549187,0.2834434509277344,0.0028061449993401766,0.07826878875494003,2.245195150375366,pythia-410m
6,10,bos_sink,0.37189218401908875,0.19150583446025848,0.046090323477983475,0.09196141362190247,0.014771154150366783,0.3140793740749359,0.043286893516778946,0.20729577541351318,3.341958999633789,pythia-410m
6,11,diffuse,0.24177086353302002,0.09899696707725525,0.0748860090970993,0.08523885905742645,0.021104229614138603,0.3257248103618622,0.023830845952033997,0.326161652803421,3.9653971195220947,pythia-410m
6,12,diffuse,0.22862258553504944,0.15589937567710876,0.10719814896583557,0.08209235966205597,0.01506796944886446,0.4617614448070526,0.017461653798818588,0.21245576441287994,3.750323534011841,pythia-410m
6,13,previous_token,0.14670681953430176,0.18699926137924194,0.3405885398387909,0.0020935027860105038,0.0005121467402204871,0.7936314940452576,0.00023435965704265982,0.05705546587705612,2.650676727294922,pythia-410m
6,14,bos_sink,0.5893192887306213,0.028705377131700516,0.03271854296326637,0.02898203767836094,0.008837247267365456,0.16465811431407928,0.0073512401431798935,0.2082027643918991,2.668382167816162,pythia-410m
6,15,bos_sink,0.4917159974575043,0.053927768021821976,0.015045812353491783,0.18465501070022583,0.032269738614559174,0.11562171578407288,0.12732374668121338,0.175737202167511,3.007963180541992,pythia-410m
7,0,induction,0.02910308539867401,0.49962157011032104,0.012769904918968678,0.3848014771938324,0.006456607021391392,0.5412490367889404,0.37357261776924133,0.03838984668254852,1.8987576961517334,pythia-410m
7,1,diffuse,0.18614806234836578,0.0012433204101398587,0.0009089561062864959,0.005595930851995945,0.7940205335617065,0.00494249677285552,0.0011314050061628222,0.009292427450418472,0.9109434485435486,pythia-410m
7,2,previous_token,0.33717674016952515,0.061972953379154205,0.3799794614315033,0.000994119793176651,9.396559471497312e-05,0.6226423382759094,2.5672783522168174e-05,0.03909287974238396,2.222200393676758,pythia-410m
7,3,diffuse,0.37601447105407715,0.020693723112344742,0.007462916895747185,0.25467848777770996,0.024386832490563393,0.08922694623470306,0.18146196007728577,0.2556934058666229,3.3666276931762695,pythia-410m
7,4,diffuse,0.27817869186401367,0.009758337400853634,0.03719045966863632,0.11295703053474426,0.02273315005004406,0.1888650804758072,0.006704156752675772,0.3972659707069397,3.932380199432373,pythia-410m
7,5,bos_sink,0.7028133869171143,0.046786628663539886,0.06162628158926964,0.02279004082083702,0.004457325674593449,0.20695489645004272,0.005676024127751589,0.06298413872718811,1.946200966835022,pythia-410m
7,6,diffuse,0.15766064822673798,0.0503656379878521,0.017254602164030075,0.16254712641239166,0.05500277131795883,0.13871490955352783,0.10874699801206589,0.48607462644577026,4.127140045166016,pythia-410m
7,7,bos_sink,0.7189189791679382,0.031365010887384415,0.022637715563178062,0.003675335319712758,0.16705156862735748,0.08874306082725525,0.0006211248110048473,0.021610697731375694,1.497636079788208,pythia-410m
7,8,induction,0.11989062279462814,0.005657299421727657,4.720098445432086e-07,0.8743847012519836,1.4801454199186992e-05,0.005660237278789282,0.8741816878318787,4.999567681807093e-05,0.5826221108436584,pythia-410m
7,9,bos_sink,0.4398307502269745,0.045319814234972,0.07036526501178741,0.05703622102737427,0.012582765892148018,0.29333892464637756,0.010975966230034828,0.19721128046512604,3.239266872406006,pythia-410m
7,10,bos_sink,0.3578658998012543,0.11260174959897995,0.22139224410057068,0.002991891698911786,0.0004197455127723515,0.5736092329025269,0.0001653964282013476,0.06511342525482178,2.6618759632110596,pythia-410m
7,11,bos_sink,0.4496113061904907,0.028769338503479958,0.02077244594693184,0.1365731656551361,0.023380137979984283,0.11532989889383316,0.03506164997816086,0.2751052975654602,3.3850910663604736,pythia-410m
7,12,diffuse,0.26330772042274475,0.09828685224056244,0.07335655391216278,0.1009247750043869,0.04448697343468666,0.29678648710250854,0.04769100248813629,0.2944942116737366,3.910043478012085,pythia-410m
7,13,bos_sink,0.7073032855987549,0.042193878442049026,0.052629806101322174,0.03328737989068031,0.005196457263082266,0.16899175941944122,0.006314053200185299,0.08522045612335205,2.01627516746521,pythia-410m
7,14,bos_sink,0.5383955836296082,0.03897271677851677,0.05777236074209213,0.03664501756429672,0.007569682784378529,0.27359580993652344,0.009754928760230541,0.14379431307315826,2.7839927673339844,pythia-410m
7,15,bos_sink,0.8359752297401428,0.015685109421610832,0.00880661141127348,0.0354427807033062,0.009062191471457481,0.047201626002788544,0.01180485263466835,0.07231783121824265,1.3559385538101196,pythia-410m
8,0,previous_token,0.1608293056488037,0.1308555006980896,0.22721175849437714,0.01977742463350296,0.007065373472869396,0.6512208580970764,0.003163069486618042,0.1611071228981018,3.3322057723999023,pythia-410m
8,1,bos_sink,0.6319941878318787,0.02312069945037365,0.047306906431913376,0.023985108360648155,0.002724176738411188,0.2802658975124359,0.0023199862334877253,0.06103067100048065,2.1742067337036133,pythia-410m
8,2,previous_token,0.29030880331993103,0.12746720016002655,0.3122561275959015,0.00734756188467145,0.0004649217880796641,0.6143110394477844,0.00013072154251858592,0.08756756037473679,2.639338493347168,pythia-410m
8,3,diffuse,0.29245030879974365,0.042023830115795135,0.011758319102227688,0.19278615713119507,0.10618124902248383,0.09525881707668304,0.15811796486377716,0.3133234679698944,3.5651302337646484,pythia-410m
8,4,diffuse,0.19561819732189178,0.04245271533727646,0.04275290668010712,0.06914401799440384,0.06630197167396545,0.21868005394935608,0.019301319494843483,0.4502556622028351,4.120128154754639,pythia-410m
8,5,bos_sink,0.44810399413108826,0.13135425746440887,0.08495485782623291,0.12997320294380188,0.01831313967704773,0.3295222818851471,0.04364403709769249,0.07408758252859116,3.008751392364502,pythia-410m
8,6,diffuse,0.13921724259853363,0.0008716516313143075,0.00022671972692478448,0.006452545057982206,0.8500967621803284,0.001811595051549375,0.0007401272305287421,0.0024218952748924494,0.6982020735740662,pythia-410m
8,7,diffuse,0.10910800099372864,0.007925856858491898,0.005520983599126339,0.033712808042764664,0.7108767628669739,0.03706808388233185,0.012537696398794651,0.10923394560813904,1.9005823135375977,pythia-410m
8,8,bos_sink,0.45303070545196533,0.011856813915073872,0.021068543195724487,0.08774717897176743,0.017195869237184525,0.14323130249977112,0.015819059684872627,0.29879480600357056,3.311795949935913,pythia-410m
8,9,diffuse,0.04794205725193024,0.014610945247113705,0.005611324217170477,0.017322883009910583,0.8729265928268433,0.032937563955783844,0.003289115382358432,0.0288710817694664,0.9804050326347351,pythia-410m
8,10,diffuse,0.0335288867354393,0.054391346871852875,0.04880128055810928,0.1345234364271164,0.05630902945995331,0.2907268702983856,0.05110359936952591,0.4849117398262024,4.377479553222656,pythia-410m
8,11,bos_sink,0.34929245710372925,0.035117074847221375,0.05196419358253479,0.03415213152766228,0.009277581237256527,0.2750483751296997,0.006208129692822695,0.3322295546531677,3.5486342906951904,pythia-410m
8,12,previous_token,0.275553435087204,0.09707502275705338,0.20164017379283905,0.0017134076915681362,0.001423161244019866,0.6738014221191406,0.0004027554823551327,0.04750858619809151,2.700756311416626,pythia-410m
8,13,diffuse,0.12123104184865952,0.018738295882940292,0.02308146096765995,0.23536504805088043,0.09212888777256012,0.10392971336841583,0.035855572670698166,0.4473455250263214,4.295915126800537,pythia-410m
8,14,diffuse,0.0407315157353878,0.017791034653782845,0.024523254483938217,0.08067531138658524,0.0419137217104435,0.19574090838432312,0.0220137070864439,0.640938401222229,4.205262660980225,pythia-410m
8,15,diffuse,0.13040544092655182,0.062076687812805176,0.06576117128133774,0.04444792494177818,0.017545664682984352,0.47235408425331116,0.013565153814852238,0.335246741771698,3.9650375843048096,pythia-410m
9,0,bos_sink,0.7111955285072327,0.00444452790543437,0.002267749048769474,0.015286835841834545,0.23255978524684906,0.012940756976604462,0.005699350498616695,0.028016764670610428,1.3104363679885864,pythia-410m
9,1,diffuse,0.2016632854938507,0.04588742554187775,0.07706868648529053,0.012082870118319988,0.004265230614691973,0.6318275332450867,0.0033857340458780527,0.15016070008277893,3.2171692848205566,pythia-410m
9,2,bos_sink,0.38785481452941895,0.010286216624081135,0.019978070631623268,0.1023939996957779,0.033970724791288376,0.11107830703258514,0.01496860384941101,0.36470258235931396,3.6104471683502197,pythia-410m
9,3,diffuse,0.17388369143009186,0.15876805782318115,0.0729731097817421,0.08819839358329773,0.04614023119211197,0.35653987526893616,0.048848651349544525,0.3352378308773041,4.018502235412598,pythia-410m
9,4,diffuse,0.035832807421684265,0.2931065857410431,0.19178634881973267,0.050341133028268814,0.03225306048989296,0.7152599096298218,0.017353255301713943,0.16631345450878143,3.4197640419006348,pythia-410m
9,5,previous_token,0.0861157700419426,0.08997965604066849,0.7376689910888672,0.00043256976641714573,4.295543931220891e-06,0.9049965143203735,2.7619620368568576e-07,0.008451434783637524,1.3204896450042725,pythia-410m
9,6,diffuse,0.027259398251771927,0.010076463222503662,0.007646491285413504,0.11399711668491364,0.15980151295661926,0.037449710071086884,0.06287103146314621,0.6614920496940613,3.666834592819214,pythia-410m
9,7,bos_sink,0.6652769446372986,0.08768557757139206,0.061908360570669174,0.037260185927152634,0.008673403412103653,0.22948679327964783,0.012859717942774296,0.05930248647928238,2.115837335586548,pythia-410m
9,8,induction,0.14667288959026337,0.02796616032719612,0.0019409330561757088,0.7244083881378174,0.011939482763409615,0.03985133022069931,0.6936502456665039,0.07712709158658981,1.8399289846420288,pythia-410m
9,9,induction,0.5391018986701965,0.14617052674293518,0.0010937274200841784,0.3061875104904175,0.0010522413067519665,0.1486876904964447,0.30307838320732117,0.004970569163560867,1.5308897495269775,pythia-410m
9,10,bos_sink,0.6345384120941162,0.006495731417089701,0.008130536414682865,0.0418204702436924,0.00913546048104763,0.03591761738061905,0.00852600485086441,0.2785879075527191,2.3900976181030273,pythia-410m
9,11,bos_sink,0.9061574339866638,0.004575725644826889,0.004998544696718454,0.00834624469280243,0.00224317517131567,0.024148592725396156,0.001730475458316505,0.05910473316907883,0.8423424363136292,pythia-410m
9,12,bos_sink,0.5763822197914124,0.030020304024219513,0.05726379528641701,0.03480427339673042,0.014174877665936947,0.2778477966785431,0.01408290583640337,0.09679068624973297,2.572112798690796,pythia-410m
9,13,bos_sink,0.45744389295578003,0.04684756323695183,0.08177448809146881,0.008513807319104671,0.0022989416029304266,0.39283332228660583,0.0016946187242865562,0.13891056180000305,2.82112193107605,pythia-410m
9,14,bos_sink,0.7283042669296265,0.01565517671406269,0.011887041851878166,0.07546254247426987,0.019932424649596214,0.06122087687253952,0.039758842438459396,0.11507948487997055,1.997332215309143,pythia-410m
9,15,bos_sink,0.35525503754615784,0.06576715409755707,0.051889289170503616,0.06697818636894226,0.03231252357363701,0.27907705307006836,0.033281926065683365,0.266377329826355,3.6220967769622803,pythia-410m
10,0,diffuse,0.12218988686800003,0.004526139702647924,0.0015571571420878172,0.06542948633432388,0.7532986402511597,0.010424453765153885,0.025294683873653412,0.048657502979040146,1.52032470703125,pythia-410m
10,1,previous_token,0.20107881724834442,0.1589517891407013,0.24717073142528534,0.006190524436533451,0.0016558821080252528,0.6906821727752686,0.0008963298751041293,0.10039275139570236,3.0042667388916016,pythia-410m
10,2,bos_sink,0.5367385149002075,0.04135756939649582,0.028557121753692627,0.06647871434688568,0.02806195802986622,0.12393329292535782,0.023024525493383408,0.24478791654109955,2.981184959411621,pythia-410m
10,3,diffuse,0.2882055342197418,0.10663268715143204,0.02937409095466137,0.12414521723985672,0.313407838344574,0.15031307935714722,0.0746276006102562,0.12392796576023102,2.8860952854156494,pythia-410m
10,4,diffuse,0.2562555968761444,0.0030996864661574364,0.0011492101475596428,0.1313582956790924,0.42104634642601013,0.008711881004273891,0.06683885306119919,0.18262775242328644,2.746718168258667,pythia-410m
10,5,bos_sink,0.4733167886734009,0.052401863038539886,0.0796370655298233,0.015446643345057964,0.004033724777400494,0.3592902719974518,0.0030925506725907326,0.14791248738765717,2.8691611289978027,pythia-410m
10,6,diffuse,0.19688023626804352,0.02762005664408207,0.02343752793967724,0.05814911052584648,0.048288293182849884,0.11812222748994827,0.021683499217033386,0.5785600543022156,4.038416862487793,pythia-410m
10,7,diffuse,0.25097349286079407,0.2097855657339096,0.017143037170171738,0.226602703332901,0.023844599723815918,0.272773802280426,0.18601806461811066,0.22580528259277344,3.4252476692199707,pythia-410m
10,8,bos_sink,0.8903711438179016,0.00970534048974514,0.003977025859057903,0.017948349937796593,0.04571313410997391,0.01842128299176693,0.005387637764215469,0.027546217665076256,0.8683592677116394,pythia-410m
10,9,diffuse,0.001781273982487619,5.515588418347761e-05,5.0638500397326425e-06,0.0423196516931057,0.9487615823745728,0.00010565535922069103,0.027052046731114388,0.0070310127921402454,0.40884608030319214,pythia-410m
10,10,diffuse,0.25644880533218384,0.057439446449279785,0.05972157046198845,0.14533141255378723,0.030094588175415993,0.2691854238510132,0.0272474717348814,0.29893958568573,4.029078960418701,pythia-410m
10,11,bos_sink,0.5621563792228699,0.024810461327433586,0.027083221822977066,0.023657139390707016,0.007448841352015734,0.1298627406358719,0.004852387122809887,0.27687472105026245,2.7291758060455322,pythia-410m
10,12,diffuse,0.19624076783657074,0.009207898750901222,0.004847089760005474,0.07045282423496246,0.10591240972280502,0.03510420024394989,0.03776434808969498,0.5922898054122925,3.766849994659424,pythia-410m
10,13,bos_sink,0.4040695130825043,0.056323956698179245,0.03657277300953865,0.08285890519618988,0.1526956409215927,0.17024685442447662,0.034885112196207047,0.19012892246246338,3.2318811416625977,pythia-410m
10,14,bos_sink,0.7137008309364319,0.039790328592061996,0.030918791890144348,0.036876700818538666,0.00601172773167491,0.12320862710475922,0.006234293337911367,0.1202009841799736,2.032639503479004,pythia-410m
10,15,bos_sink,0.5046933889389038,0.15165679156780243,0.03227871656417847,0.13377141952514648,0.014197420328855515,0.2517189681529999,0.09913110733032227,0.09561875462532043,2.7337124347686768,pythia-410m
11,0,bos_sink,0.7033011317253113,0.028398504480719566,0.03720303997397423,0.03388777747750282,0.00904715433716774,0.14006592333316803,0.008056173101067543,0.1136980876326561,2.107957124710083,pythia-410m
11,1,diffuse,0.291585236787796,0.04265066608786583,0.015824658796191216,0.11494667828083038,0.43105173110961914,0.07666048407554626,0.052216414362192154,0.0857563316822052,2.6006298065185547,pythia-410m
11,2,diffuse,0.04395321011543274,0.0016356436535716057,0.000435604655649513,0.051471684128046036,0.864555299282074,0.004376654047518969,0.024027574807405472,0.035643547773361206,1.0322656631469727,pythia-410m
11,3,bos_sink,0.6304898262023926,0.05629622936248779,0.03408152610063553,0.04338545724749565,0.022807974368333817,0.1368056684732437,0.012443832121789455,0.16651040315628052,2.495619773864746,pythia-410m
11,4,bos_sink,0.567850649356842,0.07694192230701447,0.045189715921878815,0.049763161689043045,0.08289545029401779,0.19240804016590118,0.01453057024627924,0.10708262026309967,2.653789758682251,pythia-410m
11,5,bos_sink,0.8951850533485413,0.002968595828860998,0.001015296671539545,0.046026721596717834,0.01872171089053154,0.009777478873729706,0.026064326986670494,0.03028883785009384,0.8701581358909607,pythia-410m
11,6,diffuse,0.12095149606466293,0.005780728068202734,0.0017923350678756833,0.07979735732078552,0.25770244002342224,0.009955156594514847,0.03574027121067047,0.5315936803817749,2.46905517578125,pythia-410m
11,7,bos_sink,0.7279971241950989,0.02547903172671795,0.02092173881828785,0.03485877066850662,0.02332719974219799,0.09164021909236908,0.010807338170707226,0.1221759021282196,2.0019805431365967,pythia-410m
11,8,bos_sink,0.5264981389045715,0.11141034960746765,0.09732110053300858,0.03741365298628807,0.01071145199239254,0.32256853580474854,0.007362313102930784,0.10280803591012955,2.695265293121338,pythia-410m
11,9,bos_sink,0.5662959218025208,0.02527483180165291,0.05897270888090134,0.036765020340681076,0.009994590654969215,0.22650982439517975,0.007073842920362949,0.16043493151664734,2.722782611846924,pythia-410m
11,10,bos_sink,0.8769323825836182,0.006173735950142145,0.007056003902107477,0.021790344268083572,0.006571109872311354,0.038316864520311356,0.004621394444257021,0.05638926103711128,1.0717231035232544,pythia-410m
11,11,bos_sink,0.9252312183380127,0.005191494710743427,0.004374341573566198,0.016381384804844856,0.0047747609205543995,0.019402790814638138,0.005449795164167881,0.03420926630496979,0.7092822790145874,pythia-410m
11,12,bos_sink,0.7507508397102356,0.00917193666100502,0.006806753110140562,0.052053019404411316,0.04134825989603996,0.028234004974365234,0.01908711902797222,0.12761415541172028,1.814682960510254,pythia-410m
11,13,bos_sink,0.4696118235588074,0.032801926136016846,0.06943228840827942,0.028283268213272095,0.006618076469749212,0.3659023344516754,0.005809837952256203,0.12958446145057678,2.909977436065674,pythia-410m
11,14,diffuse,0.006210957653820515,0.001502018771134317,0.00030645300284959376,0.05310330539941788,0.9248975515365601,0.0024514771066606045,0.023403069004416466,0.01333694625645876,0.6232300400733948,pythia-410m
11,15,diffuse,0.2031617909669876,0.09764451533555984,0.04074293375015259,0.06465870141983032,0.06342142075300217,0.19960729777812958,0.030452869832515717,0.46915045380592346,3.9831395149230957,pythia-410m
12,0,bos_sink,0.35666555166244507,0.08426931500434875,0.04956095665693283,0.021102476865053177,0.30168506503105164,0.19686207175254822,0.004791611339896917,0.12368499487638474,2.8530983924865723,pythia-410m
12,1,bos_sink,0.34296920895576477,0.06044671684503555,0.06684216111898422,0.07779152691364288,0.026454856619238853,0.2542566657066345,0.014516438357532024,0.2985275983810425,3.7180445194244385,pythia-410m
12,2,bos_sink,0.5337467193603516,0.049035195261240005,0.06947663426399231,0.011063793674111366,0.0031018108129501343,0.3066490590572357,0.0019048559479415417,0.14543861150741577,2.6637344360351562,pythia-410m
12,3,bos_sink,0.7015527486801147,0.011494264006614685,0.010314172133803368,0.06723721325397491,0.012956788763403893,0.05567784607410431,0.01258419081568718,0.1625753492116928,2.1829235553741455,pythia-410m
12,4,bos_sink,0.3981207013130188,0.05615285411477089,0.10274524241685867,0.057433340698480606,0.0055927070789039135,0.44860079884529114,0.004034206736832857,0.09025231748819351,3.0408246517181396,pythia-410m
12,5,diffuse,0.2532685399055481,0.09441955387592316,0.13041652739048004,0.01951998844742775,0.004937887657433748,0.462965190410614,0.0031421473249793053,0.2593081593513489,3.5051767826080322,pythia-410m
12,6,bos_sink,0.5968562364578247,0.07753047347068787,0.04154280573129654,0.057246945798397064,0.029437391087412834,0.18557476997375488,0.014458413235843182,0.1308852881193161,2.619720935821533,pythia-410m
12,7,bos_sink,0.41571012139320374,0.054040152579545975,0.03773710876703262,0.08722539991140366,0.0317654088139534,0.23385624587535858,0.022543637081980705,0.23144301772117615,3.4754509925842285,pythia-410m
12,8,bos_sink,0.8231812715530396,0.010895091108977795,0.0028537181206047535,0.054422639310359955,0.04736572131514549,0.018006982281804085,0.02617296762764454,0.05702339485287666,1.3353906869888306,pythia-410m
12,9,bos_sink,0.5604496598243713,0.053564563393592834,0.021809421479701996,0.09867729991674423,0.06529965996742249,0.11601357161998749,0.0581531897187233,0.15955953299999237,2.7742764949798584,pythia-410m
12,10,bos_sink,0.3372437357902527,0.16991300880908966,0.131400927901268,0.05035065487027168,0.011853800155222416,0.5051774978637695,0.00989801436662674,0.09537390619516373,3.1519973278045654,pythia-410m
12,11,diffuse,0.23209576308727264,0.08583027869462967,0.034524522721767426,0.08995446562767029,0.2222381979227066,0.15783452987670898,0.047817494720220566,0.29787692427635193,3.5507423877716064,pythia-410m
12,12,bos_sink,0.3335258364677429,0.08444024622440338,0.03770853206515312,0.09680916368961334,0.08899743854999542,0.17814195156097412,0.0344938263297081,0.30252546072006226,3.6901915073394775,pythia-410m
12,13,diffuse,0.15756167471408844,0.16283094882965088,0.121464304625988,0.03497929871082306,0.019169818609952927,0.4842677712440491,0.011441491544246674,0.30402126908302307,3.8471171855926514,pythia-410m
12,14,bos_sink,0.6610569953918457,0.03208436071872711,0.024481385946273804,0.06593282520771027,0.028478451073169708,0.09869584441184998,0.01941908523440361,0.14583523571491241,2.385396957397461,pythia-410m
12,15,bos_sink,0.6443365812301636,0.012719491496682167,0.008966270834207535,0.06797319650650024,0.041784413158893585,0.05195973813533783,0.028509026393294334,0.19394610822200775,2.444554090499878,pythia-410m
13,0,previous_token,0.19121049344539642,0.17868191003799438,0.43883654475212097,0.0036355864722281694,0.0004996471107006073,0.7355111241340637,0.00020260245946701616,0.06914354860782623,2.334369659423828,pythia-410m
13,1,bos_sink,0.8649906516075134,0.011879687197506428,0.009600353427231312,0.023633714765310287,0.01875021494925022,0.038750793784856796,0.004278631880879402,0.05387479066848755,1.1439064741134644,pythia-410m
13,2,bos_sink,0.764616847038269,0.02617729641497135,0.026569543406367302,0.022112514823675156,0.005980274174362421,0.11169556528329849,0.0038775880821049213,0.09559489786624908,1.7508256435394287,pythia-410m
13,3,bos_sink,0.8410061001777649,0.01072061900049448,0.01092562172561884,0.028834601864218712,0.007312210276722908,0.04359199106693268,0.006011898163706064,0.07925540953874588,1.3241740465164185,pythia-410m
13,4,bos_sink,0.8549994230270386,0.017110267654061317,0.011795926839113235,0.016932884231209755,0.0057219043374061584,0.05519607663154602,0.0034076750744134188,0.06715033948421478,1.2111949920654297,pythia-410m
13,5,bos_sink,0.7782767415046692,0.005239689722657204,0.0055165598168969154,0.04472014307975769,0.026754403486847878,0.03566750884056091,0.006938342936336994,0.11458036303520203,1.710675597190857,pythia-410m
13,6,bos_sink,0.8412942290306091,0.013224704191088676,0.011747961863875389,0.02631327696144581,0.010962874628603458,0.0522444024682045,0.007417604327201843,0.06918545067310333,1.3179452419281006,pythia-410m
13,7,bos_sink,0.867462694644928,0.03615831583738327,0.009515323676168919,0.018819212913513184,0.016260208562016487,0.0632777065038681,0.008394111879169941,0.03418063372373581,1.0666413307189941,pythia-410m
13,8,bos_sink,0.6349318623542786,0.023055488243699074,0.020266786217689514,0.07093362510204315,0.029925482347607613,0.08936120569705963,0.01952316425740719,0.17484784126281738,2.531796932220459,pythia-410m
13,9,bos_sink,0.5712360143661499,0.035969480872154236,0.024977145716547966,0.03119947761297226,0.014283696189522743,0.11808032542467117,0.010236464440822601,0.26520103216171265,2.786222457885742,pythia-410m
13,10,bos_sink,0.8625372052192688,0.006558362394571304,0.00632123788818717,0.036074619740247726,0.01154671423137188,0.029583297669887543,0.006480178330093622,0.060257650911808014,1.1763768196105957,pythia-410m
13,11,bos_sink,0.8109095096588135,0.00891849398612976,0.007594405207782984,0.042148906737565994,0.012559082359075546,0.04307662323117256,0.01139611192047596,0.09130639582872391,1.5248087644577026,pythia-410m
13,12,bos_sink,0.33110880851745605,0.041621752083301544,0.045953214168548584,0.04379227012395859,0.02124980464577675,0.23273804783821106,0.014789038337767124,0.3711112141609192,3.716506242752075,pythia-410m
13,13,bos_sink,0.8509681820869446,0.016977990046143532,0.011866923421621323,0.022565405815839767,0.0064571271650493145,0.05421203374862671,0.005714708007872105,0.06579732894897461,1.2439751625061035,pythia-410m
13,14,bos_sink,0.5897504091262817,0.018227173015475273,0.012015708722174168,0.05495205894112587,0.04792154207825661,0.06583623588085175,0.014425386674702168,0.2415403574705124,2.718055248260498,pythia-410m
13,15,bos_sink,0.8892353773117065,0.006502677220851183,0.004474700894206762,0.01897573471069336,0.015008978545665741,0.02469412237405777,0.006075502838939428,0.05208560824394226,0.9739806652069092,pythia-410m
14,0,diffuse,0.2711065411567688,0.0032806620001792908,0.0012064601760357618,0.017983349040150642,0.6139160990715027,0.008035819977521896,0.006307689007371664,0.08895733952522278,1.737343192100525,pythia-410m
14,1,bos_sink,0.6724880933761597,0.12770013511180878,0.06320537626743317,0.024106988683342934,0.013155331835150719,0.24951206147670746,0.004752304404973984,0.04073788970708847,1.9240487813949585,pythia-410m
14,2,diffuse,0.20571808516979218,0.01140288170427084,0.005794832017272711,0.13069254159927368,0.24445483088493347,0.029908176511526108,0.04390634596347809,0.38922619819641113,3.602407455444336,pythia-410m
14,3,bos_sink,0.9226970672607422,0.04535534605383873,4.671464193961583e-05,0.0074698589742183685,0.0013952109729871154,0.045515116304159164,0.002489270642399788,0.02292322926223278,0.5872291326522827,pythia-410m
14,4,bos_sink,0.9463158845901489,0.01410743035376072,0.010165143758058548,0.0061241211369633675,0.0013429553946480155,0.03482866659760475,0.0009902314050123096,0.011388693936169147,0.4957112669944763,pythia-410m
14,5,diffuse,0.23443318903446198,0.04788817837834358,0.03711614012718201,0.04611336439847946,0.04119357466697693,0.19236363470554352,0.018045574426651,0.48589611053466797,3.9885647296905518,pythia-410m
14,6,bos_sink,0.7689206004142761,0.0671347826719284,0.041769109666347504,0.015343335457146168,0.0029788431711494923,0.16799388825893402,0.003640969982370734,0.04476300626993179,1.5689772367477417,pythia-410m
14,7,bos_sink,0.7317839860916138,0.021453076973557472,0.014940276741981506,0.05096065253019333,0.023895887657999992,0.06598297506570816,0.016221128404140472,0.12737667560577393,1.9986392259597778,pythia-410m
14,8,diffuse,0.29193758964538574,0.24143259227275848,0.14389671385288239,0.02196427993476391,0.00799108948558569,0.5444347262382507,0.006791884545236826,0.13367243111133575,3.121565103530884,pythia-410m
14,9,bos_sink,0.8363040089607239,0.028977321460843086,0.0148103516548872,0.022831592708826065,0.008477653376758099,0.0650109276175499,0.0061445035971701145,0.06737568229436874,1.325337529182434,pythia-410m
14,10,bos_sink,0.870743453502655,0.016124188899993896,0.012615052983164787,0.019714727997779846,0.006146129220724106,0.05184750258922577,0.004231948871165514,0.05154798924922943,1.1041241884231567,pythia-410m
14,11,bos_sink,0.482283353805542,0.10870958119630814,0.016837071627378464,0.20707064867019653,0.032898638397455215,0.14971184730529785,0.1587507724761963,0.1280355155467987,2.815175771713257,pythia-410m
14,12,bos_sink,0.6905582547187805,0.04489779844880104,0.04846183955669403,0.049131352454423904,0.006760394666343927,0.18481896817684174,0.0064515620470047,0.06873083114624023,2.0936484336853027,pythia-410m
14,13,bos_sink,0.7304829359054565,0.026068294420838356,0.01034371368587017,0.04631989449262619,0.03297155350446701,0.054256390780210495,0.02042011171579361,0.13596877455711365,1.9740649461746216,pythia-410m
14,14,bos_sink,0.7985880970954895,0.0297414418309927,0.021040048450231552,0.030020643025636673,0.005901426542550325,0.09058936685323715,0.005603955127298832,0.07490099966526031,1.5649586915969849,pythia-410m
14,15,bos_sink,0.8504207730293274,0.00525550777092576,0.004903795663267374,0.026093531399965286,0.00879758968949318,0.02673608623445034,0.0062620858661830425,0.0879526361823082,1.257137417793274,pythia-410m
15,0,bos_sink,0.7173319458961487,0.025661099702119827,0.012709633447229862,0.05108651891350746,0.024941137060523033,0.06821155548095703,0.012908783741295338,0.13842952251434326,2.080907106399536,pythia-410m
15,1,bos_sink,0.8642377853393555,0.014817431569099426,0.013862859457731247,0.01733677089214325,0.0037368163466453552,0.05672089755535126,0.0032550364267081022,0.057967912405729294,1.144275188446045,pythia-410m
15,2,bos_sink,0.5609784126281738,0.017611058428883553,0.005876160692423582,0.057329434901475906,0.13272322714328766,0.03759688884019852,0.019976746290922165,0.21137210726737976,2.632782459259033,pythia-410m
15,3,bos_sink,0.8009679317474365,0.019134191796183586,0.01412006001919508,0.03821391612291336,0.010040802881121635,0.06434912234544754,0.008191469125449657,0.08642802387475967,1.5813616514205933,pythia-410m
15,4,bos_sink,0.5303196907043457,0.032602500170469284,0.26279228925704956,0.0026509538292884827,0.0005658230511471629,0.412579745054245,0.00025090889539569616,0.053883690387010574,2.062098503112793,pythia-410m
15,5,bos_sink,0.7797613143920898,0.013176260516047478,0.001617946894839406,0.014607846736907959,0.14612193405628204,0.016460485756397247,0.00621458375826478,0.043048784136772156,1.2451359033584595,pythia-410m
15,6,diffuse,0.255558580160141,0.01657196134328842,0.0078008160926401615,0.13503672182559967,0.3097098767757416,0.03810131922364235,0.047382671386003494,0.2615932524204254,3.3179357051849365,pythia-410m
15,7,bos_sink,0.9482346177101135,0.006334251724183559,0.004840422421693802,0.015183026902377605,0.0014850685838609934,0.02124750055372715,0.001594904693774879,0.013849679380655289,0.5086492896080017,pythia-410m
15,8,bos_sink,0.721005380153656,0.028973126783967018,0.0033118356950581074,0.013999270275235176,0.15408408641815186,0.03605135530233383,0.005521890241652727,0.074859619140625,1.5931291580200195,pythia-410m
15,9,bos_sink,0.9319305419921875,0.02114803157746792,0.01064864732325077,0.008376755751669407,0.0016288007609546185,0.04107748717069626,0.0013927107211202383,0.016986433416604996,0.6049303412437439,pythia-410m
15,10,bos_sink,0.5008917450904846,0.03788193315267563,0.009897246025502682,0.07102762162685394,0.15747280418872833,0.06457608938217163,0.02703215181827545,0.2060319185256958,2.852527141571045,pythia-410m
15,11,previous_token,0.1489361673593521,0.23288850486278534,0.26910194754600525,0.01739773154258728,0.002531855134293437,0.7009276747703552,0.0024154107086360455,0.13020692765712738,3.074951648712158,pythia-410m
15,12,bos_sink,0.7964975833892822,0.06205372512340546,0.02128198929131031,0.021509839221835136,0.010374318808317184,0.12335564196109772,0.008454656228423119,0.04826254025101662,1.4823205471038818,pythia-410m
15,13,bos_sink,0.8366270065307617,0.014261152595281601,0.014509404078125954,0.02079211175441742,0.004601896740496159,0.07039228081703186,0.004309081472456455,0.06758689135313034,1.3300954103469849,pythia-410m
15,14,bos_sink,0.7048572301864624,0.03086989000439644,0.031683601438999176,0.029354620724916458,0.008200033567845821,0.11814010143280029,0.006074290722608566,0.13944776356220245,2.1105360984802246,pythia-410m
15,15,bos_sink,0.7543403506278992,0.03838272765278816,0.025567594915628433,0.02236499823629856,0.008524095639586449,0.1340397149324417,0.00585132883861661,0.0807306319475174,1.7925612926483154,pythia-410m
16,0,bos_sink,0.6391523480415344,0.08344385772943497,0.03581646829843521,0.0230557918548584,0.07015091180801392,0.17252740263938904,0.00669275876134634,0.09511405974626541,2.273954391479492,pythia-410m
16,1,diffuse,0.29304900765419006,0.03107147477567196,0.009217843413352966,0.08247224986553192,0.34948691725730896,0.06197202950716019,0.031436484307050705,0.2130202203989029,3.029869556427002,pythia-410m
16,2,bos_sink,0.8449740409851074,0.01998957060277462,0.022613486275076866,0.008312581107020378,0.0018186683300882578,0.08209880441427231,0.0009724280098453164,0.06279591470956802,1.2173329591751099,pythia-410m
16,3,bos_sink,0.450834184885025,0.016694659367203712,0.0035388667602092028,0.08222818374633789,0.2708757519721985,0.02999948337674141,0.02777721919119358,0.16606229543685913,2.6449270248413086,pythia-410m
16,4,bos_sink,0.4030470550060272,0.019801273941993713,0.006932890973985195,0.08084934204816818,0.26494160294532776,0.04086194932460785,0.024277666583657265,0.21029968559741974,2.9233670234680176,pythia-410m
16,5,diffuse,0.21539564430713654,0.023353304713964462,0.006590520031750202,0.07465006411075592,0.4186607897281647,0.043108079582452774,0.028567878529429436,0.24818526208400726,2.981279134750366,pythia-410m
16,6,bos_sink,0.7518763542175293,0.006146406289190054,0.004948080517351627,0.06031135469675064,0.017862478271126747,0.027136819437146187,0.01108463667333126,0.14281338453292847,1.864598035812378,pythia-410m
16,7,bos_sink,0.5267288088798523,0.024382978677749634,0.004838415887206793,0.07380431890487671,0.23271620273590088,0.03749086335301399,0.037872958928346634,0.1292596012353897,2.386544704437256,pythia-410m
16,8,bos_sink,0.9107978343963623,0.003048941260203719,0.0011409809812903404,0.015478992834687233,0.012862974777817726,0.00854138657450676,0.005601212382316589,0.0523187518119812,0.802942156791687,pythia-410m
16,9,bos_sink,0.9081835150718689,0.008664553053677082,0.005269155837595463,0.018861308693885803,0.006517497822642326,0.025485757738351822,0.00487218564376235,0.04095175489783287,0.8409335017204285,pythia-410m
16,10,bos_sink,0.4816403090953827,0.06795527786016464,0.03441711887717247,0.07395566254854202,0.014405190013349056,0.1959068477153778,0.017440492287278175,0.23409223556518555,3.1975202560424805,pythia-410m
16,11,bos_sink,0.7075443863868713,0.012301883660256863,0.008855940774083138,0.01986689306795597,0.010002104565501213,0.05242150276899338,0.007049998268485069,0.21016477048397064,2.070650339126587,pythia-410m
16,12,bos_sink,0.30650442838668823,0.028262853622436523,0.010918907821178436,0.11439917236566544,0.2427482157945633,0.06391376256942749,0.04669436067342758,0.27243471145629883,3.3780031204223633,pythia-410m
16,13,bos_sink,0.634562075138092,0.022370869293808937,0.006953172851353884,0.06753142178058624,0.09426815807819366,0.041057899594306946,0.023134224116802216,0.16258038580417633,2.3662667274475098,pythia-410m
16,14,bos_sink,0.5161141753196716,0.007081951480358839,0.004678426776081324,0.030451221391558647,0.01768941432237625,0.04908564314246178,0.010175220668315887,0.38665977120399475,2.9162023067474365,pythia-410m
16,15,bos_sink,0.6162577271461487,0.031453169882297516,0.013010610826313496,0.06903962790966034,0.04739847779273987,0.0722084790468216,0.028549272567033768,0.19509534537792206,2.5831518173217773,pythia-410m
17,0,bos_sink,0.6693581342697144,0.05200447887182236,0.03627138212323189,0.056563518941402435,0.012039700523018837,0.1556035876274109,0.012026549316942692,0.10643502324819565,2.2873952388763428,pythia-410m
17,1,bos_sink,0.42930248379707336,0.01320597343146801,0.007568124681711197,0.03251850605010986,0.021554136648774147,0.05301837623119354,0.012363152578473091,0.46360620856285095,3.2512753009796143,pythia-410m
17,2,bos_sink,0.5475350022315979,0.029138285666704178,0.013536295853555202,0.10185320675373077,0.055487461388111115,0.07851575314998627,0.028295166790485382,0.21660807728767395,2.926149368286133,pythia-410m
17,3,bos_sink,0.9519716501235962,0.027356470003724098,0.005174986086785793,0.001409556483849883,0.0029801984783262014,0.03677956759929657,0.00040498923044651747,0.00685927364975214,0.4010447561740875,pythia-410m
17,4,bos_sink,0.3325362503528595,0.14979533851146698,0.0924006998538971,0.08858682215213776,0.013110672123730183,0.343238890171051,0.014038036577403545,0.2225271314382553,3.536501169204712,pythia-410m
17,5,bos_sink,0.6478531956672668,0.03636278584599495,0.030658189207315445,0.0287973340600729,0.006529944948852062,0.1443408727645874,0.0056436937302351,0.17247821390628815,2.3878026008605957,pythia-410m
17,6,bos_sink,0.8617770075798035,0.007011529058218002,0.0027172062546014786,0.031123630702495575,0.0354921892285347,0.01667490229010582,0.009687401354312897,0.05493243411183357,1.1231247186660767,pythia-410m
17,7,bos_sink,0.6843649744987488,0.10744976997375488,0.04418884962797165,0.03473709151148796,0.01628374308347702,0.18973660469055176,0.00799232255667448,0.07487796992063522,2.0191361904144287,pythia-410m
17,8,bos_sink,0.9257166981697083,0.017033841460943222,0.007126335985958576,0.01097921747714281,0.0023674871772527695,0.034294065088033676,0.00245453673414886,0.026642806828022003,0.6819889545440674,pythia-410m
17,9,bos_sink,0.30755311250686646,0.022432943806052208,0.006756107322871685,0.10028847306966782,0.3119904696941376,0.04965073615312576,0.030206719413399696,0.23051665723323822,3.1492578983306885,pythia-410m
17,10,bos_sink,0.5010099411010742,0.018152622506022453,0.004351640585809946,0.051431991159915924,0.2884989380836487,0.032943449914455414,0.016856102272868156,0.12611567974090576,2.3417882919311523,pythia-410m
17,11,bos_sink,0.7820504307746887,0.02030850388109684,0.0038741277530789375,0.032987888902425766,0.10054122656583786,0.029989253729581833,0.011646747589111328,0.054430995136499405,1.4429911375045776,pythia-410m
17,12,bos_sink,0.7607213854789734,0.06507544219493866,0.015390540473163128,0.05388657748699188,0.014053264632821083,0.09783518314361572,0.02138124592602253,0.07350370287895203,1.7253122329711914,pythia-410m
17,13,bos_sink,0.899163544178009,0.008630498312413692,0.005588981322944164,0.023008720949292183,0.00821332260966301,0.026513904333114624,0.004899676889181137,0.04310038685798645,0.9102236032485962,pythia-410m
17,14,bos_sink,0.9204508662223816,0.015090035274624825,0.05086667090654373,0.0014197527198120952,5.176076683710562e-06,0.07032178342342377,2.6685594889386266e-07,0.007802319247275591,0.5366588234901428,pythia-410m
17,15,bos_sink,0.5442633032798767,0.025673555210232735,0.012053653597831726,0.062401965260505676,0.14223012328147888,0.0631120577454567,0.017619529739022255,0.18799257278442383,2.7158260345458984,pythia-410m
18,0,bos_sink,0.490702360868454,0.00975793693214655,0.0029421993531286716,0.06940405815839767,0.23953257501125336,0.02351466193795204,0.020939743146300316,0.17684662342071533,2.596641778945923,pythia-410m
18,1,bos_sink,0.8549311757087708,0.024190928786993027,0.0024126581847667694,0.014714213088154793,0.03235148265957832,0.031504835933446884,0.006754538509994745,0.06649786233901978,1.1459730863571167,pythia-410m
18,2,bos_sink,0.6849163174629211,0.008577613160014153,0.003015524009242654,0.08459506928920746,0.06515224277973175,0.02190619334578514,0.02329602837562561,0.14343012869358063,2.1549479961395264,pythia-410m
18,3,bos_sink,0.9411137104034424,1.6511576106381654e-08,0.002281446475535631,0.006894000340253115,0.006912105716764927,0.005348093342036009,0.0016615133499726653,0.03973206505179405,0.5580936670303345,pythia-410m
18,4,bos_sink,0.8729936480522156,0.005379889160394669,0.0027197618037462234,0.023595023900270462,0.009903357364237309,0.017083387821912766,0.006709397304803133,0.07642462104558945,1.0927666425704956,pythia-410m
18,5,bos_sink,0.9489448666572571,0.03315127640962601,0.003728872397914529,0.00480693019926548,0.00024560041492804885,0.03906495124101639,0.0005074883811175823,0.006937215104699135,0.4077296555042267,pythia-410m
18,6,bos_sink,0.9771187901496887,0.007912527769804,0.002704149577766657,0.0032669641077518463,0.00040493253618478775,0.013532884418964386,0.0004107888671569526,0.005676900502294302,0.23901578783988953,pythia-410m
18,7,bos_sink,0.8882047533988953,0.00558736827224493,0.003357336623594165,0.016903243958950043,0.007153837475925684,0.021074136719107628,0.004092966206371784,0.06666413694620132,0.986300528049469,pythia-410m
18,8,diffuse,0.28093770146369934,0.007374018430709839,0.0022962267976254225,0.0640801340341568,0.4717170000076294,0.01729540154337883,0.02088642120361328,0.16597026586532593,2.5027291774749756,pythia-410m
18,9,bos_sink,0.857477068901062,0.052388112992048264,0.01546368096023798,0.018404096364974976,0.004178070463240147,0.08653779327869415,0.004773522727191448,0.033402759581804276,1.0937387943267822,pythia-410m
18,10,bos_sink,0.6202293038368225,0.008808115497231483,0.0031824177131056786,0.06024680659174919,0.10993615537881851,0.02462715096771717,0.017791662365198135,0.18496060371398926,2.3923935890197754,pythia-410m
18,11,bos_sink,0.36404478549957275,0.026469780132174492,0.007709895726293325,0.11837299168109894,0.1781621128320694,0.06044362485408783,0.040683817118406296,0.2789765000343323,3.387113571166992,pythia-410m
18,12,bos_sink,0.41830793023109436,0.01341944094747305,0.0059532527811825275,0.09367267787456512,0.1924854815006256,0.041426993906497955,0.027324697002768517,0.25410714745521545,3.1184399127960205,pythia-410m
18,13,bos_sink,0.4505928158760071,0.013260727748274803,0.00575125589966774,0.08567396551370621,0.14998583495616913,0.03985028341412544,0.028986478224396706,0.2738967835903168,3.093932867050171,pythia-410m
18,14,bos_sink,0.4056243896484375,0.026187337934970856,0.006261768750846386,0.10262671113014221,0.211656853556633,0.04924476519227028,0.037184931337833405,0.23084744811058044,3.0991034507751465,pythia-410m
18,15,bos_sink,0.5933496952056885,0.010918375104665756,0.0035910385195165873,0.05960451811552048,0.08487922698259354,0.026351138949394226,0.01966221258044243,0.23581565916538239,2.5699493885040283,pythia-410m
19,0,bos_sink,0.9845423102378845,0.00015968785737641156,1.928231904457789e-05,0.0052309646271169186,0.0030598961748182774,0.0005712544079869986,0.0017712280387058854,0.0065949237905442715,0.17513267695903778,pythia-410m
19,1,bos_sink,0.9343113303184509,0.019250713288784027,0.006197027396410704,0.008314893580973148,0.00130782974883914,0.03173109143972397,0.001314587309025228,0.024334605783224106,0.6004963517189026,pythia-410m
19,2,diffuse,0.022212551906704903,0.16831400990486145,0.10118569433689117,0.09100544452667236,0.03285606577992439,0.4601629674434662,0.02813737653195858,0.39376288652420044,4.154460430145264,pythia-410m
19,3,bos_sink,0.34983327984809875,0.033070795238018036,0.02376454696059227,0.1745588630437851,0.043110236525535583,0.12762054800987244,0.03649871423840523,0.30487704277038574,3.7755088806152344,pythia-410m
19,4,bos_sink,0.34680700302124023,0.013363348320126534,0.006105444394052029,0.11767414212226868,0.228778675198555,0.04241763800382614,0.03474467620253563,0.2643227279186249,3.2803869247436523,pythia-410m
19,5,bos_sink,0.8873250484466553,0.05326458811759949,0.009665556252002716,0.012484793551266193,0.0045286910608410835,0.07137708365917206,0.0017179736169055104,0.02428438887000084,0.8646355867385864,pythia-410m
19,6,bos_sink,0.5067273378372192,0.009225171059370041,0.005535400938242674,0.10219120979309082,0.09820352494716644,0.04495679587125778,0.03056483343243599,0.24792106449604034,2.9948320388793945,pythia-410m
19,7,diffuse,0.24521169066429138,0.01741749607026577,0.007420593407005072,0.15250235795974731,0.1934712827205658,0.05419906973838806,0.03661166876554489,0.3546154499053955,3.738494396209717,pythia-410m
19,8,bos_sink,0.5389216542243958,0.005071183200925589,0.0023018321953713894,0.08142227679491043,0.1515166163444519,0.021804552525281906,0.023632168769836426,0.2063351422548294,2.6720566749572754,pythia-410m
19,9,diffuse,0.2711034417152405,0.01838272251188755,0.007849390618503094,0.15042640268802643,0.13646657764911652,0.057317040860652924,0.04644116386771202,0.38468658924102783,3.801924705505371,pythia-410m
19,10,bos_sink,0.6419312357902527,0.026098622009158134,0.011551721952855587,0.10102470219135284,0.02687494270503521,0.06845103204250336,0.02408362552523613,0.16171813011169434,2.490356922149658,pythia-410m
19,11,diffuse,0.24392250180244446,0.02541656419634819,0.010862558148801327,0.15583324432373047,0.1148805096745491,0.08813227713108063,0.03838944062590599,0.3972315490245819,3.9576048851013184,pythia-410m
19,12,diffuse,0.18873924016952515,0.015753157436847687,0.009183794260025024,0.13542550802230835,0.16253741085529327,0.06968124955892563,0.03998848423361778,0.44361668825149536,3.9727540016174316,pythia-410m
19,13,bos_sink,0.9424229860305786,0.01194380410015583,0.0025730812922120094,0.007361533120274544,0.0029928400181233883,0.018641484901309013,0.001549196313135326,0.02858126536011696,0.552831768989563,pythia-410m
19,14,bos_sink,0.8959643244743347,0.006313372869044542,0.00421084463596344,0.021395284682512283,0.00560469226911664,0.022983821108937263,0.00490990374237299,0.0540514811873436,0.9358302354812622,pythia-410m
19,15,bos_sink,0.32049211859703064,0.011494564823806286,0.005456940736621618,0.0155471321195364,0.574207603931427,0.027473751455545425,0.004229759331792593,0.06227881833910942,1.7661826610565186,pythia-410m
20,0,bos_sink,0.9990829229354858,3.538135570124723e-05,6.16739316683379e-06,0.00032968816231004894,0.00021449531777761877,7.354412809945643e-05,3.434732570894994e-05,0.0003008770290762186,0.013871494680643082,pythia-410m
20,1,diffuse,0.149885892868042,0.04417000710964203,0.028350461274385452,0.17041990160942078,0.09800730645656586,0.15923476219177246,0.042307883501052856,0.42245224118232727,4.265833854675293,pythia-410m
20,2,diffuse,0.11273393779993057,0.021544434130191803,0.012728849425911903,0.18998029828071594,0.15338197350502014,0.08517200499773026,0.04824407771229744,0.4587318003177643,4.171565532684326,pythia-410m
20,3,bos_sink,0.9750097393989563,1.6942224192462163e-06,6.92885237185692e-07,0.00659864442422986,0.009838375262916088,1.3378371477301698e-05,0.002065512351691723,0.008541950955986977,0.24622824788093567,pythia-410m
20,4,bos_sink,0.7418379187583923,0.008009728044271469,0.005054537672549486,0.022891469299793243,0.016967609524726868,0.04240885749459267,0.005750253330916166,0.1758941411972046,1.898137092590332,pythia-410m
20,5,bos_sink,0.9997583627700806,5.360245268093422e-06,1.4326957398225204e-06,0.00020396080799400806,5.923481239733519e-06,9.087954822462052e-06,4.556003204925219e-06,2.5362773158121854e-05,0.0037436666898429394,pythia-410m
20,6,diffuse,0.17036843299865723,0.10689190775156021,0.09027710556983948,0.06952280551195145,0.01564665138721466,0.3695582449436188,0.014035558328032494,0.3749040365219116,4.044267654418945,pythia-410m
20,7,diffuse,0.0073141902685165405,0.01730336621403694,0.014242409728467464,0.20287346839904785,0.22428205609321594,0.11614131927490234,0.0680963471531868,0.4493885934352875,4.0160040855407715,pythia-410m
20,8,bos_sink,0.9999954700469971,4.0119499389312807e-10,7.19840514778157e-14,2.046450617854134e-06,2.7612429676082684e-06,6.71408484365088e-10,3.702048445575201e-08,1.379151797209488e-07,0.0001034972447087057,pythia-410m
20,9,bos_sink,0.9999592900276184,9.829256697457822e-08,2.5480388909926432e-09,3.425441900617443e-05,5.674619387718849e-06,1.1426137547232429e-07,5.443338295663125e-07,1.2818873074138537e-06,0.000716045789886266,pythia-410m
20,10,bos_sink,0.9998480677604675,3.729499553628557e-07,2.20748219703637e-08,7.587208529002964e-05,4.664759399020113e-05,1.3663022855325835e-06,7.839308636903297e-06,3.1042287446325645e-05,0.002663989318534732,pythia-410m
20,11,bos_sink,0.8426419496536255,0.0007014418952167034,0.0005827794666402042,0.00600585388019681,0.006069825030863285,0.0100626852363348,0.0030300216749310493,0.13522067666053772,1.2193504571914673,pythia-410m
20,12,bos_sink,0.9976999759674072,3.475778066786006e-05,0.00014213233953341842,0.0009485736372880638,0.00010767136700451374,0.0004557700885925442,7.533626194344833e-05,0.0007876271265558898,0.03248339891433716,pythia-410m
20,13,bos_sink,0.44365599751472473,0.023315155878663063,0.012782441452145576,0.10773499310016632,0.07485125958919525,0.08040417730808258,0.028110917657613754,0.2933533191680908,3.3431313037872314,pythia-410m
20,14,bos_sink,0.9546880722045898,0.016356918960809708,0.00675160251557827,0.0051652537658810616,0.0012118722079321742,0.027667775750160217,0.0012090436648577452,0.01126687042415142,0.4231780171394348,pythia-410m
20,15,bos_sink,0.5283263325691223,0.018677106127142906,0.011061210185289383,0.12204114347696304,0.02749214880168438,0.0818730965256691,0.02890247292816639,0.24026715755462646,3.0407729148864746,pythia-410m
21,0,bos_sink,0.9779492020606995,0.004688065964728594,0.0027600808534771204,0.0012219835771247745,0.0004257221007719636,0.011045586317777634,0.0003984775685239583,0.009358092211186886,0.23876577615737915,pythia-410m
21,1,diffuse,0.19834528863430023,0.008891941048204899,0.005509058944880962,0.17333608865737915,0.11935671418905258,0.06196753308176994,0.04579457640647888,0.44699424505233765,4.021114349365234,pythia-410m
21,2,bos_sink,0.39208757877349854,0.10574585944414139,0.2565193772315979,0.09311124682426453,0.0003198139602318406,0.42815372347831726,0.0001267006591660902,0.08632777631282806,2.6104040145874023,pythia-410m
21,3,bos_sink,0.9929522275924683,2.599668914626818e-05,1.2106540452805348e-05,0.0037918651942163706,0.0008863332914188504,0.00013712458894588053,0.00045164255425333977,0.002233664970844984,0.08614856749773026,pythia-410m
21,4,diffuse,0.26211926341056824,0.010696676559746265,0.006613582838326693,0.19644372165203094,0.14040669798851013,0.05329383537173271,0.046147670596838,0.3477364778518677,3.8186182975769043,pythia-410m
21,5,bos_sink,0.786167323589325,0.0070036002434790134,0.00417921831831336,0.03743275627493858,0.030394399538636208,0.025531692430377007,0.012485884130001068,0.12047341465950012,1.6422953605651855,pythia-410m
21,6,bos_sink,0.3202165365219116,0.005315086804330349,0.0031117501202970743,0.13104699552059174,0.05930091813206673,0.039802927523851395,0.03750209882855415,0.4496329426765442,3.7123379707336426,pythia-410m
21,7,diffuse,0.11876866221427917,0.15180037915706635,0.08850006014108658,0.15473274886608124,0.030509183183312416,0.3881915211677551,0.030935529619455338,0.30779799818992615,4.194409370422363,pythia-410m
21,8,bos_sink,0.44910603761672974,0.0007056036265566945,0.0006176825845614076,0.17081795632839203,0.12713852524757385,0.01738760806620121,0.0329446941614151,0.2355494499206543,3.1019043922424316,pythia-410m
21,9,diffuse,0.20943644642829895,0.4083806276321411,0.1417415291070938,0.004240519367158413,0.01810307241976261,0.7219545245170593,0.0016647444572299719,0.04626532644033432,2.5822246074676514,pythia-410m
21,10,diffuse,0.15782280266284943,0.011083087883889675,0.010932402685284615,0.08994241058826447,0.029872365295886993,0.09619972854852676,0.03291722387075424,0.6261628866195679,4.041070938110352,pythia-410m
21,11,bos_sink,0.6394414305686951,0.1196046695113182,0.06259209662675858,0.009834010154008865,0.0028546841349452734,0.2618248164653778,0.0016574193723499775,0.08604562282562256,2.13362979888916,pythia-410m
21,12,bos_sink,0.6882789134979248,0.20132476091384888,0.02240513265132904,0.028375379741191864,0.003343659918755293,0.2331388294696808,0.005390753038227558,0.046863142400979996,1.6318165063858032,pythia-410m
21,13,bos_sink,0.7993548512458801,0.01944315806031227,0.009993791580200195,0.03218037262558937,0.021322278305888176,0.09141412377357483,0.006956496741622686,0.05572904273867607,1.523837924003601,pythia-410m
21,14,bos_sink,0.3993159532546997,0.007904834114015102,0.005034467205405235,0.17020294070243835,0.1241525337100029,0.040901266038417816,0.04003729671239853,0.2654271125793457,3.3713414669036865,pythia-410m
21,15,bos_sink,0.9965492486953735,5.424499704531627e-06,5.394982736106613e-07,0.0010807657381519675,0.00025322253350168467,4.19166790379677e-05,0.00023716733267065138,0.0020754188299179077,0.04690099135041237,pythia-410m
22,0,bos_sink,0.4695729613304138,0.007392517291009426,0.004110214300453663,0.17330357432365417,0.09799714386463165,0.043941084295511246,0.03243359550833702,0.21518474817276,3.130927801132202,pythia-410m
22,1,diffuse,0.009117932990193367,0.03714732453227043,0.05511267110705376,0.137936532497406,0.04883376136422157,0.29196277260780334,0.03907918184995651,0.5121483206748962,4.355509281158447,pythia-410m
22,2,diffuse,0.09185134619474411,0.7354205250740051,0.059092678129673004,0.022272417321801186,0.002483248943462968,0.848593533039093,0.0016512696165591478,0.034799445420503616,1.63215970993042,pythia-410m
22,3,diffuse,0.11477289348840714,0.12356612086296082,0.08450210839509964,0.11866362392902374,0.020655039697885513,0.37966060638427734,0.021083274856209755,0.36624783277511597,4.201333045959473,pythia-410m
22,4,bos_sink,0.9991776347160339,1.6309561033267528e-05,5.379288836593332e-07,0.0003632063162513077,5.4238131269812584e-05,7.211703632492572e-05,2.9620710847666487e-05,0.0003345872100908309,0.012453692965209484,pythia-410m
22,5,bos_sink,0.8311119675636292,0.0016568227438256145,0.003665129654109478,0.025044286623597145,0.0119699751958251,0.03972778096795082,0.008428586646914482,0.09214551746845245,1.356789231300354,pythia-410m
22,6,diffuse,0.0006697197677567601,0.9439136385917664,0.022042645141482353,0.005993981380015612,0.00020463429973460734,0.9758922457695007,0.0014319963520392776,0.017240144312381744,0.4868372678756714,pythia-410m
22,7,bos_sink,0.3227616846561432,0.00467003183439374,0.0072434088215231895,0.09772811830043793,0.046114664524793625,0.09181644022464752,0.0377374142408371,0.44157880544662476,3.7013840675354004,pythia-410m
22,8,diffuse,0.19970901310443878,0.05295277759432793,0.0694151446223259,0.06226658821105957,0.0225396566092968,0.47355663776397705,0.029924439266324043,0.24192741513252258,3.7677531242370605,pythia-410m
22,9,bos_sink,0.7398325204849243,0.004399680066853762,0.0024359028320759535,0.10165207833051682,0.04897001013159752,0.02002263441681862,0.018937893211841583,0.08952199667692184,1.8538326025009155,pythia-410m
22,10,bos_sink,0.42865487933158875,0.030796170234680176,0.017098603770136833,0.0827537328004837,0.039337024092674255,0.19594497978687286,0.021974800154566765,0.25330910086631775,3.3071298599243164,pythia-410m
22,11,diffuse,0.13649804890155792,0.1948172152042389,0.05847783759236336,0.0847051590681076,0.016711413860321045,0.3767108917236328,0.018363863229751587,0.38537442684173584,4.011446475982666,pythia-410m
22,12,bos_sink,0.9455718398094177,0.00012556491128634661,0.0005843638209626079,0.014495689421892166,0.00502575421705842,0.004030452575534582,0.0027903879527002573,0.03087637387216091,0.5330997705459595,pythia-410m
22,13,diffuse,0.030513428151607513,0.0019663553684949875,0.0015118626179173589,0.2493123710155487,0.13083815574645996,0.04411953687667847,0.06397818773984909,0.545215904712677,4.106759548187256,pythia-410m
22,14,bos_sink,0.6884493231773376,0.0031705773435533047,0.00033387041185051203,0.04982110112905502,0.027230264618992805,0.02754783071577549,0.01780352182686329,0.20695187151432037,2.159114122390747,pythia-410m
22,15,diffuse,0.01990930736064911,0.0006956360884942114,0.0002385427214903757,0.2853485345840454,0.12616732716560364,0.042163457721471786,0.07396511733531952,0.5264105796813965,4.071185111999512,pythia-410m
23,0,bos_sink,0.4065333306789398,0.016892975196242332,0.009399023838341236,0.23331178724765778,0.019402697682380676,0.03609844297170639,0.015462012030184269,0.30465376377105713,3.280283212661743,pythia-410m
23,1,bos_sink,0.40385961532592773,0.14270377159118652,0.08257029205560684,0.019001105800271034,0.008795305155217648,0.4752446711063385,0.006206689402461052,0.09309890866279602,2.9576897621154785,pythia-410m
23,2,bos_sink,0.9980171322822571,0.0004158092488069087,3.348374229972251e-05,0.0009684314136393368,3.3741933293640614e-05,0.00047883513616397977,4.450777851161547e-05,0.0005018857773393393,0.027525244280695915,pythia-410m
23,3,bos_sink,0.7710003852844238,0.11732751131057739,0.026992253959178925,0.015702782198786736,0.0041280570439994335,0.1724836528301239,0.0019358103163540363,0.0366855226457119,1.435743808746338,pythia-410m
23,4,bos_sink,0.9853307008743286,0.006553990766406059,0.0001477938494645059,0.0045217787846922874,0.00016305927420035005,0.00685901241376996,0.0001468842674512416,0.0031259518582373857,0.15438459813594818,pythia-410m
23,5,bos_sink,0.5452817678451538,0.0021634360309690237,0.0023773284628987312,0.09816833585500717,0.03428324684500694,0.06234746798872948,0.027254924178123474,0.2599187195301056,2.871105909347534,pythia-410m
23,6,bos_sink,0.7228124141693115,0.0017877415521070361,0.006614567246288061,0.023949915543198586,0.014857606962323189,0.07011694461107254,0.00723600946366787,0.16826286911964417,1.9534814357757568,pythia-410m
23,7,diffuse,0.0015611927956342697,0.002742798998951912,0.0026138881221413612,0.11856202036142349,0.08690231293439865,0.0514565035700798,0.06211111694574356,0.7415176630020142,3.9449164867401123,pythia-410m
23,8,diffuse,0.07862468808889389,0.03506916016340256,0.057582560926675797,0.027854060754179955,0.03500658646225929,0.3629322946071625,0.022593019530177116,0.49558189511299133,3.9930267333984375,pythia-410m
23,9,bos_sink,0.9994981288909912,1.0962941814796068e-05,2.91784431283304e-06,0.00016454381693620235,3.470697265584022e-05,4.351847746875137e-05,1.2335292012721766e-05,0.0002605235204100609,0.008301656693220139,pythia-410m
23,10,diffuse,0.11632654815912247,0.024312080815434456,0.07811339944601059,0.04811170697212219,0.010939419269561768,0.5465914607048035,0.021401945501565933,0.27803027629852295,3.6364638805389404,pythia-410m
23,11,diffuse,0.2825980484485626,0.04312937334179878,0.07888486236333847,0.04979025200009346,0.0102383466437459,0.368613064289093,0.013173285871744156,0.28876030445098877,3.7159340381622314,pythia-410m
23,12,diffuse,0.04815511777997017,0.5794107913970947,0.09709934145212173,0.021097179502248764,0.003984323237091303,0.7847042083740234,0.006476337090134621,0.1420590728521347,2.511993646621704,pythia-410m
23,13,diffuse,0.17038066685199738,0.023342158645391464,0.0348486602306366,0.02352897636592388,0.003445457434281707,0.3173837661743164,0.0074075572192668915,0.4852609932422638,3.6981680393218994,pythia-410m
23,14,previous_token,0.07451401650905609,0.1567211002111435,0.23055675625801086,0.007110480219125748,0.0020770137198269367,0.8285461664199829,0.0038285243790596724,0.08775249123573303,2.9860429763793945,pythia-410m
23,15,bos_sink,0.38461166620254517,0.14479351043701172,0.1671738624572754,0.0019493618747219443,0.00031630537705495954,0.5178334712982178,0.0003114215505775064,0.09528942406177521,2.717430353164673,pythia-410m
0,0,diffuse,0.17614693939685822,0.08732414990663528,0.11447109282016754,0.029931077733635902,0.009912243112921715,0.45998162031173706,0.005896007642149925,0.324028342962265,3.8473315238952637,pythia-1b
0,1,diffuse,0.045175373554229736,0.1516752988100052,0.06477288156747818,0.18524354696273804,0.028193654492497444,0.38698816299438477,0.09678134322166443,0.3543992340564728,4.232860565185547,pythia-1b
0,2,bos_sink,0.99947589635849,1.4670679775008466e-05,1.604599856364075e-05,0.00015733009786345065,2.8747015676344745e-05,8.187123603420332e-05,2.9423419618979096e-05,0.00025621685199439526,0.00874857697635889,pythia-1b
0,3,diffuse,0.030408373102545738,0.09697279334068298,0.12779271602630615,0.05481905862689018,0.019650738686323166,0.5130830407142639,0.011881778948009014,0.38203877210617065,4.0561676025390625,pythia-1b
0,4,diffuse,0.08380519598722458,0.0505589134991169,0.07822337746620178,0.11940749734640121,0.03172944858670235,0.33559364080429077,0.02066231518983841,0.4294643700122833,4.343200206756592,pythia-1b
0,5,diffuse,0.049640245735645294,0.06741448491811752,0.09960795193910599,0.10457666218280792,0.02755923755466938,0.4068514406681061,0.0165599025785923,0.4113723337650299,4.28214693069458,pythia-1b
0,6,bos_sink,0.6523774266242981,0.023934632539749146,0.020776331424713135,0.07022883743047714,0.014497804455459118,0.1010451540350914,0.014901562593877316,0.16185109317302704,2.453125238418579,pythia-1b
0,7,bos_sink,0.3766426742076874,0.06431815773248672,0.04320671781897545,0.10608606040477753,0.02391953580081463,0.21868041157722473,0.033628519624471664,0.27467137575149536,3.6427061557769775,pythia-1b
1,0,previous_token,0.016376756131649017,0.1889316737651825,0.3321954607963562,0.011856955476105213,0.0008708641398698092,0.8682187795639038,0.0002852712932508439,0.10267650336027145,2.7818756103515625,pythia-1b
1,1,bos_sink,0.310787558555603,0.03512386232614517,0.038939278572797775,0.1146693304181099,0.02763957343995571,0.18248793482780457,0.022953500971198082,0.36441570520401,3.901772975921631,pythia-1b
1,2,bos_sink,0.7592214345932007,0.029566578567028046,0.01724931411445141,0.10535351932048798,0.008654613979160786,0.0751582607626915,0.019071925431489944,0.05161229893565178,1.7467494010925293,pythia-1b
1,3,previous_token,0.000993834575638175,0.09233011305332184,0.5009125471115112,0.0003296862996648997,2.5878334781737067e-05,0.9745445251464844,2.8982099138374906e-06,0.024106604978442192,1.9984428882598877,pythia-1b
1,4,bos_sink,0.8743138909339905,0.02554166316986084,0.061995796859264374,0.0002915424120146781,2.2775564502808265e-05,0.12013258039951324,3.9299147829297e-06,0.005238797515630722,0.8115084171295166,pythia-1b
1,5,diffuse,0.03991729021072388,0.02850978635251522,0.05338025838136673,0.32221829891204834,0.04493407532572746,0.2148386389017105,0.022009868174791336,0.37809160351753235,4.353500843048096,pythia-1b
1,6,diffuse,0.15145756304264069,0.16216491162776947,0.1532783955335617,0.03349248692393303,0.007957973517477512,0.5810903310775757,0.006092431955039501,0.22600188851356506,3.6543521881103516,pythia-1b
1,7,induction,0.11743579059839249,0.020403210073709488,0.00025464920327067375,0.831341028213501,0.003673996776342392,0.02398434281349182,0.8217409253120422,0.023564741015434265,1.0629827976226807,pythia-1b
2,0,diffuse,0.24211426079273224,0.1001712754368782,0.1728893220424652,0.052178170531988144,0.014656397514045238,0.47607848048210144,0.007597713731229305,0.21497255563735962,3.6443333625793457,pythia-1b
2,1,previous_token,0.07221922278404236,0.3714008629322052,0.34259557723999023,0.009640461765229702,0.0015860466519370675,0.8517417907714844,0.0007458908366970718,0.06481234729290009,2.449692726135254,pythia-1b
2,2,diffuse,0.1730700433254242,0.11026470363140106,0.15308618545532227,0.08581332117319107,0.01874578557908535,0.4525552988052368,0.01163551863282919,0.26981568336486816,3.9174702167510986,pythia-1b
2,3,previous_token,0.35637372732162476,0.08988921344280243,0.33116844296455383,0.004817107226699591,0.0005513959331437945,0.5893622040748596,8.119008271023631e-05,0.04889572039246559,2.3998498916625977,pythia-1b
2,4,diffuse,0.11514902114868164,0.02958863601088524,0.030604390427470207,0.2157040387392044,0.049697451293468475,0.13483141362667084,0.04529963806271553,0.48461785912513733,4.3570051193237305,pythia-1b
2,5,diffuse,0.017832031473517418,0.13648976385593414,0.17837169766426086,0.02189912274479866,0.005254552233964205,0.658987283706665,0.003555736970156431,0.2960268557071686,3.616964817047119,pythia-1b
2,6,diffuse,0.03934637829661369,0.18842171132564545,0.1998073309659958,0.0530814491212368,0.009296112693846226,0.7065710425376892,0.010171282105147839,0.19170519709587097,3.5877387523651123,pythia-1b
2,7,bos_sink,0.4707176685333252,0.0513516440987587,0.033088814467191696,0.12378840148448944,0.015792323276400566,0.18840757012367249,0.04835842549800873,0.20129385590553284,3.2655396461486816,pythia-1b
3,0,bos_sink,0.43251481652259827,0.05566959083080292,0.03896060585975647,0.13161788880825043,0.020675616338849068,0.1832466870546341,0.028118086978793144,0.2319449633359909,3.4492011070251465,pythia-1b
3,1,diffuse,0.09994423389434814,0.03023894876241684,0.03540156036615372,0.22725285589694977,0.05415336787700653,0.1701771318912506,0.04693610966205597,0.44847244024276733,4.407079696655273,pythia-1b
3,2,previous_token,0.032875046133995056,0.08617245405912399,0.2316761016845703,0.0040520248003304005,0.002458196599036455,0.7285608649253845,0.0007094066240824759,0.23205411434173584,3.2996528148651123,pythia-1b
3,3,bos_sink,0.4630556106567383,0.1215885803103447,0.11668960005044937,0.02437748573720455,0.007166413124650717,0.368172287940979,0.006022025365382433,0.13722804188728333,2.889615535736084,pythia-1b
3,4,bos_sink,0.34406405687332153,0.07808990031480789,0.09707824140787125,0.03838688135147095,0.011455398052930832,0.3413531184196472,0.008601763285696507,0.26474058628082275,3.532656669616699,pythia-1b
3,5,previous_token,4.098743462671296e-16,0.008423957042396069,0.9732931852340698,2.253749002456188e-16,9.572747088559212e-16,0.9999932050704956,9.440503143226848e-18,7.125395768525777e-06,0.2035961002111435,pythia-1b
3,6,previous_token,0.08436211198568344,0.1743517369031906,0.3705579936504364,0.0021611880511045456,0.0009483547182753682,0.8420832753181458,0.0002919456164818257,0.07044479250907898,2.6900439262390137,pythia-1b
3,7,bos_sink,0.5133777260780334,0.1275450885295868,0.18846923112869263,0.0050585526041686535,0.0011676759459078312,0.43302443623542786,0.0006479272851720452,0.04737153649330139,2.255528211593628,pythia-1b
4,0,diffuse,0.33695563673973083,0.05010325461626053,0.028260627761483192,0.2648463845252991,0.0323234461247921,0.1457216590642929,0.1711900681257248,0.22015298902988434,3.561246156692505,pythia-1b
4,1,bos_sink,0.4621337354183197,0.057038724422454834,0.04502508044242859,0.015948140993714333,0.25700274109840393,0.18369930982589722,0.003983271308243275,0.08121584355831146,2.5582897663116455,pythia-1b
4,2,bos_sink,0.3490694463253021,0.17278778553009033,0.052976615726947784,0.1613800972700119,0.014730222523212433,0.33421802520751953,0.11503928154706955,0.14060209691524506,3.3111727237701416,pythia-1b
4,3,induction,0.1431252360343933,0.09718145430088043,0.023350518196821213,0.679570198059082,0.009256196208298206,0.13931483030319214,0.6477544903755188,0.028734052553772926,1.8944079875946045,pythia-1b
4,4,diffuse,0.05746467411518097,0.0006340399850159883,8.86495690792799e-05,0.013997330330312252,0.9167410135269165,0.0011571336071938276,0.010595280677080154,0.010639605112373829,0.5638638138771057,pythia-1b
4,5,bos_sink,0.33081576228141785,0.03099345602095127,0.032286953181028366,0.02093583717942238,0.28461188077926636,0.166516974568367,0.010259691625833511,0.19711962342262268,3.1174843311309814,pythia-1b
4,6,diffuse,0.26149091124534607,0.018053213134407997,0.06042489409446716,0.09305107593536377,0.02682740055024624,0.24146191775798798,0.006322778295725584,0.3771689534187317,3.97685170173645,pythia-1b
4,7,bos_sink,0.3241208791732788,0.05108252912759781,0.11992541700601578,0.02611013688147068,0.006539823021739721,0.40609756112098694,0.002497496549040079,0.23713167011737823,3.43312406539917,pythia-1b
5,0,bos_sink,0.37970060110092163,0.03837466612458229,0.06698707491159439,0.08762095868587494,0.02209741435945034,0.2564642131328583,0.015074927359819412,0.2541167736053467,3.5846197605133057,pythia-1b
5,1,induction,0.07447191327810287,0.019152257591485977,2.9994427677593194e-05,0.9037566781044006,0.0005086499731987715,0.019364627078175545,0.9009926915168762,0.001898415619507432,0.583893358707428,pythia-1b
5,2,diffuse,0.13996051251888275,0.0606246255338192,0.054931748658418655,0.10123869776725769,0.02886343002319336,0.2900797128677368,0.03096798062324524,0.4398576319217682,4.263103485107422,pythia-1b
5,3,previous_token,0.36023807525634766,0.13306063413619995,0.24879586696624756,0.005597976967692375,0.001359958783723414,0.5871917009353638,0.0005867010331712663,0.04561261460185051,2.5785653591156006,pythia-1b
5,4,diffuse,0.23156791925430298,0.021823717281222343,0.04282081499695778,0.13310356438159943,0.04989522695541382,0.18681885302066803,0.01568622700870037,0.39861440658569336,4.124856472015381,pythia-1b
5,5,bos_sink,0.34194400906562805,0.10744893550872803,0.21746188402175903,0.002580065745860338,0.000968041829764843,0.5747498869895935,0.00039926369208842516,0.0797581747174263,2.772925615310669,pythia-1b
5,6,bos_sink,0.3226233720779419,0.04250168427824974,0.027193790301680565,0.044362954795360565,0.19964730739593506,0.1593533307313919,0.02419939450919628,0.2740132808685303,3.4782652854919434,pythia-1b
5,7,bos_sink,0.47326985001564026,0.008176438510417938,0.0020966820884495974,0.036180995404720306,0.4200502038002014,0.017038702964782715,0.02123866230249405,0.05346037074923515,1.795669436454773,pythia-1b
6,0,bos_sink,0.4746516942977905,0.037667784839868546,0.15479372441768646,0.005100198555737734,0.0010447020176798105,0.4030512273311615,0.00031830932130105793,0.11615271866321564,2.6041507720947266,pythia-1b
6,1,diffuse,0.0656995177268982,0.09179262071847916,0.07009492814540863,0.07348717004060745,0.07572957128286362,0.31265518069267273,0.034046709537506104,0.4724286198616028,4.275135040283203,pythia-1b
6,2,bos_sink,0.4381153881549835,0.009284448809921741,0.032362837344408035,0.06515326350927353,0.014949792064726353,0.14305342733860016,0.004150643013417721,0.3387283682823181,3.343883752822876,pythia-1b
6,3,previous_token,0.0020063212141394615,0.04290417581796646,0.8981540203094482,1.5097397181307315e-06,9.018560120921393e-08,0.9976929426193237,1.3689135869299207e-07,0.00029924281989224255,0.6126541495323181,pythia-1b
6,4,bos_sink,0.7086043357849121,0.01465915609151125,0.017994871363043785,0.055097393691539764,0.012273135595023632,0.08540290594100952,0.024288613349199295,0.1386219561100006,2.121689796447754,pythia-1b
6,5,diffuse,0.20277129113674164,0.0704449787735939,0.13748690485954285,0.015290400013327599,0.00313373445533216,0.6188954710960388,0.0022894367575645447,0.159909188747406,3.348832845687866,pythia-1b
6,6,bos_sink,0.3951537311077118,0.022581201046705246,0.01668906770646572,0.08991287648677826,0.08950884640216827,0.08746539056301117,0.043560173362493515,0.3379596471786499,3.463192939758301,pythia-1b
6,7,bos_sink,0.6847462058067322,0.05397148057818413,0.010510486550629139,0.06557313352823257,0.06625554710626602,0.08454255014657974,0.05222039297223091,0.09888213127851486,2.058051586151123,pythia-1b
7,0,diffuse,0.07089272886514664,0.015720684081315994,0.004816727247089148,0.03785780072212219,0.7778105735778809,0.03591544181108475,0.020914312452077866,0.07752331346273422,1.5833661556243896,pythia-1b
7,1,diffuse,0.02743372693657875,0.0005694899009540677,7.09743908373639e-05,0.062529057264328,0.8868479132652283,0.0008667591027915478,0.02230658009648323,0.02232244983315468,0.8019814491271973,pythia-1b
7,2,diffuse,0.09225883334875107,0.026197457686066628,0.01474726852029562,0.05935908481478691,0.6012718081474304,0.0765964612364769,0.030637752264738083,0.1705138236284256,2.546661138534546,pythia-1b
7,3,diffuse,0.29102182388305664,0.13918478786945343,0.19886663556098938,0.0051250518299639225,0.00303382589481771,0.583046019077301,0.0007943228119984269,0.11777293682098389,3.0027222633361816,pythia-1b
7,4,diffuse,0.18238098919391632,0.029726019129157066,0.04218470677733421,0.10466006398200989,0.023443499580025673,0.31040260195732117,0.015726150944828987,0.3791126012802124,4.082315444946289,pythia-1b
7,5,bos_sink,0.6738629937171936,0.006666985340416431,0.018170908093452454,0.008687748573720455,0.0016959182685241103,0.10199368000030518,0.0005956480745226145,0.21375924348831177,2.0305368900299072,pythia-1b
7,6,bos_sink,0.455525666475296,0.019877536222338676,0.05868511274456978,0.020106282085180283,0.0014116100501269102,0.42080387473106384,0.0013050606939941645,0.10215264558792114,2.667942762374878,pythia-1b
7,7,diffuse,0.17052218317985535,0.0061004869639873505,0.03924098610877991,0.06718674302101135,0.035080719739198685,0.1874917894601822,0.005055776797235012,0.5397185683250427,4.1368913650512695,pythia-1b
8,0,bos_sink,0.7301984429359436,0.019652951508760452,0.012726731598377228,0.02887134626507759,0.028566494584083557,0.05469910427927971,0.010834808461368084,0.15766513347625732,1.913063883781433,pythia-1b
8,1,bos_sink,0.38387033343315125,0.08906637132167816,0.051552072167396545,0.06588548421859741,0.03550828620791435,0.2346348911523819,0.01866401918232441,0.28010109066963196,3.553112506866455,pythia-1b
8,2,diffuse,0.24365736544132233,0.12056541442871094,0.1573154181241989,0.027066083624958992,0.011257336474955082,0.5635812878608704,0.0064590428955852985,0.15443821251392365,3.4267501831054688,pythia-1b
8,3,bos_sink,0.6775668263435364,0.021068410947918892,0.02253679931163788,0.05691111460328102,0.02807624638080597,0.08707835525274277,0.014205512590706348,0.15036754310131073,2.3033857345581055,pythia-1b
8,4,bos_sink,0.7080831527709961,0.007276738528162241,0.009934989735484123,0.09171178936958313,0.023245982825756073,0.045202646404504776,0.013168487697839737,0.13175641000270844,2.125178575515747,pythia-1b
8,5,diffuse,0.10036998242139816,0.008293448016047478,0.007015435490757227,0.0716513991355896,0.23391948640346527,0.030858606100082397,0.03559264540672302,0.5632004141807556,3.111306667327881,pythia-1b
8,6,bos_sink,0.5860103368759155,0.06381545960903168,0.016865918412804604,0.1269417256116867,0.027385320514440536,0.13251569867134094,0.10903821885585785,0.12714645266532898,2.5249950885772705,pythia-1b
8,7,bos_sink,0.5207692384719849,0.10174322873353958,0.08170171082019806,0.02738836407661438,0.06837018579244614,0.2829965353012085,0.007577774114906788,0.10047568380832672,2.7396554946899414,pythia-1b
9,0,bos_sink,0.36344119906425476,0.08595239371061325,0.07795596122741699,0.04961276799440384,0.013252762146294117,0.34005042910575867,0.009945392608642578,0.23364269733428955,3.4999823570251465,pythia-1b
9,1,bos_sink,0.6538605690002441,0.06892504543066025,0.04632847011089325,0.0423426479101181,0.04687095433473587,0.17666009068489075,0.009870612062513828,0.08026549220085144,2.2523908615112305,pythia-1b
9,2,previous_token,0.22456805408000946,0.08683847635984421,0.27646487951278687,0.01859837770462036,0.004945357330143452,0.6053961515426636,0.0031617728527635336,0.14649192988872528,3.2062246799468994,pythia-1b
9,3,bos_sink,0.698727011680603,0.009384386241436005,0.011828594841063023,0.06579118967056274,0.02442166954278946,0.058321159332990646,0.014995711855590343,0.152738556265831,2.1976616382598877,pythia-1b
9,4,diffuse,0.22469142079353333,0.02733735181391239,0.018202291801571846,0.0274181105196476,0.2686649262905121,0.10987812280654907,0.00912735890597105,0.36934736371040344,3.5284337997436523,pythia-1b
9,5,bos_sink,0.48016008734703064,0.03231041878461838,0.023470386862754822,0.1250632107257843,0.041411593556404114,0.13365530967712402,0.019338903948664665,0.21970996260643005,3.260976791381836,pythia-1b
9,6,bos_sink,0.3811512887477875,0.10487422347068787,0.18086981773376465,0.019624577835202217,0.006205079145729542,0.5069236755371094,0.0036013522185385227,0.08609524369239807,2.911539077758789,pythia-1b
9,7,bos_sink,0.5540859699249268,0.013657087460160255,0.010842832736670971,0.1010710671544075,0.05464693531394005,0.06848964840173721,0.03412530571222305,0.22170616686344147,2.8951456546783447,pythia-1b
10,0,bos_sink,0.35635337233543396,0.008513502776622772,0.006389319431036711,0.11291731894016266,0.15700818598270416,0.038703713566064835,0.028098637238144875,0.33501750230789185,3.464158296585083,pythia-1b
10,1,previous_token,0.2996688187122345,0.13860787451267242,0.20030391216278076,0.006118453573435545,0.0009725743439048529,0.5578352808952332,0.0004852098354604095,0.1354050636291504,2.9796507358551025,pythia-1b
10,2,bos_sink,0.33157920837402344,0.3443966209888458,0.0223299078643322,0.0878019705414772,0.02231254242360592,0.4062090218067169,0.05531375855207443,0.15209731459617615,2.915306568145752,pythia-1b
10,3,bos_sink,0.7258265614509583,0.05790496990084648,0.02978532947599888,0.0433705635368824,0.031091928482055664,0.1259777545928955,0.013729547150433064,0.0737331435084343,1.9302680492401123,pythia-1b
10,4,bos_sink,0.8199254274368286,0.0049265106208622456,0.0035506035201251507,0.02201584354043007,0.07120680063962936,0.01788749173283577,0.004205341916531324,0.06896492838859558,1.3139524459838867,pythia-1b
10,5,diffuse,0.14484167098999023,0.0019711595959961414,0.0006786155863665044,0.0684046745300293,0.5885770320892334,0.008326994255185127,0.022467339411377907,0.18984977900981903,2.393907070159912,pythia-1b
10,6,induction,0.15027183294296265,0.0105521185323596,0.0004741606244351715,0.24617400765419006,0.48518723249435425,0.012779150158166885,0.1962350457906723,0.10558810085058212,2.418583393096924,pythia-1b
10,7,bos_sink,0.5734497904777527,0.0832427516579628,0.05258182808756828,0.02865196205675602,0.006622661370784044,0.22991222143173218,0.0073511539958417416,0.16136378049850464,2.6508030891418457,pythia-1b
11,0,bos_sink,0.6215240359306335,0.028780965134501457,0.028424745425581932,0.0484253391623497,0.018029510974884033,0.1171029582619667,0.012429386377334595,0.1949175000190735,2.586211919784546,pythia-1b
11,1,bos_sink,0.7205743789672852,0.0213409885764122,0.015201878733932972,0.0631398931145668,0.03084021992981434,0.07271844148635864,0.01927737332880497,0.11272735893726349,2.058039665222168,pythia-1b
11,2,bos_sink,0.5470312237739563,0.010225929319858551,0.005251565016806126,0.11805029958486557,0.09864184260368347,0.04170013591647148,0.032633282244205475,0.19457605481147766,2.794459104537964,pythia-1b
11,3,bos_sink,0.5911141633987427,0.1661052405834198,0.04820495471358299,0.02356485091149807,0.010208314284682274,0.2913360893726349,0.00871339626610279,0.08377667516469955,2.311035394668579,pythia-1b
11,4,bos_sink,0.4782712757587433,0.02390267513692379,0.012168186716735363,0.1461629867553711,0.07162489742040634,0.07157903909683228,0.05737689882516861,0.23236168920993805,3.188798666000366,pythia-1b
11,5,bos_sink,0.36856207251548767,0.009960324503481388,0.004949378315359354,0.1215706616640091,0.200025275349617,0.037265222519636154,0.04048807546496391,0.2725770175457001,3.2708864212036133,pythia-1b
11,6,bos_sink,0.30289578437805176,0.007960478775203228,0.0029849999118596315,0.15712714195251465,0.27356258034706116,0.02588575705885887,0.05184430629014969,0.2405286282300949,3.232288122177124,pythia-1b
11,7,bos_sink,0.4100894033908844,0.010145336389541626,0.0041143023408949375,0.07142148911952972,0.33707505464553833,0.022083133459091187,0.03744113817811012,0.1593310832977295,2.477928876876831,pythia-1b
12,0,bos_sink,0.660679280757904,0.007061878684908152,0.002808555029332638,0.1078309416770935,0.044314198195934296,0.028810622170567513,0.024741588160395622,0.1583651453256607,2.32283616065979,pythia-1b
12,1,bos_sink,0.4658745229244232,0.2080100029706955,0.07065639644861221,0.012439852580428123,0.12770207226276398,0.35221266746520996,0.004550874698907137,0.04177060350775719,2.453082799911499,pythia-1b
12,2,diffuse,0.18964311480522156,0.034279342740774155,0.02493160031735897,0.1500687152147293,0.12202079594135284,0.11871621012687683,0.045830804854631424,0.41955119371414185,4.116483211517334,pythia-1b
12,3,bos_sink,0.4387010633945465,0.006902722641825676,0.005663030780851841,0.10116448253393173,0.15618576109409332,0.03824598342180252,0.027517423033714294,0.26570287346839905,3.1279964447021484,pythia-1b
12,4,bos_sink,0.4521135985851288,0.09829003363847733,0.10593901574611664,0.021573243662714958,0.013165042735636234,0.36694830656051636,0.005749482195824385,0.14620010554790497,2.999659538269043,pythia-1b
12,5,bos_sink,0.6652153730392456,0.1521487832069397,0.039369482547044754,0.017360510304570198,0.010791190899908543,0.24920128285884857,0.006469944026321173,0.057431161403656006,1.947665810585022,pythia-1b
12,6,bos_sink,0.5581373572349548,0.012153523974120617,0.0029571326449513435,0.11047336459159851,0.15013138949871063,0.027550218626856804,0.03256085142493248,0.15370802581310272,2.590657949447632,pythia-1b
12,7,bos_sink,0.7694762945175171,0.010204368270933628,0.005626818165183067,0.05591733008623123,0.023975778371095657,0.03513657674193382,0.01287791132926941,0.11549410969018936,1.7731003761291504,pythia-1b
13,0,diffuse,0.1921883076429367,0.07837502658367157,0.17756646871566772,0.028870534151792526,0.010660635307431221,0.490587055683136,0.007080591283738613,0.2776934802532196,3.7104010581970215,pythia-1b
13,1,bos_sink,0.43048492074012756,0.013301314786076546,0.015309473499655724,0.00713962409645319,0.45220911502838135,0.062469132244586945,0.0016645843861624599,0.04769713059067726,1.8598228693008423,pythia-1b
13,2,bos_sink,0.5802434086799622,0.012786373496055603,0.005263411905616522,0.12055543810129166,0.0820452868938446,0.04158070683479309,0.028664173558354378,0.1755748987197876,2.691425323486328,pythia-1b
13,3,diffuse,0.17725405097007751,0.02054610103368759,0.008756909519433975,0.21077299118041992,0.16661469638347626,0.06357976794242859,0.053889431059360504,0.3817785084247589,3.986666679382324,pythia-1b
13,4,bos_sink,0.339358925819397,0.16056549549102783,0.12441136687994003,0.022462354972958565,0.005590318702161312,0.41727766394615173,0.003709245938807726,0.21531061828136444,3.2794692516326904,pythia-1b
13,5,bos_sink,0.8019250631332397,0.023924194276332855,0.007265348453074694,0.03721863776445389,0.04098550230264664,0.04703671112656593,0.00985672976821661,0.07283391058444977,1.5205049514770508,pythia-1b
13,6,bos_sink,0.44926324486732483,0.03932204470038414,0.017652161419391632,0.06916972249746323,0.03480633720755577,0.11906228959560394,0.02230454795062542,0.327698290348053,3.3478569984436035,pythia-1b
13,7,bos_sink,0.638440728187561,0.026608163490891457,0.02474314533174038,0.04820144176483154,0.012687583453953266,0.12669916450977325,0.009683080017566681,0.17397111654281616,2.492039918899536,pythia-1b
14,0,diffuse,0.23108072578907013,0.2139812409877777,0.12823358178138733,0.027114387601614,0.00948287919163704,0.5277367830276489,0.006847971118986607,0.20458504557609558,3.448141574859619,pythia-1b
14,1,bos_sink,0.4388760030269623,0.056234605610370636,0.04478605091571808,0.08511422574520111,0.018241867423057556,0.2225259244441986,0.01556183397769928,0.2352420687675476,3.3836135864257812,pythia-1b
14,2,diffuse,0.05351939797401428,0.6837064623832703,0.0799313336610794,0.027543257921934128,0.005453628953546286,0.820328950881958,0.00927782990038395,0.0931548997759819,2.084256887435913,pythia-1b
14,3,bos_sink,0.43046554923057556,0.08150700479745865,0.08113068342208862,0.047940194606781006,0.018100790679454803,0.3097299039363861,0.010945416055619717,0.19376347959041595,3.2602953910827637,pythia-1b
14,4,diffuse,0.2575143873691559,0.04617074877023697,0.05208185315132141,0.07556387037038803,0.02018827572464943,0.27248042821884155,0.01697932742536068,0.3742532730102539,3.9702675342559814,pythia-1b
14,5,bos_sink,0.3801746666431427,0.1242094561457634,0.12971292436122894,0.023031985387206078,0.0054460917599499226,0.4374467730522156,0.004294177517294884,0.15390045940876007,3.1206986904144287,pythia-1b
14,6,diffuse,0.14517493546009064,0.013058187440037727,0.007340346463024616,0.20460204780101776,0.1822102814912796,0.04907020926475525,0.051642704755067825,0.41894248127937317,3.9906210899353027,pythia-1b
14,7,bos_sink,0.6040355563163757,0.02917036972939968,0.024280432611703873,0.061881404370069504,0.0286712609231472,0.1207505539059639,0.013630114495754242,0.18466101586818695,2.6854324340820312,pythia-1b
15,0,diffuse,0.05131269618868828,0.6228025555610657,0.1719617247581482,0.008370541036128998,0.0026432715822011232,0.8819851875305176,0.0020490929018706083,0.055687837302684784,2.0203471183776855,pythia-1b
15,1,bos_sink,0.5909004807472229,0.040402159094810486,0.02330276183784008,0.07517796009778976,0.02359900437295437,0.13313105702400208,0.018084244802594185,0.17719155550003052,2.7461676597595215,pythia-1b
15,2,diffuse,0.17633745074272156,0.22212694585323334,0.12358348071575165,0.04612870514392853,0.014765056781470776,0.5281351804733276,0.012225252576172352,0.234633669257164,3.6814169883728027,pythia-1b
15,3,bos_sink,0.31111106276512146,0.029049187898635864,0.016194717958569527,0.157352477312088,0.05617581307888031,0.12412082403898239,0.03832598775625229,0.3512399196624756,3.8820137977600098,pythia-1b
15,4,bos_sink,0.5714434385299683,0.06439568847417831,0.02305803820490837,0.07825981825590134,0.019051210954785347,0.1408495008945465,0.016571881249547005,0.19039562344551086,2.817533016204834,pythia-1b
15,5,bos_sink,0.514561116695404,0.11417873948812485,0.054906006902456284,0.042310480028390884,0.006660312879830599,0.2900928258895874,0.007434565108269453,0.14637580513954163,2.857520341873169,pythia-1b
15,6,diffuse,0.2184598296880722,0.016650276258587837,0.011666178703308105,0.20968909561634064,0.06794439256191254,0.0970747172832489,0.0465439073741436,0.4068318009376526,4.107991695404053,pythia-1b
15,7,diffuse,0.21885524690151215,0.32313260436058044,0.13795660436153412,0.02795688807964325,0.0055711036548018456,0.6115837097167969,0.006976310629397631,0.1360328197479248,3.118727922439575,pythia-1b
0,0,bos_sink,0.9996340870857239,1.1063778401876334e-05,1.6112971934489906e-05,9.613249858375639e-05,1.7625990949454717e-05,7.116384949767962e-05,1.4473494957201183e-05,0.00018135219579562545,0.006311414763331413,pythia-1.4b
0,1,diffuse,0.11981750279664993,0.09338166564702988,0.09756989777088165,0.11299043148756027,0.024953246116638184,0.3825128972530365,0.024023452773690224,0.35972583293914795,4.240863800048828,pythia-1.4b
0,2,diffuse,0.17310979962348938,0.0937318354845047,0.08553003519773483,0.12750644981861115,0.022880272939801216,0.3533249497413635,0.021375708281993866,0.3231787383556366,4.168980598449707,pythia-1.4b
0,3,induction,0.008579116314649582,0.06219536066055298,0.0002624998742248863,0.9109224677085876,0.0019143278477713466,0.06410528719425201,0.9048523306846619,0.014478940516710281,0.6696031093597412,pythia-1.4b
0,4,diffuse,0.2218744456768036,0.1515934318304062,0.17623233795166016,0.034505490213632584,0.008618517778813839,0.5310461521148682,0.006040110718458891,0.20395506918430328,3.5302364826202393,pythia-1.4b
0,5,bos_sink,0.6185124516487122,0.023393681272864342,0.023913484066724777,0.06896799057722092,0.01574905402958393,0.11525388807058334,0.013655668124556541,0.1815166473388672,2.6246578693389893,pythia-1.4b
0,6,previous_token,0.0037913424894213676,0.15410557389259338,0.4026455879211426,0.019674161449074745,0.0029979697428643703,0.8242933750152588,0.0006882711895741522,0.14924302697181702,2.8874423503875732,pythia-1.4b
0,7,diffuse,0.16617287695407867,0.04322948306798935,0.06667222827672958,0.11216594278812408,0.03021375834941864,0.28816261887550354,0.018739372491836548,0.40328487753868103,4.238681793212891,pythia-1.4b
0,8,diffuse,0.023969603702425957,0.12417931854724884,0.12486318498849869,0.1166149452328682,0.02377777174115181,0.4697607755661011,0.020272569730877876,0.3658768832683563,4.1969451904296875,pythia-1.4b
0,9,bos_sink,0.5710623860359192,0.04940557852387428,0.01924542523920536,0.11498419940471649,0.017294589430093765,0.12788420915603638,0.06432294845581055,0.16877464950084686,2.7889506816864014,pythia-1.4b
0,10,diffuse,0.0184896569699049,0.10278479009866714,0.1191115751862526,0.11102928966283798,0.025740409269928932,0.46166396141052246,0.020936213433742523,0.383076548576355,4.212193965911865,pythia-1.4b
0,11,diffuse,0.06060725823044777,0.12432466447353363,0.14239348471164703,0.08510258793830872,0.021401163190603256,0.5062615871429443,0.018587850034236908,0.32662737369537354,4.095964431762695,pythia-1.4b
0,12,previous_token,0.00825372152030468,0.1936742067337036,0.20088233053684235,0.057287175208330154,0.01146840862929821,0.651297926902771,0.0068339086137712,0.27169269323349,3.6918182373046875,pythia-1.4b
0,13,diffuse,0.13659049570560455,0.09281531721353531,0.09337561577558517,0.10076490789651871,0.02317257784307003,0.4004041254520416,0.021376436576247215,0.3390679359436035,4.177009582519531,pythia-1.4b
0,14,previous_token,0.09647159278392792,0.16269633173942566,0.21881598234176636,0.06283319741487503,0.009356320835649967,0.5812622308731079,0.003931829705834389,0.25007686018943787,3.7537217140197754,pythia-1.4b
0,15,bos_sink,0.9923092722892761,0.0005932984640821815,0.0002918083919212222,0.0020877234637737274,0.0003636178153101355,0.001801925478503108,0.0007397459703497589,0.0034375153481960297,0.09848077595233917,pythia-1.4b
1,0,bos_sink,0.5865074992179871,0.0488777682185173,0.05190853402018547,0.07926668971776962,0.015772849321365356,0.16656950116157532,0.02648216299712658,0.15188291668891907,2.7143714427948,pythia-1.4b
1,1,diffuse,0.06037368252873421,0.18391411006450653,0.16677214205265045,0.12010646611452103,0.011641239747405052,0.5457603931427002,0.014980926178395748,0.2621181905269623,3.939117431640625,pythia-1.4b
1,2,diffuse,0.08254164457321167,0.032209839671850204,0.038716986775398254,0.25898003578186035,0.05489589273929596,0.1761060208082199,0.06537352502346039,0.4274766743183136,4.420218467712402,pythia-1.4b
1,3,bos_sink,0.5622381567955017,0.09357227385044098,0.11972691863775253,0.05994580313563347,0.003719824133440852,0.25832104682922363,0.0013474806910380721,0.11577476561069489,2.51364803314209,pythia-1.4b
1,4,diffuse,0.0077059767208993435,0.07199689000844955,0.19647400081157684,0.02317630685865879,0.009736043401062489,0.6971251964569092,0.004187989979982376,0.2622564136981964,3.500487804412842,pythia-1.4b
1,5,previous_token,0.016413308680057526,0.17836424708366394,0.3419274091720581,0.14162328839302063,0.0045720296911895275,0.5802137851715088,0.0009056997369043529,0.2571776509284973,3.1065526008605957,pythia-1.4b
1,6,previous_token,0.021938899531960487,0.11360391229391098,0.4031825661659241,0.031357500702142715,0.004514011554419994,0.7693579792976379,0.0006633675075136125,0.17283128201961517,3.062584400177002,pythia-1.4b
1,7,bos_sink,0.6772930026054382,0.019986752420663834,0.025665773078799248,0.07840409129858017,0.010178784839808941,0.08408156037330627,0.005831967107951641,0.15004242956638336,2.304614543914795,pythia-1.4b
1,8,previous_token,0.006496764719486237,0.10310658067464828,0.3172454833984375,0.02413165383040905,0.006791239604353905,0.6968802213668823,0.0020795974414795637,0.26569974422454834,3.3666703701019287,pythia-1.4b
1,9,bos_sink,0.3510760962963104,0.07368682324886322,0.15495765209197998,0.056429289281368256,0.010077106766402721,0.4035266041755676,0.00589875690639019,0.17889076471328735,3.3280107975006104,pythia-1.4b
1,10,diffuse,0.02497432380914688,0.16419479250907898,0.18990643322467804,0.15506432950496674,0.022596826776862144,0.4870774447917938,0.013601822778582573,0.3102870285511017,3.966238021850586,pythia-1.4b
1,11,previous_token,9.13585950002016e-07,0.0225058700889349,0.9304003715515137,3.4292665077373385e-05,1.433783438642422e-07,0.9953140616416931,1.333084614918434e-10,0.004650779068470001,0.4537847638130188,pythia-1.4b
1,12,diffuse,0.21753056347370148,0.05756497383117676,0.019937559962272644,0.20921996235847473,0.027239300310611725,0.1815573275089264,0.12237681448459625,0.36445292830467224,4.048824310302734,pythia-1.4b
1,13,bos_sink,0.8320258259773254,0.028730688616633415,0.05009275674819946,0.01117933914065361,0.0011687107617035508,0.1208396852016449,0.0005478240782395005,0.03478700667619705,1.2196708917617798,pythia-1.4b
1,14,diffuse,0.014174053445458412,0.0658026859164238,0.13427184522151947,0.19123674929141998,0.03719509020447731,0.3484007716178894,0.02536982297897339,0.4089933931827545,4.311817169189453,pythia-1.4b
1,15,bos_sink,0.6376998424530029,0.07895585149526596,0.14534200727939606,0.033671535551548004,0.0011651227250695229,0.2659724950790405,0.0003892114036716521,0.06149044260382652,2.003807544708252,pythia-1.4b
2,0,induction,0.2397949993610382,0.03136894479393959,0.0018594461726024747,0.634667158126831,0.011313967406749725,0.04245215654373169,0.5982999205589294,0.07177136093378067,2.0136687755584717,pythia-1.4b
2,1,diffuse,0.12654301524162292,0.05820780619978905,0.04219207912683487,0.21198958158493042,0.040738195180892944,0.21643415093421936,0.07047033309936523,0.40429508686065674,4.361948013305664,pythia-1.4b
2,2,diffuse,0.223851278424263,0.07637707889080048,0.09341221302747726,0.14262351393699646,0.03696322441101074,0.27626389265060425,0.04924091696739197,0.32029828429222107,4.0715227127075195,pythia-1.4b
2,3,bos_sink,0.5747440457344055,0.05925343930721283,0.032796893268823624,0.08920936286449432,0.014571723528206348,0.15540380775928497,0.03247024863958359,0.16607116162776947,2.789886236190796,pythia-1.4b
2,4,bos_sink,0.8073511123657227,0.01603126898407936,0.015527036972343922,0.04184925928711891,0.006919254083186388,0.05800061300396919,0.007182094268500805,0.08587951213121414,1.5449503660202026,pythia-1.4b
2,5,induction,0.062399644404649734,0.0005877921939827502,1.5918949429760687e-05,0.932360053062439,0.0008884805138222873,0.0009761721594259143,0.931435763835907,0.0033752000890672207,0.4140556752681732,pythia-1.4b
2,6,diffuse,0.03456689044833183,0.1971469670534134,0.09120281040668488,0.11864122003316879,0.022438697516918182,0.4320914149284363,0.04044351726770401,0.3922621011734009,4.137328147888184,pythia-1.4b
2,7,diffuse,0.18419423699378967,0.015774773433804512,0.008618975058197975,0.047245413064956665,0.6096892356872559,0.05361662060022354,0.016736803576350212,0.10525496304035187,2.2357776165008545,pythia-1.4b
2,8,bos_sink,0.6041639447212219,0.02790950983762741,0.02357036992907524,0.0769307017326355,0.016877267509698868,0.10494371503591537,0.015453305095434189,0.19708456099033356,2.6996350288391113,pythia-1.4b
2,9,bos_sink,0.724856436252594,0.04484718665480614,0.02803805284202099,0.051892127841711044,0.008749102242290974,0.11700241267681122,0.010433162562549114,0.09749939292669296,2.000053882598877,pythia-1.4b
2,10,diffuse,0.14484964311122894,0.1372106522321701,0.11466379463672638,0.07974644005298615,0.01497685443609953,0.4993126392364502,0.021031592041254044,0.2611144781112671,3.948321580886841,pythia-1.4b
2,11,bos_sink,0.3186059296131134,0.058539606630802155,0.032753944396972656,0.14693492650985718,0.03143829107284546,0.18706610798835754,0.06779994815587997,0.3159545660018921,3.837467908859253,pythia-1.4b
2,12,bos_sink,0.6216561794281006,0.040590476244688034,0.0313163623213768,0.07798364013433456,0.02665894664824009,0.11597657203674316,0.028815453872084618,0.15772473812103271,2.5745320320129395,pythia-1.4b
2,13,diffuse,0.15473613142967224,0.08047663420438766,0.11433319747447968,0.07099223881959915,0.01983666606247425,0.46239274740219116,0.016260212287306786,0.29204249382019043,3.981236219406128,pythia-1.4b
2,14,bos_sink,0.4359009265899658,0.0501428060233593,0.04424826428294182,0.10328332334756851,0.022868752479553223,0.1784818470478058,0.01866782270371914,0.2594650387763977,3.4364898204803467,pythia-1.4b
2,15,diffuse,0.04279875010251999,0.13800962269306183,0.19311901926994324,0.04713208228349686,0.011738166213035583,0.6308075785636902,0.007005896884948015,0.26752349734306335,3.7665646076202393,pythia-1.4b
3,0,diffuse,0.10169927775859833,0.03430084139108658,0.035094134509563446,0.15327996015548706,0.037287965416908264,0.1722685694694519,0.032226428389549255,0.5354642868041992,4.366970062255859,pythia-1.4b
3,1,bos_sink,0.43541204929351807,0.1023404523730278,0.08855096250772476,0.035454824566841125,0.06829293817281723,0.33008915185928345,0.005341158714145422,0.13075080513954163,3.086988687515259,pythia-1.4b
3,2,bos_sink,0.3029508590698242,0.09235485643148422,0.08130069822072983,0.08233599364757538,0.019050586968660355,0.2785337567329407,0.015343766659498215,0.31712865829467773,3.794802188873291,pythia-1.4b
3,3,previous_token,0.20788544416427612,0.15970896184444427,0.228709876537323,0.014088311232626438,0.003208996495231986,0.5937483906745911,0.0018170371185988188,0.1810688078403473,3.2799839973449707,pythia-1.4b
3,4,diffuse,0.056008074432611465,0.08343949168920517,0.1576598435640335,0.08604682981967926,0.03348200395703316,0.4550904929637909,0.018108872696757317,0.36937272548675537,4.142862319946289,pythia-1.4b
3,5,previous_token,0.24979791045188904,0.28942424058914185,0.28409644961357117,0.018855247646570206,0.0014742189086973667,0.6793413162231445,0.000932780560106039,0.05053171515464783,2.522284984588623,pythia-1.4b
3,6,diffuse,0.07942061871290207,0.05524678900837898,0.04629252851009369,0.1224934533238411,0.03928128629922867,0.24013620615005493,0.03727146238088608,0.5186683535575867,4.3736677169799805,pythia-1.4b
3,7,bos_sink,0.38092997670173645,0.04701340198516846,0.024853631854057312,0.15198296308517456,0.033027879893779755,0.11547958850860596,0.061652250587940216,0.31857967376708984,3.6191015243530273,pythia-1.4b
3,8,diffuse,0.11835379898548126,0.23437222838401794,0.1977744698524475,0.03995324298739433,0.007869434542953968,0.6051411628723145,0.005161911714822054,0.22868230938911438,3.5624680519104004,pythia-1.4b
3,9,bos_sink,0.5357441902160645,0.08343630284070969,0.06571609526872635,0.05158759653568268,0.010216081514954567,0.2280988097190857,0.016962584108114243,0.1743531972169876,2.8628029823303223,pythia-1.4b
3,10,diffuse,0.15591870248317719,0.04205417260527611,0.05656742677092552,0.06534703820943832,0.02052849531173706,0.36116576194763184,0.023752184584736824,0.3970400393009186,4.058051586151123,pythia-1.4b
3,11,bos_sink,0.5160088539123535,0.09226861596107483,0.07410722970962524,0.062908835709095,0.012508291751146317,0.2926549017429352,0.02757199853658676,0.11591916531324387,2.8465821743011475,pythia-1.4b
3,12,bos_sink,0.37896373867988586,0.11323680728673935,0.07441424578428268,0.05498376488685608,0.01349774282425642,0.34504181146621704,0.02566390484571457,0.20751288533210754,3.394448757171631,pythia-1.4b
3,13,diffuse,0.10334615409374237,0.006071416195482016,0.005908211227506399,0.026576023548841476,0.732768177986145,0.03581472858786583,0.006745208986103535,0.10149522125720978,1.791054129600525,pythia-1.4b
3,14,bos_sink,0.40040674805641174,0.019558660686016083,0.023504775017499924,0.23068024218082428,0.020748388022184372,0.1041024848818779,0.021050026640295982,0.24406222999095917,3.3608217239379883,pythia-1.4b
3,15,bos_sink,0.7073776721954346,0.08084336668252945,0.09241966158151627,0.011875275522470474,0.001545426552183926,0.2142961621284485,0.00107411271892488,0.06490519642829895,1.7891042232513428,pythia-1.4b
4,0,bos_sink,0.7120883464813232,0.01713121496140957,0.010868041776120663,0.08076630532741547,0.016575820744037628,0.060460180044174194,0.024585291743278503,0.13010941445827484,2.1166422367095947,pythia-1.4b
4,1,bos_sink,0.6230117082595825,0.0014968650648370385,0.0005237714503891766,0.00887712836265564,0.34772422909736633,0.003751058131456375,0.004833035171031952,0.016635766252875328,1.2210514545440674,pythia-1.4b
4,2,bos_sink,0.33473852276802063,0.0372345894575119,0.026559466496109962,0.18970943987369537,0.04922330379486084,0.14211857318878174,0.07992258667945862,0.28421053290367126,3.7826571464538574,pythia-1.4b
4,3,bos_sink,0.30184921622276306,0.023343423381447792,0.017284229397773743,0.09720325469970703,0.06475695967674255,0.10909724235534668,0.044928211718797684,0.4270930290222168,3.836111545562744,pythia-1.4b
4,4,bos_sink,0.3400055170059204,0.1383652240037918,0.0395948700606823,0.15009823441505432,0.020924456417560577,0.26390165090560913,0.07058584690093994,0.22507010400295258,3.6149401664733887,pythia-1.4b
4,5,bos_sink,0.5971902012825012,0.05465259402990341,0.03915002569556236,0.004828040488064289,0.11982186138629913,0.19681879878044128,0.0026646298356354237,0.08134131878614426,2.31087064743042,pythia-1.4b
4,6,previous_token,0.09434568136930466,0.05482804775238037,0.2674136459827423,0.001144121284596622,0.0006825384334661067,0.7438569068908691,0.00017061168910004199,0.15997083485126495,3.0111024379730225,pythia-1.4b
4,7,induction,0.44040295481681824,0.03756327927112579,0.0003888361679855734,0.5049945116043091,0.005243704654276371,0.03989902138710022,0.4993010461330414,0.009459462016820908,1.4116573333740234,pythia-1.4b
4,8,bos_sink,0.6711085438728333,0.0037646170239895582,0.0013077061157673597,0.03118130937218666,0.24415665864944458,0.01027609035372734,0.016835099086165428,0.04327785223722458,1.5220177173614502,pythia-1.4b
4,9,bos_sink,0.44896864891052246,0.008844975382089615,0.036789149045944214,0.07493969798088074,0.019875850528478622,0.1614912748336792,0.004617604427039623,0.29472488164901733,3.3477180004119873,pythia-1.4b
4,10,bos_sink,0.4665640592575073,0.035440344363451004,0.03035270795226097,0.08877724409103394,0.020094990730285645,0.15098927915096283,0.02159416303038597,0.27357447147369385,3.3139946460723877,pythia-1.4b
4,11,bos_sink,0.5022108554840088,0.020937679335474968,0.020887279883027077,0.11570452153682709,0.028373422101140022,0.10187626630067825,0.035747360438108444,0.2518347501754761,3.1751768589019775,pythia-1.4b
4,12,bos_sink,0.7504037022590637,0.01726064644753933,0.010927671566605568,0.07011352479457855,0.009363766759634018,0.05303274095058441,0.010939518921077251,0.11708658188581467,1.8977227210998535,pythia-1.4b
4,13,bos_sink,0.40900981426239014,0.017679614946246147,0.007399406284093857,0.18722030520439148,0.04730965942144394,0.08015938103199005,0.13566558063030243,0.276300847530365,3.339890480041504,pythia-1.4b
4,14,bos_sink,0.3921956717967987,0.06528105586767197,0.12649375200271606,0.005551104433834553,0.0030040224082767963,0.48016098141670227,0.0017119180411100388,0.11908826231956482,2.9083588123321533,pythia-1.4b
4,15,previous_token,0.003412313759326935,0.09143546223640442,0.8400810956954956,0.003326635342091322,1.5382825949927792e-05,0.9772419929504395,1.3602264914425177e-07,0.016004053875803947,0.9118403196334839,pythia-1.4b
5,0,bos_sink,0.35219141840934753,0.07900740206241608,0.1474056988954544,0.0059991865418851376,0.00157378357835114,0.5437995195388794,0.0009675714536570013,0.09643612056970596,2.9081804752349854,pythia-1.4b
5,1,bos_sink,0.5856014490127563,0.011434813030064106,0.00985047873109579,0.09122613072395325,0.01914120651781559,0.06910660117864609,0.026172783225774765,0.23492494225502014,2.759916067123413,pythia-1.4b
5,2,diffuse,0.09539322555065155,0.051461584866046906,0.05307085067033768,0.11535418033599854,0.04363973066210747,0.2587766647338867,0.02646985463798046,0.48683616518974304,4.3635406494140625,pythia-1.4b
5,3,bos_sink,0.7118050456047058,0.08512381464242935,0.10787105560302734,0.006264542229473591,0.0015803971327841282,0.2417711317539215,0.0006975166616030037,0.038579270243644714,1.6491150856018066,pythia-1.4b
5,4,diffuse,0.07796090096235275,0.0020284107886254787,0.00047553947661072016,0.009633726440370083,0.8935259580612183,0.004876525141298771,0.006390516646206379,0.014002245850861073,0.6906144022941589,pythia-1.4b
5,5,diffuse,0.16997230052947998,0.011122764088213444,0.022862903773784637,0.23913060128688812,0.05410372465848923,0.11551245301961899,0.02126290276646614,0.42128098011016846,4.234096050262451,pythia-1.4b
5,6,bos_sink,0.5922878384590149,0.07261277735233307,0.14272932708263397,0.005079186521470547,0.0016813792753964663,0.3416963219642639,0.0012084980262443423,0.05925576388835907,2.170603036880493,pythia-1.4b
5,7,bos_sink,0.7999480962753296,0.040418144315481186,0.02265828847885132,0.02367767132818699,0.004651060327887535,0.11252111196517944,0.007546625565737486,0.0592024102807045,1.5153851509094238,pythia-1.4b
5,8,diffuse,0.004968361929059029,0.0015156769659370184,0.0009335700306110084,0.0032866145484149456,0.9764807820320129,0.005562173202633858,0.0009320923709310591,0.009702034294605255,0.25575563311576843,pythia-1.4b
5,9,bos_sink,0.8188419342041016,0.03025396354496479,0.04482647404074669,0.007641152944415808,0.0018636625027284026,0.11648136377334595,0.0009207935072481632,0.05517195165157318,1.3316264152526855,pythia-1.4b
5,10,bos_sink,0.5558138489723206,0.02171863242983818,0.023709535598754883,0.054976314306259155,0.020200446248054504,0.12892042100429535,0.01980171538889408,0.2400893121957779,2.897279977798462,pythia-1.4b
5,11,induction,0.03673327714204788,0.004358082078397274,1.109424829337513e-05,0.956960916519165,0.000366751104593277,0.004409272223711014,0.955399751663208,0.0015300115337595344,0.31389251351356506,pythia-1.4b
5,12,bos_sink,0.323491632938385,0.17908398807048798,0.08055651187896729,0.07758817076683044,0.013228559866547585,0.43580758571624756,0.05576639994978905,0.14988379180431366,3.35050106048584,pythia-1.4b
5,13,bos_sink,0.49724826216697693,0.024211591109633446,0.025476276874542236,0.12092358618974686,0.029720760881900787,0.11867924779653549,0.06366254389286041,0.2334284484386444,3.153371810913086,pythia-1.4b
5,14,bos_sink,0.3218267560005188,0.03388785943388939,0.12509582936763763,0.04160671681165695,0.012913927435874939,0.38340917229652405,0.003096712054684758,0.24024347960948944,3.5368452072143555,pythia-1.4b
5,15,diffuse,0.0130673348903656,0.10460452735424042,0.11416222155094147,0.029867177829146385,0.009301697835326195,0.570511519908905,0.007478408981114626,0.37725260853767395,3.839937210083008,pythia-1.4b
6,0,bos_sink,0.9592839479446411,0.006659829989075661,0.004047325346618891,0.006805773358792067,0.0012653425801545382,0.017437458038330078,0.0016820508753880858,0.015207306481897831,0.4160584807395935,pythia-1.4b
6,1,bos_sink,0.5628210306167603,0.14368680119514465,0.11700193583965302,0.028232090175151825,0.0027468367479741573,0.3337448537349701,0.0021134112030267715,0.07245518267154694,2.331880807876587,pythia-1.4b
6,2,previous_token,0.21387715637683868,0.09332213550806046,0.5915098190307617,8.676358993398026e-05,4.0631011870573275e-06,0.7792159914970398,1.0766508466986124e-06,0.0068159447982907295,1.665750503540039,pythia-1.4b
6,3,bos_sink,0.7493358850479126,0.02405535615980625,0.025090830400586128,0.04838431254029274,0.005993755999952555,0.12430568784475327,0.0069216163828969,0.0719805657863617,1.8219976425170898,pythia-1.4b
6,4,bos_sink,0.6552375555038452,0.09067954868078232,0.06032902002334595,0.03683631494641304,0.005818143952637911,0.21578770875930786,0.004540406167507172,0.08631979674100876,2.188368320465088,pythia-1.4b
6,5,bos_sink,0.3835059404373169,0.03560506924986839,0.026521803811192513,0.0891387090086937,0.027437888085842133,0.13597965240478516,0.023423269391059875,0.3639378845691681,3.625760793685913,pythia-1.4b
6,6,diffuse,0.07073783129453659,0.09466616809368134,0.07035884261131287,0.07962536811828613,0.04322437942028046,0.3362312912940979,0.035130131989717484,0.4701811373233795,4.278644561767578,pythia-1.4b
6,7,bos_sink,0.43230414390563965,0.11468712240457535,0.16377811133861542,0.004293273203074932,0.0018002919387072325,0.4958224892616272,0.0005166141781955957,0.06577937304973602,2.607625961303711,pythia-1.4b
6,8,bos_sink,0.36511868238449097,0.013599643483757973,0.057070162147283554,0.029672490432858467,0.008279100060462952,0.15016774833202362,0.0011681667529046535,0.44676193594932556,3.3871967792510986,pythia-1.4b
6,9,bos_sink,0.6248306632041931,0.033343248069286346,0.042571328580379486,0.018663063645362854,0.006529076956212521,0.23410215973854065,0.006232979707419872,0.11587481200695038,2.367786407470703,pythia-1.4b
6,10,diffuse,0.2637259066104889,0.053157366812229156,0.12321259081363678,0.014773293398320675,0.004525740630924702,0.48290643095970154,0.0021917361300438643,0.2340686321258545,3.4313645362854004,pythia-1.4b
6,11,bos_sink,0.42116278409957886,0.12895719707012177,0.13105548918247223,0.03161068260669708,0.007537433877587318,0.42737317085266113,0.005597598385065794,0.11231590807437897,2.960324287414551,pythia-1.4b
6,12,bos_sink,0.35932421684265137,0.06467682123184204,0.04889056459069252,0.07709348201751709,0.03345465287566185,0.2300863415002823,0.028515076264739037,0.30004140734672546,3.675720691680908,pythia-1.4b
6,13,bos_sink,0.6311318874359131,0.020126502960920334,0.018220163881778717,0.04686626046895981,0.040047526359558105,0.08991651237010956,0.024785935878753662,0.19203828275203705,2.5116219520568848,pythia-1.4b
6,14,bos_sink,0.7092370986938477,0.016807816922664642,0.038676779717206955,0.026989616453647614,0.0076652755960822105,0.11984439939260483,0.0031246088910847902,0.13626307249069214,2.0581533908843994,pythia-1.4b
6,15,bos_sink,0.5113081336021423,0.04910904914140701,0.24286067485809326,0.0003817398101091385,0.00034120402415283024,0.4679373502731323,8.693683776073158e-05,0.020032022148370743,2.02169132232666,pythia-1.4b
7,0,diffuse,0.19785305857658386,0.07118266075849533,0.11557471007108688,0.020068848505616188,0.005367148667573929,0.5197764039039612,0.0027475866954773664,0.25693479180336,3.5548183917999268,pythia-1.4b
7,1,bos_sink,0.7291531562805176,0.08370701968669891,0.03359225019812584,0.03807348757982254,0.006026323419064283,0.16242371499538422,0.009874234907329082,0.06432317197322845,1.843047857284546,pythia-1.4b
7,2,bos_sink,0.30537599325180054,0.09525914490222931,0.07669626921415329,0.04520026594400406,0.01672385074198246,0.2843087911605835,0.01042502373456955,0.34839069843292236,3.7288854122161865,pythia-1.4b
7,3,diffuse,0.06048155948519707,0.009093288332223892,0.0009016538970172405,0.03597923368215561,0.872555136680603,0.011479834094643593,0.020296745002269745,0.01950433850288391,0.885674238204956,pythia-1.4b
7,4,diffuse,0.09430937469005585,0.02581152692437172,0.016426395624876022,0.074759341776371,0.08035235852003098,0.13244964182376862,0.050213638693094254,0.6181293725967407,4.137283802032471,pythia-1.4b
7,5,previous_token,0.157155379652977,0.1477936953306198,0.29991602897644043,0.0021769197192043066,0.0005454575875774026,0.8061368465423584,0.0003364223230164498,0.03398565948009491,2.6782889366149902,pythia-1.4b
7,6,diffuse,0.26668766140937805,0.012083245441317558,0.01302498672157526,0.1407371461391449,0.07618267089128494,0.07502876967191696,0.037284255027770996,0.44136399030685425,3.947669744491577,pythia-1.4b
7,7,bos_sink,0.5978655219078064,0.034319013357162476,0.03218204155564308,0.029499312862753868,0.05069655552506447,0.14982816576957703,0.012584101408720016,0.17211084067821503,2.617896556854248,pythia-1.4b
7,8,diffuse,0.2465532273054123,0.28323113918304443,0.17447297275066376,0.020206278190016747,0.014349411241710186,0.6305251717567444,0.008145024068653584,0.08836568146944046,2.9389517307281494,pythia-1.4b
7,9,diffuse,0.28627917170524597,0.08588961511850357,0.09462874382734299,0.06851880252361298,0.015799805521965027,0.3353961706161499,0.012895222753286362,0.29400622844696045,3.7987449169158936,pythia-1.4b
7,10,diffuse,0.1549520343542099,0.058146532624959946,0.03584916517138481,0.02742765285074711,0.5048190355300903,0.17038051784038544,0.012997466139495373,0.14242124557495117,2.7870213985443115,pythia-1.4b
7,11,bos_sink,0.69303959608078,0.021702289581298828,0.02663096971809864,0.054543133825063705,0.018390892073512077,0.11516670137643814,0.03709326684474945,0.11885987222194672,2.156339168548584,pythia-1.4b
7,12,bos_sink,0.7331036329269409,0.011827792972326279,0.012502534314990044,0.06753669679164886,0.024951327592134476,0.06663592159748077,0.019090095534920692,0.10777212679386139,1.996302604675293,pythia-1.4b
7,13,bos_sink,0.397553026676178,0.002886338857933879,0.016995280981063843,0.09402491897344589,0.020157378166913986,0.11041570454835892,0.004672063980251551,0.37784841656684875,3.5261435508728027,pythia-1.4b
7,14,bos_sink,0.8311164379119873,0.021975304931402206,0.047491710633039474,0.0013081278884783387,0.0005685758078470826,0.12490856647491455,0.00018669303972274065,0.04209854453802109,1.196241855621338,pythia-1.4b
7,15,induction,0.06810424476861954,0.022905737161636353,0.00039765331894159317,0.8632025718688965,0.008947420865297318,0.025048259645700455,0.8524238467216492,0.03469730168581009,1.0404021739959717,pythia-1.4b
8,0,diffuse,0.10678543150424957,0.25498104095458984,0.09922134876251221,0.07646604627370834,0.033647648990154266,0.5019924640655518,0.0458047017455101,0.2811084985733032,3.806731700897217,pythia-1.4b
8,1,bos_sink,0.4291546046733856,0.08994273096323013,0.0762963742017746,0.04511184245347977,0.014387093484401703,0.3242724537849426,0.013892189599573612,0.18707379698753357,3.2349188327789307,pythia-1.4b
8,2,bos_sink,0.43333637714385986,0.01989584229886532,0.05096844211220741,0.010926637798547745,0.004599408712238073,0.2366456240415573,0.0022585263941437006,0.31449180841445923,3.08305287361145,pythia-1.4b
8,3,diffuse,0.10172344744205475,0.04297156259417534,0.09473592787981033,0.03479239344596863,0.019449545070528984,0.570103645324707,0.012373403646051884,0.2739311754703522,3.828690767288208,pythia-1.4b
8,4,previous_token,0.12745270133018494,0.04921349138021469,0.7970936894416809,0.0005352972075343132,1.0255591860186541e-06,0.8695619106292725,6.121815943060938e-08,0.002448982559144497,1.010077953338623,pythia-1.4b
8,5,diffuse,0.14825734496116638,0.37152978777885437,0.12226229161024094,0.054051242768764496,0.020238760858774185,0.6132993102073669,0.027556249871850014,0.16415366530418396,3.2737069129943848,pythia-1.4b
8,6,diffuse,0.011781430803239346,0.006324704736471176,0.0038133671041578054,0.07001674175262451,0.1976601779460907,0.018542617559432983,0.033766213804483414,0.7019988894462585,2.933478593826294,pythia-1.4b
8,7,bos_sink,0.4851973056793213,0.1184004619717598,0.04181050881743431,0.1008111760020256,0.03589645028114319,0.22106467187404633,0.07020731270313263,0.1570301204919815,2.996105194091797,pythia-1.4b
8,8,bos_sink,0.6214483976364136,0.02522537298500538,0.019226260483264923,0.047360822558403015,0.04364204406738281,0.1063421219587326,0.0183470007032156,0.18120631575584412,2.5579495429992676,pythia-1.4b
8,9,diffuse,0.14223787188529968,0.010399091988801956,0.014640755951404572,0.06970112770795822,0.03140562027692795,0.20633633434772491,0.020568327978253365,0.5503190755844116,4.018068313598633,pythia-1.4b
8,10,bos_sink,0.5706678032875061,0.008144224062561989,0.01883588917553425,0.017986563965678215,0.011262978427112103,0.09879175573587418,0.00497946934774518,0.30129122734069824,2.7251384258270264,pythia-1.4b
8,11,bos_sink,0.3413289785385132,0.043348100036382675,0.1658996045589447,0.002091844566166401,0.0009867831831797957,0.5524482131004333,0.0003554121358320117,0.103144071996212,2.8301234245300293,pythia-1.4b
8,12,diffuse,0.17208044230937958,0.021606069058179855,0.0750243067741394,0.0143385399132967,0.0036702759098261595,0.6909847259521484,0.002764787757769227,0.11892548203468323,3.0426788330078125,pythia-1.4b
8,13,bos_sink,0.5870436429977417,0.02679743431508541,0.034239206463098526,0.021071212366223335,0.009646981954574585,0.16761557757854462,0.0047214217483997345,0.21462243795394897,2.657274007797241,pythia-1.4b
8,14,bos_sink,0.5112102031707764,0.058492518961429596,0.10763199627399445,0.004821503069251776,0.0020747242961078882,0.38658374547958374,0.0007088133716024458,0.09530962258577347,2.563856840133667,pythia-1.4b
8,15,bos_sink,0.7004088759422302,0.04106539487838745,0.10877438634634018,0.0017283075721934438,0.00012207531835883856,0.22150984406471252,3.5773759009316564e-05,0.07623067498207092,1.7469497919082642,pythia-1.4b
9,0,bos_sink,0.6939134001731873,0.07891474664211273,0.06006243824958801,0.027552388608455658,0.008710573427379131,0.20173203945159912,0.005918871145695448,0.06809177249670029,1.9848361015319824,pythia-1.4b
9,1,induction,0.3917553424835205,0.13083034753799438,0.003346153534948826,0.4540001451969147,0.008583679795265198,0.13669134676456451,0.439378947019577,0.008969549089670181,1.7492635250091553,pythia-1.4b
9,2,bos_sink,0.3953064978122711,0.03842724487185478,0.054076019674539566,0.10202091932296753,0.03288811072707176,0.1821834295988083,0.018144328147172928,0.2876010835170746,3.5805094242095947,pythia-1.4b
9,3,diffuse,0.27832186222076416,0.04384429007768631,0.09267958253622055,0.06600409746170044,0.025217682123184204,0.4148825705051422,0.022560862824320793,0.21557366847991943,3.6837942600250244,pythia-1.4b
9,4,bos_sink,0.7320746779441833,0.01810382306575775,0.027509700506925583,0.026753198355436325,0.0074282423593103886,0.11613461375236511,0.005536552052944899,0.11760915070772171,1.9603350162506104,pythia-1.4b
9,5,bos_sink,0.5164399147033691,0.15376082062721252,0.042182035744190216,0.02776656299829483,0.013399261981248856,0.2529614567756653,0.01360632386058569,0.18943262100219727,2.7749712467193604,pythia-1.4b
9,6,bos_sink,0.6864210367202759,0.005580784287303686,0.009011310525238514,0.12485086172819138,0.012798464857041836,0.05390242114663124,0.012814806774258614,0.12202741205692291,2.2054314613342285,pythia-1.4b
9,7,bos_sink,0.5881564617156982,0.07396997511386871,0.10396389663219452,0.009081240743398666,0.0017027102876454592,0.2777562737464905,0.001011660322546959,0.1233028694987297,2.360513210296631,pythia-1.4b
9,8,bos_sink,0.5650239586830139,0.03364762291312218,0.025230111554265022,0.034143924713134766,0.045760441571474075,0.11391733586788177,0.018206791952252388,0.24115410447120667,2.803105592727661,pythia-1.4b
9,9,bos_sink,0.35858380794525146,0.007894168607890606,0.011007568798959255,0.08165844529867172,0.045824598520994186,0.06086490675806999,0.017030207440257072,0.4530681371688843,3.6105728149414062,pythia-1.4b
9,10,bos_sink,0.5440367460250854,0.013067496009171009,0.003972225356847048,0.040101274847984314,0.0773019790649414,0.0270412415266037,0.023406436666846275,0.3115188777446747,2.5961031913757324,pythia-1.4b
9,11,bos_sink,0.5780245065689087,0.011790874414145947,0.015115554444491863,0.08165672421455383,0.033440735191106796,0.06368044763803482,0.01764833554625511,0.24319739639759064,2.805919885635376,pythia-1.4b
9,12,diffuse,0.2876790463924408,0.2602776885032654,0.13249394297599792,0.041052915155887604,0.07576838880777359,0.5038122534751892,0.016311099752783775,0.09168747812509537,3.0452187061309814,pythia-1.4b
9,13,bos_sink,0.3681041896343231,0.01873662881553173,0.01913696900010109,0.053723081946372986,0.02709284797310829,0.11582677066326141,0.018602481111884117,0.43525320291519165,3.6016690731048584,pythia-1.4b
9,14,bos_sink,0.644041895866394,0.09422818571329117,0.05368658900260925,0.055955417454242706,0.008584460243582726,0.21978050470352173,0.019421996548771858,0.07163746654987335,2.2587406635284424,pythia-1.4b
9,15,bos_sink,0.7192287445068359,0.013280287384986877,0.009720626287162304,0.0572042390704155,0.03147226572036743,0.05158087983727455,0.03187708556652069,0.14051416516304016,2.04044246673584,pythia-1.4b
10,0,diffuse,0.005810305010527372,0.00036172906402498484,2.8809841751353815e-05,0.020909620448946953,0.9561172723770142,0.0008194025722332299,0.013936054892838001,0.016343511641025543,0.40456491708755493,pythia-1.4b
10,1,bos_sink,0.6760482788085938,0.012072047218680382,0.021166730672121048,0.005697096697986126,0.0022200546227395535,0.1128293052315712,0.001155078993178904,0.20320528745651245,2.0841991901397705,pythia-1.4b
10,2,bos_sink,0.5076703429222107,0.07047630101442337,0.16868454217910767,0.00034965650411322713,0.00013597597717307508,0.39466285705566406,3.198473496013321e-05,0.09718082845211029,2.3855185508728027,pythia-1.4b
10,3,bos_sink,0.6239524483680725,0.06168888881802559,0.03888865187764168,0.03514236956834793,0.007603111211210489,0.2062012106180191,0.005448190961033106,0.1271003931760788,2.4489922523498535,pythia-1.4b
10,4,diffuse,0.25650858879089355,0.009935651905834675,0.0021825958974659443,0.12778696417808533,0.3920965790748596,0.015117857605218887,0.07364514470100403,0.20849013328552246,2.565241813659668,pythia-1.4b
10,5,diffuse,0.26807090640068054,0.09534667432308197,0.0416879802942276,0.10453592240810394,0.08500241488218307,0.21785250306129456,0.051080286502838135,0.32453858852386475,3.8765764236450195,pythia-1.4b
10,6,bos_sink,0.5623142123222351,0.015300992876291275,0.014382811263203621,0.021179400384426117,0.011966966092586517,0.08212749660015106,0.006354534067213535,0.3224118947982788,2.7596967220306396,pythia-1.4b
10,7,bos_sink,0.45847249031066895,0.16506455838680267,0.10756078362464905,0.018810272216796875,0.02212018147110939,0.4055134057998657,0.005197678226977587,0.0950837954878807,2.788022994995117,pythia-1.4b
10,8,bos_sink,0.3833896517753601,0.00466650677844882,0.002835822757333517,0.08773758262395859,0.3295977711677551,0.01809314265847206,0.04238463193178177,0.18118171393871307,2.68202805519104,pythia-1.4b
10,9,diffuse,0.047905486077070236,0.0039022332057356834,0.0009205293608829379,0.05349278077483177,0.8427087068557739,0.0072444709949195385,0.03180978074669838,0.04864799976348877,1.128920316696167,pythia-1.4b
10,10,bos_sink,0.4838925302028656,0.026164405047893524,0.026508592069149017,0.12549972534179688,0.04501023143529892,0.13585427403450012,0.04266851022839546,0.2097431719303131,3.2301249504089355,pythia-1.4b
10,11,bos_sink,0.48204123973846436,0.014542756602168083,0.009272090159356594,0.08225952088832855,0.14392957091331482,0.04507269710302353,0.030015219002962112,0.24669727683067322,2.960320472717285,pythia-1.4b
10,12,bos_sink,0.8016878962516785,0.00793632585555315,0.011183720082044601,0.03793872892856598,0.0051354714669287205,0.06757306307554245,0.004107323009520769,0.08766452223062515,1.5452125072479248,pythia-1.4b
10,13,bos_sink,0.701859176158905,0.013792477548122406,0.016603611409664154,0.06313427537679672,0.019549714401364326,0.06990028917789459,0.020408907905220985,0.1455564945936203,2.1765072345733643,pythia-1.4b
10,14,diffuse,0.19398532807826996,0.09170860797166824,0.16313551366329193,0.010942889377474785,0.0019548062700778246,0.6861894130706787,0.0012407797621563077,0.10692781209945679,3.17136549949646,pythia-1.4b
10,15,diffuse,0.11726415902376175,0.09178439527750015,0.0790565013885498,0.05213245004415512,0.019133927300572395,0.35614582896232605,0.01848948933184147,0.45532360672950745,4.126161575317383,pythia-1.4b
11,0,bos_sink,0.5553275942802429,0.01834813691675663,0.012059910222887993,0.07123597711324692,0.029879679903388023,0.07059255987405777,0.01896091364324093,0.27296435832977295,2.90388560295105,pythia-1.4b
11,1,bos_sink,0.8463135957717896,0.005537765566259623,0.006579521577805281,0.03142855688929558,0.018086055293679237,0.03183678910136223,0.0053077563643455505,0.07233463227748871,1.2830820083618164,pythia-1.4b
11,2,diffuse,0.09032606333494186,0.7058335542678833,0.050071366131305695,0.05473059415817261,0.024414043873548508,0.7995416522026062,0.034146469086408615,0.0309874527156353,1.8329758644104004,pythia-1.4b
11,3,bos_sink,0.5766470432281494,0.0650959312915802,0.041677650064229965,0.06409649550914764,0.038075756281614304,0.17814287543296814,0.018025171011686325,0.14303754270076752,2.739020347595215,pythia-1.4b
11,4,diffuse,0.20812949538230896,0.05468098446726799,0.1692776083946228,0.013532975688576698,0.005961344577372074,0.618651807308197,0.003461912041530013,0.15372467041015625,3.3066587448120117,pythia-1.4b
11,5,bos_sink,0.509282112121582,0.013780610635876656,0.008669574744999409,0.07886740565299988,0.06174784526228905,0.05967777222394943,0.023892637342214584,0.2904250919818878,3.0454227924346924,pythia-1.4b
11,6,bos_sink,0.34264013171195984,0.010204952210187912,0.004688319284468889,0.07432002574205399,0.10935606807470322,0.032616861164569855,0.02202894352376461,0.44106656312942505,3.2693769931793213,pythia-1.4b
11,7,bos_sink,0.7179892659187317,0.015035515651106834,0.024943461641669273,0.009785983711481094,0.003976696636527777,0.14599905908107758,0.0019332143710926175,0.122249074280262,1.906522274017334,pythia-1.4b
11,8,bos_sink,0.3853105306625366,0.008637658320367336,0.0033720533829182386,0.14648333191871643,0.21271848678588867,0.01847120374441147,0.06699804216623306,0.23701664805412292,2.978689670562744,pythia-1.4b
11,9,previous_token,0.2906726002693176,0.17250265181064606,0.348959356546402,0.0021149369422346354,0.00014601902512367815,0.616798460483551,2.594115176179912e-05,0.0902678370475769,2.457909107208252,pythia-1.4b
11,10,bos_sink,0.7943596839904785,0.0040932297706604,0.0027394320350140333,0.04956059530377388,0.03045550175011158,0.028308501467108727,0.01049006450921297,0.097315713763237,1.5902034044265747,pythia-1.4b
11,11,bos_sink,0.31904006004333496,0.15220749378204346,0.05538826063275337,0.08300812542438507,0.163108229637146,0.26340019702911377,0.04480767622590065,0.1714431196451187,3.3164966106414795,pythia-1.4b
11,12,bos_sink,0.6108951568603516,0.016661129891872406,0.0065126619301736355,0.07876579463481903,0.09446854144334793,0.04347144067287445,0.027641387656331062,0.17239882051944733,2.5043163299560547,pythia-1.4b
11,13,bos_sink,0.5980759263038635,0.024521274492144585,0.02291034907102585,0.034424349665641785,0.015974577516317368,0.13252891600131989,0.010262849740684032,0.21899640560150146,2.678368091583252,pythia-1.4b
11,14,diffuse,0.06838443875312805,0.1406671404838562,0.1017632782459259,0.07613542675971985,0.077829509973526,0.44516217708587646,0.025175955146551132,0.3324885368347168,4.1420392990112305,pythia-1.4b
11,15,bos_sink,0.5318831205368042,0.038325317203998566,0.02184416726231575,0.049522239714860916,0.07224063575267792,0.10921502858400345,0.015443692915141582,0.2371390014886856,2.945594549179077,pythia-1.4b
12,0,bos_sink,0.7746737599372864,0.006664144806563854,0.004987919237464666,0.024492742493748665,0.05094506964087486,0.02596193552017212,0.006664222106337547,0.12392634153366089,1.6651355028152466,pythia-1.4b
12,1,bos_sink,0.5569867491722107,0.019950252026319504,0.015288087539374828,0.0605560839176178,0.07821527123451233,0.06848271191120148,0.015680436044931412,0.23575888574123383,2.829265594482422,pythia-1.4b
12,2,bos_sink,0.7615353465080261,0.03975776210427284,0.03864434361457825,0.013254406861960888,0.005431614350527525,0.14430536329746246,0.0031590359285473824,0.0754731222987175,1.7028639316558838,pythia-1.4b
12,3,bos_sink,0.47938063740730286,0.5017586946487427,0.012036888860166073,0.0008733536815270782,1.0272556210111361e-05,0.5157619714736938,2.293311626999639e-05,0.003974006045609713,1.1575424671173096,pythia-1.4b
12,4,bos_sink,0.9896029829978943,0.0003367330937180668,0.00014312221901491284,0.002202759264037013,0.0008807568810880184,0.0014825783437117934,0.0005767501424998045,0.005832062568515539,0.12756584584712982,pythia-1.4b
12,5,bos_sink,0.6409881711006165,0.15035691857337952,0.04858522117137909,0.014466146938502789,0.012095595709979534,0.26592546701431274,0.0030104471370577812,0.06652533262968063,2.0692365169525146,pythia-1.4b
12,6,bos_sink,0.7854663133621216,0.00690133310854435,0.004204462748020887,0.04103961959481239,0.06956920027732849,0.02026749774813652,0.01117293257266283,0.08365754783153534,1.5394871234893799,pythia-1.4b
12,7,bos_sink,0.32398393750190735,0.07590284198522568,0.049965307116508484,0.008299775421619415,0.3816547393798828,0.2087474763393402,0.002785641700029373,0.07731398195028305,2.581306219100952,pythia-1.4b
12,8,diffuse,0.2598766088485718,0.20809920132160187,0.2064201980829239,0.00955127365887165,0.003274634713307023,0.614419162273407,0.0021141809411346912,0.11287808418273926,3.015597105026245,pythia-1.4b
12,9,bos_sink,0.5140196681022644,0.031565889716148376,0.02660473622381687,0.062392570078372955,0.02075379714369774,0.13826218247413635,0.01668522134423256,0.2645722031593323,3.0961978435516357,pythia-1.4b
12,10,bos_sink,0.7341915965080261,0.016482900828123093,0.013788453303277493,0.01907850243151188,0.005640251096338034,0.08680886030197144,0.004168835002928972,0.15428082644939423,1.9366719722747803,pythia-1.4b
12,11,diffuse,0.2776542603969574,0.013757902197539806,0.003743381006643176,0.09887649863958359,0.3933795988559723,0.030399318784475327,0.03160421550273895,0.19969019293785095,2.8949975967407227,pythia-1.4b
12,12,previous_token,0.19878044724464417,0.006077071651816368,0.599668562412262,0.005432263948023319,0.001459590275771916,0.7069173455238342,0.000681027362588793,0.087410107254982,2.031695604324341,pythia-1.4b
12,13,bos_sink,0.9295939803123474,0.00507531501352787,0.0029830581042915583,0.011167207732796669,0.0036761716473847628,0.017841828987002373,0.0027472993824630976,0.037720486521720886,0.6725872159004211,pythia-1.4b
12,14,diffuse,0.2687082290649414,0.08680757880210876,0.05594932660460472,0.11223983019590378,0.07415138930082321,0.25507545471191406,0.03116210550069809,0.28982508182525635,3.943186044692993,pythia-1.4b
12,15,bos_sink,0.567177951335907,0.02460816130042076,0.0036017142701894045,0.089305579662323,0.2539879083633423,0.03261536359786987,0.04998175427317619,0.056913647800683975,2.052234649658203,pythia-1.4b
13,0,bos_sink,0.4333786368370056,0.020736727863550186,0.008030854165554047,0.08050346374511719,0.20832359790802002,0.05093821510672569,0.0319247767329216,0.22685600817203522,2.98887300491333,pythia-1.4b
13,1,diffuse,0.24148717522621155,0.0036009775940328836,0.0011214445112273097,0.04234013706445694,0.5669616460800171,0.011672576889395714,0.013980090618133545,0.1375386118888855,2.1553146839141846,pythia-1.4b
13,2,bos_sink,0.7518331408500671,0.05063128098845482,0.022422973066568375,0.02649080939590931,0.04285678640007973,0.0946798324584961,0.007180541288107634,0.08413960039615631,1.7690571546554565,pythia-1.4b
13,3,bos_sink,0.6186655163764954,0.08595056086778641,0.006135775242000818,0.11203818768262863,0.034792590886354446,0.098403200507164,0.08176581561565399,0.1361004263162613,2.3284242153167725,pythia-1.4b
13,4,bos_sink,0.9997361898422241,0.00015031035582069308,4.244645606377162e-05,6.494634257475651e-12,1.4069429012130742e-14,0.0002223976916866377,1.671345218256723e-13,4.132115645916201e-05,0.00395361240953207,pythia-1.4b
13,5,bos_sink,0.8559404611587524,0.012846770696341991,0.012183412909507751,0.02109534852206707,0.009144781157374382,0.05521755665540695,0.005737657658755779,0.058601878583431244,1.2119702100753784,pythia-1.4b
13,6,bos_sink,0.6836525201797485,0.012937416322529316,0.0065140086226165295,0.042556703090667725,0.125858873128891,0.03524838760495186,0.010993316769599915,0.11268432438373566,2.0002806186676025,pythia-1.4b
13,7,bos_sink,0.6593182682991028,0.017714638262987137,0.01847713068127632,0.02597638964653015,0.013646764680743217,0.07592246681451797,0.004392766393721104,0.22513622045516968,2.354830265045166,pythia-1.4b
13,8,bos_sink,0.5208306908607483,0.028699910268187523,0.03745832294225693,0.0708436593413353,0.024104159325361252,0.20069757103919983,0.01725008711218834,0.18352384865283966,3.016925096511841,pythia-1.4b
13,9,bos_sink,0.42878609895706177,0.5581508278846741,0.009980647824704647,0.0005664538475684822,2.0541256162687205e-06,0.5685200691223145,4.35668152931612e-06,0.0021253819577395916,1.0956670045852661,pythia-1.4b
13,10,bos_sink,0.994055449962616,0.0004052321019116789,0.0001300018047913909,0.00045893198694102466,0.0001404277718393132,0.0009659626521170139,0.00010344685870222747,0.004379565827548504,0.07672223448753357,pythia-1.4b
13,11,bos_sink,0.5748927593231201,0.03467102348804474,0.02806449681520462,0.05366693437099457,0.048173777759075165,0.13480718433856964,0.016785675659775734,0.18845948576927185,2.7949814796447754,pythia-1.4b
13,12,bos_sink,0.8586323857307434,0.039594877511262894,0.01473165862262249,0.010563492774963379,0.003670395351946354,0.07259156554937363,0.002991415560245514,0.05454263463616371,1.1250042915344238,pythia-1.4b
13,13,bos_sink,0.5026477575302124,0.015480431728065014,0.006636220496147871,0.10413148999214172,0.1349128931760788,0.04241796210408211,0.04666464030742645,0.21588967740535736,2.9083783626556396,pythia-1.4b
13,14,bos_sink,0.9362490177154541,0.0040318784303963184,0.0029609540943056345,0.014215230010449886,0.0020001078955829144,0.018194569274783134,0.0020758286118507385,0.029340634122490883,0.6156009435653687,pythia-1.4b
13,15,diffuse,0.2798202633857727,0.029035421088337898,0.007687598466873169,0.0708237886428833,0.3563671112060547,0.05470069497823715,0.03257149085402489,0.23828847706317902,3.041505813598633,pythia-1.4b
14,0,bos_sink,0.4762805998325348,0.01033150777220726,0.0037663497496396303,0.05109184980392456,0.22534307837486267,0.03251839429140091,0.014632286503911018,0.21476581692695618,2.711080551147461,pythia-1.4b
14,1,bos_sink,0.6072233319282532,0.29672971367836,0.009915403090417385,0.07113522291183472,0.0034759151749312878,0.3087370991706848,0.0574813149869442,0.009429126977920532,1.5106709003448486,pythia-1.4b
14,2,bos_sink,0.6612921357154846,0.00996905192732811,0.008049997501075268,0.08298475295305252,0.030844753608107567,0.0439823642373085,0.01711404323577881,0.18089614808559418,2.3789918422698975,pythia-1.4b
14,3,bos_sink,0.9995943903923035,0.00025194211048074067,0.00011003793042618781,7.091204565767839e-07,5.502558853009987e-09,0.00037201313534751534,1.5198004632566153e-08,3.279056545579806e-05,0.005715830717235804,pythia-1.4b
14,4,bos_sink,0.576704740524292,0.040616825222969055,0.019197436049580574,0.09107591956853867,0.07352401316165924,0.09086783975362778,0.02508562244474888,0.16782797873020172,2.7306108474731445,pythia-1.4b
14,5,bos_sink,0.6344354152679443,0.026508113369345665,0.020780526101589203,0.08518372476100922,0.0354156419634819,0.08596210926771164,0.023773612454533577,0.15900254249572754,2.530491590499878,pythia-1.4b
14,6,bos_sink,0.5134745240211487,0.010136703960597515,0.003700456814840436,0.08105933666229248,0.12939928472042084,0.04444148764014244,0.02043796330690384,0.23162603378295898,2.8740198612213135,pythia-1.4b
14,7,bos_sink,0.6730569005012512,0.03137625753879547,0.012200004421174526,0.0730840340256691,0.03980724513530731,0.07771781086921692,0.026170475408434868,0.13633394241333008,2.2963368892669678,pythia-1.4b
14,8,bos_sink,0.6291077136993408,0.06884006410837173,0.05655854195356369,0.006622900255024433,0.0011358688352629542,0.2235649824142456,0.0008509382023476064,0.13956907391548157,2.269406795501709,pythia-1.4b
14,9,bos_sink,0.5414446592330933,0.05814741924405098,0.05615360289812088,0.05288330465555191,0.027112366631627083,0.2311992198228836,0.011633893474936485,0.14736028015613556,2.8742148876190186,pythia-1.4b
14,10,bos_sink,0.9521752595901489,0.003571503097191453,0.0027425182051956654,0.008254295215010643,0.001023531542159617,0.018587598577141762,0.0014685043133795261,0.019959190860390663,0.4794939458370209,pythia-1.4b
14,11,diffuse,0.16004176437854767,0.0005548478220589459,0.0002086449967464432,0.010429516434669495,0.7566792368888855,0.0028056656010448933,0.002868436276912689,0.07004319876432419,1.331394076347351,pythia-1.4b
14,12,bos_sink,0.6456812024116516,0.039206165820360184,0.010669485665857792,0.0564771443605423,0.019824931398034096,0.07837677001953125,0.011783333495259285,0.19963973760604858,2.4413092136383057,pythia-1.4b
14,13,bos_sink,0.6296312808990479,0.011403735727071762,0.016295790672302246,0.023611098527908325,0.007052672561258078,0.1183386892080307,0.00536307692527771,0.22136659920215607,2.4286983013153076,pythia-1.4b
14,14,bos_sink,0.8323972225189209,0.114505834877491,0.002613580320030451,0.010139103047549725,0.01844998076558113,0.11959143728017807,0.002076336182653904,0.019422370940446854,0.9957547187805176,pythia-1.4b
14,15,bos_sink,0.8820939064025879,0.006300327368080616,0.005672477651387453,0.022443901747465134,0.005836790893226862,0.02816639468073845,0.004571779631078243,0.06145896017551422,1.0384024381637573,pythia-1.4b
15,0,bos_sink,0.913423478603363,0.0028205893468111753,0.0013201721012592316,0.01612279750406742,0.012952600605785847,0.013110185973346233,0.003969311714172363,0.04439002647995949,0.789467990398407,pythia-1.4b
15,1,bos_sink,0.42315998673439026,0.00885824579745531,0.002710880944505334,0.06769491732120514,0.22712182998657227,0.03462646156549454,0.021001918241381645,0.2473970204591751,2.958482503890991,pythia-1.4b
15,2,bos_sink,0.9245771765708923,0.003061173250898719,0.0018581191543489695,0.008597301319241524,0.006760534830391407,0.020669497549533844,0.002579451072961092,0.039395771920681,0.7009517550468445,pythia-1.4b
15,3,bos_sink,0.49382948875427246,0.0033690494019538164,0.0011931948829442263,0.0544099286198616,0.26336055994033813,0.021218489855527878,0.013993165455758572,0.16718123853206635,2.4672255516052246,pythia-1.4b
15,4,bos_sink,0.7698677182197571,0.013401283882558346,0.011471335776150227,0.04330822452902794,0.009717918001115322,0.05919720232486725,0.009082014672458172,0.11790890991687775,1.7810138463974,pythia-1.4b
15,5,bos_sink,0.4185613989830017,0.08826564252376556,0.18737497925758362,0.002559628337621689,0.000539093860425055,0.33111464977264404,8.641569729661569e-05,0.2472250908613205,2.6918716430664062,pythia-1.4b
15,6,bos_sink,0.5203315019607544,0.05318043753504753,0.028201963752508163,0.07695279270410538,0.04664003849029541,0.1471710205078125,0.026031894609332085,0.20890496671199799,3.045563220977783,pythia-1.4b
15,7,bos_sink,0.9020743370056152,0.003057339461520314,0.001825410407036543,0.029376666992902756,0.009796202182769775,0.013232042081654072,0.007950905710458755,0.04552054777741432,0.8799200654029846,pythia-1.4b
15,8,bos_sink,0.9250434041023254,0.010645648464560509,0.00659514544531703,0.009058952331542969,0.0015309449518099427,0.03237748146057129,0.0013659396208822727,0.03198905289173126,0.694655179977417,pythia-1.4b
15,9,bos_sink,0.4032561182975769,0.010095174424350262,0.0036045736633241177,0.062437642365694046,0.24693144857883453,0.04029833897948265,0.01729697361588478,0.24707607924938202,2.9840333461761475,pythia-1.4b
15,10,bos_sink,0.5070546865463257,0.4900527894496918,0.001134167774580419,0.0010064106900244951,5.105308673591935e-07,0.49124622344970703,4.6700151870027184e-06,0.0006928574293851852,1.0334323644638062,pythia-1.4b
15,11,bos_sink,0.3939255475997925,0.012483558617532253,0.004463481716811657,0.06850409507751465,0.25096333026885986,0.04774179682135582,0.018303148448467255,0.2388652116060257,3.0111067295074463,pythia-1.4b
15,12,bos_sink,0.856898844242096,0.07108420878648758,0.017839496955275536,0.007390294224023819,0.007308642845600843,0.10632950812578201,0.0023208975326269865,0.022072428837418556,1.006324291229248,pythia-1.4b
15,13,bos_sink,0.3703190088272095,0.02804538793861866,0.011006662622094154,0.10526823997497559,0.10266873985528946,0.10204167664051056,0.028687912970781326,0.3197020888328552,3.5891289710998535,pythia-1.4b
15,14,bos_sink,0.36539211869239807,0.009067756123840809,0.003466661786660552,0.07139357924461365,0.2713274657726288,0.036187320947647095,0.022420218214392662,0.25569942593574524,3.034616470336914,pythia-1.4b
15,15,diffuse,0.2757561206817627,0.015840528532862663,0.005108231212943792,0.09879734367132187,0.18912802636623383,0.0604453906416893,0.028876641765236855,0.37587282061576843,3.641758918762207,pythia-1.4b
16,0,diffuse,0.12859433889389038,0.0029904295224696398,0.0013977332273498178,0.08230013400316238,0.421938419342041,0.03472880646586418,0.02655789442360401,0.3324381709098816,3.196059465408325,pythia-1.4b
16,1,bos_sink,0.672523558139801,0.007270696107298136,0.003749237395823002,0.07773786783218384,0.03533444181084633,0.03550075739622116,0.022708848118782043,0.17890335619449615,2.29426646232605,pythia-1.4b
16,2,diffuse,0.1473514586687088,0.01516456063836813,0.006811290048062801,0.06062127649784088,0.0784965381026268,0.09388219565153122,0.025821039453148842,0.6196486949920654,4.026892185211182,pythia-1.4b
16,3,bos_sink,0.4360005855560303,0.012704277411103249,0.002914974233135581,0.0742674320936203,0.18921536207199097,0.04030030965805054,0.02316618338227272,0.2602161467075348,3.0384151935577393,pythia-1.4b
16,4,diffuse,0.11246997117996216,0.004935944452881813,0.004110486246645451,0.1092364564538002,0.280630499124527,0.054099202156066895,0.028417667374014854,0.44356387853622437,3.7573537826538086,pythia-1.4b
16,5,diffuse,0.29901957511901855,0.008769935928285122,0.0045799859799444675,0.10738340765237808,0.2073826789855957,0.04822227731347084,0.028654655441641808,0.3379920423030853,3.517526149749756,pythia-1.4b
16,6,diffuse,0.23049437999725342,0.07090502977371216,0.0772501677274704,0.05654442310333252,0.015560736879706383,0.298705518245697,0.015271028503775597,0.3986949026584625,3.9797232151031494,pythia-1.4b
16,7,bos_sink,0.993889331817627,0.001460771425627172,0.00014203765022102743,0.0011563609587028623,0.00022406276548281312,0.0019345520995557308,0.000272245000815019,0.0027961041778326035,0.07782677561044693,pythia-1.4b
16,8,bos_sink,0.9998096823692322,3.059069968003314e-06,3.7342273571994156e-05,2.7999650598076187e-08,3.3363567464306243e-09,0.00013652091729454696,3.6104408351889106e-09,5.3841507906327024e-05,0.002927897498011589,pythia-1.4b
16,9,bos_sink,0.9996553659439087,2.7715761461877264e-05,5.3318499340093695e-06,0.0001016579190036282,3.141710112686269e-05,7.909404666861519e-05,1.329360111412825e-05,0.00013384106568992138,0.005892071407288313,pythia-1.4b
16,10,bos_sink,0.7202572822570801,0.006739819888025522,0.005248540546745062,0.035555608570575714,0.009892088361084461,0.05549449101090431,0.008310230448842049,0.17880059778690338,2.030850410461426,pythia-1.4b
16,11,bos_sink,0.9960885643959045,0.0005697404267266393,4.553605322143994e-05,0.0011529059847816825,0.00025437300791963935,0.0007979209185577929,0.00021223172370810062,0.0017063566483557224,0.05299742519855499,pythia-1.4b
16,12,bos_sink,0.9064983129501343,0.07700186222791672,0.002879880601540208,0.006743649952113628,4.7470679419348016e-05,0.08058475703001022,0.00013244175352156162,0.006126467138528824,0.5703983306884766,pythia-1.4b
16,13,bos_sink,0.4445838928222656,0.01027423981577158,0.0035371826961636543,0.08331381529569626,0.14327199757099152,0.04704711586236954,0.02420530654489994,0.28178298473358154,3.127624034881592,pythia-1.4b
16,14,bos_sink,0.9949053525924683,0.0010276130633428693,0.00014007122081238776,0.0017093763453885913,0.0002546170144341886,0.0013929572887718678,0.0002459333336446434,0.0017380299977958202,0.06660722196102142,pythia-1.4b
16,15,bos_sink,0.6074661016464233,0.00873233936727047,0.0037117665633559227,0.08948472142219543,0.0630776584148407,0.05098537355661392,0.027248281985521317,0.18898619711399078,2.590092897415161,pythia-1.4b
17,0,bos_sink,0.9059321284294128,0.0026045613922178745,0.001323393196798861,0.014508258551359177,0.005850430112332106,0.013862691819667816,0.004153063055127859,0.05984700098633766,0.8466987013816833,pythia-1.4b
17,1,bos_sink,0.8145464658737183,0.0016325246542692184,0.0007456652238033712,0.030302396044135094,0.018457017838954926,0.012481620535254478,0.008796026930212975,0.1242125853896141,1.4540538787841797,pythia-1.4b
17,2,bos_sink,1.0,1.8517280764296373e-10,3.919671390847229e-14,1.4409792797577608e-30,5.396173857361906e-34,2.0068488537638984e-10,1.3263098168553062e-34,5.046627560290062e-10,8.468933998528883e-08,pythia-1.4b
17,3,bos_sink,0.9995409250259399,0.00018752296455204487,7.844893843866885e-06,0.00013527210103347898,3.874663434544345e-06,0.00020859690266661346,7.181734872574452e-06,0.00011299532343400642,0.007277459837496281,pythia-1.4b
17,4,bos_sink,0.9244853258132935,0.03244649991393089,0.0029850348364561796,0.005108332261443138,0.0008157974225468934,0.03742699325084686,0.0008445255807600915,0.032164450734853745,0.6282736659049988,pythia-1.4b
17,5,bos_sink,0.7924293875694275,0.0019172359025105834,0.0019072977593168616,0.051872000098228455,0.04081174358725548,0.024331556633114815,0.009349213913083076,0.09055481851100922,1.5769656896591187,pythia-1.4b
17,6,bos_sink,0.7317894697189331,0.01739300787448883,0.01536866556853056,0.053444378077983856,0.018293805420398712,0.08196448534727097,0.01012394018471241,0.11450769752264023,2.007066011428833,pythia-1.4b
17,7,bos_sink,0.3249710202217102,0.007795669604092836,0.0027213317807763815,0.10913021862506866,0.1489272564649582,0.052913375198841095,0.03208841755986214,0.36405807733535767,3.570078134536743,pythia-1.4b
17,8,bos_sink,0.5840582251548767,0.005270105320960283,0.002876448445022106,0.07009980082511902,0.08241434395313263,0.037754692137241364,0.016514981165528297,0.2256728559732437,2.6538336277008057,pythia-1.4b
17,9,bos_sink,0.9964063763618469,0.00047059179632924497,8.04852315923199e-05,0.0008775920141488314,0.00016281528223771602,0.0008995210519060493,0.00025361301959492266,0.0016543619567528367,0.04961712658405304,pythia-1.4b
17,10,bos_sink,0.9472905993461609,0.0012198499171063304,0.0004558611835818738,0.007884359918534756,0.013713446445763111,0.0038763326592743397,0.002744319848716259,0.027235599234700203,0.49982547760009766,pythia-1.4b
17,11,bos_sink,0.7033619284629822,0.28373628854751587,0.0029557310044765472,0.0037579175550490618,7.724435704403732e-07,0.2869455814361572,4.989778972230852e-06,0.005933856125921011,0.992896318435669,pythia-1.4b
17,12,bos_sink,0.9282830953598022,0.003295380622148514,0.0007532082381658256,0.009744677692651749,0.0027140299789607525,0.005973628722131252,0.003604457015171647,0.053284719586372375,0.6579707860946655,pythia-1.4b
17,13,bos_sink,0.6207188367843628,0.006147066131234169,0.0021348928567022085,0.07770072668790817,0.05662596598267555,0.036273032426834106,0.017631663009524345,0.20868095755577087,2.5200517177581787,pythia-1.4b
17,14,bos_sink,0.9567195177078247,0.005131023470312357,0.001916998066008091,0.010807834565639496,0.0021144812926650047,0.01127958670258522,0.002214688342064619,0.019079452380537987,0.44272580742836,pythia-1.4b
17,15,bos_sink,0.5757138729095459,0.006986415479332209,0.0034858814906328917,0.09706118702888489,0.06472592800855637,0.03962283954024315,0.018539223819971085,0.22287598252296448,2.736039400100708,pythia-1.4b
18,0,bos_sink,0.8251234889030457,0.005105706863105297,0.0019180492963641882,0.017243750393390656,0.09794439375400543,0.013078223913908005,0.0040206764824688435,0.04660985618829727,1.1638489961624146,pythia-1.4b
18,1,bos_sink,0.8245514035224915,0.11496904492378235,0.017282024025917053,0.005241268314421177,0.00034134832094423473,0.13903772830963135,0.00046172973816283047,0.030828330665826797,1.0492215156555176,pythia-1.4b
18,2,bos_sink,0.4289344251155853,0.06168684363365173,0.04036722332239151,0.03880739584565163,0.010381468571722507,0.24272394180297852,0.011674870736896992,0.27915269136428833,3.327559471130371,pythia-1.4b
18,3,bos_sink,0.9860461950302124,0.00526393810287118,0.0014264886267483234,0.0015408573672175407,0.00013718794798478484,0.007823752239346504,0.00015638624608982354,0.004452881868928671,0.15454913675785065,pythia-1.4b
18,4,bos_sink,0.43142661452293396,0.03165258467197418,0.024393152445554733,0.0862661749124527,0.023499134927988052,0.14359283447265625,0.021130690351128578,0.315215528011322,3.441343307495117,pythia-1.4b
18,5,bos_sink,0.9978687167167664,0.000177546200575307,2.6654830435290933e-05,0.00039983863825909793,6.651726289419457e-05,0.00032635891693644226,6.446657789638266e-05,0.001339272246696055,0.03074367716908455,pythia-1.4b
18,6,diffuse,0.15468506515026093,0.007347910664975643,0.005036572460085154,0.18112312257289886,0.1296142041683197,0.06330234557390213,0.042932797223329544,0.47127509117126465,4.080842971801758,pythia-1.4b
18,7,bos_sink,0.9890367984771729,0.00039617970469407737,0.0013497124891728163,0.0015114361885935068,0.0005247978842817247,0.0030718601774424314,0.00037832307862117887,0.005854557268321514,0.13321897387504578,pythia-1.4b
18,8,diffuse,0.24314647912979126,0.01731804944574833,0.008865756914019585,0.1431887000799179,0.13191942870616913,0.08318682760000229,0.036578018218278885,0.3985586166381836,3.92199969291687,pythia-1.4b
18,9,bos_sink,0.9559233784675598,0.0015628879191353917,0.00042530318023636937,0.008434949442744255,0.006794398650527,0.005316521972417831,0.0015461344737559557,0.023530811071395874,0.44290608167648315,pythia-1.4b
18,10,bos_sink,0.9079664349555969,0.061403788626194,0.004808362107723951,0.004310159478336573,0.00030108969076536596,0.06777403503656387,0.0002937931567430496,0.01964792050421238,0.6462156772613525,pythia-1.4b
18,11,diffuse,0.2482425719499588,0.010736391879618168,0.006866385694593191,0.13063842058181763,0.10562769323587418,0.07364022731781006,0.03284206986427307,0.4418506920337677,3.9241819381713867,pythia-1.4b
18,12,bos_sink,0.6398329734802246,0.005251696798950434,0.002197443740442395,0.018650483340024948,0.01793365553021431,0.03966047614812851,0.007255286443978548,0.2839221954345703,2.3538546562194824,pythia-1.4b
18,13,bos_sink,0.7628509402275085,0.005918015725910664,0.003299577161669731,0.05037318170070648,0.028740983456373215,0.026820499449968338,0.007863781414926052,0.13121384382247925,1.784406065940857,pythia-1.4b
18,14,bos_sink,0.998051106929779,0.000706622377038002,9.694084292277694e-05,0.0003994329017587006,2.3593891455675475e-05,0.0008705428335815668,3.148913674522191e-05,0.0006563664646819234,0.027282537892460823,pythia-1.4b
18,15,bos_sink,0.443423330783844,0.013751644641160965,0.009573015384376049,0.11169130355119705,0.05373377352952957,0.06700462102890015,0.02569388411939144,0.3241463899612427,3.3627052307128906,pythia-1.4b
19,0,bos_sink,0.9954282641410828,0.0010019260225817561,0.00041117530781775713,0.0011277786688879132,0.0001048954509315081,0.0018642814829945564,7.831251423340291e-05,0.001475863391533494,0.06025266647338867,pythia-1.4b
19,1,bos_sink,0.3717103600502014,0.05314286798238754,0.06383488327264786,0.02846647799015045,0.00922608282417059,0.32346880435943604,0.005638292990624905,0.2671283483505249,3.4285194873809814,pythia-1.4b
19,2,diffuse,0.110519178211689,0.029821990057826042,0.020049359649419785,0.19966234266757965,0.01861220970749855,0.16306476294994354,0.045383188873529434,0.5081415176391602,4.280918121337891,pythia-1.4b
19,3,bos_sink,0.37082356214523315,0.006576205138117075,0.004980169702321291,0.12296587228775024,0.11233559250831604,0.05829107388854027,0.029721377417445183,0.33558353781700134,3.5035557746887207,pythia-1.4b
19,4,bos_sink,0.9863676428794861,0.004868921358138323,0.0008226633071899414,0.001966698793694377,0.00011215742415515706,0.006760123651474714,0.00016053854778874665,0.004793287254869938,0.15308411419391632,pythia-1.4b
19,5,bos_sink,0.4686429500579834,0.015235183760523796,0.009223039261996746,0.08557406067848206,0.0452687032520771,0.08607057482004166,0.022518526762723923,0.3144432604312897,3.2535927295684814,pythia-1.4b
19,6,bos_sink,0.5385902523994446,0.0032964053098112345,0.0020543511491268873,0.12431614845991135,0.07089207321405411,0.03623754158616066,0.02482222206890583,0.22996407747268677,2.877016544342041,pythia-1.4b
19,7,bos_sink,0.9851049184799194,0.0018683435628190637,0.00079326395643875,0.0036656195297837257,0.0008870745659805834,0.004259680863469839,0.0004927709815092385,0.006083127111196518,0.17541860044002533,pythia-1.4b
19,8,bos_sink,0.9895330667495728,0.0019706611055880785,0.0006135831354185939,0.0013285650638863444,0.0003863876045215875,0.004333389922976494,0.00024196899903472513,0.0044179982505738735,0.1267664134502411,pythia-1.4b
19,9,bos_sink,0.9683629274368286,0.005060405936092138,0.00107746128924191,0.006705375388264656,0.0027118066791445017,0.008816872723400593,0.001078739413060248,0.013403043150901794,0.3338848948478699,pythia-1.4b
19,10,bos_sink,0.6986322402954102,0.010663019493222237,0.011293820105493069,0.05437764525413513,0.015579481609165668,0.07611972093582153,0.0130413006991148,0.15529048442840576,2.1860575675964355,pythia-1.4b
19,11,diffuse,0.1960097849369049,0.00994720309972763,0.006222567055374384,0.1390489935874939,0.10314624011516571,0.0814366266131401,0.03574886918067932,0.48035842180252075,4.051000595092773,pythia-1.4b
19,12,bos_sink,0.9887784123420715,0.0021929466165602207,0.0006376015371643007,0.0015930049121379852,0.0002353388990741223,0.004838042892515659,0.0002414513728581369,0.004555233288556337,0.13351881504058838,pythia-1.4b
19,13,bos_sink,0.4673353433609009,0.5204684138298035,0.007180667482316494,0.0017513498896732926,1.3835098116032896e-06,0.5279537439346313,3.2174220905289985e-06,0.002958145225420594,1.1087205410003662,pythia-1.4b
19,14,diffuse,0.12183090299367905,0.10032407939434052,0.1405392587184906,0.01916154846549034,0.008213488385081291,0.5626328587532043,0.00527479313313961,0.28816109895706177,3.747615098953247,pythia-1.4b
19,15,bos_sink,0.9858344197273254,0.0022156229242682457,0.0007023822399787605,0.0044276053085923195,0.0004971515736542642,0.004023428075015545,0.0005824879044666886,0.005216834135353565,0.16659817099571228,pythia-1.4b
20,0,bos_sink,0.8239806294441223,0.006599919870495796,0.002491929102689028,0.03229403495788574,0.03092074580490589,0.027814030647277832,0.008441107347607613,0.08499005436897278,1.3999181985855103,pythia-1.4b
20,1,bos_sink,0.38700729608535767,0.005774530582129955,0.008383131586015224,0.005076630041003227,0.4869883954524994,0.05408725515007973,0.001352160470560193,0.06684094667434692,1.912063717842102,pythia-1.4b
20,2,diffuse,0.24878542125225067,0.04609689489006996,0.06736104190349579,0.07954771816730499,0.0180137250572443,0.3436024487018585,0.01573055610060692,0.31005045771598816,3.8980727195739746,pythia-1.4b
20,3,diffuse,0.17341622710227966,0.02035706304013729,0.028275229036808014,0.047155458480119705,0.027385717257857323,0.2795564830303192,0.015178393572568893,0.47248637676239014,3.9881317615509033,pythia-1.4b
20,4,bos_sink,0.9939314126968384,0.002596812089905143,0.00041392043931409717,0.0007725037867203355,2.639581543917302e-05,0.00335267698392272,3.128589378320612e-05,0.0019172074971720576,0.07305844873189926,pythia-1.4b
20,5,bos_sink,0.9478715062141418,0.034361954778432846,0.005371260456740856,0.0010467590764164925,9.186139504890889e-05,0.04596756398677826,9.684988617664203e-05,0.005022746976464987,0.40217897295951843,pythia-1.4b
20,6,diffuse,0.23115451633930206,0.004329160787165165,0.004144217818975449,0.17905771732330322,0.14398464560508728,0.0675446167588234,0.04167505353689194,0.37825807929039,3.8507819175720215,pythia-1.4b
20,7,bos_sink,0.963943362236023,0.007610556669533253,0.0030452439095824957,0.00219118595123291,0.003362980205565691,0.020103005692362785,0.0005967797478660941,0.010400421917438507,0.3626285195350647,pythia-1.4b
20,8,bos_sink,0.7525506019592285,0.004195390269160271,0.0019409219967201352,0.05797849968075752,0.034975193440914154,0.030027957633137703,0.01452824380248785,0.12446806579828262,1.8367853164672852,pythia-1.4b
20,9,bos_sink,0.978564441204071,0.003455271478742361,0.0018425690941512585,0.002410688903182745,0.0002801783266477287,0.008868427947163582,0.00025909385294653475,0.009875933639705181,0.23566654324531555,pythia-1.4b
20,10,diffuse,0.24022509157657623,0.17962583899497986,0.028411250561475754,0.11352917551994324,0.0469815656542778,0.29298165440559387,0.025922125205397606,0.3062824010848999,3.858370780944824,pythia-1.4b
20,11,bos_sink,0.7918305993080139,0.0018520512385293841,0.0010240129195153713,0.051698118448257446,0.03739124536514282,0.030783677473664284,0.01062981877475977,0.08829663693904877,1.5670101642608643,pythia-1.4b
20,12,bos_sink,0.7130296230316162,0.022274857386946678,0.0117241982370615,0.045641399919986725,0.028674408793449402,0.06973396986722946,0.010367989540100098,0.14292024075984955,2.089236259460449,pythia-1.4b
20,13,diffuse,0.19289657473564148,0.014124500565230846,0.02630525827407837,0.060495756566524506,0.060554783791303635,0.24960653483867645,0.015650058165192604,0.43644630908966064,4.035760879516602,pythia-1.4b
20,14,diffuse,0.21316486597061157,0.035835444927215576,0.02875687927007675,0.02479948103427887,0.020636802539229393,0.19266751408576965,0.011101777665317059,0.5487313270568848,3.9218413829803467,pythia-1.4b
20,15,diffuse,0.05192093923687935,0.013104710727930069,0.014087592251598835,0.14301607012748718,0.16346991062164307,0.1466061770915985,0.030047891661524773,0.49498674273490906,4.15620231628418,pythia-1.4b
21,0,diffuse,0.1094537302851677,0.010911412537097931,0.007869758643209934,0.1857386976480484,0.09728368371725082,0.1111397072672844,0.04315856099128723,0.49638405442237854,4.2277703285217285,pythia-1.4b
21,1,diffuse,0.00010737372940639034,0.02586420439183712,0.027423042804002762,0.10403856635093689,0.05443544685840607,0.21269461512565613,0.03656473010778427,0.6287236213684082,4.218254566192627,pythia-1.4b
21,2,diffuse,0.26981860399246216,0.00616211723536253,0.003940982278436422,0.17349286377429962,0.07795484364032745,0.07040951400995255,0.03288017213344574,0.40832412242889404,3.8929803371429443,pythia-1.4b
21,3,bos_sink,0.8941110372543335,0.01156615000218153,0.011525355279445648,0.004827301949262619,0.0035805029328912497,0.06408333778381348,0.0012247639242559671,0.033397823572158813,0.8904781937599182,pythia-1.4b
21,4,bos_sink,0.9588772654533386,0.0037426913622766733,0.0006879204884171486,0.017494898289442062,0.0014970118645578623,0.005363042466342449,0.0021588678937405348,0.016768241301178932,0.41339486837387085,pythia-1.4b
21,5,bos_sink,0.7090737819671631,0.007612521760165691,0.005921514704823494,0.038060348480939865,0.022368162870407104,0.046609532088041306,0.010977698490023613,0.1838875412940979,2.1031134128570557,pythia-1.4b
21,6,diffuse,0.0558471716940403,0.06407641619443893,0.07077490538358688,0.01511823944747448,0.007761004846543074,0.3574813902378082,0.005589609034359455,0.5637922883033752,3.9805283546447754,pythia-1.4b
21,7,bos_sink,0.3890807330608368,0.041920006275177,0.04901948198676109,0.017957918345928192,0.007218236103653908,0.27233079075813293,0.004425191320478916,0.313412070274353,3.334620475769043,pythia-1.4b
21,8,bos_sink,0.9930588006973267,0.0004014646983705461,0.0001845092629082501,0.0013933745212852955,0.00044386900844983757,0.0012829769402742386,0.00027065284666605294,0.003821329213678837,0.08972332626581192,pythia-1.4b
21,9,bos_sink,0.9411475658416748,0.00033290640567429364,0.00017984329315368086,0.015695439651608467,0.004191752057522535,0.0024843865539878607,0.0035065847914665937,0.036480747163295746,0.5626242756843567,pythia-1.4b
21,10,diffuse,0.1260368674993515,0.07397042214870453,0.07805550843477249,0.06913039088249207,0.05092871934175491,0.5091858506202698,0.027554601430892944,0.24471835792064667,3.9536006450653076,pythia-1.4b
21,11,bos_sink,0.9983702301979065,0.0004797262081410736,0.00014933146303519607,0.0002574794925749302,1.8354625353822485e-05,0.0008370818104594946,1.4201677913661115e-05,0.0005177159328013659,0.023571781814098358,pythia-1.4b
21,12,bos_sink,0.9988025426864624,8.798477210802957e-05,5.282323036226444e-05,0.00036421086406335235,0.00014078061212785542,0.00020555255468934774,4.3278138036839664e-05,0.0004887287504971027,0.018414385616779327,pythia-1.4b
21,13,diffuse,0.053222570568323135,0.006027302239090204,0.004443788900971413,0.1558561623096466,0.10847658663988113,0.10596522688865662,0.044021643698215485,0.5764793753623962,4.175488471984863,pythia-1.4b
21,14,diffuse,0.14620594680309296,0.1458781659603119,0.12682676315307617,0.0202336385846138,0.00609946483746171,0.5270299315452576,0.004075690172612667,0.3004310131072998,3.6931686401367188,pythia-1.4b
21,15,bos_sink,0.5028993487358093,0.489414781332016,0.004716681782156229,0.0010944625828415155,1.2841603620472597e-06,0.4943259656429291,1.4362209412865923e-06,0.0016794027760624886,1.074134111404419,pythia-1.4b
22,0,bos_sink,0.8033510446548462,0.001878709765151143,0.0025256278458982706,0.010853670537471771,0.0069038113579154015,0.0230740737169981,0.004064326640218496,0.1558178812265396,1.4687007665634155,pythia-1.4b
22,1,bos_sink,0.9448053240776062,0.003355590160936117,0.0016105636022984982,0.006969931069761515,0.0032420805655419827,0.012740815058350563,0.0011815476464107633,0.03224160522222519,0.5424640774726868,pythia-1.4b
22,2,diffuse,0.009787571616470814,0.6020267605781555,0.06591596454381943,0.0068387724459171295,0.0018987219082191586,0.8213616609573364,0.00285957264713943,0.1601129174232483,2.38362717628479,pythia-1.4b
22,3,bos_sink,0.7578186392784119,0.007904392667114735,0.016217438504099846,0.01036927942186594,0.01635916531085968,0.1317802220582962,0.0034241380635648966,0.08367298543453217,1.7230372428894043,pythia-1.4b
22,4,diffuse,0.015041413716971874,0.03571927174925804,0.0221220925450325,0.12513315677642822,0.08350684493780136,0.23876968026161194,0.0336398109793663,0.5375486612319946,4.274991035461426,pythia-1.4b
22,5,bos_sink,0.9549872875213623,0.011411628685891628,0.002946852706372738,0.0009250064031220973,0.0006476165144704282,0.025699149817228317,0.00044225406600162387,0.017740365117788315,0.4297151565551758,pythia-1.4b
22,6,diffuse,0.007570349145680666,0.025885336101055145,0.012984688393771648,0.16396412253379822,0.06568507850170135,0.19684377312660217,0.04449136182665825,0.565936267375946,4.276634216308594,pythia-1.4b
22,7,bos_sink,0.9926915168762207,0.0009074395638890564,0.000343289808370173,0.00038755859714001417,0.0003460506268311292,0.003022611839696765,0.00012934378173667938,0.003553233575075865,0.0912528857588768,pythia-1.4b
22,8,bos_sink,0.9946953058242798,0.000527327589225024,0.0002707208914216608,0.00026881645317189395,0.00010914939775830135,0.001772075891494751,6.349513569148257e-05,0.0031557949259877205,0.06918220221996307,pythia-1.4b
22,9,diffuse,0.014471312053501606,0.3481951355934143,0.1522189974784851,0.011546015739440918,0.003280762815847993,0.7650394439697266,0.0030937804840505123,0.20566241443157196,3.1963040828704834,pythia-1.4b
22,10,bos_sink,0.9281033277511597,0.004613131284713745,0.004007500130683184,0.0029042838141322136,0.01903243362903595,0.026585370302200317,0.0005387895507737994,0.02337457239627838,0.6386510729789734,pythia-1.4b
22,11,bos_sink,0.9829242825508118,0.0036126577761024237,0.0017809509299695492,0.0011877495562657714,0.001154944533482194,0.011072413995862007,0.0001405187649652362,0.003661015070974827,0.1870662271976471,pythia-1.4b
22,12,previous_token,0.00038230535574257374,0.1661379486322403,0.21303647756576538,0.0036636660806834698,0.0019842740148305893,0.7481987476348877,0.0008905339636839926,0.24577105045318604,3.1993136405944824,pythia-1.4b
22,13,bos_sink,0.9043090343475342,0.010894129984080791,0.006389450281858444,0.001682233065366745,0.0016297108959406614,0.041786450892686844,0.0007810831884853542,0.05059250444173813,0.8262732625007629,pythia-1.4b
22,14,bos_sink,0.9942554235458374,0.00024954002583399415,0.00017315760487690568,0.0006941850297152996,0.00022206897847354412,0.00203861016780138,0.00011930917389690876,0.0027900231070816517,0.07454155385494232,pythia-1.4b
22,15,bos_sink,0.6159670948982239,0.13430458307266235,0.04263586550951004,0.027847683057188988,0.017955053597688675,0.22033441066741943,0.002840763656422496,0.11789631098508835,2.337190866470337,pythia-1.4b
23,0,diffuse,0.06218218430876732,0.1458299607038498,0.06320244073867798,0.03886160999536514,0.013966639526188374,0.39950674772262573,0.013122308067977428,0.4854825735092163,4.072655200958252,pythia-1.4b
23,1,bos_sink,0.7843433618545532,0.06834683567285538,0.0379020981490612,0.017563054338097572,0.000636295648291707,0.1496981680393219,0.000634743133559823,0.04775954782962799,1.4763891696929932,pythia-1.4b
23,2,diffuse,0.07619712501764297,0.41336625814437866,0.14990273118019104,0.019764427095651627,0.0015343567356467247,0.7749689817428589,0.003024105913937092,0.12753498554229736,2.959156036376953,pythia-1.4b
23,3,bos_sink,0.45297667384147644,0.016007093712687492,0.018499290570616722,0.09147325158119202,0.02786419726908207,0.10832542926073074,0.02661799266934395,0.31936028599739075,3.3648228645324707,pythia-1.4b
23,4,diffuse,0.2400992065668106,0.008165027014911175,0.019584087654948235,0.048835158348083496,0.039477068930864334,0.42500296235084534,0.02809743396937847,0.24658535420894623,3.4802985191345215,pythia-1.4b
23,5,diffuse,0.03411917760968208,0.049142688512802124,0.05749417468905449,0.024508759379386902,0.02072836644947529,0.6534022092819214,0.015195507556200027,0.2672410011291504,3.5409317016601562,pythia-1.4b
23,6,bos_sink,0.9772955775260925,0.00017428612045478076,0.0002169689687434584,0.006784752476960421,0.0038138842210173607,0.0029357478488236666,0.002186296507716179,0.00917082279920578,0.24730585515499115,pythia-1.4b
23,7,bos_sink,0.9714827537536621,0.01491040550172329,0.005583857651799917,0.0002140323049388826,0.00011442296818131581,0.026535559445619583,3.2132986234501004e-05,0.0016547291306778789,0.2484857738018036,pythia-1.4b
23,8,bos_sink,0.9259780645370483,0.0093493377789855,0.006596019491553307,0.003068991471081972,0.0026385588571429253,0.0462806411087513,0.0008855019696056843,0.022033628076314926,0.6628391146659851,pythia-1.4b
23,9,diffuse,0.00010934218880720437,0.6927051544189453,0.14255502820014954,0.001145535963587463,0.0002228585071861744,0.9370542764663696,0.0003289181331638247,0.06146790832281113,1.7124980688095093,pythia-1.4b
23,10,diffuse,0.043862827122211456,0.04410689324140549,0.13611938059329987,0.02162579447031021,0.02066185139119625,0.7262793779373169,0.010702346451580524,0.18756987154483795,3.431645631790161,pythia-1.4b
23,11,bos_sink,0.34942060708999634,0.00869196280837059,0.005626447964459658,0.12609951198101044,0.021508948877453804,0.04676898941397667,0.020894570276141167,0.45620211958885193,3.635209321975708,pythia-1.4b
23,12,bos_sink,0.829833984375,0.0054644751362502575,0.002930662827566266,0.005073991604149342,0.00864495150744915,0.040426820516586304,0.002254176652058959,0.1160208210349083,1.3395963907241821,pythia-1.4b
23,13,diffuse,0.23413579165935516,0.004477108828723431,0.03163490444421768,0.032223593443632126,0.028744839131832123,0.33583202958106995,0.016806133091449738,0.36906343698501587,3.761863946914673,pythia-1.4b
23,14,bos_sink,0.7992855906486511,0.05066860467195511,0.028274206444621086,0.014750241301953793,0.001456955447793007,0.11841165274381638,0.0021450247149914503,0.0660964772105217,1.4571796655654907,pythia-1.4b
23,15,diffuse,0.09528535604476929,0.006427628919482231,0.008842891082167625,0.05411974713206291,0.031756505370140076,0.118683360517025,0.02028563991189003,0.7001550197601318,4.01650333404541,pythia-1.4b
