model,draw,band,layer,mean_gini,std_gini,population_gini,mean_frac_active,mean_abs_activation
pythia-70m,draw_1,low,0,0.4240972351734164,0.005910599045590446,0.10397615733760013,0.9583355034722222,0.29889267683029175
pythia-70m,draw_1,low,1,0.4185948532242185,0.009794909263623409,0.2815780875774301,0.9349240451388889,0.8677317500114441
pythia-70m,draw_1,low,2,0.4842435367596156,0.018145061297814125,0.3418653435264922,0.5775607638888889,0.6242482662200928
pythia-70m,draw_1,low,3,0.4394587870869445,0.005874579964767921,0.317172787340422,0.9546527777777778,0.6890419721603394
pythia-70m,draw_1,low,4,0.4131476848274016,0.018433654732352877,0.2606794175216238,0.9197569444444444,0.7398857474327087
pythia-70m,draw_1,low,5,0.42163934632550787,0.010832981075666211,0.2928163987985175,0.8678103298611111,0.8791332244873047
pythia-70m,draw_1,medium,0,0.4223399081300462,0.006723393440961486,0.10500525408675343,0.9598828125,0.30632483959198
pythia-70m,draw_1,medium,1,0.41922098762526666,0.009240233312134112,0.2769645222922219,0.9346158854166666,0.8693086504936218
pythia-70m,draw_1,medium,2,0.48673203951823757,0.019091763470514597,0.3441852178516145,0.5648220486111111,0.6270924806594849
pythia-70m,draw_1,medium,3,0.43994693732733975,0.0063627685524193685,0.3154658988229615,0.9535915798611111,0.6771869659423828
pythia-70m,draw_1,medium,4,0.4185877759839535,0.01694649131764399,0.2622410844174261,0.9098155381944445,0.7066762447357178
pythia-70m,draw_1,medium,5,0.4231131717485899,0.010208055147249465,0.29236028556461235,0.8634223090277777,0.8725950717926025
pythia-70m,draw_1,high,0,0.4192580645497447,0.00911815808092998,0.11942812716711271,0.9625824652777778,0.3336520791053772
pythia-70m,draw_1,high,1,0.4186286363157895,0.008438659594671225,0.26819574585786965,0.9284939236111112,0.8755286335945129
pythia-70m,draw_1,high,2,0.489442146251616,0.018710947894111683,0.34325787573103916,0.5394618055555556,0.6338776350021362
pythia-70m,draw_1,high,3,0.44092222484794363,0.00629966043461861,0.3154777205397472,0.9532877604166666,0.6861593127250671
pythia-70m,draw_1,high,4,0.41897193838350183,0.016345965002154236,0.26310722462354175,0.9082638888888889,0.7247428297996521
pythia-70m,draw_1,high,5,0.4266651908235555,0.009199851397023132,0.2952439127086861,0.8613389756944444,0.884137749671936
pythia-70m,draw_1,very_high,0,0.4107793272537957,0.012092119705308733,0.14603991800319127,0.9687630208333333,0.37817975878715515
pythia-70m,draw_1,very_high,1,0.4174849742695067,0.009491022654912125,0.25925297688072946,0.9242664930555555,0.9129559993743896
pythia-70m,draw_1,very_high,2,0.4928045451126125,0.01428295012448726,0.34319499307901014,0.47318793402777776,0.6738240718841553
pythia-70m,draw_1,very_high,3,0.4418361102860955,0.005689439204189881,0.31218536162292865,0.9532855902777778,0.7211906313896179
pythia-70m,draw_1,very_high,4,0.422208562264767,0.014729554106880309,0.2662835878128047,0.8972808159722222,0.756142795085907
pythia-70m,draw_1,very_high,5,0.42853950006323,0.008563556873523549,0.28857083248303517,0.8565733506944444,0.8920586705207825
pythia-70m,draw_1,control,0,0.41068292384977345,0.01140106945247723,0.1394830519217225,0.9678190104166666,0.3697836101055145
pythia-70m,draw_1,control,1,0.41739519892059307,0.00907092671104325,0.262094893703092,0.9271831597222222,0.9023863673210144
pythia-70m,draw_1,control,2,0.49344457487975674,0.01482805068143298,0.34901666426884703,0.4816775173611111,0.6676263213157654
pythia-70m,draw_1,control,3,0.44170731238444444,0.005735527955493061,0.3170844632068046,0.9533854166666667,0.7235448956489563
pythia-70m,draw_1,control,4,0.42009290173572544,0.016478816926994218,0.2648352360954578,0.9024045138888889,0.7606849670410156
pythia-70m,draw_1,control,5,0.42705152659668455,0.008802153350941491,0.28714376271859465,0.8624956597222222,0.8887341022491455
pythia-70m,draw_2,low,0,0.4247395298510763,0.005847681589494239,0.1049782132456687,0.9569249131944444,0.30014827847480774
pythia-70m,draw_2,low,1,0.4192663715987937,0.009514430068015684,0.2808838795644386,0.9340733506944444,0.8638008832931519
pythia-70m,draw_2,low,2,0.48515267563428716,0.017644189200730288,0.34310279599924876,0.5654058159722222,0.6276093125343323
pythia-70m,draw_2,low,3,0.4393310016679368,0.006394756145610622,0.31626011403730336,0.9548524305555556,0.6865445971488953
pythia-70m,draw_2,low,4,0.41455971177675677,0.019211019380018853,0.2599703619345455,0.9150954861111111,0.7343966960906982
pythia-70m,draw_2,low,5,0.4222307111890628,0.011156100742826794,0.2912826686916603,0.8671028645833333,0.8821545839309692
pythia-70m,draw_2,medium,0,0.4229450042098716,0.006292301043988179,0.10664421836409099,0.9598589409722222,0.3071810007095337
pythia-70m,draw_2,medium,1,0.418734024092671,0.008570626144883893,0.277647545735332,0.93330078125,0.8693135380744934
pythia-70m,draw_2,medium,2,0.48647528719683225,0.018776840584887832,0.3474307591104666,0.5619118923611112,0.630382776260376
pythia-70m,draw_2,medium,3,0.4402179660500375,0.006049436082813838,0.3181560500705012,0.9545985243055556,0.6914117932319641
pythia-70m,draw_2,medium,4,0.4163645611349707,0.017201600568410344,0.2640952897269655,0.9134288194444444,0.7371382713317871
pythia-70m,draw_2,medium,5,0.4227749796632664,0.00994760231730441,0.292042945159221,0.8677690972222222,0.8777669072151184
pythia-70m,draw_2,high,0,0.41866599043067804,0.008052039156759215,0.1189438709451609,0.9634505208333334,0.33369168639183044
pythia-70m,draw_2,high,1,0.41921650214805095,0.008599876936595205,0.27006826095470937,0.9285264756944445,0.8687050938606262
pythia-70m,draw_2,high,2,0.4920663903280971,0.019243509212817894,0.35269028114445566,0.5166558159722222,0.6443963646888733
pythia-70m,draw_2,high,3,0.44120069209862994,0.006077845152970569,0.3207040658990936,0.9527864583333333,0.7094964981079102
pythia-70m,draw_2,high,4,0.41731562216544854,0.017226879382419395,0.26749024227892626,0.9073198784722222,0.75275057554245
pythia-70m,draw_2,high,5,0.42467035759495075,0.00851335820186866,0.2941477059534303,0.8643728298611111,0.8860639333724976
pythia-70m,draw_2,very_high,0,0.4092362915349107,0.01101345333263087,0.14222573481829337,0.9685980902777778,0.3774680197238922
pythia-70m,draw_2,very_high,1,0.4178681951914138,0.007551345170109838,0.2643176651768071,0.9248697916666667,0.9013321995735168
pythia-70m,draw_2,very_high,2,0.4933450760068773,0.014956843989295362,0.34813053304634645,0.4861154513888889,0.6609340310096741
pythia-70m,draw_2,very_high,3,0.4423470471965564,0.006305939528855515,0.31828382236712094,0.9533680555555556,0.7131981253623962
pythia-70m,draw_2,very_high,4,0.42021166032744306,0.015152316908257317,0.26712027655481996,0.8987782118055555,0.7448238730430603
pythia-70m,draw_2,very_high,5,0.4276912956243938,0.008545197513112019,0.2926129142055387,0.8585503472222222,0.8925375938415527
pythia-70m,draw_2,control,0,0.41223090162700826,0.012112696925237856,0.1439681151786545,0.9671723090277777,0.3726171851158142
pythia-70m,draw_2,control,1,0.4168309765958438,0.009228999678610472,0.25868576139433186,0.9259722222222222,0.9207215309143066
pythia-70m,draw_2,control,2,0.4911311671124896,0.015920810574005472,0.33876389581473876,0.48772352430555554,0.6697837710380554
pythia-70m,draw_2,control,3,0.4418683026798396,0.005972869854586709,0.3116811728476432,0.9532769097222222,0.7157655954360962
pythia-70m,draw_2,control,4,0.42045578645711773,0.015802987418794552,0.26060069496882443,0.90099609375,0.7642881870269775
pythia-70m,draw_2,control,5,0.42603254274113517,0.009300536615544105,0.28275948777412196,0.8604817708333333,0.893799364566803
pythia-70m,draw_3,low,0,0.4243161051989918,0.0066822058718684916,0.10533173014904551,0.9575672743055555,0.30037471652030945
pythia-70m,draw_3,low,1,0.41892740133524614,0.009681764660316363,0.28132891257183523,0.9347916666666667,0.8705930709838867
pythia-70m,draw_3,low,2,0.48322236018602166,0.0184367134447578,0.33804249663964026,0.5728949652777777,0.6213741302490234
pythia-70m,draw_3,low,3,0.4397523443037739,0.006114743181921758,0.31379241589004536,0.9548654513888889,0.6678345203399658
pythia-70m,draw_3,low,4,0.4141326855642935,0.01889135101745253,0.25532054677745397,0.9225759548611111,0.7244953513145447
pythia-70m,draw_3,low,5,0.42270376185929254,0.011133565092456726,0.29110745862523224,0.8697721354166666,0.8809400796890259
pythia-70m,draw_3,medium,0,0.42361390585320263,0.006359109890233367,0.10500183458742796,0.9593967013888889,0.304442822933197
pythia-70m,draw_3,medium,1,0.41918916357435554,0.00908047569268187,0.274905397183443,0.9330013020833333,0.8698656558990479
pythia-70m,draw_3,medium,2,0.4867099638835963,0.0188183549712139,0.34141101674519825,0.5544509548611111,0.6222345232963562
pythia-70m,draw_3,medium,3,0.4402074742261829,0.006070132029867214,0.31410570902944146,0.9540451388888889,0.6674842238426208
pythia-70m,draw_3,medium,4,0.41666736862278614,0.01786758533644641,0.25578743508187274,0.9187000868055556,0.7119397521018982
pythia-70m,draw_3,medium,5,0.42444285057885595,0.010665920920900346,0.2907899455406382,0.8654947916666667,0.8728927969932556
pythia-70m,draw_3,high,0,0.41993970815278925,0.008849084568341447,0.11882248807118456,0.9629622395833334,0.33059456944465637
pythia-70m,draw_3,high,1,0.419416343424878,0.008472583831590734,0.2678846277398459,0.9276584201388889,0.8807817697525024
pythia-70m,draw_3,high,2,0.49035840800229924,0.01792174568948949,0.34496260972606874,0.5192078993055556,0.645594596862793
pythia-70m,draw_3,high,3,0.44059004016394965,0.00581455344029402,0.31553377446548025,0.9539366319444444,0.6996243596076965
pythia-70m,draw_3,high,4,0.4184452195940211,0.016706832051258964,0.2631694481810489,0.9056423611111111,0.7445669174194336
pythia-70m,draw_3,high,5,0.4254144434481073,0.009463303456076759,0.29046431386696936,0.86224609375,0.8831135630607605
pythia-70m,draw_3,very_high,0,0.41010463904820693,0.012407404337415136,0.14805748216866466,0.9680381944444445,0.38225680589675903
pythia-70m,draw_3,very_high,1,0.4163098605916146,0.009299344527828851,0.25691788381066294,0.9273459201388888,0.9087749719619751
pythia-70m,draw_3,very_high,2,0.4948133250365807,0.012885080499343629,0.34559705148876496,0.45937065972222224,0.6752861142158508
pythia-70m,draw_3,very_high,3,0.4421863965803088,0.005439507367152585,0.31427263836939257,0.9537348090277777,0.7260057330131531
pythia-70m,draw_3,very_high,4,0.4225671984956629,0.015612918623905911,0.2645653430849584,0.8936480034722222,0.7493191957473755
pythia-70m,draw_3,very_high,5,0.42796798110066336,0.008355424811732688,0.2871065309790237,0.8567144097222222,0.8993391394615173
pythia-70m,draw_3,control,0,0.41195356465688293,0.012040466328880377,0.14051055318502392,0.9671332465277778,0.3691720962524414
pythia-70m,draw_3,control,1,0.4173002027158201,0.008992436243119854,0.2603392842333838,0.9267230902777778,0.8996775150299072
pythia-70m,draw_3,control,2,0.4941672085161609,0.015069393861006265,0.34548119212499095,0.46612630208333333,0.6644495725631714
pythia-70m,draw_3,control,3,0.4415098498068384,0.006117364051184709,0.31446606843836755,0.9542621527777778,0.7197423577308655
pythia-70m,draw_3,control,4,0.4202913298074842,0.016969475694136947,0.26365230270845674,0.8988519965277778,0.7513032555580139
pythia-70m,draw_3,control,5,0.42731298304735865,0.010147558109963034,0.28807441273334744,0.8582335069444444,0.8801932334899902
pythia-160m,draw_1,low,0,0.4198796040209475,0.005427393134822425,0.07463537411376153,0.9602907986111112,0.28282061219215393
pythia-160m,draw_1,low,1,0.33892594519346375,0.015842860996588513,0.17948870152090657,0.9443489583333333,1.3558002710342407
pythia-160m,draw_1,low,2,0.4400729133019631,0.01212018248168434,0.2825536590396791,0.7982957175925925,0.8296346068382263
pythia-160m,draw_1,low,3,0.4475893901057351,0.012625457670699045,0.3018673367243405,0.7594024884259261,0.7826672196388245
pythia-160m,draw_1,low,4,0.45424081435524816,0.012796062882296576,0.34197108132381815,0.9590769675925925,0.7480190396308899
pythia-160m,draw_1,low,5,0.4413678513985359,0.009139909711274893,0.33025231329501303,0.9608015046296298,0.744327962398529
pythia-160m,draw_1,low,6,0.42905163885065956,0.006873699851880971,0.3219645969654812,0.9535749421296297,0.7386413216590881
pythia-160m,draw_1,low,7,0.4160767709741335,0.006503858599720072,0.328155983634284,0.9357957175925925,0.8280571699142456
pythia-160m,draw_1,low,8,0.40087542944334054,0.0072800875668939165,0.3243983706725846,0.9304947916666667,0.9430975317955017
pythia-160m,draw_1,low,9,0.40057047669650236,0.009537170507754648,0.30267149126147497,0.919837962962963,0.7540624737739563
pythia-160m,draw_1,low,10,0.4137145061933889,0.00927896173490013,0.29387004608968437,0.8763035300925927,0.7020435333251953
pythia-160m,draw_1,low,11,0.4295302647040006,0.008453240052301976,0.3267551969234981,0.8281307870370369,0.8799389600753784
pythia-160m,draw_1,medium,0,0.41738472861823717,0.00692545358278747,0.07459629074730012,0.9605613425925926,0.2885094881057739
pythia-160m,draw_1,medium,1,0.34878240897523444,0.01499114956385901,0.1804837736989473,0.9384649884259259,1.3001571893692017
pythia-160m,draw_1,medium,2,0.44427840069345936,0.012472560627030626,0.2850146708550225,0.7877893518518518,0.8357535600662231
pythia-160m,draw_1,medium,3,0.44983196218877824,0.013762474122423369,0.3001051180894547,0.7539887152777778,0.7856302261352539
pythia-160m,draw_1,medium,4,0.4543434671615392,0.013991113291126997,0.33809756668644897,0.9584013310185184,0.745287299156189
pythia-160m,draw_1,medium,5,0.44061282708450805,0.00858410849401337,0.32728296373004717,0.9619560185185186,0.7455306649208069
pythia-160m,draw_1,medium,6,0.4289655916435864,0.007312013611122358,0.31717710261410637,0.9525101273148148,0.7381201386451721
pythia-160m,draw_1,medium,7,0.4156145538573667,0.006609843628129957,0.32162058138132865,0.9386038773148148,0.8236644864082336
pythia-160m,draw_1,medium,8,0.3994946463817032,0.007285069565242316,0.31565092609823475,0.9346976273148148,0.9089673757553101
pythia-160m,draw_1,medium,9,0.39780567279704937,0.01033957434020874,0.29219842865438195,0.9215842013888889,0.7679446935653687
pythia-160m,draw_1,medium,10,0.40949675999360347,0.010399616330430185,0.28616847099128706,0.8812152777777778,0.721798837184906
pythia-160m,draw_1,medium,11,0.42671811814719984,0.009530435140018589,0.32515764979117123,0.8380063657407408,0.8978458046913147
pythia-160m,draw_1,high,0,0.4056272636745673,0.013560808883213309,0.09424276574689028,0.9656322337962964,0.32911115884780884
pythia-160m,draw_1,high,1,0.36032838410538426,0.013294809405680291,0.18518146993487727,0.9343098958333333,1.2388063669204712
pythia-160m,draw_1,high,2,0.44507677922703953,0.010829555033965354,0.27660301424492495,0.7886328125,0.8450571298599243
pythia-160m,draw_1,high,3,0.4501013038495358,0.012274217450923676,0.287300850838738,0.7570254629629629,0.7924341559410095
pythia-160m,draw_1,high,4,0.4549678156507759,0.013311988101580092,0.32586675308361035,0.9567491319444444,0.7351356744766235
pythia-160m,draw_1,high,5,0.44159379321956926,0.008936751833755712,0.3193756954041158,0.9609722222222222,0.7348945736885071
pythia-160m,draw_1,high,6,0.43116562382945595,0.007082736528742707,0.31075937230359085,0.9516898148148147,0.7313838601112366
pythia-160m,draw_1,high,7,0.41940681970387106,0.007332379171764722,0.31667973401464633,0.9367549189814816,0.8087962865829468
pythia-160m,draw_1,high,8,0.3998536358389014,0.007727597681104862,0.3088832040719609,0.9357161458333333,0.8801422119140625
pythia-160m,draw_1,high,9,0.3980352043870812,0.010068212874535635,0.2856178182735589,0.9215306712962964,0.785686194896698
pythia-160m,draw_1,high,10,0.40678107965169247,0.00919322465179287,0.2834919914409624,0.8833318865740741,0.7352489233016968
pythia-160m,draw_1,high,11,0.42512515579698984,0.008818730078859251,0.32662367679655757,0.8408506944444445,0.913627028465271
pythia-160m,draw_1,very_high,0,0.3845242057145499,0.016105784593592812,0.12577324998181716,0.9722019675925925,0.3952666223049164
pythia-160m,draw_1,very_high,1,0.3643619269904134,0.01365728382555112,0.1901635941495632,0.935,1.2255706787109375
pythia-160m,draw_1,very_high,2,0.44374092187504693,0.010683937060887314,0.2672340010627967,0.795435474537037,0.8527016639709473
pythia-160m,draw_1,very_high,3,0.4474561963616136,0.011621380730845845,0.2702607654206244,0.7685894097222222,0.7899227738380432
pythia-160m,draw_1,very_high,4,0.45411691692817474,0.011645190404713682,0.31068804516435033,0.9571730324074075,0.7207900285720825
pythia-160m,draw_1,very_high,5,0.44229772706763354,0.0078390243219564,0.30753660333470645,0.9596354166666666,0.7130398154258728
pythia-160m,draw_1,very_high,6,0.43239836270685994,0.006632563867727961,0.30144942180402934,0.9522511574074075,0.7152038812637329
pythia-160m,draw_1,very_high,7,0.4218524355905434,0.007829222456977114,0.3112163563635453,0.9330483217592592,0.7956354022026062
pythia-160m,draw_1,very_high,8,0.4010472288908864,0.00746462437233384,0.3036544956621081,0.9319835069444444,0.8636139035224915
pythia-160m,draw_1,very_high,9,0.3992290288959906,0.00916678168764424,0.28159227929090713,0.9244328703703703,0.807658314704895
pythia-160m,draw_1,very_high,10,0.4047701972394945,0.009707884249755437,0.2799547178827475,0.8847728587962964,0.7438597679138184
pythia-160m,draw_1,very_high,11,0.4245840970993801,0.0092952495727434,0.3294977729572641,0.845413773148148,0.9337314367294312
pythia-160m,draw_1,control,0,0.3890845271232931,0.019248959291646328,0.11657585370615808,0.9705005787037037,0.37778612971305847
pythia-160m,draw_1,control,1,0.36325089220923323,0.013339570461359656,0.1894170423582271,0.9352662037037036,1.226485013961792
pythia-160m,draw_1,control,2,0.44563093844454177,0.010728655438223513,0.27367112395819926,0.7890480324074075,0.8453254103660583
pythia-160m,draw_1,control,3,0.44963136651133107,0.0122543704987613,0.2797729253161303,0.7599696180555555,0.7876794934272766
pythia-160m,draw_1,control,4,0.455705074342881,0.013008355957209918,0.31859285770798573,0.956958912037037,0.7239203453063965
pythia-160m,draw_1,control,5,0.4425991561512645,0.008139862384133403,0.3138411568430246,0.9594748263888889,0.7222796082496643
pythia-160m,draw_1,control,6,0.4317489457398495,0.007000879625089902,0.30521820881476636,0.9526620370370371,0.7202655076980591
pythia-160m,draw_1,control,7,0.4206734968794179,0.008521263093716713,0.3121249421366714,0.9355656828703705,0.7970582842826843
pythia-160m,draw_1,control,8,0.399794407771014,0.00852145159211537,0.3031232846404628,0.936070601851852,0.8667866587638855
pythia-160m,draw_1,control,9,0.39932427932552983,0.010629363891247998,0.2814708510349009,0.9217563657407408,0.7989482879638672
pythia-160m,draw_1,control,10,0.4061112242086939,0.009710836817721091,0.27963273990324433,0.8841608796296297,0.7365765571594238
pythia-160m,draw_1,control,11,0.42522246679874887,0.009331479694861821,0.32784510207122164,0.8440494791666666,0.9218280911445618
pythia-160m,draw_2,low,0,0.4193423673619156,0.005663894102117123,0.07380879667058937,0.9593171296296297,0.2832896113395691
pythia-160m,draw_2,low,1,0.34033277659544414,0.016272446508641437,0.17940004101443496,0.9417057291666666,1.345046877861023
pythia-160m,draw_2,low,2,0.4410383821175267,0.013083212732426762,0.285216570399232,0.7906510416666667,0.8380987644195557
pythia-160m,draw_2,low,3,0.4501703815681405,0.01296587674835737,0.3043488671266903,0.7508362268518519,0.7800922393798828
pythia-160m,draw_2,low,4,0.456874116031368,0.012190777237959397,0.34407151665113367,0.9580555555555555,0.744925320148468
pythia-160m,draw_2,low,5,0.4422272126312916,0.008012338260869998,0.332805397033592,0.9609765625,0.7501122355461121
pythia-160m,draw_2,low,6,0.42964846728860023,0.006789521571227654,0.32338389792427713,0.9527719907407407,0.7419958710670471
pythia-160m,draw_2,low,7,0.4160656986929724,0.006985975133380237,0.3276317741457353,0.9358506944444445,0.8287970423698425
pythia-160m,draw_2,low,8,0.40047803791625347,0.00808414670750264,0.3242834487472528,0.9309751157407407,0.9398569464683533
pythia-160m,draw_2,low,9,0.40019475183282943,0.01077800751173857,0.30258578844971806,0.9213078703703703,0.7531512975692749
pythia-160m,draw_2,low,10,0.4136355376483525,0.009833017637947097,0.2928439789654329,0.877890625,0.7039116024971008
pythia-160m,draw_2,low,11,0.4302708178741423,0.009459206365784524,0.32622092330296026,0.8284201388888889,0.8758577704429626
pythia-160m,draw_2,medium,0,0.416931645541812,0.007280171867332723,0.07514148989243075,0.9602199074074074,0.2896868884563446
pythia-160m,draw_2,medium,1,0.3512073154310184,0.013983902757347474,0.18079684469896318,0.9381814236111111,1.2878812551498413
pythia-160m,draw_2,medium,2,0.44396380110309047,0.012386982890193913,0.28525233735400013,0.7910069444444444,0.8386785387992859
pythia-160m,draw_2,medium,3,0.4492976220635152,0.013555500405134225,0.2992018405197767,0.7562239583333333,0.7869583964347839
pythia-160m,draw_2,medium,4,0.454296745372021,0.013083298620052503,0.33723259589372234,0.9589583333333334,0.7447523474693298
pythia-160m,draw_2,medium,5,0.4411499721155489,0.008524766112818355,0.3297170821428239,0.9613483796296297,0.7496949434280396
pythia-160m,draw_2,medium,6,0.4290498360963728,0.007171098434141959,0.3196187475840955,0.9538353587962962,0.7422292232513428
pythia-160m,draw_2,medium,7,0.4159683727083711,0.006546862247216531,0.32372320881205696,0.9382638888888889,0.8243098855018616
pythia-160m,draw_2,medium,8,0.39963842053024795,0.007167780914016524,0.3169448230415315,0.9350665509259258,0.903796911239624
pythia-160m,draw_2,medium,9,0.39737971703377767,0.010470375810994222,0.29292435459677746,0.9217115162037037,0.7731561064720154
pythia-160m,draw_2,medium,10,0.4095950782876024,0.009744418856321912,0.2871559611326149,0.88359375,0.7288345694541931
pythia-160m,draw_2,medium,11,0.42731092265898524,0.008989940259504274,0.32593018635121473,0.8368373842592594,0.8991961479187012
pythia-160m,draw_2,high,0,0.406341347278197,0.011152051001954376,0.09366089492966911,0.9658564814814815,0.32828930020332336
pythia-160m,draw_2,high,1,0.36062252981198495,0.012514050105898048,0.18994120635300038,0.9338252314814814,1.2255463600158691
pythia-160m,draw_2,high,2,0.4456464195586851,0.010593700624788698,0.2807471750675157,0.7865118634259258,0.8350785970687866
pythia-160m,draw_2,high,3,0.45192548782623615,0.012634631522409215,0.2909875018688537,0.7563368055555556,0.7814224362373352
pythia-160m,draw_2,high,4,0.45656617525643306,0.012799294847402217,0.32922208926978236,0.9574001736111111,0.7290751934051514
pythia-160m,draw_2,high,5,0.44228069567685174,0.008792799528061251,0.3215750533341375,0.9610170717592592,0.7345202565193176
pythia-160m,draw_2,high,6,0.4303410373942308,0.006660279304415406,0.31233500179603024,0.9529875578703704,0.7362808585166931
pythia-160m,draw_2,high,7,0.4191700886746183,0.007646622580638491,0.31856241450760137,0.9364134837962963,0.8137705326080322
pythia-160m,draw_2,high,8,0.3999097213457791,0.007366197837921266,0.30976841694484847,0.9332667824074073,0.882617712020874
pythia-160m,draw_2,high,9,0.397708156782723,0.010955443561927979,0.2852915367865214,0.9215813078703703,0.7924352288246155
pythia-160m,draw_2,high,10,0.4078560476750811,0.010622558914401472,0.28283222130067576,0.8828327546296297,0.7289259433746338
pythia-160m,draw_2,high,11,0.4258807233958075,0.010165505867858114,0.32549876467334315,0.8394111689814815,0.9084464311599731
pythia-160m,draw_2,very_high,0,0.3832774788690463,0.016827339366809635,0.12300588603476026,0.9725231481481481,0.39510250091552734
pythia-160m,draw_2,very_high,1,0.36692649866534566,0.012289811899407407,0.18986561845761885,0.9298640046296297,1.2022039890289307
pythia-160m,draw_2,very_high,2,0.4451053677919361,0.009753853534168206,0.2728291921402759,0.7950101273148149,0.8426756858825684
pythia-160m,draw_2,very_high,3,0.44996744242370507,0.011644733370053558,0.281349793720467,0.7608232060185186,0.7838134765625
pythia-160m,draw_2,very_high,4,0.4556049952792049,0.011838723474705054,0.317438238134063,0.9557725694444444,0.7164156436920166
pythia-160m,draw_2,very_high,5,0.4428697167004727,0.007234488212207258,0.31392205406884255,0.9602329282407408,0.7153037786483765
pythia-160m,draw_2,very_high,6,0.4328935192674565,0.006186313690836316,0.3093602380492082,0.9509606481481481,0.7195097804069519
pythia-160m,draw_2,very_high,7,0.4216584389357732,0.007609304426095682,0.31668133982156865,0.934632523148148,0.799190104007721
pythia-160m,draw_2,very_high,8,0.3998839454720651,0.007863079214606886,0.30474958106202443,0.9330034722222222,0.8617504239082336
pythia-160m,draw_2,very_high,9,0.39874045985437245,0.010804265107139535,0.28356974750187325,0.925726273148148,0.8134578466415405
pythia-160m,draw_2,very_high,10,0.4049578447901375,0.009733014749843984,0.28287470901105616,0.8863541666666667,0.7467296123504639
pythia-160m,draw_2,very_high,11,0.42433299900356947,0.009593557005957827,0.33130267103088107,0.8466131365740741,0.9359493255615234
pythia-160m,draw_2,control,0,0.38927265375212955,0.019583003978268988,0.11900043492476797,0.9714279513888889,0.38109931349754333
pythia-160m,draw_2,control,1,0.36214431955348575,0.014525472791388685,0.18787644509706825,0.9321629050925926,1.2352585792541504
pythia-160m,draw_2,control,2,0.44381675619701405,0.01098752875023175,0.2696925067105389,0.7920601851851852,0.845337986946106
pythia-160m,draw_2,control,3,0.44924952964762455,0.012305492766640778,0.27595233039888245,0.759212962962963,0.7902101278305054
pythia-160m,draw_2,control,4,0.45439676112134664,0.013194292790341204,0.3135900410764394,0.9570471643518519,0.7227494120597839
pythia-160m,draw_2,control,5,0.4419853172553205,0.008230732336288186,0.30926067984313943,0.9593142361111111,0.7203900814056396
pythia-160m,draw_2,control,6,0.4322222380554839,0.0071978207198625825,0.3018128211291615,0.9523191550925925,0.7151612043380737
pythia-160m,draw_2,control,7,0.42120628608313077,0.00747890775077447,0.30956570869202715,0.9369719328703703,0.7916075587272644
pythia-160m,draw_2,control,8,0.40087963835754675,0.007415818288390993,0.3023747090488975,0.9348350694444445,0.8651546835899353
pythia-160m,draw_2,control,9,0.39920837447592145,0.00972696036490579,0.2809289184572974,0.9234939236111112,0.7976192831993103
pythia-160m,draw_2,control,10,0.40622134713972563,0.010383318207340328,0.2786162025395278,0.8854267939814815,0.7386243343353271
pythia-160m,draw_2,control,11,0.4252617327664368,0.00981431329754092,0.32599985490625505,0.8448003472222222,0.9239228963851929
pythia-160m,draw_3,low,0,0.41850014596506613,0.0059005603667465255,0.07498118440473922,0.9598553240740741,0.2859900891780853
pythia-160m,draw_3,low,1,0.3399993744005633,0.014753335734876319,0.1808679733166505,0.944285300925926,1.3487178087234497
pythia-160m,draw_3,low,2,0.44056282026712584,0.012499984717997336,0.2851631263750365,0.7962876157407408,0.8352299332618713
pythia-160m,draw_3,low,3,0.44815464058214965,0.013761134825888463,0.3033257318186502,0.7578428819444445,0.7822438478469849
pythia-160m,draw_3,low,4,0.45511544649455155,0.013400096559792312,0.34265726538941577,0.9587225115740741,0.7438507676124573
pythia-160m,draw_3,low,5,0.44167086475682626,0.00870857387201913,0.3312560872547863,0.9607740162037037,0.7471636533737183
pythia-160m,draw_3,low,6,0.4290288954418529,0.007124877605447067,0.3225967621393395,0.9542230902777777,0.7417038679122925
pythia-160m,draw_3,low,7,0.41631644691435793,0.006631809337512523,0.3267094968102493,0.9370500578703703,0.8271420001983643
pythia-160m,draw_3,low,8,0.4005070386863534,0.007164243532468397,0.32261996230075507,0.9328530092592593,0.9317359328269958
pythia-160m,draw_3,low,9,0.3995793221791397,0.010059283529944627,0.29999693505332914,0.9212543402777778,0.7562451362609863
pythia-160m,draw_3,low,10,0.4120269590475564,0.010638807178337156,0.2915556504737311,0.8815277777777778,0.7177737951278687
pythia-160m,draw_3,low,11,0.42981863400819537,0.009915009580609353,0.3266653911656199,0.8310980902777778,0.8867323994636536
pythia-160m,draw_3,medium,0,0.41724039611169633,0.006239677253920953,0.07492547734460109,0.9608940972222222,0.288547545671463
pythia-160m,draw_3,medium,1,0.3503200776694957,0.014649334201025804,0.18236253364899446,0.9393938078703703,1.2849186658859253
pythia-160m,draw_3,medium,2,0.4447462450917316,0.011865558726132005,0.2843033847920746,0.7841290509259261,0.8295556902885437
pythia-160m,draw_3,medium,3,0.4495434112707576,0.013144815834977255,0.29928179184909287,0.7523206018518519,0.7852151989936829
pythia-160m,draw_3,medium,4,0.45551880254356625,0.012590727996254951,0.33956035731391254,0.9585980902777778,0.7416247725486755
pythia-160m,draw_3,medium,5,0.44085476315101446,0.009220848059205153,0.3286297093022381,0.961796875,0.7444249987602234
pythia-160m,draw_3,medium,6,0.42884536944007956,0.007446421466653619,0.3195210956987038,0.9530859375,0.7394850254058838
pythia-160m,draw_3,medium,7,0.41574789322733874,0.006934037296151175,0.32336691479741186,0.9372670717592593,0.8264099359512329
pythia-160m,draw_3,medium,8,0.39897006831569476,0.007575076098721659,0.3167569476624643,0.9346947337962964,0.9148043990135193
pythia-160m,draw_3,medium,9,0.39784111722291576,0.010192153825218762,0.29398875862722607,0.9212109375,0.7695760130882263
pythia-160m,draw_3,medium,10,0.4098798554718236,0.011221888098107917,0.2873526380257623,0.8802372685185186,0.7252027988433838
pythia-160m,draw_3,medium,11,0.4275388667268881,0.010427894237999117,0.32604778615033236,0.8367679398148147,0.8991354703903198
pythia-160m,draw_3,high,0,0.4070388616083696,0.011472594883778294,0.09259653807198487,0.9654904513888889,0.32599207758903503
pythia-160m,draw_3,high,1,0.36001907703591957,0.013416751313958525,0.18459134303783942,0.9342259837962964,1.2399511337280273
pythia-160m,draw_3,high,2,0.4462854872135837,0.012203518341775289,0.27594424321686706,0.7845543981481482,0.8417866826057434
pythia-160m,draw_3,high,3,0.44928561420525587,0.01364814978728933,0.28451082757227675,0.759241898148148,0.7903141379356384
pythia-160m,draw_3,high,4,0.4536373069506814,0.013432331267960798,0.3227480323832388,0.9575824652777778,0.730231523513794
pythia-160m,draw_3,high,5,0.4405556114313561,0.009823784926055694,0.3168765707462271,0.961986400462963,0.7307015061378479
pythia-160m,draw_3,high,6,0.42912600389686123,0.0071242902506832495,0.3091630000263601,0.9538671875,0.7322810888290405
pythia-160m,draw_3,high,7,0.41941908450112214,0.006829257766570121,0.31595802561811626,0.9364901620370369,0.8080123066902161
pythia-160m,draw_3,high,8,0.40074498656952956,0.007674193975806344,0.3076999325385954,0.9343619791666666,0.8750274777412415
pythia-160m,draw_3,high,9,0.39694479637606533,0.010515427938401222,0.2828117476830392,0.9228804976851853,0.7942816615104675
pythia-160m,draw_3,high,10,0.4063841809604451,0.010625876173101814,0.2804681118640442,0.8824291087962962,0.7375820875167847
pythia-160m,draw_3,high,11,0.42561860199064466,0.009807839590169492,0.32563503085520074,0.8407740162037036,0.9144068360328674
pythia-160m,draw_3,very_high,0,0.3832108276445503,0.0162182435790007,0.12624480958139084,0.9725969328703703,0.3980914056301117
pythia-160m,draw_3,very_high,1,0.3644947851803448,0.012565769342001003,0.19076849761385417,0.9359620949074073,1.2112194299697876
pythia-160m,draw_3,very_high,2,0.44499428261913293,0.011139340374354994,0.2687437666814514,0.7906828703703703,0.8456650376319885
pythia-160m,draw_3,very_high,3,0.4486763497660493,0.011828211140769313,0.2751067609108173,0.7628197337962963,0.7904744744300842
pythia-160m,draw_3,very_high,4,0.45435891193291933,0.012191068076341155,0.3126896626641742,0.9573046875,0.7192335724830627
pythia-160m,draw_3,very_high,5,0.44342736313010517,0.008097359480284795,0.310408788684295,0.9598061342592592,0.7143709063529968
pythia-160m,draw_3,very_high,6,0.43249222756683664,0.006405358873156203,0.30371262173645985,0.9514438657407408,0.7144089341163635
pythia-160m,draw_3,very_high,7,0.42238827403699275,0.008966333080916315,0.3127915935253267,0.933347800925926,0.7901842594146729
pythia-160m,draw_3,very_high,8,0.4003731616817963,0.008551307546566014,0.30374535544980197,0.9341521990740742,0.857625424861908
pythia-160m,draw_3,very_high,9,0.3980183530630283,0.01076709891757128,0.28244992964973736,0.9259172453703702,0.8115008473396301
pythia-160m,draw_3,very_high,10,0.4041520026522383,0.01057936749479565,0.28165754387028064,0.8874001736111111,0.7497719526290894
pythia-160m,draw_3,very_high,11,0.4236302696181345,0.009504955871078625,0.33094796764397216,0.8500043402777778,0.9384174942970276
pythia-160m,draw_3,control,0,0.3886497896248434,0.020702850377932867,0.11848113538593763,0.9704673032407408,0.3810124099254608
pythia-160m,draw_3,control,1,0.36210179903831285,0.013911933895210806,0.19125272414563943,0.9344979745370371,1.2290583848953247
pythia-160m,draw_3,control,2,0.4443503424673407,0.010219560734263921,0.2717082263027959,0.7902719907407407,0.843559205532074
pythia-160m,draw_3,control,3,0.44792030742698485,0.011801504379463288,0.27524963115488066,0.764351851851852,0.787425696849823
pythia-160m,draw_3,control,4,0.45449744732586517,0.011924160606554138,0.3153288575589164,0.9565263310185185,0.7204620838165283
pythia-160m,draw_3,control,5,0.4422414482600564,0.007738533045892762,0.3115254642046674,0.9602387152777778,0.7170289754867554
pythia-160m,draw_3,control,6,0.4315827285423816,0.006420625551843854,0.3042883491746502,0.9515292245370369,0.7181069850921631
pythia-160m,draw_3,control,7,0.42140377754969965,0.007780033773684695,0.3142551584631543,0.935072337962963,0.7957955598831177
pythia-160m,draw_3,control,8,0.4003223338552664,0.00772387906779222,0.30523894573134935,0.9332465277777777,0.8679606318473816
pythia-160m,draw_3,control,9,0.3986222227506672,0.010078566208501985,0.2828298280441246,0.9232667824074074,0.8011264204978943
pythia-160m,draw_3,control,10,0.4054882026790137,0.010216567006508437,0.2813806305904447,0.8821614583333334,0.7431892156600952
pythia-160m,draw_3,control,11,0.4238278728246606,0.010112605939973636,0.3280105339281818,0.8456163194444445,0.9315493702888489
pythia-410m,draw_1,low,0,0.4171332855754859,0.006836947047794174,0.053478853769998835,0.9605881076388889,0.277682363986969
pythia-410m,draw_1,low,1,0.31497222258370206,0.01264944491453945,0.1671477975175879,0.9886338975694444,1.417291283607483
pythia-410m,draw_1,low,2,0.3289764347318683,0.010944008048338673,0.1372359659090825,0.986689453125,1.0984958410263062
pythia-410m,draw_1,low,3,0.37465335701416,0.009148295952307072,0.18227395929285928,0.9405978732638889,0.8825345039367676
pythia-410m,draw_1,low,4,0.38087467432558153,0.009012362402882739,0.1983520606010749,0.8655067274305556,0.8375746011734009
pythia-410m,draw_1,low,5,0.44556201071427215,0.008789297817290567,0.25577387135906426,0.8004166666666667,0.6180514097213745
pythia-410m,draw_1,low,6,0.4002547558023352,0.010297469189744468,0.2806878082438413,0.8775141059027778,0.9915505647659302
pythia-410m,draw_1,low,7,0.413222831509551,0.00770517205598648,0.29911355753340696,0.8988899739583334,0.8626261353492737
pythia-410m,draw_1,low,8,0.4187828268616906,0.0064736373984888166,0.31050350614033273,0.9617198350694445,0.8141469359397888
pythia-410m,draw_1,low,9,0.42021809127553233,0.0062897725596253555,0.3142989607023534,0.9654763454861112,0.7376641631126404
pythia-410m,draw_1,low,10,0.4145642772940151,0.0055755442897010175,0.2903084759500272,0.96279296875,0.6736469268798828
pythia-410m,draw_1,low,11,0.4170997324098251,0.0072863004086023975,0.28014994116297487,0.9625672743055556,0.633315920829773
pythia-410m,draw_1,low,12,0.4086790975188305,0.007732783144064219,0.27564722124345775,0.9671484375,0.6165720224380493
pythia-410m,draw_1,low,13,0.4075646947880495,0.005412116619282578,0.2943891889315271,0.9462727864583333,0.6557563543319702
pythia-410m,draw_1,low,14,0.39746666232695665,0.006048474696213154,0.29401032177025854,0.9077137586805556,0.639040470123291
pythia-410m,draw_1,low,15,0.3897295968242457,0.0050458506910368095,0.28281251191909806,0.973857421875,0.7086066603660583
pythia-410m,draw_1,low,16,0.3943012001342529,0.005487623790066977,0.28820600524408957,0.9644064670138889,0.7418099641799927
pythia-410m,draw_1,low,17,0.3777983019745791,0.0067919913149263236,0.25763885398373954,0.9611599392361111,0.7127950191497803
pythia-410m,draw_1,low,18,0.3497387179134811,0.009565275061796538,0.2311825722634273,0.9568413628472222,0.8334928154945374
pythia-410m,draw_1,low,19,0.3636031429006589,0.012998667704872987,0.23053350286142882,0.8720453559027778,0.75859135389328
pythia-410m,draw_1,low,20,0.35897504009754405,0.014625010218358233,0.218037718649972,0.8976117621527778,0.6202938556671143
pythia-410m,draw_1,low,21,0.3802627464941198,0.013979894993431965,0.23799958081826178,0.8206911892361111,0.6077011227607727
pythia-410m,draw_1,low,22,0.39502997752909247,0.01152451108007546,0.2537289607999369,0.9221245659722223,0.7276192307472229
pythia-410m,draw_1,low,23,0.42301772005227223,0.008791224758000335,0.2965233056817076,0.8322612847222223,0.781227171421051
pythia-410m,draw_1,medium,0,0.4095140154982117,0.013253978479363387,0.0524000215186784,0.9633984375,0.28412196040153503
pythia-410m,draw_1,medium,1,0.3265364507245814,0.014742906710889757,0.17637724631164042,0.9870941840277778,1.383034348487854
pythia-410m,draw_1,medium,2,0.33424685420164096,0.011281481539903968,0.13912098336194867,0.9859016927083334,1.0703058242797852
pythia-410m,draw_1,medium,3,0.38090342159306945,0.008215479123163538,0.18566757251557364,0.9376898871527778,0.851201057434082
pythia-410m,draw_1,medium,4,0.38271685353109675,0.008710780963952254,0.19649895632049708,0.8617252604166666,0.8280038833618164
pythia-410m,draw_1,medium,5,0.44801108359946434,0.008590019535234762,0.2573991392477164,0.7925889756944444,0.6164231896400452
pythia-410m,draw_1,medium,6,0.4027388947269272,0.010613304184402567,0.2793064134055818,0.8708626302083333,0.986407995223999
pythia-410m,draw_1,medium,7,0.4140861687191478,0.007382990369546744,0.29654256420652736,0.8963302951388888,0.8542968034744263
pythia-410m,draw_1,medium,8,0.41933740986610096,0.006197102229860536,0.3111603475939648,0.9619118923611111,0.8112355470657349
pythia-410m,draw_1,medium,9,0.421946216907327,0.006141644452101934,0.31561250713295763,0.9653092447916667,0.7370312213897705
pythia-410m,draw_1,medium,10,0.41645412673209226,0.005238269098634337,0.2904848594138101,0.9629752604166667,0.671828031539917
pythia-410m,draw_1,medium,11,0.41779055126990255,0.007278732287506681,0.27584039616862244,0.9627473958333334,0.6272761821746826
pythia-410m,draw_1,medium,12,0.40840996421256753,0.007762913685430157,0.27003604970330986,0.9672200520833333,0.6147835850715637
pythia-410m,draw_1,medium,13,0.4073710422589558,0.005816193093136946,0.28932300667747834,0.9476898871527778,0.6603578925132751
pythia-410m,draw_1,medium,14,0.3970847079817151,0.006578380552100994,0.28873747064928934,0.9081814236111111,0.6413818597793579
pythia-410m,draw_1,medium,15,0.38970517281753775,0.005580303261588878,0.27819631107337006,0.9741026475694444,0.7110785841941833
pythia-410m,draw_1,medium,16,0.3938286140335644,0.005093190625110965,0.28375821573600324,0.9629654947916667,0.7359278202056885
pythia-410m,draw_1,medium,17,0.377876606042757,0.006485231435488006,0.25323179427995424,0.9601974826388889,0.704115629196167
pythia-410m,draw_1,medium,18,0.34767413487277604,0.008932329174209089,0.22668283525129485,0.9577864583333333,0.8358498215675354
pythia-410m,draw_1,medium,19,0.36141937405858754,0.01294087522778462,0.22560715466342462,0.8777105034722222,0.7646743655204773
pythia-410m,draw_1,medium,20,0.35720334909687745,0.015331647465859912,0.21432612075341018,0.8915831163194444,0.6334968209266663
pythia-410m,draw_1,medium,21,0.37946648619319273,0.014953234873104581,0.23790874650008553,0.8228993055555556,0.6152933835983276
pythia-410m,draw_1,medium,22,0.3961867842937739,0.012205142189203757,0.2552773649525564,0.9104155815972222,0.7158921957015991
pythia-410m,draw_1,medium,23,0.42448612736347313,0.00919399491606588,0.30320160632836446,0.8380349392361112,0.7793932557106018
pythia-410m,draw_1,high,0,0.3799523169870824,0.02487831744949591,0.06656714276515507,0.9705501302083334,0.34154626727104187
pythia-410m,draw_1,high,1,0.32956928137253083,0.013139616233716055,0.18583563701513794,0.9868359375,1.3628193140029907
pythia-410m,draw_1,high,2,0.33806168707310524,0.009968257070324732,0.1427301964303176,0.9851302083333333,1.0498453378677368
pythia-410m,draw_1,high,3,0.387248478408574,0.006959875884742566,0.18876225660729373,0.939384765625,0.8296443819999695
pythia-410m,draw_1,high,4,0.3839920159154012,0.009475616251858134,0.18937744889326935,0.8650444878472222,0.837238073348999
pythia-410m,draw_1,high,5,0.44575538909974527,0.009610460310410011,0.24713761170264537,0.8067437065972223,0.6264179348945618
pythia-410m,draw_1,high,6,0.406185059850789,0.01030972042213195,0.2699665689264865,0.8642078993055555,0.9786415100097656
pythia-410m,draw_1,high,7,0.41568446270587,0.007214628833345364,0.2857400158478802,0.8932834201388888,0.8407115936279297
pythia-410m,draw_1,high,8,0.4223787129056661,0.005599121409453285,0.3050722484200836,0.9614008246527778,0.795527458190918
pythia-410m,draw_1,high,9,0.42343995457263367,0.005613181242861358,0.30778811985632193,0.96447265625,0.7240235209465027
pythia-410m,draw_1,high,10,0.4172018106532996,0.005571782956772925,0.28298287238349706,0.9631271701388889,0.6658282279968262
pythia-410m,draw_1,high,11,0.41850517950766136,0.006750507641878381,0.2664070332040227,0.9627332899305555,0.6215210556983948
pythia-410m,draw_1,high,12,0.40932195336989524,0.007400950924664204,0.2633809068156323,0.9671864149305556,0.6128218173980713
pythia-410m,draw_1,high,13,0.4084657819126143,0.005553284993091742,0.2830135264861837,0.9502159288194445,0.6623913049697876
pythia-410m,draw_1,high,14,0.3986594036984394,0.006778985625578474,0.2834614099522248,0.9084939236111111,0.6445542573928833
pythia-410m,draw_1,high,15,0.39180502078929774,0.005274140746945949,0.27252608832930636,0.9737901475694445,0.7068350315093994
pythia-410m,draw_1,high,16,0.39437964739133,0.005492975844150902,0.2776913921872979,0.9614811197916666,0.7269879579544067
pythia-410m,draw_1,high,17,0.379290456628398,0.006533546510589485,0.2480956823214009,0.9601844618055555,0.6971275210380554
pythia-410m,draw_1,high,18,0.34764345478635555,0.009106059276378685,0.2224869514383827,0.9622916666666667,0.8286846280097961
pythia-410m,draw_1,high,19,0.35988116179028123,0.012993627646855714,0.22163609189271005,0.8906163194444444,0.7770083546638489
pythia-410m,draw_1,high,20,0.3551689828650867,0.014505357422437254,0.21345637114768,0.9010405815972222,0.6548067927360535
pythia-410m,draw_1,high,21,0.37704666330287195,0.015290680969989213,0.2392386638192172,0.8272081163194445,0.6590343117713928
pythia-410m,draw_1,high,22,0.3962819847906028,0.011539443743410305,0.25947430299785723,0.9067404513888889,0.7388553619384766
pythia-410m,draw_1,high,23,0.4234196365525269,0.007698871948938715,0.3079069734676716,0.8377180989583334,0.8027728796005249
pythia-410m,draw_1,very_high,0,0.334498649621685,0.025380821218259075,0.08429127049951979,0.9806499565972222,0.4289708435535431
pythia-410m,draw_1,very_high,1,0.3300975609259926,0.013471931369672098,0.19964170915285262,0.9868891059027778,1.3689721822738647
pythia-410m,draw_1,very_high,2,0.3407398514825059,0.011099796761653345,0.1399706418207729,0.9846082899305556,1.0555051565170288
pythia-410m,draw_1,very_high,3,0.39017306855769424,0.006380552062231613,0.18887451927682886,0.9409874131944445,0.8407568335533142
pythia-410m,draw_1,very_high,4,0.38582382926204895,0.008657190700746026,0.184159176708929,0.8729481336805556,0.8545342087745667
pythia-410m,draw_1,very_high,5,0.44580157911321094,0.009149839390352766,0.24142719348584518,0.8056586371527777,0.6451258063316345
pythia-410m,draw_1,very_high,6,0.4100857357688653,0.01033773745435752,0.2600747738608178,0.8586545138888889,0.9733489751815796
pythia-410m,draw_1,very_high,7,0.4169171337660483,0.007378053388468158,0.2717573187146094,0.8895670572916666,0.8262781500816345
pythia-410m,draw_1,very_high,8,0.4234637364023123,0.006452095318876137,0.2937953221256029,0.9610590277777777,0.7809162139892578
pythia-410m,draw_1,very_high,9,0.42474778314405187,0.006057534275615683,0.2965423656747208,0.9642740885416666,0.7087714076042175
pythia-410m,draw_1,very_high,10,0.4168385275027058,0.0057886339364831285,0.2679035504239524,0.9636990017361111,0.6533139944076538
pythia-410m,draw_1,very_high,11,0.4182014408926207,0.007443798733004955,0.2512087330458339,0.9622677951388889,0.6123074889183044
pythia-410m,draw_1,very_high,12,0.40898200883088215,0.00778380002227279,0.24741881163347745,0.967216796875,0.6032698750495911
pythia-410m,draw_1,very_high,13,0.40859301025965516,0.00622931181058375,0.26913391851614143,0.9515190972222223,0.6538876295089722
pythia-410m,draw_1,very_high,14,0.3996784337463816,0.006877174369756189,0.27383111602634247,0.9058159722222222,0.6389570236206055
pythia-410m,draw_1,very_high,15,0.3930808736144431,0.0060939600761637965,0.2664609752368088,0.9732790798611111,0.7029958963394165
pythia-410m,draw_1,very_high,16,0.39567680515527837,0.005881160157570508,0.27275064962279494,0.9579958767361111,0.7200558185577393
pythia-410m,draw_1,very_high,17,0.38316926000143653,0.005897297236055025,0.24715549684908011,0.9569856770833334,0.6769134402275085
pythia-410m,draw_1,very_high,18,0.3495291430030548,0.008444244743062589,0.22467977867511535,0.9638845486111111,0.8192837834358215
pythia-410m,draw_1,very_high,19,0.35820844366168164,0.012910783431407518,0.2242107958839643,0.8963921440972222,0.7742611765861511
pythia-410m,draw_1,very_high,20,0.3530225166986872,0.013628746273580386,0.21878901494041147,0.9086187065972222,0.6592662334442139
pythia-410m,draw_1,very_high,21,0.3736932121322882,0.014464907274265325,0.2469284371768945,0.8313585069444445,0.6883306503295898
pythia-410m,draw_1,very_high,22,0.39354832213140906,0.012040246228717737,0.2691518880984016,0.9035286458333334,0.7593137621879578
pythia-410m,draw_1,very_high,23,0.4206503172246122,0.007614319556659632,0.3153182987541152,0.8391916232638889,0.8202574253082275
pythia-410m,draw_1,control,0,0.3444110284712123,0.03545553339161633,0.07882205082254101,0.978603515625,0.40930449962615967
pythia-410m,draw_1,control,1,0.32897023549257043,0.014263327095201825,0.19503788460759353,0.9869444444444444,1.3711048364639282
pythia-410m,draw_1,control,2,0.33977493834039013,0.010368279057678124,0.13952375089148217,0.9850075954861112,1.0516635179519653
pythia-410m,draw_1,control,3,0.3887225163666942,0.007623933728861094,0.18848066739855085,0.9403157552083333,0.8349232077598572
pythia-410m,draw_1,control,4,0.3859040671421293,0.009001187094910927,0.1864601698819517,0.8686078559027778,0.8430231213569641
pythia-410m,draw_1,control,5,0.44680735589932247,0.009127324089459802,0.24638992781521463,0.8030978732638889,0.6370145678520203
pythia-410m,draw_1,control,6,0.4088479252009579,0.010698595228860791,0.26543153329802127,0.8608344184027777,0.9728758931159973
pythia-410m,draw_1,control,7,0.41719176209898656,0.007158042738460664,0.2790458477344271,0.8913226996527778,0.8286547064781189
pythia-410m,draw_1,control,8,0.4238414404415832,0.006200475784606664,0.2985527928233713,0.9609103732638888,0.7819682359695435
pythia-410m,draw_1,control,9,0.4254118455815181,0.005536955212090594,0.30141709198701916,0.9638498263888889,0.7109510898590088
pythia-410m,draw_1,control,10,0.41841267496417284,0.005902324736016168,0.2754239309646511,0.9623166232638889,0.6558704972267151
pythia-410m,draw_1,control,11,0.4201984531099473,0.006447804401282607,0.25769537290001177,0.9616818576388889,0.6113250255584717
pythia-410m,draw_1,control,12,0.41007781389574904,0.006664509446245089,0.25570823005244536,0.9669184027777777,0.6041842103004456
pythia-410m,draw_1,control,13,0.40890575062041934,0.005732653612851764,0.27671445000394335,0.9504958767361111,0.655879557132721
pythia-410m,draw_1,control,14,0.40062227079123164,0.007446925978288679,0.2800197218407501,0.9071017795138889,0.6419393420219421
pythia-410m,draw_1,control,15,0.3923563608590471,0.005593168715030538,0.2702067587199446,0.9737109375,0.703505277633667
pythia-410m,draw_1,control,16,0.39552208533779676,0.005737989175259967,0.2759450269051893,0.959833984375,0.7198854684829712
pythia-410m,draw_1,control,17,0.3811416252000874,0.006385337259590632,0.2487454252647101,0.9584201388888889,0.6855438351631165
pythia-410m,draw_1,control,18,0.34836712536829245,0.008746792306839958,0.224028365078079,0.9640809461805555,0.8174118399620056
pythia-410m,draw_1,control,19,0.35897349244993165,0.01327568368122245,0.22370665273721224,0.8939605034722222,0.7668025493621826
pythia-410m,draw_1,control,20,0.35383100638958087,0.013401083202438888,0.21627715118863144,0.9060384114583333,0.653568685054779
pythia-410m,draw_1,control,21,0.3744451097991183,0.0149352344906639,0.24369163750648748,0.8314496527777778,0.678399920463562
pythia-410m,draw_1,control,22,0.39482319267561783,0.013121145157655214,0.2645554443355589,0.9050206163194444,0.750800371170044
pythia-410m,draw_1,control,23,0.4220902729130323,0.008023209972239183,0.3117308575603095,0.8369097222222223,0.8112319111824036
pythia-410m,draw_2,low,0,0.41494033069113173,0.009970592967748033,0.05291987069228399,0.9611013454861111,0.280245840549469
pythia-410m,draw_2,low,1,0.31665370048135144,0.01328057783016479,0.16639691557915248,0.9882996961805556,1.4091503620147705
pythia-410m,draw_2,low,2,0.3299386343010847,0.011129659779404378,0.13873014091997105,0.9863487413194445,1.0882858037948608
pythia-410m,draw_2,low,3,0.37545404304435237,0.009247930956631258,0.18536318639868288,0.9410340711805556,0.8740731477737427
pythia-410m,draw_2,low,4,0.38164698605422587,0.009204382536254994,0.20050318839603887,0.8659331597222222,0.8324206471443176
pythia-410m,draw_2,low,5,0.4467198097598017,0.008774886407352047,0.25829870767981644,0.7990863715277777,0.6144541501998901
pythia-410m,draw_2,low,6,0.40052490376678923,0.010543239566908945,0.2813112447654582,0.878837890625,0.9902731776237488
pythia-410m,draw_2,low,7,0.41367803497997824,0.0073332762645501905,0.29972978528983507,0.8979416232638889,0.8632528185844421
pythia-410m,draw_2,low,8,0.4196026067741743,0.005611075051455581,0.311672326024409,0.9623556857638889,0.8183456659317017
pythia-410m,draw_2,low,9,0.4210082355186497,0.00603927007501167,0.31500399329462403,0.9656000434027778,0.7394201755523682
pythia-410m,draw_2,low,10,0.41555215542380136,0.005406085807540605,0.2912508508874654,0.9627549913194444,0.6732192635536194
pythia-410m,draw_2,low,11,0.41784371143774013,0.007741519790091332,0.2802804763714255,0.9622515190972222,0.6333038806915283
pythia-410m,draw_2,low,12,0.4089900040465331,0.007492883089957955,0.27520373313793334,0.9677473958333334,0.6138535141944885
pythia-410m,draw_2,low,13,0.4084849193713608,0.005076263588566836,0.29426065158132,0.9464561631944445,0.654266357421875
pythia-410m,draw_2,low,14,0.3973377151606901,0.006190606048338957,0.29353820664325614,0.9085145399305555,0.6400816440582275
pythia-410m,draw_2,low,15,0.39033096519669774,0.005125053450365,0.2831369129682848,0.9737380642361111,0.7112767696380615
pythia-410m,draw_2,low,16,0.3951154898436107,0.004917912591838568,0.2890906957879207,0.9637814670138889,0.7427006959915161
pythia-410m,draw_2,low,17,0.37884545880913,0.006176922296784841,0.25752546107387064,0.9601519097222222,0.7121777534484863
pythia-410m,draw_2,low,18,0.3512373405557094,0.008692940078382992,0.23162392618361927,0.954560546875,0.8291496634483337
pythia-410m,draw_2,low,19,0.3648332549835918,0.011574843879888766,0.23064353101166146,0.8690766059027778,0.7485533356666565
pythia-410m,draw_2,low,20,0.36074676143893364,0.013174516295155422,0.2182014433309547,0.8946875,0.6172589063644409
pythia-410m,draw_2,low,21,0.3817446204807454,0.01300885866023555,0.23629703284979575,0.8199728732638889,0.6015378832817078
pythia-410m,draw_2,low,22,0.39761954727724313,0.010827154311413638,0.2532719201383191,0.9221440972222222,0.719362735748291
pythia-410m,draw_2,low,23,0.4243206503621888,0.008966128004335118,0.2948687865015778,0.8350889756944444,0.770926296710968
pythia-410m,draw_2,medium,0,0.408120590262913,0.013690884631480207,0.0548850490197057,0.963642578125,0.2872644364833832
pythia-410m,draw_2,medium,1,0.32546572408311375,0.01216824363283398,0.17270863637114586,0.9874674479166666,1.3789525032043457
pythia-410m,draw_2,medium,2,0.33513207260379224,0.010774266369882572,0.13896329561622278,0.9856890190972222,1.0604628324508667
pythia-410m,draw_2,medium,3,0.3812001808642454,0.007738600010591108,0.18738462627876817,0.9381553819444445,0.8466835618019104
pythia-410m,draw_2,medium,4,0.38349625026152734,0.009119578057435001,0.1975313404258754,0.8585579427083333,0.8245809674263
pythia-410m,draw_2,medium,5,0.447441951967623,0.008663844327312443,0.2567275332984833,0.8017274305555555,0.6134344339370728
pythia-410m,draw_2,medium,6,0.4026729114199649,0.01084196113557684,0.2807780928945458,0.8741059027777778,0.986401379108429
pythia-410m,draw_2,medium,7,0.41456208747159184,0.007671451324690281,0.29704020003269416,0.8963715277777777,0.8543952107429504
pythia-410m,draw_2,medium,8,0.4197957267015502,0.006202682289779724,0.31109740920643314,0.9611089409722222,0.8098633885383606
pythia-410m,draw_2,medium,9,0.4217018424033357,0.00572254668302373,0.3145079432362674,0.9650217013888889,0.7363932728767395
pythia-410m,draw_2,medium,10,0.4163673061572978,0.0056212695519101035,0.29125961611372486,0.9624251302083333,0.6725980043411255
pythia-410m,draw_2,medium,11,0.4187064778924981,0.006887456913673881,0.2763570441028107,0.9627105034722222,0.6265311241149902
pythia-410m,draw_2,medium,12,0.40975929115448956,0.00770669118794678,0.2718565228872347,0.9667176649305556,0.6142317652702332
pythia-410m,draw_2,medium,13,0.40841406194198726,0.005934158026698904,0.2901932672558527,0.948017578125,0.6593950986862183
pythia-410m,draw_2,medium,14,0.3979433507443654,0.006396839544029661,0.28965399226946453,0.9083582899305556,0.6425430774688721
pythia-410m,draw_2,medium,15,0.3907305917580695,0.0055454369626204425,0.2779052087564684,0.9738943142361111,0.7074753046035767
pythia-410m,draw_2,medium,16,0.3942207799019198,0.004991435880529518,0.28232705003769754,0.9629557291666667,0.7315801382064819
pythia-410m,draw_2,medium,17,0.3783668239158283,0.005891291011673581,0.2525266942346118,0.9609505208333333,0.7007569074630737
pythia-410m,draw_2,medium,18,0.3483793657983955,0.008214965367338253,0.22590200546276962,0.9573817274305556,0.8307415246963501
pythia-410m,draw_2,medium,19,0.36097019130550795,0.012201386970957667,0.2242746203548014,0.8788368055555555,0.7655237317085266
pythia-410m,draw_2,medium,20,0.3572904657267143,0.013820186928352173,0.21464141126554304,0.888798828125,0.6369087100028992
pythia-410m,draw_2,medium,21,0.379205133797912,0.013653818566093903,0.23763494554446107,0.8257313368055555,0.6214044690132141
pythia-410m,draw_2,medium,22,0.39665550928456295,0.011789015306788914,0.2556645559060102,0.9089529079861111,0.7184469699859619
pythia-410m,draw_2,medium,23,0.4236665357355166,0.008668883774468455,0.30233748561021545,0.8346169704861112,0.7815550565719604
pythia-410m,draw_2,high,0,0.3797688398303166,0.021212147352819975,0.06518741663564076,0.9706868489583333,0.34149202704429626
pythia-410m,draw_2,high,1,0.3292381887851774,0.013092154626164282,0.1861012372156441,0.9868348524305556,1.3519753217697144
pythia-410m,draw_2,high,2,0.33790434152681925,0.009847876508101736,0.1428670981067235,0.9850184461805556,1.0335808992385864
pythia-410m,draw_2,high,3,0.3865581226672391,0.006560531058648928,0.19097746295541462,0.9389409722222222,0.8199135065078735
pythia-410m,draw_2,high,4,0.3847621799142625,0.008901886919875852,0.19287151214121945,0.8666037326388889,0.8256511092185974
pythia-410m,draw_2,high,5,0.44745918497907206,0.009995779550787402,0.25158518435932953,0.8058387586805555,0.6202605366706848
pythia-410m,draw_2,high,6,0.4073973010004417,0.010546890645364617,0.2746553266279703,0.8638726128472223,0.9769992828369141
pythia-410m,draw_2,high,7,0.41588871407189393,0.007086178783418893,0.28841935903156757,0.895068359375,0.8372010588645935
pythia-410m,draw_2,high,8,0.42178988916385013,0.006020946902302833,0.30622327947799066,0.9611773003472223,0.7935963869094849
pythia-410m,draw_2,high,9,0.4241095328013633,0.005659562885210632,0.3101229358079822,0.9642393663194444,0.720846951007843
pythia-410m,draw_2,high,10,0.4180179431979796,0.00558634608586099,0.2858439004783011,0.9623958333333333,0.6635259389877319
pythia-410m,draw_2,high,11,0.41889549253352215,0.007535490630436151,0.2679296457472593,0.9627951388888889,0.6199876070022583
pythia-410m,draw_2,high,12,0.40972958210076915,0.007601035779139369,0.2636205943451806,0.9671961805555556,0.609671413898468
pythia-410m,draw_2,high,13,0.40939937109631247,0.005941401797585673,0.2849176914613276,0.9475282118055556,0.6596419811248779
pythia-410m,draw_2,high,14,0.39949711483166717,0.006815782571073218,0.2854667351354383,0.905302734375,0.6365343332290649
pythia-410m,draw_2,high,15,0.39217274781217853,0.005530279576157614,0.273569095699578,0.9737478298611111,0.7033894062042236
pythia-410m,draw_2,high,16,0.3946491035885165,0.005142215054666853,0.2782078714860543,0.9603200954861111,0.722901463508606
pythia-410m,draw_2,high,17,0.3798951677869246,0.0057483098692906855,0.2487951153295196,0.9607790798611111,0.6882383823394775
pythia-410m,draw_2,high,18,0.3477837859344949,0.008289377000308604,0.2233344558153394,0.9636176215277777,0.8299863934516907
pythia-410m,draw_2,high,19,0.35953365129168613,0.012036374739028235,0.22319550849006808,0.8900618489583333,0.7757912874221802
pythia-410m,draw_2,high,20,0.35520446543707174,0.013257062082214319,0.2153748818718919,0.8981770833333333,0.6485635042190552
pythia-410m,draw_2,high,21,0.3764365171850734,0.013207988337983239,0.24133908358530842,0.827734375,0.65986567735672
pythia-410m,draw_2,high,22,0.39618431088909867,0.011141291123169701,0.261226164986881,0.9072135416666667,0.7353091239929199
pythia-410m,draw_2,high,23,0.42326398442166846,0.007835588628929907,0.3088040016553262,0.8364507378472222,0.796970784664154
pythia-410m,draw_2,very_high,0,0.3321480684313836,0.026287787585126274,0.0829414722188695,0.9811295572916666,0.43294110894203186
pythia-410m,draw_2,very_high,1,0.32877180650646604,0.01329009546871918,0.19603982045163715,0.986884765625,1.3616379499435425
pythia-410m,draw_2,very_high,2,0.34359050464715235,0.010484943628597514,0.14267560149427672,0.9843912760416667,1.045942783355713
pythia-410m,draw_2,very_high,3,0.39104144368934834,0.00656875257415924,0.1903543965903165,0.9408213975694445,0.8345008492469788
pythia-410m,draw_2,very_high,4,0.3870614567697445,0.00878103054784201,0.18875493558141399,0.8674348958333333,0.8530529141426086
pythia-410m,draw_2,very_high,5,0.447165725984598,0.008510896266191005,0.24729579645684585,0.8013248697916666,0.6429345607757568
pythia-410m,draw_2,very_high,6,0.41089331342058144,0.009968645387403623,0.2660297825498079,0.8557790798611111,0.9710982441902161
pythia-410m,draw_2,very_high,7,0.4188934454634059,0.007069164386268948,0.2784178317053472,0.8867816840277778,0.8219073414802551
pythia-410m,draw_2,very_high,8,0.42394688409753795,0.005878178709361285,0.29810441365536455,0.9606195746527778,0.7816876769065857
pythia-410m,draw_2,very_high,9,0.4246813621415168,0.005480571639455725,0.29949149931270513,0.9644357638888889,0.7114793658256531
pythia-410m,draw_2,very_high,10,0.4177408319907594,0.005906679740340701,0.2725828602968621,0.9621473524305556,0.6514047384262085
pythia-410m,draw_2,very_high,11,0.4196032814770375,0.007208364593966074,0.25488411374371833,0.9616916232638889,0.6065586805343628
pythia-410m,draw_2,very_high,12,0.40969779768294656,0.006946353181111005,0.25341283877259446,0.9668055555555556,0.6026424169540405
pythia-410m,draw_2,very_high,13,0.4087981588309199,0.005453926118668684,0.2752759875708557,0.9494618055555556,0.6545348167419434
pythia-410m,draw_2,very_high,14,0.40003080341379965,0.00711547723476701,0.27877870767738044,0.9045171440972222,0.6376782655715942
pythia-410m,draw_2,very_high,15,0.3927487711062284,0.005257544956311839,0.27034747588223973,0.9733203125,0.7023200988769531
pythia-410m,draw_2,very_high,16,0.395275433015316,0.005211152975344053,0.2757803834619652,0.9584342447916666,0.7177448868751526
pythia-410m,draw_2,very_high,17,0.3816768725087842,0.0061550234651834715,0.24804168214262634,0.9587554253472222,0.6755766272544861
pythia-410m,draw_2,very_high,18,0.3488160016788811,0.008514365118471806,0.22534307127282815,0.9658051215277778,0.8160338401794434
pythia-410m,draw_2,very_high,19,0.35793179480646975,0.012556257896046797,0.22514739672963935,0.8999945746527778,0.7685653567314148
pythia-410m,draw_2,very_high,20,0.3524302582324775,0.013181648679161431,0.21964486630565583,0.912822265625,0.6639601588249207
pythia-410m,draw_2,very_high,21,0.37216490929680174,0.013464849006403596,0.24725582820291891,0.8350716145833333,0.696286678314209
pythia-410m,draw_2,very_high,22,0.39268131216167124,0.011566937340805489,0.26995198443416246,0.9056640625,0.7577987909317017
pythia-410m,draw_2,very_high,23,0.4204617158142087,0.007514963342042475,0.31561111034548683,0.8396755642361111,0.8188546299934387
pythia-410m,draw_2,control,0,0.34554973704222963,0.03755963989418956,0.07944631147417924,0.9782888454861111,0.4098778963088989
pythia-410m,draw_2,control,1,0.32592326093544227,0.013302979521077925,0.1909976574334733,0.9876388888888888,1.3814895153045654
pythia-410m,draw_2,control,2,0.3398972078733063,0.010778544484745167,0.1373497578593279,0.9850509982638889,1.0585139989852905
pythia-410m,draw_2,control,3,0.3880839878747999,0.007802422456893851,0.18411705348872864,0.9415353732638889,0.8430582880973816
pythia-410m,draw_2,control,4,0.3851509456526726,0.008836383154157497,0.1830514663460756,0.8690842013888889,0.8526548743247986
pythia-410m,draw_2,control,5,0.44672550310725184,0.010247369939303601,0.2417091655945116,0.7995041232638889,0.6426931023597717
pythia-410m,draw_2,control,6,0.4087234695943859,0.011173649504028783,0.26080433473112663,0.8600336371527778,0.9795259833335876
pythia-410m,draw_2,control,7,0.41720565025752837,0.00762334902274922,0.27508515375034115,0.8916048177083333,0.8310936093330383
pythia-410m,draw_2,control,8,0.42408318057942107,0.0058066531370514545,0.2964371627797697,0.9608138020833333,0.7838724851608276
pythia-410m,draw_2,control,9,0.425338215550369,0.005564537595334944,0.2972793565936789,0.9639659288194444,0.7104803919792175
pythia-410m,draw_2,control,10,0.4181451949111595,0.005960858739148272,0.2708275483862841,0.9627137586805555,0.6551203727722168
pythia-410m,draw_2,control,11,0.41879149822346523,0.007716940451334848,0.2538775952598471,0.9626551649305556,0.6149401664733887
pythia-410m,draw_2,control,12,0.40983080438851704,0.0074839670447535665,0.25228321982054713,0.9664322916666667,0.6067293882369995
pythia-410m,draw_2,control,13,0.4094228596860469,0.005635590042888446,0.2746202679014349,0.9504947916666666,0.6558499336242676
pythia-410m,draw_2,control,14,0.400179142525576,0.007389845325380543,0.27783399946274634,0.9076833767361111,0.6433885097503662
pythia-410m,draw_2,control,15,0.3930383612164562,0.0056209427948318265,0.269353434071234,0.9735188802083333,0.7034829258918762
pythia-410m,draw_2,control,16,0.395946867221543,0.005470069005285251,0.27505086028594183,0.9589735243055556,0.7215523719787598
pythia-410m,draw_2,control,17,0.3816656946076022,0.006571188767499509,0.24825560352138276,0.9584743923611111,0.6872611045837402
pythia-410m,draw_2,control,18,0.3486108129079213,0.00842791795072844,0.22325113559850895,0.9648025173611111,0.8161629438400269
pythia-410m,draw_2,control,19,0.3572700397819917,0.012614142948302142,0.22200871466975625,0.8989898003472222,0.773499608039856
pythia-410m,draw_2,control,20,0.35261528959337446,0.013078533543337403,0.21484583137140412,0.916025390625,0.6643023490905762
pythia-410m,draw_2,control,21,0.3729224431006148,0.014255165977498888,0.2424397383674859,0.8329568142361111,0.6900889873504639
pythia-410m,draw_2,control,22,0.3928251774921408,0.011719910075408378,0.26333278790746095,0.9104014756944444,0.7654255628585815
pythia-410m,draw_2,control,23,0.42102029808651287,0.007897509176612813,0.31012911369341367,0.8354047309027778,0.8175516128540039
pythia-410m,draw_3,low,0,0.4146209481924214,0.010641878401801412,0.052761317340272784,0.9610243055555555,0.2810862362384796
pythia-410m,draw_3,low,1,0.31548166077073553,0.013158543633419194,0.16782418538779242,0.9886371527777778,1.4192560911178589
pythia-410m,draw_3,low,2,0.32883680442626156,0.009742683530808927,0.13934192103998666,0.986484375,1.0914303064346313
pythia-410m,draw_3,low,3,0.375894705825258,0.009600999893143483,0.18570687124249963,0.9405544704861111,0.8714552521705627
pythia-410m,draw_3,low,4,0.38133939465646766,0.008816970854955471,0.20087642663897864,0.8627018229166666,0.8324844241142273
pythia-410m,draw_3,low,5,0.4459909784080484,0.009527727861539246,0.25724791241146283,0.8020388454861112,0.6161589026451111
pythia-410m,draw_3,low,6,0.4002000750889399,0.010894829773014614,0.2827065014797425,0.8779166666666667,0.9968022108078003
pythia-410m,draw_3,low,7,0.41366054032530297,0.007968850915077826,0.2998833563417156,0.8978982204861111,0.8635581731796265
pythia-410m,draw_3,low,8,0.4192497710691062,0.0065817157973624306,0.3116418442113795,0.9625618489583333,0.8193626999855042
pythia-410m,draw_3,low,9,0.42066882559391544,0.006233512944587828,0.3148662433204772,0.9656163194444445,0.7399514317512512
pythia-410m,draw_3,low,10,0.41530865850493937,0.005645771968171054,0.29112231280910494,0.9623274739583333,0.6747653484344482
pythia-410m,draw_3,low,11,0.417380575033233,0.007082257366976834,0.2799512107364295,0.9633289930555555,0.6336653232574463
pythia-410m,draw_3,low,12,0.4091351569299372,0.007417568421087009,0.276084872275038,0.9672786458333333,0.6144922971725464
pythia-410m,draw_3,low,13,0.4084328544554171,0.005560674595494249,0.29508502151148264,0.9472384982638888,0.6567415595054626
pythia-410m,draw_3,low,14,0.39734107818777875,0.00654385517211213,0.2929690555108535,0.9097591145833334,0.6428838968276978
pythia-410m,draw_3,low,15,0.38992510675193587,0.005520176423136126,0.2817777729393456,0.9738259548611111,0.7101304531097412
pythia-410m,draw_3,low,16,0.39469591872010723,0.005407115188161406,0.28816229571971164,0.9641286892361111,0.7395498752593994
pythia-410m,draw_3,low,17,0.3787657586917927,0.007109694903718284,0.25905639859972296,0.9610677083333333,0.7127302885055542
pythia-410m,draw_3,low,18,0.3508280838177218,0.009273735945044916,0.23306247353889975,0.954375,0.8315315842628479
pythia-410m,draw_3,low,19,0.3639930115973223,0.011736440329825511,0.23047893665937935,0.8707834201388889,0.7527236342430115
pythia-410m,draw_3,low,20,0.3598787087816251,0.013988567223801845,0.21960644428007337,0.8932432725694445,0.6243624091148376
pythia-410m,draw_3,low,21,0.38051592724450356,0.013999650445606884,0.23891730371429487,0.8218977864583333,0.6097476482391357
pythia-410m,draw_3,low,22,0.39534887687174597,0.011316563163756949,0.2553757950528679,0.9190668402777777,0.7220924496650696
pythia-410m,draw_3,low,23,0.42253600424149973,0.008613094800541454,0.2986955282022754,0.833642578125,0.7806697487831116
pythia-410m,draw_3,medium,0,0.4084989659574616,0.011877547961439028,0.05394518844495555,0.9648198784722222,0.2855609059333801
pythia-410m,draw_3,medium,1,0.3257774863703702,0.01440989475165537,0.17479848732151182,0.9873980034722222,1.3755433559417725
pythia-410m,draw_3,medium,2,0.3354340841705806,0.011165361176929,0.13964536002215966,0.9858062065972222,1.058376431465149
pythia-410m,draw_3,medium,3,0.38149243494599455,0.00837413069478999,0.1859176670616327,0.9385221354166666,0.8430238366127014
pythia-410m,draw_3,medium,4,0.383279847873277,0.008633043805071468,0.19633641683414726,0.8620160590277778,0.8229524493217468
pythia-410m,draw_3,medium,5,0.4467326700553839,0.009144850702513845,0.2544051813932686,0.7984733072916667,0.6137055158615112
pythia-410m,draw_3,medium,6,0.40277141097098285,0.010373398208949098,0.2800461482200307,0.8721994357638889,0.985018253326416
pythia-410m,draw_3,medium,7,0.4143290287811068,0.00799152771357201,0.2958045077226139,0.8951410590277777,0.8516610264778137
pythia-410m,draw_3,medium,8,0.42022342692801884,0.006427511515947699,0.31076177219183254,0.961484375,0.806703507900238
pythia-410m,draw_3,medium,9,0.4222751409738554,0.005590321095575911,0.3151537774310027,0.9653092447916667,0.7364621758460999
pythia-410m,draw_3,medium,10,0.41633930376063466,0.005731619190358406,0.2910777257263404,0.9629231770833333,0.6732217669487
pythia-410m,draw_3,medium,11,0.41733982047693624,0.00814639350990681,0.2756222073555106,0.9631770833333333,0.6302644610404968
pythia-410m,draw_3,medium,12,0.4087679399286649,0.008268856553203882,0.26980872165703307,0.9674229600694444,0.6153313517570496
pythia-410m,draw_3,medium,13,0.40818198672831374,0.006205943659648422,0.29008945082602566,0.9480403645833333,0.6604746580123901
pythia-410m,draw_3,medium,14,0.3974200686637938,0.007180075229689198,0.2884773040849715,0.9091981336805556,0.6451435089111328
pythia-410m,draw_3,medium,15,0.39053301199578905,0.005392285208991662,0.2777259714107776,0.9744520399305555,0.7113291621208191
pythia-410m,draw_3,medium,16,0.3941679166693316,0.005373340068648411,0.28243624936833456,0.9631032986111111,0.7340428233146667
pythia-410m,draw_3,medium,17,0.3781955533994873,0.006954487115948276,0.2524481778740266,0.9595909288194444,0.7074525356292725
pythia-410m,draw_3,medium,18,0.34794612966809785,0.009467339481823326,0.2257571302776895,0.9578895399305556,0.8363327383995056
pythia-410m,draw_3,medium,19,0.36244754397750045,0.012135254112075883,0.226121015449396,0.8778038194444444,0.7660128474235535
pythia-410m,draw_3,medium,20,0.3583861236737913,0.013183078252831666,0.21522716467286118,0.8907931857638889,0.6339643001556396
pythia-410m,draw_3,medium,21,0.38115904653080546,0.014176650033629435,0.23770617636060565,0.8237738715277778,0.6195500493049622
pythia-410m,draw_3,medium,22,0.39762853654723734,0.01183921467795963,0.2546425361328821,0.9095920138888889,0.7164468169212341
pythia-410m,draw_3,medium,23,0.4244791639514682,0.008770843478631715,0.3014925232243746,0.8350434027777778,0.7786470055580139
pythia-410m,draw_3,high,0,0.38077288579449625,0.022466593164913666,0.0640658828803704,0.9702821180555555,0.33826130628585815
pythia-410m,draw_3,high,1,0.32893345687888753,0.013576536404648086,0.1860100585579092,0.9871451822916667,1.3647271394729614
pythia-410m,draw_3,high,2,0.3376296304021419,0.010225243602249138,0.13927908989251447,0.9852907986111111,1.0504497289657593
pythia-410m,draw_3,high,3,0.3872136228758975,0.006938520622258815,0.1856216981636054,0.9378548177083333,0.8254802823066711
pythia-410m,draw_3,high,4,0.38529830102180207,0.008686247549516118,0.18920002249405043,0.8645670572916667,0.8317359685897827
pythia-410m,draw_3,high,5,0.446227567981749,0.010456651653161007,0.24729465892287217,0.8040462239583334,0.6257821321487427
pythia-410m,draw_3,high,6,0.40677043156333664,0.010359651396260652,0.26992968257173766,0.8623133680555556,0.9808496236801147
pythia-410m,draw_3,high,7,0.41601192272436255,0.007948640387222322,0.2848915439892372,0.8941102430555555,0.8385472297668457
pythia-410m,draw_3,high,8,0.4228019800219934,0.006144307705598674,0.3048777212804552,0.9607454427083333,0.7915042042732239
pythia-410m,draw_3,high,9,0.4239675444633172,0.005340282187557059,0.30729211149776225,0.9645160590277778,0.7212634086608887
pythia-410m,draw_3,high,10,0.4174852024331667,0.005441784356569432,0.28185892409517144,0.9628949652777777,0.6635080575942993
pythia-410m,draw_3,high,11,0.4185968998233001,0.006921903986164099,0.2651964230306758,0.9634168836805556,0.6194272041320801
pythia-410m,draw_3,high,12,0.40873646645200945,0.007493277238485534,0.26106211652719646,0.9674641927083333,0.6107161045074463
pythia-410m,draw_3,high,13,0.4085654833929785,0.006063649339914603,0.2819262746755351,0.9488509114583333,0.6587687730789185
pythia-410m,draw_3,high,14,0.3991433124055482,0.0067985471560384255,0.2829886456972459,0.9060264756944445,0.6391509175300598
pythia-410m,draw_3,high,15,0.39140352334328493,0.005699557129342501,0.2718799824096365,0.9735112847222223,0.7043220400810242
pythia-410m,draw_3,high,16,0.3946182207751129,0.005280999962052589,0.27799782674483375,0.9604307725694444,0.7269626259803772
pythia-410m,draw_3,high,17,0.37894090176705475,0.0063552819070107685,0.24881314508246088,0.9604752604166666,0.6896070837974548
pythia-410m,draw_3,high,18,0.3474903445824016,0.009037899939955504,0.22239215355805841,0.9620073784722222,0.827995240688324
pythia-410m,draw_3,high,19,0.35908925128836455,0.013212333652517193,0.22175157406297008,0.8885828993055556,0.7735028266906738
pythia-410m,draw_3,high,20,0.3544162001556749,0.014407467463216089,0.21278473275737286,0.8993934461805555,0.6504800915718079
pythia-410m,draw_3,high,21,0.3762753351941645,0.01486601092865695,0.23928091895698356,0.8269997829861111,0.6554932594299316
pythia-410m,draw_3,high,22,0.39556249286381595,0.01155965163551776,0.25885324679105093,0.9072298177083333,0.7331376671791077
pythia-410m,draw_3,high,23,0.4227651498758261,0.008067558434303877,0.306831155103904,0.8353667534722222,0.8027832508087158
pythia-410m,draw_3,very_high,0,0.33185991004735255,0.026042800965686556,0.0840271328787503,0.9812684461805555,0.433779239654541
pythia-410m,draw_3,very_high,1,0.3276684724829401,0.014150930752282017,0.1969243004097354,0.9868630642361111,1.36870276927948
pythia-410m,draw_3,very_high,2,0.3423456370174773,0.010841894323929655,0.14204430742088636,0.984345703125,1.0487010478973389
pythia-410m,draw_3,very_high,3,0.3900696645623343,0.00663470466634448,0.19031212621661675,0.9409592013888889,0.8396168947219849
pythia-410m,draw_3,very_high,4,0.38590960623795756,0.008969616732544882,0.185717426667092,0.8695735677083334,0.8572459816932678
pythia-410m,draw_3,very_high,5,0.44739424485191337,0.01014142036486334,0.24501752156662437,0.8004568142361111,0.6435896158218384
pythia-410m,draw_3,very_high,6,0.41021130999936517,0.009908939692199366,0.26169361604239794,0.8574088541666667,0.9732846617698669
pythia-410m,draw_3,very_high,7,0.41800961372841816,0.008220319919434149,0.2740683100274479,0.8895138888888889,0.8245974779129028
pythia-410m,draw_3,very_high,8,0.4244015710755918,0.006373462387939862,0.2940466107502151,0.9606597222222222,0.7782297134399414
pythia-410m,draw_3,very_high,9,0.4254060329363567,0.00560121437325914,0.296182331462733,0.9635926649305555,0.706699550151825
pythia-410m,draw_3,very_high,10,0.41741537069467366,0.005489095807523313,0.26968972347967557,0.9625640190972222,0.6535574793815613
pythia-410m,draw_3,very_high,11,0.41879211252495835,0.007351370720567107,0.2534069757682491,0.962470703125,0.6122186779975891
pythia-410m,draw_3,very_high,12,0.40990264588359776,0.007241352595459312,0.25099493093095737,0.9667957899305556,0.6003313064575195
pythia-410m,draw_3,very_high,13,0.4089449221351478,0.005604785201398757,0.27227702653609964,0.9509244791666667,0.6521198749542236
pythia-410m,draw_3,very_high,14,0.40067251298926004,0.007058584251244467,0.2769538169522483,0.9058908420138889,0.6370344161987305
pythia-410m,draw_3,very_high,15,0.3933069726147851,0.005650248145091222,0.26788662182089507,0.9733213975694445,0.7004806995391846
pythia-410m,draw_3,very_high,16,0.39622716901538685,0.005642183436368432,0.27354656076525297,0.9583181423611111,0.7188031077384949
pythia-410m,draw_3,very_high,17,0.38308837463975887,0.0059464466686876575,0.2474354375266934,0.9579839409722222,0.6775482296943665
pythia-410m,draw_3,very_high,18,0.3499390077014631,0.00784713066235899,0.22418960540529098,0.9640928819444444,0.816187858581543
pythia-410m,draw_3,very_high,19,0.36015882626408496,0.01235134375924557,0.22491425615292826,0.8940310329861111,0.7719672322273254
pythia-410m,draw_3,very_high,20,0.3547848253025615,0.012370658732390929,0.21934878705454208,0.9092317708333333,0.6583419442176819
pythia-410m,draw_3,very_high,21,0.37424440046011026,0.014055254873362117,0.24705418766549814,0.8317513020833334,0.6875200867652893
pythia-410m,draw_3,very_high,22,0.39441580264994724,0.012169586721665446,0.2688470791479185,0.9040028211805555,0.7559266686439514
pythia-410m,draw_3,very_high,23,0.4216133211729579,0.008071249484999399,0.31511240034334387,0.8387065972222222,0.8194246292114258
pythia-410m,draw_3,control,0,0.3454455234082628,0.03886794230715188,0.07910430732602758,0.9784255642361112,0.40920212864875793
pythia-410m,draw_3,control,1,0.32676735290254216,0.012991572512758603,0.192612240136238,0.98720703125,1.3743536472320557
pythia-410m,draw_3,control,2,0.3397827351825696,0.010971448980650216,0.1412779566769169,0.9849652777777778,1.0477641820907593
pythia-410m,draw_3,control,3,0.3881395114452831,0.007291517454532388,0.18874169104852112,0.9400813802083333,0.8343890309333801
pythia-410m,draw_3,control,4,0.38494381053875504,0.008271767886398584,0.1852421122667629,0.8655512152777778,0.8403645753860474
pythia-410m,draw_3,control,5,0.4471089758185765,0.009883531918450072,0.2445287180853315,0.7970041232638889,0.6344354152679443
pythia-410m,draw_3,control,6,0.4079835778314215,0.010353922930120846,0.26329751043024197,0.8607421875,0.9717926979064941
pythia-410m,draw_3,control,7,0.41678054610787363,0.007409548315271564,0.27826678557395623,0.8888975694444444,0.8260144591331482
pythia-410m,draw_3,control,8,0.42379755078794346,0.0061132448635472965,0.30055969738678767,0.9605230034722222,0.7791000008583069
pythia-410m,draw_3,control,9,0.4245450515174182,0.005880921025973938,0.30203999702078077,0.9641286892361111,0.7084388732910156
pythia-410m,draw_3,control,10,0.4172139105355108,0.005660315529012832,0.2755241972472444,0.962880859375,0.6542481780052185
pythia-410m,draw_3,control,11,0.4183052235589534,0.007101998155638412,0.2576627101983531,0.962822265625,0.6138555407524109
pythia-410m,draw_3,control,12,0.4089291071586145,0.006944625137596675,0.2543234826120042,0.9671918402777778,0.6024112701416016
pythia-410m,draw_3,control,13,0.4084499803628248,0.005804904351977157,0.2750225918914,0.9501378038194445,0.6538817286491394
pythia-410m,draw_3,control,14,0.4002255689556803,0.007257378062864735,0.2797122381352808,0.9044259982638889,0.6356078386306763
pythia-410m,draw_3,control,15,0.39228853966642735,0.0053950654831535294,0.26944529823550845,0.9733528645833334,0.7020124197006226
pythia-410m,draw_3,control,16,0.39535570785972973,0.005393120652570241,0.2753088607680161,0.9587662760416666,0.7231938242912292
pythia-410m,draw_3,control,17,0.3816969565512036,0.006451974422524978,0.2481649485532016,0.9580707465277778,0.6819167137145996
pythia-410m,draw_3,control,18,0.34862157782348574,0.008999678381004376,0.22417502246743837,0.9615679253472222,0.8165249228477478
pythia-410m,draw_3,control,19,0.35924212454619686,0.013918053903741148,0.22427965194093002,0.8894856770833334,0.7647481560707092
pythia-410m,draw_3,control,20,0.35309037985832037,0.01530713672385447,0.21801924611026502,0.9061360677083333,0.6501096487045288
pythia-410m,draw_3,control,21,0.3745094799775081,0.015472070338160502,0.2450895494683134,0.82802734375,0.671026885509491
pythia-410m,draw_3,control,22,0.3936890415115545,0.012859747735424133,0.26629484590401375,0.906669921875,0.7542107701301575
pythia-410m,draw_3,control,23,0.4219820413128102,0.008744208542536352,0.3132536746242456,0.839833984375,0.8107414245605469
pythia-1b,draw_1,low,0,0.4050738927483717,0.013999209267259007,0.07619460958763069,0.9649848090277777,0.32919296622276306
pythia-1b,draw_1,low,1,0.30705967342282076,0.009070994261198301,0.17164203727929483,0.9851784939236111,1.6282495260238647
pythia-1b,draw_1,low,2,0.3335578149304424,0.01127368797707202,0.16847438689984173,0.9373757595486111,1.2383826971054077
pythia-1b,draw_1,low,3,0.4262222425411767,0.013395327333044849,0.25538613326529647,0.8595735677083334,0.9414523243904114
pythia-1b,draw_1,low,4,0.34665205077951794,0.00848036673510822,0.2277081700706649,0.9346468098958334,1.2723884582519531
pythia-1b,draw_1,low,5,0.3916727043080308,0.005886310210248031,0.26093174396950625,0.9342236328125,0.956648588180542
pythia-1b,draw_1,low,6,0.4152969970683541,0.005646131293323719,0.2896655029922177,0.9582156032986111,0.828123152256012
pythia-1b,draw_1,low,7,0.41194452451840613,0.004472310566831862,0.3013766236124442,0.9669102647569444,0.9101606607437134
pythia-1b,draw_1,low,8,0.4126059721054988,0.004704512969114649,0.3054912866971551,0.9660975477430556,0.8265572786331177
pythia-1b,draw_1,low,9,0.40123677109114775,0.0033362690559913225,0.29707920193914084,0.9681092664930555,0.8505365252494812
pythia-1b,draw_1,low,10,0.34823134196366745,0.006180723843655462,0.25123998394293423,0.9801904296875,1.1022499799728394
pythia-1b,draw_1,low,11,0.36369549176546645,0.005721242994639842,0.25520282976968156,0.9775054253472222,1.0075023174285889
pythia-1b,draw_1,low,12,0.32700019992899,0.010299002214950347,0.20206046450383153,0.9796023220486111,1.0710852146148682
pythia-1b,draw_1,low,13,0.353308951810667,0.009665148993933309,0.21351346687383876,0.974375,0.916936993598938
pythia-1b,draw_1,low,14,0.3794028581548911,0.007982688844963842,0.22604810143855292,0.9468777126736111,0.8789377212524414
pythia-1b,draw_1,low,15,0.41607578669410233,0.008097680936918738,0.2701154544182309,0.8345491536458334,0.9170031547546387
pythia-1b,draw_1,medium,0,0.3844897359884583,0.022386524876366585,0.08461062842525435,0.9696202256944444,0.3727445602416992
pythia-1b,draw_1,medium,1,0.3110638162233249,0.009948041636166723,0.172188432850785,0.9837787543402777,1.5886527299880981
pythia-1b,draw_1,medium,2,0.3389343056326027,0.011127468986644115,0.16478949546519917,0.9254351128472222,1.2129465341567993
pythia-1b,draw_1,medium,3,0.42386439694788425,0.012550376378686378,0.247309980936401,0.8691623263888889,0.9312875866889954
pythia-1b,draw_1,medium,4,0.3492516382497825,0.008586845307340168,0.2248772775347585,0.9324104817708333,1.2617933750152588
pythia-1b,draw_1,medium,5,0.3926186905537708,0.0066736334503082915,0.2578082619662334,0.9272764756944445,0.9562682509422302
pythia-1b,draw_1,medium,6,0.4150498304608347,0.008560626442512913,0.2877530949775684,0.9576068793402778,0.8291945457458496
pythia-1b,draw_1,medium,7,0.41171960840846167,0.007930892153158689,0.29697428180072505,0.9669520399305556,0.9024083614349365
pythia-1b,draw_1,medium,8,0.4123514740839189,0.007125001928433084,0.3008307558689509,0.9656700303819444,0.8272629976272583
pythia-1b,draw_1,medium,9,0.4009847768429114,0.004589944729116308,0.29179137955404055,0.9670746527777778,0.8551179766654968
pythia-1b,draw_1,medium,10,0.34909153808558896,0.007248577537636427,0.24731382101581212,0.9802902560763889,1.100992202758789
pythia-1b,draw_1,medium,11,0.36525916347151666,0.00599022463517904,0.24969763179751148,0.9773019748263889,0.9920613765716553
pythia-1b,draw_1,medium,12,0.32708226441693633,0.010425033146523316,0.19511610739161722,0.9798171657986111,1.0580931901931763
pythia-1b,draw_1,medium,13,0.35341130694323053,0.010129545154040425,0.20832244528280253,0.9729817708333334,0.903214156627655
pythia-1b,draw_1,medium,14,0.3782105886610705,0.008651484088940403,0.22240407912625626,0.9455213758680555,0.8783115148544312
pythia-1b,draw_1,medium,15,0.4158681714780303,0.008688422135971133,0.2724375820727676,0.8322048611111111,0.9263537526130676
pythia-1b,draw_1,high,0,0.3342796203848503,0.029379337508882743,0.1009998031596433,0.9800721571180555,0.493110716342926
pythia-1b,draw_1,high,1,0.31254457875415254,0.008954593276097319,0.18275659661015986,0.9826681857638889,1.5649949312210083
pythia-1b,draw_1,high,2,0.3411888436826521,0.010575845390502577,0.16410310867468225,0.9201030815972222,1.1898900270462036
pythia-1b,draw_1,high,3,0.42488633248913366,0.010757275320444248,0.2450065126342882,0.8734879557291667,0.9297917485237122
pythia-1b,draw_1,high,4,0.35355385953757984,0.009260066301503703,0.21808861185638628,0.9283414713541667,1.2382508516311646
pythia-1b,draw_1,high,5,0.39340095385906604,0.005524321462353263,0.25112592766866526,0.9204340277777778,0.9601028561592102
pythia-1b,draw_1,high,6,0.4150860592100081,0.005879631062896856,0.28128342754930236,0.9585666232638889,0.8299353718757629
pythia-1b,draw_1,high,7,0.4116074343950235,0.005019026479356999,0.2895965269053873,0.9669325086805556,0.8960787653923035
pythia-1b,draw_1,high,8,0.41223680288840114,0.00484376269310874,0.29427922614969715,0.9649929470486112,0.8297087550163269
pythia-1b,draw_1,high,9,0.40124094644162756,0.0033093543510659337,0.28806131290738635,0.9662999131944444,0.8647344708442688
pythia-1b,draw_1,high,10,0.3511549617979082,0.006253939337164529,0.24566899719017532,0.9797970920138889,1.1025813817977905
pythia-1b,draw_1,high,11,0.36817437150065724,0.0060193162854795075,0.24725853048308277,0.9766069878472222,0.9809651970863342
pythia-1b,draw_1,high,12,0.3311099021705572,0.010267304866202677,0.19536569352208666,0.9802853732638889,1.0481457710266113
pythia-1b,draw_1,high,13,0.35567946973801556,0.009162670555710616,0.20958060122155198,0.9705278862847222,0.9005864262580872
pythia-1b,draw_1,high,14,0.378247194261947,0.006967625537003745,0.22793589903647327,0.9409201388888889,0.8813965916633606
pythia-1b,draw_1,high,15,0.41503441937041946,0.007525834405526678,0.2805605264996587,0.82466796875,0.9262714982032776
pythia-1b,draw_1,very_high,0,0.28923397369835585,0.01960792251606643,0.12276503494279156,0.9890256076388889,0.6319766640663147
pythia-1b,draw_1,very_high,1,0.3123889431334025,0.01118068788288651,0.19270675154295502,0.9819873046875,1.5653698444366455
pythia-1b,draw_1,very_high,2,0.34140153823445857,0.011459171833999169,0.16314968039160704,0.9211865234375,1.1976828575134277
pythia-1b,draw_1,very_high,3,0.425491409353249,0.010934083251424375,0.24854366653182636,0.8755056423611111,0.9469191431999207
pythia-1b,draw_1,very_high,4,0.36012606454072776,0.00993778293965356,0.20925757263002742,0.9202007378472222,1.2016223669052124
pythia-1b,draw_1,very_high,5,0.3952315833810832,0.00593921256772085,0.24253416723358234,0.9113910590277777,0.9481170773506165
pythia-1b,draw_1,very_high,6,0.4154563134959734,0.006060546329928332,0.27288315279166486,0.9569759114583334,0.8162914514541626
pythia-1b,draw_1,very_high,7,0.4125999934424562,0.005459078866225404,0.2846215176250182,0.9665614149305556,0.8852843642234802
pythia-1b,draw_1,very_high,8,0.4128610322567709,0.0051820030612565295,0.28818719548774707,0.9648828125,0.8197221159934998
pythia-1b,draw_1,very_high,9,0.40232988021551447,0.0035029473804620444,0.2847135774916665,0.9659168836805555,0.8662535548210144
pythia-1b,draw_1,very_high,10,0.3556878144618748,0.006392205942305767,0.24456528880850947,0.9783962673611111,1.08964204788208
pythia-1b,draw_1,very_high,11,0.37069298192778216,0.006664931260600892,0.2423637629535993,0.9761268446180555,0.9637236595153809
pythia-1b,draw_1,very_high,12,0.3349235271790863,0.011344029978321962,0.19497074662329483,0.9805365668402778,1.0345714092254639
pythia-1b,draw_1,very_high,13,0.35803263042226713,0.009800196900217946,0.20947056196373115,0.9684754774305555,0.8969676494598389
pythia-1b,draw_1,very_high,14,0.3771025001744979,0.007044900847920144,0.23251639844699334,0.9387391493055556,0.8919811248779297
pythia-1b,draw_1,very_high,15,0.4119373644600214,0.008173382587938339,0.2876285809347048,0.8243543836805556,0.9395378232002258
pythia-1b,draw_1,control,0,0.3012574969657725,0.03565644929296724,0.11672916918459197,0.9866243489583333,0.5984761118888855
pythia-1b,draw_1,control,1,0.3123293552944441,0.010755850632878164,0.18829301088688166,0.9823442925347222,1.5670018196105957
pythia-1b,draw_1,control,2,0.34035201452244734,0.011240186508999933,0.16209195389010156,0.9216178385416667,1.197930097579956
pythia-1b,draw_1,control,3,0.4247422135515004,0.01104351253258564,0.2465415038629819,0.8774289279513889,0.9326516389846802
pythia-1b,draw_1,control,4,0.3593585654485108,0.009142667455908374,0.21500076655690514,0.9219704861111111,1.2031328678131104
pythia-1b,draw_1,control,5,0.3950521617185056,0.005783705562782151,0.24688600068200528,0.9125775824652778,0.9500356912612915
pythia-1b,draw_1,control,6,0.41617901248876116,0.006069956080353965,0.2783205509815476,0.9568538411458334,0.8169680237770081
pythia-1b,draw_1,control,7,0.4124630840834463,0.005411572327799453,0.28580548449963605,0.9668435329861111,0.8835912942886353
pythia-1b,draw_1,control,8,0.4128845838472068,0.004936589062657345,0.29135642871399203,0.9652197265625,0.8180398344993591
pythia-1b,draw_1,control,9,0.4018120786006317,0.0036362192529841696,0.28812229688670943,0.9660026041666666,0.8648834824562073
pythia-1b,draw_1,control,10,0.3535227008356285,0.00697866804720305,0.24647063653113732,0.9791634114583333,1.0994030237197876
pythia-1b,draw_1,control,11,0.3696476771827736,0.006272399453450175,0.24628385059918045,0.9762727864583334,0.974899172782898
pythia-1b,draw_1,control,12,0.3337456241090905,0.01063972691135605,0.19500532250060876,0.9803504774305556,1.0418593883514404
pythia-1b,draw_1,control,13,0.3573410758250078,0.009805145440124135,0.20907677130051683,0.9697265625,0.9035072922706604
pythia-1b,draw_1,control,14,0.3776513049257151,0.007236029099988194,0.2301854602150606,0.9399262152777778,0.8920873403549194
pythia-1b,draw_1,control,15,0.412705708583287,0.008027809284534478,0.2828842675591994,0.8256179470486111,0.9376131296157837
pythia-1b,draw_2,low,0,0.4030356826210068,0.018636024385053514,0.07724466035729849,0.9642778862847222,0.33547699451446533
pythia-1b,draw_2,low,1,0.3080918447944971,0.009464095661505889,0.17237516500279138,0.9851204427083333,1.6193127632141113
pythia-1b,draw_2,low,2,0.33400456504072396,0.011088282435338607,0.1674289681294696,0.937060546875,1.2354203462600708
pythia-1b,draw_2,low,3,0.4263459505309425,0.013430610480351653,0.25637706536622873,0.8609982638888889,0.9414637684822083
pythia-1b,draw_2,low,4,0.34751739331008197,0.00860055473299881,0.22766547063828413,0.9328548177083333,1.2675137519836426
pythia-1b,draw_2,low,5,0.3918434250257641,0.00582264073479607,0.2594351448367658,0.9333349609375,0.9522393345832825
pythia-1b,draw_2,low,6,0.41536651824143483,0.0059324102029688795,0.29006639545785484,0.9584559461805555,0.8277773857116699
pythia-1b,draw_2,low,7,0.41256443262501735,0.004739936978013146,0.30160212903796735,0.9669563802083333,0.9079229235649109
pythia-1b,draw_2,low,8,0.4130156778113486,0.0051606049056179505,0.30560344466779776,0.9659982638888889,0.8251436948776245
pythia-1b,draw_2,low,9,0.40103099558274075,0.0035919517494168965,0.29712606449790435,0.9678580729166667,0.8539021015167236
pythia-1b,draw_2,low,10,0.3480308384628072,0.006282751413841348,0.2522239526763286,0.9803841145833333,1.1098222732543945
pythia-1b,draw_2,low,11,0.36357240634254295,0.005490097846280746,0.25649718939066624,0.9776850043402778,1.0131165981292725
pythia-1b,draw_2,low,12,0.32656755308147634,0.010340055473328722,0.2026442276177316,0.9792241753472222,1.0700842142105103
pythia-1b,draw_2,low,13,0.35339434619348264,0.010461926369450689,0.21473899868558255,0.9738774956597223,0.912723183631897
pythia-1b,draw_2,low,14,0.38056988104045,0.008598144957961176,0.22685502647837907,0.9471728515625,0.877717137336731
pythia-1b,draw_2,low,15,0.4177129215079908,0.008401632150291957,0.2713836709464701,0.8342355685763889,0.9192386865615845
pythia-1b,draw_2,medium,0,0.38409722067337543,0.02443860740155217,0.08429039030196761,0.9696641710069445,0.3751712143421173
pythia-1b,draw_2,medium,1,0.3118403868361031,0.009291644541693886,0.17174349269831524,0.9837950303819445,1.5935823917388916
pythia-1b,draw_2,medium,2,0.33950058554556933,0.011264132213914604,0.16557175845967298,0.9253141276041666,1.2133733034133911
pythia-1b,draw_2,medium,3,0.4233360825741106,0.012331144303172198,0.24659158197732545,0.8725358072916667,0.9310131669044495
pythia-1b,draw_2,medium,4,0.35005985230136916,0.008030641205096842,0.22509555647767332,0.9300661892361111,1.2622883319854736
pythia-1b,draw_2,medium,5,0.3924394620302675,0.005275973300723999,0.25864547497236123,0.927890625,0.9642829298973083
pythia-1b,draw_2,medium,6,0.41579258557849347,0.005819071091156634,0.29055279242901877,0.9581157769097223,0.831247091293335
pythia-1b,draw_2,medium,7,0.4112878988768014,0.0045318790332421295,0.29847552435073044,0.9671500651041667,0.9069944024085999
pythia-1b,draw_2,medium,8,0.4130607106085025,0.004792933795668697,0.304762306328894,0.9655034722222222,0.8289549946784973
pythia-1b,draw_2,medium,9,0.4011491655633868,0.0032514680246368923,0.2960669849995934,0.9673746744791667,0.8623892068862915
pythia-1b,draw_2,medium,10,0.3491921103690274,0.006327545021527909,0.25172571802946053,0.9802891710069445,1.1092538833618164
pythia-1b,draw_2,medium,11,0.3655150225537449,0.00611753586278541,0.2546749229115399,0.9777766927083333,0.99600750207901
pythia-1b,draw_2,medium,12,0.3283103768892397,0.0095565080730645,0.19921106497844554,0.9791970486111111,1.0503793954849243
pythia-1b,draw_2,medium,13,0.3529846740490107,0.009353855569765451,0.2119140222840601,0.9731499565972223,0.8998632431030273
pythia-1b,draw_2,medium,14,0.37844208794417084,0.006929326004959874,0.2254645866868512,0.9447683376736111,0.8721292614936829
pythia-1b,draw_2,medium,15,0.4160649887099862,0.008004376670518953,0.2745450541743215,0.8297184244791667,0.9195302724838257
pythia-1b,draw_2,high,0,0.33410209970380844,0.02547409547322876,0.10002547044685328,0.9808561197916666,0.49203094840049744
pythia-1b,draw_2,high,1,0.31286184331733896,0.009345859496875789,0.18275404233167114,0.9825341796875,1.556455373764038
pythia-1b,draw_2,high,2,0.34151481563662817,0.010529183815395941,0.16769352471571675,0.9184456380208333,1.175751805305481
pythia-1b,draw_2,high,3,0.4251008828756879,0.011186455232621921,0.24802042706210536,0.8723399522569445,0.9169375896453857
pythia-1b,draw_2,high,4,0.3542297975863671,0.007641299899518919,0.22174127153869816,0.9287434895833333,1.2293214797973633
pythia-1b,draw_2,high,5,0.3942422925547422,0.004780770549123361,0.25291171579845617,0.9186599392361111,0.9527090787887573
pythia-1b,draw_2,high,6,0.415871724596143,0.005741563382366112,0.2845708433059764,0.9571354166666667,0.8264584541320801
pythia-1b,draw_2,high,7,0.4116749261871237,0.005289949542625665,0.29247853249489375,0.9673448350694445,0.9005070924758911
pythia-1b,draw_2,high,8,0.41275761246856935,0.005176277300506217,0.2979059332542986,0.9654177517361111,0.830284833908081
pythia-1b,draw_2,high,9,0.4011818917311708,0.003669119473305924,0.29049738590387864,0.9665310329861111,0.8637121319770813
pythia-1b,draw_2,high,10,0.3511406603283429,0.005999471782391566,0.24716376848664856,0.9798410373263889,1.1036779880523682
pythia-1b,draw_2,high,11,0.36837984593529693,0.005998236702674489,0.24899392278035481,0.9771440972222222,0.9805867671966553
pythia-1b,draw_2,high,12,0.33055614216748025,0.00951436157554901,0.1955593179546551,0.9797900390625,1.0487715005874634
pythia-1b,draw_2,high,13,0.35491242497733455,0.00883761278844166,0.20960713800481057,0.9711518012152778,0.8992934823036194
pythia-1b,draw_2,high,14,0.37750494202176205,0.007352603542041106,0.22747667152125461,0.9422623697916667,0.8811272382736206
pythia-1b,draw_2,high,15,0.4146017580627011,0.00821208628505464,0.280728020623207,0.8264431423611112,0.9278265833854675
pythia-1b,draw_2,very_high,0,0.2880315640493544,0.021172624440665696,0.11993051078603267,0.9891921657986111,0.6303965449333191
pythia-1b,draw_2,very_high,1,0.31329964761685214,0.009957924088447026,0.19325938735186932,0.9816965060763889,1.558853030204773
pythia-1b,draw_2,very_high,2,0.3430919926727553,0.010597498158693824,0.1650469840959914,0.9184798177083333,1.1822963953018188
pythia-1b,draw_2,very_high,3,0.42583475293108364,0.010083833865100065,0.2508108144447605,0.8756005859375,0.9391404986381531
pythia-1b,draw_2,very_high,4,0.3614202702240085,0.009441436800660126,0.21528085465574498,0.91658203125,1.1899569034576416
pythia-1b,draw_2,very_high,5,0.3956819708491014,0.0053498704783598245,0.2464899219207599,0.9091004774305556,0.9423423409461975
pythia-1b,draw_2,very_high,6,0.41659161497761815,0.006040456950690861,0.2769203930992852,0.9567599826388888,0.8121302127838135
pythia-1b,draw_2,very_high,7,0.41250185837100417,0.005183484257468945,0.28527720587008143,0.9663189019097222,0.8818259835243225
pythia-1b,draw_2,very_high,8,0.41196008549712293,0.004990609465723351,0.2903451846228444,0.9654644097222222,0.8235223889350891
pythia-1b,draw_2,very_high,9,0.4018450063294607,0.0035775955980658024,0.28647426574559587,0.9658327907986111,0.8676260113716125
pythia-1b,draw_2,very_high,10,0.35412705456049537,0.006953816881967685,0.24517764414185317,0.9789805772569444,1.0906848907470703
pythia-1b,draw_2,very_high,11,0.37094219189942323,0.006115622245747614,0.24495305459555494,0.9762754991319444,0.9653806090354919
pythia-1b,draw_2,very_high,12,0.3343465585179089,0.009830453159820155,0.19604451099553222,0.9805186631944445,1.040241003036499
pythia-1b,draw_2,very_high,13,0.3578107199991516,0.009360191297974373,0.21060143779123575,0.9694932725694444,0.8985486626625061
pythia-1b,draw_2,very_high,14,0.3770439391878443,0.0063588870135689625,0.2336694904662704,0.9397710503472222,0.8932592272758484
pythia-1b,draw_2,very_high,15,0.4117136261142985,0.007781146033572916,0.28807608545743313,0.8275949435763889,0.9423227310180664
pythia-1b,draw_2,control,0,0.3044570302294216,0.03845584140202672,0.11769270039553503,0.9858810763888889,0.5936539173126221
pythia-1b,draw_2,control,1,0.3108111441866011,0.00977307567482884,0.18768002995838695,0.9824126519097223,1.577745795249939
pythia-1b,draw_2,control,2,0.33993569746784136,0.01126389205348462,0.1607249200816705,0.9227593315972222,1.2022186517715454
pythia-1b,draw_2,control,3,0.42479270979649036,0.010648586977908762,0.24576551503806532,0.8757405598958333,0.9406940340995789
pythia-1b,draw_2,control,4,0.3581054013153421,0.010033971092127371,0.2117812921061062,0.9217914496527778,1.2096706628799438
pythia-1b,draw_2,control,5,0.3940690870460439,0.005846943267192461,0.245922488257579,0.9134380425347223,0.950934112071991
pythia-1b,draw_2,control,6,0.41544701828673525,0.005721515887909103,0.2765281459245017,0.9572124565972222,0.819034218788147
pythia-1b,draw_2,control,7,0.412189299060662,0.005439515969141701,0.2871333903782982,0.9668419053819445,0.891660749912262
pythia-1b,draw_2,control,8,0.4129476118852753,0.005300748426909112,0.29131997622647376,0.9646560329861111,0.8241468667984009
pythia-1b,draw_2,control,9,0.4015193671716693,0.003147684161251203,0.28579728585053554,0.9664268663194444,0.865301251411438
pythia-1b,draw_2,control,10,0.3536119266722,0.006196843156596066,0.2445282135200464,0.9789876302083333,1.1009835004806519
pythia-1b,draw_2,control,11,0.36920642597770476,0.006042336770997504,0.24502062676279457,0.9765397135416667,0.9779746532440186
pythia-1b,draw_2,control,12,0.33322590264056756,0.00970807562465454,0.1944441082760595,0.9800401475694445,1.045600414276123
pythia-1b,draw_2,control,13,0.3576643149206459,0.009724368874137034,0.20785746698560037,0.969892578125,0.9033173322677612
pythia-1b,draw_2,control,14,0.37790663248588874,0.006559609660849391,0.22817558445755326,0.9405224609375,0.8935941457748413
pythia-1b,draw_2,control,15,0.4126938124572769,0.0075931753667450985,0.2805409498702245,0.8281922743055555,0.9388417601585388
pythia-1b,draw_3,low,0,0.40191257446007506,0.019805498477262103,0.07696751823759551,0.9652256944444444,0.3374650478363037
pythia-1b,draw_3,low,1,0.3074406812750851,0.009680232205452397,0.17072947604809507,0.9848893229166666,1.6246148347854614
pythia-1b,draw_3,low,2,0.3332733127115488,0.010726754630292986,0.16761258800728895,0.9380935329861111,1.2381118535995483
pythia-1b,draw_3,low,3,0.4250629117661928,0.012626166770690714,0.2544942473405982,0.8613199869791667,0.9409632682800293
pythia-1b,draw_3,low,4,0.3464475325842683,0.007647467503622876,0.2281810947023557,0.9345855034722222,1.2744206190109253
pythia-1b,draw_3,low,5,0.39187341414059257,0.0057740060400925325,0.2602574554299939,0.9340304904513889,0.9574748277664185
pythia-1b,draw_3,low,6,0.41552913433074984,0.005621743187228715,0.2890103248516407,0.9579573567708334,0.8284991383552551
pythia-1b,draw_3,low,7,0.41249785829548935,0.004393285055338642,0.3010898865286533,0.9670589192708333,0.9077067971229553
pythia-1b,draw_3,low,8,0.41331518788472194,0.004848376736584485,0.3057422491001174,0.9657530381944445,0.8261002898216248
pythia-1b,draw_3,low,9,0.4016401907233926,0.0033738213397364533,0.2965150885867076,0.9675835503472222,0.8523173928260803
pythia-1b,draw_3,low,10,0.3487876534192191,0.006488303649713764,0.2512350228480851,0.9798773871527777,1.09658682346344
pythia-1b,draw_3,low,11,0.3641966973138587,0.006001315120604027,0.25547752324116346,0.9774245876736111,1.0031440258026123
pythia-1b,draw_3,low,12,0.32679299126472017,0.010658879377200548,0.20093119623355493,0.9795377604166666,1.064733862876892
pythia-1b,draw_3,low,13,0.3528020866259599,0.009801203257485179,0.21367116096467464,0.9735264756944444,0.9132201671600342
pythia-1b,draw_3,low,14,0.3796184913971677,0.008148093813700647,0.22723534540864376,0.9456103515625,0.8768889307975769
pythia-1b,draw_3,low,15,0.4164315693397064,0.008343279061527632,0.2727103534604496,0.8318256293402778,0.9191329479217529
pythia-1b,draw_3,medium,0,0.3842621935409614,0.022346231419054365,0.08514093747299678,0.9698198784722222,0.37324172258377075
pythia-1b,draw_3,medium,1,0.31118414498330643,0.010530705429365444,0.17190033640398594,0.9835270182291667,1.5893875360488892
pythia-1b,draw_3,medium,2,0.33982201687546826,0.011514852054113426,0.16549448294872593,0.9246869574652777,1.21051025390625
pythia-1b,draw_3,medium,3,0.4225166556219848,0.01284007495800019,0.24517045255120218,0.873388671875,0.9293660521507263
pythia-1b,draw_3,medium,4,0.35022359122837093,0.008869439763890184,0.2244352629039741,0.9311810980902778,1.256468653678894
pythia-1b,draw_3,medium,5,0.39291623121683905,0.005863610712986339,0.2560940774444749,0.9259754774305555,0.9572957158088684
pythia-1b,draw_3,medium,6,0.41538535814320615,0.006197196968202907,0.2876353850807869,0.9584532335069444,0.8322938084602356
pythia-1b,draw_3,medium,7,0.41125767472230523,0.004859391180632757,0.29619756561709143,0.9668967013888888,0.9053118228912354
pythia-1b,draw_3,medium,8,0.41253337755990155,0.004733340858654636,0.301997359340489,0.9655186631944445,0.8280127644538879
pythia-1b,draw_3,medium,9,0.40132493235153266,0.0032565555168371737,0.29402659906283435,0.9669986979166667,0.8581650853157043
pythia-1b,draw_3,medium,10,0.34904073664295043,0.0061807688096442714,0.24995270706869221,0.9801068793402777,1.109110951423645
pythia-1b,draw_3,medium,11,0.3654950380836098,0.006096339812829362,0.2535710909037421,0.9770708550347222,0.999112069606781
pythia-1b,draw_3,medium,12,0.32797170820155225,0.00950235465385373,0.19912414716178195,0.9792230902777778,1.0620359182357788
pythia-1b,draw_3,medium,13,0.3540279615503319,0.00922489352053855,0.21222228180067382,0.9728211805555556,0.9079962968826294
pythia-1b,draw_3,medium,14,0.3790965321756193,0.007697726316619387,0.22549748000232395,0.94484375,0.8776402473449707
pythia-1b,draw_3,medium,15,0.4177786060427012,0.007879844713452941,0.27415912212260785,0.8286024305555556,0.9207162857055664
pythia-1b,draw_3,high,0,0.33663278525615836,0.02778914169074849,0.09932817936247962,0.9801329210069445,0.4849745035171509
pythia-1b,draw_3,high,1,0.3120582860398304,0.00939079373676632,0.1829402947491383,0.9828727213541667,1.5632071495056152
pythia-1b,draw_3,high,2,0.3411608012518448,0.01091621562366209,0.16412157356856927,0.9190049913194445,1.1845901012420654
pythia-1b,draw_3,high,3,0.424944796083889,0.012264444519072945,0.24510819881648627,0.8714968532986112,0.9259954690933228
pythia-1b,draw_3,high,4,0.35443757018555594,0.008617657904398373,0.21753644673115957,0.9278862847222222,1.2311151027679443
pythia-1b,draw_3,high,5,0.39387091210941494,0.005702505436990789,0.2521136713125669,0.9199625651041666,0.9566365480422974
pythia-1b,draw_3,high,6,0.4149273020599544,0.005915106095084152,0.2835181105078277,0.9576622178819445,0.8309377431869507
pythia-1b,draw_3,high,7,0.41110771037629157,0.0050497125581381655,0.2918857427241037,0.9665462239583333,0.9015294313430786
pythia-1b,draw_3,high,8,0.41279693649698085,0.004886030315693396,0.2984748734700433,0.9652018229166667,0.8333004713058472
pythia-1b,draw_3,high,9,0.40115361724248105,0.003305777608639917,0.2903976835031805,0.9663042534722223,0.8655297160148621
pythia-1b,draw_3,high,10,0.3510120924872455,0.006220930082368092,0.2463429018845802,0.9797379557291667,1.1040003299713135
pythia-1b,draw_3,high,11,0.3679370285499343,0.006173334947775595,0.2473273141348744,0.9772574869791667,0.9823101162910461
pythia-1b,draw_3,high,12,0.3310271377068706,0.01073541967979835,0.1945959523819436,0.9799348958333334,1.0464913845062256
pythia-1b,draw_3,high,13,0.3559652907850761,0.01026527080871636,0.2093684915929861,0.9709429253472223,0.8982552886009216
pythia-1b,draw_3,high,14,0.3781085450476429,0.007790346610486315,0.22717010238673718,0.9424018012152777,0.8809006214141846
pythia-1b,draw_3,high,15,0.41418704520245736,0.008000522430663575,0.2785553887629264,0.8287820095486111,0.929096519947052
pythia-1b,draw_3,very_high,0,0.2874503027976898,0.01802362793948877,0.12359381519140711,0.9891373697916667,0.6392956376075745
pythia-1b,draw_3,very_high,1,0.31227471668429924,0.010970906288114804,0.1932129963483964,0.9819878472222222,1.5706692934036255
pythia-1b,draw_3,very_high,2,0.3403877341584415,0.012167374009992623,0.16378666871873193,0.9209288194444445,1.1934285163879395
pythia-1b,draw_3,very_high,3,0.425772358202997,0.010530720582715071,0.24981338883899618,0.8749186197916666,0.9380893111228943
pythia-1b,draw_3,very_high,4,0.36139458163722415,0.009647545269016393,0.21133069329775434,0.9171451822916666,1.1875123977661133
pythia-1b,draw_3,very_high,5,0.3954297613618376,0.005945157607140017,0.24409014473342494,0.9085541449652778,0.9434146285057068
pythia-1b,draw_3,very_high,6,0.4167126326591309,0.006398170200802697,0.27438545158892347,0.9565912543402778,0.8116075992584229
pythia-1b,draw_3,very_high,7,0.4125179350697075,0.0056609246834589426,0.28383322980958514,0.9663682725694445,0.88102126121521
pythia-1b,draw_3,very_high,8,0.412513114290253,0.004751917899124658,0.2875203442464789,0.9649848090277777,0.8205649256706238
pythia-1b,draw_3,very_high,9,0.4018133314688151,0.0037195393471247283,0.2853078061523171,0.9658501519097222,0.8725848197937012
pythia-1b,draw_3,very_high,10,0.35526651364794437,0.006735954653701452,0.2461600584610355,0.9782156032986111,1.1017506122589111
pythia-1b,draw_3,very_high,11,0.37124075283178565,0.005994176388916175,0.24405346453562227,0.9765087890625,0.9765223264694214
pythia-1b,draw_3,very_high,12,0.3356278169304097,0.011076981617786894,0.19712685422476395,0.9803097873263888,1.0468157529830933
pythia-1b,draw_3,very_high,13,0.35910418521447646,0.009551704922731113,0.21089500243344284,0.9687977430555555,0.9059710502624512
pythia-1b,draw_3,very_high,14,0.3775211672614184,0.0069226528699491965,0.23438289977546578,0.9389670138888889,0.9024108052253723
pythia-1b,draw_3,very_high,15,0.412592128006521,0.008183505290205633,0.28981024364821506,0.8248594835069445,0.9475309252738953
pythia-1b,draw_3,control,0,0.3051916465676088,0.040483573746282454,0.1175850369231406,0.9857416449652778,0.593264639377594
pythia-1b,draw_3,control,1,0.31054202136904424,0.010366869182015463,0.18754057713050964,0.9826519097222223,1.5743424892425537
pythia-1b,draw_3,control,2,0.3399117509764974,0.011627108736543308,0.16297314032994925,0.9215022786458333,1.1943942308425903
pythia-1b,draw_3,control,3,0.4250714835163819,0.01142347417169355,0.24667436123021091,0.8739854600694444,0.9357228875160217
pythia-1b,draw_3,control,4,0.3587648288019697,0.00909583830663588,0.21335656031745232,0.9205767144097222,1.205898404121399
pythia-1b,draw_3,control,5,0.3944198534497268,0.006025394531202696,0.244650653010271,0.9128347439236111,0.947678804397583
pythia-1b,draw_3,control,6,0.41562843282111706,0.006146378157887442,0.27743321785115627,0.9566335720486111,0.819279134273529
pythia-1b,draw_3,control,7,0.41251391873984733,0.005375808447300671,0.28736091357024396,0.9668467881944445,0.8929306864738464
pythia-1b,draw_3,control,8,0.41281465506387804,0.004533471638146402,0.29171322299184754,0.96505859375,0.8206416368484497
pythia-1b,draw_3,control,9,0.40164495373211506,0.0036511210190013693,0.2873586235876291,0.9653504774305556,0.8650890588760376
pythia-1b,draw_3,control,10,0.3530079267235455,0.006432275150838084,0.24461824643367014,0.9791807725694445,1.1044293642044067
pythia-1b,draw_3,control,11,0.36871099449999944,0.006337425563511302,0.2445996087278437,0.9768050130208333,0.9798762202262878
pythia-1b,draw_3,control,12,0.3328388412082163,0.009426914755080937,0.19396678913854948,0.9802794053819445,1.0461065769195557
pythia-1b,draw_3,control,13,0.3571252644334365,0.009111381826518331,0.2092475302535557,0.9697536892361112,0.9022581577301025
pythia-1b,draw_3,control,14,0.37731321853998084,0.007358750850170034,0.22997912902302908,0.940576171875,0.890913724899292
pythia-1b,draw_3,control,15,0.4127622349495625,0.008594723190407445,0.2837424177851915,0.8257883029513889,0.9379077553749084
pythia-1.4b,draw_1,low,0,0.40155590173644123,0.01721828966569554,0.06578476030305991,0.9648860677083333,0.3401070237159729
pythia-1.4b,draw_1,low,1,0.3327926537969137,0.011850874704735687,0.19571208875642476,0.9856787109375,1.451555609703064
pythia-1.4b,draw_1,low,2,0.3044900599603605,0.009794069656967833,0.16232541483174878,0.9485606553819445,1.340478777885437
pythia-1.4b,draw_1,low,3,0.38824206422499036,0.01061177048258922,0.24761669275028542,0.7989572482638889,1.1505192518234253
pythia-1.4b,draw_1,low,4,0.38397334701400626,0.006900428240793349,0.23019554266942754,0.8440115017361111,0.9605987071990967
pythia-1.4b,draw_1,low,5,0.3974108573135134,0.006172042130554132,0.26389596005803617,0.9679942491319444,0.9508886337280273
pythia-1.4b,draw_1,low,6,0.402154428909679,0.004765736793521972,0.26611779068288266,0.9647384982638889,0.8594657182693481
pythia-1.4b,draw_1,low,7,0.39621038343722365,0.004080304614559934,0.28707744645182753,0.9692377387152777,1.0016745328903198
pythia-1.4b,draw_1,low,8,0.4120425310862212,0.0035102472129698043,0.29730882184818586,0.9604578993055556,0.7945172190666199
pythia-1.4b,draw_1,low,9,0.4119842914750346,0.004687804802652788,0.31504973366854183,0.9647157118055556,0.8436305522918701
pythia-1.4b,draw_1,low,10,0.3979724606526008,0.004360572268873649,0.2920246624642229,0.9666704644097223,0.8688068389892578
pythia-1.4b,draw_1,low,11,0.40270727978661813,0.003930464104966181,0.29225708212234003,0.9673220486111112,0.8320327997207642
pythia-1.4b,draw_1,low,12,0.3814418252991383,0.004712791404187507,0.2713883126997967,0.9716916232638889,0.868549644947052
pythia-1.4b,draw_1,low,13,0.3726674868590148,0.004719943495144251,0.26575100128777374,0.9706873914930556,0.9245395660400391
pythia-1.4b,draw_1,low,14,0.3651582589207829,0.004946527619049539,0.24934057156533096,0.9648980034722222,0.9276697635650635
pythia-1.4b,draw_1,low,15,0.35380055450467013,0.00584751254404885,0.24017997194668017,0.9727327473958334,0.9912875890731812
pythia-1.4b,draw_1,low,16,0.33286702869625023,0.007191135860362763,0.21910987259517434,0.9775542534722222,1.063951015472412
pythia-1.4b,draw_1,low,17,0.3256326898990701,0.008463645184916078,0.2060164323280984,0.9793538411458333,1.0494834184646606
pythia-1.4b,draw_1,low,18,0.3357612148487277,0.00923096603630397,0.210858018213528,0.9665277777777778,0.9910386204719543
pythia-1.4b,draw_1,low,19,0.33002953211241637,0.010408014684080145,0.1974654708132484,0.9752620442708333,0.9903159737586975
pythia-1.4b,draw_1,low,20,0.340059076240828,0.008658832004192653,0.21111577847295848,0.9783615451388888,0.9712964296340942
pythia-1.4b,draw_1,low,21,0.3509842776208061,0.009782024624337804,0.2240579371192566,0.9658664279513889,0.957558810710907
pythia-1.4b,draw_1,low,22,0.37951214837575903,0.008308895827021278,0.2524261055722008,0.9533805338541667,0.9038010239601135
pythia-1.4b,draw_1,low,23,0.41695652334701266,0.00550784546761107,0.2960980763128931,0.8687326388888889,0.9127287864685059
pythia-1.4b,draw_1,medium,0,0.37567613948934814,0.02538095406632783,0.07014933531511613,0.9717692057291667,0.39022326469421387
pythia-1.4b,draw_1,medium,1,0.3347707466889726,0.012550173638255753,0.1985830530378676,0.9853070746527778,1.4488922357559204
pythia-1.4b,draw_1,medium,2,0.3139692946619696,0.010523534076544421,0.16166655788942075,0.9314084201388889,1.2915278673171997
pythia-1.4b,draw_1,medium,3,0.3792458120501412,0.009330757920017233,0.2275047625834843,0.8732595486111111,1.0922104120254517
pythia-1.4b,draw_1,medium,4,0.3834224267675044,0.006071659826830863,0.22352204774251305,0.8616899956597223,0.9520228505134583
pythia-1.4b,draw_1,medium,5,0.3966328738689609,0.005231691511122916,0.2581774712934972,0.9678819444444444,0.9415319561958313
pythia-1.4b,draw_1,medium,6,0.40248342510118396,0.004852887393486819,0.2624433699510209,0.9646918402777778,0.8598172068595886
pythia-1.4b,draw_1,medium,7,0.3962562441520111,0.004291334207126727,0.2833052507254086,0.9690885416666667,0.9963358044624329
pythia-1.4b,draw_1,medium,8,0.41289162908590266,0.0038527592838247917,0.2946668040698561,0.9595345052083334,0.7934781908988953
pythia-1.4b,draw_1,medium,9,0.4122819574052251,0.0044211005392209655,0.31067028532663343,0.9649251302083334,0.8383730053901672
pythia-1.4b,draw_1,medium,10,0.39901327970993444,0.004286721637938248,0.2910929267834872,0.9676410590277778,0.8635149598121643
pythia-1.4b,draw_1,medium,11,0.40242632904072545,0.0037981022660948755,0.29048772351004004,0.9674989149305555,0.8344399929046631
pythia-1.4b,draw_1,medium,12,0.381738011331492,0.004503412555521527,0.27047373460719215,0.9719677734375,0.875583291053772
pythia-1.4b,draw_1,medium,13,0.37336659983639453,0.004783806507101149,0.2645210117376695,0.9702842881944445,0.928769588470459
pythia-1.4b,draw_1,medium,14,0.36691360642609755,0.004987880493904186,0.24789495093802372,0.9632541232638889,0.9161388278007507
pythia-1.4b,draw_1,medium,15,0.3548161057163985,0.005328877115979518,0.23779375479596832,0.9728504774305555,0.9745145440101624
pythia-1.4b,draw_1,medium,16,0.33336341973184835,0.006824231075584965,0.21579745786794624,0.9781879340277778,1.0512357950210571
pythia-1.4b,draw_1,medium,17,0.32355011793004024,0.008114451671252191,0.20192688941036163,0.9787489149305556,1.0466089248657227
pythia-1.4b,draw_1,medium,18,0.33366728436165444,0.008622994326544942,0.2083800495338466,0.9661528862847222,0.9869255423545837
pythia-1.4b,draw_1,medium,19,0.3259372615184742,0.009897754215720164,0.1933153070091469,0.9750157335069445,0.9917352199554443
pythia-1.4b,draw_1,medium,20,0.3369068548424851,0.008659200039426138,0.2081015439970786,0.9790239800347222,0.9686797261238098
pythia-1.4b,draw_1,medium,21,0.3473203032178953,0.009801427603779951,0.2220920491856806,0.9653521050347222,0.9615813493728638
pythia-1.4b,draw_1,medium,22,0.3752266474850589,0.008279953667447281,0.2514589710392279,0.9513460286458333,0.9089605212211609
pythia-1.4b,draw_1,medium,23,0.4168897937898372,0.005834849055869214,0.30217876691879453,0.8568657769097222,0.9156872630119324
pythia-1.4b,draw_1,high,0,0.32270978550955004,0.03127195953536705,0.0781881527642847,0.9823725043402778,0.5066882371902466
pythia-1.4b,draw_1,high,1,0.33040253238911077,0.010853476263215709,0.2055647064338062,0.9856087239583333,1.463439702987671
pythia-1.4b,draw_1,high,2,0.32112997570299145,0.010596433212846083,0.16043857685812313,0.9219927300347223,1.2434535026550293
pythia-1.4b,draw_1,high,3,0.37320175759866087,0.007907376308988285,0.20986642988549242,0.9194015842013888,1.0542546510696411
pythia-1.4b,draw_1,high,4,0.3830396842087122,0.006111525925392326,0.2176252487931265,0.8752994791666666,0.9505725502967834
pythia-1.4b,draw_1,high,5,0.3966045615464855,0.005805115650849864,0.25449832031894704,0.9668272569444445,0.9467195868492126
pythia-1.4b,draw_1,high,6,0.40269515355891206,0.004622804849253794,0.2609087595486763,0.965986328125,0.8660159111022949
pythia-1.4b,draw_1,high,7,0.3974768023944344,0.003963994235850756,0.2790214933699484,0.967744140625,0.9858498573303223
pythia-1.4b,draw_1,high,8,0.4131257620472399,0.003986297325124806,0.289354711198877,0.9605571831597223,0.7924060225486755
pythia-1.4b,draw_1,high,9,0.41273980961948864,0.004635663340533991,0.30402403955081114,0.9653125,0.8317276239395142
pythia-1.4b,draw_1,high,10,0.4002814509309413,0.004519492657616273,0.2859647815264419,0.9687049696180555,0.8545079827308655
pythia-1.4b,draw_1,high,11,0.4025930858946054,0.003288854690133124,0.2829355702191667,0.9674918619791667,0.8279098272323608
pythia-1.4b,draw_1,high,12,0.38166485784434473,0.004413302492048897,0.26380345757455115,0.9725591362847222,0.8739070892333984
pythia-1.4b,draw_1,high,13,0.37367515979407423,0.004902189142321711,0.2576450142212463,0.9706331380208333,0.9189060926437378
pythia-1.4b,draw_1,high,14,0.36812347482066954,0.005003064608280324,0.24229860432569872,0.9626329210069444,0.9016766548156738
pythia-1.4b,draw_1,high,15,0.3558807861035467,0.005245040256143481,0.23316396596842104,0.9728504774305555,0.9535906910896301
pythia-1.4b,draw_1,high,16,0.3364842931988348,0.006948990315234901,0.21304945545030796,0.9775249565972223,1.0255882740020752
pythia-1.4b,draw_1,high,17,0.32472036294744316,0.008110104574143498,0.19845804228376096,0.9775070529513888,1.0267657041549683
pythia-1.4b,draw_1,high,18,0.33389728617709186,0.008195970259772345,0.2062058496711987,0.9670361328125,0.9751706719398499
pythia-1.4b,draw_1,high,19,0.32602879865835677,0.009254644795921647,0.19333466645775887,0.9736583116319445,0.9844250082969666
pythia-1.4b,draw_1,high,20,0.33640718185813895,0.008254778551663861,0.20871174330270348,0.9796706814236111,0.964392900466919
pythia-1.4b,draw_1,high,21,0.34647766956245124,0.008342332425656207,0.22355106343982145,0.9647325303819444,0.9612249135971069
pythia-1.4b,draw_1,high,22,0.3740726465402277,0.007910605205005049,0.25437703315939464,0.9480512152777778,0.9104138612747192
pythia-1.4b,draw_1,high,23,0.4161042612828534,0.00501986634184224,0.3085352962367631,0.8423166232638889,0.917553722858429
pythia-1.4b,draw_1,very_high,0,0.2754339581969904,0.020988072789211585,0.09091359175095737,0.9903157552083334,0.6326388120651245
pythia-1.4b,draw_1,very_high,1,0.3268872262379705,0.01200516741428217,0.21196723740293044,0.9858273654513889,1.495793104171753
pythia-1.4b,draw_1,very_high,2,0.3259472553724047,0.012149424914603307,0.15574753933578855,0.9190814887152777,1.235387921333313
pythia-1.4b,draw_1,very_high,3,0.37447974636419,0.009159407035625344,0.20341250305196779,0.9205463324652777,1.058712124824524
pythia-1.4b,draw_1,very_high,4,0.38340566719113756,0.0068648973630568485,0.2112735096751459,0.8841715494791667,0.9569401741027832
pythia-1.4b,draw_1,very_high,5,0.3971470479247664,0.006437373235310564,0.24637071643456765,0.9671934678819445,0.9384085536003113
pythia-1.4b,draw_1,very_high,6,0.40326758937833423,0.005640084123585412,0.25288953931221214,0.9668397352430556,0.8631763458251953
pythia-1.4b,draw_1,very_high,7,0.39837880501888573,0.00533093524361669,0.26906702928471726,0.9665261501736111,0.962871253490448
pythia-1.4b,draw_1,very_high,8,0.4138577876187621,0.005384417618493457,0.2794992268435781,0.9606727430555555,0.7800130844116211
pythia-1.4b,draw_1,very_high,9,0.4130268090774705,0.005611317419286937,0.29271094155104116,0.9652674696180555,0.8165162205696106
pythia-1.4b,draw_1,very_high,10,0.40032835121062665,0.0049324103164812136,0.27623235324315565,0.9689122178819445,0.8455731868743896
pythia-1.4b,draw_1,very_high,11,0.4023849121294971,0.003970084120281782,0.27425286464473353,0.9675222439236111,0.819208562374115
pythia-1.4b,draw_1,very_high,12,0.38244394647196694,0.004437495871387382,0.25764049706845804,0.9710096571180555,0.8635970950126648
pythia-1.4b,draw_1,very_high,13,0.37536567575014024,0.005213234169669383,0.2528107095699468,0.9709575737847222,0.9014295339584351
pythia-1.4b,draw_1,very_high,14,0.36932655733223946,0.0050334359566967,0.23938996068405682,0.9559326171875,0.8890146613121033
pythia-1.4b,draw_1,very_high,15,0.3566602271681596,0.00594960838473158,0.23011573812653885,0.9698128255208334,0.932808518409729
pythia-1.4b,draw_1,very_high,16,0.33867997489999957,0.007227279872436949,0.2130717822269017,0.9771240234375,1.008747935295105
pythia-1.4b,draw_1,very_high,17,0.32598442488650536,0.007834782215040505,0.2004332813126346,0.9758794487847222,1.004632830619812
pythia-1.4b,draw_1,very_high,18,0.3337797118343013,0.0083585451140715,0.2076267698624168,0.9672710503472223,0.9632295966148376
pythia-1.4b,draw_1,very_high,19,0.3249696078275776,0.009353325208938132,0.19754113942956852,0.9712717013888889,0.972973644733429
pythia-1.4b,draw_1,very_high,20,0.33413144939379524,0.008391172446902176,0.2130149643992254,0.9793777126736111,0.9634470343589783
pythia-1.4b,draw_1,very_high,21,0.3433803960278542,0.008697171329862152,0.22782290485338086,0.9645236545138889,0.9657655358314514
pythia-1.4b,draw_1,very_high,22,0.3686891923822161,0.00828537958338939,0.2577359526036678,0.9472536892361111,0.9246926307678223
pythia-1.4b,draw_1,very_high,23,0.4150558704128963,0.0057680942144795145,0.31590801882420716,0.8384092881944445,0.9253111481666565
pythia-1.4b,draw_1,control,0,0.287637702798526,0.0378719318160467,0.08679776154448748,0.9883414713541666,0.6024115085601807
pythia-1.4b,draw_1,control,1,0.32780473409663713,0.01166285500829857,0.2112490712888484,0.9856895616319444,1.4908815622329712
pythia-1.4b,draw_1,control,2,0.32444931179723957,0.011215252685068934,0.15712839474060436,0.9192333984375,1.2378562688827515
pythia-1.4b,draw_1,control,3,0.3738172509725608,0.008360645210094088,0.20628056998861255,0.9219417317708334,1.054638147354126
pythia-1.4b,draw_1,control,4,0.38376774439852857,0.007315883766252698,0.21503916969744274,0.8777701822916667,0.9498728513717651
pythia-1.4b,draw_1,control,5,0.3973348903730469,0.00881369025100793,0.24992270202499078,0.9670111762152778,0.9363318085670471
pythia-1.4b,draw_1,control,6,0.40328004678007273,0.00812949716903071,0.25611142964922795,0.9663557942708333,0.8592225909233093
pythia-1.4b,draw_1,control,7,0.3981464497832267,0.008160089168317865,0.27293901849005353,0.9665961371527778,0.967765212059021
pythia-1.4b,draw_1,control,8,0.414464101647127,0.007826283626869246,0.28371141291051916,0.9598508029513889,0.7831597328186035
pythia-1.4b,draw_1,control,9,0.41337384557685214,0.00714248569299284,0.29789567478988044,0.9651280381944445,0.82060307264328
pythia-1.4b,draw_1,control,10,0.40061793133851276,0.0054925942335658,0.2803219467771354,0.9684054904513889,0.8459732532501221
pythia-1.4b,draw_1,control,11,0.40277485411484476,0.003936660728230135,0.2773656528905091,0.9674848090277778,0.8189787864685059
pythia-1.4b,draw_1,control,12,0.3824910292109965,0.00504446957683496,0.2596701240786834,0.9713818359375,0.8627727627754211
pythia-1.4b,draw_1,control,13,0.3750774472390007,0.005682260186989261,0.2554997513109303,0.9709445529513889,0.9048106670379639
pythia-1.4b,draw_1,control,14,0.36966890650413864,0.005265928899103128,0.24056863909311366,0.9591427951388889,0.8887675404548645
pythia-1.4b,draw_1,control,15,0.3568527866082319,0.0058759273180333076,0.23089023957854526,0.9713688151041666,0.935821533203125
pythia-1.4b,draw_1,control,16,0.33898435877550837,0.007277371599200076,0.2122988517127138,0.9770648871527777,1.0089540481567383
pythia-1.4b,draw_1,control,17,0.3272939747605027,0.008470640752417768,0.1994375469340297,0.9773377821180556,1.0039443969726562
pythia-1.4b,draw_1,control,18,0.3356242050841455,0.008242671711977696,0.20664504336927458,0.9672146267361111,0.9606714248657227
pythia-1.4b,draw_1,control,19,0.32660546657360184,0.00864013309311169,0.19460044972811197,0.9725569661458333,0.9722182154655457
pythia-1.4b,draw_1,control,20,0.33590877348853154,0.008470498039644302,0.20988096518346033,0.9789046223958333,0.9604084491729736
pythia-1.4b,draw_1,control,21,0.34495491274543927,0.008600086189240158,0.22464913619993565,0.9644292534722222,0.9618380665779114
pythia-1.4b,draw_1,control,22,0.37080738788211687,0.008197532413376788,0.2546217256840253,0.9469911024305555,0.9192185997962952
pythia-1.4b,draw_1,control,23,0.4149219130027432,0.005626862271084756,0.31067336876574925,0.8423160807291666,0.922947883605957
pythia-1.4b,draw_2,low,0,0.3974135886301064,0.02224613959425642,0.06601169056058387,0.96544921875,0.3487803339958191
pythia-1.4b,draw_2,low,1,0.33298797507107136,0.011454330798776119,0.19635339112518047,0.9855137803819445,1.4596418142318726
pythia-1.4b,draw_2,low,2,0.3044202968623674,0.009024022162966298,0.16350959533500675,0.9487109375,1.345254898071289
pythia-1.4b,draw_2,low,3,0.3886814638543508,0.010959568488904779,0.24856727369607978,0.7971283637152777,1.1508973836898804
pythia-1.4b,draw_2,low,4,0.3843723534337706,0.006320975119921189,0.23092501126965526,0.8417898220486111,0.9576530456542969
pythia-1.4b,draw_2,low,5,0.3973512166492934,0.006306847914809579,0.2638452074946269,0.9685373263888889,0.9474669098854065
pythia-1.4b,draw_2,low,6,0.4029569046408761,0.004898474668980276,0.2660285886736833,0.9642475043402777,0.8555819988250732
pythia-1.4b,draw_2,low,7,0.3965233261365403,0.0038784504345940806,0.28734661696998387,0.9690456814236111,1.0024842023849487
pythia-1.4b,draw_2,low,8,0.4126011576066966,0.0037003126665821587,0.29742912355374873,0.9604535590277777,0.7923834323883057
pythia-1.4b,draw_2,low,9,0.4120294269861246,0.004686787002285337,0.313903240083768,0.9648036024305555,0.8427292704582214
pythia-1.4b,draw_2,low,10,0.3980412854353408,0.004368232293617549,0.2931254645611754,0.9666981336805556,0.8719851970672607
pythia-1.4b,draw_2,low,11,0.40294165345611355,0.0032609051449947798,0.29306580068617594,0.9681439887152777,0.8335950374603271
pythia-1.4b,draw_2,low,12,0.38181492100708814,0.004811827703590428,0.27173307020930015,0.9722395833333334,0.873092770576477
pythia-1.4b,draw_2,low,13,0.37321481456184247,0.004519542124092264,0.2658233288524592,0.9705642361111111,0.9311347603797913
pythia-1.4b,draw_2,low,14,0.3658467201657995,0.00523383635596652,0.2491644821858876,0.9635096571180556,0.9312888979911804
pythia-1.4b,draw_2,low,15,0.35399141321708094,0.0054831681539835265,0.24023060756823944,0.9728428819444445,0.9979402422904968
pythia-1.4b,draw_2,low,16,0.33377093866294016,0.006608981181220025,0.21957551817290843,0.9776502821180556,1.0720674991607666
pythia-1.4b,draw_2,low,17,0.3255072882807988,0.0084166785900281,0.2059154672964678,0.9791026475694444,1.0609511137008667
pythia-1.4b,draw_2,low,18,0.33617494140154175,0.008481277944570197,0.21043634400646316,0.9655843098958333,0.9985331296920776
pythia-1.4b,draw_2,low,19,0.33016169999965733,0.01032034639491838,0.19675166853668902,0.9748757595486112,1.0010099411010742
pythia-1.4b,draw_2,low,20,0.340853267476901,0.009204177349723423,0.21026848754974115,0.9783604600694444,0.9782829880714417
pythia-1.4b,draw_2,low,21,0.3520614912101961,0.01025154138366895,0.22350018321984289,0.9656727430555555,0.9641862511634827
pythia-1.4b,draw_2,low,22,0.38055969802960027,0.008911561081505585,0.251582333754214,0.9537733289930556,0.9085654020309448
pythia-1.4b,draw_2,low,23,0.4178474208320305,0.005785823562187781,0.2950994557327189,0.8687939453125,0.918525755405426
pythia-1.4b,draw_2,medium,0,0.3750280462106777,0.027623994458275625,0.07058881242375747,0.9713742404513889,0.3928641378879547
pythia-1.4b,draw_2,medium,1,0.33435812961343186,0.010843841163133998,0.1971544390281592,0.9851535373263889,1.4565905332565308
pythia-1.4b,draw_2,medium,2,0.3154932487448559,0.010186146584123448,0.16163819740187102,0.9299864366319445,1.2902324199676514
pythia-1.4b,draw_2,medium,3,0.3790382674696236,0.008557253254412452,0.22552320707465578,0.8759402126736111,1.0894739627838135
pythia-1.4b,draw_2,medium,4,0.3839670526727361,0.006342923308532967,0.22490405600274577,0.8630805121527778,0.9553335905075073
pythia-1.4b,draw_2,medium,5,0.39760324672272973,0.00562917564821493,0.25942347029371926,0.9680224609375,0.9392467141151428
pythia-1.4b,draw_2,medium,6,0.402439559472381,0.004625102757807376,0.2646030964559578,0.9649641927083333,0.8611869812011719
pythia-1.4b,draw_2,medium,7,0.3962451337169662,0.0037922207317546094,0.2842155893417697,0.9686018880208334,0.9968300461769104
pythia-1.4b,draw_2,medium,8,0.41296676891334216,0.0035515316779654474,0.2966010658858296,0.9603146701388889,0.7946692705154419
pythia-1.4b,draw_2,medium,9,0.4126931756407277,0.004712570943288933,0.31233891496035726,0.9648659939236112,0.8388031721115112
pythia-1.4b,draw_2,medium,10,0.3993164375236822,0.00448061775823959,0.2931022825243399,0.9673491753472222,0.8654977083206177
pythia-1.4b,draw_2,medium,11,0.4026058159751237,0.0033201690485290735,0.29120530783668097,0.9679465060763889,0.8350023627281189
pythia-1.4b,draw_2,medium,12,0.3813113844998989,0.004352689229696857,0.2699720025960022,0.9729888237847222,0.874528169631958
pythia-1.4b,draw_2,medium,13,0.37346580308942273,0.00456881789762196,0.2643371521130531,0.9703168402777778,0.9270389080047607
pythia-1.4b,draw_2,medium,14,0.36753904620816297,0.0056489132404952454,0.24702216750810013,0.9638943142361112,0.9120295643806458
pythia-1.4b,draw_2,medium,15,0.35566996909949694,0.005675129612975006,0.2374249052538122,0.9729172092013889,0.9727240204811096
pythia-1.4b,draw_2,medium,16,0.33455226908750724,0.007403169190696699,0.2153824896511014,0.9781640625,1.0483760833740234
pythia-1.4b,draw_2,medium,17,0.3245447173429861,0.008850515693311432,0.20101535806552184,0.9788639322916667,1.044514536857605
pythia-1.4b,draw_2,medium,18,0.3346578355170155,0.008587681218760175,0.20689096351118352,0.9664561631944445,0.9850090742111206
pythia-1.4b,draw_2,medium,19,0.3275943313084863,0.009444194224832135,0.1926405533758857,0.9747677951388889,0.9881600141525269
pythia-1.4b,draw_2,medium,20,0.3382140145669335,0.008985994546155071,0.207332436232734,0.9789008246527777,0.9660592079162598
pythia-1.4b,draw_2,medium,21,0.34816449009773875,0.009354671624228036,0.2214190779707499,0.96494140625,0.9593495726585388
pythia-1.4b,draw_2,medium,22,0.3760503310622688,0.00762056946950321,0.25095049451277873,0.9510671657986111,0.905644953250885
pythia-1.4b,draw_2,medium,23,0.4168928057900454,0.005615080356852396,0.30130363293219475,0.8546788194444445,0.9138493537902832
pythia-1.4b,draw_2,high,0,0.3213739223805264,0.027507015586997675,0.07814790169527441,0.9828624131944445,0.5094475746154785
pythia-1.4b,draw_2,high,1,0.33105117720175875,0.011761846475546863,0.2069596790111483,0.9855826822916667,1.454180359840393
pythia-1.4b,draw_2,high,2,0.32188246193393677,0.010771363224217378,0.16342882529124148,0.9199886067708334,1.2432705163955688
pythia-1.4b,draw_2,high,3,0.3734173353350633,0.008427946001871287,0.21209334454540985,0.9219509548611111,1.0482676029205322
pythia-1.4b,draw_2,high,4,0.38394170565992153,0.00658251916457635,0.21856081634124158,0.8762559678819445,0.9365337491035461
pythia-1.4b,draw_2,high,5,0.39753117577386204,0.007096945293770125,0.2554285787872572,0.9667822265625,0.9332994222640991
pythia-1.4b,draw_2,high,6,0.40392819314417894,0.005801319322408957,0.2626220134048771,0.9655354817708334,0.8570832014083862
pythia-1.4b,draw_2,high,7,0.39789934328361837,0.0057091788612738305,0.27936559025355767,0.9674967447916667,0.9779139757156372
pythia-1.4b,draw_2,high,8,0.4132840177625229,0.005819757104920181,0.2897942013847967,0.9599728732638889,0.7874171733856201
pythia-1.4b,draw_2,high,9,0.4125322813819726,0.005795879130727313,0.30451092216601117,0.9654058159722222,0.8266621232032776
pythia-1.4b,draw_2,high,10,0.4000383696429764,0.004573178935521417,0.2873227956391313,0.9682090928819445,0.8524747490882874
pythia-1.4b,draw_2,high,11,0.40197582827155476,0.003621990136384513,0.28462966356543373,0.9673681640625,0.8249684572219849
pythia-1.4b,draw_2,high,12,0.38148283786590204,0.004390354272965564,0.26616852894162935,0.9721202256944445,0.8700835704803467
pythia-1.4b,draw_2,high,13,0.3740420858931398,0.0056071390898639875,0.26079181338164403,0.9702690972222222,0.9181451201438904
pythia-1.4b,draw_2,high,14,0.3677836654694161,0.005165268408088972,0.24496083480785136,0.9595480685763889,0.9005566239356995
pythia-1.4b,draw_2,high,15,0.35535764412922916,0.0064031774538681864,0.23499849255303662,0.9725472005208333,0.9524042010307312
pythia-1.4b,draw_2,high,16,0.33516088058727167,0.007446458738035671,0.21347519788535285,0.9776155598958334,1.0309345722198486
pythia-1.4b,draw_2,high,17,0.32319253743191156,0.008170565990734515,0.19899350648904557,0.9772026909722222,1.0325725078582764
pythia-1.4b,draw_2,high,18,0.3330337830776667,0.008603526646392901,0.20640930949198766,0.966640625,0.9778910279273987
pythia-1.4b,draw_2,high,19,0.32553627195217144,0.009854769212595474,0.19307729433955734,0.9731108940972222,0.9869850873947144
pythia-1.4b,draw_2,high,20,0.33529041969289686,0.009075304461856799,0.2079061014281529,0.9793999565972222,0.9692975282669067
pythia-1.4b,draw_2,high,21,0.34558844128236915,0.0097938890505495,0.22296798880669488,0.964599609375,0.9650751948356628
pythia-1.4b,draw_2,high,22,0.3729734648866251,0.008981507224299752,0.2534480657785456,0.9489713541666667,0.9159752726554871
pythia-1.4b,draw_2,high,23,0.41642402926870925,0.0058920933188837355,0.30828206893171006,0.8438899739583333,0.9212926030158997
pythia-1.4b,draw_2,very_high,0,0.27417765270023886,0.022260972420823397,0.08865247352347616,0.9905463324652778,0.6319229602813721
pythia-1.4b,draw_2,very_high,1,0.3267330829310418,0.011314076884321405,0.21161565811166705,0.9858620876736112,1.4989017248153687
pythia-1.4b,draw_2,very_high,2,0.3291132364118257,0.011045296835548245,0.15864803257669124,0.9148459201388889,1.2313061952590942
pythia-1.4b,draw_2,very_high,3,0.37565395942160434,0.008113142530949429,0.20397830815905427,0.9230598958333334,1.0537712574005127
pythia-1.4b,draw_2,very_high,4,0.3842264474936893,0.006616535297879283,0.2150959838140103,0.8817225477430556,0.9550244212150574
pythia-1.4b,draw_2,very_high,5,0.3978380803474817,0.005766661416086032,0.25055459890497866,0.9665559895833333,0.9365456700325012
pythia-1.4b,draw_2,very_high,6,0.40389594843030385,0.00483210104554329,0.2569858627848878,0.9664664713541666,0.8638945817947388
pythia-1.4b,draw_2,very_high,7,0.3980130074719105,0.004190413770666547,0.27309416134722464,0.9670415581597223,0.9704428315162659
pythia-1.4b,draw_2,very_high,8,0.4139225791299873,0.004256307240954188,0.28366660098783547,0.9603754340277778,0.78159099817276
pythia-1.4b,draw_2,very_high,9,0.41302625089766953,0.004918594154314474,0.297513382582669,0.9650124782986111,0.821461021900177
pythia-1.4b,draw_2,very_high,10,0.4005100624991996,0.004338391548541623,0.2797004308343862,0.9685801866319445,0.8465083837509155
pythia-1.4b,draw_2,very_high,11,0.4024073766689019,0.0038026669676693163,0.2758038262456266,0.9674126519097223,0.817801833152771
pythia-1.4b,draw_2,very_high,12,0.3824966561636313,0.004536629812452374,0.25954975731652197,0.9712722439236111,0.8641253113746643
pythia-1.4b,draw_2,very_high,13,0.3754119860166731,0.004414779290969508,0.25427537370070796,0.9706201171875,0.9023564457893372
pythia-1.4b,draw_2,very_high,14,0.3697322461412288,0.004828319812817171,0.24076204245465527,0.9555615234375,0.8856329321861267
pythia-1.4b,draw_2,very_high,15,0.3572172149787616,0.00610963068215932,0.2309846041868031,0.9699755859375,0.929485023021698
pythia-1.4b,draw_2,very_high,16,0.33980973012563187,0.007431275132058795,0.21341799082706037,0.9768353949652778,1.0049651861190796
pythia-1.4b,draw_2,very_high,17,0.3270271180445083,0.008904845387727248,0.19991113736841237,0.9754833984375,1.003530502319336
pythia-1.4b,draw_2,very_high,18,0.3346374042352185,0.00933736818867729,0.20711312873641696,0.9667664930555555,0.96219801902771
pythia-1.4b,draw_2,very_high,19,0.3262371879435615,0.009511126366866693,0.19716993567226826,0.9705078125,0.9741634726524353
pythia-1.4b,draw_2,very_high,20,0.3351850408436539,0.008491270822259592,0.21275913802042434,0.97921875,0.9647704362869263
pythia-1.4b,draw_2,very_high,21,0.34435633916553987,0.008568947957203588,0.22766884766779327,0.9644146050347222,0.9678907990455627
pythia-1.4b,draw_2,very_high,22,0.36961366723526995,0.007917194215107696,0.2577665933847737,0.9471408420138889,0.9280571937561035
pythia-1.4b,draw_2,very_high,23,0.41469160193939814,0.005572776483525465,0.31535405489397483,0.8410139973958334,0.9327783584594727
pythia-1.4b,draw_2,control,0,0.29109757790869145,0.041002303071160116,0.08771082199507685,0.9878049045138889,0.5969298481941223
pythia-1.4b,draw_2,control,1,0.3262101403334295,0.012208224595812896,0.2064565876908202,0.9859559461805556,1.5023781061172485
pythia-1.4b,draw_2,control,2,0.32343972870338056,0.011939455689703978,0.1547032279957754,0.9215342881944445,1.2502278089523315
pythia-1.4b,draw_2,control,3,0.3728313151151075,0.00805515409403989,0.20547193642617678,0.9230132378472222,1.0674424171447754
pythia-1.4b,draw_2,control,4,0.3828460207011507,0.006309179519539023,0.21255264605034352,0.8860639105902778,0.9546084403991699
pythia-1.4b,draw_2,control,5,0.3971680129862247,0.00551228525337096,0.24850446486510513,0.9669959852430555,0.9372912049293518
pythia-1.4b,draw_2,control,6,0.4031143692689401,0.004704448382093613,0.256264604730295,0.9667041015625,0.8628841638565063
pythia-1.4b,draw_2,control,7,0.39807208075744827,0.004185994184902374,0.2725760900846985,0.9670133463541667,0.9721887707710266
pythia-1.4b,draw_2,control,8,0.4131490090190565,0.004067878401058997,0.28133159033046695,0.9611962890625,0.7856968641281128
pythia-1.4b,draw_2,control,9,0.4129056468511213,0.004613458297777027,0.2949420568362269,0.9655815972222223,0.8191179633140564
pythia-1.4b,draw_2,control,10,0.4004633990327268,0.004551809202901181,0.27676789619026243,0.9691346571180556,0.8420159220695496
pythia-1.4b,draw_2,control,11,0.40265101629312394,0.0037670415344400188,0.2745332691958009,0.967216796875,0.818874180316925
pythia-1.4b,draw_2,control,12,0.38277367878471474,0.004213477464838437,0.25813208190907844,0.971171875,0.8655968308448792
pythia-1.4b,draw_2,control,13,0.37549548426758445,0.0047577538879337135,0.2536653589414515,0.9705685763888889,0.9093073606491089
pythia-1.4b,draw_2,control,14,0.36923867039275887,0.004930619563318331,0.23913551498426822,0.9584423828125,0.8967629671096802
pythia-1.4b,draw_2,control,15,0.3571599409665653,0.005718493972791437,0.2297733789546641,0.9706689453125,0.9406970739364624
pythia-1.4b,draw_2,control,16,0.3386106484011614,0.007035942923025871,0.21122409979397938,0.9775911458333333,1.0155713558197021
pythia-1.4b,draw_2,control,17,0.32652023006334224,0.00818247838246441,0.19761120625281103,0.9764404296875,1.014391303062439
pythia-1.4b,draw_2,control,18,0.3355016875441373,0.008771084467507588,0.20467211289351228,0.967197265625,0.9675237536430359
pythia-1.4b,draw_2,control,19,0.3271696409964353,0.009497502476615393,0.1930124536846749,0.9714952256944445,0.9781503677368164
pythia-1.4b,draw_2,control,20,0.33615747419764924,0.008652546978033455,0.20799383246287895,0.9790961371527778,0.9650962352752686
pythia-1.4b,draw_2,control,21,0.34502442000150474,0.008686086635987583,0.22254895032118194,0.9642203776041667,0.9674618244171143
pythia-1.4b,draw_2,control,22,0.3708845335217072,0.007863433965687349,0.25269482650532527,0.9472384982638888,0.9239491820335388
pythia-1.4b,draw_2,control,23,0.4153767026386879,0.005768040410206179,0.30881987346572015,0.8431266276041667,0.9264621138572693
pythia-1.4b,draw_3,low,0,0.3972449669187519,0.02279463108900259,0.06633292687075176,0.9657063802083333,0.350137859582901
pythia-1.4b,draw_3,low,1,0.33195655841593646,0.011673464369250331,0.19605768417904335,0.9856749131944444,1.4630330801010132
pythia-1.4b,draw_3,low,2,0.3042816915664151,0.00930469641411538,0.16424694194666434,0.9486067708333333,1.348455548286438
pythia-1.4b,draw_3,low,3,0.38821055404360405,0.01056170721721956,0.24796791976131494,0.8035329861111111,1.1486588716506958
pythia-1.4b,draw_3,low,4,0.384996441102902,0.006171119563369941,0.23286191089999053,0.8432969835069445,0.9617720246315002
pythia-1.4b,draw_3,low,5,0.3974238981514435,0.005735850273611762,0.2649090080583514,0.9684516059027778,0.9540261030197144
pythia-1.4b,draw_3,low,6,0.4027254302225001,0.004355365397191244,0.2670346477581145,0.9648904079861111,0.8641088008880615
pythia-1.4b,draw_3,low,7,0.3969219589270205,0.0036927400397545073,0.2881261267972035,0.9687456597222223,1.0082533359527588
pythia-1.4b,draw_3,low,8,0.41255760730936614,0.00354559391542498,0.29853968307954193,0.9608745659722222,0.7992091774940491
pythia-1.4b,draw_3,low,9,0.41273664555229883,0.004631723348092198,0.3156145470592018,0.9644976128472222,0.8461233377456665
pythia-1.4b,draw_3,low,10,0.3985119138727796,0.004649920025044149,0.2929033376516763,0.9664382595486111,0.8686944842338562
pythia-1.4b,draw_3,low,11,0.4030958827226575,0.0032085102182965648,0.2935797596701071,0.9672873263888889,0.8328986167907715
pythia-1.4b,draw_3,low,12,0.3819751456723245,0.00442567776906981,0.27278305200891584,0.9723383246527778,0.8702169060707092
pythia-1.4b,draw_3,low,13,0.37335719206544177,0.004215891874974221,0.26702854206355653,0.9703618706597222,0.9246131181716919
pythia-1.4b,draw_3,low,14,0.3660641848181616,0.005069000976627589,0.2513750078156147,0.9643744574652777,0.9227489829063416
pythia-1.4b,draw_3,low,15,0.3552642447407862,0.005885603296418488,0.24299361055123603,0.9726741536458333,0.9841310381889343
pythia-1.4b,draw_3,low,16,0.3337630592976905,0.007086263413757518,0.2219286966878291,0.9774175347222223,1.0602483749389648
pythia-1.4b,draw_3,low,17,0.3255271891477571,0.00843872222611802,0.2085586696276409,0.9792068142361111,1.0493278503417969
pythia-1.4b,draw_3,low,18,0.3360244714688541,0.009327090845792156,0.21312947001381688,0.9662619357638889,0.988959550857544
pythia-1.4b,draw_3,low,19,0.33023368180217594,0.010804403672976373,0.19938644162291452,0.9749983723958333,0.9886990785598755
pythia-1.4b,draw_3,low,20,0.3399200628636366,0.009070932848197735,0.21267429572244057,0.9781684027777777,0.9719426035881042
pythia-1.4b,draw_3,low,21,0.35022824161102956,0.01031409882437353,0.22548330709746622,0.9661300998263889,0.9597846865653992
pythia-1.4b,draw_3,low,22,0.3790763758864961,0.008708690895836362,0.2541560389275477,0.9531787109375,0.9052836894989014
pythia-1.4b,draw_3,low,23,0.41710240046997,0.005449297902409388,0.29834693226159437,0.8674994574652778,0.9156891703605652
pythia-1.4b,draw_3,medium,0,0.375084416789759,0.02468769360361094,0.07119648638882592,0.9721891276041666,0.3917738199234009
pythia-1.4b,draw_3,medium,1,0.3342229943415397,0.011790266237385426,0.19860014420936967,0.9851681857638889,1.4489551782608032
pythia-1.4b,draw_3,medium,2,0.3155344285286637,0.011390690136322155,0.16439414206907732,0.9302197265625,1.2831950187683105
pythia-1.4b,draw_3,medium,3,0.37939694377800887,0.009110571729761284,0.2272604432839671,0.875234375,1.0842493772506714
pythia-1.4b,draw_3,medium,4,0.38377090130595265,0.00604665418626275,0.22393529983343408,0.8619325086805556,0.9494746923446655
pythia-1.4b,draw_3,medium,5,0.3972931815882069,0.005583166197778931,0.2592347812153979,0.9678586154513888,0.9398036003112793
pythia-1.4b,draw_3,medium,6,0.40187868810869204,0.0050907521482476984,0.26299897551574736,0.9652484809027778,0.8610326647758484
pythia-1.4b,draw_3,medium,7,0.3964700766428001,0.003423093148774058,0.28312804523108426,0.9690407986111111,0.9922723174095154
pythia-1.4b,draw_3,medium,8,0.41339888155456056,0.003866000580553077,0.2944802534921722,0.9592957899305555,0.7892627120018005
pythia-1.4b,draw_3,medium,9,0.41192041722366335,0.004517147311806599,0.31010189999645466,0.9654448784722223,0.8378300666809082
pythia-1.4b,draw_3,medium,10,0.39911849024272705,0.004520284529691247,0.29119319871454397,0.9671896701388889,0.8625447154045105
pythia-1.4b,draw_3,medium,11,0.40267572264788515,0.00333741438805132,0.29027415559478276,0.9674896918402778,0.8337410092353821
pythia-1.4b,draw_3,medium,12,0.38154640184914446,0.0043950473189119385,0.27005966826756933,0.9725580512152778,0.8749483823776245
pythia-1.4b,draw_3,medium,13,0.37362415258094933,0.004925833232619686,0.263746457923385,0.9699978298611112,0.9237656593322754
pythia-1.4b,draw_3,medium,14,0.3663758693456916,0.0049101433476250594,0.24581626723403516,0.9633045789930555,0.9153305292129517
pythia-1.4b,draw_3,medium,15,0.35459575435243884,0.005865222763348215,0.23560508055851748,0.9729915364583334,0.9755483865737915
pythia-1.4b,draw_3,medium,16,0.33466840541071974,0.007360498237501496,0.2144140398337342,0.9780609809027778,1.051735281944275
pythia-1.4b,draw_3,medium,17,0.3249644399208138,0.007728627712457324,0.19984445991728794,0.9785004340277778,1.0510717630386353
pythia-1.4b,draw_3,medium,18,0.3358878207613455,0.008903771749068382,0.20693595258265018,0.9656103515625,0.9891564846038818
pythia-1.4b,draw_3,medium,19,0.3285977287113744,0.010111945175237664,0.1919569533540637,0.9743820529513889,0.9934467077255249
pythia-1.4b,draw_3,medium,20,0.33932621205251406,0.0091594879158891,0.2066924587934571,0.9787418619791667,0.9684390425682068
pythia-1.4b,draw_3,medium,21,0.3497461624553407,0.009705253612412092,0.22055238741182848,0.9650889756944444,0.9617565274238586
pythia-1.4b,draw_3,medium,22,0.37769818846644726,0.008155534088300546,0.2500221106915479,0.9511653645833333,0.906832218170166
pythia-1.4b,draw_3,medium,23,0.41790902389174295,0.005914007964115391,0.3004435203653224,0.8564127604166667,0.9168996810913086
pythia-1.4b,draw_3,high,0,0.3253471687778388,0.029385795956982177,0.07748285004130362,0.9818023003472223,0.49994996190071106
pythia-1.4b,draw_3,high,1,0.33074111015293256,0.011152915303042297,0.2069161955344354,0.9857839626736111,1.461424469947815
pythia-1.4b,draw_3,high,2,0.32257922162911956,0.010239880301870913,0.1611997716428748,0.9206108940972222,1.24730384349823
pythia-1.4b,draw_3,high,3,0.37340416771920154,0.008162232984279986,0.2096685681644519,0.9215234375,1.057755470275879
pythia-1.4b,draw_3,high,4,0.38256298464356314,0.006872711793927287,0.2157780471897761,0.8799717881944444,0.9489068984985352
pythia-1.4b,draw_3,high,5,0.39665889523882164,0.006361857468944892,0.2524396813784826,0.96734375,0.9427651762962341
pythia-1.4b,draw_3,high,6,0.4030622512382498,0.005204517384819818,0.25929733099733454,0.9656765407986111,0.8625635504722595
pythia-1.4b,draw_3,high,7,0.3976623340292746,0.004343179400063695,0.2776148575261421,0.9676491970486111,0.9858697056770325
pythia-1.4b,draw_3,high,8,0.413449001006868,0.004256873528816901,0.2880793163582249,0.9608197699652777,0.7895021438598633
pythia-1.4b,draw_3,high,9,0.4130881375333118,0.004552068898081082,0.302917846722506,0.9651215277777778,0.829234778881073
pythia-1.4b,draw_3,high,10,0.40086096820787065,0.0043473172287432325,0.2851209212385075,0.9681103515625,0.8486813902854919
pythia-1.4b,draw_3,high,11,0.4028072496431515,0.003506273207931552,0.28269579413750634,0.9673209635416666,0.8240593075752258
pythia-1.4b,draw_3,high,12,0.38160217384370937,0.004145128020091399,0.26342328983375674,0.9725260416666667,0.8723183870315552
pythia-1.4b,draw_3,high,13,0.37435129530233097,0.0047867437914990395,0.2577325337939351,0.9702001953125,0.9188029766082764
pythia-1.4b,draw_3,high,14,0.3681319046448664,0.005411562080579288,0.2413742029288537,0.9595865885416667,0.9032823443412781
pythia-1.4b,draw_3,high,15,0.35594306420602656,0.006120645209794374,0.23286521301705054,0.9720947265625,0.9559854865074158
pythia-1.4b,draw_3,high,16,0.33650684948363985,0.007506334627156908,0.21235058452315125,0.9768375651041666,1.0332162380218506
pythia-1.4b,draw_3,high,17,0.32555956481068504,0.009432474768024281,0.19791723874985556,0.9767095269097222,1.0343515872955322
pythia-1.4b,draw_3,high,18,0.3351575756084239,0.009328776283287935,0.20527533191327785,0.9655327690972222,0.9804599285125732
pythia-1.4b,draw_3,high,19,0.32724834358648885,0.010948328769513559,0.1926297783868487,0.9720941840277778,0.990877091884613
pythia-1.4b,draw_3,high,20,0.3371352353027678,0.009443644282183012,0.20747990311296594,0.9792925347222222,0.9730373024940491
pythia-1.4b,draw_3,high,21,0.34755219223645645,0.009090733990551287,0.22249611799130853,0.9643636067708333,0.9684168100357056
pythia-1.4b,draw_3,high,22,0.37485389605304137,0.008391418161211573,0.25245582389879084,0.9483116319444445,0.9188615679740906
pythia-1.4b,draw_3,high,23,0.4169739498907708,0.005551322574402976,0.3070064428483692,0.8464382595486111,0.9286473989486694
pythia-1.4b,draw_3,very_high,0,0.2733268300532026,0.01961311124913437,0.09112279379077193,0.9906043836805556,0.6386483311653137
pythia-1.4b,draw_3,very_high,1,0.3261666710396829,0.011302918226293443,0.21153317493569745,0.9858127170138888,1.5009765625
pythia-1.4b,draw_3,very_high,2,0.32624565138716616,0.013034275319810516,0.1562702573088699,0.9183013237847222,1.233018159866333
pythia-1.4b,draw_3,very_high,3,0.3744618232857672,0.009135378601465152,0.20457566136393357,0.9207090928819445,1.0585300922393799
pythia-1.4b,draw_3,very_high,4,0.38381237501893756,0.007244683360680138,0.21211968986791785,0.8792176649305555,0.955272376537323
pythia-1.4b,draw_3,very_high,5,0.39672440810599124,0.005760601176202331,0.24760905279411993,0.9669759114583333,0.9403325319290161
pythia-1.4b,draw_3,very_high,6,0.4027000442300524,0.004762798979072365,0.25281541715740463,0.9663297526041666,0.8626665472984314
pythia-1.4b,draw_3,very_high,7,0.3980452498230452,0.0046953068088476475,0.26894116405533075,0.9667979600694444,0.9662789106369019
pythia-1.4b,draw_3,very_high,8,0.4141687536192667,0.004216899427597532,0.28028010512255275,0.9611225043402778,0.7843500971794128
pythia-1.4b,draw_3,very_high,9,0.41339155828191376,0.00475982497985168,0.29432473741868437,0.9645610894097222,0.8237386345863342
pythia-1.4b,draw_3,very_high,10,0.40068371871717057,0.004783113276366174,0.27849337735760327,0.9684000651041667,0.8588576912879944
pythia-1.4b,draw_3,very_high,11,0.4026856449327668,0.003382229781099138,0.27605272440476036,0.9675569661458333,0.8250051736831665
pythia-1.4b,draw_3,very_high,12,0.3833804891240186,0.004098167511404451,0.25939432978234866,0.9716878255208333,0.8664573431015015
pythia-1.4b,draw_3,very_high,13,0.3758071579766545,0.004632746257020856,0.25381354118586663,0.9710818142361111,0.9055745005607605
pythia-1.4b,draw_3,very_high,14,0.369927906341325,0.0050856137619543496,0.23970368856708069,0.9590879991319444,0.8912279009819031
pythia-1.4b,draw_3,very_high,15,0.357235338566319,0.005784298620166195,0.23065386205428373,0.9717892795138889,0.9351111054420471
pythia-1.4b,draw_3,very_high,16,0.33963893275642887,0.006810221664124941,0.21305912412416372,0.9778043619791666,1.006692886352539
pythia-1.4b,draw_3,very_high,17,0.32711516441179866,0.008322829521212103,0.20056383747932194,0.9763530815972222,1.0044074058532715
pythia-1.4b,draw_3,very_high,18,0.3352094943705974,0.008835647064393161,0.20838599932136392,0.9676730685763889,0.9636410474777222
pythia-1.4b,draw_3,very_high,19,0.3264472172675451,0.009061257506501419,0.19834250900460693,0.97224609375,0.9733958840370178
pythia-1.4b,draw_3,very_high,20,0.335219692652867,0.007912453863325217,0.21406411869898623,0.9795860460069444,0.9636549353599548
pythia-1.4b,draw_3,very_high,21,0.3446434148527174,0.007993941771564893,0.22913279937063247,0.9641531032986111,0.9659289717674255
pythia-1.4b,draw_3,very_high,22,0.37007768929052093,0.007909843578895,0.25883052711940047,0.9471706814236112,0.9250780344009399
pythia-1.4b,draw_3,very_high,23,0.41510913646747555,0.0056841828645913545,0.31585728374087263,0.8410101996527778,0.9284143447875977
pythia-1.4b,draw_3,control,0,0.2914647393552201,0.043080990042653186,0.08681055511901414,0.9873345269097222,0.5965966582298279
pythia-1.4b,draw_3,control,1,0.32626869132028546,0.010969955330692597,0.20859340578753738,0.9859684244791667,1.491048812866211
pythia-1.4b,draw_3,control,2,0.3227665947660226,0.010780070509008215,0.15711846345567326,0.9204215494791667,1.2397173643112183
pythia-1.4b,draw_3,control,3,0.3729793326103772,0.007659150326434827,0.20814627724268275,0.9208854166666667,1.0574387311935425
pythia-1.4b,draw_3,control,4,0.38270524709327935,0.00642668736986045,0.21509515686964442,0.8805815972222222,0.9498787522315979
pythia-1.4b,draw_3,control,5,0.3966060803032877,0.005758043165832875,0.25111792752155115,0.9664680989583333,0.9392502903938293
pythia-1.4b,draw_3,control,6,0.4030282563913089,0.004348073404897279,0.2576380511256591,0.9667154947916666,0.8606786727905273
pythia-1.4b,draw_3,control,7,0.39752310032365257,0.004197549451295837,0.27372039581719676,0.9670708550347222,0.9732521176338196
pythia-1.4b,draw_3,control,8,0.41308927078426816,0.0038968950919434603,0.2835447492257748,0.9610866970486112,0.7848185300827026
pythia-1.4b,draw_3,control,9,0.41251074347834144,0.004440725764753784,0.2973261535991454,0.9653738064236111,0.8214467167854309
pythia-1.4b,draw_3,control,10,0.4000587294629525,0.004542786138893795,0.2797853247191504,0.9685970052083334,0.8469170331954956
pythia-1.4b,draw_3,control,11,0.40264330381379443,0.0036588535883732656,0.27693202349994017,0.9675835503472222,0.8203138113021851
pythia-1.4b,draw_3,control,12,0.382010389849956,0.00487946572892925,0.2580883908086362,0.9718234592013889,0.8639059066772461
pythia-1.4b,draw_3,control,13,0.37493641760890634,0.005431364223632998,0.2531780002809465,0.9709375,0.9090157747268677
pythia-1.4b,draw_3,control,14,0.3691175162126376,0.005215707680387138,0.23901572266691895,0.9564680989583333,0.8951503038406372
pythia-1.4b,draw_3,control,15,0.35646234150094325,0.005677880108345829,0.22956712588003803,0.9713677300347222,0.9442647695541382
pythia-1.4b,draw_3,control,16,0.3383156024114234,0.007834434864758391,0.21128733574742764,0.9769992404513889,1.019273042678833
pythia-1.4b,draw_3,control,17,0.32594210437134397,0.008834161208043478,0.1980634474119103,0.9763953993055555,1.0173869132995605
pythia-1.4b,draw_3,control,18,0.33403804117362795,0.00894955027337645,0.2046367846281174,0.9667903645833333,0.9716916084289551
pythia-1.4b,draw_3,control,19,0.3255273032925058,0.009642286150160204,0.19365556665483608,0.9713601345486111,0.982194185256958
pythia-1.4b,draw_3,control,20,0.33474955861802586,0.008858411220965244,0.20895157357784888,0.9793516710069444,0.9695534110069275
pythia-1.4b,draw_3,control,21,0.3447657231511493,0.00872907697081507,0.22419399343624713,0.9642887369791666,0.9696818590164185
pythia-1.4b,draw_3,control,22,0.37083637895170646,0.008473777525564044,0.25434768948021036,0.9477962239583333,0.9266214370727539
pythia-1.4b,draw_3,control,23,0.41595990133056704,0.005511888168710945,0.31192600545652027,0.8431374782986111,0.9315102696418762
