model,draw,band,layer,mean_norm,std_norm,median_norm
pythia-70m,draw_1,low,0,6.798146724700928,0.5679645538330078,6.762117385864258
pythia-70m,draw_1,low,1,5.3118414878845215,1.467718243598938,4.780628681182861
pythia-70m,draw_1,low,2,11.977399826049805,14.144869804382324,5.649688243865967
pythia-70m,draw_1,low,3,9.01196575164795,1.5035226345062256,8.527209281921387
pythia-70m,draw_1,low,4,15.79922866821289,9.857393264770508,11.897347450256348
pythia-70m,draw_1,low,5,46.81895065307617,9.142701148986816,45.73992156982422
pythia-70m,draw_1,medium,0,6.387270450592041,0.578497052192688,6.321662425994873
pythia-70m,draw_1,medium,1,5.4068989753723145,1.6585583686828613,4.860139846801758
pythia-70m,draw_1,medium,2,11.965644836425781,15.362418174743652,5.560223579406738
pythia-70m,draw_1,medium,3,8.886883735656738,1.5235594511032104,8.432242393493652
pythia-70m,draw_1,medium,4,16.01186180114746,10.191818237304688,12.41413402557373
pythia-70m,draw_1,medium,5,46.408748626708984,8.819740295410156,45.151798248291016
pythia-70m,draw_1,high,0,5.98792839050293,0.46970880031585693,5.944299697875977
pythia-70m,draw_1,high,1,5.177995204925537,1.1788381338119507,4.854535102844238
pythia-70m,draw_1,high,2,9.734830856323242,10.91244888305664,5.372602939605713
pythia-70m,draw_1,high,3,8.702106475830078,1.2432875633239746,8.371805191040039
pythia-70m,draw_1,high,4,14.66679859161377,7.709074020385742,12.122843742370605
pythia-70m,draw_1,high,5,47.40938186645508,8.160540580749512,46.921714782714844
pythia-70m,draw_1,very_high,0,5.606514930725098,0.39806780219078064,5.5762786865234375
pythia-70m,draw_1,very_high,1,4.778133869171143,0.8264815807342529,4.603222846984863
pythia-70m,draw_1,very_high,2,6.8863019943237305,7.629010200500488,5.124838352203369
pythia-70m,draw_1,very_high,3,8.35647964477539,0.9588156342506409,8.214025497436523
pythia-70m,draw_1,very_high,4,13.194587707519531,5.185603141784668,12.208867073059082
pythia-70m,draw_1,very_high,5,48.76348114013672,8.41769790649414,48.348487854003906
pythia-70m,draw_1,control,0,5.698230266571045,0.4502909183502197,5.623293876647949
pythia-70m,draw_1,control,1,4.730660915374756,0.8632044792175293,4.5725812911987305
pythia-70m,draw_1,control,2,6.709324359893799,7.632658004760742,5.132433891296387
pythia-70m,draw_1,control,3,8.293975830078125,0.8899444341659546,8.171332359313965
pythia-70m,draw_1,control,4,12.884366035461426,5.084049701690674,11.971927642822266
pythia-70m,draw_1,control,5,47.833343505859375,7.934861183166504,47.59111785888672
pythia-70m,draw_2,low,0,6.757291793823242,0.6065794825553894,6.692013263702393
pythia-70m,draw_2,low,1,5.294925212860107,1.5860003232955933,4.752864360809326
pythia-70m,draw_2,low,2,12.157645225524902,14.539355278015137,5.602100849151611
pythia-70m,draw_2,low,3,9.046710014343262,1.5090819597244263,8.61611557006836
pythia-70m,draw_2,low,4,16.159122467041016,9.998612403869629,12.12775993347168
pythia-70m,draw_2,low,5,47.45055389404297,9.819710731506348,46.9861946105957
pythia-70m,draw_2,medium,0,6.331874847412109,0.5376135110855103,6.285787582397461
pythia-70m,draw_2,medium,1,5.2262864112854,1.3555148839950562,4.776308059692383
pythia-70m,draw_2,medium,2,10.983728408813477,13.44112491607666,5.546442985534668
pythia-70m,draw_2,medium,3,8.892410278320312,1.4230337142944336,8.499639511108398
pythia-70m,draw_2,medium,4,15.268035888671875,9.202503204345703,11.99814224243164
pythia-70m,draw_2,medium,5,45.8571891784668,9.686197280883789,45.23859405517578
pythia-70m,draw_2,high,0,5.95065975189209,0.44608449935913086,5.923941612243652
pythia-70m,draw_2,high,1,4.9669189453125,1.0732948780059814,4.642606258392334
pythia-70m,draw_2,high,2,8.168339729309082,9.038263320922852,5.340826988220215
pythia-70m,draw_2,high,3,8.532487869262695,1.0372511148452759,8.338705062866211
pythia-70m,draw_2,high,4,13.386920928955078,6.136697769165039,11.92734146118164
pythia-70m,draw_2,high,5,46.7255973815918,7.824711799621582,46.3551025390625
pythia-70m,draw_2,very_high,0,5.5148186683654785,0.4015502333641052,5.44817590713501
pythia-70m,draw_2,very_high,1,4.857855319976807,0.971495509147644,4.624917984008789
pythia-70m,draw_2,very_high,2,7.5594801902771,8.790522575378418,5.16928768157959
pythia-70m,draw_2,very_high,3,8.414814949035645,1.0716476440429688,8.272374153137207
pythia-70m,draw_2,very_high,4,13.705080032348633,6.053725719451904,12.366915702819824
pythia-70m,draw_2,very_high,5,48.850120544433594,8.415759086608887,48.32701110839844
pythia-70m,draw_2,control,0,5.666326999664307,0.522668182849884,5.57167911529541
pythia-70m,draw_2,control,1,4.832776069641113,1.0915619134902954,4.631829261779785
pythia-70m,draw_2,control,2,7.50786018371582,10.37024211883545,5.176036834716797
pythia-70m,draw_2,control,3,8.405693054199219,1.0533933639526367,8.249896049499512
pythia-70m,draw_2,control,4,13.467576026916504,6.739185333251953,12.01915454864502
pythia-70m,draw_2,control,5,48.3135986328125,8.342984199523926,48.64588928222656
pythia-70m,draw_3,low,0,6.691485404968262,0.5585083365440369,6.679441452026367
pythia-70m,draw_3,low,1,5.502208232879639,1.5944756269454956,4.8834710121154785
pythia-70m,draw_3,low,2,14.169659614562988,16.344337463378906,5.723989009857178
pythia-70m,draw_3,low,3,9.228862762451172,1.6580957174301147,8.580528259277344
pythia-70m,draw_3,low,4,17.282255172729492,11.264506340026855,12.191869735717773
pythia-70m,draw_3,low,5,48.049278259277344,9.987024307250977,47.736270904541016
pythia-70m,draw_3,medium,0,6.347412109375,0.5467702746391296,6.292448997497559
pythia-70m,draw_3,medium,1,5.6106109619140625,1.7681695222854614,4.838024616241455
pythia-70m,draw_3,medium,2,14.13860034942627,17.413585662841797,5.62429666519165
pythia-70m,draw_3,medium,3,9.152288436889648,1.6567944288253784,8.601424217224121
pythia-70m,draw_3,medium,4,17.335430145263672,11.484566688537598,12.081297874450684
pythia-70m,draw_3,medium,5,47.83363723754883,10.088553428649902,46.742008209228516
pythia-70m,draw_3,high,0,5.999114513397217,0.4885055124759674,5.918503761291504
pythia-70m,draw_3,high,1,5.087064743041992,1.1816211938858032,4.732774257659912
pythia-70m,draw_3,high,2,9.066558837890625,11.136934280395508,5.37830924987793
pythia-70m,draw_3,high,3,8.66421127319336,1.2273520231246948,8.390464782714844
pythia-70m,draw_3,high,4,14.169568061828613,7.6417059898376465,12.072324752807617
pythia-70m,draw_3,high,5,46.76543426513672,8.603822708129883,46.774818420410156
pythia-70m,draw_3,very_high,0,5.577566146850586,0.38014769554138184,5.541674613952637
pythia-70m,draw_3,very_high,1,4.7322235107421875,0.8829551935195923,4.611882209777832
pythia-70m,draw_3,very_high,2,6.848848342895508,8.450261116027832,5.098616600036621
pythia-70m,draw_3,very_high,3,8.394698143005371,0.9715020656585693,8.292244911193848
pythia-70m,draw_3,very_high,4,13.406036376953125,5.706831455230713,12.371760368347168
pythia-70m,draw_3,very_high,5,48.58002471923828,7.870993614196777,48.757476806640625
pythia-70m,draw_3,control,0,5.7536211013793945,0.5437310934066772,5.691103458404541
pythia-70m,draw_3,control,1,4.858935356140137,1.1265122890472412,4.591714859008789
pythia-70m,draw_3,control,2,7.83607292175293,10.597052574157715,5.148241996765137
pythia-70m,draw_3,control,3,8.518301963806152,1.130568265914917,8.304290771484375
pythia-70m,draw_3,control,4,13.766131401062012,6.981692314147949,12.207574844360352
pythia-70m,draw_3,control,5,47.752681732177734,8.338449478149414,47.35546875
pythia-160m,draw_1,low,0,9.9371919631958,0.7586443424224854,9.933947563171387
pythia-160m,draw_1,low,1,5.5101752281188965,0.7399370670318604,5.506802558898926
pythia-160m,draw_1,low,2,6.387007236480713,0.5141429305076599,6.384103775024414
pythia-160m,draw_1,low,3,6.561375141143799,0.46876177191734314,6.531833648681641
pythia-160m,draw_1,low,4,6.915490627288818,0.39621424674987793,6.883845806121826
pythia-160m,draw_1,low,5,9.75189208984375,0.7890496850013733,9.710794448852539
pythia-160m,draw_1,low,6,10.822427749633789,1.4899146556854248,10.675176620483398
pythia-160m,draw_1,low,7,13.511460304260254,1.8619133234024048,13.263158798217773
pythia-160m,draw_1,low,8,24.882511138916016,5.819059371948242,24.9596004486084
pythia-160m,draw_1,low,9,21.57107162475586,2.548875570297241,21.732023239135742
pythia-160m,draw_1,low,10,18.566726684570312,1.7347654104232788,18.385026931762695
pythia-160m,draw_1,low,11,89.2313003540039,12.06106948852539,88.63787841796875
pythia-160m,draw_1,medium,0,9.332768440246582,0.7209911346435547,9.358837127685547
pythia-160m,draw_1,medium,1,5.419401168823242,0.7126959562301636,5.368374824523926
pythia-160m,draw_1,medium,2,6.353941917419434,0.5305289626121521,6.367633819580078
pythia-160m,draw_1,medium,3,6.347963333129883,0.41351956129074097,6.356307029724121
pythia-160m,draw_1,medium,4,6.817927360534668,0.41566112637519836,6.826477527618408
pythia-160m,draw_1,medium,5,9.9155912399292,1.4959434270858765,9.689386367797852
pythia-160m,draw_1,medium,6,11.091721534729004,1.9565550088882446,10.820959091186523
pythia-160m,draw_1,medium,7,14.01175594329834,2.193951368331909,13.846383094787598
pythia-160m,draw_1,medium,8,23.9206600189209,6.801022529602051,24.152555465698242
pythia-160m,draw_1,medium,9,21.351449966430664,3.088716506958008,21.768266677856445
pythia-160m,draw_1,medium,10,19.130664825439453,1.7958544492721558,18.97650909423828
pythia-160m,draw_1,medium,11,92.07766723632812,10.1641845703125,92.49248504638672
pythia-160m,draw_1,high,0,8.636819839477539,0.6267079710960388,8.558517456054688
pythia-160m,draw_1,high,1,5.305168151855469,0.5834514498710632,5.297843933105469
pythia-160m,draw_1,high,2,6.2996039390563965,0.5875045657157898,6.227557182312012
pythia-160m,draw_1,high,3,6.185600280761719,0.42967015504837036,6.168702602386475
pythia-160m,draw_1,high,4,6.801792144775391,0.4177170693874359,6.765496253967285
pythia-160m,draw_1,high,5,10.314059257507324,2.389049768447876,9.595087051391602
pythia-160m,draw_1,high,6,10.935551643371582,2.1834611892700195,10.456547737121582
pythia-160m,draw_1,high,7,14.872163772583008,2.659651279449463,14.647643089294434
pythia-160m,draw_1,high,8,22.700695037841797,6.023278713226318,22.059795379638672
pythia-160m,draw_1,high,9,21.72702407836914,3.3613436222076416,21.874399185180664
pythia-160m,draw_1,high,10,19.667285919189453,1.9709248542785645,19.518423080444336
pythia-160m,draw_1,high,11,93.88711547851562,10.33281135559082,93.97915649414062
pythia-160m,draw_1,very_high,0,8.072009086608887,0.4352957308292389,8.059469223022461
pythia-160m,draw_1,very_high,1,5.2608160972595215,0.5923675298690796,5.252087116241455
pythia-160m,draw_1,very_high,2,6.343163967132568,0.5566507577896118,6.329725742340088
pythia-160m,draw_1,very_high,3,6.144807815551758,0.4748179316520691,6.15505313873291
pythia-160m,draw_1,very_high,4,6.772745609283447,0.4426957070827484,6.767343521118164
pythia-160m,draw_1,very_high,5,10.35549545288086,2.507526397705078,9.70428466796875
pythia-160m,draw_1,very_high,6,11.087291717529297,2.20996356010437,10.727968215942383
pythia-160m,draw_1,very_high,7,15.522183418273926,3.035223960876465,15.179620742797852
pythia-160m,draw_1,very_high,8,21.68659782409668,5.465503215789795,20.9960880279541
pythia-160m,draw_1,very_high,9,21.87706184387207,3.9882876873016357,22.206270217895508
pythia-160m,draw_1,very_high,10,20.75015640258789,1.9562373161315918,20.533966064453125
pythia-160m,draw_1,very_high,11,95.54036712646484,10.422677040100098,94.76240539550781
pythia-160m,draw_1,control,0,8.26908016204834,0.5835053324699402,8.190611839294434
pythia-160m,draw_1,control,1,5.235036849975586,0.5917328000068665,5.20515251159668
pythia-160m,draw_1,control,2,6.334547519683838,0.5429475903511047,6.359910011291504
pythia-160m,draw_1,control,3,6.12846040725708,0.45463988184928894,6.074123859405518
pythia-160m,draw_1,control,4,6.79718542098999,0.39705395698547363,6.780943393707275
pythia-160m,draw_1,control,5,10.121996879577637,2.093381881713867,9.6299409866333
pythia-160m,draw_1,control,6,10.955709457397461,2.151214361190796,10.466364860534668
pythia-160m,draw_1,control,7,15.082399368286133,2.950422763824463,14.724842071533203
pythia-160m,draw_1,control,8,21.51776123046875,5.381807804107666,20.561824798583984
pythia-160m,draw_1,control,9,21.781755447387695,3.5995917320251465,21.79215431213379
pythia-160m,draw_1,control,10,20.488073348999023,2.1411242485046387,20.257179260253906
pythia-160m,draw_1,control,11,94.36985778808594,10.436116218566895,94.35187530517578
pythia-160m,draw_2,low,0,9.911301612854004,0.714693546295166,9.874176025390625
pythia-160m,draw_2,low,1,5.49498176574707,0.8358892798423767,5.49649715423584
pythia-160m,draw_2,low,2,6.333609580993652,0.5857802033424377,6.411447048187256
pythia-160m,draw_2,low,3,6.623867034912109,0.5256597399711609,6.643836498260498
pythia-160m,draw_2,low,4,6.956803321838379,0.41131556034088135,6.933608531951904
pythia-160m,draw_2,low,5,9.760537147521973,0.8249767422676086,9.682726860046387
pythia-160m,draw_2,low,6,10.799062728881836,1.6228954792022705,10.654030799865723
pythia-160m,draw_2,low,7,13.6285982131958,1.959106683731079,13.42384147644043
pythia-160m,draw_2,low,8,24.88791275024414,5.892521381378174,25.170391082763672
pythia-160m,draw_2,low,9,21.432878494262695,2.3024706840515137,21.48849105834961
pythia-160m,draw_2,low,10,18.472152709960938,1.5959632396697998,18.45055389404297
pythia-160m,draw_2,low,11,88.45738220214844,10.569507598876953,88.3108901977539
pythia-160m,draw_2,medium,0,9.278976440429688,0.6670430302619934,9.236091613769531
pythia-160m,draw_2,medium,1,5.431817531585693,0.774906575679779,5.405137538909912
pythia-160m,draw_2,medium,2,6.337939262390137,0.5717023611068726,6.302778720855713
pythia-160m,draw_2,medium,3,6.362186431884766,0.4306861460208893,6.420286178588867
pythia-160m,draw_2,medium,4,6.815129280090332,0.3894237279891968,6.815046310424805
pythia-160m,draw_2,medium,5,9.811738014221191,1.1574701070785522,9.68286418914795
pythia-160m,draw_2,medium,6,10.83910846710205,1.8468937873840332,10.45334529876709
pythia-160m,draw_2,medium,7,13.92862606048584,2.199781656265259,13.533768653869629
pythia-160m,draw_2,medium,8,23.9823055267334,6.411078453063965,23.86389923095703
pythia-160m,draw_2,medium,9,21.252422332763672,2.9734432697296143,21.87607192993164
pythia-160m,draw_2,medium,10,18.795467376708984,1.579528570175171,18.77089500427246
pythia-160m,draw_2,medium,11,92.77519989013672,10.550810813903809,91.85748291015625
pythia-160m,draw_2,high,0,8.56543254852295,0.5887777805328369,8.51415729522705
pythia-160m,draw_2,high,1,5.298949718475342,0.6289075613021851,5.267010688781738
pythia-160m,draw_2,high,2,6.2960968017578125,0.6132665276527405,6.22047233581543
pythia-160m,draw_2,high,3,6.209814548492432,0.47390490770339966,6.1356072425842285
pythia-160m,draw_2,high,4,6.790098667144775,0.41731882095336914,6.777400970458984
pythia-160m,draw_2,high,5,10.000802993774414,1.572559118270874,9.694254875183105
pythia-160m,draw_2,high,6,10.998323440551758,2.0802483558654785,10.737338066101074
pythia-160m,draw_2,high,7,15.068424224853516,2.7902519702911377,14.785442352294922
pythia-160m,draw_2,high,8,22.92058753967285,5.833364009857178,22.762041091918945
pythia-160m,draw_2,high,9,21.741350173950195,3.31973934173584,21.796497344970703
pythia-160m,draw_2,high,10,19.651241302490234,1.7282989025115967,19.646883010864258
pythia-160m,draw_2,high,11,94.10092163085938,9.79883098602295,93.2520523071289
pythia-160m,draw_2,very_high,0,8.009228706359863,0.46276670694351196,7.950010299682617
pythia-160m,draw_2,very_high,1,5.204570293426514,0.5785113573074341,5.1641011238098145
pythia-160m,draw_2,very_high,2,6.351660251617432,0.5450472235679626,6.356804847717285
pythia-160m,draw_2,very_high,3,6.150786876678467,0.45855748653411865,6.1019206047058105
pythia-160m,draw_2,very_high,4,6.785572528839111,0.3938600420951843,6.758955001831055
pythia-160m,draw_2,very_high,5,10.271659851074219,2.0414395332336426,9.739496231079102
pythia-160m,draw_2,very_high,6,11.241273880004883,2.1568260192871094,10.932796478271484
pythia-160m,draw_2,very_high,7,15.635090827941895,2.9630753993988037,15.429574966430664
pythia-160m,draw_2,very_high,8,21.47532081604004,5.078799724578857,21.224895477294922
pythia-160m,draw_2,very_high,9,21.92861557006836,3.7195985317230225,22.3763427734375
pythia-160m,draw_2,very_high,10,20.85637664794922,1.979245901107788,20.783456802368164
pythia-160m,draw_2,very_high,11,95.93700408935547,10.470677375793457,96.60525512695312
pythia-160m,draw_2,control,0,8.2374906539917,0.6677905321121216,8.082406997680664
pythia-160m,draw_2,control,1,5.218428611755371,0.6348917484283447,5.207135200500488
pythia-160m,draw_2,control,2,6.351756572723389,0.5710502862930298,6.3128838539123535
pythia-160m,draw_2,control,3,6.20779275894165,0.44473564624786377,6.176478385925293
pythia-160m,draw_2,control,4,6.786732196807861,0.4093115031719208,6.775956153869629
pythia-160m,draw_2,control,5,10.332072257995605,2.371873140335083,9.79611587524414
pythia-160m,draw_2,control,6,10.829333305358887,2.226608991622925,10.460894584655762
pythia-160m,draw_2,control,7,14.981779098510742,2.827065944671631,14.739692687988281
pythia-160m,draw_2,control,8,21.535064697265625,5.377919673919678,21.428831100463867
pythia-160m,draw_2,control,9,21.869977951049805,3.9276652336120605,22.008197784423828
pythia-160m,draw_2,control,10,20.668516159057617,2.121878147125244,20.34402084350586
pythia-160m,draw_2,control,11,95.280517578125,10.872315406799316,95.31793975830078
pythia-160m,draw_3,low,0,9.799483299255371,0.7944004535675049,9.834925651550293
pythia-160m,draw_3,low,1,5.495818138122559,0.7637143135070801,5.520174026489258
pythia-160m,draw_3,low,2,6.4095540046691895,0.5763481259346008,6.344356536865234
pythia-160m,draw_3,low,3,6.607553005218506,0.4798505902290344,6.59124231338501
pythia-160m,draw_3,low,4,6.9206671714782715,0.3997713327407837,6.91815710067749
pythia-160m,draw_3,low,5,9.730260848999023,0.8512603044509888,9.68844985961914
pythia-160m,draw_3,low,6,10.65836238861084,1.5459158420562744,10.571824073791504
pythia-160m,draw_3,low,7,13.307469367980957,1.772839069366455,13.020384788513184
pythia-160m,draw_3,low,8,24.30144500732422,5.910665512084961,24.5117130279541
pythia-160m,draw_3,low,9,21.42587661743164,2.425410747528076,21.59747314453125
pythia-160m,draw_3,low,10,18.382802963256836,1.5862443447113037,18.244352340698242
pythia-160m,draw_3,low,11,90.42516326904297,10.769501686096191,89.36274719238281
pythia-160m,draw_3,medium,0,9.278968811035156,0.6744753122329712,9.305867195129395
pythia-160m,draw_3,medium,1,5.446673393249512,0.6877599358558655,5.381704807281494
pythia-160m,draw_3,medium,2,6.407087802886963,0.5371755957603455,6.420032024383545
pythia-160m,draw_3,medium,3,6.392175674438477,0.447073370218277,6.356627464294434
pythia-160m,draw_3,medium,4,6.853622913360596,0.4094141721725464,6.829951286315918
pythia-160m,draw_3,medium,5,9.987176895141602,1.197847843170166,9.771126747131348
pythia-160m,draw_3,medium,6,11.100696563720703,1.760917067527771,10.89009952545166
pythia-160m,draw_3,medium,7,14.231180191040039,2.032627582550049,14.133727073669434
pythia-160m,draw_3,medium,8,24.348047256469727,6.039811611175537,24.162988662719727
pythia-160m,draw_3,medium,9,21.55065155029297,2.7222113609313965,21.89659309387207
pythia-160m,draw_3,medium,10,18.98052978515625,1.6584848165512085,18.91263198852539
pythia-160m,draw_3,medium,11,92.38331604003906,10.352677345275879,91.94441223144531
pythia-160m,draw_3,high,0,8.626758575439453,0.61077481508255,8.52293586730957
pythia-160m,draw_3,high,1,5.312294006347656,0.6113642454147339,5.256639003753662
pythia-160m,draw_3,high,2,6.353515148162842,0.6061986684799194,6.383886814117432
pythia-160m,draw_3,high,3,6.176865100860596,0.4431295692920685,6.147777557373047
pythia-160m,draw_3,high,4,6.829113483428955,0.42838647961616516,6.8040666580200195
pythia-160m,draw_3,high,5,10.18625259399414,1.8660094738006592,9.761889457702637
pythia-160m,draw_3,high,6,11.167202949523926,2.045197010040283,10.889920234680176
pythia-160m,draw_3,high,7,15.000699996948242,2.6553056240081787,14.758140563964844
pythia-160m,draw_3,high,8,22.889392852783203,5.895367622375488,22.98082733154297
pythia-160m,draw_3,high,9,21.624385833740234,3.3378965854644775,21.926837921142578
pythia-160m,draw_3,high,10,19.729887008666992,1.891953706741333,19.426801681518555
pythia-160m,draw_3,high,11,93.73703002929688,10.364182472229004,92.70889282226562
pythia-160m,draw_3,very_high,0,8.06058406829834,0.42595142126083374,8.015030860900879
pythia-160m,draw_3,very_high,1,5.221522808074951,0.6078205704689026,5.2234787940979
pythia-160m,draw_3,very_high,2,6.3513102531433105,0.5749041438102722,6.311319828033447
pythia-160m,draw_3,very_high,3,6.123331069946289,0.44329309463500977,6.119215965270996
pythia-160m,draw_3,very_high,4,6.778796672821045,0.43314850330352783,6.768768310546875
pythia-160m,draw_3,very_high,5,10.05794906616211,1.5568722486495972,9.676846504211426
pythia-160m,draw_3,very_high,6,10.871721267700195,2.022495985031128,10.646872520446777
pythia-160m,draw_3,very_high,7,15.360611915588379,3.1110239028930664,15.082653045654297
pythia-160m,draw_3,very_high,8,21.281749725341797,5.610302925109863,20.595626831054688
pythia-160m,draw_3,very_high,9,21.49293327331543,3.944791316986084,21.624719619750977
pythia-160m,draw_3,very_high,10,20.854467391967773,1.9925397634506226,20.791427612304688
pythia-160m,draw_3,very_high,11,95.06092834472656,11.070070266723633,94.87837219238281
pythia-160m,draw_3,control,0,8.258593559265137,0.695002555847168,8.107481956481934
pythia-160m,draw_3,control,1,5.233020782470703,0.6001141667366028,5.244081020355225
pythia-160m,draw_3,control,2,6.333644390106201,0.5411183834075928,6.320052146911621
pythia-160m,draw_3,control,3,6.145787715911865,0.4508381485939026,6.109180927276611
pythia-160m,draw_3,control,4,6.790103435516357,0.3872116208076477,6.777775287628174
pythia-160m,draw_3,control,5,9.925346374511719,1.690948247909546,9.60490608215332
pythia-160m,draw_3,control,6,11.036181449890137,2.058574676513672,10.771706581115723
pythia-160m,draw_3,control,7,15.149975776672363,2.7778570652008057,15.244003295898438
pythia-160m,draw_3,control,8,21.879838943481445,5.751086711883545,21.54458999633789
pythia-160m,draw_3,control,9,21.955093383789062,3.361307144165039,22.25110626220703
pythia-160m,draw_3,control,10,20.5140323638916,2.082521677017212,20.373828887939453
pythia-160m,draw_3,control,11,96.32925415039062,10.081100463867188,96.38838195800781
pythia-410m,draw_1,low,0,13.863417625427246,1.2721205949783325,13.84096622467041
pythia-410m,draw_1,low,1,6.214273452758789,0.8236766457557678,6.085597038269043
pythia-410m,draw_1,low,2,6.380897521972656,0.5004726052284241,6.36659574508667
pythia-410m,draw_1,low,3,6.285727024078369,0.4395599663257599,6.239680290222168
pythia-410m,draw_1,low,4,6.799577713012695,0.5424913167953491,6.812601566314697
pythia-410m,draw_1,low,5,9.668109893798828,0.5809319019317627,9.656364440917969
pythia-410m,draw_1,low,6,7.50213098526001,0.3683241009712219,7.520427703857422
pythia-410m,draw_1,low,7,8.440872192382812,0.46751508116722107,8.429161071777344
pythia-410m,draw_1,low,8,11.090310096740723,0.8122107982635498,11.074808120727539
pythia-410m,draw_1,low,9,11.87773609161377,0.9405190348625183,11.889365196228027
pythia-410m,draw_1,low,10,11.10986328125,0.7999416589736938,11.108377456665039
pythia-410m,draw_1,low,11,11.120037078857422,0.7338976860046387,11.111120223999023
pythia-410m,draw_1,low,12,8.823914527893066,0.5207995772361755,8.765210151672363
pythia-410m,draw_1,low,13,14.867961883544922,2.4102942943573,15.148326873779297
pythia-410m,draw_1,low,14,11.194342613220215,1.1849416494369507,11.267906188964844
pythia-410m,draw_1,low,15,11.260437965393066,1.2035226821899414,11.14354133605957
pythia-410m,draw_1,low,16,13.387822151184082,0.9736515879631042,13.311381340026855
pythia-410m,draw_1,low,17,15.465815544128418,5.611189842224121,13.196930885314941
pythia-410m,draw_1,low,18,15.700486183166504,4.193423271179199,15.053446769714355
pythia-410m,draw_1,low,19,25.472408294677734,3.3744072914123535,25.591861724853516
pythia-410m,draw_1,low,20,16.14040184020996,6.628098964691162,14.046085357666016
pythia-410m,draw_1,low,21,20.41620635986328,2.917024612426758,20.307865142822266
pythia-410m,draw_1,low,22,22.263423919677734,2.9309561252593994,21.931270599365234
pythia-410m,draw_1,low,23,45.918190002441406,4.087984561920166,45.93232345581055
pythia-410m,draw_1,medium,0,12.596757888793945,1.1379340887069702,12.560795783996582
pythia-410m,draw_1,medium,1,6.367888450622559,0.8521079421043396,6.229567527770996
pythia-410m,draw_1,medium,2,6.497617244720459,0.47925737500190735,6.458144664764404
pythia-410m,draw_1,medium,3,6.429622173309326,0.4363331198692322,6.390722274780273
pythia-410m,draw_1,medium,4,6.822258949279785,0.511121928691864,6.797154426574707
pythia-410m,draw_1,medium,5,9.433363914489746,0.4850395917892456,9.425283432006836
pythia-410m,draw_1,medium,6,7.418968200683594,0.3348739743232727,7.400777339935303
pythia-410m,draw_1,medium,7,8.407389640808105,0.45253437757492065,8.41125774383545
pythia-410m,draw_1,medium,8,10.99486255645752,0.7833354473114014,10.94775676727295
pythia-410m,draw_1,medium,9,11.79654598236084,0.9370126724243164,11.721720695495605
pythia-410m,draw_1,medium,10,10.73163890838623,0.7859678268432617,10.772659301757812
pythia-410m,draw_1,medium,11,10.8663969039917,0.7532292008399963,10.84006118774414
pythia-410m,draw_1,medium,12,8.723047256469727,0.5421599745750427,8.720446586608887
pythia-410m,draw_1,medium,13,14.518209457397461,2.578357219696045,14.633634567260742
pythia-410m,draw_1,medium,14,11.014288902282715,1.298614501953125,11.149101257324219
pythia-410m,draw_1,medium,15,10.893207550048828,1.1064698696136475,10.708067893981934
pythia-410m,draw_1,medium,16,13.477191925048828,1.0101255178451538,13.484116554260254
pythia-410m,draw_1,medium,17,15.340702056884766,5.582902908325195,12.866366386413574
pythia-410m,draw_1,medium,18,15.517170906066895,4.075798511505127,14.740693092346191
pythia-410m,draw_1,medium,19,25.48955726623535,3.6081180572509766,25.94612693786621
pythia-410m,draw_1,medium,20,17.546546936035156,7.242103099822998,15.794692993164062
pythia-410m,draw_1,medium,21,19.36098289489746,2.99780011177063,19.239791870117188
pythia-410m,draw_1,medium,22,21.836505889892578,2.754671812057495,21.464733123779297
pythia-410m,draw_1,medium,23,46.945186614990234,4.640089988708496,46.87685012817383
pythia-410m,draw_1,high,0,11.307533264160156,0.9152470231056213,11.190921783447266
pythia-410m,draw_1,high,1,6.185436248779297,0.742106556892395,6.149849891662598
pythia-410m,draw_1,high,2,6.455844879150391,0.44637006521224976,6.428828239440918
pythia-410m,draw_1,high,3,6.599756717681885,0.43639686703681946,6.5810546875
pythia-410m,draw_1,high,4,6.812992572784424,0.5617409944534302,6.7288031578063965
pythia-410m,draw_1,high,5,9.06372356414795,0.5610143542289734,8.99215030670166
pythia-410m,draw_1,high,6,7.358154296875,0.3407418131828308,7.314846992492676
pythia-410m,draw_1,high,7,8.294571876525879,0.5010296702384949,8.281898498535156
pythia-410m,draw_1,high,8,11.007431030273438,0.7867371439933777,10.957564353942871
pythia-410m,draw_1,high,9,11.652090072631836,1.0028318166732788,11.655333518981934
pythia-410m,draw_1,high,10,10.357624053955078,0.856456458568573,10.380395889282227
pythia-410m,draw_1,high,11,10.504507064819336,0.755156934261322,10.484970092773438
pythia-410m,draw_1,high,12,8.580486297607422,0.5424988865852356,8.556575775146484
pythia-410m,draw_1,high,13,14.201492309570312,2.5562684535980225,14.02967643737793
pythia-410m,draw_1,high,14,10.694090843200684,1.309991717338562,10.795620918273926
pythia-410m,draw_1,high,15,10.675323486328125,1.066767930984497,10.493497848510742
pythia-410m,draw_1,high,16,13.652594566345215,1.0428601503372192,13.651659965515137
pythia-410m,draw_1,high,17,14.032764434814453,6.052724361419678,11.487698554992676
pythia-410m,draw_1,high,18,14.549309730529785,3.438291311264038,13.762863159179688
pythia-410m,draw_1,high,19,25.600059509277344,4.1989312171936035,25.85776138305664
pythia-410m,draw_1,high,20,17.414783477783203,7.423411846160889,14.965869903564453
pythia-410m,draw_1,high,21,19.38058090209961,3.1951541900634766,19.522626876831055
pythia-410m,draw_1,high,22,21.214956283569336,2.5702285766601562,20.950166702270508
pythia-410m,draw_1,high,23,47.08952331542969,4.096824645996094,46.850032806396484
pythia-410m,draw_1,very_high,0,10.552590370178223,0.5743831992149353,10.498886108398438
pythia-410m,draw_1,very_high,1,6.019775390625,0.6434370279312134,5.934386253356934
pythia-410m,draw_1,very_high,2,6.415125846862793,0.4903639853000641,6.423011779785156
pythia-410m,draw_1,very_high,3,6.726452827453613,0.5099501013755798,6.695389270782471
pythia-410m,draw_1,very_high,4,6.869911193847656,0.5793095827102661,6.758205413818359
pythia-410m,draw_1,very_high,5,8.906208992004395,0.5413296222686768,8.851966857910156
pythia-410m,draw_1,very_high,6,7.356335639953613,0.35912325978279114,7.330282211303711
pythia-410m,draw_1,very_high,7,8.174010276794434,0.45913800597190857,8.135523796081543
pythia-410m,draw_1,very_high,8,10.848259925842285,0.8607966303825378,10.846444129943848
pythia-410m,draw_1,very_high,9,11.389107704162598,0.9385886192321777,11.382075309753418
pythia-410m,draw_1,very_high,10,10.022918701171875,0.8072236180305481,9.953962326049805
pythia-410m,draw_1,very_high,11,10.078044891357422,0.6607219576835632,10.098586082458496
pythia-410m,draw_1,very_high,12,8.297430992126465,0.5106515884399414,8.290242195129395
pythia-410m,draw_1,very_high,13,13.88368034362793,2.4649453163146973,13.745126724243164
pythia-410m,draw_1,very_high,14,10.522040367126465,1.2012985944747925,10.520612716674805
pythia-410m,draw_1,very_high,15,10.368298530578613,0.917665421962738,10.323173522949219
pythia-410m,draw_1,very_high,16,14.234396934509277,1.1941884756088257,14.177238464355469
pythia-410m,draw_1,very_high,17,13.068526268005371,5.750524044036865,11.23764419555664
pythia-410m,draw_1,very_high,18,13.984759330749512,2.8594272136688232,13.452400207519531
pythia-410m,draw_1,very_high,19,25.436717987060547,3.774317502975464,25.5255126953125
pythia-410m,draw_1,very_high,20,16.496877670288086,7.393644332885742,13.788445472717285
pythia-410m,draw_1,very_high,21,20.938892364501953,4.961638927459717,20.320629119873047
pythia-410m,draw_1,very_high,22,20.999635696411133,2.1906049251556396,20.891176223754883
pythia-410m,draw_1,very_high,23,47.944252014160156,4.4386749267578125,47.64175033569336
pythia-410m,draw_1,control,0,10.840904235839844,0.9442502856254578,10.646849632263184
pythia-410m,draw_1,control,1,6.020963668823242,0.6866881847381592,5.927671909332275
pythia-410m,draw_1,control,2,6.494302749633789,0.47673550248146057,6.454575538635254
pythia-410m,draw_1,control,3,6.641523361206055,0.5052170753479004,6.6009626388549805
pythia-410m,draw_1,control,4,6.834630012512207,0.5438726544380188,6.767892360687256
pythia-410m,draw_1,control,5,9.022085189819336,0.5639945268630981,8.930624008178711
pythia-410m,draw_1,control,6,7.358460903167725,0.37064120173454285,7.342067241668701
pythia-410m,draw_1,control,7,8.191267013549805,0.4776705801486969,8.177750587463379
pythia-410m,draw_1,control,8,10.895499229431152,0.8195621371269226,10.862439155578613
pythia-410m,draw_1,control,9,11.477508544921875,0.9470637440681458,11.455270767211914
pythia-410m,draw_1,control,10,10.211073875427246,0.8217948079109192,10.149286270141602
pythia-410m,draw_1,control,11,10.30542278289795,0.7024070024490356,10.293357849121094
pythia-410m,draw_1,control,12,8.434332847595215,0.560792863368988,8.389495849609375
pythia-410m,draw_1,control,13,13.96983528137207,2.5849716663360596,14.043813705444336
pythia-410m,draw_1,control,14,10.547673225402832,1.348034381866455,10.624428749084473
pythia-410m,draw_1,control,15,10.670607566833496,1.1023685932159424,10.52521800994873
pythia-410m,draw_1,control,16,13.942971229553223,1.2040789127349854,14.016858100891113
pythia-410m,draw_1,control,17,13.166871070861816,4.77361536026001,11.44070053100586
pythia-410m,draw_1,control,18,14.301582336425781,3.107409954071045,13.795659065246582
pythia-410m,draw_1,control,19,25.38988494873047,3.940484046936035,25.681312561035156
pythia-410m,draw_1,control,20,16.894411087036133,7.876399993896484,13.87852954864502
pythia-410m,draw_1,control,21,20.570207595825195,4.054197788238525,20.38206672668457
pythia-410m,draw_1,control,22,20.93192481994629,2.4193761348724365,20.997665405273438
pythia-410m,draw_1,control,23,47.51750183105469,4.5898566246032715,47.24973678588867
pythia-410m,draw_2,low,0,13.735091209411621,1.306626796722412,13.778996467590332
pythia-410m,draw_2,low,1,6.278393745422363,0.7967845797538757,6.2481584548950195
pythia-410m,draw_2,low,2,6.433277606964111,0.5141782164573669,6.377791404724121
pythia-410m,draw_2,low,3,6.260758399963379,0.390979140996933,6.2800068855285645
pythia-410m,draw_2,low,4,6.8117780685424805,0.4881454110145569,6.805781841278076
pythia-410m,draw_2,low,5,9.720382690429688,0.5641777515411377,9.649701118469238
pythia-410m,draw_2,low,6,7.523190975189209,0.3694394826889038,7.572658538818359
pythia-410m,draw_2,low,7,8.440563201904297,0.47238075733184814,8.469720840454102
pythia-410m,draw_2,low,8,11.0086030960083,0.740433931350708,11.035236358642578
pythia-410m,draw_2,low,9,11.867847442626953,0.9360493421554565,11.81683349609375
pythia-410m,draw_2,low,10,11.06802749633789,0.8757893443107605,11.05557918548584
pythia-410m,draw_2,low,11,11.150145530700684,0.7019616365432739,11.149246215820312
pythia-410m,draw_2,low,12,8.816859245300293,0.495891809463501,8.801698684692383
pythia-410m,draw_2,low,13,14.944514274597168,2.3439128398895264,14.876566886901855
pythia-410m,draw_2,low,14,11.253812789916992,1.2030000686645508,11.318089485168457
pythia-410m,draw_2,low,15,11.315254211425781,1.2054376602172852,11.313634872436523
pythia-410m,draw_2,low,16,13.435356140136719,0.9837539792060852,13.345624923706055
pythia-410m,draw_2,low,17,16.258792877197266,6.2872772216796875,13.619453430175781
pythia-410m,draw_2,low,18,15.965704917907715,4.391685485839844,15.021894454956055
pythia-410m,draw_2,low,19,24.85647964477539,3.5217809677124023,25.13329315185547
pythia-410m,draw_2,low,20,16.125856399536133,6.101443290710449,14.373656272888184
pythia-410m,draw_2,low,21,20.410524368286133,2.998154401779175,20.245071411132812
pythia-410m,draw_2,low,22,22.606470108032227,3.3246777057647705,21.951343536376953
pythia-410m,draw_2,low,23,46.11114501953125,4.37511682510376,46.1503791809082
pythia-410m,draw_2,medium,0,12.522538185119629,1.2000144720077515,12.448821067810059
pythia-410m,draw_2,medium,1,6.375671863555908,0.9069980382919312,6.181842803955078
pythia-410m,draw_2,medium,2,6.544624328613281,0.4940650165081024,6.5091471672058105
pythia-410m,draw_2,medium,3,6.427863121032715,0.3900928795337677,6.3885111808776855
pythia-410m,draw_2,medium,4,6.757486820220947,0.48779296875,6.686922550201416
pythia-410m,draw_2,medium,5,9.442556381225586,0.5417932868003845,9.425848007202148
pythia-410m,draw_2,medium,6,7.432528018951416,0.3433034121990204,7.436932563781738
pythia-410m,draw_2,medium,7,8.364261627197266,0.48975101113319397,8.380409240722656
pythia-410m,draw_2,medium,8,10.9357271194458,0.7389810085296631,10.930999755859375
pythia-410m,draw_2,medium,9,11.766751289367676,1.003044605255127,11.700778007507324
pythia-410m,draw_2,medium,10,10.822105407714844,0.8650927543640137,10.783452033996582
pythia-410m,draw_2,medium,11,10.927334785461426,0.7269922494888306,10.83677864074707
pythia-410m,draw_2,medium,12,8.71501636505127,0.522234320640564,8.746820449829102
pythia-410m,draw_2,medium,13,14.535820007324219,2.566006898880005,14.565396308898926
pythia-410m,draw_2,medium,14,10.918479919433594,1.2992810010910034,10.872901916503906
pythia-410m,draw_2,medium,15,10.829458236694336,1.0730414390563965,10.757292747497559
pythia-410m,draw_2,medium,16,13.465108871459961,1.1113346815109253,13.56704330444336
pythia-410m,draw_2,medium,17,15.281229019165039,5.856024265289307,12.771185874938965
pythia-410m,draw_2,medium,18,15.493610382080078,3.856590747833252,14.643654823303223
pythia-410m,draw_2,medium,19,25.47239112854004,3.6388742923736572,25.737056732177734
pythia-410m,draw_2,medium,20,18.026287078857422,7.967076778411865,15.685937881469727
pythia-410m,draw_2,medium,21,19.367631912231445,2.88944935798645,19.126216888427734
pythia-410m,draw_2,medium,22,21.463645935058594,2.578948736190796,21.468271255493164
pythia-410m,draw_2,medium,23,46.72422409057617,3.9206273555755615,46.995338439941406
pythia-410m,draw_2,high,0,11.208205223083496,0.8122907876968384,11.113835334777832
pythia-410m,draw_2,high,1,6.224854469299316,0.8762624859809875,6.076018333435059
pythia-410m,draw_2,high,2,6.503965854644775,0.4807233512401581,6.543908596038818
pythia-410m,draw_2,high,3,6.5425028800964355,0.44292140007019043,6.531031608581543
pythia-410m,draw_2,high,4,6.804781913757324,0.524551272392273,6.746267318725586
pythia-410m,draw_2,high,5,9.129042625427246,0.578211784362793,9.081408500671387
pythia-410m,draw_2,high,6,7.367885589599609,0.310851126909256,7.3557891845703125
pythia-410m,draw_2,high,7,8.266426086425781,0.4567093849182129,8.245198249816895
pythia-410m,draw_2,high,8,10.901649475097656,0.737392783164978,10.857935905456543
pythia-410m,draw_2,high,9,11.727090835571289,0.9350878596305847,11.654922485351562
pythia-410m,draw_2,high,10,10.530967712402344,0.9090878963470459,10.407096862792969
pythia-410m,draw_2,high,11,10.545269012451172,0.7363380193710327,10.5396089553833
pythia-410m,draw_2,high,12,8.594786643981934,0.5548920631408691,8.581960678100586
pythia-410m,draw_2,high,13,14.363259315490723,2.4436326026916504,14.349021911621094
pythia-410m,draw_2,high,14,10.839527130126953,1.267961025238037,10.893077850341797
pythia-410m,draw_2,high,15,10.64721393585205,1.0969284772872925,10.464336395263672
pythia-410m,draw_2,high,16,13.810325622558594,1.1358975172042847,13.877884864807129
pythia-410m,draw_2,high,17,13.339900016784668,4.535820007324219,11.527902603149414
pythia-410m,draw_2,high,18,14.417426109313965,3.3802409172058105,13.784262657165527
pythia-410m,draw_2,high,19,26.0993709564209,3.8009448051452637,26.204429626464844
pythia-410m,draw_2,high,20,17.631799697875977,7.541384220123291,15.632197380065918
pythia-410m,draw_2,high,21,19.25322914123535,3.096362352371216,18.979736328125
pythia-410m,draw_2,high,22,21.232994079589844,2.395576238632202,21.002132415771484
pythia-410m,draw_2,high,23,47.2265625,4.27177619934082,47.4876823425293
pythia-410m,draw_2,very_high,0,10.460282325744629,0.608444333076477,10.3882417678833
pythia-410m,draw_2,very_high,1,5.910599708557129,0.607954204082489,5.824227809906006
pythia-410m,draw_2,very_high,2,6.51255464553833,0.507777988910675,6.453965187072754
pythia-410m,draw_2,very_high,3,6.816702365875244,0.5011683106422424,6.7473344802856445
pythia-410m,draw_2,very_high,4,6.893216133117676,0.5612417459487915,6.855724811553955
pythia-410m,draw_2,very_high,5,8.867924690246582,0.5417577028274536,8.832261085510254
pythia-410m,draw_2,very_high,6,7.344025611877441,0.3504357933998108,7.345996379852295
pythia-410m,draw_2,very_high,7,8.182988166809082,0.42505010962486267,8.14291763305664
pythia-410m,draw_2,very_high,8,10.799873352050781,0.7869439125061035,10.777642250061035
pythia-410m,draw_2,very_high,9,11.425247192382812,1.0207747220993042,11.408666610717773
pythia-410m,draw_2,very_high,10,10.122838973999023,0.8988972306251526,10.028745651245117
pythia-410m,draw_2,very_high,11,10.138474464416504,0.705272912979126,10.12071418762207
pythia-410m,draw_2,very_high,12,8.308469772338867,0.5088897943496704,8.335430145263672
pythia-410m,draw_2,very_high,13,13.964203834533691,2.5879476070404053,13.986845016479492
pythia-410m,draw_2,very_high,14,10.55634593963623,1.293007254600525,10.590327262878418
pythia-410m,draw_2,very_high,15,10.516240119934082,1.0220385789871216,10.487469673156738
pythia-410m,draw_2,very_high,16,14.15333366394043,1.292240023612976,14.182120323181152
pythia-410m,draw_2,very_high,17,12.515830993652344,4.291931629180908,11.054439544677734
pythia-410m,draw_2,very_high,18,13.95168399810791,2.898076295852661,13.443108558654785
pythia-410m,draw_2,very_high,19,25.291324615478516,4.398934364318848,25.593059539794922
pythia-410m,draw_2,very_high,20,16.62789535522461,7.239560127258301,14.4957857131958
pythia-410m,draw_2,very_high,21,21.058753967285156,4.792726993560791,20.514114379882812
pythia-410m,draw_2,very_high,22,21.10932731628418,2.419844150543213,21.342195510864258
pythia-410m,draw_2,very_high,23,47.563880920410156,4.26101541519165,47.53041458129883
pythia-410m,draw_2,control,0,10.863483428955078,1.0398722887039185,10.6491060256958
pythia-410m,draw_2,control,1,5.969114780426025,0.7133359909057617,5.849959373474121
pythia-410m,draw_2,control,2,6.4421820640563965,0.5438706874847412,6.392491340637207
pythia-410m,draw_2,control,3,6.677486896514893,0.532681405544281,6.606095790863037
pythia-410m,draw_2,control,4,6.8777360916137695,0.5709370374679565,6.814563274383545
pythia-410m,draw_2,control,5,8.990853309631348,0.5465401411056519,8.93429183959961
pythia-410m,draw_2,control,6,7.372642517089844,0.33728399872779846,7.3329548835754395
pythia-410m,draw_2,control,7,8.285911560058594,0.4801144301891327,8.294479370117188
pythia-410m,draw_2,control,8,10.868228912353516,0.8477485775947571,10.827699661254883
pythia-410m,draw_2,control,9,11.476776123046875,0.959549069404602,11.454727172851562
pythia-410m,draw_2,control,10,10.135318756103516,0.8947329521179199,10.096952438354492
pythia-410m,draw_2,control,11,10.222952842712402,0.7977867126464844,10.160805702209473
pythia-410m,draw_2,control,12,8.398310661315918,0.598611056804657,8.36185073852539
pythia-410m,draw_2,control,13,13.878747940063477,2.6599745750427246,13.80714225769043
pythia-410m,draw_2,control,14,10.498191833496094,1.385274887084961,10.475092887878418
pythia-410m,draw_2,control,15,10.64002799987793,1.0879454612731934,10.699664115905762
pythia-410m,draw_2,control,16,14.068665504455566,1.198472023010254,14.138643264770508
pythia-410m,draw_2,control,17,13.249787330627441,6.1295905113220215,11.356766700744629
pythia-410m,draw_2,control,18,14.052992820739746,2.9461379051208496,13.601055145263672
pythia-410m,draw_2,control,19,24.9187068939209,4.141876697540283,24.750852584838867
pythia-410m,draw_2,control,20,15.903250694274902,6.6803412437438965,13.653514862060547
pythia-410m,draw_2,control,21,21.221071243286133,4.16180419921875,21.188671112060547
pythia-410m,draw_2,control,22,20.894567489624023,2.6851632595062256,20.607254028320312
pythia-410m,draw_2,control,23,47.47990417480469,4.4476423263549805,47.111412048339844
pythia-410m,draw_3,low,0,13.669607162475586,1.3830885887145996,13.657022476196289
pythia-410m,draw_3,low,1,6.276256561279297,0.8128604292869568,6.136768341064453
pythia-410m,draw_3,low,2,6.443587779998779,0.5343955755233765,6.458780765533447
pythia-410m,draw_3,low,3,6.310085773468018,0.43239688873291016,6.26325798034668
pythia-410m,draw_3,low,4,6.817131042480469,0.505506694316864,6.8135175704956055
pythia-410m,draw_3,low,5,9.684826850891113,0.5660233497619629,9.672422409057617
pythia-410m,draw_3,low,6,7.498562335968018,0.33797013759613037,7.500363349914551
pythia-410m,draw_3,low,7,8.431953430175781,0.49133095145225525,8.398682594299316
pythia-410m,draw_3,low,8,10.987074851989746,0.7509973645210266,10.940210342407227
pythia-410m,draw_3,low,9,11.87735652923584,0.9371079206466675,11.891225814819336
pythia-410m,draw_3,low,10,11.051140785217285,0.8474723696708679,10.964591979980469
pythia-410m,draw_3,low,11,11.07180118560791,0.7455191612243652,11.046842575073242
pythia-410m,draw_3,low,12,8.772294044494629,0.5186248421669006,8.783025741577148
pythia-410m,draw_3,low,13,14.639318466186523,2.4762301445007324,14.592585563659668
pythia-410m,draw_3,low,14,11.043313980102539,1.2566277980804443,11.177312850952148
pythia-410m,draw_3,low,15,11.046345710754395,1.1270657777786255,10.902128219604492
pythia-410m,draw_3,low,16,13.458270072937012,0.9627787470817566,13.384336471557617
pythia-410m,draw_3,low,17,16.34123992919922,6.405622482299805,13.786503791809082
pythia-410m,draw_3,low,18,16.231796264648438,4.4029436111450195,15.362992286682129
pythia-410m,draw_3,low,19,25.01386260986328,3.589010238647461,25.405689239501953
pythia-410m,draw_3,low,20,16.158309936523438,6.6736531257629395,13.964869499206543
pythia-410m,draw_3,low,21,20.423141479492188,3.088369369506836,20.526323318481445
pythia-410m,draw_3,low,22,22.091068267822266,3.113694429397583,21.632509231567383
pythia-410m,draw_3,low,23,46.12063217163086,4.015000343322754,46.18064498901367
pythia-410m,draw_3,medium,0,12.490872383117676,1.1333353519439697,12.392155647277832
pythia-410m,draw_3,medium,1,6.367987155914307,0.8411368131637573,6.289400100708008
pythia-410m,draw_3,medium,2,6.540021896362305,0.5358895063400269,6.497821807861328
pythia-410m,draw_3,medium,3,6.439248085021973,0.37746042013168335,6.423354148864746
pythia-410m,draw_3,medium,4,6.80082368850708,0.5143058896064758,6.762237071990967
pythia-410m,draw_3,medium,5,9.443785667419434,0.548965334892273,9.415628433227539
pythia-410m,draw_3,medium,6,7.459362983703613,0.3120216727256775,7.457314968109131
pythia-410m,draw_3,medium,7,8.391019821166992,0.4633660614490509,8.40440845489502
pythia-410m,draw_3,medium,8,11.028634071350098,0.7493324875831604,10.950699806213379
pythia-410m,draw_3,medium,9,11.812044143676758,0.9730749130249023,11.757527351379395
pythia-410m,draw_3,medium,10,10.842935562133789,0.8282623291015625,10.769777297973633
pythia-410m,draw_3,medium,11,10.88653564453125,0.7286887168884277,10.877153396606445
pythia-410m,draw_3,medium,12,8.693986892700195,0.5375359058380127,8.661919593811035
pythia-410m,draw_3,medium,13,14.438825607299805,2.512723684310913,14.63089370727539
pythia-410m,draw_3,medium,14,10.979633331298828,1.3209965229034424,11.271685600280762
pythia-410m,draw_3,medium,15,10.862024307250977,1.082548975944519,10.782322883605957
pythia-410m,draw_3,medium,16,13.474431037902832,1.0555965900421143,13.4356689453125
pythia-410m,draw_3,medium,17,15.541866302490234,6.172975540161133,12.90292739868164
pythia-410m,draw_3,medium,18,15.451208114624023,4.088739395141602,14.931387901306152
pythia-410m,draw_3,medium,19,25.481285095214844,3.873440742492676,26.08404541015625
pythia-410m,draw_3,medium,20,17.47417449951172,7.31635856628418,15.45551872253418
pythia-410m,draw_3,medium,21,19.374231338500977,3.0481412410736084,19.236085891723633
pythia-410m,draw_3,medium,22,21.687061309814453,2.6877520084381104,21.55431365966797
pythia-410m,draw_3,medium,23,46.571346282958984,4.288981914520264,46.26302719116211
pythia-410m,draw_3,high,0,11.275479316711426,0.9039624333381653,11.085334777832031
pythia-410m,draw_3,high,1,6.2121806144714355,0.7972620725631714,6.118319988250732
pythia-410m,draw_3,high,2,6.455669403076172,0.47499769926071167,6.413018226623535
pythia-410m,draw_3,high,3,6.651587963104248,0.47172167897224426,6.582949161529541
pythia-410m,draw_3,high,4,6.863806247711182,0.568990170955658,6.7867655754089355
pythia-410m,draw_3,high,5,9.126112937927246,0.5312292575836182,9.142716407775879
pythia-410m,draw_3,high,6,7.37983512878418,0.3332443833351135,7.383419990539551
pythia-410m,draw_3,high,7,8.298670768737793,0.4516840875148773,8.283478736877441
pythia-410m,draw_3,high,8,11.015419006347656,0.7455661296844482,11.078853607177734
pythia-410m,draw_3,high,9,11.597249984741211,1.0367586612701416,11.582268714904785
pythia-410m,draw_3,high,10,10.388197898864746,0.8790565133094788,10.301182746887207
pythia-410m,draw_3,high,11,10.530613899230957,0.7853680849075317,10.534610748291016
pythia-410m,draw_3,high,12,8.556690216064453,0.5368610620498657,8.554797172546387
pythia-410m,draw_3,high,13,14.270922660827637,2.3864316940307617,14.296271324157715
pythia-410m,draw_3,high,14,10.768548965454102,1.2334328889846802,10.810468673706055
pythia-410m,draw_3,high,15,10.610621452331543,0.9857590794563293,10.503462791442871
pythia-410m,draw_3,high,16,13.965015411376953,1.1208934783935547,14.010565757751465
pythia-410m,draw_3,high,17,13.755709648132324,5.500927925109863,11.615342140197754
pythia-410m,draw_3,high,18,14.428268432617188,3.2138707637786865,14.019417762756348
pythia-410m,draw_3,high,19,25.772912979125977,3.7683305740356445,26.12588882446289
pythia-410m,draw_3,high,20,17.40738296508789,7.354644775390625,15.383548736572266
pythia-410m,draw_3,high,21,19.416540145874023,3.3599355220794678,19.5675048828125
pythia-410m,draw_3,high,22,21.25099754333496,2.209568977355957,21.146364212036133
pythia-410m,draw_3,high,23,47.405799865722656,4.3738627433776855,47.32676315307617
pythia-410m,draw_3,very_high,0,10.548971176147461,0.6243126392364502,10.458346366882324
pythia-410m,draw_3,very_high,1,5.9263105392456055,0.6422915458679199,5.840882778167725
pythia-410m,draw_3,very_high,2,6.460093975067139,0.5111044645309448,6.437853813171387
pythia-410m,draw_3,very_high,3,6.716413974761963,0.5246835350990295,6.649063587188721
pythia-410m,draw_3,very_high,4,6.825963497161865,0.5576310157775879,6.790071487426758
pythia-410m,draw_3,very_high,5,8.948160171508789,0.4952886998653412,8.92578411102295
pythia-410m,draw_3,very_high,6,7.351717472076416,0.3618781864643097,7.324528694152832
pythia-410m,draw_3,very_high,7,8.174612998962402,0.4425632953643799,8.138826370239258
pythia-410m,draw_3,very_high,8,10.791717529296875,0.810996949672699,10.713334083557129
pythia-410m,draw_3,very_high,9,11.437649726867676,0.9775311946868896,11.391546249389648
pythia-410m,draw_3,very_high,10,10.228387832641602,0.8958238959312439,10.152402877807617
pythia-410m,draw_3,very_high,11,10.222410202026367,0.6587402820587158,10.23031997680664
pythia-410m,draw_3,very_high,12,8.368694305419922,0.5468947291374207,8.294456481933594
pythia-410m,draw_3,very_high,13,13.970388412475586,2.593728542327881,13.994927406311035
pythia-410m,draw_3,very_high,14,10.558858871459961,1.2844206094741821,10.565470695495605
pythia-410m,draw_3,very_high,15,10.592387199401855,1.0969297885894775,10.627410888671875
pythia-410m,draw_3,very_high,16,14.145211219787598,1.3500144481658936,14.148701667785645
pythia-410m,draw_3,very_high,17,13.181584358215332,5.64061164855957,11.210025787353516
pythia-410m,draw_3,very_high,18,13.912248611450195,2.9461474418640137,13.426644325256348
pythia-410m,draw_3,very_high,19,25.43853759765625,3.947650671005249,25.766773223876953
pythia-410m,draw_3,very_high,20,16.371450424194336,7.6066179275512695,13.587416648864746
pythia-410m,draw_3,very_high,21,20.37733268737793,4.072442531585693,20.12253761291504
pythia-410m,draw_3,very_high,22,21.028743743896484,2.3590354919433594,21.058143615722656
pythia-410m,draw_3,very_high,23,47.432525634765625,4.8032026290893555,47.147560119628906
pythia-410m,draw_3,control,0,10.862517356872559,1.052260160446167,10.637382507324219
pythia-410m,draw_3,control,1,6.012600898742676,0.717674970626831,5.866591453552246
pythia-410m,draw_3,control,2,6.37531852722168,0.48263126611709595,6.319277763366699
pythia-410m,draw_3,control,3,6.639011383056641,0.46328961849212646,6.629642009735107
pythia-410m,draw_3,control,4,6.844589710235596,0.5574228167533875,6.765169620513916
pythia-410m,draw_3,control,5,8.9713773727417,0.5554050803184509,8.96674919128418
pythia-410m,draw_3,control,6,7.368015289306641,0.3793971836566925,7.380101680755615
pythia-410m,draw_3,control,7,8.227816581726074,0.4630219340324402,8.192090034484863
pythia-410m,draw_3,control,8,10.945477485656738,0.8522130846977234,10.938085556030273
pythia-410m,draw_3,control,9,11.654240608215332,0.956956684589386,11.629508972167969
pythia-410m,draw_3,control,10,10.255558013916016,0.8422733545303345,10.220133781433105
pythia-410m,draw_3,control,11,10.208664894104004,0.7080937623977661,10.166618347167969
pythia-410m,draw_3,control,12,8.434935569763184,0.577156126499176,8.364028930664062
pythia-410m,draw_3,control,13,14.277877807617188,2.5272371768951416,14.123143196105957
pythia-410m,draw_3,control,14,10.684757232666016,1.185988187789917,10.67922306060791
pythia-410m,draw_3,control,15,10.687838554382324,1.109365463256836,10.515612602233887
pythia-410m,draw_3,control,16,14.05511474609375,1.2653088569641113,14.057766914367676
pythia-410m,draw_3,control,17,13.942547798156738,6.174132347106934,11.30494213104248
pythia-410m,draw_3,control,18,14.756095886230469,3.9672791957855225,13.772286415100098
pythia-410m,draw_3,control,19,25.339452743530273,3.757262945175171,25.512353897094727
pythia-410m,draw_3,control,20,16.598812103271484,7.22924280166626,14.71408462524414
pythia-410m,draw_3,control,21,21.143754959106445,4.648412227630615,20.871334075927734
pythia-410m,draw_3,control,22,21.132755279541016,2.3886568546295166,21.03250503540039
pythia-410m,draw_3,control,23,47.128299713134766,4.270434856414795,47.25621032714844
pythia-1b,draw_1,low,0,25.318675994873047,1.8236744403839111,25.298381805419922
pythia-1b,draw_1,low,1,14.785210609436035,1.6412945985794067,14.767644882202148
pythia-1b,draw_1,low,2,10.242093086242676,0.8895630240440369,10.148099899291992
pythia-1b,draw_1,low,3,13.367705345153809,0.7240111827850342,13.345534324645996
pythia-1b,draw_1,low,4,11.692140579223633,0.7697529196739197,11.576705932617188
pythia-1b,draw_1,low,5,16.791522979736328,1.2161622047424316,16.792285919189453
pythia-1b,draw_1,low,6,23.45058250427246,2.136235475540161,23.4202938079834
pythia-1b,draw_1,low,7,24.477558135986328,2.017209768295288,24.20839500427246
pythia-1b,draw_1,low,8,23.209577560424805,1.6822900772094727,23.061222076416016
pythia-1b,draw_1,low,9,27.158536911010742,3.029376268386841,26.922454833984375
pythia-1b,draw_1,low,10,18.933502197265625,1.3861902952194214,18.678319931030273
pythia-1b,draw_1,low,11,25.53608512878418,1.3350063562393188,25.512544631958008
pythia-1b,draw_1,low,12,24.03042984008789,1.5226773023605347,23.916906356811523
pythia-1b,draw_1,low,13,24.096410751342773,1.7984422445297241,23.860689163208008
pythia-1b,draw_1,low,14,34.44847869873047,2.888469696044922,34.39297103881836
pythia-1b,draw_1,low,15,95.3944091796875,13.817529678344727,94.1637191772461
pythia-1b,draw_1,medium,0,23.63328742980957,1.492946743965149,23.486948013305664
pythia-1b,draw_1,medium,1,13.688366889953613,1.344929575920105,13.562992095947266
pythia-1b,draw_1,medium,2,10.328574180603027,1.007910966873169,10.303229331970215
pythia-1b,draw_1,medium,3,13.323827743530273,1.4820054769515991,13.127629280090332
pythia-1b,draw_1,medium,4,12.01083755493164,2.318331241607666,11.767047882080078
pythia-1b,draw_1,medium,5,17.249713897705078,6.844979286193848,16.77462387084961
pythia-1b,draw_1,medium,6,22.883975982666016,2.0890583992004395,22.80093002319336
pythia-1b,draw_1,medium,7,23.613012313842773,1.9971383810043335,23.46734619140625
pythia-1b,draw_1,medium,8,22.850481033325195,1.8484890460968018,22.75495147705078
pythia-1b,draw_1,medium,9,27.047677993774414,3.5601398944854736,26.811845779418945
pythia-1b,draw_1,medium,10,19.354236602783203,1.639530897140503,19.167882919311523
pythia-1b,draw_1,medium,11,26.18159294128418,1.4888041019439697,26.014188766479492
pythia-1b,draw_1,medium,12,24.007444381713867,1.5886900424957275,23.937498092651367
pythia-1b,draw_1,medium,13,24.068038940429688,1.8308672904968262,23.97576141357422
pythia-1b,draw_1,medium,14,34.657188415527344,2.934813976287842,34.485233306884766
pythia-1b,draw_1,medium,15,99.19344329833984,15.619670867919922,98.0330810546875
pythia-1b,draw_1,high,0,22.323177337646484,1.2041325569152832,22.144107818603516
pythia-1b,draw_1,high,1,12.32380199432373,1.1825305223464966,12.199424743652344
pythia-1b,draw_1,high,2,10.21599292755127,0.9170387387275696,10.14790153503418
pythia-1b,draw_1,high,3,13.089031219482422,0.8497785329818726,13.04024887084961
pythia-1b,draw_1,high,4,11.960328102111816,0.8893023729324341,11.890961647033691
pythia-1b,draw_1,high,5,16.664358139038086,1.0909314155578613,16.657615661621094
pythia-1b,draw_1,high,6,22.517894744873047,2.045017957687378,22.50363540649414
pythia-1b,draw_1,high,7,23.074108123779297,1.9627403020858765,22.937318801879883
pythia-1b,draw_1,high,8,22.68467903137207,1.6120556592941284,22.829208374023438
pythia-1b,draw_1,high,9,27.374679565429688,3.6486480236053467,27.165058135986328
pythia-1b,draw_1,high,10,20.10563087463379,1.723832130432129,19.93474578857422
pythia-1b,draw_1,high,11,26.05071258544922,1.6399784088134766,25.98387336730957
pythia-1b,draw_1,high,12,24.182764053344727,1.708928108215332,24.11766815185547
pythia-1b,draw_1,high,13,23.95231819152832,1.7042433023452759,23.81068229675293
pythia-1b,draw_1,high,14,35.289241790771484,2.8385562896728516,35.4416389465332
pythia-1b,draw_1,high,15,99.75043487548828,16.154836654663086,97.16162109375
pythia-1b,draw_1,very_high,0,21.702556610107422,0.836128294467926,21.563159942626953
pythia-1b,draw_1,very_high,1,11.548537254333496,1.1947985887527466,11.519229888916016
pythia-1b,draw_1,very_high,2,10.064698219299316,1.0700366497039795,9.947358131408691
pythia-1b,draw_1,very_high,3,12.724980354309082,0.8838576078414917,12.602509498596191
pythia-1b,draw_1,very_high,4,11.995755195617676,0.950867235660553,11.913030624389648
pythia-1b,draw_1,very_high,5,16.47898292541504,1.1755539178848267,16.46107292175293
pythia-1b,draw_1,very_high,6,22.6037540435791,2.573549509048462,22.513429641723633
pythia-1b,draw_1,very_high,7,22.70775604248047,2.2341253757476807,22.550683975219727
pythia-1b,draw_1,very_high,8,22.784069061279297,1.7689470052719116,22.68511390686035
pythia-1b,draw_1,very_high,9,27.785266876220703,4.0443115234375,27.282442092895508
pythia-1b,draw_1,very_high,10,20.191314697265625,1.7397428750991821,19.976242065429688
pythia-1b,draw_1,very_high,11,25.8575496673584,1.3678510189056396,25.880268096923828
pythia-1b,draw_1,very_high,12,23.797212600708008,1.569697380065918,23.582181930541992
pythia-1b,draw_1,very_high,13,23.665185928344727,1.551579236984253,23.683561325073242
pythia-1b,draw_1,very_high,14,35.39104461669922,2.838650703430176,35.172874450683594
pythia-1b,draw_1,very_high,15,97.9879150390625,15.035632133483887,97.03678131103516
pythia-1b,draw_1,control,0,21.888986587524414,1.117756962776184,21.70612907409668
pythia-1b,draw_1,control,1,11.731903076171875,1.1842224597930908,11.677765846252441
pythia-1b,draw_1,control,2,10.046365737915039,0.9135860204696655,10.046247482299805
pythia-1b,draw_1,control,3,12.878103256225586,0.7922155261039734,12.817654609680176
pythia-1b,draw_1,control,4,11.939704895019531,0.8575225472450256,11.82612419128418
pythia-1b,draw_1,control,5,16.47829818725586,1.151140570640564,16.368019104003906
pythia-1b,draw_1,control,6,22.56513023376465,2.270935535430908,22.510601043701172
pythia-1b,draw_1,control,7,22.731098175048828,2.050251007080078,22.720096588134766
pythia-1b,draw_1,control,8,22.893299102783203,1.7366989850997925,22.847436904907227
pythia-1b,draw_1,control,9,27.928720474243164,4.005702018737793,27.666959762573242
pythia-1b,draw_1,control,10,20.26837158203125,1.863243818283081,19.883636474609375
pythia-1b,draw_1,control,11,25.93202781677246,1.4378678798675537,25.883615493774414
pythia-1b,draw_1,control,12,23.844581604003906,1.721429705619812,23.7587833404541
pythia-1b,draw_1,control,13,23.828136444091797,1.5433346033096313,23.70952796936035
pythia-1b,draw_1,control,14,35.40397262573242,3.0004982948303223,35.40656280517578
pythia-1b,draw_1,control,15,98.81977081298828,15.958147048950195,99.66121673583984
pythia-1b,draw_2,low,0,25.298233032226562,1.9288074970245361,25.158611297607422
pythia-1b,draw_2,low,1,14.618456840515137,1.563602328300476,14.451493263244629
pythia-1b,draw_2,low,2,10.139012336730957,0.8612895607948303,10.072509765625
pythia-1b,draw_2,low,3,13.371236801147461,0.6992335915565491,13.335624694824219
pythia-1b,draw_2,low,4,11.799444198608398,0.7639870047569275,11.726436614990234
pythia-1b,draw_2,low,5,16.75382423400879,1.1606535911560059,16.586198806762695
pythia-1b,draw_2,low,6,23.29500389099121,2.260572671890259,23.2563419342041
pythia-1b,draw_2,low,7,24.37625503540039,1.9396861791610718,24.32240104675293
pythia-1b,draw_2,low,8,23.35626983642578,1.6670893430709839,23.391115188598633
pythia-1b,draw_2,low,9,27.61832618713379,3.740804433822632,27.092832565307617
pythia-1b,draw_2,low,10,19.412351608276367,1.6298922300338745,19.099163055419922
pythia-1b,draw_2,low,11,25.886245727539062,1.313679575920105,25.802261352539062
pythia-1b,draw_2,low,12,24.371562957763672,1.6114157438278198,24.312145233154297
pythia-1b,draw_2,low,13,24.311359405517578,1.8803035020828247,24.094261169433594
pythia-1b,draw_2,low,14,35.05911636352539,3.1158523559570312,34.77490234375
pythia-1b,draw_2,low,15,96.5981674194336,14.729721069335938,95.10171508789062
pythia-1b,draw_2,medium,0,23.560651779174805,1.5469884872436523,23.36157989501953
pythia-1b,draw_2,medium,1,13.69243335723877,1.370883584022522,13.536892890930176
pythia-1b,draw_2,medium,2,10.32873249053955,0.9767763018608093,10.31671142578125
pythia-1b,draw_2,medium,3,13.368063926696777,0.7114991545677185,13.34788990020752
pythia-1b,draw_2,medium,4,11.963691711425781,0.9032872915267944,11.83784008026123
pythia-1b,draw_2,medium,5,16.86330795288086,1.1503665447235107,16.817298889160156
pythia-1b,draw_2,medium,6,23.29438018798828,2.1782567501068115,23.256813049316406
pythia-1b,draw_2,medium,7,24.04397201538086,2.004491090774536,23.976043701171875
pythia-1b,draw_2,medium,8,23.258581161499023,1.7297258377075195,23.246015548706055
pythia-1b,draw_2,medium,9,27.503040313720703,3.6235287189483643,27.088512420654297
pythia-1b,draw_2,medium,10,19.736234664916992,1.6138514280319214,19.491615295410156
pythia-1b,draw_2,medium,11,26.312923431396484,1.4898144006729126,26.266708374023438
pythia-1b,draw_2,medium,12,24.250444412231445,1.6413840055465698,24.166990280151367
pythia-1b,draw_2,medium,13,23.93315887451172,1.5911023616790771,23.7703857421875
pythia-1b,draw_2,medium,14,34.62260055541992,3.0789859294891357,34.34123229980469
pythia-1b,draw_2,medium,15,99.15057373046875,15.246989250183105,98.22734832763672
pythia-1b,draw_2,high,0,22.20001220703125,1.0775067806243896,22.00910186767578
pythia-1b,draw_2,high,1,12.498150825500488,1.1926121711730957,12.524121284484863
pythia-1b,draw_2,high,2,10.229910850524902,0.925811231136322,10.11905288696289
pythia-1b,draw_2,high,3,13.0676851272583,0.746605634689331,13.005621910095215
pythia-1b,draw_2,high,4,11.958288192749023,0.8684939742088318,11.871161460876465
pythia-1b,draw_2,high,5,16.706222534179688,1.2311017513275146,16.517919540405273
pythia-1b,draw_2,high,6,22.90239143371582,2.2593750953674316,22.756790161132812
pythia-1b,draw_2,high,7,23.234119415283203,1.8556565046310425,23.072153091430664
pythia-1b,draw_2,high,8,22.969451904296875,1.5884685516357422,22.92166519165039
pythia-1b,draw_2,high,9,27.438323974609375,3.728163957595825,26.882688522338867
pythia-1b,draw_2,high,10,19.95295524597168,1.7809855937957764,19.80790901184082
pythia-1b,draw_2,high,11,26.068544387817383,1.5464725494384766,25.95853042602539
pythia-1b,draw_2,high,12,24.18576431274414,1.6537318229675293,24.03522491455078
pythia-1b,draw_2,high,13,23.740209579467773,1.4989230632781982,23.675689697265625
pythia-1b,draw_2,high,14,34.74929428100586,2.760012626647949,34.67897415161133
pythia-1b,draw_2,high,15,99.0152587890625,14.261686325073242,98.35951232910156
pythia-1b,draw_2,very_high,0,21.505802154541016,0.8216243386268616,21.378982543945312
pythia-1b,draw_2,very_high,1,11.492408752441406,1.0640501976013184,11.452404022216797
pythia-1b,draw_2,very_high,2,10.165785789489746,0.9223753809928894,10.088347434997559
pythia-1b,draw_2,very_high,3,12.83072280883789,0.8283806443214417,12.763294219970703
pythia-1b,draw_2,very_high,4,11.912508964538574,0.915504515171051,11.796707153320312
pythia-1b,draw_2,very_high,5,16.411006927490234,1.0728695392608643,16.3549747467041
pythia-1b,draw_2,very_high,6,22.373178482055664,2.3176591396331787,22.37396812438965
pythia-1b,draw_2,very_high,7,22.430618286132812,2.2142088413238525,22.24589729309082
pythia-1b,draw_2,very_high,8,22.598770141601562,1.7359554767608643,22.41252326965332
pythia-1b,draw_2,very_high,9,27.4363956451416,4.058244228363037,27.141231536865234
pythia-1b,draw_2,very_high,10,20.127317428588867,1.9825007915496826,20.004682540893555
pythia-1b,draw_2,very_high,11,25.865598678588867,1.4925283193588257,25.849782943725586
pythia-1b,draw_2,very_high,12,23.899036407470703,1.578798532485962,23.888309478759766
pythia-1b,draw_2,very_high,13,23.748714447021484,1.394254207611084,23.601390838623047
pythia-1b,draw_2,very_high,14,35.116146087646484,3.1235945224761963,34.861328125
pythia-1b,draw_2,very_high,15,97.38006591796875,15.977120399475098,96.25914764404297
pythia-1b,draw_2,control,0,22.005022048950195,1.3121657371520996,21.7137451171875
pythia-1b,draw_2,control,1,11.654622077941895,1.257786512374878,11.548704147338867
pythia-1b,draw_2,control,2,10.11130428314209,1.1502362489700317,9.913846015930176
pythia-1b,draw_2,control,3,12.836742401123047,0.8515563011169434,12.697343826293945
pythia-1b,draw_2,control,4,11.948684692382812,0.8625317811965942,11.845405578613281
pythia-1b,draw_2,control,5,16.51258659362793,1.1823183298110962,16.43015480041504
pythia-1b,draw_2,control,6,22.957990646362305,2.354121685028076,22.724336624145508
pythia-1b,draw_2,control,7,22.809534072875977,2.161119222640991,22.56968879699707
pythia-1b,draw_2,control,8,22.800230026245117,1.6984591484069824,22.841129302978516
pythia-1b,draw_2,control,9,27.47581672668457,3.749514579772949,27.101877212524414
pythia-1b,draw_2,control,10,20.28685760498047,1.8117948770523071,20.16453742980957
pythia-1b,draw_2,control,11,25.82280731201172,1.3651412725448608,25.789106369018555
pythia-1b,draw_2,control,12,24.08293914794922,1.5668319463729858,24.043872833251953
pythia-1b,draw_2,control,13,23.969755172729492,1.5457795858383179,23.942472457885742
pythia-1b,draw_2,control,14,35.34138870239258,2.8325130939483643,34.94506072998047
pythia-1b,draw_2,control,15,97.13861083984375,14.902502059936523,95.7427749633789
pythia-1b,draw_3,low,0,25.131044387817383,1.9048857688903809,24.94843101501465
pythia-1b,draw_3,low,1,14.73769760131836,1.745176911354065,14.507108688354492
pythia-1b,draw_3,low,2,10.186996459960938,0.8821659684181213,10.081707954406738
pythia-1b,draw_3,low,3,13.428786277770996,0.8740299344062805,13.396039962768555
pythia-1b,draw_3,low,4,11.735051155090332,0.8184464573860168,11.675042152404785
pythia-1b,draw_3,low,5,16.7556095123291,1.1878166198730469,16.76352882385254
pythia-1b,draw_3,low,6,23.35251235961914,2.1002914905548096,23.393247604370117
pythia-1b,draw_3,low,7,24.4018611907959,1.9390753507614136,24.36931610107422
pythia-1b,draw_3,low,8,23.283611297607422,1.6915472745895386,23.303085327148438
pythia-1b,draw_3,low,9,26.93655014038086,3.4282925128936768,26.875673294067383
pythia-1b,draw_3,low,10,19.11176300048828,1.5922127962112427,18.87720489501953
pythia-1b,draw_3,low,11,25.935001373291016,1.365843415260315,25.948734283447266
pythia-1b,draw_3,low,12,24.12364959716797,1.6641323566436768,23.922861099243164
pythia-1b,draw_3,low,13,24.225927352905273,1.9164775609970093,24.016605377197266
pythia-1b,draw_3,low,14,34.91305923461914,2.8552844524383545,34.73025131225586
pythia-1b,draw_3,low,15,97.93309020996094,15.159919738769531,97.11498260498047
pythia-1b,draw_3,medium,0,23.56617546081543,1.466963291168213,23.341957092285156
pythia-1b,draw_3,medium,1,13.584659576416016,1.3753409385681152,13.521904945373535
pythia-1b,draw_3,medium,2,10.410600662231445,1.0463789701461792,10.270591735839844
pythia-1b,draw_3,medium,3,13.396011352539062,0.8050434589385986,13.366229057312012
pythia-1b,draw_3,medium,4,12.020060539245605,0.9041507244110107,11.897710800170898
pythia-1b,draw_3,medium,5,16.96661376953125,1.246561050415039,16.732513427734375
pythia-1b,draw_3,medium,6,23.158750534057617,2.065927505493164,23.172725677490234
pythia-1b,draw_3,medium,7,23.79147720336914,2.0141143798828125,23.660451889038086
pythia-1b,draw_3,medium,8,23.10849380493164,1.7285689115524292,23.061763763427734
pythia-1b,draw_3,medium,9,27.314725875854492,3.5648155212402344,26.45459747314453
pythia-1b,draw_3,medium,10,19.612018585205078,1.5515975952148438,19.39503288269043
pythia-1b,draw_3,medium,11,26.203580856323242,1.535634160041809,26.194259643554688
pythia-1b,draw_3,medium,12,24.18621063232422,1.7494984865188599,24.157962799072266
pythia-1b,draw_3,medium,13,24.266115188598633,1.8784364461898804,24.07633399963379
pythia-1b,draw_3,medium,14,34.74167251586914,3.1213176250457764,34.623207092285156
pythia-1b,draw_3,medium,15,100.31128692626953,15.726316452026367,99.5392837524414
pythia-1b,draw_3,high,0,22.307188034057617,1.2654238939285278,22.03863525390625
pythia-1b,draw_3,high,1,12.526238441467285,1.2609251737594604,12.529745101928711
pythia-1b,draw_3,high,2,10.209939002990723,0.9093925952911377,10.083457946777344
pythia-1b,draw_3,high,3,13.117793083190918,0.8514015674591064,13.088142395019531
pythia-1b,draw_3,high,4,11.95906925201416,0.9136016368865967,11.789331436157227
pythia-1b,draw_3,high,5,16.784603118896484,1.2036696672439575,16.639278411865234
pythia-1b,draw_3,high,6,22.938915252685547,2.277397871017456,23.01992416381836
pythia-1b,draw_3,high,7,23.331859588623047,1.936926245689392,23.151525497436523
pythia-1b,draw_3,high,8,22.8671817779541,1.6087661981582642,22.79071617126465
pythia-1b,draw_3,high,9,27.282773971557617,3.785278797149658,26.757600784301758
pythia-1b,draw_3,high,10,19.811094284057617,1.9038786888122559,19.750280380249023
pythia-1b,draw_3,high,11,26.080650329589844,1.387737512588501,26.05850601196289
pythia-1b,draw_3,high,12,24.18568229675293,1.5895274877548218,24.17094612121582
pythia-1b,draw_3,high,13,23.9105167388916,1.5677188634872437,23.730571746826172
pythia-1b,draw_3,high,14,34.77333068847656,3.029670476913452,34.373714447021484
pythia-1b,draw_3,high,15,97.91508483886719,15.16126823425293,96.22545623779297
pythia-1b,draw_3,very_high,0,21.619237899780273,0.8633430600166321,21.496540069580078
pythia-1b,draw_3,very_high,1,11.625486373901367,1.2730388641357422,11.523837089538574
pythia-1b,draw_3,very_high,2,10.035562515258789,0.9600427150726318,9.969574928283691
pythia-1b,draw_3,very_high,3,12.784441947937012,0.7968204617500305,12.784645080566406
pythia-1b,draw_3,very_high,4,11.927367210388184,0.9018101692199707,11.805323600769043
pythia-1b,draw_3,very_high,5,16.331010818481445,1.1996217966079712,16.239355087280273
pythia-1b,draw_3,very_high,6,22.45172691345215,2.311338186264038,22.37281036376953
pythia-1b,draw_3,very_high,7,22.538137435913086,2.0342557430267334,22.50419807434082
pythia-1b,draw_3,very_high,8,22.729557037353516,1.8406234979629517,22.746591567993164
pythia-1b,draw_3,very_high,9,27.878950119018555,4.164255142211914,27.59505844116211
pythia-1b,draw_3,very_high,10,20.466690063476562,1.9927105903625488,20.315216064453125
pythia-1b,draw_3,very_high,11,25.796398162841797,1.5070602893829346,25.71953010559082
pythia-1b,draw_3,very_high,12,23.980525970458984,1.733043909072876,23.880064010620117
pythia-1b,draw_3,very_high,13,23.93560791015625,1.5059632062911987,24.052282333374023
pythia-1b,draw_3,very_high,14,35.63909912109375,3.0538578033447266,35.52497863769531
pythia-1b,draw_3,very_high,15,97.64324951171875,15.64342975616455,96.35222625732422
pythia-1b,draw_3,control,0,21.915512084960938,1.2641046047210693,21.73267936706543
pythia-1b,draw_3,control,1,11.764350891113281,1.2054048776626587,11.637038230895996
pythia-1b,draw_3,control,2,10.043431282043457,0.9917351007461548,9.84404468536377
pythia-1b,draw_3,control,3,12.773270606994629,0.7932204604148865,12.702364921569824
pythia-1b,draw_3,control,4,11.96654224395752,0.8532804250717163,11.947824478149414
pythia-1b,draw_3,control,5,16.61623191833496,1.1872674226760864,16.611570358276367
pythia-1b,draw_3,control,6,22.62230682373047,2.3789217472076416,22.597442626953125
pythia-1b,draw_3,control,7,22.993654251098633,2.1218972206115723,22.850120544433594
pythia-1b,draw_3,control,8,22.753137588500977,1.7184278964996338,22.555870056152344
pythia-1b,draw_3,control,9,28.140073776245117,3.919811248779297,27.590421676635742
pythia-1b,draw_3,control,10,20.237781524658203,1.7996091842651367,20.1448917388916
pythia-1b,draw_3,control,11,25.791114807128906,1.4523570537567139,25.835693359375
pythia-1b,draw_3,control,12,23.971696853637695,1.6132748126983643,23.813919067382812
pythia-1b,draw_3,control,13,23.869813919067383,1.5885568857192993,23.689279556274414
pythia-1b,draw_3,control,14,35.343746185302734,2.8957924842834473,35.00609588623047
pythia-1b,draw_3,control,15,98.04220581054688,15.026817321777344,96.5750732421875
pythia-1.4b,draw_1,low,0,24.143754959106445,2.1515955924987793,24.188302993774414
pythia-1.4b,draw_1,low,1,11.2277193069458,1.5129691362380981,11.148877143859863
pythia-1.4b,draw_1,low,2,10.305516242980957,0.7241178154945374,10.266324043273926
pythia-1.4b,draw_1,low,3,11.700535774230957,0.6386656761169434,11.668574333190918
pythia-1.4b,draw_1,low,4,13.501636505126953,0.8402543067932129,13.42152214050293
pythia-1.4b,draw_1,low,5,15.901902198791504,0.9995763897895813,15.892178535461426
pythia-1.4b,draw_1,low,6,19.035797119140625,1.2022632360458374,18.90627670288086
pythia-1.4b,draw_1,low,7,20.732830047607422,1.4044675827026367,20.727502822875977
pythia-1.4b,draw_1,low,8,22.079326629638672,1.2710363864898682,22.052106857299805
pythia-1.4b,draw_1,low,9,21.538578033447266,1.573091983795166,21.420257568359375
pythia-1.4b,draw_1,low,10,22.16871452331543,1.7523059844970703,22.033872604370117
pythia-1.4b,draw_1,low,11,23.43910026550293,1.5600266456604004,23.189453125
pythia-1.4b,draw_1,low,12,18.422231674194336,1.309654951095581,18.173423767089844
pythia-1.4b,draw_1,low,13,20.34854507446289,1.5088083744049072,20.116971969604492
pythia-1.4b,draw_1,low,14,21.424715042114258,1.6864521503448486,21.315351486206055
pythia-1.4b,draw_1,low,15,24.93307113647461,2.7368385791778564,24.68011474609375
pythia-1.4b,draw_1,low,16,22.248510360717773,1.4657684564590454,22.2325382232666
pythia-1.4b,draw_1,low,17,17.909765243530273,1.545888066291809,17.668956756591797
pythia-1.4b,draw_1,low,18,19.19068717956543,1.1358996629714966,18.945655822753906
pythia-1.4b,draw_1,low,19,16.077707290649414,1.5299861431121826,15.76113224029541
pythia-1.4b,draw_1,low,20,15.614423751831055,1.1380056142807007,15.440077781677246
pythia-1.4b,draw_1,low,21,17.54774284362793,2.027946949005127,17.193769454956055
pythia-1.4b,draw_1,low,22,27.08892822265625,2.0061869621276855,26.946313858032227
pythia-1.4b,draw_1,low,23,125.27400970458984,11.071704864501953,125.27178955078125
pythia-1.4b,draw_1,medium,0,21.809101104736328,1.7868062257766724,21.563980102539062
pythia-1.4b,draw_1,medium,1,10.989042282104492,1.3448063135147095,10.885026931762695
pythia-1.4b,draw_1,medium,2,10.739514350891113,0.776012659072876,10.705327987670898
pythia-1.4b,draw_1,medium,3,11.891677856445312,0.6600826978683472,11.931539535522461
pythia-1.4b,draw_1,medium,4,13.418524742126465,0.7939842939376831,13.447066307067871
pythia-1.4b,draw_1,medium,5,15.616846084594727,1.0191473960876465,15.594139099121094
pythia-1.4b,draw_1,medium,6,18.729293823242188,1.3913787603378296,18.63591194152832
pythia-1.4b,draw_1,medium,7,20.172645568847656,1.4405536651611328,20.032669067382812
pythia-1.4b,draw_1,medium,8,21.5672607421875,1.3309119939804077,21.634082794189453
pythia-1.4b,draw_1,medium,9,21.02397346496582,1.631705641746521,20.925844192504883
pythia-1.4b,draw_1,medium,10,22.330097198486328,1.6270437240600586,22.259654998779297
pythia-1.4b,draw_1,medium,11,23.293996810913086,1.619104027748108,23.28798484802246
pythia-1.4b,draw_1,medium,12,19.00157928466797,1.8101959228515625,18.528738021850586
pythia-1.4b,draw_1,medium,13,20.79520034790039,1.7015727758407593,20.516000747680664
pythia-1.4b,draw_1,medium,14,21.422266006469727,1.6565405130386353,21.30242919921875
pythia-1.4b,draw_1,medium,15,24.39555549621582,2.8664369583129883,23.938676834106445
pythia-1.4b,draw_1,medium,16,22.701597213745117,1.7258942127227783,22.58921241760254
pythia-1.4b,draw_1,medium,17,18.153459548950195,1.7948167324066162,17.839635848999023
pythia-1.4b,draw_1,medium,18,19.714275360107422,1.2187901735305786,19.616905212402344
pythia-1.4b,draw_1,medium,19,16.09945297241211,1.6413496732711792,15.60118579864502
pythia-1.4b,draw_1,medium,20,15.401299476623535,1.1464728116989136,15.279956817626953
pythia-1.4b,draw_1,medium,21,17.122556686401367,2.2094905376434326,16.440750122070312
pythia-1.4b,draw_1,medium,22,26.920398712158203,1.9282610416412354,26.888355255126953
pythia-1.4b,draw_1,medium,23,131.9306640625,12.049805641174316,132.62452697753906
pythia-1.4b,draw_1,high,0,20.286008834838867,1.4190924167633057,19.99150848388672
pythia-1.4b,draw_1,high,1,10.220881462097168,1.073941946029663,10.120085716247559
pythia-1.4b,draw_1,high,2,10.732782363891602,0.669831395149231,10.714079856872559
pythia-1.4b,draw_1,high,3,11.992871284484863,0.9138990640640259,11.893111228942871
pythia-1.4b,draw_1,high,4,13.17335319519043,0.8046203255653381,13.156320571899414
pythia-1.4b,draw_1,high,5,15.293617248535156,1.1161173582077026,15.112371444702148
pythia-1.4b,draw_1,high,6,18.346094131469727,1.4624133110046387,18.275922775268555
pythia-1.4b,draw_1,high,7,19.710939407348633,1.3860114812850952,19.605751037597656
pythia-1.4b,draw_1,high,8,20.958784103393555,1.2014673948287964,20.931011199951172
pythia-1.4b,draw_1,high,9,20.32908058166504,1.2955293655395508,20.168167114257812
pythia-1.4b,draw_1,high,10,22.268217086791992,1.6319351196289062,22.38331413269043
pythia-1.4b,draw_1,high,11,22.931528091430664,1.639396071434021,22.84973907470703
pythia-1.4b,draw_1,high,12,19.31040382385254,2.2519760131835938,18.688844680786133
pythia-1.4b,draw_1,high,13,20.661745071411133,1.5759354829788208,20.359251022338867
pythia-1.4b,draw_1,high,14,21.251415252685547,1.673026442527771,21.11623191833496
pythia-1.4b,draw_1,high,15,23.804452896118164,2.9946558475494385,23.27137565612793
pythia-1.4b,draw_1,high,16,23.03342056274414,1.750891089439392,23.103538513183594
pythia-1.4b,draw_1,high,17,18.27603530883789,1.8756730556488037,17.766765594482422
pythia-1.4b,draw_1,high,18,20.350072860717773,1.3420460224151611,20.26325225830078
pythia-1.4b,draw_1,high,19,16.270233154296875,1.8322241306304932,15.71450138092041
pythia-1.4b,draw_1,high,20,15.484112739562988,1.044862985610962,15.30021858215332
pythia-1.4b,draw_1,high,21,16.736167907714844,2.0173161029815674,16.322715759277344
pythia-1.4b,draw_1,high,22,26.915742874145508,2.0726428031921387,26.701129913330078
pythia-1.4b,draw_1,high,23,137.094482421875,14.49232006072998,136.80262756347656
pythia-1.4b,draw_1,very_high,0,19.555395126342773,0.9849175810813904,19.507875442504883
pythia-1.4b,draw_1,very_high,1,9.610319137573242,1.1092604398727417,9.54400634765625
pythia-1.4b,draw_1,very_high,2,10.627543449401855,0.9056798815727234,10.503961563110352
pythia-1.4b,draw_1,very_high,3,12.240635871887207,2.038822889328003,11.847798347473145
pythia-1.4b,draw_1,very_high,4,13.389631271362305,3.5303761959075928,13.075174331665039
pythia-1.4b,draw_1,very_high,5,15.214653015136719,1.1415826082229614,15.150006294250488
pythia-1.4b,draw_1,very_high,6,18.344070434570312,1.8142383098602295,18.265974044799805
pythia-1.4b,draw_1,very_high,7,19.61556053161621,1.6544889211654663,19.4780330657959
pythia-1.4b,draw_1,very_high,8,20.74728012084961,1.5186474323272705,20.878074645996094
pythia-1.4b,draw_1,very_high,9,20.345611572265625,1.7710264921188354,20.211862564086914
pythia-1.4b,draw_1,very_high,10,22.468460083007812,1.858155369758606,22.38504409790039
pythia-1.4b,draw_1,very_high,11,22.94792366027832,1.7073493003845215,22.94568634033203
pythia-1.4b,draw_1,very_high,12,20.447521209716797,3.7356069087982178,19.287574768066406
pythia-1.4b,draw_1,very_high,13,20.837434768676758,1.7070518732070923,20.78119659423828
pythia-1.4b,draw_1,very_high,14,21.2498779296875,1.807173252105713,21.09542465209961
pythia-1.4b,draw_1,very_high,15,23.553037643432617,3.3347396850585938,22.62000274658203
pythia-1.4b,draw_1,very_high,16,23.968351364135742,2.1862902641296387,23.67979621887207
pythia-1.4b,draw_1,very_high,17,18.297842025756836,2.0536041259765625,17.807432174682617
pythia-1.4b,draw_1,very_high,18,20.822742462158203,1.2941076755523682,20.81451988220215
pythia-1.4b,draw_1,very_high,19,16.639541625976562,2.198591947555542,16.221338272094727
pythia-1.4b,draw_1,very_high,20,15.598326683044434,1.1444346904754639,15.517467498779297
pythia-1.4b,draw_1,very_high,21,16.209430694580078,1.692841649055481,15.805418968200684
pythia-1.4b,draw_1,very_high,22,27.138389587402344,2.2368381023406982,26.91611099243164
pythia-1.4b,draw_1,very_high,23,141.79519653320312,13.72145938873291,141.61973571777344
pythia-1.4b,draw_1,control,0,19.865074157714844,1.3935655355453491,19.679214477539062
pythia-1.4b,draw_1,control,1,9.793530464172363,1.0825004577636719,9.650253295898438
pythia-1.4b,draw_1,control,2,10.571931838989258,0.7641449570655823,10.504708290100098
pythia-1.4b,draw_1,control,3,12.266725540161133,3.6505019664764404,11.807700157165527
pythia-1.4b,draw_1,control,4,13.652313232421875,8.010969161987305,13.03097152709961
pythia-1.4b,draw_1,control,5,15.240959167480469,1.2325503826141357,15.201630592346191
pythia-1.4b,draw_1,control,6,18.416988372802734,2.250884771347046,18.371728897094727
pythia-1.4b,draw_1,control,7,19.66851043701172,1.7223570346832275,19.60809326171875
pythia-1.4b,draw_1,control,8,20.98225212097168,1.573485016822815,21.001617431640625
pythia-1.4b,draw_1,control,9,20.348827362060547,1.7680262327194214,20.27021026611328
pythia-1.4b,draw_1,control,10,22.41887092590332,1.9665945768356323,22.41244125366211
pythia-1.4b,draw_1,control,11,22.920673370361328,1.6841765642166138,22.918874740600586
pythia-1.4b,draw_1,control,12,19.96480941772461,2.5046794414520264,19.309768676757812
pythia-1.4b,draw_1,control,13,20.81353759765625,1.5930185317993164,20.655712127685547
pythia-1.4b,draw_1,control,14,21.19621467590332,1.840519666671753,21.137279510498047
pythia-1.4b,draw_1,control,15,23.549514770507812,3.0939667224884033,22.889619827270508
pythia-1.4b,draw_1,control,16,23.603479385375977,2.0806467533111572,23.498830795288086
pythia-1.4b,draw_1,control,17,18.13656234741211,1.881570816040039,17.739307403564453
pythia-1.4b,draw_1,control,18,20.61067008972168,1.354682445526123,20.614126205444336
pythia-1.4b,draw_1,control,19,16.398649215698242,1.9117928743362427,15.977986335754395
pythia-1.4b,draw_1,control,20,15.566656112670898,1.1752378940582275,15.426791191101074
pythia-1.4b,draw_1,control,21,16.268678665161133,1.7946981191635132,15.892608642578125
pythia-1.4b,draw_1,control,22,27.1201171875,2.3509414196014404,26.963254928588867
pythia-1.4b,draw_1,control,23,140.00393676757812,14.798787117004395,139.58921813964844
pythia-1.4b,draw_2,low,0,23.815000534057617,2.2356913089752197,23.5738582611084
pythia-1.4b,draw_2,low,1,11.272910118103027,1.3752835988998413,11.10312557220459
pythia-1.4b,draw_2,low,2,10.288793563842773,0.7051571607589722,10.258987426757812
pythia-1.4b,draw_2,low,3,11.752881050109863,0.6152778267860413,11.760448455810547
pythia-1.4b,draw_2,low,4,13.49515438079834,0.8176999092102051,13.468793869018555
pythia-1.4b,draw_2,low,5,15.884474754333496,1.061134934425354,15.901148796081543
pythia-1.4b,draw_2,low,6,18.994077682495117,1.3655282258987427,18.89499282836914
pythia-1.4b,draw_2,low,7,20.597042083740234,1.4909316301345825,20.469818115234375
pythia-1.4b,draw_2,low,8,21.949180603027344,1.2636291980743408,21.919984817504883
pythia-1.4b,draw_2,low,9,21.663684844970703,1.785269856452942,21.377641677856445
pythia-1.4b,draw_2,low,10,22.288394927978516,1.657860517501831,22.23310661315918
pythia-1.4b,draw_2,low,11,23.491788864135742,1.6017040014266968,23.504901885986328
pythia-1.4b,draw_2,low,12,18.705615997314453,1.7079800367355347,18.39809226989746
pythia-1.4b,draw_2,low,13,20.529760360717773,1.655604362487793,20.304201126098633
pythia-1.4b,draw_2,low,14,21.689733505249023,1.5550154447555542,21.608638763427734
pythia-1.4b,draw_2,low,15,25.30729103088379,2.7118985652923584,24.87399673461914
pythia-1.4b,draw_2,low,16,22.4301700592041,1.6236727237701416,22.3842830657959
pythia-1.4b,draw_2,low,17,18.163066864013672,1.5874972343444824,17.852279663085938
pythia-1.4b,draw_2,low,18,19.238618850708008,1.0814281702041626,19.142183303833008
pythia-1.4b,draw_2,low,19,16.363513946533203,1.5637214183807373,15.993314743041992
pythia-1.4b,draw_2,low,20,15.816494941711426,1.304158091545105,15.743651390075684
pythia-1.4b,draw_2,low,21,17.80498504638672,2.1570777893066406,17.538354873657227
pythia-1.4b,draw_2,low,22,27.53230094909668,2.301264762878418,27.346107482910156
pythia-1.4b,draw_2,low,23,124.89654541015625,10.82891845703125,125.42196655273438
pythia-1.4b,draw_2,medium,0,21.82948112487793,1.8990364074707031,21.364585876464844
pythia-1.4b,draw_2,medium,1,10.932103157043457,1.308915615081787,10.8157958984375
pythia-1.4b,draw_2,medium,2,10.793938636779785,0.7809874415397644,10.812286376953125
pythia-1.4b,draw_2,medium,3,11.90150260925293,0.708541750907898,11.892186164855957
pythia-1.4b,draw_2,medium,4,13.37744140625,0.8607762455940247,13.30526351928711
pythia-1.4b,draw_2,medium,5,15.528325080871582,0.9226168394088745,15.460575103759766
pythia-1.4b,draw_2,medium,6,18.589942932128906,1.3762840032577515,18.467809677124023
pythia-1.4b,draw_2,medium,7,20.252317428588867,1.4518765211105347,20.174518585205078
pythia-1.4b,draw_2,medium,8,21.63243865966797,1.4120306968688965,21.645282745361328
pythia-1.4b,draw_2,medium,9,20.994199752807617,1.4944545030593872,20.952144622802734
pythia-1.4b,draw_2,medium,10,22.431127548217773,1.5502519607543945,22.519506454467773
pythia-1.4b,draw_2,medium,11,23.21210479736328,1.4571902751922607,23.246782302856445
pythia-1.4b,draw_2,medium,12,18.835538864135742,1.4829329252243042,18.57719612121582
pythia-1.4b,draw_2,medium,13,20.62615966796875,1.6884548664093018,20.457704544067383
pythia-1.4b,draw_2,medium,14,21.3219051361084,1.7813966274261475,21.13787841796875
pythia-1.4b,draw_2,medium,15,24.38178825378418,2.833423137664795,23.786043167114258
pythia-1.4b,draw_2,medium,16,22.64482879638672,1.7576910257339478,22.5058536529541
pythia-1.4b,draw_2,medium,17,18.217769622802734,1.7808523178100586,17.91950798034668
pythia-1.4b,draw_2,medium,18,19.85947608947754,1.2294002771377563,19.78594207763672
pythia-1.4b,draw_2,medium,19,16.21535873413086,1.676127314567566,15.822568893432617
pythia-1.4b,draw_2,medium,20,15.478777885437012,1.1320656538009644,15.332319259643555
pythia-1.4b,draw_2,medium,21,17.245441436767578,2.237952709197998,16.762527465820312
pythia-1.4b,draw_2,medium,22,26.837818145751953,2.0858891010284424,26.596065521240234
pythia-1.4b,draw_2,medium,23,131.96142578125,13.742006301879883,131.23544311523438
pythia-1.4b,draw_2,high,0,20.128965377807617,1.405347228050232,19.945697784423828
pythia-1.4b,draw_2,high,1,10.199091911315918,1.103467583656311,10.038837432861328
pythia-1.4b,draw_2,high,2,10.76123046875,0.7610407471656799,10.681890487670898
pythia-1.4b,draw_2,high,3,12.20732593536377,2.029932975769043,11.899621963500977
pythia-1.4b,draw_2,high,4,13.59679126739502,3.641510248184204,13.237954139709473
pythia-1.4b,draw_2,high,5,15.573140144348145,1.197906255722046,15.566164016723633
pythia-1.4b,draw_2,high,6,18.674930572509766,1.821523904800415,18.64223289489746
pythia-1.4b,draw_2,high,7,19.68014907836914,1.4667888879776,19.681026458740234
pythia-1.4b,draw_2,high,8,21.006546020507812,1.5028698444366455,21.091848373413086
pythia-1.4b,draw_2,high,9,20.325387954711914,1.7029268741607666,20.19260597229004
pythia-1.4b,draw_2,high,10,22.40390968322754,1.8710054159164429,22.27243995666504
pythia-1.4b,draw_2,high,11,23.06950569152832,1.7557182312011719,22.990598678588867
pythia-1.4b,draw_2,high,12,19.70047378540039,2.527102470397949,18.958343505859375
pythia-1.4b,draw_2,high,13,20.936574935913086,1.7678031921386719,20.744449615478516
pythia-1.4b,draw_2,high,14,21.484893798828125,1.7998600006103516,21.321666717529297
pythia-1.4b,draw_2,high,15,24.24390983581543,3.3178341388702393,23.43093490600586
pythia-1.4b,draw_2,high,16,23.354366302490234,1.8627593517303467,23.390087127685547
pythia-1.4b,draw_2,high,17,18.372621536254883,1.9554022550582886,17.982763290405273
pythia-1.4b,draw_2,high,18,20.347814559936523,1.2410006523132324,20.265384674072266
pythia-1.4b,draw_2,high,19,16.549030303955078,1.9082750082015991,16.0709285736084
pythia-1.4b,draw_2,high,20,15.481287002563477,1.177031397819519,15.42428207397461
pythia-1.4b,draw_2,high,21,16.782516479492188,1.9847861528396606,16.431129455566406
pythia-1.4b,draw_2,high,22,27.01599884033203,2.0398998260498047,26.989694595336914
pythia-1.4b,draw_2,high,23,137.8902130126953,13.7921724319458,138.11572265625
pythia-1.4b,draw_2,very_high,0,19.397497177124023,1.0831562280654907,19.348825454711914
pythia-1.4b,draw_2,very_high,1,9.514237403869629,1.0089079141616821,9.379849433898926
pythia-1.4b,draw_2,very_high,2,10.763724327087402,0.8257186412811279,10.750946044921875
pythia-1.4b,draw_2,very_high,3,12.33861255645752,1.4520697593688965,12.135870933532715
pythia-1.4b,draw_2,very_high,4,13.227953910827637,0.9623050689697266,13.14888858795166
pythia-1.4b,draw_2,very_high,5,15.138401985168457,1.0080840587615967,15.008049964904785
pythia-1.4b,draw_2,very_high,6,18.072521209716797,1.3118720054626465,17.94917106628418
pythia-1.4b,draw_2,very_high,7,19.431434631347656,1.484346866607666,19.411460876464844
pythia-1.4b,draw_2,very_high,8,20.740203857421875,1.4185965061187744,20.768550872802734
pythia-1.4b,draw_2,very_high,9,20.200681686401367,1.739945650100708,20.078937530517578
pythia-1.4b,draw_2,very_high,10,22.47038459777832,1.8277223110198975,22.232669830322266
pythia-1.4b,draw_2,very_high,11,22.888320922851562,1.607140302658081,22.718788146972656
pythia-1.4b,draw_2,very_high,12,20.599618911743164,3.2952754497528076,19.34967041015625
pythia-1.4b,draw_2,very_high,13,20.949556350708008,1.6232243776321411,20.883426666259766
pythia-1.4b,draw_2,very_high,14,21.34233856201172,1.750327467918396,21.149490356445312
pythia-1.4b,draw_2,very_high,15,23.674579620361328,3.207171678543091,23.168577194213867
pythia-1.4b,draw_2,very_high,16,23.897798538208008,1.9764478206634521,23.817930221557617
pythia-1.4b,draw_2,very_high,17,18.339128494262695,1.9758093357086182,17.941879272460938
pythia-1.4b,draw_2,very_high,18,20.816282272338867,1.2067952156066895,20.723596572875977
pythia-1.4b,draw_2,very_high,19,16.75282096862793,2.189859390258789,16.109485626220703
pythia-1.4b,draw_2,very_high,20,15.669685363769531,1.1110780239105225,15.532809257507324
pythia-1.4b,draw_2,very_high,21,16.335529327392578,1.9268913269042969,15.90213394165039
pythia-1.4b,draw_2,very_high,22,27.40514373779297,2.3900935649871826,27.22443199157715
pythia-1.4b,draw_2,very_high,23,141.6453857421875,14.674342155456543,140.99624633789062
pythia-1.4b,draw_2,control,0,19.919301986694336,1.6133042573928833,19.64229965209961
pythia-1.4b,draw_2,control,1,9.645325660705566,1.1504379510879517,9.534149169921875
pythia-1.4b,draw_2,control,2,10.63212776184082,0.8902250528335571,10.602219581604004
pythia-1.4b,draw_2,control,3,12.06771469116211,1.525237798690796,11.835958480834961
pythia-1.4b,draw_2,control,4,13.15888500213623,1.161388874053955,13.0864839553833
pythia-1.4b,draw_2,control,5,15.281350135803223,0.9966883063316345,15.229924201965332
pythia-1.4b,draw_2,control,6,18.485759735107422,1.4457099437713623,18.447389602661133
pythia-1.4b,draw_2,control,7,19.672283172607422,1.7335031032562256,19.711524963378906
pythia-1.4b,draw_2,control,8,20.836179733276367,1.5190184116363525,20.9049129486084
pythia-1.4b,draw_2,control,9,20.131128311157227,1.4956797361373901,20.109914779663086
pythia-1.4b,draw_2,control,10,21.976078033447266,1.8647176027297974,21.972169876098633
pythia-1.4b,draw_2,control,11,22.68029022216797,1.6205663681030273,22.680692672729492
pythia-1.4b,draw_2,control,12,20.311662673950195,3.475708484649658,19.304170608520508
pythia-1.4b,draw_2,control,13,20.97385025024414,1.7755540609359741,20.698774337768555
pythia-1.4b,draw_2,control,14,21.487655639648438,1.9909491539001465,21.22608184814453
pythia-1.4b,draw_2,control,15,23.982786178588867,3.8182125091552734,23.261194229125977
pythia-1.4b,draw_2,control,16,23.675073623657227,2.099339485168457,23.652009963989258
pythia-1.4b,draw_2,control,17,18.2534236907959,2.0172886848449707,17.724308013916016
pythia-1.4b,draw_2,control,18,20.624061584472656,1.2347822189331055,20.60342025756836
pythia-1.4b,draw_2,control,19,16.660429000854492,2.0933802127838135,16.049510955810547
pythia-1.4b,draw_2,control,20,15.750999450683594,1.142802357673645,15.628471374511719
pythia-1.4b,draw_2,control,21,16.60548210144043,2.0039443969726562,16.176469802856445
pythia-1.4b,draw_2,control,22,27.248720169067383,2.3656327724456787,27.147708892822266
pythia-1.4b,draw_2,control,23,139.8492431640625,14.670939445495605,139.21734619140625
pythia-1.4b,draw_3,low,0,23.659637451171875,2.2970423698425293,23.368188858032227
pythia-1.4b,draw_3,low,1,11.205709457397461,1.3942906856536865,11.038589477539062
pythia-1.4b,draw_3,low,2,10.16386604309082,0.6641587615013123,10.164402961730957
pythia-1.4b,draw_3,low,3,11.720505714416504,0.6477188467979431,11.726286888122559
pythia-1.4b,draw_3,low,4,13.553186416625977,0.8273714780807495,13.493131637573242
pythia-1.4b,draw_3,low,5,15.97289752960205,1.048205018043518,15.962882041931152
pythia-1.4b,draw_3,low,6,19.195646286010742,1.3928263187408447,19.236419677734375
pythia-1.4b,draw_3,low,7,20.791351318359375,1.5089662075042725,20.691631317138672
pythia-1.4b,draw_3,low,8,22.174158096313477,1.3255131244659424,22.17749786376953
pythia-1.4b,draw_3,low,9,21.427539825439453,1.5592159032821655,21.234853744506836
pythia-1.4b,draw_3,low,10,22.07125473022461,1.463411569595337,21.95393180847168
pythia-1.4b,draw_3,low,11,23.230337142944336,1.3995414972305298,23.10748863220215
pythia-1.4b,draw_3,low,12,18.670116424560547,1.6224634647369385,18.34237289428711
pythia-1.4b,draw_3,low,13,20.51201820373535,1.693091869354248,20.246309280395508
pythia-1.4b,draw_3,low,14,21.43976593017578,1.636542797088623,21.26576805114746
pythia-1.4b,draw_3,low,15,25.061555862426758,2.445258378982544,24.70559310913086
pythia-1.4b,draw_3,low,16,22.55672836303711,1.3918808698654175,22.627487182617188
pythia-1.4b,draw_3,low,17,18.02460289001465,1.4809112548828125,17.714920043945312
pythia-1.4b,draw_3,low,18,19.34404754638672,1.199144721031189,19.180538177490234
pythia-1.4b,draw_3,low,19,16.21906089782715,1.5053092241287231,15.924487113952637
pythia-1.4b,draw_3,low,20,15.601877212524414,1.2941340208053589,15.342717170715332
pythia-1.4b,draw_3,low,21,17.496963500976562,2.0050625801086426,17.07416343688965
pythia-1.4b,draw_3,low,22,27.227859497070312,1.9408169984817505,27.070051193237305
pythia-1.4b,draw_3,low,23,126.21160888671875,10.628392219543457,125.88327026367188
pythia-1.4b,draw_3,medium,0,21.792312622070312,1.7505347728729248,21.644819259643555
pythia-1.4b,draw_3,medium,1,10.887591361999512,1.3546310663223267,10.711575508117676
pythia-1.4b,draw_3,medium,2,10.816156387329102,0.9214062094688416,10.743868827819824
pythia-1.4b,draw_3,medium,3,11.998620986938477,0.7274278998374939,11.893836975097656
pythia-1.4b,draw_3,medium,4,13.351737976074219,0.7643252611160278,13.336692810058594
pythia-1.4b,draw_3,medium,5,15.622441291809082,1.0107038021087646,15.526694297790527
pythia-1.4b,draw_3,medium,6,18.798181533813477,1.4162566661834717,18.776046752929688
pythia-1.4b,draw_3,medium,7,20.08342933654785,1.4398386478424072,20.086549758911133
pythia-1.4b,draw_3,medium,8,21.54800796508789,1.3787819147109985,21.604440689086914
pythia-1.4b,draw_3,medium,9,20.803977966308594,1.7880829572677612,20.66238784790039
pythia-1.4b,draw_3,medium,10,22.168611526489258,1.5138161182403564,21.985626220703125
pythia-1.4b,draw_3,medium,11,23.1352481842041,1.5605127811431885,23.135574340820312
pythia-1.4b,draw_3,medium,12,18.943403244018555,1.6196327209472656,18.620323181152344
pythia-1.4b,draw_3,medium,13,20.674652099609375,1.6759097576141357,20.491079330444336
pythia-1.4b,draw_3,medium,14,21.272890090942383,1.8132529258728027,21.117950439453125
pythia-1.4b,draw_3,medium,15,24.404964447021484,2.772230386734009,23.933963775634766
pythia-1.4b,draw_3,medium,16,22.4824161529541,1.7448148727416992,22.425804138183594
pythia-1.4b,draw_3,medium,17,18.262269973754883,1.7270575761795044,17.997459411621094
pythia-1.4b,draw_3,medium,18,19.66676139831543,1.140312671661377,19.61033058166504
pythia-1.4b,draw_3,medium,19,16.340351104736328,1.6319143772125244,15.871622085571289
pythia-1.4b,draw_3,medium,20,15.60814380645752,1.310235619544983,15.383086204528809
pythia-1.4b,draw_3,medium,21,17.423934936523438,2.160444736480713,16.841169357299805
pythia-1.4b,draw_3,medium,22,27.092201232910156,1.9495512247085571,27.042346954345703
pythia-1.4b,draw_3,medium,23,130.93008422851562,13.462715148925781,130.41616821289062
pythia-1.4b,draw_3,high,0,20.305517196655273,1.5245317220687866,20.048534393310547
pythia-1.4b,draw_3,high,1,10.301608085632324,1.1488656997680664,10.072487831115723
pythia-1.4b,draw_3,high,2,10.790125846862793,0.7521570324897766,10.768367767333984
pythia-1.4b,draw_3,high,3,12.084758758544922,1.0477734804153442,11.902003288269043
pythia-1.4b,draw_3,high,4,13.254045486450195,0.8050599694252014,13.191000938415527
pythia-1.4b,draw_3,high,5,15.370190620422363,1.124603033065796,15.273602485656738
pythia-1.4b,draw_3,high,6,18.508769989013672,1.5583802461624146,18.37247085571289
pythia-1.4b,draw_3,high,7,19.851886749267578,1.4184656143188477,19.83909797668457
pythia-1.4b,draw_3,high,8,20.988996505737305,1.132267951965332,20.950420379638672
pythia-1.4b,draw_3,high,9,20.219831466674805,1.5024425983428955,20.087522506713867
pythia-1.4b,draw_3,high,10,22.25527000427246,1.6616607904434204,22.116788864135742
pythia-1.4b,draw_3,high,11,22.81800079345703,1.4759764671325684,22.689197540283203
pythia-1.4b,draw_3,high,12,19.741300582885742,2.7537989616394043,18.85545539855957
pythia-1.4b,draw_3,high,13,20.9968204498291,1.7858434915542603,20.74150848388672
pythia-1.4b,draw_3,high,14,21.476499557495117,1.855028510093689,21.214412689208984
pythia-1.4b,draw_3,high,15,24.4016056060791,3.5526654720306396,23.47311782836914
pythia-1.4b,draw_3,high,16,23.225008010864258,1.8993557691574097,23.319175720214844
pythia-1.4b,draw_3,high,17,18.630809783935547,1.9820595979690552,18.11798667907715
pythia-1.4b,draw_3,high,18,20.2596435546875,1.1871649026870728,20.142072677612305
pythia-1.4b,draw_3,high,19,16.687347412109375,1.857608437538147,16.287973403930664
pythia-1.4b,draw_3,high,20,15.648310661315918,1.1804882287979126,15.503157615661621
pythia-1.4b,draw_3,high,21,17.137413024902344,2.0714125633239746,16.644617080688477
pythia-1.4b,draw_3,high,22,27.243480682373047,2.12455677986145,27.2561092376709
pythia-1.4b,draw_3,high,23,137.27171325683594,13.183456420898438,137.6744842529297
pythia-1.4b,draw_3,very_high,0,19.546247482299805,1.1816984415054321,19.39042854309082
pythia-1.4b,draw_3,very_high,1,9.541619300842285,1.0613932609558105,9.417481422424316
pythia-1.4b,draw_3,very_high,2,10.563982009887695,0.7490512728691101,10.546857833862305
pythia-1.4b,draw_3,very_high,3,12.052970886230469,1.483555555343628,11.79251766204834
pythia-1.4b,draw_3,very_high,4,13.164505004882812,1.3739508390426636,12.992318153381348
pythia-1.4b,draw_3,very_high,5,15.140913963317871,0.9591704607009888,15.108819961547852
pythia-1.4b,draw_3,very_high,6,18.171781539916992,1.404954433441162,18.03973960876465
pythia-1.4b,draw_3,very_high,7,19.523563385009766,1.5828592777252197,19.422061920166016
pythia-1.4b,draw_3,very_high,8,20.94830322265625,1.5392132997512817,20.87576675415039
pythia-1.4b,draw_3,very_high,9,20.584075927734375,1.8697705268859863,20.464269638061523
pythia-1.4b,draw_3,very_high,10,22.773189544677734,1.9824126958847046,22.73614501953125
pythia-1.4b,draw_3,very_high,11,23.06705665588379,1.7974343299865723,22.89944839477539
pythia-1.4b,draw_3,very_high,12,20.053972244262695,2.9229471683502197,19.188533782958984
pythia-1.4b,draw_3,very_high,13,20.744874954223633,1.571449875831604,20.506948471069336
pythia-1.4b,draw_3,very_high,14,21.216014862060547,1.7895126342773438,21.091333389282227
pythia-1.4b,draw_3,very_high,15,23.312795639038086,2.954226016998291,22.763444900512695
pythia-1.4b,draw_3,very_high,16,23.946577072143555,1.931862711906433,23.709054946899414
pythia-1.4b,draw_3,very_high,17,18.200593948364258,1.810855746269226,17.8533878326416
pythia-1.4b,draw_3,very_high,18,20.775421142578125,1.3001744747161865,20.690519332885742
pythia-1.4b,draw_3,very_high,19,16.500383377075195,2.017298936843872,15.855653762817383
pythia-1.4b,draw_3,very_high,20,15.59585952758789,1.0468428134918213,15.451435089111328
pythia-1.4b,draw_3,very_high,21,16.19548225402832,1.6588715314865112,15.850379943847656
pythia-1.4b,draw_3,very_high,22,27.261262893676758,2.190406322479248,26.976961135864258
pythia-1.4b,draw_3,very_high,23,140.8645477294922,13.818256378173828,140.4324951171875
pythia-1.4b,draw_3,control,0,19.91843032836914,1.5284874439239502,19.678327560424805
pythia-1.4b,draw_3,control,1,9.666604995727539,1.1028640270233154,9.474211692810059
pythia-1.4b,draw_3,control,2,10.614412307739258,0.7678235173225403,10.594711303710938
pythia-1.4b,draw_3,control,3,11.890094757080078,1.5221925973892212,11.727581024169922
pythia-1.4b,draw_3,control,4,13.096378326416016,0.943379819393158,13.077795028686523
pythia-1.4b,draw_3,control,5,15.285462379455566,1.1052372455596924,15.21847152709961
pythia-1.4b,draw_3,control,6,18.39687156677246,1.495431900024414,18.17633819580078
pythia-1.4b,draw_3,control,7,19.685117721557617,1.4738003015518188,19.60344123840332
pythia-1.4b,draw_3,control,8,20.92066764831543,1.3596208095550537,20.887983322143555
pythia-1.4b,draw_3,control,9,20.293167114257812,1.537271499633789,20.216459274291992
pythia-1.4b,draw_3,control,10,22.481430053710938,1.757657766342163,22.235647201538086
pythia-1.4b,draw_3,control,11,23.00841522216797,1.5026944875717163,22.986757278442383
pythia-1.4b,draw_3,control,12,20.391071319580078,3.2483291625976562,19.47527313232422
pythia-1.4b,draw_3,control,13,20.77753448486328,1.7216027975082397,20.65606117248535
pythia-1.4b,draw_3,control,14,21.48951530456543,1.9116919040679932,21.370573043823242
pythia-1.4b,draw_3,control,15,24.014331817626953,3.6676619052886963,23.319536209106445
pythia-1.4b,draw_3,control,16,23.70723533630371,1.9601627588272095,23.74687385559082
pythia-1.4b,draw_3,control,17,18.43952178955078,2.0610787868499756,18.0699405670166
pythia-1.4b,draw_3,control,18,20.653934478759766,1.282697081565857,20.673574447631836
pythia-1.4b,draw_3,control,19,16.709854125976562,2.0619747638702393,16.120729446411133
pythia-1.4b,draw_3,control,20,15.684094429016113,1.1908106803894043,15.599968910217285
pythia-1.4b,draw_3,control,21,16.634511947631836,2.135627508163452,16.181821823120117
pythia-1.4b,draw_3,control,22,27.490686416625977,2.235567569732666,27.196256637573242
pythia-1.4b,draw_3,control,23,141.698486328125,13.46393871307373,142.11915588378906
