model,draw,layer,neuron_idx,rank,f_stat,p_val,preferred_band,preferred_band_mean
pythia-70m,draw_1,0,2042,0,106.58574653967037,5.5242538745489375e-77,low,0.4764988124370575
pythia-70m,draw_1,0,1480,1,85.2708293470489,2.909281408188669e-63,low,0.020804930478334427
pythia-70m,draw_1,0,1724,2,78.5185645324359,9.422141535047906e-59,low,-0.13365398347377777
pythia-70m,draw_1,0,1502,3,77.39984812335308,5.3628304422687e-58,low,0.3591707944869995
pythia-70m,draw_1,0,187,4,76.151174135346,3.75912485253477e-57,low,0.028858542442321777
pythia-70m,draw_1,0,1858,5,74.77986965770444,3.214785910290069e-56,low,-0.004324819892644882
pythia-70m,draw_1,0,1041,6,74.06054920128162,9.941802255204745e-56,low,0.4575566351413727
pythia-70m,draw_1,0,897,7,73.60453065408407,2.0361155925177536e-55,low,0.025663405656814575
pythia-70m,draw_1,0,359,8,70.48101785843608,2.8301657762944325e-53,low,0.02934184856712818
pythia-70m,draw_1,0,697,9,68.49753268185083,6.641288502533813e-52,low,0.4159289598464966
pythia-70m,draw_1,0,586,10,68.2256663614088,1.0248899029081243e-51,low,0.18114152550697327
pythia-70m,draw_1,0,1877,11,66.37401428369368,1.985167278578086e-50,low,-0.2782686650753021
pythia-70m,draw_1,0,1887,12,65.61741658955312,6.693107893311057e-50,low,-0.036493342369794846
pythia-70m,draw_1,0,1306,13,64.67601991773807,3.047420570262309e-49,low,0.009955035522580147
pythia-70m,draw_1,0,186,14,62.54583439250206,9.548282767500788e-48,low,-0.055981215089559555
pythia-70m,draw_1,0,379,15,62.26799390462802,1.4986635794254534e-47,low,-0.08298380672931671
pythia-70m,draw_1,0,1720,16,61.2585435065739,7.731953770111578e-47,low,0.0613405741751194
pythia-70m,draw_1,0,1776,17,60.408109822902084,3.0916217279834254e-46,low,0.08341388404369354
pythia-70m,draw_1,0,1668,18,59.97719461327849,6.247636529367231e-46,low,0.07678505778312683
pythia-70m,draw_1,0,135,19,59.25125940437287,2.047656627358524e-45,low,0.040312301367521286
pythia-70m,draw_1,0,453,20,58.848917817644676,3.957700523501038e-45,low,0.04898754507303238
pythia-70m,draw_1,0,209,21,58.33090978282063,9.255051448952074e-45,low,0.06928832083940506
pythia-70m,draw_1,0,1207,22,58.255339471850974,1.0477229405871475e-44,low,-0.00019148508727084845
pythia-70m,draw_1,0,1246,23,58.08843891419257,1.378021972594557e-44,low,0.06308364123106003
pythia-70m,draw_1,0,872,24,58.02898846819981,1.5193618423625508e-44,low,-0.12127327173948288
pythia-70m,draw_1,0,1294,25,57.038782670431786,7.744672658297194e-44,low,-0.030997259542346
pythia-70m,draw_1,0,996,26,57.00408714869306,8.200175720157995e-44,low,0.04400521144270897
pythia-70m,draw_1,0,1190,27,56.183527765035585,3.1734607240995312e-43,low,-0.048829711973667145
pythia-70m,draw_1,0,39,28,55.711070718855346,6.926890785379652e-43,low,-0.21677641570568085
pythia-70m,draw_1,0,693,29,55.4756075156872,1.0224932913579626e-42,low,0.03194386884570122
pythia-70m,draw_1,0,467,30,54.60036437425361,4.358048831969097e-42,low,0.20252513885498047
pythia-70m,draw_1,0,1369,31,54.35513629950928,6.546107604437296e-42,low,-0.00484972121194005
pythia-70m,draw_1,0,327,32,54.199304005579776,8.478647407204982e-42,low,0.027309296652674675
pythia-70m,draw_1,0,596,33,54.19126806009745,8.592533450775898e-42,low,0.023889943957328796
pythia-70m,draw_1,0,1944,34,54.04584350004096,1.0939776575027188e-41,low,0.05196021869778633
pythia-70m,draw_1,0,1708,35,53.47192198794301,2.8403325200941405e-41,low,0.037717293947935104
pythia-70m,draw_1,0,1575,36,53.21657521043604,4.344511376061124e-41,low,0.010229413397610188
pythia-70m,draw_1,0,1748,37,52.738523052613345,9.634933214125985e-41,low,-0.08618240058422089
pythia-70m,draw_1,0,949,38,52.52187476038994,1.3828164981772512e-40,low,-0.052381761372089386
pythia-70m,draw_1,0,243,39,52.32370006949797,1.9247946371834534e-40,low,-0.11681409925222397
pythia-70m,draw_1,0,1861,40,52.22171398487978,2.2820568516757677e-40,low,0.09324676543474197
pythia-70m,draw_1,0,149,41,52.08483882827757,2.8681203029577787e-40,low,0.03684427961707115
pythia-70m,draw_1,0,174,42,51.86317660874857,4.153775335831096e-40,low,0.03580485284328461
pythia-70m,draw_1,0,832,43,51.47248927149061,7.983342045747646e-40,low,0.07735632359981537
pythia-70m,draw_1,0,656,44,51.12695588954854,1.4236210705875828e-39,low,0.05807125195860863
pythia-70m,draw_1,0,1562,45,50.788778205812314,2.508963751331925e-39,low,0.005531509406864643
pythia-70m,draw_1,0,45,46,50.73896818073799,2.72748421334399e-39,low,0.028320927172899246
pythia-70m,draw_1,0,1052,47,50.64534504854106,3.191135974076482e-39,low,0.0018129772506654263
pythia-70m,draw_1,0,475,48,50.64500935781792,3.192933080177445e-39,low,-0.09585815668106079
pythia-70m,draw_1,0,1497,49,49.952295772802046,1.0214944439552749e-38,low,-0.09162560105323792
pythia-70m,draw_1,1,1676,0,197.13947944110828,5.411148521491942e-128,very_high,1.6499192714691162
pythia-70m,draw_1,1,597,1,168.5298033826483,5.376489956029323e-113,low,-0.20822769403457642
pythia-70m,draw_1,1,1227,2,87.63097324689463,8.061203283165045e-65,low,-3.984983205795288
pythia-70m,draw_1,1,1378,3,86.35130686702549,5.6182014084826295e-64,low,0.10654044151306152
pythia-70m,draw_1,1,413,4,84.67357976002556,7.235163167772461e-63,very_high,-0.1445140689611435
pythia-70m,draw_1,1,104,5,84.56062025231945,8.597103389913861e-63,low,0.2156745046377182
pythia-70m,draw_1,1,42,6,79.33014632163683,2.677210088242962e-59,low,-0.009537538513541222
pythia-70m,draw_1,1,1116,7,70.96449231939401,1.3149254228409918e-53,low,0.6785775423049927
pythia-70m,draw_1,1,570,8,69.07061486407414,2.663940069981446e-52,low,-0.4847237765789032
pythia-70m,draw_1,1,472,9,68.29941991748026,9.110582933310147e-52,low,0.9327958226203918
pythia-70m,draw_1,1,554,10,66.97317971325073,7.595958066455397e-51,low,-0.9003967046737671
pythia-70m,draw_1,1,29,11,66.19974030079378,2.625904159638842e-50,medium,-5.125361442565918
pythia-70m,draw_1,1,1410,12,64.17471553419738,6.84212804244953e-49,low,-0.6619970798492432
pythia-70m,draw_1,1,1139,13,64.13244727100074,7.325386649815394e-49,low,-0.6939992904663086
pythia-70m,draw_1,1,1180,14,63.89051759529988,1.082788596597162e-48,low,-1.0140581130981445
pythia-70m,draw_1,1,1520,15,62.888754000645825,5.476436708971868e-48,low,-0.5953443646430969
pythia-70m,draw_1,1,1603,16,60.57290839968336,2.36285805887327e-46,low,-4.486270427703857
pythia-70m,draw_1,1,1608,17,60.52403635574527,2.558907400706967e-46,low,-1.2984474897384644
pythia-70m,draw_1,1,1995,18,60.30651657204151,3.6490953109150905e-46,low,-1.3715866804122925
pythia-70m,draw_1,1,1501,19,60.07632473067047,5.313704451402823e-46,low,-1.5497347116470337
pythia-70m,draw_1,1,284,20,57.92752836161472,1.7949299040458037e-44,low,-1.1457816362380981
pythia-70m,draw_1,1,953,21,55.15787453312663,1.7300202790310654e-42,low,0.10131575167179108
pythia-70m,draw_1,1,2016,22,54.7797913877375,3.236602047883791e-42,medium,-0.2862949073314667
pythia-70m,draw_1,1,971,23,50.50807091751826,4.017453360503987e-39,low,0.2714387774467468
pythia-70m,draw_1,1,1959,24,49.59010114392079,1.878023436504374e-38,low,-1.4441590309143066
pythia-70m,draw_1,1,75,25,48.32625090527365,1.580010645378187e-37,very_high,-1.091002345085144
pythia-70m,draw_1,1,1310,26,47.74533111978022,4.216222328186526e-37,very_high,-0.40781113505363464
pythia-70m,draw_1,1,856,27,47.506329556006754,6.316847347819739e-37,low,-0.7397032380104065
pythia-70m,draw_1,1,1222,28,47.101605261226936,1.2534094248047855e-36,low,-0.6996469497680664
pythia-70m,draw_1,1,1206,29,46.650252682304284,2.693854173434214e-36,low,-0.033745408058166504
pythia-70m,draw_1,1,689,30,45.81180716839158,1.1188154676697956e-35,low,-0.06557165086269379
pythia-70m,draw_1,1,950,31,45.794009154080484,1.1531905788875654e-35,low,-0.5675033926963806
pythia-70m,draw_1,1,595,32,45.791222646812166,1.1586674107414605e-35,medium,-0.3220827281475067
pythia-70m,draw_1,1,440,33,45.48930793845226,1.9364445761149984e-35,low,-0.8728116750717163
pythia-70m,draw_1,1,1278,34,44.57658402743953,9.171954574218919e-35,medium,-8.405043601989746
pythia-70m,draw_1,1,100,35,44.47324317263272,1.0940795730973553e-34,low,-0.8960555791854858
pythia-70m,draw_1,1,646,36,43.94082277018369,2.7163567222264016e-34,low,-0.1965000480413437
pythia-70m,draw_1,1,377,37,43.79321578180303,3.496100595722981e-34,low,-0.21795117855072021
pythia-70m,draw_1,1,1436,38,43.62470692664412,4.663978305474242e-34,very_high,-0.841401994228363
pythia-70m,draw_1,1,60,39,43.46457015191353,6.134306557890859e-34,very_high,-1.1732027530670166
pythia-70m,draw_1,1,40,40,43.3585037460521,7.355642587017615e-34,low,-0.2788630425930023
pythia-70m,draw_1,1,1626,41,42.5887119153205,2.751899618994729e-33,very_high,-0.7180148363113403
pythia-70m,draw_1,1,238,42,42.41548113260868,3.7046988230225536e-33,low,-0.8146383762359619
pythia-70m,draw_1,1,952,43,41.04587965816889,3.906930397637258e-32,low,-1.007616639137268
pythia-70m,draw_1,1,1972,44,40.834625733947455,5.623327742148892e-32,low,0.5810024738311768
pythia-70m,draw_1,1,773,45,40.60048070234569,8.42168474110627e-32,medium,0.2959989905357361
pythia-70m,draw_1,1,367,46,40.48760439992328,1.0232921453106254e-31,very_high,1.506644606590271
pythia-70m,draw_1,1,91,47,40.41497256781516,1.1599822794641757e-31,low,-1.066864013671875
pythia-70m,draw_1,1,681,48,40.32581363179768,1.3530336562749993e-31,low,-0.5203261971473694
pythia-70m,draw_1,1,1589,49,40.02536367096926,2.2736808721245895e-31,very_high,-0.6683257222175598
pythia-70m,draw_1,2,1797,0,173.9743741947662,6.376889231504944e-116,low,0.5283882021903992
pythia-70m,draw_1,2,1592,1,134.1893507233256,1.0919227404381342e-93,low,-0.5752914547920227
pythia-70m,draw_1,2,6,2,127.79973820991249,6.381875728308319e-90,low,-0.9052453637123108
pythia-70m,draw_1,2,969,3,100.73060255773515,2.7301743081901094e-73,low,1.1925314664840698
pythia-70m,draw_1,2,1669,4,91.32967607603122,3.056825863211518e-67,low,0.5424895286560059
pythia-70m,draw_1,2,1701,5,84.3461156514517,1.1930348765031407e-62,low,0.24526868760585785
pythia-70m,draw_1,2,1445,6,77.10802068054463,8.448582573023222e-58,low,-0.18562918901443481
pythia-70m,draw_1,2,941,7,69.29226160603814,1.8717732649228462e-52,low,0.6459113359451294
pythia-70m,draw_1,2,797,8,63.735123659844376,1.3919143943894746e-48,low,-0.7451983094215393
pythia-70m,draw_1,2,332,9,63.358645311232834,2.5589007740943865e-48,low,-0.06994228065013885
pythia-70m,draw_1,2,1005,10,62.83378439821558,5.986638162333849e-48,low,-0.1715262234210968
pythia-70m,draw_1,2,123,11,60.176338513190345,4.513069318237353e-46,low,0.27264001965522766
pythia-70m,draw_1,2,1097,12,60.16736209585648,4.579698353099178e-46,low,-0.11078494787216187
pythia-70m,draw_1,2,1535,13,59.96919442418312,6.3298231326191456e-46,low,-0.36831191182136536
pythia-70m,draw_1,2,136,14,59.31165624918529,1.8549180054477724e-45,medium,0.2263810932636261
pythia-70m,draw_1,2,728,15,57.80967146684791,2.1785017812344424e-44,very_high,-0.10589427500963211
pythia-70m,draw_1,2,1759,16,57.55020670088218,3.3375463622467037e-44,very_high,0.05362473428249359
pythia-70m,draw_1,2,1188,17,56.796626956717944,1.15420858269016e-43,low,0.1030440628528595
pythia-70m,draw_1,2,1613,18,55.784229106566016,6.137831682572611e-43,low,0.5206490159034729
pythia-70m,draw_1,2,568,19,55.78181684321226,6.162354288876308e-43,medium,-1.8396124839782715
pythia-70m,draw_1,2,277,20,54.72135383314981,3.5658424815162836e-42,low,0.19920101761817932
pythia-70m,draw_1,2,1136,21,54.6602317792294,3.946164351292996e-42,low,0.14554637670516968
pythia-70m,draw_1,2,1807,22,54.59347601236459,4.408122003645084e-42,medium,-0.05275373160839081
pythia-70m,draw_1,2,203,23,54.52770616342865,4.916214596598474e-42,very_high,-0.23226715624332428
pythia-70m,draw_1,2,930,24,52.658917005628716,1.1002598691790887e-40,very_high,-0.24131490290164948
pythia-70m,draw_1,2,560,25,52.276022466191115,2.0842461673909603e-40,low,0.7532687783241272
pythia-70m,draw_1,2,2041,26,50.88554659984975,2.133288770627412e-39,medium,0.5305984616279602
pythia-70m,draw_1,2,1287,27,50.42951147055503,4.5835255256158e-39,low,0.4213092625141144
pythia-70m,draw_1,2,905,28,50.21758689876073,6.54183350667365e-39,low,0.5473080277442932
pythia-70m,draw_1,2,658,29,48.98645735345196,5.188828863423298e-38,low,0.14482350647449493
pythia-70m,draw_1,2,1616,30,48.944834222009725,5.565842456335277e-38,low,-0.5164369940757751
pythia-70m,draw_1,2,1672,31,48.374368396287146,1.4567470326220225e-37,low,-0.5109785795211792
pythia-70m,draw_1,2,510,32,47.66426221204955,4.835768930133254e-37,low,0.3113043010234833
pythia-70m,draw_1,2,444,33,47.34393516624929,8.315100189303552e-37,low,-1.253759741783142
pythia-70m,draw_1,2,1999,34,46.76616120650515,2.213109221386163e-36,low,-0.8705613613128662
pythia-70m,draw_1,2,1772,35,46.501812245633005,3.4653518116573843e-36,low,-0.1899079531431198
pythia-70m,draw_1,2,285,36,46.07171946245598,7.192939509086913e-36,low,0.5455088019371033
pythia-70m,draw_1,2,730,37,46.002304967337096,8.093386819413903e-36,low,-1.1383709907531738
pythia-70m,draw_1,2,769,38,45.924642879150625,9.235329200063042e-36,very_high,-0.5378234386444092
pythia-70m,draw_1,2,1964,39,45.20484661583895,3.1429099534654274e-35,low,0.1846386343240738
pythia-70m,draw_1,2,1203,40,45.07772679992006,3.9028102459118604e-35,low,0.3515571355819702
pythia-70m,draw_1,2,585,41,44.97238850460896,4.670186736025883e-35,very_high,-0.7997581362724304
pythia-70m,draw_1,2,1972,42,44.60385154408441,8.755024871576389e-35,low,-0.04565109685063362
pythia-70m,draw_1,2,199,43,44.40582586357263,1.2275089957749535e-34,low,0.358267605304718
pythia-70m,draw_1,2,1814,44,44.2809263050878,1.5192760458353473e-34,low,-0.07813131809234619
pythia-70m,draw_1,2,1179,45,43.50430677125881,5.730986079848704e-34,low,-0.4919741749763489
pythia-70m,draw_1,2,1301,46,43.43997412787855,6.398074587875712e-34,low,-0.13529299199581146
pythia-70m,draw_1,2,1366,47,43.41108080907544,6.722475157360957e-34,very_high,-0.1894882172346115
pythia-70m,draw_1,2,1387,48,43.34274715457387,7.556781881372581e-34,low,-0.15694400668144226
pythia-70m,draw_1,2,372,49,42.963054610801784,1.4481923887783474e-33,very_high,-0.9133962392807007
pythia-70m,draw_1,3,686,0,217.25059764317808,5.207951895775518e-138,low,-0.6707149147987366
pythia-70m,draw_1,3,927,1,119.1449757217432,1.002414878669704e-84,very_high,0.014912407845258713
pythia-70m,draw_1,3,163,2,101.3880124114898,1.043929469326338e-73,very_high,-1.05503511428833
pythia-70m,draw_1,3,1189,3,100.75719141152237,2.6259723047291622e-73,very_high,0.38643959164619446
pythia-70m,draw_1,3,1929,4,86.54764049726315,4.1691039012364584e-64,low,-0.13074727356433868
pythia-70m,draw_1,3,1204,5,85.5009546327991,2.048811149967941e-63,low,-0.6806516051292419
pythia-70m,draw_1,3,1647,6,85.41582099898102,2.3325320407072614e-63,very_high,0.1280854046344757
pythia-70m,draw_1,3,192,7,83.68383803042371,3.284880966983599e-62,low,0.006498890928924084
pythia-70m,draw_1,3,1338,8,80.0102390184369,9.347045821104267e-60,very_high,-0.36497506499290466
pythia-70m,draw_1,3,1959,9,79.54349822086651,1.9240839064824233e-59,low,-0.03571612387895584
pythia-70m,draw_1,3,997,10,76.6483327869462,1.729938893226906e-57,low,-1.9586966037750244
pythia-70m,draw_1,3,254,11,76.63254629956812,1.7730722659231678e-57,low,0.6213313937187195
pythia-70m,draw_1,3,551,12,76.5371280078033,2.057709645899475e-57,low,0.022859958931803703
pythia-70m,draw_1,3,2035,13,72.96864176275689,5.5410456166153676e-55,low,0.7321576476097107
pythia-70m,draw_1,3,610,14,71.96210366163022,2.7124604806331657e-54,low,0.5631912350654602
pythia-70m,draw_1,3,46,15,71.66088950826236,4.3667013743794443e-54,low,-0.44488030672073364
pythia-70m,draw_1,3,244,16,68.63619156909571,5.323598316187236e-52,low,0.8152874112129211
pythia-70m,draw_1,3,1746,17,68.60207052800561,5.621303476774893e-52,very_high,-0.8316117525100708
pythia-70m,draw_1,3,1072,18,67.2003230734505,5.279560473266782e-51,low,0.5211359858512878
pythia-70m,draw_1,3,1286,19,63.67502648764043,1.5339336277402514e-48,low,-0.22794084250926971
pythia-70m,draw_1,3,403,20,62.91618630735526,5.238353077913158e-48,very_high,1.3118845224380493
pythia-70m,draw_1,3,489,21,62.465897014402366,1.0870190853519682e-47,low,-0.14828437566757202
pythia-70m,draw_1,3,990,22,58.57759930400178,6.174681473437792e-45,low,1.3493096828460693
pythia-70m,draw_1,3,39,23,56.51772905367778,1.828116571912961e-43,low,0.22941598296165466
pythia-70m,draw_1,3,1684,24,56.0666077335117,3.8493331304069906e-43,control,0.7188447117805481
pythia-70m,draw_1,3,775,25,51.71531735366764,5.318520117526693e-40,medium,0.14221107959747314
pythia-70m,draw_1,3,1001,26,51.60586571725355,6.3867967816110945e-40,very_high,-1.1268130540847778
pythia-70m,draw_1,3,134,27,50.487653629059125,4.157462660641407e-39,low,-0.058940861374139786
pythia-70m,draw_1,3,1527,28,48.9317617457177,5.689821472520306e-38,control,-0.9875077605247498
pythia-70m,draw_1,3,1773,29,48.456546323357,1.2680869235573433e-37,low,0.13507507741451263
pythia-70m,draw_1,3,788,30,48.12610148977474,2.2153639681441737e-37,low,1.2330329418182373
pythia-70m,draw_1,3,763,31,48.05050208024966,2.5171532783853603e-37,medium,-0.5053492784500122
pythia-70m,draw_1,3,437,32,45.62249107229027,1.5437945826548165e-35,very_high,-0.31664496660232544
pythia-70m,draw_1,3,61,33,45.46308344235652,2.024827435803728e-35,very_high,-0.2618786692619324
pythia-70m,draw_1,3,1489,34,45.459632109412745,2.0367562586435205e-35,low,-0.6068377494812012
pythia-70m,draw_1,3,1323,35,44.68386664443851,7.637958813759147e-35,low,-0.3695688545703888
pythia-70m,draw_1,3,563,36,44.47111075622924,1.098068674810853e-34,low,-1.7850182056427002
pythia-70m,draw_1,3,1699,37,44.22603028784216,1.668599101359107e-34,very_high,0.36233586072921753
pythia-70m,draw_1,3,509,38,44.11792941639975,2.0069975344578257e-34,low,0.9843289256095886
pythia-70m,draw_1,3,1483,39,43.42583432160497,6.554822137073297e-34,low,1.016048550605774
pythia-70m,draw_1,3,97,40,43.18671573356936,9.871582049268555e-34,low,-0.5853558778762817
pythia-70m,draw_1,3,715,41,42.69392063027899,2.297441525480477e-33,low,-0.024350931867957115
pythia-70m,draw_1,3,1446,42,42.31023170170623,4.438468433819112e-33,very_high,-1.0847164392471313
pythia-70m,draw_1,3,1522,43,42.22450939165132,5.142449545971236e-33,medium,-0.2289159744977951
pythia-70m,draw_1,3,1219,44,41.24530091642081,2.770914390227542e-32,medium,0.7744506597518921
pythia-70m,draw_1,3,1602,45,40.63230448514564,7.97171854302996e-32,medium,0.43660467863082886
pythia-70m,draw_1,3,1646,46,40.34176784888088,1.3162665417829836e-31,low,0.037935759872198105
pythia-70m,draw_1,3,947,47,39.94712606213804,2.602919657668072e-31,very_high,-0.4229092597961426
pythia-70m,draw_1,3,1877,48,39.90438241944101,2.8025472588425438e-31,low,0.47439828515052795
pythia-70m,draw_1,3,1980,49,39.864705926637036,3.00155115563924e-31,low,-0.2209417223930359
pythia-70m,draw_1,4,1975,0,126.04977888233017,7.026573655167818e-89,low,-0.15451300144195557
pythia-70m,draw_1,4,1554,1,85.05978672940317,4.0135064864253327e-63,very_high,-0.4914394021034241
pythia-70m,draw_1,4,1237,2,80.11130373221488,7.995260559529697e-60,low,0.008364933542907238
pythia-70m,draw_1,4,607,3,74.78551294321244,3.186465419739955e-56,low,1.3742705583572388
pythia-70m,draw_1,4,32,4,71.91569083414167,2.918876293029052e-54,low,-0.28905433416366577
pythia-70m,draw_1,4,126,5,71.84620954105509,3.2576694139953547e-54,low,1.1576311588287354
pythia-70m,draw_1,4,1783,6,69.22965297970887,2.0679417700630834e-52,low,0.7492250800132751
pythia-70m,draw_1,4,528,7,66.65954857754494,1.2556992984816313e-50,low,0.10356730222702026
pythia-70m,draw_1,4,1981,8,66.04406831599616,3.371656886456542e-50,low,0.1579207330942154
pythia-70m,draw_1,4,1572,9,65.99360052276887,3.6563630676338643e-50,low,1.232826590538025
pythia-70m,draw_1,4,1597,10,61.88359819431753,2.797804405020154e-47,low,1.0718190670013428
pythia-70m,draw_1,4,196,11,61.241498233535005,7.949485578905791e-47,low,-0.067767433822155
pythia-70m,draw_1,4,484,12,59.81157998711645,8.189149314708287e-46,very_high,-0.2927873134613037
pythia-70m,draw_1,4,575,13,59.06500832916888,2.7777774042264632e-45,medium,0.10202512890100479
pythia-70m,draw_1,4,1549,14,57.99409009625231,1.6090034648474894e-44,low,0.8145743012428284
pythia-70m,draw_1,4,843,15,56.85743115802383,1.0441504004626473e-43,low,-0.4210672974586487
pythia-70m,draw_1,4,1420,16,56.81143960276987,1.1263706028597409e-43,low,0.13382619619369507
pythia-70m,draw_1,4,1459,17,56.656874498991044,1.4532549990874679e-43,low,0.03858940675854683
pythia-70m,draw_1,4,202,18,55.621023524694365,8.038994631615757e-43,medium,0.8086020946502686
pythia-70m,draw_1,4,1941,19,53.88389098356804,1.4317498541747444e-41,very_high,0.2313288003206253
pythia-70m,draw_1,4,54,20,53.73957174349649,1.819899496037511e-41,low,0.4297916293144226
pythia-70m,draw_1,4,346,21,52.335202899923786,1.88819109081767e-40,low,0.11878054589033127
pythia-70m,draw_1,4,1806,22,50.643440690855634,3.2013443188793056e-39,very_high,-0.27987775206565857
pythia-70m,draw_1,4,1365,23,50.5987364814035,3.450608943107056e-39,very_high,-0.8555490374565125
pythia-70m,draw_1,4,192,24,50.1398248186303,7.454419109843301e-39,low,0.8348233103752136
pythia-70m,draw_1,4,956,25,49.065888095853666,4.538878434344544e-38,low,-1.0451992750167847
pythia-70m,draw_1,4,1374,26,48.72250865052586,8.096531307335387e-38,low,1.2135883569717407
pythia-70m,draw_1,4,325,27,48.08342513126816,2.3809689945574357e-37,very_high,-0.5117284655570984
pythia-70m,draw_1,4,492,28,47.66351045705457,4.84192145538825e-37,low,-0.18281430006027222
pythia-70m,draw_1,4,1855,29,47.52202673893573,6.151275321175676e-37,low,-0.15168988704681396
pythia-70m,draw_1,4,1625,30,47.45428131188404,6.898460390459181e-37,low,-1.0030393600463867
pythia-70m,draw_1,4,694,31,47.34139390603909,8.350949597307691e-37,low,-0.29955193400382996
pythia-70m,draw_1,4,1286,32,46.84573901030265,1.933779131323125e-36,low,-0.5097123980522156
pythia-70m,draw_1,4,776,33,46.16721810152113,6.115759423993527e-36,very_high,-1.1035784482955933
pythia-70m,draw_1,4,132,34,45.05499723461477,4.056922792101913e-35,low,0.4837752878665924
pythia-70m,draw_1,4,1528,35,44.16475095416875,1.8527173980508207e-34,low,-0.3002110421657562
pythia-70m,draw_1,4,72,36,44.02277487294275,2.361335697660327e-34,low,0.25323864817619324
pythia-70m,draw_1,4,1927,37,43.89219700225159,2.951793850129117e-34,low,1.1127896308898926
pythia-70m,draw_1,4,1799,38,43.73011427023521,3.8944874751785115e-34,low,-0.48024702072143555
pythia-70m,draw_1,4,1417,39,43.058052541017084,1.2306081907778721e-33,medium,0.46608680486679077
pythia-70m,draw_1,4,1481,40,42.745154026480066,2.104167532984627e-33,low,-0.21852555871009827
pythia-70m,draw_1,4,1088,41,42.694718319278124,2.2943000758048972e-33,low,-0.45042386651039124
pythia-70m,draw_1,4,243,42,42.15568267093535,5.787838462604893e-33,low,-0.3405933976173401
pythia-70m,draw_1,4,397,43,41.534983208634436,1.6827682092260722e-32,low,0.5675435662269592
pythia-70m,draw_1,4,520,44,41.42828809152838,2.0219986704469884e-32,low,-0.5123297572135925
pythia-70m,draw_1,4,1659,45,41.39644280269425,2.1359469548772233e-32,medium,-0.2940830588340759
pythia-70m,draw_1,4,1967,46,41.371913500956914,2.2280842824308352e-32,low,-0.6219644546508789
pythia-70m,draw_1,4,1698,47,40.924010556079274,4.820176015707074e-32,low,0.39378559589385986
pythia-70m,draw_1,4,2025,48,40.0654267239284,2.1215831856109716e-31,very_high,-0.24383215606212616
pythia-70m,draw_1,4,1403,49,40.03889375199154,2.2211305530954353e-31,low,0.6611441969871521
pythia-70m,draw_1,5,983,0,131.3363767796915,5.163086117647814e-92,low,-0.7620506286621094
pythia-70m,draw_1,5,486,1,117.48803247079951,1.0197620279554721e-83,very_high,0.17508971691131592
pythia-70m,draw_1,5,395,2,112.30598084549905,1.535337478834043e-80,low,-0.32145237922668457
pythia-70m,draw_1,5,197,3,106.90115336571691,3.5063243081054745e-77,very_high,-0.1407521814107895
pythia-70m,draw_1,5,686,4,100.12393014279074,6.639181848518554e-73,low,-0.6322702765464783
pythia-70m,draw_1,5,687,5,97.53299938970937,2.999988027701925e-71,low,-0.313012957572937
pythia-70m,draw_1,5,1116,6,94.04538571482315,5.279143506771973e-69,very_high,-0.1659868061542511
pythia-70m,draw_1,5,922,7,92.49108596031842,5.368915348755535e-68,very_high,-0.7470015287399292
pythia-70m,draw_1,5,1903,8,91.35272019825393,2.9529784822900596e-67,low,-0.1816132366657257
pythia-70m,draw_1,5,502,9,90.01208669751824,2.213281944859911e-66,low,-1.1771068572998047
pythia-70m,draw_1,5,1732,10,86.98681199286885,2.1403843896168335e-64,low,-0.4318636655807495
pythia-70m,draw_1,5,250,11,83.71642463853641,3.1250592983929258e-62,low,-1.518754243850708
pythia-70m,draw_1,5,166,12,82.90540977277001,1.0827517997379775e-61,very_high,1.3941305875778198
pythia-70m,draw_1,5,1618,13,78.0324644073059,2.0046285132575815e-58,low,-0.16484829783439636
pythia-70m,draw_1,5,261,14,71.96955950837913,2.6806924261271965e-54,very_high,-0.24431587755680084
pythia-70m,draw_1,5,523,15,71.72957384182789,3.917284775491182e-54,very_high,0.33879196643829346
pythia-70m,draw_1,5,278,16,70.64530231659133,2.180917415989093e-53,very_high,-0.5973052382469177
pythia-70m,draw_1,5,122,17,69.32738157714313,1.7700111000742484e-52,very_high,2.4642887115478516
pythia-70m,draw_1,5,1142,18,63.99543592320993,9.139651917335797e-49,very_high,-0.18409611284732819
pythia-70m,draw_1,5,1599,19,63.50096282776727,2.032619238388466e-48,low,0.7256640791893005
pythia-70m,draw_1,5,272,20,63.136603369855976,3.665619732797913e-48,low,-0.3855721354484558
pythia-70m,draw_1,5,442,21,61.02616240456671,1.128795890546169e-46,very_high,-0.46292737126350403
pythia-70m,draw_1,5,807,22,59.91917071395836,6.868854516251114e-46,low,-0.40302538871765137
pythia-70m,draw_1,5,408,23,59.47030063398393,1.4308325225768003e-45,low,0.08270109444856644
pythia-70m,draw_1,5,781,24,59.2501870143817,2.0512542477198275e-45,low,-0.10950001329183578
pythia-70m,draw_1,5,1505,25,59.19522630500919,2.2443683471978425e-45,very_high,0.10629262030124664
pythia-70m,draw_1,5,791,26,58.68167543455859,5.205922426176207e-45,low,-0.002394147450104356
pythia-70m,draw_1,5,1249,27,57.60102694546322,3.069931906018972e-44,control,-0.30816447734832764
pythia-70m,draw_1,5,651,28,57.22966572747558,5.655807667042478e-44,low,-0.11067189276218414
pythia-70m,draw_1,5,107,29,55.24854278120656,1.4888699669014287e-42,very_high,-0.7339128255844116
pythia-70m,draw_1,5,1377,30,55.013443574225434,2.1975451055990096e-42,low,-0.00863865576684475
pythia-70m,draw_1,5,899,31,54.89628704334448,2.6683174569064347e-42,very_high,0.314401239156723
pythia-70m,draw_1,5,1255,32,53.90318724540037,1.3865671385031987e-41,low,-1.7774986028671265
pythia-70m,draw_1,5,597,33,53.58648764097816,2.3474763154889e-41,very_high,-0.48360779881477356
pythia-70m,draw_1,5,376,34,53.46059145098205,2.8943856069092006e-41,very_high,-0.23818153142929077
pythia-70m,draw_1,5,1870,35,52.639036449654114,1.1373490361643285e-40,high,-0.12532827258110046
pythia-70m,draw_1,5,1771,36,51.83903789970879,4.324789385474244e-40,very_high,0.9363797307014465
pythia-70m,draw_1,5,175,37,51.53329154182465,7.211169210032398e-40,low,-0.5078664422035217
pythia-70m,draw_1,5,1735,38,51.30520227528232,1.0562702386638162e-39,medium,-1.133874773979187
pythia-70m,draw_1,5,1926,39,51.27403714327153,1.1128416298707723e-39,very_high,-0.16369952261447906
pythia-70m,draw_1,5,1452,40,50.936851735720005,1.9575314241317742e-39,low,0.2580813467502594
pythia-70m,draw_1,5,959,41,50.83984876506475,2.303106461468683e-39,low,-0.03233575448393822
pythia-70m,draw_1,5,908,42,50.77004228036827,2.5890226963732743e-39,very_high,1.7047436237335205
pythia-70m,draw_1,5,2006,43,50.615870640240146,3.3528523166541304e-39,very_high,-0.5780221819877625
pythia-70m,draw_1,5,1733,44,50.46302099727331,4.3328995443307676e-39,low,-0.12819907069206238
pythia-70m,draw_1,5,311,45,50.41140881651131,4.7249090120559235e-39,low,0.7985747456550598
pythia-70m,draw_1,5,1950,46,49.741701987940274,1.455368713715979e-38,low,0.04828277602791786
pythia-70m,draw_1,5,1145,47,49.621560935500575,1.7812264340277776e-38,low,-0.566909670829773
pythia-70m,draw_1,5,1672,48,49.574444516663625,1.9281427568864859e-38,very_high,0.08392241597175598
pythia-70m,draw_1,5,1412,49,49.27059505564294,3.2152988730453235e-38,very_high,-0.15911652147769928
pythia-160m,draw_1,0,742,0,381.99665593078885,1.7377436317533488e-207,low,0.5254700183868408
pythia-160m,draw_1,0,2261,1,154.11470511918964,4.472864298983184e-105,low,0.6998723745346069
pythia-160m,draw_1,0,652,2,140.86259944221644,1.4623968321167052e-97,low,0.11675287783145905
pythia-160m,draw_1,0,2533,3,133.85345929228333,1.7169970984601126e-93,low,-0.08048628270626068
pythia-160m,draw_1,0,2952,4,116.4017469736364,4.690607162446218e-83,low,0.097608283162117
pythia-160m,draw_1,0,2937,5,113.55228914985017,2.6193321550642383e-81,low,0.03832415118813515
pythia-160m,draw_1,0,1954,6,113.53027426406686,2.7023153534259357e-81,low,0.21570611000061035
pythia-160m,draw_1,0,201,7,113.42644542748175,3.1306212948673395e-81,low,0.0887829065322876
pythia-160m,draw_1,0,2401,8,113.06822692083942,5.202351351505238e-81,low,0.37400445342063904
pythia-160m,draw_1,0,1538,9,111.67386775560611,3.772679716470339e-80,low,0.10742636024951935
pythia-160m,draw_1,0,1437,10,109.39201452224945,9.80151137200258e-79,low,-0.13309215009212494
pythia-160m,draw_1,0,2623,11,109.2416191540008,1.2156751126057552e-78,low,0.11592244356870651
pythia-160m,draw_1,0,1214,12,107.68879501449267,1.1285903040611867e-77,low,0.02157950960099697
pythia-160m,draw_1,0,2478,13,106.39126330179079,7.312818836812623e-77,low,0.0882670059800148
pythia-160m,draw_1,0,2915,14,106.08126443254291,1.143857327338132e-76,low,0.006321772467344999
pythia-160m,draw_1,0,998,15,104.03449817364655,2.213156679777942e-75,low,0.1825401782989502
pythia-160m,draw_1,0,2465,16,103.27817436688302,6.63985593732412e-75,low,-0.1446511149406433
pythia-160m,draw_1,0,1901,17,101.92946682155885,4.735055724880303e-74,low,0.0026475440245121717
pythia-160m,draw_1,0,469,18,100.66050916377732,3.0251591966145356e-73,low,0.05319593474268913
pythia-160m,draw_1,0,1634,19,100.61120835083341,3.251570869749246e-73,low,0.002430188935250044
pythia-160m,draw_1,0,2369,20,99.39936621886655,1.922321709545493e-72,low,0.07700970023870468
pythia-160m,draw_1,0,1526,21,98.96438803775703,3.6426838548853704e-72,low,0.12852013111114502
pythia-160m,draw_1,0,1032,22,98.73117118946969,5.13316336979788e-72,low,-0.12758024036884308
pythia-160m,draw_1,0,2808,23,98.32951242664558,9.271485639165671e-72,low,-0.033418215811252594
pythia-160m,draw_1,0,2919,24,97.92594791622857,1.6803555620470726e-71,low,0.10134255141019821
pythia-160m,draw_1,0,1398,25,96.87909665358372,7.880830386461276e-71,low,0.09776873886585236
pythia-160m,draw_1,0,1840,26,96.60935663333537,1.174376256258206e-70,low,0.10213809460401535
pythia-160m,draw_1,0,1007,27,95.23441949656747,9.010055254936875e-70,low,-0.012143596075475216
pythia-160m,draw_1,0,2459,28,94.91215774441712,1.4541093816271843e-69,low,0.16075241565704346
pythia-160m,draw_1,0,2949,29,94.61771957319436,2.2525404072900477e-69,low,-0.07388799637556076
pythia-160m,draw_1,0,613,30,94.18530002497117,4.28635144204322e-69,low,0.09395670890808105
pythia-160m,draw_1,0,1037,31,93.56744793401498,1.0761488917251852e-68,low,-0.001219549449160695
pythia-160m,draw_1,0,1613,32,92.95028574243489,2.7030693695333483e-68,low,-0.2216798961162567
pythia-160m,draw_1,0,837,33,92.67599554295764,4.072241450888357e-68,low,0.01245927531272173
pythia-160m,draw_1,0,1313,34,92.49495303714751,5.337959196960731e-68,low,-0.08050324022769928
pythia-160m,draw_1,0,1699,35,91.64320270837753,1.9104015411670226e-67,low,0.1153547465801239
pythia-160m,draw_1,0,2427,36,91.11872114775375,4.194925885060145e-67,low,0.09824633598327637
pythia-160m,draw_1,0,1924,37,90.77831326532342,6.993390356624057e-67,low,0.009644501842558384
pythia-160m,draw_1,0,1188,38,90.76345458557049,7.151233071499158e-67,low,-0.08253268152475357
pythia-160m,draw_1,0,1077,39,90.4409368175095,1.1611043763446207e-66,low,0.1385023444890976
pythia-160m,draw_1,0,896,40,89.53672033046941,4.5285808934645483e-66,low,0.006014352198690176
pythia-160m,draw_1,0,2629,41,89.35545496880775,5.951497603481347e-66,low,0.032792605459690094
pythia-160m,draw_1,0,1882,42,88.96417298087701,1.0739163038365282e-65,low,-0.01790017820894718
pythia-160m,draw_1,0,1210,43,88.96069714393424,1.0795649666442019e-65,low,0.07391462475061417
pythia-160m,draw_1,0,889,44,88.93002323921102,1.1307220717791686e-65,low,0.04890615493059158
pythia-160m,draw_1,0,2405,45,88.15276803673515,3.659325025823499e-65,low,-0.016043642535805702
pythia-160m,draw_1,0,187,46,87.42074073403036,1.108483883012789e-64,low,0.07057896256446838
pythia-160m,draw_1,0,1020,47,87.39693704151017,1.1492028314921808e-64,low,0.09973512589931488
pythia-160m,draw_1,0,54,48,87.14701957068978,1.6786076596741966e-64,low,0.07404707372188568
pythia-160m,draw_1,0,80,49,87.03063750400582,2.0026988877878185e-64,low,0.30244380235671997
pythia-160m,draw_1,1,471,0,219.4216028156676,4.566229269167935e-139,very_high,-1.2970972061157227
pythia-160m,draw_1,1,1967,1,89.52048721206438,4.64073437742633e-66,low,-0.19671596586704254
pythia-160m,draw_1,1,1316,2,82.7233507622047,1.4316511292977858e-61,very_high,-0.7466287612915039
pythia-160m,draw_1,1,68,3,81.30991694611903,1.2579051277549338e-60,low,0.8790591359138489
pythia-160m,draw_1,1,1216,4,79.03687962241139,4.21707161635821e-59,very_high,-0.5480384230613708
pythia-160m,draw_1,1,1113,5,77.13889899013799,8.051755980762249e-58,very_high,-0.04590517655014992
pythia-160m,draw_1,1,289,6,74.97177066259096,2.3796250888404016e-56,very_high,-1.0469850301742554
pythia-160m,draw_1,1,1910,7,67.53803588834768,3.0753349303019185e-51,very_high,-0.6519493460655212
pythia-160m,draw_1,1,458,8,64.05889635701519,8.249245935983578e-49,very_high,-0.6034951210021973
pythia-160m,draw_1,1,2237,9,61.09135570553215,1.0150882158543313e-46,low,-0.12411476671695709
pythia-160m,draw_1,1,747,10,58.7365254922843,4.758230124303815e-45,very_high,-0.8422934412956238
pythia-160m,draw_1,1,1135,11,58.5256398549274,6.723959937782511e-45,very_high,-0.4221489131450653
pythia-160m,draw_1,1,2751,12,57.457083406184644,3.8900435613373687e-44,very_high,-0.9049844145774841
pythia-160m,draw_1,1,3050,13,57.408901675965495,4.2109711982987383e-44,very_high,-0.4673486351966858
pythia-160m,draw_1,1,1562,14,57.21885028624114,5.75741116345601e-44,very_high,-1.1242034435272217
pythia-160m,draw_1,1,2581,15,57.12316860332745,6.739786231480919e-44,very_high,-0.33220556378364563
pythia-160m,draw_1,1,1000,16,55.594536823090436,8.398952276751222e-43,very_high,-0.543788731098175
pythia-160m,draw_1,1,2532,17,54.92244437331099,2.5551337426532946e-42,control,-0.4412619471549988
pythia-160m,draw_1,1,742,18,53.837869286619366,1.5455547196770086e-41,very_high,0.35210248827934265
pythia-160m,draw_1,1,9,19,53.56757537500179,2.422493058049097e-41,control,-1.187009572982788
pythia-160m,draw_1,1,580,20,52.69361974708702,1.0383977887318707e-40,very_high,-0.7985907793045044
pythia-160m,draw_1,1,1554,21,51.979714853743324,3.418741915060607e-40,very_high,-1.0400112867355347
pythia-160m,draw_1,1,1219,22,51.568461248130525,6.7991524361231605e-40,very_high,-0.8557541370391846
pythia-160m,draw_1,1,952,23,50.709127830698215,2.8674256202699994e-39,very_high,0.05145079642534256
pythia-160m,draw_1,1,2811,24,50.219168299173504,6.524485220026833e-39,very_high,-0.29363197088241577
pythia-160m,draw_1,1,76,25,49.82307496441147,1.2692831424118276e-38,very_high,-1.110566258430481
pythia-160m,draw_1,1,102,26,48.494634081833134,1.189148407088942e-37,very_high,-0.8833573460578918
pythia-160m,draw_1,1,1427,27,47.71158364722983,4.463834450940459e-37,very_high,-0.3888687193393707
pythia-160m,draw_1,1,2229,28,47.314646309076615,8.737796970063884e-37,very_high,-1.7508176565170288
pythia-160m,draw_1,1,2192,29,47.27708678472935,9.311507316591828e-37,very_high,-0.7950794100761414
pythia-160m,draw_1,1,1560,30,47.194892771597736,1.0702091168410909e-36,very_high,-0.468498557806015
pythia-160m,draw_1,1,1024,31,46.884597172967005,1.8105020412089506e-36,low,-1.9289422035217285
pythia-160m,draw_1,1,690,32,46.596820364724245,2.949433127079112e-36,low,-0.5195791721343994
pythia-160m,draw_1,1,2507,33,45.34817032679503,2.462289586994148e-35,very_high,-0.11286204308271408
pythia-160m,draw_1,1,756,34,45.192025568115284,3.2122966249759425e-35,very_high,-0.18515269458293915
pythia-160m,draw_1,1,1284,35,44.91796533967178,5.124126555640595e-35,very_high,-0.7676194906234741
pythia-160m,draw_1,1,1598,36,44.7653198868572,6.647304539192068e-35,very_high,-0.6021424531936646
pythia-160m,draw_1,1,2235,37,44.583770434798446,9.060179569099888e-35,low,-1.7850724458694458
pythia-160m,draw_1,1,2729,38,44.08955219264014,2.106699556316917e-34,very_high,-0.43091878294944763
pythia-160m,draw_1,1,576,39,43.51000044256018,5.675413842726904e-34,very_high,-1.0107933282852173
pythia-160m,draw_1,1,1207,40,42.82086995631943,1.8479450842936624e-33,very_high,-0.10443291068077087
pythia-160m,draw_1,1,112,41,42.73611239903223,2.137052007176771e-33,very_high,-1.0539363622665405
pythia-160m,draw_1,1,2021,42,42.60228504970268,2.6885511805164838e-33,very_high,-0.46299171447753906
pythia-160m,draw_1,1,1188,43,41.851312922819076,9.765696481755843e-33,very_high,-0.49735769629478455
pythia-160m,draw_1,1,1723,44,41.820070973302016,1.0304663415891211e-32,low,0.1334536224603653
pythia-160m,draw_1,1,2490,45,41.805051319670625,1.0574279581867992e-32,control,-0.6095510721206665
pythia-160m,draw_1,1,1237,46,41.61126963255093,1.4757524852930132e-32,medium,-0.2666780352592468
pythia-160m,draw_1,1,342,47,41.55716625350211,1.619739156592002e-32,very_high,-0.474918007850647
pythia-160m,draw_1,1,1264,48,41.40156472450584,2.1171948969965896e-32,very_high,-0.7914655208587646
pythia-160m,draw_1,1,780,49,41.09393569649343,3.5964259306567464e-32,very_high,-0.4033645987510681
pythia-160m,draw_1,2,2209,0,127.39626728253991,1.1085434571056286e-89,low,0.8744562864303589
pythia-160m,draw_1,2,676,1,115.45962627020927,1.7678965082944505e-82,low,0.7857645750045776
pythia-160m,draw_1,2,1185,2,87.0505822212351,1.943011760056004e-64,low,0.2717905640602112
pythia-160m,draw_1,2,863,3,76.58949762474909,1.896248035410316e-57,very_high,0.700474202632904
pythia-160m,draw_1,2,2048,4,75.90527592373785,5.520338409273694e-57,low,0.7656059861183167
pythia-160m,draw_1,2,2016,5,74.50269179795555,4.965599996212266e-56,low,-0.28359928727149963
pythia-160m,draw_1,2,200,6,70.57038741506203,2.456068195031218e-53,low,-0.13919782638549805
pythia-160m,draw_1,2,523,7,66.8064663326338,9.92201431193039e-51,low,-0.09847322106361389
pythia-160m,draw_1,2,31,8,65.23557306601207,1.2371933439063167e-49,low,-0.6950269937515259
pythia-160m,draw_1,2,2670,9,65.15463206759797,1.4093886199782486e-49,low,-0.7832035422325134
pythia-160m,draw_1,2,1591,10,60.40525619816188,3.1060498892459533e-46,low,-0.19751495122909546
pythia-160m,draw_1,2,1124,11,57.19170124283568,6.020586162646965e-44,low,-0.31000393629074097
pythia-160m,draw_1,2,1193,12,54.80592862552725,3.099372092792707e-42,very_high,-1.1430495977401733
pythia-160m,draw_1,2,2695,13,53.453056809981746,2.930899355557405e-41,low,-0.6132133603096008
pythia-160m,draw_1,2,1309,14,52.231728621421,2.244216197871177e-40,medium,-0.7706835865974426
pythia-160m,draw_1,2,743,15,51.6701505894299,5.735766191572599e-40,low,-0.46923238039016724
pythia-160m,draw_1,2,1098,16,47.450108716189646,6.947346873532625e-37,very_high,-0.3159223198890686
pythia-160m,draw_1,2,2341,17,47.43767030019689,7.095145181867461e-37,low,0.22726216912269592
pythia-160m,draw_1,2,435,18,47.058384348403884,1.3486316441900948e-36,low,-0.5181706547737122
pythia-160m,draw_1,2,2563,19,46.85447791745489,1.9053418434299933e-36,very_high,-0.6074241995811462
pythia-160m,draw_1,2,1688,20,46.30391512395362,4.848781716526494e-36,very_high,-0.6173989772796631
pythia-160m,draw_1,2,1144,21,45.670376356753636,1.4230291659192376e-35,very_high,0.11022771894931793
pythia-160m,draw_1,2,2749,22,45.26351061862292,2.844085764617801e-35,low,-0.7102407217025757
pythia-160m,draw_1,2,2952,23,44.985042761518784,4.570546049718831e-35,very_high,-0.03252239152789116
pythia-160m,draw_1,2,352,24,44.610955189890305,8.649560209481072e-35,low,0.9182945489883423
pythia-160m,draw_1,2,516,25,44.30034386143685,1.4697266854517587e-34,low,-0.3181740343570709
pythia-160m,draw_1,2,397,26,44.138565330914375,1.937475195931515e-34,very_high,-0.6071829795837402
pythia-160m,draw_1,2,1956,27,44.12151262924143,1.994748891585252e-34,control,-0.8384302854537964
pythia-160m,draw_1,2,2314,28,41.466218430373125,1.8941941243814298e-32,low,-2.8026161193847656
pythia-160m,draw_1,2,1343,29,41.35361820626583,2.2993880833353744e-32,very_high,-0.6025112867355347
pythia-160m,draw_1,2,661,30,41.20101846786209,2.990537282964715e-32,low,-0.12240024656057358
pythia-160m,draw_1,2,1081,31,40.47416564568547,1.0473064191266612e-31,very_high,-0.24270521104335785
pythia-160m,draw_1,2,2126,32,40.46611237920358,1.0619667942487624e-31,very_high,-0.40432244539260864
pythia-160m,draw_1,2,2186,33,40.39841654973937,1.1936166757331721e-31,very_high,-0.14485034346580505
pythia-160m,draw_1,2,2943,34,40.01555982937931,2.312535069330459e-31,low,0.10063107311725616
pythia-160m,draw_1,2,2194,35,39.56341736332508,5.054635958724046e-31,medium,-0.4526933431625366
pythia-160m,draw_1,2,2683,36,38.90168144740647,1.590359944755822e-30,control,-0.4488036632537842
pythia-160m,draw_1,2,4,37,38.57106541547582,2.8219919784415972e-30,low,0.27818354964256287
pythia-160m,draw_1,2,2287,38,38.098107788239375,6.415748296877429e-30,low,-0.2644389271736145
pythia-160m,draw_1,2,720,39,37.68645482577384,1.312471570550311e-29,low,-0.5769751667976379
pythia-160m,draw_1,2,751,40,37.60661469801647,1.508062614238885e-29,very_high,-1.131553292274475
pythia-160m,draw_1,2,2413,41,36.58809604011696,8.896610190501106e-29,very_high,-0.8450999855995178
pythia-160m,draw_1,2,1708,42,36.282711667450485,1.5162268001076593e-28,low,-0.5418033599853516
pythia-160m,draw_1,2,236,43,36.177253884455084,1.8229178387407067e-28,low,-0.7580531239509583
pythia-160m,draw_1,2,936,44,36.13980783297422,1.9461677355998426e-28,very_high,-0.35257449746131897
pythia-160m,draw_1,2,2594,45,35.762645138751054,3.7629429841711496e-28,low,0.704379677772522
pythia-160m,draw_1,2,1923,46,35.61407869071276,4.879821888332045e-28,low,-0.08835624158382416
pythia-160m,draw_1,2,2141,47,35.46422804662912,6.343124544264844e-28,very_high,-0.9795812964439392
pythia-160m,draw_1,2,2028,48,34.90590999820429,1.6869028867970658e-27,low,-1.387918472290039
pythia-160m,draw_1,2,941,49,34.90533741490749,1.6885971795759687e-27,medium,-0.10194237530231476
pythia-160m,draw_1,3,3013,0,194.04224995688836,2.0563966266723404e-126,low,0.5087609887123108
pythia-160m,draw_1,3,80,1,89.43422442190402,5.285102182990948e-66,low,-1.5763856172561646
pythia-160m,draw_1,3,1220,2,87.23566534824892,1.4674721978798763e-64,very_high,-0.4977012574672699
pythia-160m,draw_1,3,2721,3,84.18850721630317,1.51796452047201e-62,low,-0.344524085521698
pythia-160m,draw_1,3,1391,4,83.90104383222112,2.355979963404163e-62,very_high,-1.4997954368591309
pythia-160m,draw_1,3,2388,5,69.56446865291466,1.2138002811749045e-52,very_high,-1.2118275165557861
pythia-160m,draw_1,3,1195,6,63.153673507267655,3.565691689638982e-48,very_high,-0.8994174003601074
pythia-160m,draw_1,3,874,7,61.484683054456845,5.351546421462309e-47,low,0.5120806694030762
pythia-160m,draw_1,3,311,8,61.12765549679437,9.56824663360299e-47,very_high,-1.3442754745483398
pythia-160m,draw_1,3,1459,9,60.501501011975115,2.6547177355600604e-46,low,0.45860177278518677
pythia-160m,draw_1,3,2960,10,59.593223202093135,1.1702321751956323e-45,low,0.7888460159301758
pythia-160m,draw_1,3,297,11,55.19634831473381,1.6232478280878507e-42,low,0.636741042137146
pythia-160m,draw_1,3,2629,12,53.3203716401965,3.655088736268007e-41,low,0.1469024419784546
pythia-160m,draw_1,3,2939,13,52.23290953498823,2.239795705355683e-40,very_high,-0.4477452337741852
pythia-160m,draw_1,3,2674,14,52.01465039351792,3.2249097429074735e-40,low,-0.33896633982658386
pythia-160m,draw_1,3,2736,15,51.9492078543494,3.5975250742839115e-40,very_high,-1.0684775114059448
pythia-160m,draw_1,3,2703,16,49.288874216252985,3.117854102103527e-38,low,-0.04834918677806854
pythia-160m,draw_1,3,2143,17,48.96221757502015,5.405160593253886e-38,very_high,-0.4036271870136261
pythia-160m,draw_1,3,1729,18,48.92554424269731,5.749755107898759e-38,low,-0.3051121234893799
pythia-160m,draw_1,3,2456,19,48.208960423833084,1.9260524543540737e-37,low,-0.7215098142623901
pythia-160m,draw_1,3,2988,20,45.80336170099308,1.1349971809894338e-35,very_high,-0.7878003120422363
pythia-160m,draw_1,3,581,21,45.27836838565375,2.7730307529055436e-35,low,-0.229934960603714
pythia-160m,draw_1,3,285,22,44.93923178623884,4.941707876156391e-35,low,-0.10950451344251633
pythia-160m,draw_1,3,1345,23,44.82896077115042,5.963716515940352e-35,low,-0.1297898143529892
pythia-160m,draw_1,3,301,24,44.407024487704966,1.2249999533827364e-34,very_high,-0.5749360918998718
pythia-160m,draw_1,3,1387,25,43.11365512793951,1.1187779662988972e-33,medium,-0.2753089666366577
pythia-160m,draw_1,3,418,26,42.31622159514805,4.39304941505773e-33,low,0.2573911249637604
pythia-160m,draw_1,3,1274,27,42.30326987088632,4.49184864055489e-33,very_high,-0.2999924123287201
pythia-160m,draw_1,3,163,28,42.227462202823354,5.116434230932898e-33,low,-0.09867165237665176
pythia-160m,draw_1,3,634,29,42.02092737741494,7.295851182165937e-33,very_high,-0.9478286504745483
pythia-160m,draw_1,3,1550,30,41.99580423309085,7.617773508097335e-33,very_high,-1.3391880989074707
pythia-160m,draw_1,3,248,31,41.06503723550293,3.780052154829772e-32,low,-0.35213223099708557
pythia-160m,draw_1,3,2386,32,40.628516802848026,8.023985384093027e-32,low,-0.25602400302886963
pythia-160m,draw_1,3,2414,33,39.79660441140551,3.3766843763532817e-31,very_high,-0.18159045279026031
pythia-160m,draw_1,3,812,34,39.71958860072435,3.8578177264812003e-31,low,0.13464562594890594
pythia-160m,draw_1,3,101,35,39.12056151686034,1.0882670880041268e-30,very_high,-0.32348260283470154
pythia-160m,draw_1,3,1866,36,38.819675544624246,1.8333725007213282e-30,very_high,-0.5146626234054565
pythia-160m,draw_1,3,2786,37,38.51203285730673,3.1264438979765973e-30,very_high,-0.7880908250808716
pythia-160m,draw_1,3,2886,38,38.02983504843452,7.223968213077211e-30,very_high,-0.8505303263664246
pythia-160m,draw_1,3,448,39,37.966506603330295,8.06457476180658e-30,low,0.04657510668039322
pythia-160m,draw_1,3,1766,40,37.3397712507305,2.3996712389976545e-29,very_high,-0.7503548264503479
pythia-160m,draw_1,3,82,41,37.28493462328618,2.640138064221125e-29,very_high,-0.765835702419281
pythia-160m,draw_1,3,1767,42,37.11223335467771,3.5668785844298115e-29,low,-0.7916024923324585
pythia-160m,draw_1,3,2385,43,37.05505777425883,3.940577927630874e-29,low,0.014274243265390396
pythia-160m,draw_1,3,686,44,35.772695362059395,3.6973746899497814e-28,control,-0.766498863697052
pythia-160m,draw_1,3,2318,45,35.61574064385731,4.865651623490261e-28,low,1.0385627746582031
pythia-160m,draw_1,3,2119,46,35.6130755150751,4.888395233931247e-28,low,0.038242407143116
pythia-160m,draw_1,3,2150,47,35.500525264551584,5.952643916044799e-28,very_high,-0.3619946539402008
pythia-160m,draw_1,3,3014,48,35.48505431134729,6.116044873116342e-28,low,-0.032555390149354935
pythia-160m,draw_1,3,1838,49,35.28365114313848,8.70202054153426e-28,very_high,-0.6748833656311035
pythia-160m,draw_1,4,425,0,117.81269686350295,6.468019409701054e-84,very_high,-0.11631522327661514
pythia-160m,draw_1,4,878,1,113.33039006560368,3.587204752217353e-81,low,-0.0710858479142189
pythia-160m,draw_1,4,272,2,93.6100574190806,1.0099058532378946e-68,low,-0.5372309684753418
pythia-160m,draw_1,4,1790,3,87.52219140795555,9.505322948735039e-65,low,-0.3222358524799347
pythia-160m,draw_1,4,2626,4,81.69828885618116,6.917635673045199e-61,low,-0.40682950615882874
pythia-160m,draw_1,4,1480,5,80.28675333049524,6.096807012475174e-60,low,0.5029681921005249
pythia-160m,draw_1,4,1922,6,79.60258874910303,1.755925114561754e-59,low,0.35315001010894775
pythia-160m,draw_1,4,2487,7,78.08071050646309,1.859823055756341e-58,very_high,-0.20822522044181824
pythia-160m,draw_1,4,2350,8,76.05212381962134,4.3882752501747255e-57,low,-0.9502862095832825
pythia-160m,draw_1,4,452,9,75.68807578638699,7.7528553077408e-57,very_high,-0.2886916995048523
pythia-160m,draw_1,4,626,10,74.78579417535079,3.1850606291281855e-56,low,0.3396807312965393
pythia-160m,draw_1,4,1370,11,71.55270549504755,5.1816245603358445e-54,low,0.07112784683704376
pythia-160m,draw_1,4,829,12,68.95198690343042,3.2180705116924937e-52,low,0.7181363105773926
pythia-160m,draw_1,4,207,13,68.52610308588382,6.345400196693655e-52,low,1.085952877998352
pythia-160m,draw_1,4,898,14,68.37670786188156,8.053339771423783e-52,very_high,-0.003592133056372404
pythia-160m,draw_1,4,2001,15,67.3160851316079,4.3865202882402055e-51,very_high,-0.5596066117286682
pythia-160m,draw_1,4,776,16,66.32730289102707,2.13969866636014e-50,very_high,-1.7990256547927856
pythia-160m,draw_1,4,2710,17,64.44067589498688,4.454248785433563e-49,very_high,0.3560645878314972
pythia-160m,draw_1,4,2226,18,63.75637420264301,1.344913261265889e-48,low,0.642867386341095
pythia-160m,draw_1,4,465,19,63.71506571781239,1.4377863642010946e-48,very_high,-0.38324835896492004
pythia-160m,draw_1,4,746,20,63.164255734728464,3.5051185832357824e-48,very_high,-0.03524824604392052
pythia-160m,draw_1,4,1006,21,61.17342649016935,8.881095998621658e-47,low,0.7588475942611694
pythia-160m,draw_1,4,2775,22,60.538634334491405,2.4986997094165675e-46,very_high,-0.7529408931732178
pythia-160m,draw_1,4,2751,23,60.40462504392595,3.1092501549072025e-46,very_high,-0.06878034770488739
pythia-160m,draw_1,4,1330,24,60.09772871589864,5.131176511884282e-46,very_high,-1.8737977743148804
pythia-160m,draw_1,4,2695,25,57.44605432620975,3.96127304815624e-44,low,0.15919938683509827
pythia-160m,draw_1,4,1442,26,54.560511612860175,4.6558434522468556e-42,very_high,-1.2677552700042725
pythia-160m,draw_1,4,2346,27,54.36370806029013,6.45364356093107e-42,very_high,-0.4422420263290405
pythia-160m,draw_1,4,2742,28,53.71193601981774,1.9054684026659898e-41,very_high,-1.188293218612671
pythia-160m,draw_1,4,615,29,53.64381078603331,2.1340184176916343e-41,very_high,-0.14153620600700378
pythia-160m,draw_1,4,2551,30,53.60535326367246,2.274962893804153e-41,very_high,-1.0016242265701294
pythia-160m,draw_1,4,150,31,53.56571986141271,2.429981209702834e-41,low,0.1761857569217682
pythia-160m,draw_1,4,2254,32,53.53417490667648,2.560891832999861e-41,low,0.3568356931209564
pythia-160m,draw_1,4,1942,33,52.16452414608516,2.510727810470765e-40,low,-0.5524827241897583
pythia-160m,draw_1,4,511,34,51.85346592269814,4.22174223972942e-40,medium,1.2420403957366943
pythia-160m,draw_1,4,2980,35,51.42454355523475,8.65022793645175e-40,control,-0.43400871753692627
pythia-160m,draw_1,4,906,36,51.03989653266536,1.6471269064970546e-39,very_high,-1.434289813041687
pythia-160m,draw_1,4,2778,37,49.931816557162335,1.0572608658721168e-38,low,0.3790760636329651
pythia-160m,draw_1,4,264,38,49.09729152427541,4.3050058714219476e-38,low,0.1863829493522644
pythia-160m,draw_1,4,2593,39,48.991720037321464,5.143019241033098e-38,low,0.25663048028945923
pythia-160m,draw_1,4,648,40,48.6716439300502,8.821700078662594e-38,control,-1.0467923879623413
pythia-160m,draw_1,4,838,41,47.66690860287395,4.814172535149714e-37,very_high,-0.489322692155838
pythia-160m,draw_1,4,2464,42,47.16055203073766,1.1343010323704425e-36,very_high,-0.5451504588127136
pythia-160m,draw_1,4,759,43,47.07748649218846,1.305684343286772e-36,very_high,-0.5434737205505371
pythia-160m,draw_1,4,2776,44,46.8743605045579,1.8421927655261657e-36,low,-0.5829684734344482
pythia-160m,draw_1,4,2548,45,46.78753220972817,2.134348419283378e-36,very_high,-0.62095707654953
pythia-160m,draw_1,4,3024,46,46.74825002426583,2.2813573238136672e-36,very_high,-1.1219120025634766
pythia-160m,draw_1,4,731,47,46.567503811392896,3.099838559020312e-36,low,-0.07523971796035767
pythia-160m,draw_1,4,904,48,46.399366452457365,4.123422607356818e-36,very_high,-1.4595550298690796
pythia-160m,draw_1,4,883,49,46.24475941265487,5.361135450522317e-36,low,-0.16652938723564148
pythia-160m,draw_1,5,49,0,124.27943539223645,8.038858694987164e-88,very_high,-0.06098038703203201
pythia-160m,draw_1,5,1026,1,118.08915915792144,4.390613963623123e-84,low,-0.5315508842468262
pythia-160m,draw_1,5,1556,2,101.11517393331133,1.5554796235511265e-73,low,-0.39647793769836426
pythia-160m,draw_1,5,3050,3,99.79228718807718,1.0797894315627988e-72,very_high,-0.3886614739894867
pythia-160m,draw_1,5,1158,4,97.12023056473902,5.51837556417749e-71,control,-0.4492703676223755
pythia-160m,draw_1,5,2425,5,96.05052852827679,2.6859068721099406e-70,very_high,-0.6577465534210205
pythia-160m,draw_1,5,2490,6,87.28809247911806,1.3553438722562889e-64,low,0.4962436258792877
pythia-160m,draw_1,5,2488,7,85.42380836625637,2.304318529894903e-63,very_high,-1.0382746458053589
pythia-160m,draw_1,5,2624,8,75.91248855790309,5.458448948563877e-57,very_high,-0.5679427981376648
pythia-160m,draw_1,5,1224,9,75.24248708286291,1.5571300283611832e-56,low,0.9121344685554504
pythia-160m,draw_1,5,1596,10,73.27606891547399,3.414237668199401e-55,very_high,-0.5374038219451904
pythia-160m,draw_1,5,355,11,72.59814752499653,9.937262130629595e-55,very_high,-0.7262906432151794
pythia-160m,draw_1,5,2003,12,71.72599696404752,3.939501894451807e-54,low,1.1047686338424683
pythia-160m,draw_1,5,1782,13,70.73626436201513,1.8879873863897736e-53,very_high,-0.8167245984077454
pythia-160m,draw_1,5,2474,14,70.17271623793586,4.616721174016768e-53,very_high,-0.5262463092803955
pythia-160m,draw_1,5,1933,15,67.71361412545116,2.3224954223740735e-51,low,-0.5069817900657654
pythia-160m,draw_1,5,598,16,63.85541076033226,1.1459892532724288e-48,very_high,-0.4248234033584595
pythia-160m,draw_1,5,2230,17,63.7301790856595,1.4030845091080922e-48,very_high,-1.1382828950881958
pythia-160m,draw_1,5,2996,18,63.667331770302226,1.5531361082610887e-48,very_high,-0.5058175921440125
pythia-160m,draw_1,5,918,19,63.5877190293262,1.7665155528259142e-48,low,2.3745198249816895
pythia-160m,draw_1,5,1056,20,62.577123134428696,9.075850561929306e-48,low,0.05173712968826294
pythia-160m,draw_1,5,2806,21,62.268475870576374,1.4974916407563683e-47,low,0.33407220244407654
pythia-160m,draw_1,5,493,22,61.42446989790841,5.902300203555074e-47,control,-0.17520496249198914
pythia-160m,draw_1,5,2204,23,59.82124353947739,8.060831900465192e-46,low,0.11380435526371002
pythia-160m,draw_1,5,3064,24,59.39659158522851,1.614216210741255e-45,medium,0.26157039403915405
pythia-160m,draw_1,5,1036,25,58.34619223135208,9.025820173531448e-45,very_high,-1.211634635925293
pythia-160m,draw_1,5,524,26,55.532334618958664,9.30905921773186e-43,low,0.22956456243991852
pythia-160m,draw_1,5,1214,27,54.634434827157556,4.118636089427339e-42,very_high,-1.1476283073425293
pythia-160m,draw_1,5,2718,28,54.30044051266354,7.168182989428069e-42,very_high,-0.044926222413778305
pythia-160m,draw_1,5,2320,29,53.67159640782951,2.0376600233994732e-41,very_high,-1.6427531242370605
pythia-160m,draw_1,5,1309,30,52.37987304163613,1.7525358908561782e-40,low,0.15073837339878082
pythia-160m,draw_1,5,3055,31,51.912176372283795,3.827175909715376e-40,very_high,-0.49367159605026245
pythia-160m,draw_1,5,2418,32,51.667401822202336,5.762192489820693e-40,very_high,-0.1359061300754547
pythia-160m,draw_1,5,2704,33,51.5996827634536,6.453188846497593e-40,low,-0.061807870864868164
pythia-160m,draw_1,5,69,34,51.1683040307568,1.3283745276982307e-39,very_high,-0.9226094484329224
pythia-160m,draw_1,5,756,35,50.60304207216085,3.4257786134013104e-39,low,-0.287371963262558
pythia-160m,draw_1,5,295,36,50.57703469632487,3.5785344595584134e-39,very_high,-0.6276792883872986
pythia-160m,draw_1,5,1241,37,50.55379772655507,3.7207809443467354e-39,very_high,-0.9262641072273254
pythia-160m,draw_1,5,1806,38,50.52149958584001,3.9279523720606755e-39,low,-0.47093525528907776
pythia-160m,draw_1,5,1701,39,49.81005480411992,1.2973712473765914e-38,low,0.3668283522129059
pythia-160m,draw_1,5,2105,40,49.25866325322541,3.2805461327394577e-38,very_high,0.02211380936205387
pythia-160m,draw_1,5,663,41,47.724871734377494,4.3646442907492846e-37,low,1.1496598720550537
pythia-160m,draw_1,5,1649,42,46.57530029076564,3.059105339999163e-36,very_high,-1.5429757833480835
pythia-160m,draw_1,5,2095,43,46.0425398591886,7.558542212200681e-36,low,0.15265768766403198
pythia-160m,draw_1,5,2052,44,45.67708656191747,1.4068796787296196e-35,very_high,-0.9646512269973755
pythia-160m,draw_1,5,324,45,45.51453528906164,1.8550708085728327e-35,very_high,-0.33594396710395813
pythia-160m,draw_1,5,2663,46,45.4872114892405,1.943365719438078e-35,very_high,-0.6823824048042297
pythia-160m,draw_1,5,334,47,44.516937624547865,1.0154621675968637e-34,control,0.14963941276073456
pythia-160m,draw_1,5,634,48,44.28660905404075,1.5046041900710594e-34,very_high,-0.7872709035873413
pythia-160m,draw_1,5,620,49,44.16284161475415,1.8587700220798135e-34,low,0.12751340866088867
pythia-160m,draw_1,6,1620,0,213.59598506460898,3.210621937268164e-136,low,-0.08919242769479752
pythia-160m,draw_1,6,474,1,152.89489510872548,2.151326075815273e-104,low,-1.7064812183380127
pythia-160m,draw_1,6,1153,2,133.23153033049928,3.973424762222501e-93,very_high,-0.3744964003562927
pythia-160m,draw_1,6,2986,3,132.70301849934452,8.114327941565375e-93,very_high,0.09454271197319031
pythia-160m,draw_1,6,1804,4,123.9368217087303,1.2899240162833219e-87,very_high,-0.38373807072639465
pythia-160m,draw_1,6,2809,5,115.36182476096778,2.0293291592411455e-82,very_high,0.7712435722351074
pythia-160m,draw_1,6,2138,6,114.1696536893898,1.0930456721788514e-81,low,-0.0018828710308298469
pythia-160m,draw_1,6,1087,7,109.28685143321643,1.1394250395621884e-78,low,0.057587042450904846
pythia-160m,draw_1,6,1337,8,93.89307519621367,6.623580976700508e-69,very_high,-0.9989452362060547
pythia-160m,draw_1,6,669,9,88.61677896845474,1.8146151187433895e-65,very_high,-0.863487958908081
pythia-160m,draw_1,6,469,10,86.48056286301771,4.616337914363963e-64,very_high,-0.8535543084144592
pythia-160m,draw_1,6,2438,11,85.19307891741762,3.275349735903606e-63,low,0.5972668528556824
pythia-160m,draw_1,6,1421,12,79.06470751708862,4.039055978077476e-59,low,0.4447920620441437
pythia-160m,draw_1,6,1696,13,78.9299027222129,4.977724235560396e-59,very_high,-0.20552131533622742
pythia-160m,draw_1,6,426,14,75.349777889436,1.3163352563886266e-56,very_high,-0.48436811566352844
pythia-160m,draw_1,6,1202,15,73.2876569100483,3.352512089059375e-55,low,0.8379398584365845
pythia-160m,draw_1,6,2652,16,71.52081978633058,5.449701332162688e-54,very_high,-0.49344655871391296
pythia-160m,draw_1,6,2125,17,71.41419298527508,6.451244898765823e-54,very_high,-0.7257492542266846
pythia-160m,draw_1,6,741,18,67.90404918666397,1.7130354571378822e-51,very_high,-1.1618702411651611
pythia-160m,draw_1,6,396,19,67.85755472813858,1.8451580359399208e-51,very_high,-1.1060729026794434
pythia-160m,draw_1,6,2843,20,67.49553496083746,3.2916818748102945e-51,very_high,-0.11810371279716492
pythia-160m,draw_1,6,776,21,67.1356190542062,5.855866421054368e-51,very_high,-0.08279066532850266
pythia-160m,draw_1,6,1460,22,66.73628049689916,1.110347255479296e-50,low,-0.5442342758178711
pythia-160m,draw_1,6,2716,23,65.4896897697682,8.21947893153487e-50,very_high,-0.778130829334259
pythia-160m,draw_1,6,96,24,64.36756554297818,5.011931912572966e-49,very_high,0.07477252185344696
pythia-160m,draw_1,6,1419,25,63.99703087285519,9.116135145566985e-49,very_high,-0.8058736324310303
pythia-160m,draw_1,6,1636,26,63.60926264898601,1.70603234409913e-48,very_high,-1.2680995464324951
pythia-160m,draw_1,6,720,27,63.359783498435334,2.554192097586964e-48,very_high,-0.8666297793388367
pythia-160m,draw_1,6,2602,28,62.12666856603905,1.8851532283000788e-47,low,0.7211993932723999
pythia-160m,draw_1,6,941,29,60.558024360143165,2.420916225862237e-46,very_high,-0.2642521560192108
pythia-160m,draw_1,6,934,30,60.476036524991336,2.7673132136457074e-46,low,0.2827981412410736
pythia-160m,draw_1,6,325,31,59.82118064755314,8.061660464683921e-46,very_high,-1.02369225025177
pythia-160m,draw_1,6,1485,32,58.95858966780311,3.30674896787966e-45,very_high,-1.1530355215072632
pythia-160m,draw_1,6,2195,33,58.69571401237712,5.087470520245192e-45,low,0.5788357257843018
pythia-160m,draw_1,6,1541,34,58.493749287349694,7.0850569848791e-45,very_high,0.01100710779428482
pythia-160m,draw_1,6,2209,35,58.19125753241373,1.163949011918405e-44,control,-0.4815843105316162
pythia-160m,draw_1,6,279,36,58.126451738502055,1.2946307077020326e-44,low,0.6792769432067871
pythia-160m,draw_1,6,2632,37,57.77977742824887,2.2882143378194996e-44,very_high,-0.11665637046098709
pythia-160m,draw_1,6,389,38,55.610856473503944,8.175301667487294e-43,low,-0.846086859703064
pythia-160m,draw_1,6,1095,39,55.605560892672955,8.247212668189777e-43,very_high,-0.34781375527381897
pythia-160m,draw_1,6,1911,40,54.792704625255276,3.168058506527687e-42,very_high,-0.15577474236488342
pythia-160m,draw_1,6,1843,41,54.280527501437035,7.409080922865818e-42,low,-0.025670725852251053
pythia-160m,draw_1,6,695,42,54.20274073576732,8.430404564931228e-42,low,-0.031431037932634354
pythia-160m,draw_1,6,394,43,53.559512573154215,2.45520041012587e-41,low,0.35794296860694885
pythia-160m,draw_1,6,2991,44,52.53296544947627,1.3574672480123606e-40,very_high,-0.6945332884788513
pythia-160m,draw_1,6,742,45,52.28498016217574,2.0533105401892022e-40,low,-0.11164064705371857
pythia-160m,draw_1,6,2705,46,52.00557809279648,3.274161228666681e-40,low,-0.36376649141311646
pythia-160m,draw_1,6,1168,47,51.87990351743343,4.039260575156511e-40,low,-0.3568285405635834
pythia-160m,draw_1,6,2512,48,51.84372966178408,4.2910066021555364e-40,low,0.3131239116191864
pythia-160m,draw_1,6,3054,49,51.41607441316322,8.773698078972966e-40,low,-0.05618240311741829
pythia-160m,draw_1,7,1593,0,219.6525380505672,3.526789027257466e-139,very_high,-0.637424886226654
pythia-160m,draw_1,7,263,1,203.82470019278387,2.279245453492283e-131,very_high,0.2369047999382019
pythia-160m,draw_1,7,2391,2,183.88991765192978,3.667902513892879e-121,low,-0.6210755705833435
pythia-160m,draw_1,7,1521,3,156.2480234188292,2.898558627297449e-106,very_high,-0.26464560627937317
pythia-160m,draw_1,7,1603,4,152.12312056581354,5.824634030420854e-104,very_high,-0.12418133020401001
pythia-160m,draw_1,7,2566,5,135.40592502663662,2.1257820096417414e-94,very_high,0.33842575550079346
pythia-160m,draw_1,7,1255,6,125.93773884628472,8.195865159845656e-89,low,-0.32760635018348694
pythia-160m,draw_1,7,2271,7,119.00004625581364,1.2274463590189528e-84,very_high,0.5953291058540344
pythia-160m,draw_1,7,1723,8,116.1761981330622,6.442555646434451e-83,low,-0.13965849578380585
pythia-160m,draw_1,7,2584,9,111.85890230697146,2.89929824671591e-80,very_high,0.5101508498191833
pythia-160m,draw_1,7,2186,10,95.40130595931475,7.033132637803225e-70,low,0.46355441212654114
pythia-160m,draw_1,7,2287,11,95.0870582183256,1.1213952409168117e-69,very_high,-0.4796818494796753
pythia-160m,draw_1,7,247,12,95.06732791094944,1.1547428642645088e-69,low,0.09828568994998932
pythia-160m,draw_1,7,161,13,94.36512394219851,3.279843617845746e-69,very_high,-0.11889509111642838
pythia-160m,draw_1,7,2294,14,89.57161856025394,4.296578696383197e-66,low,-0.5921748280525208
pythia-160m,draw_1,7,1205,15,87.5025125472955,9.792998889658628e-65,very_high,-0.5576132535934448
pythia-160m,draw_1,7,59,16,86.05556964806193,8.807916908616346e-64,low,1.030068278312683
pythia-160m,draw_1,7,2222,17,85.29136556986953,2.819630684695986e-63,low,0.06310294568538666
pythia-160m,draw_1,7,2468,18,85.24291167596512,3.035752899045652e-63,control,0.6359491348266602
pythia-160m,draw_1,7,146,19,84.25739781375914,1.3662553015980484e-62,very_high,0.03182360529899597
pythia-160m,draw_1,7,1692,20,81.482925233527,9.636736726750535e-61,very_high,0.5548036694526672
pythia-160m,draw_1,7,2827,21,79.84945668778938,1.198508045525453e-59,low,0.18243394792079926
pythia-160m,draw_1,7,57,22,79.8212916489406,1.2518688185634406e-59,very_high,-0.8133101463317871
pythia-160m,draw_1,7,1106,23,79.53531620384919,1.9486062619013211e-59,low,-0.3461298644542694
pythia-160m,draw_1,7,2734,24,78.93959675946098,4.903471728006606e-59,very_high,2.3682661056518555
pythia-160m,draw_1,7,2921,25,77.92334425105085,2.375182788829929e-58,very_high,-1.043998122215271
pythia-160m,draw_1,7,1769,26,77.31395841538006,6.130175995976429e-58,low,-0.3917931020259857
pythia-160m,draw_1,7,1341,27,77.19007762646366,7.434732844200514e-58,very_high,4.227532386779785
pythia-160m,draw_1,7,1135,28,76.4450544184719,2.3756978986655777e-57,low,-0.014174954034388065
pythia-160m,draw_1,7,2823,29,75.5190918041198,1.0098932873156192e-56,very_high,-0.4656619131565094
pythia-160m,draw_1,7,2431,30,72.15305955138066,2.0061185529895493e-54,very_high,-1.4311003684997559
pythia-160m,draw_1,7,183,31,72.12155081318022,2.108476124810998e-54,low,-1.3005565404891968
pythia-160m,draw_1,7,2986,32,72.05668745617227,2.3359571014615238e-54,very_high,0.2267262041568756
pythia-160m,draw_1,7,1028,33,71.98526897217123,2.61497180925459e-54,low,-1.3564282655715942
pythia-160m,draw_1,7,568,34,71.10683665086341,1.049470045876172e-53,very_high,-0.2884937524795532
pythia-160m,draw_1,7,2106,35,70.78988084043601,1.734139236524691e-53,very_high,-0.6899164319038391
pythia-160m,draw_1,7,1538,36,70.2749685914314,3.9248942286602815e-53,low,0.630245566368103
pythia-160m,draw_1,7,852,37,69.16209898234821,2.302771206367416e-52,low,0.07556658983230591
pythia-160m,draw_1,7,1254,38,67.82880123329207,1.931926548734462e-51,low,0.9583815932273865
pythia-160m,draw_1,7,2125,39,67.23416816655374,5.001105727663179e-51,very_high,-0.2231646180152893
pythia-160m,draw_1,7,720,40,67.0731481446021,6.472012770001339e-51,low,0.9127740859985352
pythia-160m,draw_1,7,143,41,67.05766972738962,6.634461675480572e-51,very_high,-1.6868007183074951
pythia-160m,draw_1,7,1457,42,67.05764680012702,6.634705306054786e-51,very_high,-0.6364217400550842
pythia-160m,draw_1,7,500,43,66.95530992888523,7.816561182252528e-51,low,-0.7739731073379517
pythia-160m,draw_1,7,2181,44,66.67096407777343,1.2329247139340592e-50,very_high,-0.2608296573162079
pythia-160m,draw_1,7,2949,45,66.21676464112873,2.5551068501083373e-50,low,-0.6964914202690125
pythia-160m,draw_1,7,1878,46,66.12156316588228,2.9770982547671047e-50,very_high,-0.5820629596710205
pythia-160m,draw_1,7,1365,47,65.5567521438519,7.379002370879663e-50,very_high,-1.0035618543624878
pythia-160m,draw_1,7,2057,48,64.12746140841064,7.384599894572542e-49,very_high,-0.9171546101570129
pythia-160m,draw_1,7,1867,49,63.50917788988023,2.0057880734038677e-48,very_high,-1.454735279083252
pythia-160m,draw_1,8,475,0,145.3129456509263,4.1278903289602024e-100,low,0.1753552109003067
pythia-160m,draw_1,8,1859,1,141.37280419412411,7.43787704674596e-98,very_high,-0.15501819550991058
pythia-160m,draw_1,8,1377,2,139.64229655635955,7.392047799957421e-97,low,6.825465679168701
pythia-160m,draw_1,8,760,3,136.93072009483316,2.7523007028096416e-95,very_high,-1.1110613346099854
pythia-160m,draw_1,8,1243,4,130.6652907147098,1.2838359020612075e-91,very_high,-2.99076247215271
pythia-160m,draw_1,8,265,5,126.70406799671277,2.8622704988085265e-89,very_high,-0.21368375420570374
pythia-160m,draw_1,8,1459,6,124.31316775689442,7.673328778373243e-88,low,0.8269662261009216
pythia-160m,draw_1,8,2020,7,114.06638091480082,1.2649956602411914e-81,low,1.9476112127304077
pythia-160m,draw_1,8,2608,8,112.18695884971474,1.81833739516248e-80,low,1.099265217781067
pythia-160m,draw_1,8,2746,9,111.32714198768224,6.1813081107389084e-80,very_high,-0.17423313856124878
pythia-160m,draw_1,8,2759,10,106.26955673723332,8.716542746088596e-77,very_high,-1.2607579231262207
pythia-160m,draw_1,8,236,11,105.32287400343209,3.4223830477582827e-76,very_high,-0.9521100521087646
pythia-160m,draw_1,8,1039,12,104.20315702679851,1.7327472875699355e-75,very_high,-0.42613327503204346
pythia-160m,draw_1,8,2226,13,103.97692431844911,2.406033379629402e-75,very_high,-0.727787435054779
pythia-160m,draw_1,8,1758,14,102.30443220053796,2.7405181306557262e-74,very_high,-0.8945772051811218
pythia-160m,draw_1,8,119,15,98.71258684013985,5.275448867919789e-72,low,0.2998388707637787
pythia-160m,draw_1,8,36,16,98.14910592024728,1.2093804323272475e-71,very_high,-2.2317934036254883
pythia-160m,draw_1,8,1689,17,96.35794789929261,1.703645158480554e-70,very_high,-0.24307341873645782
pythia-160m,draw_1,8,1132,18,93.94727798855446,6.109767232813328e-69,very_high,-1.7690746784210205
pythia-160m,draw_1,8,357,19,93.40306898252473,1.3751297336078313e-68,low,-0.26591911911964417
pythia-160m,draw_1,8,2360,20,87.99148894995852,4.670530176727149e-65,very_high,-0.0674295499920845
pythia-160m,draw_1,8,1430,21,87.66639434762199,7.64013403265397e-65,very_high,-0.23207558691501617
pythia-160m,draw_1,8,1059,22,87.6513247879402,7.81651195009287e-65,very_high,0.17065253853797913
pythia-160m,draw_1,8,2271,23,85.4431785537687,2.2373094357389683e-63,very_high,-0.520258903503418
pythia-160m,draw_1,8,1601,24,83.82893927420848,2.6307566128419866e-62,very_high,0.47133511304855347
pythia-160m,draw_1,8,567,25,83.77404395110315,2.8612872883912673e-62,low,0.5229217410087585
pythia-160m,draw_1,8,2075,26,83.43375141144541,4.817517281013728e-62,low,4.116826057434082
pythia-160m,draw_1,8,2241,27,81.44873529512887,1.0157665773021043e-60,control,-1.1429591178894043
pythia-160m,draw_1,8,1173,28,80.91438197013399,2.314232848675902e-60,very_high,-0.7430862188339233
pythia-160m,draw_1,8,1080,29,80.08276687778736,8.355774126678478e-60,very_high,-0.29895272850990295
pythia-160m,draw_1,8,469,30,78.35040584054931,1.223283645400639e-58,control,-0.07756995409727097
pythia-160m,draw_1,8,775,31,77.7719300912172,3.005712725314749e-58,very_high,-0.9389755725860596
pythia-160m,draw_1,8,1338,32,77.69979924285694,3.362578399546415e-58,very_high,-1.65447998046875
pythia-160m,draw_1,8,2048,33,77.43866522522728,5.048359446918429e-58,high,-0.5091162919998169
pythia-160m,draw_1,8,755,34,76.69868280133943,1.5992657891587206e-57,very_high,0.12275165319442749
pythia-160m,draw_1,8,1247,35,76.59186618054112,1.8892532622467523e-57,very_high,-0.4828537106513977
pythia-160m,draw_1,8,841,36,76.58069764384824,1.9224639806674927e-57,very_high,-0.4437134563922882
pythia-160m,draw_1,8,2049,37,76.44949842690887,2.3592758537567995e-57,very_high,-0.9374261498451233
pythia-160m,draw_1,8,2668,38,76.44619143568924,2.3714853841879166e-57,very_high,0.1823616921901703
pythia-160m,draw_1,8,1730,39,76.04745492426649,4.420406639956262e-57,very_high,-1.1799166202545166
pythia-160m,draw_1,8,941,40,75.91155412453182,5.466427684860515e-57,very_high,-1.226109266281128
pythia-160m,draw_1,8,909,41,75.74276421283533,7.117307243118786e-57,very_high,-1.187624454498291
pythia-160m,draw_1,8,32,42,75.44266334936314,1.138206606320939e-56,very_high,-1.5713690519332886
pythia-160m,draw_1,8,2887,43,75.34156972085962,1.3333598125315328e-56,very_high,-0.9628605246543884
pythia-160m,draw_1,8,2373,44,75.0725321826071,2.0320710866505012e-56,control,-0.7131317853927612
pythia-160m,draw_1,8,1640,45,74.98161009430355,2.3432133647643365e-56,very_high,-0.8702585101127625
pythia-160m,draw_1,8,1467,46,74.87951065114225,2.749852012032876e-56,very_high,-0.8111972212791443
pythia-160m,draw_1,8,575,47,73.57049639583124,2.1480985453411096e-55,very_high,0.11289658397436142
pythia-160m,draw_1,8,704,48,73.53999930909688,2.2536748680062657e-55,very_high,-0.09959973394870758
pythia-160m,draw_1,8,1189,49,72.9487493526569,5.71748965962988e-55,very_high,-0.3197326064109802
pythia-160m,draw_1,9,3009,0,227.1281158355939,8.783367477085782e-143,low,0.34056994318962097
pythia-160m,draw_1,9,367,1,169.08786485117986,2.685236155514369e-113,low,0.43065258860588074
pythia-160m,draw_1,9,2517,2,164.51532977526801,8.138036159803062e-111,low,-0.21277296543121338
pythia-160m,draw_1,9,920,3,160.11425023550635,2.1039504920016146e-108,low,-0.3791767358779907
pythia-160m,draw_1,9,2560,4,156.32890182059037,2.6136095203238344e-106,low,-0.28625744581222534
pythia-160m,draw_1,9,768,5,132.49951915017593,1.0684495338041554e-92,low,-1.5996603965759277
pythia-160m,draw_1,9,1930,6,123.9995602316056,1.1828903921016202e-87,very_high,0.16281287372112274
pythia-160m,draw_1,9,1611,7,110.64178695119371,1.6424220771756632e-79,low,-0.7035653591156006
pythia-160m,draw_1,9,1533,8,108.83391545809259,2.1803691188904434e-78,low,-1.0684869289398193
pythia-160m,draw_1,9,520,9,108.48940202454428,3.573744735255152e-78,low,-0.29710543155670166
pythia-160m,draw_1,9,988,10,106.31115389970635,8.208758321462575e-77,low,0.09155668318271637
pythia-160m,draw_1,9,2293,11,106.21646833571077,9.410572260998453e-77,low,0.5978175401687622
pythia-160m,draw_1,9,819,12,104.56239607217884,1.0292497704842586e-75,low,-0.2644614279270172
pythia-160m,draw_1,9,80,13,103.95374273761733,2.4883690119318905e-75,low,-1.1724001169204712
pythia-160m,draw_1,9,2117,14,103.79695642025759,3.1244389142801117e-75,low,-0.27777138352394104
pythia-160m,draw_1,9,2235,15,101.89074624798711,5.0102874600435796e-74,very_high,-0.061744824051856995
pythia-160m,draw_1,9,2198,16,101.3611821891409,1.0856682278962352e-73,very_high,-1.2314119338989258
pythia-160m,draw_1,9,1390,17,101.00809425750755,1.8191558860308582e-73,very_high,0.3039141595363617
pythia-160m,draw_1,9,1217,18,99.94339701637298,8.651158798689124e-73,low,-0.6661502122879028
pythia-160m,draw_1,9,480,19,96.80674608469306,8.77052918793331e-71,low,1.0938305854797363
pythia-160m,draw_1,9,1754,20,92.29174290749422,7.2339564737663e-68,very_high,0.9997776746749878
pythia-160m,draw_1,9,2954,21,92.15604444150522,8.862612494609038e-68,very_high,-0.9255844354629517
pythia-160m,draw_1,9,72,22,91.73346070591582,1.6687310750008805e-67,low,0.11926484853029251
pythia-160m,draw_1,9,2576,23,87.08447477766158,1.845642194827672e-64,low,2.0444893836975098
pythia-160m,draw_1,9,994,24,85.4518946680043,2.2077971855354484e-63,low,1.7484071254730225
pythia-160m,draw_1,9,2351,25,84.27444172096824,1.3311266246642672e-62,low,-0.4891173541545868
pythia-160m,draw_1,9,2695,26,82.63056305512485,1.6507665717008152e-61,low,-0.08631496131420135
pythia-160m,draw_1,9,242,27,80.06295873953196,8.615547362051716e-60,low,0.024028027430176735
pythia-160m,draw_1,9,1558,28,78.71828146981392,6.911330355451199e-59,low,-0.22046948969364166
pythia-160m,draw_1,9,2143,29,76.53306212263222,2.0708069061083265e-57,low,-0.38888055086135864
pythia-160m,draw_1,9,2319,30,76.09912406484052,4.077568226710826e-57,low,-0.47722238302230835
pythia-160m,draw_1,9,209,31,74.43795922031197,5.496542440097736e-56,low,-0.458053857088089
pythia-160m,draw_1,9,105,32,74.31402630757732,6.676926850597759e-56,low,-0.6324530839920044
pythia-160m,draw_1,9,2438,33,73.39278222509483,2.8411976366020214e-55,low,-0.0570698082447052
pythia-160m,draw_1,9,2929,34,72.75610583959504,7.746083958984635e-55,low,-0.4486313760280609
pythia-160m,draw_1,9,906,35,72.63479250694346,9.379175880853943e-55,low,-0.6736536026000977
pythia-160m,draw_1,9,2177,36,72.3010270944462,1.588142521293038e-54,very_high,0.04900919273495674
pythia-160m,draw_1,9,1299,37,71.93862218409271,2.8149962344672454e-54,very_high,-0.3347127139568329
pythia-160m,draw_1,9,2719,38,71.8031424765473,3.487164349450826e-54,low,-0.48315274715423584
pythia-160m,draw_1,9,2646,39,71.15805794693588,9.676979733891871e-54,low,0.5205711722373962
pythia-160m,draw_1,9,642,40,70.88461398571988,1.492358591977425e-53,very_high,-0.6455880999565125
pythia-160m,draw_1,9,3013,41,70.47482695938791,2.858101689250046e-53,low,2.514622926712036
pythia-160m,draw_1,9,1934,42,70.46281813532595,2.913080538118895e-53,low,-0.7934475541114807
pythia-160m,draw_1,9,202,43,70.28416679470207,3.8680005559652787e-53,low,-0.2800750136375427
pythia-160m,draw_1,9,2448,44,68.80356122746733,4.0768024575232566e-52,low,-0.5845430493354797
pythia-160m,draw_1,9,2772,45,68.72902442685093,4.5911536038870054e-52,low,-1.238405704498291
pythia-160m,draw_1,9,2806,46,68.0804979322754,1.292255665302792e-51,low,-0.3531111776828766
pythia-160m,draw_1,9,2063,47,67.05599410558328,6.652290861188529e-51,very_high,0.3579225242137909
pythia-160m,draw_1,9,1795,48,66.57742771031282,1.4324427949110292e-50,low,-1.7159792184829712
pythia-160m,draw_1,9,979,49,66.50727874634586,1.6030298837020617e-50,low,-0.443026602268219
pythia-160m,draw_1,10,2836,0,167.09277452204782,3.2257523761679147e-112,low,-0.0741729661822319
pythia-160m,draw_1,10,2182,1,144.61248502087122,1.0356769747632398e-99,low,0.49573367834091187
pythia-160m,draw_1,10,1391,2,138.80100118819792,2.2650921197253523e-96,low,0.23730739951133728
pythia-160m,draw_1,10,1252,3,134.99920292079403,3.671808246421613e-94,low,-0.0896444246172905
pythia-160m,draw_1,10,1828,4,127.53456828162336,9.173321709177034e-90,low,-0.3901859223842621
pythia-160m,draw_1,10,518,5,125.35198806485168,1.8339731850557739e-88,low,-0.7446457147598267
pythia-160m,draw_1,10,2799,6,120.07216806895431,2.7484995837996815e-85,low,0.022096458822488785
pythia-160m,draw_1,10,1750,7,118.80065284984947,1.6220423725003197e-84,very_high,1.1147561073303223
pythia-160m,draw_1,10,2975,8,110.84770870432527,1.2243096733732437e-79,low,-0.3723127841949463
pythia-160m,draw_1,10,2317,9,103.17113873561976,7.758174640607371e-75,low,-0.5614717602729797
pythia-160m,draw_1,10,2797,10,103.03793400703043,9.41703246919076e-75,low,-0.5949519872665405
pythia-160m,draw_1,10,2770,11,101.95326659140338,4.5734527254433364e-74,low,-0.45987603068351746
pythia-160m,draw_1,10,2155,12,101.6443543731304,7.178942359484329e-74,low,-0.25427359342575073
pythia-160m,draw_1,10,636,13,98.5275509503912,6.926564776828319e-72,low,-0.49602368474006653
pythia-160m,draw_1,10,3010,14,97.85766734743397,1.858328617518538e-71,very_high,-0.004107949789613485
pythia-160m,draw_1,10,1192,15,95.37995691561834,7.259525796636686e-70,very_high,-0.2939769923686981
pythia-160m,draw_1,10,2761,16,89.65545920512086,3.7867040293647537e-66,low,-0.34477686882019043
pythia-160m,draw_1,10,2693,17,85.4241858335736,2.3029937068398797e-63,low,-0.3393305242061615
pythia-160m,draw_1,10,1170,18,84.52503261187674,9.077267145021218e-63,low,0.19588062167167664
pythia-160m,draw_1,10,2210,19,83.48902769702164,4.426452733205655e-62,low,0.2033778429031372
pythia-160m,draw_1,10,2835,20,82.2794314851446,2.830577651849998e-61,low,-0.09105770289897919
pythia-160m,draw_1,10,2802,21,81.4739439394268,9.770929375156235e-61,low,-1.8387815952301025
pythia-160m,draw_1,10,1747,22,81.32791978565501,1.2235001875847274e-60,low,-0.15372343361377716
pythia-160m,draw_1,10,879,23,80.65085359464608,3.4750550926669723e-60,low,-0.4861660897731781
pythia-160m,draw_1,10,725,24,80.37968580535703,5.281599759652793e-60,low,-0.29261577129364014
pythia-160m,draw_1,10,326,25,80.01429472311112,9.288627368835373e-60,low,-0.8556391000747681
pythia-160m,draw_1,10,2366,26,79.73753498435825,1.4250330280029386e-59,low,-0.38970643281936646
pythia-160m,draw_1,10,898,27,79.69690745005578,1.5174776675857595e-59,very_high,-0.01709497533738613
pythia-160m,draw_1,10,95,28,79.4525393359814,2.2150060189336515e-59,low,-0.31379881501197815
pythia-160m,draw_1,10,1544,29,78.56222675076494,8.804804445850923e-59,low,-0.17914186418056488
pythia-160m,draw_1,10,2477,30,77.00541973928495,9.913328785806217e-58,low,-0.37864160537719727
pythia-160m,draw_1,10,1659,31,76.11638413867685,3.96908331040961e-57,low,-0.08866450190544128
pythia-160m,draw_1,10,210,32,72.13318667934675,2.0700809901080907e-54,low,-0.264016330242157
pythia-160m,draw_1,10,399,33,72.03431609318348,2.419989185562389e-54,low,-0.21665138006210327
pythia-160m,draw_1,10,624,34,71.6635686186086,4.348239642152021e-54,low,-0.10114439576864243
pythia-160m,draw_1,10,935,35,71.57643191248172,4.9907542905596505e-54,low,-0.3277694582939148
pythia-160m,draw_1,10,1920,36,71.41885318696323,6.403843727191399e-54,low,0.7779242396354675
pythia-160m,draw_1,10,1442,37,71.09459919157169,1.0700098020897383e-53,low,-1.0826010704040527
pythia-160m,draw_1,10,1382,38,71.08337501633679,1.0892027077094233e-53,low,0.011594901792705059
pythia-160m,draw_1,10,937,39,70.75318919781776,1.8380007927733067e-53,low,-0.186549112200737
pythia-160m,draw_1,10,987,40,70.60547009753424,2.3231338381106744e-53,low,-0.7338852286338806
pythia-160m,draw_1,10,2276,41,70.16809198600231,4.650746405215594e-53,very_high,-0.5543030500411987
pythia-160m,draw_1,10,2201,42,70.11913724361825,5.026731681632838e-53,low,-0.46850335597991943
pythia-160m,draw_1,10,484,43,70.00365694762121,6.038763958386889e-53,very_high,0.20970717072486877
pythia-160m,draw_1,10,1318,44,69.3228559406032,1.7828067820973108e-52,low,0.1052384302020073
pythia-160m,draw_1,10,216,45,69.24671114452033,2.0125387017158153e-52,low,-0.9505347609519958
pythia-160m,draw_1,10,1187,46,69.14696397293623,2.358943811885446e-52,low,-0.5947486758232117
pythia-160m,draw_1,10,2449,47,68.86022180238625,3.724778143428321e-52,low,-0.02631378173828125
pythia-160m,draw_1,10,1616,48,67.93851301923465,1.6212540906453498e-51,low,-0.460050493478775
pythia-160m,draw_1,10,1872,49,67.86045667347932,1.8366207792148026e-51,very_high,-0.3727746307849884
pythia-160m,draw_1,11,2626,0,295.9984016230476,1.0793054087879208e-173,low,0.3313451409339905
pythia-160m,draw_1,11,228,1,255.3410167845483,6.363670118297855e-156,low,-0.38425061106681824
pythia-160m,draw_1,11,883,2,251.7399971879444,2.766618647086439e-154,low,-0.9857460260391235
pythia-160m,draw_1,11,1110,3,226.7928879324017,1.2709473321762082e-142,very_high,2.696742296218872
pythia-160m,draw_1,11,2766,4,203.95978500727114,1.9501278026785355e-131,low,2.79499888420105
pythia-160m,draw_1,11,1572,5,164.73187802036242,6.200515564402856e-111,low,0.933283269405365
pythia-160m,draw_1,11,347,6,143.3534936615887,5.431403489636017e-99,low,-0.8636252284049988
pythia-160m,draw_1,11,2838,7,134.8848986105005,4.281824840754396e-94,very_high,1.030526041984558
pythia-160m,draw_1,11,393,8,117.98381270821478,5.088879043583749e-84,low,-0.5125166773796082
pythia-160m,draw_1,11,1710,9,117.21322127640306,1.4996473393047643e-83,very_high,-0.7171431183815002
pythia-160m,draw_1,11,340,10,110.76566890683468,1.3763121762545007e-79,very_high,0.9356762766838074
pythia-160m,draw_1,11,1668,11,110.15440501288161,3.2941312723782203e-79,very_high,-0.499849408864975
pythia-160m,draw_1,11,2737,12,108.54049637098383,3.32112805220452e-78,low,-1.2136839628219604
pythia-160m,draw_1,11,282,13,107.87595660289902,8.623737067023497e-78,low,-0.1109544038772583
pythia-160m,draw_1,11,882,14,107.47035712655753,1.5451561974304406e-77,low,-2.8324060440063477
pythia-160m,draw_1,11,587,15,106.76596533970947,4.260401137565992e-77,very_high,0.3589514195919037
pythia-160m,draw_1,11,1485,16,106.61907480900757,5.26508146362488e-77,very_high,0.00526382215321064
pythia-160m,draw_1,11,1276,17,106.60626064541017,5.36325552733561e-77,low,-0.22717292606830597
pythia-160m,draw_1,11,826,18,105.50545537882961,2.6282013740030674e-76,low,-0.5684695839881897
pythia-160m,draw_1,11,2069,19,102.44015172175365,2.2486825960222965e-74,low,-0.3579416871070862
pythia-160m,draw_1,11,1898,20,100.73587708849882,2.709179124517702e-73,low,-0.4859415590763092
pythia-160m,draw_1,11,1278,21,100.09833854770038,6.892987609024324e-73,low,-0.4908868968486786
pythia-160m,draw_1,11,2685,22,99.53835609117309,1.5674402450275102e-72,low,-0.6517903804779053
pythia-160m,draw_1,11,2374,23,99.47739068514569,1.7142148539707355e-72,low,-0.37641704082489014
pythia-160m,draw_1,11,1753,24,99.21953499085568,2.50353300289456e-72,very_high,-0.3198712170124054
pythia-160m,draw_1,11,1265,25,99.18507597990663,2.6335604424457836e-72,low,0.8041143417358398
pythia-160m,draw_1,11,2926,26,99.08430694570133,3.0539375820810646e-72,low,0.9174398183822632
pythia-160m,draw_1,11,1798,27,97.60911301138378,2.681278678669674e-71,low,-0.8376287221908569
pythia-160m,draw_1,11,1565,28,97.23533671117609,4.655537791360067e-71,low,-0.023497730493545532
pythia-160m,draw_1,11,2918,29,96.2267333847556,2.068941816974678e-70,very_high,4.17515754699707
pythia-160m,draw_1,11,1166,30,95.8658448760668,3.531371591067733e-70,very_high,0.9308342933654785
pythia-160m,draw_1,11,2940,31,95.24928040806648,8.813448816675687e-70,low,0.344497948884964
pythia-160m,draw_1,11,466,32,94.76807574570218,1.80132221520933e-69,very_high,0.45278945565223694
pythia-160m,draw_1,11,22,33,94.34571776177908,3.3759365718412883e-69,low,-1.0937119722366333
pythia-160m,draw_1,11,2933,34,93.04024587475394,2.3632704482473726e-68,low,-1.0961978435516357
pythia-160m,draw_1,11,762,35,93.0210853764449,2.4318615022566424e-68,very_high,0.37168365716934204
pythia-160m,draw_1,11,73,36,92.59372784217533,4.6050976582425104e-68,low,2.129026412963867
pythia-160m,draw_1,11,2249,37,90.54385244899328,9.946818733202755e-67,low,1.1355189085006714
pythia-160m,draw_1,11,2886,38,89.98056671832775,2.3208180477396123e-66,low,-0.11548209190368652
pythia-160m,draw_1,11,615,39,89.46846605886618,5.019236347069835e-66,low,-0.4084574282169342
pythia-160m,draw_1,11,2579,40,84.51637599629073,9.198072463613229e-63,very_high,-0.5340704917907715
pythia-160m,draw_1,11,2829,41,84.4737841032529,9.81632358123133e-63,low,-0.9805213809013367
pythia-160m,draw_1,11,1122,42,83.32341803150541,5.704645680263927e-62,very_high,1.0978219509124756
pythia-160m,draw_1,11,1853,43,82.67266229939723,1.5474696258713306e-61,very_high,-0.5658100247383118
pythia-160m,draw_1,11,1634,44,82.1419679362757,3.4963704586524064e-61,low,-1.5521115064620972
pythia-160m,draw_1,11,1355,45,81.40561549509913,1.0855067611993678e-60,very_high,-0.5793202519416809
pythia-160m,draw_1,11,933,46,80.24834790095271,6.469466823341082e-60,low,-1.5947599411010742
pythia-160m,draw_1,11,1813,47,79.64393830592103,1.6470866051878368e-59,low,-0.6214908957481384
pythia-160m,draw_1,11,2658,48,79.35777864440342,2.565061206154919e-59,low,-0.05616792291402817
pythia-160m,draw_1,11,1868,49,78.40117279589361,1.1305587839477963e-58,low,0.6478339433670044
pythia-410m,draw_1,0,2502,0,427.4803504663769,1.2563622448022954e-223,low,-0.049590300768613815
pythia-410m,draw_1,0,2766,1,299.0577581846932,5.584218564075494e-175,low,0.23434923589229584
pythia-410m,draw_1,0,289,2,204.29753201607727,1.3207106823261916e-131,low,0.06609367579221725
pythia-410m,draw_1,0,1817,3,186.20683169882665,2.2698924046657092e-122,low,0.031510867178440094
pythia-410m,draw_1,0,1998,4,162.1583647330373,1.5832998457040826e-109,low,0.006873526144772768
pythia-410m,draw_1,0,3446,5,159.7045117104341,3.538796475739967e-108,low,0.09141552448272705
pythia-410m,draw_1,0,2579,6,156.6552880970445,1.7217209600098486e-106,low,0.22833485901355743
pythia-410m,draw_1,0,2141,7,156.2200429215844,3.0042206378551284e-106,low,0.3205300271511078
pythia-410m,draw_1,0,4051,8,152.55899607930743,3.317998371339964e-104,low,0.14536061882972717
pythia-410m,draw_1,0,1193,9,150.8074253272543,3.1948763071070104e-103,low,0.11977460235357285
pythia-410m,draw_1,0,751,10,148.97966870183282,3.428040397153623e-102,low,0.1993221491575241
pythia-410m,draw_1,0,3604,11,148.75661044343744,4.582646590791885e-102,low,0.11059875786304474
pythia-410m,draw_1,0,3439,12,147.23917828904075,3.314992703666065e-101,low,-0.40464890003204346
pythia-410m,draw_1,0,3135,13,146.76217088861614,6.1837267951051e-101,low,0.20495367050170898
pythia-410m,draw_1,0,1459,14,144.8083314884835,8.006834510636347e-100,low,0.09074711054563522
pythia-410m,draw_1,0,331,15,143.66210261450027,3.616625577929263e-99,low,0.18720513582229614
pythia-410m,draw_1,0,693,16,138.17264222922586,5.235369316372973e-96,low,0.19826093316078186
pythia-410m,draw_1,0,432,17,136.4689946642182,5.107394918897965e-95,low,0.13758458197116852
pythia-410m,draw_1,0,3042,18,135.05414361884326,3.410384973918392e-94,low,0.0049721356481313705
pythia-410m,draw_1,0,2369,19,135.03494582641324,3.4995433002002344e-94,low,0.1380300372838974
pythia-410m,draw_1,0,993,20,133.22340271367108,4.017266535680943e-93,low,0.16037356853485107
pythia-410m,draw_1,0,2836,21,131.26396177551945,5.6959577282054105e-92,low,-0.11626415699720383
pythia-410m,draw_1,0,1548,22,129.96561842192907,3.32385244938686e-91,low,0.13375510275363922
pythia-410m,draw_1,0,488,23,129.55369853541654,5.823606651972551e-91,low,0.06631535291671753
pythia-410m,draw_1,0,3271,24,129.28646421206818,8.381572545373549e-91,low,0.1660655438899994
pythia-410m,draw_1,0,3490,25,127.85398266465774,5.925511269204795e-90,low,0.11368546634912491
pythia-410m,draw_1,0,401,26,126.70819398673235,2.846119084402831e-89,low,0.1069636344909668
pythia-410m,draw_1,0,3740,27,126.66677982365516,3.0124658926845443e-89,low,0.06989169120788574
pythia-410m,draw_1,0,1944,28,126.66466700919696,3.021208792365262e-89,low,-0.13234718143939972
pythia-410m,draw_1,0,409,29,126.64510025826341,3.1033941721741143e-89,low,0.10777817666530609
pythia-410m,draw_1,0,1941,30,125.26209292191452,2.0754900392765362e-88,low,0.1129266619682312
pythia-410m,draw_1,0,3879,31,124.96215188756942,3.136690747474985e-88,low,-0.0026828532572835684
pythia-410m,draw_1,0,2133,32,124.5212098654511,5.759345413896681e-88,low,0.16319051384925842
pythia-410m,draw_1,0,1640,33,123.24616142190565,3.3502968454569637e-87,low,0.09311984479427338
pythia-410m,draw_1,0,2458,34,123.00919351927155,4.6501576250011495e-87,low,0.12767508625984192
pythia-410m,draw_1,0,1938,35,122.95359763152692,5.022095296865789e-87,low,0.020565573126077652
pythia-410m,draw_1,0,695,36,122.49602610686165,9.464387104896554e-87,low,0.1367977410554886
pythia-410m,draw_1,0,2003,37,122.26546831491977,1.3028038739025094e-86,low,0.1004379391670227
pythia-410m,draw_1,0,3018,38,122.18168529818533,1.4632970617496433e-86,low,0.14727634191513062
pythia-410m,draw_1,0,3769,39,121.77166184050473,2.5846097373391264e-86,low,0.13049539923667908
pythia-410m,draw_1,0,1973,40,121.69352979814245,2.8807276063097976e-86,low,0.14384779334068298
pythia-410m,draw_1,0,3081,41,121.01406003717659,7.405395961142005e-86,low,0.024223294109106064
pythia-410m,draw_1,0,1600,42,120.91438149964792,8.506675754173797e-86,low,0.08405931293964386
pythia-410m,draw_1,0,68,43,120.7260912178979,1.1054481760058675e-85,low,0.13085170090198517
pythia-410m,draw_1,0,562,44,120.09196784795114,2.6736801747580826e-85,low,0.15602366626262665
pythia-410m,draw_1,0,3669,45,120.02381910504366,2.940134605093843e-85,low,0.053385552018880844
pythia-410m,draw_1,0,160,46,120.00243987010019,3.029087303495777e-85,low,0.215743288397789
pythia-410m,draw_1,0,2687,47,119.77126521124615,4.181438310488538e-85,low,0.08942855149507523
pythia-410m,draw_1,0,1576,48,119.20735100340512,9.187615028674655e-85,low,0.24068717658519745
pythia-410m,draw_1,0,2697,49,119.12183686230928,1.0353517889781952e-84,low,0.09675497561693192
pythia-410m,draw_1,1,3357,0,147.52878385158087,2.2711056680568763e-101,low,0.8137171268463135
pythia-410m,draw_1,1,2281,1,115.61349663276432,1.4231576028168594e-82,very_high,-0.8935340642929077
pythia-410m,draw_1,1,3779,2,114.27929709983528,9.36033486798093e-82,low,-0.9847354888916016
pythia-410m,draw_1,1,2805,3,111.7442888191614,3.4128821063742755e-80,very_high,-0.8545430898666382
pythia-410m,draw_1,1,3077,4,101.65981443205611,7.018701881988043e-74,low,-1.4489195346832275
pythia-410m,draw_1,1,1329,5,99.24425111686706,2.4142484811897266e-72,low,-0.166513592004776
pythia-410m,draw_1,1,981,6,95.7744655235631,4.043630058480705e-70,low,-1.2083921432495117
pythia-410m,draw_1,1,3949,7,95.24315502656574,8.893960152032637e-70,very_high,-1.1140285730361938
pythia-410m,draw_1,1,1152,8,92.47031654288065,5.5382785905314775e-68,very_high,-0.6552495956420898
pythia-410m,draw_1,1,1110,9,81.71745136406146,6.716630186155035e-61,control,0.6103686690330505
pythia-410m,draw_1,1,2286,10,76.72321853644752,1.539218812657095e-57,low,-1.321330189704895
pythia-410m,draw_1,1,1056,11,75.89274114128706,5.629572704533459e-57,very_high,-0.5551677942276001
pythia-410m,draw_1,1,1345,12,75.40543758006919,1.2064963475652633e-56,very_high,-0.24234627187252045
pythia-410m,draw_1,1,1252,13,71.41557965018639,6.437103842808869e-54,low,0.1848052591085434
pythia-410m,draw_1,1,1758,14,70.40289393508417,3.203671847678298e-53,low,-1.77837073802948
pythia-410m,draw_1,1,4000,15,68.20706983471658,1.0557747103301963e-51,very_high,-1.2963972091674805
pythia-410m,draw_1,1,95,16,67.9110879716302,1.69387667530954e-51,low,-1.1788878440856934
pythia-410m,draw_1,1,1382,17,65.18712613376086,1.3375489492368498e-49,very_high,-0.14948596060276031
pythia-410m,draw_1,1,3281,18,64.03863206833383,8.523699440307134e-49,very_high,-0.4624348282814026
pythia-410m,draw_1,1,990,19,63.83496002105549,1.1844952979075078e-48,control,-0.7444700598716736
pythia-410m,draw_1,1,644,20,58.73820392447441,4.7451563162431866e-45,low,-0.9470555782318115
pythia-410m,draw_1,1,3807,21,57.39032226373526,4.341694523728644e-44,low,-0.9219568371772766
pythia-410m,draw_1,1,2702,22,56.126212638718144,3.4884682285550126e-43,very_high,-0.33000704646110535
pythia-410m,draw_1,1,2654,23,55.195907345221684,1.624433409927589e-42,low,-0.3553590178489685
pythia-410m,draw_1,1,3199,24,55.05253853932032,2.059744303919171e-42,very_high,-0.21936163306236267
pythia-410m,draw_1,1,2799,25,54.577633879561304,4.5254801236174784e-42,low,-0.4831900894641876
pythia-410m,draw_1,1,393,26,54.32630677204595,6.866941501510595e-42,low,1.1478915214538574
pythia-410m,draw_1,1,2696,27,53.87120720177167,1.462249673960664e-41,very_high,-0.6387982964515686
pythia-410m,draw_1,1,3663,28,52.27191384520506,2.098591153034107e-40,control,-0.5052674412727356
pythia-410m,draw_1,1,2426,29,51.08803390369788,1.519521568842887e-39,very_high,-0.9200241565704346
pythia-410m,draw_1,1,1015,30,50.45688831427829,4.3777183477683664e-39,low,-1.2677037715911865
pythia-410m,draw_1,1,3372,31,49.84892840076962,1.2153027441767472e-38,low,-0.5408838987350464
pythia-410m,draw_1,1,1565,32,48.802048229399595,7.080354878080304e-38,low,-1.4158509969711304
pythia-410m,draw_1,1,3062,33,47.86524530177637,3.4425176042875093e-37,very_high,-0.10655876249074936
pythia-410m,draw_1,1,1496,34,47.71829096363577,4.41348801788598e-37,very_high,-0.1580883413553238
pythia-410m,draw_1,1,2840,35,47.382458602218186,7.790154571072625e-37,very_high,-0.9456995725631714
pythia-410m,draw_1,1,1800,36,46.639634692645735,2.742812096606792e-36,low,-0.18058781325817108
pythia-410m,draw_1,1,2160,37,46.63962568576433,2.7428540020182192e-36,low,0.44343748688697815
pythia-410m,draw_1,1,186,38,46.61325246227945,2.8683498527337908e-36,low,-1.4157538414001465
pythia-410m,draw_1,1,3471,39,46.00329196771802,8.079823573235735e-36,very_high,0.4485630393028259
pythia-410m,draw_1,1,1812,40,45.86797081941355,1.0169269790983802e-35,very_high,-0.9948145747184753
pythia-410m,draw_1,1,3453,41,45.86660118479846,1.0192975184455164e-35,low,-1.1217162609100342
pythia-410m,draw_1,1,491,42,44.35989872022908,1.3276251732496152e-34,very_high,-0.7851949334144592
pythia-410m,draw_1,1,454,43,44.20614609800413,1.7262404393328547e-34,very_high,-0.6767128109931946
pythia-410m,draw_1,1,294,44,44.18848639511395,1.7791035649320304e-34,control,-0.5950726866722107
pythia-410m,draw_1,1,291,45,44.11114570432384,2.0303932788360115e-34,low,0.4798699915409088
pythia-410m,draw_1,1,929,46,43.67312720834646,4.293214710904358e-34,low,-0.5920207500457764
pythia-410m,draw_1,1,1600,47,43.258648891358995,8.727290136494055e-34,very_high,-0.6491087079048157
pythia-410m,draw_1,1,3219,48,42.7970041320709,1.9251403756834563e-33,very_high,-1.9353410005569458
pythia-410m,draw_1,1,2246,49,42.689495152886444,2.314948310017844e-33,control,-1.1366761922836304
pythia-410m,draw_1,2,3601,0,100.17039267797351,6.202072816890868e-73,low,-1.4466845989227295
pythia-410m,draw_1,2,2654,1,78.1344027440855,1.710955242174977e-58,low,-0.5305860042572021
pythia-410m,draw_1,2,4072,2,71.1471328202753,9.845862393898915e-54,very_high,-1.0598576068878174
pythia-410m,draw_1,2,604,3,57.14904257709764,6.458663568632428e-44,very_high,-0.7478952407836914
pythia-410m,draw_1,2,2863,4,52.68715815882021,1.0496463778327822e-40,low,0.256146639585495
pythia-410m,draw_1,2,3933,5,51.88192931655702,4.025608113935854e-40,low,0.0487196110188961
pythia-410m,draw_1,2,559,6,50.74789498539651,2.6869652603503614e-39,very_high,-0.4280886650085449
pythia-410m,draw_1,2,3587,7,49.38406153411539,2.6562372122792226e-38,very_high,0.30099231004714966
pythia-410m,draw_1,2,324,8,47.74817437246607,4.1960001106325846e-37,low,-0.041476309299468994
pythia-410m,draw_1,2,1277,9,46.20730113891683,5.713260399838546e-36,very_high,-0.708868682384491
pythia-410m,draw_1,2,3917,10,44.84797572942312,5.77347531323177e-35,low,-1.2988736629486084
pythia-410m,draw_1,2,2765,11,44.5527489109297,9.552661008193289e-35,control,-0.4698679745197296
pythia-410m,draw_1,2,3125,12,43.377168292540496,7.124308747440671e-34,low,-1.742906928062439
pythia-410m,draw_1,2,3689,13,42.569858040098836,2.8423827363885657e-33,low,-1.1657055616378784
pythia-410m,draw_1,2,166,14,42.325235161214486,4.325578894908971e-33,low,-0.3672172427177429
pythia-410m,draw_1,2,337,15,41.16140800127169,3.201724067333259e-32,very_high,-1.0311298370361328
pythia-410m,draw_1,2,2858,16,41.03274106123944,3.996403120116314e-32,very_high,-0.5573153495788574
pythia-410m,draw_1,2,83,17,40.77009087993363,6.285313864138597e-32,very_high,-0.23435136675834656
pythia-410m,draw_1,2,2869,18,40.261658501948475,1.5115646926392547e-31,low,-0.8134530186653137
pythia-410m,draw_1,2,1110,19,39.99037788010771,2.4154106305768794e-31,low,-1.0032542943954468
pythia-410m,draw_1,2,2246,20,38.69557757633356,2.273687986385626e-30,very_high,-0.9946550726890564
pythia-410m,draw_1,2,2159,21,38.39975431114547,3.7992614906568304e-30,very_high,-0.8455562591552734
pythia-410m,draw_1,2,1072,22,38.32534750072777,4.323249874710222e-30,low,0.5983389019966125
pythia-410m,draw_1,2,2446,23,37.60167410178154,1.5210835574603492e-29,low,-0.9159500002861023
pythia-410m,draw_1,2,2636,24,37.40615477091601,2.137726013816468e-29,low,-0.504744827747345
pythia-410m,draw_1,2,2961,25,37.12845322548963,3.467480849801811e-29,very_high,-0.6315292716026306
pythia-410m,draw_1,2,3804,26,37.09660234636532,3.6653672170177964e-29,low,-0.7501590847969055
pythia-410m,draw_1,2,3222,27,36.29240027420584,1.4907860750299006e-28,low,-0.7551019191741943
pythia-410m,draw_1,2,2007,28,36.06480374069929,2.218709822057609e-28,very_high,-0.7168781161308289
pythia-410m,draw_1,2,2087,29,35.94218546579094,2.7490366300456857e-28,very_high,-0.4583010673522949
pythia-410m,draw_1,2,286,30,35.81781585124674,3.416822838884961e-28,medium,-0.8418861627578735
pythia-410m,draw_1,2,2032,31,35.659564981109554,4.50650541556762e-28,control,-1.0940912961959839
pythia-410m,draw_1,2,4065,32,35.25047257969723,9.22269210019211e-28,very_high,-0.6672106981277466
pythia-410m,draw_1,2,2750,33,35.029052345284995,1.3593858327561044e-27,very_high,-0.817714273929596
pythia-410m,draw_1,2,2984,34,35.00086088034179,1.4282422119141033e-27,low,-0.49428024888038635
pythia-410m,draw_1,2,3278,35,34.914600551523925,1.66139530543212e-27,low,-0.5470144748687744
pythia-410m,draw_1,2,3241,36,34.69487204568489,2.4424523549157073e-27,very_high,-0.8105472922325134
pythia-410m,draw_1,2,3357,37,34.502795720437135,3.421383531739924e-27,control,-0.4291107952594757
pythia-410m,draw_1,2,3328,38,34.44987385292522,3.754443863642235e-27,very_high,-1.026985764503479
pythia-410m,draw_1,2,2219,39,34.29373676367481,4.938644861100159e-27,very_high,-0.08866938948631287
pythia-410m,draw_1,2,333,40,33.75715191926774,1.2681529489360711e-26,very_high,-0.5386170744895935
pythia-410m,draw_1,2,1403,41,33.49870134098982,1.998286635483628e-26,very_high,-0.41573721170425415
pythia-410m,draw_1,2,3856,42,32.92359041628915,5.503171547639182e-26,control,-0.7960588932037354
pythia-410m,draw_1,2,411,43,32.89356457609182,5.802319819137373e-26,low,-1.2086941003799438
pythia-410m,draw_1,2,3679,44,32.37666439434887,1.4442795099128414e-25,very_high,-0.2738204002380371
pythia-410m,draw_1,2,3109,45,32.346054903179635,1.5244804098698214e-25,very_high,-0.9730915427207947
pythia-410m,draw_1,2,954,46,32.26615520913015,1.7554812580364782e-25,very_high,-0.5228129625320435
pythia-410m,draw_1,2,298,47,32.093294687783505,2.382358424799709e-25,low,-0.8534747958183289
pythia-410m,draw_1,2,2147,48,31.81521965827249,3.894619841853696e-25,very_high,-0.5409125089645386
pythia-410m,draw_1,2,2713,49,31.718479259374188,4.621293368731161e-25,medium,-0.5913784503936768
pythia-410m,draw_1,3,1722,0,102.61676315316078,1.738543882292559e-74,very_high,-1.284153699874878
pythia-410m,draw_1,3,1987,1,87.19424180727685,1.5626021228007957e-64,very_high,-0.4808400273323059
pythia-410m,draw_1,3,1645,2,78.71189371985467,6.980156976956539e-59,very_high,-0.3690037727355957
pythia-410m,draw_1,3,4094,3,73.0430975425925,4.927690323260439e-55,low,0.08901016414165497
pythia-410m,draw_1,3,3664,4,69.06128324884745,2.7038302625491212e-52,low,0.1527884602546692
pythia-410m,draw_1,3,1320,5,68.1057783531208,1.2411209367432481e-51,very_high,-0.6700522899627686
pythia-410m,draw_1,3,2031,6,66.03964464749299,3.395698260821162e-50,very_high,-0.047097593545913696
pythia-410m,draw_1,3,1609,7,65.57816191866569,7.12924633793072e-50,low,-0.997957170009613
pythia-410m,draw_1,3,3495,8,61.43017940635953,5.847726961191672e-47,very_high,-7.004466533660889
pythia-410m,draw_1,3,2750,9,61.429450742696886,5.854663517409137e-47,very_high,-3.7351958751678467
pythia-410m,draw_1,3,587,10,58.74819814143686,4.668050043689382e-45,very_high,-0.7736736536026001
pythia-410m,draw_1,3,2785,11,57.804261485864345,2.1979585930579963e-44,very_high,-0.41808417439460754
pythia-410m,draw_1,3,2739,12,57.78749972659098,2.2593538110656825e-44,very_high,-0.25832903385162354
pythia-410m,draw_1,3,1661,13,52.15696078367468,2.542640540567168e-40,low,-0.5645533800125122
pythia-410m,draw_1,3,2784,14,51.43553563986218,8.492568018711563e-40,very_high,-0.6984760165214539
pythia-410m,draw_1,3,1112,15,49.65054086530417,1.696487430520001e-38,very_high,-0.45377787947654724
pythia-410m,draw_1,3,1040,16,49.258252786774506,3.2828141516083236e-38,very_high,-0.7412930130958557
pythia-410m,draw_1,3,672,17,49.15913906448288,3.879108771348139e-38,low,-1.2052663564682007
pythia-410m,draw_1,3,2104,18,48.00367104021416,2.7244188576563927e-37,very_high,-0.7076707482337952
pythia-410m,draw_1,3,1354,19,47.834182401072766,3.628117321699377e-37,very_high,-0.47084784507751465
pythia-410m,draw_1,3,3288,20,47.38746656986818,7.724396825807405e-37,very_high,-5.284329414367676
pythia-410m,draw_1,3,1653,21,45.9210439431333,9.291996708026789e-36,control,-0.6433364748954773
pythia-410m,draw_1,3,1146,22,44.82703995114902,5.983279762473327e-35,very_high,-0.4999440610408783
pythia-410m,draw_1,3,641,23,44.16169770895238,1.8624056977386629e-34,very_high,-0.2207329273223877
pythia-410m,draw_1,3,2927,24,44.097123758801416,2.0796218523170834e-34,control,-0.23652441799640656
pythia-410m,draw_1,3,1612,25,43.3092605016857,8.002737823945053e-34,very_high,-0.3996990919113159
pythia-410m,draw_1,3,3912,26,43.30825981077717,8.016462587334325e-34,very_high,-0.8205921649932861
pythia-410m,draw_1,3,3729,27,42.5331549175818,3.027164283743233e-33,very_high,-0.40078532695770264
pythia-410m,draw_1,3,533,28,42.516765507676276,3.113517479418547e-33,very_high,-0.4279537498950958
pythia-410m,draw_1,3,3466,29,41.746543748773846,1.169364627872373e-32,very_high,-0.4020978510379791
pythia-410m,draw_1,3,2521,30,41.728984768414406,1.2052194231325652e-32,very_high,-0.5737741589546204
pythia-410m,draw_1,3,542,31,41.223578063660646,2.876554975088992e-32,low,-1.0291616916656494
pythia-410m,draw_1,3,1079,32,40.506519223073916,9.904239277779143e-32,very_high,-0.8843255043029785
pythia-410m,draw_1,3,1856,33,40.40487263023892,1.180386162063752e-31,very_high,-0.8016113042831421
pythia-410m,draw_1,3,655,34,40.36052362389363,1.2743207741738222e-31,very_high,-0.41165727376937866
pythia-410m,draw_1,3,2921,35,40.339576438465464,1.3212568250069456e-31,very_high,-0.7007387280464172
pythia-410m,draw_1,3,3415,36,40.275681928452116,1.475394072746061e-31,very_high,-0.5697768926620483
pythia-410m,draw_1,3,3879,37,39.74721274809962,3.677816804118594e-31,low,-0.707646906375885
pythia-410m,draw_1,3,1710,38,39.52795924608754,5.3745307259153415e-31,very_high,-0.6914423108100891
pythia-410m,draw_1,3,2686,39,39.27361772047423,8.348031627977015e-31,control,-0.7886747121810913
pythia-410m,draw_1,3,688,40,39.06741792163305,1.1932447261462575e-30,low,-0.41438618302345276
pythia-410m,draw_1,3,2464,41,38.811801000957864,1.8585808490556333e-30,low,-0.5538338422775269
pythia-410m,draw_1,3,3632,42,38.43000002778719,3.6049051571825464e-30,very_high,-0.1464860737323761
pythia-410m,draw_1,3,3191,43,38.3792024877654,3.937281027633707e-30,very_high,-0.5780980587005615
pythia-410m,draw_1,3,2082,44,38.33269856089427,4.268411536831667e-30,very_high,-4.513583183288574
pythia-410m,draw_1,3,1490,45,38.045843064962625,7.02575450583034e-30,very_high,-0.6971598267555237
pythia-410m,draw_1,3,4089,46,37.838051770479325,1.0082682020198433e-29,very_high,-0.5167220234870911
pythia-410m,draw_1,3,813,47,37.14848075214445,3.348568377247898e-29,very_high,-0.08002804964780807
pythia-410m,draw_1,3,2982,48,36.89313269352204,5.225712457906555e-29,very_high,-0.7085240483283997
pythia-410m,draw_1,3,3048,49,36.779597079328155,6.369874451679423e-29,very_high,-0.9733612537384033
pythia-410m,draw_1,4,744,0,104.17548979295654,1.803707151731888e-75,low,-0.46926432847976685
pythia-410m,draw_1,4,2748,1,73.10835588424636,4.44628423494756e-55,low,-0.26153209805488586
pythia-410m,draw_1,4,2370,2,69.32522550118517,1.7760956255194594e-52,low,-0.3114181458950043
pythia-410m,draw_1,4,1892,3,66.86112193663939,9.089890081401589e-51,low,-0.3126766085624695
pythia-410m,draw_1,4,3899,4,63.482031517693805,2.0958276414570258e-48,low,-0.469556599855423
pythia-410m,draw_1,4,805,5,63.10809826324853,3.838780752990939e-48,low,-0.7455667853355408
pythia-410m,draw_1,4,132,6,62.28700266304268,1.4531313942734498e-47,low,-0.5704646110534668
pythia-410m,draw_1,4,2228,7,56.93756975255455,9.149859094477453e-44,low,-0.7733345627784729
pythia-410m,draw_1,4,577,8,56.38885424290068,2.2612288429143452e-43,very_high,-0.5031569600105286
pythia-410m,draw_1,4,1755,9,56.274484098713266,2.7309920140589227e-43,low,-0.09900636970996857
pythia-410m,draw_1,4,2797,10,56.12193375478221,3.5132050483801433e-43,low,-0.22328141331672668
pythia-410m,draw_1,4,75,11,56.09984462921108,3.6437279686378885e-43,low,-0.622783362865448
pythia-410m,draw_1,4,1345,12,55.49944081998337,9.829626571197435e-43,very_high,-0.23457655310630798
pythia-410m,draw_1,4,1397,13,53.617438832517315,2.2296932779966664e-41,very_high,-1.0755890607833862
pythia-410m,draw_1,4,3139,14,52.92707258051439,7.036597111875949e-41,low,-0.6992888450622559
pythia-410m,draw_1,4,2522,15,51.72276513816477,5.25269931227972e-40,very_high,-0.511136531829834
pythia-410m,draw_1,4,1615,16,51.29634765315838,1.0720437543324149e-39,low,0.9131951928138733
pythia-410m,draw_1,4,3291,17,50.57827159804988,3.571117263093729e-39,very_high,-0.6520165801048279
pythia-410m,draw_1,4,321,18,50.49204953235645,4.126911079917813e-39,very_high,-1.304248571395874
pythia-410m,draw_1,4,576,19,50.3011573279417,5.6854242886833377e-39,low,-0.14227938652038574
pythia-410m,draw_1,4,1225,20,49.71932901998898,1.5111621589073769e-38,low,-0.1787797063589096
pythia-410m,draw_1,4,1933,21,49.12921123315571,4.0796539700330677e-38,very_high,-0.6685792803764343
pythia-410m,draw_1,4,3152,22,48.934743738663585,5.661298984306212e-38,very_high,-0.6996414065361023
pythia-410m,draw_1,4,2964,23,48.676914061890955,8.743638584738845e-38,very_high,-1.1145594120025635
pythia-410m,draw_1,4,1569,24,48.49156752332996,1.1953175683466432e-37,low,-0.30787476897239685
pythia-410m,draw_1,4,2263,25,48.34691059707759,1.5258554765476107e-37,control,-0.5069770812988281
pythia-410m,draw_1,4,2811,26,48.33765327538542,1.549887866095559e-37,very_high,-0.45044344663619995
pythia-410m,draw_1,4,1453,27,48.05101734655185,2.514962938252221e-37,control,-0.6355494260787964
pythia-410m,draw_1,4,2128,28,47.891803854440134,3.2913913513414395e-37,low,-0.19422298669815063
pythia-410m,draw_1,4,36,29,47.32946296039875,8.52133950408985e-37,low,-0.5180655717849731
pythia-410m,draw_1,4,3620,30,46.73526541109112,2.3321478908304117e-36,low,-0.33816391229629517
pythia-410m,draw_1,4,1500,31,46.33983478934792,4.561917072202049e-36,low,-0.3760215938091278
pythia-410m,draw_1,4,1342,32,46.05692109882058,7.37608479702706e-36,very_high,-0.35065215826034546
pythia-410m,draw_1,4,3673,33,44.754855459279796,6.766992743034031e-35,control,-0.5684823393821716
pythia-410m,draw_1,4,476,34,44.36356280349437,1.3193460823525121e-34,low,1.160338044166565
pythia-410m,draw_1,4,1877,35,44.08470202413113,2.124230181167857e-34,very_high,-0.7802107930183411
pythia-410m,draw_1,4,494,36,43.86080963840587,3.114514001484439e-34,low,-0.2298068255186081
pythia-410m,draw_1,4,1380,37,43.85503075377764,3.1454383537528157e-34,very_high,-0.37982097268104553
pythia-410m,draw_1,4,2030,38,43.790502994716874,3.512356369972153e-34,low,-0.4261396825313568
pythia-410m,draw_1,4,2949,39,43.622594361689316,4.680865549063378e-34,very_high,-0.5037062168121338
pythia-410m,draw_1,4,1384,40,43.324888212097534,7.791427802835426e-34,low,-0.6587798595428467
pythia-410m,draw_1,4,3190,41,42.87198869977252,1.6928714475335934e-33,low,-0.5248426198959351
pythia-410m,draw_1,4,2103,42,42.038022576657426,7.084623130415845e-33,control,-0.3445754051208496
pythia-410m,draw_1,4,3198,43,41.77450366606332,1.1144635187247375e-32,very_high,-0.42541247606277466
pythia-410m,draw_1,4,136,44,41.04003322028492,3.9464936652629494e-32,very_high,-1.1731034517288208
pythia-410m,draw_1,4,2123,45,40.91776764592833,4.872333201340802e-32,low,0.34946390986442566
pythia-410m,draw_1,4,1393,46,40.84660045329865,5.508404973449472e-32,low,-0.7844288349151611
pythia-410m,draw_1,4,3221,47,40.75291981178451,6.4742397060718e-32,low,-0.6760724782943726
pythia-410m,draw_1,4,1149,48,40.45540821803525,1.0817716062235088e-31,very_high,-1.1825193166732788
pythia-410m,draw_1,4,2950,49,40.439011022431444,1.112829457895625e-31,low,-0.0077689276076853275
pythia-410m,draw_1,5,1929,0,89.79922131229446,3.0494283622243485e-66,very_high,-1.1164933443069458
pythia-410m,draw_1,5,2269,1,81.31530119945974,1.2475150007312772e-60,low,-0.4837803840637207
pythia-410m,draw_1,5,648,2,74.45311034398762,5.367385474245752e-56,low,0.12155057489871979
pythia-410m,draw_1,5,3743,3,70.71033626255849,1.9672186147386248e-53,low,-0.4880399703979492
pythia-410m,draw_1,5,1488,4,69.00781322693109,2.9442151371719497e-52,very_high,-0.4070863723754883
pythia-410m,draw_1,5,2792,5,63.59832190168521,1.7364844361734233e-48,low,0.5930868983268738
pythia-410m,draw_1,5,4033,6,60.15165106881303,4.698696668280195e-46,very_high,-0.6967871189117432
pythia-410m,draw_1,5,1490,7,59.58169342766394,1.1925066524405985e-45,high,-0.7074390053749084
pythia-410m,draw_1,5,3167,8,58.83180251223479,4.070279429950818e-45,low,-0.0322369821369648
pythia-410m,draw_1,5,1853,9,58.81985103962481,4.15078910890761e-45,low,-0.4923609793186188
pythia-410m,draw_1,5,3078,10,58.31472299434832,9.504210633103234e-45,low,0.6220566034317017
pythia-410m,draw_1,5,2649,11,57.61974374916988,2.9768811590456583e-44,low,-0.165249764919281
pythia-410m,draw_1,5,3554,12,57.49370617557962,3.662596935609052e-44,low,0.246089369058609
pythia-410m,draw_1,5,1013,13,57.050428133594224,7.597536741945059e-44,low,-0.6895833611488342
pythia-410m,draw_1,5,2240,14,55.944793675291756,4.70735710260985e-43,control,-0.20539848506450653
pythia-410m,draw_1,5,962,15,55.11968689974912,1.842955117413136e-42,very_high,-0.5396698117256165
pythia-410m,draw_1,5,1348,16,53.423002371610565,3.08119604701901e-41,low,-0.44891464710235596
pythia-410m,draw_1,5,1802,17,53.1638622851123,4.74307396495719e-41,very_high,-0.49444010853767395
pythia-410m,draw_1,5,2024,18,51.92924659883711,3.719545023998273e-40,very_high,-0.8314273953437805
pythia-410m,draw_1,5,2137,19,51.78081202257156,4.766891388189055e-40,very_high,-0.20972618460655212
pythia-410m,draw_1,5,3314,20,51.714701866265756,5.3239963897789644e-40,low,0.2601698338985443
pythia-410m,draw_1,5,2267,21,51.64933961966926,5.938900111834112e-40,low,-0.31840115785598755
pythia-410m,draw_1,5,3175,22,50.68035864198863,3.009149672101352e-39,low,-0.11131150275468826
pythia-410m,draw_1,5,773,23,50.4918865256204,4.128039953442816e-39,low,-0.13464049994945526
pythia-410m,draw_1,5,1337,24,49.16099308820095,3.8670149593673266e-38,very_high,-0.9223856329917908
pythia-410m,draw_1,5,2454,25,48.68288747392582,8.655996292959411e-38,very_high,-0.9383558630943298
pythia-410m,draw_1,5,3479,26,48.669115622201346,8.859396924271325e-38,low,-0.117756687104702
pythia-410m,draw_1,5,2554,27,48.56248308005429,1.0605221829264078e-37,very_high,-0.1918468177318573
pythia-410m,draw_1,5,2954,28,45.7737898557323,1.1935276032298224e-35,low,0.36511775851249695
pythia-410m,draw_1,5,3598,29,45.04829899111116,4.1034909588162683e-35,low,-0.5667409300804138
pythia-410m,draw_1,5,2219,30,44.91724028573896,5.130463417404426e-35,low,0.044265661388635635
pythia-410m,draw_1,5,944,31,44.85367082121811,5.717688804549288e-35,low,0.01626383326947689
pythia-410m,draw_1,5,1917,32,44.717313773268444,7.214423269694018e-35,control,-0.04883956164121628
pythia-410m,draw_1,5,3457,33,44.64664133143516,8.138688481282787e-35,low,-0.3670956492424011
pythia-410m,draw_1,5,1580,34,44.540369278611436,9.756599590803187e-35,low,-0.6688480377197266
pythia-410m,draw_1,5,2740,35,43.95883315055956,2.6340096444914295e-34,low,-0.5267674326896667
pythia-410m,draw_1,5,3547,36,43.957077797972275,2.64192425359562e-34,low,0.22679799795150757
pythia-410m,draw_1,5,2631,37,43.224482846448126,9.253209712512011e-34,low,-0.7259979844093323
pythia-410m,draw_1,5,3017,38,43.07227524520521,1.2009793857533946e-33,low,-0.2504528760910034
pythia-410m,draw_1,5,1275,39,42.7407616018948,2.1200790250441335e-33,low,-0.17510925233364105
pythia-410m,draw_1,5,4063,40,42.597061982541405,2.7127534870792307e-33,very_high,-0.5837842226028442
pythia-410m,draw_1,5,2406,41,42.57854563804701,2.800325000397989e-33,low,0.309646338224411
pythia-410m,draw_1,5,533,42,42.44810768014431,3.5029130453103316e-33,very_high,-0.920445442199707
pythia-410m,draw_1,5,4093,43,42.23257688701255,5.0716835887518606e-33,low,0.034512959420681
pythia-410m,draw_1,5,636,44,41.919389548545716,8.687057383010211e-33,low,0.21142616868019104
pythia-410m,draw_1,5,1876,45,41.838035699903884,9.991208418382396e-33,control,-0.5285747647285461
pythia-410m,draw_1,5,3888,46,41.5199643891119,1.726830417386014e-32,very_high,-0.831982433795929
pythia-410m,draw_1,5,4045,47,41.41741110219522,2.0602169957660273e-32,low,-0.1300954818725586
pythia-410m,draw_1,5,3387,48,41.182708582907644,3.0863658153394173e-32,low,-0.04370584338903427
pythia-410m,draw_1,5,2950,49,41.16372745711791,3.1889558160333553e-32,control,-0.3024411201477051
pythia-410m,draw_1,6,3160,0,109.7665025590973,5.735472618645134e-79,very_high,-0.6118051409721375
pythia-410m,draw_1,6,2011,1,88.76138589255024,1.4585748135294665e-65,low,0.6104052066802979
pythia-410m,draw_1,6,275,2,83.01956033998792,9.088644798836663e-62,low,-0.30382922291755676
pythia-410m,draw_1,6,2911,3,72.8615244109568,6.560060073648096e-55,very_high,-0.253778338432312
pythia-410m,draw_1,6,1931,4,72.2884931019852,1.619880303522146e-54,very_high,-0.6397312879562378
pythia-410m,draw_1,6,1844,5,70.80812237888833,1.6847126872492647e-53,low,-0.474715918302536
pythia-410m,draw_1,6,2995,6,70.78859243975738,1.7376846668028687e-53,very_high,-0.8018667101860046
pythia-410m,draw_1,6,1277,7,69.9346204298002,6.738821780695071e-53,very_high,0.007265489548444748
pythia-410m,draw_1,6,338,8,67.60145594240075,2.77869518603061e-51,very_high,-0.5105019807815552
pythia-410m,draw_1,6,1394,9,67.17105317755583,5.532867233172656e-51,very_high,-0.33760085701942444
pythia-410m,draw_1,6,185,10,65.67644507764895,6.087058239856036e-50,low,-0.6519939303398132
pythia-410m,draw_1,6,123,11,61.43373730528037,5.813975389214322e-47,very_high,-0.1361626386642456
pythia-410m,draw_1,6,1459,12,59.97306388299731,6.2899375038825796e-46,very_high,-0.4421980679035187
pythia-410m,draw_1,6,2536,13,59.964948485850485,6.373881032954442e-46,low,-0.2512649893760681
pythia-410m,draw_1,6,4006,14,59.68270978712428,1.0109393600635542e-45,very_high,-1.5439565181732178
pythia-410m,draw_1,6,3397,15,59.553761255396864,1.2482458664481346e-45,control,-0.1677573323249817
pythia-410m,draw_1,6,729,16,58.88739188331587,3.7158854921870117e-45,control,-0.45004019141197205
pythia-410m,draw_1,6,3189,17,57.781394204347244,2.2821415561846243e-44,low,-0.4966227114200592
pythia-410m,draw_1,6,3019,18,57.76329332110908,2.351061860464356e-44,very_high,-0.6434289813041687
pythia-410m,draw_1,6,558,19,57.63963321144353,2.881094672049322e-44,low,0.03483262658119202
pythia-410m,draw_1,6,2561,20,56.34866168042587,2.416294784596555e-43,very_high,-0.9355255961418152
pythia-410m,draw_1,6,779,21,56.18356645974966,3.1732579831705854e-43,very_high,-0.9826927781105042
pythia-410m,draw_1,6,506,22,55.12999461745266,1.8117631469387835e-42,very_high,-0.23798367381095886
pythia-410m,draw_1,6,1500,23,52.773403678792405,9.090631619206811e-41,very_high,-0.5657892227172852
pythia-410m,draw_1,6,1207,24,52.41215161530455,1.6606283038747278e-40,low,-0.675541877746582
pythia-410m,draw_1,6,3859,25,52.31567928586162,1.950737641780204e-40,low,0.3076304793357849
pythia-410m,draw_1,6,2482,26,51.97902073037153,3.4227090918313843e-40,low,-0.6459442377090454
pythia-410m,draw_1,6,2757,27,51.14403956263467,1.3834659066296232e-39,very_high,-1.093910813331604
pythia-410m,draw_1,6,370,28,50.56279451598102,3.665046696666501e-39,low,-0.7419379949569702
pythia-410m,draw_1,6,2295,29,49.85354827806221,1.205901764218163e-38,control,-0.9273080825805664
pythia-410m,draw_1,6,1855,30,49.49909485758378,2.1887395016706315e-38,very_high,-1.0374606847763062
pythia-410m,draw_1,6,3352,31,48.620249763242654,9.620525570032157e-38,very_high,-0.6765933036804199
pythia-410m,draw_1,6,3736,32,48.32615785384494,1.5802588656807709e-37,very_high,-0.5894436240196228
pythia-410m,draw_1,6,3253,33,47.955984334523265,2.953049051801066e-37,very_high,-1.2776172161102295
pythia-410m,draw_1,6,1400,34,47.416422258531256,7.354945483216356e-37,very_high,-0.7545633912086487
pythia-410m,draw_1,6,3214,35,46.72446606172046,2.3752523091950093e-36,low,0.24809464812278748
pythia-410m,draw_1,6,2824,36,46.62410788451467,2.8160129138422586e-36,low,0.039569273591041565
pythia-410m,draw_1,6,1051,37,46.49035352867472,3.533395147696346e-36,very_high,-0.39577117562294006
pythia-410m,draw_1,6,2613,38,46.45220413672798,3.769724634845444e-36,very_high,-1.3189232349395752
pythia-410m,draw_1,6,511,39,46.08258949738837,7.061319501946219e-36,low,0.06139497458934784
pythia-410m,draw_1,6,689,40,46.019407261178095,7.86156223374836e-36,low,-1.706261157989502
pythia-410m,draw_1,6,3829,41,45.67610368154723,1.4092336565721168e-35,very_high,-0.6432942748069763
pythia-410m,draw_1,6,3801,42,45.641193640543484,1.4954511820079821e-35,very_high,-0.6341120004653931
pythia-410m,draw_1,6,247,43,45.390815314151276,2.2898656540766616e-35,very_high,-0.2652060389518738
pythia-410m,draw_1,6,2512,44,45.378262891679164,2.3393225632951245e-35,very_high,-0.8437724709510803
pythia-410m,draw_1,6,2339,45,45.306377306185105,2.643881937369042e-35,very_high,-0.28796327114105225
pythia-410m,draw_1,6,595,46,44.45928090344909,1.1204647962192662e-34,low,0.0734783262014389
pythia-410m,draw_1,6,2389,47,44.27622621283455,1.5315190748597558e-34,very_high,-0.745074987411499
pythia-410m,draw_1,6,3735,48,44.20692223086661,1.7239535775502083e-34,very_high,-0.4513711929321289
pythia-410m,draw_1,6,3563,49,43.77252879263978,3.6219922718810794e-34,very_high,-0.6799799203872681
pythia-410m,draw_1,7,1220,0,125.76872836215495,1.0338872407610909e-88,low,0.2599889039993286
pythia-410m,draw_1,7,1215,1,118.77573868253829,1.6795493599759658e-84,very_high,-2.5047390460968018
pythia-410m,draw_1,7,3110,2,97.4201674328915,3.543609419819222e-71,very_high,-1.4175300598144531
pythia-410m,draw_1,7,1175,3,91.24808522400167,3.454812218090288e-67,very_high,-0.8976714611053467
pythia-410m,draw_1,7,2575,4,80.99009225145652,2.059240366404892e-60,very_high,-0.40673768520355225
pythia-410m,draw_1,7,2619,5,80.97548916564759,2.1061306773002373e-60,very_high,-0.476279079914093
pythia-410m,draw_1,7,3037,6,80.35216334144155,5.510935043914983e-60,low,-0.3803459405899048
pythia-410m,draw_1,7,3800,7,78.01818444584825,2.0496162590132636e-58,very_high,-0.6226235628128052
pythia-410m,draw_1,7,2151,8,76.4930284981498,2.2043097357347947e-57,very_high,-0.34624484181404114
pythia-410m,draw_1,7,2736,9,76.25738051155882,3.18452217184928e-57,low,0.2168496996164322
pythia-410m,draw_1,7,1074,10,74.8634463818199,2.819978395917031e-56,very_high,-1.0719621181488037
pythia-410m,draw_1,7,1427,11,71.30478026092484,7.670984157819652e-54,control,-0.3958056569099426
pythia-410m,draw_1,7,1201,12,67.05625923008202,6.649466653385833e-51,low,0.9892480969429016
pythia-410m,draw_1,7,1778,13,66.5067498146339,1.6043905587933484e-50,low,-0.9343928098678589
pythia-410m,draw_1,7,1584,14,66.17274654124249,2.742210310369978e-50,very_high,-1.137017011642456
pythia-410m,draw_1,7,3056,15,65.62831958042494,6.57678455238239e-50,very_high,-0.8797023296356201
pythia-410m,draw_1,7,1810,16,64.35746037552353,5.094328978880005e-49,very_high,-0.2748320698738098
pythia-410m,draw_1,7,3070,17,63.510874253417995,2.000291940528321e-48,low,0.26300323009490967
pythia-410m,draw_1,7,3674,18,63.1758773711883,3.439782770650148e-48,very_high,-0.8544396758079529
pythia-410m,draw_1,7,1320,19,63.101906787746486,3.87746249390443e-48,very_high,-0.9223386645317078
pythia-410m,draw_1,7,2011,20,62.4923307967322,1.0413926214114015e-47,very_high,-1.2795692682266235
pythia-410m,draw_1,7,3290,21,61.84579178599007,2.975074453218155e-47,very_high,0.3157484233379364
pythia-410m,draw_1,7,3240,22,61.64992263005372,4.0904443986230996e-47,very_high,-1.3526496887207031
pythia-410m,draw_1,7,1988,23,61.14500651431318,9.301704561821426e-47,low,1.3131461143493652
pythia-410m,draw_1,7,141,24,60.637759847040975,2.1257369313694627e-46,very_high,-1.0616377592086792
pythia-410m,draw_1,7,4085,25,59.84452108216732,7.75994895144869e-46,very_high,-0.6455555558204651
pythia-410m,draw_1,7,3100,26,59.637724608844934,1.0880988372038314e-45,very_high,-1.0570036172866821
pythia-410m,draw_1,7,2365,27,59.24037148606036,2.0844786882577113e-45,low,-0.7755122184753418
pythia-410m,draw_1,7,2024,28,57.578711418223484,3.18468922758326e-44,control,-1.3812255859375
pythia-410m,draw_1,7,2745,29,57.2817222747763,5.191340913685925e-44,control,-1.2559831142425537
pythia-410m,draw_1,7,1338,30,56.82800416741756,1.0960359614896245e-43,very_high,-0.41553500294685364
pythia-410m,draw_1,7,2748,31,56.25222409234452,2.833208770360938e-43,low,0.11327847093343735
pythia-410m,draw_1,7,3760,32,55.91109671913529,4.976881044696355e-43,control,-0.9592864513397217
pythia-410m,draw_1,7,2717,33,53.87503661666996,1.4529733840465202e-41,very_high,-0.06778950244188309
pythia-410m,draw_1,7,1105,34,53.83878632098616,1.5432008450919628e-41,very_high,-0.785523533821106
pythia-410m,draw_1,7,2315,35,53.76522599210319,1.7439144425522232e-41,control,-0.6505082845687866
pythia-410m,draw_1,7,2355,36,53.67938776453527,2.0114312118841248e-41,low,-0.5558420419692993
pythia-410m,draw_1,7,5,37,53.40674282486314,3.1657006019773517e-41,low,-0.05142270401120186
pythia-410m,draw_1,7,2189,38,52.77398749290417,9.081788442333848e-41,very_high,-0.7349814772605896
pythia-410m,draw_1,7,4073,39,52.542158369906055,1.3368087823981287e-40,very_high,-0.5115258693695068
pythia-410m,draw_1,7,1704,40,51.361371472413204,9.614856271552484e-40,very_high,-1.5624123811721802
pythia-410m,draw_1,7,1076,41,50.83172106079805,2.334698384674296e-39,low,-0.4659741222858429
pythia-410m,draw_1,7,1172,42,50.61209775640078,3.37413703466268e-39,low,0.2811048924922943
pythia-410m,draw_1,7,945,43,50.34024019568413,5.324391515482094e-39,very_high,-0.7069436311721802
pythia-410m,draw_1,7,1196,44,49.849185078852045,1.2147785096105013e-38,very_high,-0.7740737795829773
pythia-410m,draw_1,7,2539,45,48.50932285693754,1.1600375808303515e-37,control,-0.5100219249725342
pythia-410m,draw_1,7,3463,46,48.3040936400539,1.6402330329421954e-37,very_high,-0.7828915119171143
pythia-410m,draw_1,7,1592,47,48.23578183118642,1.8407621785719269e-37,low,0.23025423288345337
pythia-410m,draw_1,7,1462,48,47.9368044194362,3.0503378057850514e-37,low,-1.0536363124847412
pythia-410m,draw_1,7,1388,49,47.90023910270738,3.2447968442241787e-37,very_high,-0.5983991622924805
pythia-410m,draw_1,8,3272,0,106.43863844015605,6.8297793108907316e-77,low,-0.06876097619533539
pythia-410m,draw_1,8,1763,1,86.47899507394386,4.627346747412426e-64,very_high,-0.6140120029449463
pythia-410m,draw_1,8,252,2,82.36832593121098,2.46925237671397e-61,low,0.04124104976654053
pythia-410m,draw_1,8,575,3,78.6757419351409,7.382826676980196e-59,very_high,-2.3700613975524902
pythia-410m,draw_1,8,3491,4,75.00227740979061,2.2685391326476863e-56,low,-0.4029296338558197
pythia-410m,draw_1,8,1989,5,73.44625805871975,2.6118644513806502e-55,very_high,-0.6097052097320557
pythia-410m,draw_1,8,2390,6,71.28251389806073,7.946194559113143e-54,very_high,-0.6140785813331604
pythia-410m,draw_1,8,3329,7,67.24813505095563,4.8905287711339034e-51,very_high,-0.7411423325538635
pythia-410m,draw_1,8,2754,8,66.3678423649094,2.0049261732433774e-50,very_high,-1.3337738513946533
pythia-410m,draw_1,8,1057,9,63.52775429493016,1.94641669053323e-48,very_high,-0.6931582093238831
pythia-410m,draw_1,8,793,10,62.29243163365242,1.440383496332639e-47,very_high,-0.9946058988571167
pythia-410m,draw_1,8,3485,11,61.35651501075021,6.592370608293358e-47,low,0.4433157742023468
pythia-410m,draw_1,8,134,12,60.89722204766649,1.3926453546703676e-46,control,-1.1677131652832031
pythia-410m,draw_1,8,243,13,57.99504760333896,1.6064746666433758e-44,very_high,-1.211183786392212
pythia-410m,draw_1,8,2303,14,57.965922018971455,1.6852070774883496e-44,control,-0.011559541337192059
pythia-410m,draw_1,8,3672,15,54.36991270780225,6.387530983232386e-42,control,-0.20556728541851044
pythia-410m,draw_1,8,944,16,54.33333159899117,6.787341872198249e-42,low,1.0629156827926636
pythia-410m,draw_1,8,3132,17,54.12838878192912,9.538224052939763e-42,very_high,-0.6537973880767822
pythia-410m,draw_1,8,2614,18,53.92703752496915,1.3326897026213015e-41,very_high,-0.8973700404167175
pythia-410m,draw_1,8,2558,19,53.87134650091062,1.4619112013573927e-41,control,-0.19158965349197388
pythia-410m,draw_1,8,3003,20,53.25113365667107,4.10160032048421e-41,very_high,-0.6617032885551453
pythia-410m,draw_1,8,1472,21,52.78947600390004,8.850300934614066e-41,very_high,-0.7175275087356567
pythia-410m,draw_1,8,3444,22,51.97084833086548,3.4697656527321144e-40,very_high,-0.794859766960144
pythia-410m,draw_1,8,3492,23,51.4284042927859,8.594521949479399e-40,low,0.27609163522720337
pythia-410m,draw_1,8,2918,24,51.16139675383928,1.3438295439977468e-39,low,0.015773683786392212
pythia-410m,draw_1,8,2839,25,51.10395012075936,1.4795470710722755e-39,very_high,-0.754711925983429
pythia-410m,draw_1,8,33,26,50.894577887618354,2.1012421400153614e-39,low,-0.05858774855732918
pythia-410m,draw_1,8,3313,27,50.6621893355051,3.1022497711880026e-39,low,0.3122950792312622
pythia-410m,draw_1,8,3411,28,50.31950420306498,5.512986355790886e-39,very_high,-0.04449767991900444
pythia-410m,draw_1,8,168,29,48.760248437708135,7.597345438139555e-38,very_high,-0.7714880108833313
pythia-410m,draw_1,8,3732,30,47.219027171848325,1.0273485540407556e-36,control,-0.9420065879821777
pythia-410m,draw_1,8,3250,31,47.15294331882134,1.1490140137088035e-36,very_high,-0.3572937250137329
pythia-410m,draw_1,8,2315,32,46.1599548278288,6.191677782503959e-36,very_high,-1.1031618118286133
pythia-410m,draw_1,8,304,33,45.849192948415094,1.0499140876679875e-35,low,-0.26348215341567993
pythia-410m,draw_1,8,2961,34,44.37696670138194,1.2894978056326158e-34,very_high,-0.5001740455627441
pythia-410m,draw_1,8,1764,35,44.09983922651461,2.0699958661964104e-34,very_high,-0.11155375093221664
pythia-410m,draw_1,8,3346,36,43.53657274761492,5.4231121279301175e-34,very_high,-0.9236845970153809
pythia-410m,draw_1,8,176,37,43.457737845107594,6.20646407239633e-34,very_high,-0.060389649122953415
pythia-410m,draw_1,8,2810,38,43.0000558121448,1.3592026165021043e-33,low,-0.12135764211416245
pythia-410m,draw_1,8,3640,39,42.97617759372174,1.415982096685691e-33,very_high,-0.7963655591011047
pythia-410m,draw_1,8,2658,40,42.89189556240604,1.6360705049225514e-33,very_high,-0.43849846720695496
pythia-410m,draw_1,8,3564,41,42.76208690525305,2.043939794875284e-33,very_high,-0.9922717213630676
pythia-410m,draw_1,8,4044,42,42.66971312274756,2.3948523839162644e-33,very_high,-0.05184287950396538
pythia-410m,draw_1,8,3041,43,42.59763396870235,2.710092449621213e-33,low,0.7765870690345764
pythia-410m,draw_1,8,1143,44,42.416505873827184,3.698187396943559e-33,very_high,-0.22547844052314758
pythia-410m,draw_1,8,2894,45,42.28426026886153,4.6409038536837557e-33,very_high,-0.9761605262756348
pythia-410m,draw_1,8,2619,46,42.264335721795824,4.802454038069426e-33,low,0.0021036879625171423
pythia-410m,draw_1,8,578,47,41.530127209487375,1.6968901381345116e-32,very_high,-1.9704723358154297
pythia-410m,draw_1,8,1583,48,40.79383834458555,6.033095654048924e-32,very_high,-0.7233462333679199
pythia-410m,draw_1,8,2975,49,40.400668928983016,1.1889840646009052e-31,low,0.9671538472175598
pythia-410m,draw_1,9,1950,0,155.30804022583663,9.662853881078934e-106,very_high,-0.07100281119346619
pythia-410m,draw_1,9,3475,1,86.56114796072242,4.0844355179678185e-64,very_high,-0.8533533811569214
pythia-410m,draw_1,9,3159,2,85.64304503794403,1.6501418410646953e-63,very_high,-1.2632935047149658
pythia-410m,draw_1,9,617,3,83.3658568343593,5.345537012377682e-62,very_high,-1.1166703701019287
pythia-410m,draw_1,9,1070,4,76.81313166831352,1.337837910905599e-57,very_high,-0.7764637470245361
pythia-410m,draw_1,9,3601,5,71.62227569853239,4.641678835263867e-54,very_high,-0.9403055906295776
pythia-410m,draw_1,9,2623,6,71.3175676470609,7.517270716554658e-54,very_high,-1.036615252494812
pythia-410m,draw_1,9,930,7,68.76839939423608,4.311824104120484e-52,low,0.5071344375610352
pythia-410m,draw_1,9,2269,8,67.28381015552051,4.6190755707736837e-51,very_high,0.25589871406555176
pythia-410m,draw_1,9,2725,9,63.52653562855763,1.950257094898427e-48,very_high,-0.18997123837471008
pythia-410m,draw_1,9,2963,10,60.88831594063125,1.4130021043830099e-46,very_high,-0.4444856643676758
pythia-410m,draw_1,9,3346,11,60.72861070047702,1.833084658470526e-46,very_high,-0.48614993691444397
pythia-410m,draw_1,9,2537,12,57.69630421368374,2.6247657531667345e-44,control,-0.9618542194366455
pythia-410m,draw_1,9,3308,13,57.4559284823919,3.897441902740647e-44,very_high,-1.1120647192001343
pythia-410m,draw_1,9,1791,14,56.98724013206528,8.430937363365228e-44,very_high,-0.12272006273269653
pythia-410m,draw_1,9,957,15,56.48262343392254,1.9371098004871136e-43,low,-0.045673757791519165
pythia-410m,draw_1,9,2356,16,56.301832718864304,2.6104515523894697e-43,control,-0.29579344391822815
pythia-410m,draw_1,9,771,17,54.99991105841617,2.2473652619589906e-42,low,0.26162928342819214
pythia-410m,draw_1,9,512,18,53.58066926535239,2.370304054811216e-41,very_high,-1.1549761295318604
pythia-410m,draw_1,9,1249,19,52.60395371447635,1.205880873286546e-40,very_high,-0.32749128341674805
pythia-410m,draw_1,9,2296,20,52.14663111202431,2.5868828325394736e-40,low,-0.2713409960269928
pythia-410m,draw_1,9,3470,21,52.10985382761095,2.750755331422321e-40,very_high,-1.1392239332199097
pythia-410m,draw_1,9,2032,22,51.1385059687604,1.3963468158547684e-39,low,0.4400072693824768
pythia-410m,draw_1,9,2209,23,50.93891891288665,1.950762162196221e-39,low,0.3170333802700043
pythia-410m,draw_1,9,94,24,50.79746252601954,2.4727012664102905e-39,low,0.40724948048591614
pythia-410m,draw_1,9,3541,25,49.9726410755549,9.871620500438894e-39,low,-0.22211439907550812
pythia-410m,draw_1,9,864,26,49.68859213434778,1.5913239908427938e-38,low,0.4978017210960388
pythia-410m,draw_1,9,73,27,49.55734087261917,1.984426792744337e-38,very_high,-1.4219468832015991
pythia-410m,draw_1,9,397,28,48.87809537566436,6.228460434758846e-38,very_high,-1.568595290184021
pythia-410m,draw_1,9,1113,29,47.50253844701746,6.357500301109627e-37,very_high,-0.20353884994983673
pythia-410m,draw_1,9,3932,30,47.21882540282087,1.0276996531133579e-36,low,0.13779009878635406
pythia-410m,draw_1,9,2781,31,47.171694643436545,1.113094394920099e-36,low,0.6772967576980591
pythia-410m,draw_1,9,17,32,47.072178233946566,1.3174795374677152e-36,low,0.770087480545044
pythia-410m,draw_1,9,1914,33,47.05454123818607,1.3574416059364874e-36,very_high,-0.2895594835281372
pythia-410m,draw_1,9,2408,34,46.82164312237544,2.01441124338047e-36,very_high,-0.7446923851966858
pythia-410m,draw_1,9,2893,35,46.712979869916275,2.4219743171442817e-36,control,0.021934667602181435
pythia-410m,draw_1,9,283,36,46.072134541515744,7.187868677325156e-36,low,0.4118199944496155
pythia-410m,draw_1,9,1569,37,45.89747979057879,9.671733658577081e-36,low,-1.4486721754074097
pythia-410m,draw_1,9,2137,38,45.72474089991512,1.2973504122609361e-35,low,0.3141879737377167
pythia-410m,draw_1,9,2286,39,45.72330389375033,1.3005248734614672e-35,low,-0.29698696732521057
pythia-410m,draw_1,9,2751,40,44.90306139238187,5.255974673760553e-35,very_high,-0.48004230856895447
pythia-410m,draw_1,9,2343,41,44.6745124205015,7.760805491807177e-35,low,1.1428295373916626
pythia-410m,draw_1,9,2959,42,44.65379409766437,8.039986418412401e-35,very_high,-0.8318641781806946
pythia-410m,draw_1,9,71,43,44.22751938068886,1.6643608458574573e-34,low,0.2779737412929535
pythia-410m,draw_1,9,3136,44,43.99591250973056,2.472263781706987e-34,control,-0.2863556444644928
pythia-410m,draw_1,9,3981,45,43.92859015701896,2.7737523843026465e-34,control,-0.8810092210769653
pythia-410m,draw_1,9,220,46,43.22623725069449,9.225446711128116e-34,very_high,-0.05709341540932655
pythia-410m,draw_1,9,1870,47,42.73248496196775,2.1503892695363747e-33,low,0.03232678771018982
pythia-410m,draw_1,9,3059,48,42.41757267154317,3.691420913281856e-33,very_high,-0.7536599636077881
pythia-410m,draw_1,9,804,49,42.29446491404358,4.560283058842733e-33,very_high,-0.5578047633171082
pythia-410m,draw_1,10,475,0,117.70060272730758,7.568695674440452e-84,low,2.279858350753784
pythia-410m,draw_1,10,2163,1,115.69373488498671,1.2709930104774397e-82,low,2.008725166320801
pythia-410m,draw_1,10,967,2,107.46551896589725,1.5559482706471018e-77,control,-0.49448367953300476
pythia-410m,draw_1,10,1872,3,101.5482649921181,8.260422528583539e-74,low,1.8134793043136597
pythia-410m,draw_1,10,3986,4,97.00300247772802,6.562005650059575e-71,very_high,-1.746702790260315
pythia-410m,draw_1,10,3879,5,90.36856931676725,1.2945723269936656e-66,low,0.7653306722640991
pythia-410m,draw_1,10,3606,6,89.88329469928289,2.686815418966426e-66,low,0.0043532573617994785
pythia-410m,draw_1,10,2913,7,84.24682498718524,1.3885118256258554e-62,very_high,-1.0880531072616577
pythia-410m,draw_1,10,3092,8,78.026598757321,2.0229867606734177e-58,very_high,0.47760674357414246
pythia-410m,draw_1,10,2775,9,77.11405908103676,8.369469690602391e-58,low,1.0605205297470093
pythia-410m,draw_1,10,2637,10,74.7590526247665,3.321453033068357e-56,low,3.3150482177734375
pythia-410m,draw_1,10,490,11,71.84109474860185,3.284113185212869e-54,very_high,-0.17189975082874298
pythia-410m,draw_1,10,2352,12,71.19796174813848,9.084421431680604e-54,low,0.23200714588165283
pythia-410m,draw_1,10,1421,13,68.58210543085424,5.803174246797055e-52,very_high,0.24033379554748535
pythia-410m,draw_1,10,1679,14,67.90552365676373,1.7090042232811393e-51,low,-0.5225232839584351
pythia-410m,draw_1,10,800,15,64.09652364146866,7.762894192123973e-49,low,0.23413734138011932
pythia-410m,draw_1,10,846,16,63.5099553410188,2.0032672953722847e-48,very_high,-0.9832803010940552
pythia-410m,draw_1,10,2828,17,61.68758859381987,3.847463873771198e-47,very_high,-0.33021605014801025
pythia-410m,draw_1,10,1144,18,61.50650145192143,5.164946883704837e-47,low,2.0045876502990723
pythia-410m,draw_1,10,2448,19,60.50769743031065,2.628020681319909e-46,low,-0.35619038343429565
pythia-410m,draw_1,10,1053,20,58.9414672425158,3.400821507174366e-45,low,0.36884450912475586
pythia-410m,draw_1,10,3389,21,57.828215655235056,2.1131081238830843e-44,very_high,-0.9137006402015686
pythia-410m,draw_1,10,2017,22,57.230461552887704,5.648402776913703e-44,very_high,-1.3004941940307617
pythia-410m,draw_1,10,3083,23,55.830937670669286,5.681809554137273e-43,low,-0.32056790590286255
pythia-410m,draw_1,10,103,24,54.376689277194025,6.316099237805158e-42,low,0.13790209591388702
pythia-410m,draw_1,10,1127,25,54.19840389813029,8.491328232577126e-42,very_high,0.1763373762369156
pythia-410m,draw_1,10,3210,26,52.989860454870666,6.337651409983266e-41,low,0.1148887500166893
pythia-410m,draw_1,10,530,27,52.636904011833664,1.1414009505892709e-40,low,0.888763427734375
pythia-410m,draw_1,10,2502,28,52.24087636802477,2.2102006416377287e-40,very_high,-1.5861921310424805
pythia-410m,draw_1,10,3283,29,52.19235116111824,2.3967298259420646e-40,very_high,-1.032341718673706
pythia-410m,draw_1,10,2285,30,52.04966097176433,3.041703507385238e-40,low,0.719910204410553
pythia-410m,draw_1,10,3648,31,51.78867145029824,4.704669653879596e-40,very_high,-0.6699762344360352
pythia-410m,draw_1,10,2610,32,51.12845518626283,1.4200507244721666e-39,low,0.3449713885784149
pythia-410m,draw_1,10,624,33,50.82651178972828,2.355174420513082e-39,medium,0.9678951501846313
pythia-410m,draw_1,10,1535,34,50.23377180902667,6.366443592794072e-39,low,-0.12762559950351715
pythia-410m,draw_1,10,2254,35,49.74212690167668,1.4543292805640307e-38,low,-0.12032665312290192
pythia-410m,draw_1,10,144,36,49.70046934659871,1.5598552488116813e-38,very_high,-1.5560009479522705
pythia-410m,draw_1,10,158,37,49.63885905771754,1.730148784817557e-38,control,-0.3806736171245575
pythia-410m,draw_1,10,2069,38,49.58122403166849,1.9062780595028678e-38,low,-0.16786378622055054
pythia-410m,draw_1,10,2245,39,49.47630034422694,2.2743191241737662e-38,low,-0.11295813322067261
pythia-410m,draw_1,10,1420,40,49.44969635727117,2.3784493282061373e-38,low,0.19900695979595184
pythia-410m,draw_1,10,1179,41,49.018734108002505,4.914171748180994e-38,very_high,-0.7728809714317322
pythia-410m,draw_1,10,1188,42,48.957268587129725,5.450427163923364e-38,very_high,-0.7187963128089905
pythia-410m,draw_1,10,1309,43,48.2794155418014,1.7100174876842152e-37,very_high,-0.587472140789032
pythia-410m,draw_1,10,735,44,48.24734452308311,1.8051705283246184e-37,very_high,-0.7361910939216614
pythia-410m,draw_1,10,2607,45,47.93420972622629,3.0637434466650198e-37,low,0.7647073864936829
pythia-410m,draw_1,10,3241,46,47.7271463459972,4.347887916227302e-37,low,0.6820428371429443
pythia-410m,draw_1,10,3369,47,47.5848204359202,5.531281806104479e-37,very_high,-0.1585378348827362
pythia-410m,draw_1,10,3637,48,47.29529795401316,9.02877220831558e-37,low,1.7175837755203247
pythia-410m,draw_1,10,3156,49,47.0225513806811,1.433048555869152e-36,low,2.254093647003174
pythia-410m,draw_1,11,1063,0,376.00722324168424,2.8021804677048813e-205,low,0.559594988822937
pythia-410m,draw_1,11,2306,1,212.5082716891057,1.101197867215375e-135,low,0.8626447319984436
pythia-410m,draw_1,11,3975,2,121.633629838779,3.1305675752848082e-86,low,-0.38930100202560425
pythia-410m,draw_1,11,1489,3,114.65993960409995,5.465503609781027e-82,very_high,-0.5281077027320862
pythia-410m,draw_1,11,3227,4,95.82576228753503,3.747537383193487e-70,very_high,-0.3893252909183502
pythia-410m,draw_1,11,1498,5,94.11214112178159,4.779603854214442e-69,low,0.9712182879447937
pythia-410m,draw_1,11,2467,6,80.39767076850632,5.136926997250426e-60,low,0.6409531235694885
pythia-410m,draw_1,11,2137,7,77.41264829974841,5.257020954896973e-58,very_high,0.16625627875328064
pythia-410m,draw_1,11,466,8,76.19791592982473,3.49444365228177e-57,low,0.9615849256515503
pythia-410m,draw_1,11,1121,9,74.39065222424844,5.920196740410717e-56,very_high,0.5652278065681458
pythia-410m,draw_1,11,2805,10,73.38783899734803,2.8633894355050937e-55,low,0.6410620808601379
pythia-410m,draw_1,11,3797,11,72.88290744902953,6.342647164505193e-55,control,-0.8710913062095642
pythia-410m,draw_1,11,1855,12,68.11248222046667,1.2279043751112703e-51,very_high,-0.724522054195404
pythia-410m,draw_1,11,1931,13,66.30685770980497,2.2110736751546745e-50,very_high,-1.3020848035812378
pythia-410m,draw_1,11,1675,14,65.39979332612064,9.49850888233764e-50,very_high,-2.208482503890991
pythia-410m,draw_1,11,776,15,62.956948578920176,4.90359155752234e-48,low,0.18586185574531555
pythia-410m,draw_1,11,3718,16,60.699245486289634,1.9229712355077295e-46,low,0.5841496586799622
pythia-410m,draw_1,11,2360,17,60.69247178056553,1.9443244775254506e-46,low,-0.2618862986564636
pythia-410m,draw_1,11,657,18,60.045962510915146,5.583838975149103e-46,low,0.23278093338012695
pythia-410m,draw_1,11,3379,19,58.48211579622678,7.221565105046625e-45,very_high,-0.6560634970664978
pythia-410m,draw_1,11,2695,20,57.83620549589031,2.085542578191718e-44,low,-0.16992546617984772
pythia-410m,draw_1,11,3717,21,56.461075594131756,2.0072097790658455e-43,low,0.5328355431556702
pythia-410m,draw_1,11,2127,22,54.69419761605165,3.7300613532189867e-42,low,0.6313713788986206
pythia-410m,draw_1,11,3675,23,54.657495138552655,3.96411237830842e-42,very_high,-0.7529802918434143
pythia-410m,draw_1,11,3798,24,54.46153924126628,5.486595790782256e-42,very_high,-0.7729173302650452
pythia-410m,draw_1,11,3868,25,51.81048321910051,4.536218447000304e-40,low,1.0506269931793213
pythia-410m,draw_1,11,1034,26,51.44526375408048,8.355439838122379e-40,low,0.8116493821144104
pythia-410m,draw_1,11,3484,27,51.119817548572726,1.440743651605028e-39,low,1.0370686054229736
pythia-410m,draw_1,11,1409,28,50.65674238766159,3.130718255024113e-39,low,0.7707505226135254
pythia-410m,draw_1,11,445,29,50.64803478182524,3.176773135125034e-39,very_high,-0.6111682057380676
pythia-410m,draw_1,11,317,30,50.51329241951501,3.98241227224102e-39,low,-0.27194756269454956
pythia-410m,draw_1,11,1908,31,50.42218680938393,4.640214116975e-39,low,1.0451699495315552
pythia-410m,draw_1,11,3976,32,50.39084139445491,4.890851402910428e-39,low,0.37769752740859985
pythia-410m,draw_1,11,2315,33,50.1855480475093,6.903429770719018e-39,very_high,-0.511966347694397
pythia-410m,draw_1,11,1923,34,50.088545948841116,8.124935591127502e-39,low,0.8165993690490723
pythia-410m,draw_1,11,2771,35,50.07933083848812,8.251684216828419e-39,very_high,-0.2765599191188812
pythia-410m,draw_1,11,2187,36,49.85527024606028,1.202416400324026e-38,very_high,-0.2113867849111557
pythia-410m,draw_1,11,3681,37,48.995757204564754,5.108152039184877e-38,low,0.1361762136220932
pythia-410m,draw_1,11,2460,38,48.961784566422274,5.409106085320181e-38,low,-0.5232406854629517
pythia-410m,draw_1,11,1405,39,48.88104156489772,6.197607072152425e-38,very_high,-0.3724970519542694
pythia-410m,draw_1,11,3695,40,48.6149619079245,9.706719782865624e-38,low,0.5134819149971008
pythia-410m,draw_1,11,3412,41,48.42743769001143,1.3319367027135639e-37,low,1.7565231323242188
pythia-410m,draw_1,11,3112,42,48.30275288889216,1.6439500412398888e-37,low,0.4598630368709564
pythia-410m,draw_1,11,1146,43,47.02226146304802,1.4337527093042071e-36,very_high,-1.1243624687194824
pythia-410m,draw_1,11,2423,44,46.865189189332305,1.8710569984806105e-36,low,-0.5145775079727173
pythia-410m,draw_1,11,3228,45,46.475374622152444,3.624364076680072e-36,low,0.7275183200836182
pythia-410m,draw_1,11,2612,46,46.0181261582491,7.87869494959118e-36,low,-0.021836476400494576
pythia-410m,draw_1,11,310,47,45.91490561955315,9.389453253705281e-36,very_high,0.22160427272319794
pythia-410m,draw_1,11,565,48,45.54468095328578,1.7623116814152802e-35,low,-0.5962474346160889
pythia-410m,draw_1,11,1553,49,45.115858628078264,3.65732265414811e-35,low,0.16726040840148926
pythia-410m,draw_1,12,163,0,108.65561355037372,2.8155866444647396e-78,very_high,0.2566800117492676
pythia-410m,draw_1,12,3105,1,99.09363717464377,3.012342423211915e-72,very_high,-1.1089599132537842
pythia-410m,draw_1,12,3722,2,85.90085005501226,1.1145414044971987e-63,very_high,-0.5034362077713013
pythia-410m,draw_1,12,1915,3,84.73830410746172,6.554500397530664e-63,very_high,-0.8820343613624573
pythia-410m,draw_1,12,1037,4,80.99615351521972,2.0400861859415262e-60,low,-0.4424974024295807
pythia-410m,draw_1,12,2546,5,79.3789491693435,2.4823326205038094e-59,very_high,0.02200167253613472
pythia-410m,draw_1,12,4089,6,78.66432910434665,7.514717030125955e-59,low,0.7399837374687195
pythia-410m,draw_1,12,4070,7,70.69836763000123,2.0049077766127754e-53,low,0.836125910282135
pythia-410m,draw_1,12,1214,8,69.30538281415977,1.83308547631435e-52,very_high,0.25040000677108765
pythia-410m,draw_1,12,2830,9,68.89353113879376,3.532215995797183e-52,very_high,0.011547118425369263
pythia-410m,draw_1,12,3269,10,67.35105245306029,4.147782569108538e-51,very_high,-0.19648152589797974
pythia-410m,draw_1,12,147,11,66.33749195094893,2.104994620291594e-50,very_high,-0.35835668444633484
pythia-410m,draw_1,12,2805,12,65.82657436858341,4.781901780111233e-50,very_high,-0.8172749876976013
pythia-410m,draw_1,12,1588,13,60.990826169355664,1.1956731561511402e-46,very_high,-1.206885814666748
pythia-410m,draw_1,12,263,14,60.854711980894606,1.4925317027613477e-46,low,-0.18498878180980682
pythia-410m,draw_1,12,1269,15,60.17202287536929,4.544980819997651e-46,very_high,-0.8877999782562256
pythia-410m,draw_1,12,2391,16,59.166756219538996,2.3514593806071153e-45,low,-0.20843105018138885
pythia-410m,draw_1,12,1286,17,58.577900185561305,6.17163534726303e-45,very_high,-0.3105175793170929
pythia-410m,draw_1,12,1989,18,58.09963891074285,1.3529076531336366e-44,low,0.06819852441549301
pythia-410m,draw_1,12,1531,19,57.96865319729888,1.677662769558566e-44,very_high,-0.6681283712387085
pythia-410m,draw_1,12,640,20,57.448846272706,3.94311915415444e-44,very_high,-1.0675773620605469
pythia-410m,draw_1,12,737,21,55.912995614068784,4.961289832328311e-43,low,0.2160349190235138
pythia-410m,draw_1,12,878,22,55.6166027986314,8.097980185532815e-43,very_high,-0.43598616123199463
pythia-410m,draw_1,12,3982,23,55.33517388529546,1.2899735417820114e-42,low,-0.499677449464798
pythia-410m,draw_1,12,586,24,55.32828934489676,1.3047559714855604e-42,low,0.7249739766120911
pythia-410m,draw_1,12,338,25,55.323852528046054,1.3143724653037847e-42,very_high,-0.3014085590839386
pythia-410m,draw_1,12,369,26,53.19482084053892,4.5047610646400883e-41,very_high,0.19723597168922424
pythia-410m,draw_1,12,3616,27,52.793898909006415,8.785288783249919e-41,very_high,-0.366916686296463
pythia-410m,draw_1,12,3256,28,51.61036944688001,6.338867198807299e-40,very_high,0.1479274183511734
pythia-410m,draw_1,12,3079,29,51.37050485915266,9.46899498825112e-40,very_high,-1.2439621686935425
pythia-410m,draw_1,12,3095,30,51.1593295723993,1.3484897817054348e-39,low,-0.5515487790107727
pythia-410m,draw_1,12,209,31,50.95530375721044,1.8979305568895506e-39,very_high,-0.1403958797454834
pythia-410m,draw_1,12,4044,32,50.1633762640965,7.165321495396661e-39,very_high,-0.6849232316017151
pythia-410m,draw_1,12,821,33,49.44769966901536,2.386454537151067e-38,low,-0.03800616040825844
pythia-410m,draw_1,12,1903,34,49.31252643264148,2.9961429211875676e-38,very_high,-0.5025104880332947
pythia-410m,draw_1,12,2410,35,48.97137211206635,5.322417612421573e-38,very_high,-0.8485196232795715
pythia-410m,draw_1,12,860,36,48.926649108494,5.739058738750576e-38,very_high,-1.1231024265289307
pythia-410m,draw_1,12,1729,37,47.91274197168824,3.1769463173045593e-37,very_high,-0.5162729024887085
pythia-410m,draw_1,12,3440,38,47.228546645924204,1.0109195195837861e-36,very_high,-1.3129485845565796
pythia-410m,draw_1,12,3976,39,46.03544251297947,7.650246787451149e-36,low,-0.05038505792617798
pythia-410m,draw_1,12,3309,40,45.88924663973402,9.808043703055797e-36,very_high,-0.5355042219161987
pythia-410m,draw_1,12,2535,41,45.757363417476135,1.2273362431286953e-35,low,0.1322769969701767
pythia-410m,draw_1,12,1928,42,45.30765381564133,2.6381416885871827e-35,low,-0.33495476841926575
pythia-410m,draw_1,12,1151,43,45.293514195950394,2.7024280381608953e-35,low,0.9299142956733704
pythia-410m,draw_1,12,3300,44,45.212146667940026,3.104075375052128e-35,very_high,-0.2441103309392929
pythia-410m,draw_1,12,1593,45,45.19695868860308,3.185419111753471e-35,low,0.2520204186439514
pythia-410m,draw_1,12,1721,46,45.184427204766145,3.2541404849954395e-35,low,0.333465039730072
pythia-410m,draw_1,12,1659,47,45.17315914735477,3.317200492318981e-35,very_high,-0.6276791095733643
pythia-410m,draw_1,12,3270,48,44.9048756888106,5.239744523004026e-35,very_high,-0.5912514925003052
pythia-410m,draw_1,12,2676,49,44.603864035324094,8.7548382937781e-35,very_high,-0.5409110188484192
pythia-410m,draw_1,13,2838,0,190.57524843396993,1.240934428076436e-124,low,0.3444192111492157
pythia-410m,draw_1,13,2871,1,156.6329610444805,1.7715733428160595e-106,low,-1.9086230993270874
pythia-410m,draw_1,13,634,2,102.61764256673017,1.736318436368175e-74,very_high,-0.5682682394981384
pythia-410m,draw_1,13,3600,3,89.92807493667543,2.51164553434879e-66,low,-0.00017861684318631887
pythia-410m,draw_1,13,646,4,86.2514696749394,6.538871624771253e-64,low,0.07935871183872223
pythia-410m,draw_1,13,2374,5,84.6826299706857,7.135888969590046e-63,very_high,-0.7242380380630493
pythia-410m,draw_1,13,1999,6,79.60367614036146,1.7529727056181169e-59,control,0.00891586858779192
pythia-410m,draw_1,13,3442,7,73.85545711338094,1.3722697391376394e-55,low,0.5891757011413574
pythia-410m,draw_1,13,3142,8,72.67754726382212,8.767596679742735e-55,low,0.15259672701358795
pythia-410m,draw_1,13,2995,9,71.78492270541646,3.589064679328113e-54,low,1.0572320222854614
pythia-410m,draw_1,13,769,10,69.5467694675589,1.2484575743614652e-52,low,1.026398777961731
pythia-410m,draw_1,13,3771,11,68.68529855164702,4.922643488623289e-52,very_high,-0.28145238757133484
pythia-410m,draw_1,13,2542,12,68.58894778739281,5.740189778085537e-52,low,0.4176691472530365
pythia-410m,draw_1,13,1288,13,67.48978332106346,3.322108349245917e-51,low,0.28059664368629456
pythia-410m,draw_1,13,3449,14,67.25501712977066,4.836946886450212e-51,low,0.3681677579879761
pythia-410m,draw_1,13,18,15,65.50789691301522,7.982239695128303e-50,low,0.43057000637054443
pythia-410m,draw_1,13,228,16,64.7088870770829,2.8901463368429683e-49,low,0.10434070229530334
pythia-410m,draw_1,13,2584,17,64.51887921502843,3.926327468569754e-49,very_high,-1.060070276260376
pythia-410m,draw_1,13,1769,18,63.293696888687826,2.8425082796466945e-48,very_high,-0.023515356704592705
pythia-410m,draw_1,13,2631,19,62.58881825275917,8.905339535584815e-48,low,0.03984710946679115
pythia-410m,draw_1,13,2091,20,61.58325621567509,4.558799876214559e-47,low,0.678290069103241
pythia-410m,draw_1,13,709,21,60.92386819151248,1.3334776073540503e-46,very_high,0.21503055095672607
pythia-410m,draw_1,13,3858,22,59.88610764928623,7.250131831943288e-46,low,0.7809497117996216
pythia-410m,draw_1,13,3709,23,58.21426965379241,1.1207955941976037e-44,low,0.7869746685028076
pythia-410m,draw_1,13,864,24,58.13882295370078,1.2685966006523606e-44,very_high,-1.9230939149856567
pythia-410m,draw_1,13,2240,25,56.04720236581442,3.97470825310456e-43,low,0.06932562589645386
pythia-410m,draw_1,13,1400,26,55.975473690827535,4.474699862356715e-43,very_high,-0.27476054430007935
pythia-410m,draw_1,13,3642,27,55.795630369953244,6.023244907341727e-43,low,1.3376826047897339
pythia-410m,draw_1,13,3006,28,54.32953385418594,6.830259370448457e-42,low,-0.3616947829723358
pythia-410m,draw_1,13,3206,29,52.486579758474825,1.4666869262984949e-40,very_high,-1.1334824562072754
pythia-410m,draw_1,13,643,30,52.08631809481629,2.8610424166492702e-40,low,-0.001459018443711102
pythia-410m,draw_1,13,2881,31,51.714710967060476,5.3239153747292666e-40,very_high,-0.607952892780304
pythia-410m,draw_1,13,2512,32,50.973581409091324,1.8406850387403958e-39,low,0.01077518705278635
pythia-410m,draw_1,13,1911,33,50.96545372654317,1.8659241933323656e-39,low,-0.35533562302589417
pythia-410m,draw_1,13,3415,34,50.628598580757405,3.282034877715858e-39,low,-0.5696818828582764
pythia-410m,draw_1,13,1025,35,48.88293699224284,6.177838573421648e-38,very_high,-1.005301594734192
pythia-410m,draw_1,13,3092,36,48.67114408781674,8.829139918080285e-38,very_high,-0.34912002086639404
pythia-410m,draw_1,13,2243,37,48.61383664045996,9.725161692707362e-38,low,0.0071943374350667
pythia-410m,draw_1,13,2302,38,48.46920889689065,1.241277278687695e-37,very_high,-0.2381449192762375
pythia-410m,draw_1,13,244,39,48.03762778109981,2.5725051791447532e-37,low,-0.3549940288066864
pythia-410m,draw_1,13,165,40,48.00336062006504,2.7258482617466454e-37,very_high,-0.14388467371463776
pythia-410m,draw_1,13,2007,41,47.66036111714929,4.867781679229465e-37,very_high,-0.5760447382926941
pythia-410m,draw_1,13,1015,42,47.10691384068374,1.2421880964522266e-36,very_high,-0.2978127598762512
pythia-410m,draw_1,13,3871,43,46.93741286457318,1.6554669621651523e-36,low,0.09690769016742706
pythia-410m,draw_1,13,1548,44,46.9046103386658,1.7501138950430496e-36,low,-1.4182039499282837
pythia-410m,draw_1,13,780,45,46.57003405088853,3.0865599562220836e-36,very_high,-0.3364061713218689
pythia-410m,draw_1,13,3890,46,45.596179248101755,1.6144688413439107e-35,very_high,-2.097409725189209
pythia-410m,draw_1,13,2965,47,45.586652071261696,1.640850667419879e-35,low,-0.3969135284423828
pythia-410m,draw_1,13,654,48,45.52640082809795,1.8179903829599328e-35,low,1.7500882148742676
pythia-410m,draw_1,13,1819,49,44.809882373446115,6.160903485547686e-35,low,-1.5750436782836914
pythia-410m,draw_1,14,2800,0,128.31192707857562,3.168577778809096e-90,low,1.7228114604949951
pythia-410m,draw_1,14,2017,1,125.00314486420261,2.964503989705622e-88,low,1.1965546607971191
pythia-410m,draw_1,14,847,2,117.26776545724789,1.3891104959481932e-83,very_high,0.4243912100791931
pythia-410m,draw_1,14,1009,3,110.6271167987098,1.677170588960419e-79,low,-0.2183525711297989
pythia-410m,draw_1,14,1848,4,92.42767917007006,5.9029215132714384e-68,low,-0.5987156629562378
pythia-410m,draw_1,14,643,5,80.80478097663831,2.7404418298593574e-60,low,0.1923273354768753
pythia-410m,draw_1,14,3841,6,78.5876215985285,8.464557758745465e-59,low,0.4485872685909271
pythia-410m,draw_1,14,1126,7,77.33299081298419,5.951165263680742e-58,very_high,-3.530041217803955
pythia-410m,draw_1,14,2367,8,76.25044261902578,3.219213566811234e-57,low,1.2501025199890137
pythia-410m,draw_1,14,3140,9,73.61278952260426,2.0098349891954584e-55,very_high,-0.6368495225906372
pythia-410m,draw_1,14,1049,10,72.67761147658064,8.766708874345022e-55,control,-0.31650200486183167
pythia-410m,draw_1,14,338,11,70.65166944779718,2.159006982306631e-53,very_high,-0.49296995997428894
pythia-410m,draw_1,14,1110,12,70.38467742940327,3.297637451162694e-53,low,-0.9143270254135132
pythia-410m,draw_1,14,923,13,70.19291537796485,4.4709955063064105e-53,very_high,-0.23924130201339722
pythia-410m,draw_1,14,2530,14,68.60015479599718,5.63850418674727e-52,very_high,-0.10879018157720566
pythia-410m,draw_1,14,1927,15,66.62205479441228,1.3335089119668998e-50,low,0.16542355716228485
pythia-410m,draw_1,14,3343,16,64.19470108796848,6.6248818956735395e-49,low,-0.16428403556346893
pythia-410m,draw_1,14,2831,17,63.92305332093475,1.0273378217251784e-48,low,0.3840271532535553
pythia-410m,draw_1,14,2639,18,63.55122158167233,1.8739236898407358e-48,very_high,-0.7135201692581177
pythia-410m,draw_1,14,3717,19,62.79389908623343,6.386399347557718e-48,very_high,-0.4610574543476105
pythia-410m,draw_1,14,336,20,62.22556153606643,1.6055257796830949e-47,high,-0.058671917766332626
pythia-410m,draw_1,14,3677,21,60.08755474488476,5.217140952644287e-46,low,-0.054219409823417664
pythia-410m,draw_1,14,2514,22,59.63148172737712,1.099263057077678e-45,low,-0.15999090671539307
pythia-410m,draw_1,14,85,23,58.71208147755903,4.9527726855694706e-45,low,-0.07155784964561462
pythia-410m,draw_1,14,631,24,57.56361714367073,3.264738046149342e-44,low,0.23477084934711456
pythia-410m,draw_1,14,2269,25,55.749044934310305,6.505396367677878e-43,low,0.3416591286659241
pythia-410m,draw_1,14,2835,26,55.71997231644941,6.8256960388738155e-43,very_high,-0.5261715650558472
pythia-410m,draw_1,14,367,27,55.62859447271072,7.938973750159885e-43,very_high,-0.7359269261360168
pythia-410m,draw_1,14,3830,28,55.19356703676124,1.630740049273769e-42,low,-0.19360168278217316
pythia-410m,draw_1,14,3920,29,54.986893675858546,2.2963562881421056e-42,very_high,-0.5111103653907776
pythia-410m,draw_1,14,1453,30,54.98036483253826,2.321329034854821e-42,low,0.8479880094528198
pythia-410m,draw_1,14,1723,31,54.88522657509452,2.7176746950649755e-42,very_high,-0.5362744927406311
pythia-410m,draw_1,14,3956,32,54.1371840263329,9.399921341972409e-42,very_high,0.0991920605301857
pythia-410m,draw_1,14,481,33,53.255466154641226,4.072122960615512e-41,low,0.3075408339500427
pythia-410m,draw_1,14,1343,34,53.04924847836897,5.740657266765673e-41,very_high,-0.4978193938732147
pythia-410m,draw_1,14,984,35,52.81165066551096,8.529133724302792e-41,low,0.9686313271522522
pythia-410m,draw_1,14,2304,36,52.694167746389795,1.0374493826280846e-40,control,-0.5161714553833008
pythia-410m,draw_1,14,1535,37,52.34144983041798,1.8686055246823224e-40,low,-0.3168050944805145
pythia-410m,draw_1,14,4083,38,51.77072881132779,4.847927122232187e-40,very_high,-0.5473880767822266
pythia-410m,draw_1,14,1655,39,51.684103967299386,5.603480768260995e-40,low,1.1614487171173096
pythia-410m,draw_1,14,2119,40,51.61552607725398,6.284431578576435e-40,very_high,-0.5286080837249756
pythia-410m,draw_1,14,2014,41,51.36646803552564,9.533188200394104e-40,very_high,-0.3389158248901367
pythia-410m,draw_1,14,2719,42,50.24850324905102,6.210902259685294e-39,low,0.1532919853925705
pythia-410m,draw_1,14,2457,43,50.047624397529496,8.703113518200861e-39,low,-0.24338595569133759
pythia-410m,draw_1,14,1534,44,49.99665432040157,9.481241538999333e-39,very_high,-0.9098018407821655
pythia-410m,draw_1,14,3746,45,49.859288414275326,1.1943225873212422e-38,low,-0.10376913845539093
pythia-410m,draw_1,14,3476,46,49.806602466907556,1.3049227702131802e-38,very_high,-0.49060025811195374
pythia-410m,draw_1,14,3925,47,49.660170824647444,1.669232359872141e-38,low,-0.1834516078233719
pythia-410m,draw_1,14,484,48,49.06090377874626,4.5771513602079184e-38,very_high,0.5664324164390564
pythia-410m,draw_1,14,3286,49,48.60094516824928,9.93895986553753e-38,low,-0.11781933158636093
pythia-410m,draw_1,15,2020,0,101.75060081172376,6.14744135682545e-74,very_high,-0.14215978980064392
pythia-410m,draw_1,15,1123,1,90.74713649816003,7.328693977107564e-67,low,2.0856075286865234
pythia-410m,draw_1,15,2867,2,88.74156988876052,1.5028823807067763e-65,low,0.8106163144111633
pythia-410m,draw_1,15,1125,3,85.35141396977848,2.5730532729959307e-63,very_high,-0.8611166477203369
pythia-410m,draw_1,15,3614,4,84.15735768233144,1.591994384400621e-62,very_high,-0.25637876987457275
pythia-410m,draw_1,15,335,5,79.51626802858421,2.0069153865672083e-59,very_high,-0.11286694556474686
pythia-410m,draw_1,15,374,6,73.77882506199589,1.5479632491619098e-55,very_high,-0.4243013858795166
pythia-410m,draw_1,15,2218,7,73.30527618566131,3.2607949825192172e-55,low,0.31824496388435364
pythia-410m,draw_1,15,597,8,73.22576031253827,3.6956908149852746e-55,low,-0.7883533835411072
pythia-410m,draw_1,15,1833,9,72.24971048555304,1.7221644084005604e-54,very_high,0.04377226158976555
pythia-410m,draw_1,15,1594,10,68.76726279298785,4.319643507033497e-52,low,0.6987335085868835
pythia-410m,draw_1,15,3249,11,68.33248885326407,8.64219150277204e-52,very_high,-0.1993996798992157
pythia-410m,draw_1,15,822,12,68.22339172484284,1.028618462541302e-51,very_high,-0.17990230023860931
pythia-410m,draw_1,15,1080,13,67.31736957580648,4.3775119795159264e-51,very_high,-0.5040314793586731
pythia-410m,draw_1,15,52,14,67.2058432362337,5.233106497211514e-51,very_high,-0.5634340643882751
pythia-410m,draw_1,15,3192,15,67.00926299656494,7.169336169197445e-51,low,0.07422100007534027
pythia-410m,draw_1,15,1200,16,66.4332871801117,1.805065363884923e-50,very_high,-0.5387327671051025
pythia-410m,draw_1,15,1093,17,65.72590776077325,5.6217589530464355e-50,very_high,-0.5050569176673889
pythia-410m,draw_1,15,286,18,64.84792182890499,2.3099113170403343e-49,low,0.24352261424064636
pythia-410m,draw_1,15,3244,19,64.12440240905212,7.42116635155736e-49,low,0.5747592449188232
pythia-410m,draw_1,15,3824,20,63.686354875298676,1.5060951193787913e-48,low,0.20385707914829254
pythia-410m,draw_1,15,3136,21,63.332913005045526,2.6677069991141182e-48,very_high,-0.3661579489707947
pythia-410m,draw_1,15,620,22,61.82686764834656,3.0679898285333733e-47,low,-0.016791189089417458
pythia-410m,draw_1,15,2809,23,61.23344865118791,8.054335186078552e-47,very_high,-0.48921746015548706
pythia-410m,draw_1,15,3656,24,59.5209589785214,1.3170447357587183e-45,very_high,-0.6591047048568726
pythia-410m,draw_1,15,1824,25,58.59967456448842,5.955141058660378e-45,low,0.48929867148399353
pythia-410m,draw_1,15,1427,26,58.422339531878386,7.965658336210407e-45,very_high,-0.39315566420555115
pythia-410m,draw_1,15,3189,27,57.62374923057128,2.9573378203716956e-44,very_high,-0.03705177456140518
pythia-410m,draw_1,15,1199,28,57.294339417729745,5.084642343006149e-44,low,0.6543654799461365
pythia-410m,draw_1,15,4020,29,56.203435570730655,3.070848969592875e-43,low,0.5044600367546082
pythia-410m,draw_1,15,3953,30,55.32460709137398,1.3127320052948211e-42,low,0.5047770738601685
pythia-410m,draw_1,15,3797,31,55.322076655360995,1.3182414133432272e-42,very_high,-1.3585221767425537
pythia-410m,draw_1,15,1150,32,54.98455386821123,2.3052749320069678e-42,low,0.4087693989276886
pythia-410m,draw_1,15,220,33,54.965489186641044,2.3792489873569755e-42,control,-0.6524125337600708
pythia-410m,draw_1,15,3830,34,54.702582501397316,3.6785637159580626e-42,very_high,-1.3125442266464233
pythia-410m,draw_1,15,2315,35,53.73083787165038,1.8465178906482992e-41,very_high,-1.4256551265716553
pythia-410m,draw_1,15,3932,36,53.701134786913855,1.9399976079059064e-41,low,-0.044855017215013504
pythia-410m,draw_1,15,3841,37,53.4109987331351,3.1433599234424365e-41,very_high,-0.6472939848899841
pythia-410m,draw_1,15,2587,38,53.31638321227919,3.6794345521560217e-41,low,0.34104520082473755
pythia-410m,draw_1,15,1711,39,52.80335556239231,8.647886060410072e-41,low,-0.39512813091278076
pythia-410m,draw_1,15,1304,40,52.42690439290026,1.6202454192218188e-40,very_high,-0.5599257946014404
pythia-410m,draw_1,15,2375,41,52.03995576437159,3.0914191737291546e-40,medium,0.4452441334724426
pythia-410m,draw_1,15,2260,42,51.14324868489368,1.3852995689150844e-39,very_high,0.43313854932785034
pythia-410m,draw_1,15,2246,43,50.81194565215671,2.4133891909335793e-39,very_high,-0.7034084796905518
pythia-410m,draw_1,15,2757,44,50.636842501824795,3.236967717438576e-39,low,0.014947819523513317
pythia-410m,draw_1,15,2688,45,50.59688800235967,3.461324352934509e-39,low,-0.3733590245246887
pythia-410m,draw_1,15,2949,46,50.36884973950091,5.0747486399099965e-39,low,0.2934953570365906
pythia-410m,draw_1,15,1003,47,50.34085039198855,5.318940735731421e-39,low,0.6257236003875732
pythia-410m,draw_1,15,1227,48,49.24089337212695,3.3801846963681905e-38,very_high,-1.1296926736831665
pythia-410m,draw_1,15,3499,49,49.18282420750783,3.72741934012882e-38,very_high,-1.0658878087997437
pythia-410m,draw_1,16,611,0,318.173396449054,7.257804340777449e-183,low,1.6081726551055908
pythia-410m,draw_1,16,1457,1,151.10067805531762,2.18526935220462e-103,low,-0.43986091017723083
pythia-410m,draw_1,16,2174,2,143.38743466976362,5.193765234275271e-99,low,-0.40080997347831726
pythia-410m,draw_1,16,3486,3,130.14579955982754,2.6012642143209856e-91,low,0.9777315258979797
pythia-410m,draw_1,16,641,4,110.88006490205072,1.1690920523847666e-79,very_high,0.5977066159248352
pythia-410m,draw_1,16,392,5,104.54126537967443,1.0612583571258643e-75,very_high,0.48041272163391113
pythia-410m,draw_1,16,1570,6,96.3382083277279,1.7541615014403876e-70,very_high,-0.813372015953064
pythia-410m,draw_1,16,4060,7,89.67520779354382,3.675704378171912e-66,low,0.053467757999897
pythia-410m,draw_1,16,2640,8,88.15224756341541,3.6622069243971313e-65,very_high,-0.798718273639679
pythia-410m,draw_1,16,1286,9,87.22698720990286,1.4869091136991083e-64,low,0.8347808122634888
pythia-410m,draw_1,16,204,10,85.00007039903079,4.3962097618624704e-63,very_high,-0.5776482224464417
pythia-410m,draw_1,16,906,11,84.37463374782223,1.1421672684422442e-62,low,-0.11927110701799393
pythia-410m,draw_1,16,765,12,82.83614529376823,1.2041310399856605e-61,very_high,-0.07924680411815643
pythia-410m,draw_1,16,2953,13,78.82959419823955,5.815409433049655e-59,very_high,-0.5615159869194031
pythia-410m,draw_1,16,852,14,77.16077722701245,7.781944926214122e-58,very_high,-0.291164755821228
pythia-410m,draw_1,16,707,15,76.01044505788246,4.683590728685495e-57,very_high,-0.3083381950855255
pythia-410m,draw_1,16,207,16,72.81500777526351,7.059154148557703e-55,low,0.2082590013742447
pythia-410m,draw_1,16,2723,17,72.47350938366979,1.2096608284512835e-54,low,-0.1824127584695816
pythia-410m,draw_1,16,3300,18,72.28084417008219,1.6395598196568694e-54,very_high,-0.26174262166023254
pythia-410m,draw_1,16,993,19,72.04585644479265,2.3762695013886286e-54,very_high,-0.5354784727096558
pythia-410m,draw_1,16,2878,20,71.09140276223026,1.0754408076563544e-53,very_high,0.6358888745307922
pythia-410m,draw_1,16,1961,21,69.60309141257845,1.1414812873050984e-52,very_high,-0.9198439121246338
pythia-410m,draw_1,16,1803,22,69.48890890572777,1.3688248836729513e-52,low,0.061474837362766266
pythia-410m,draw_1,16,3684,23,68.04891258714729,1.3591192605568535e-51,low,1.3167537450790405
pythia-410m,draw_1,16,3214,24,67.92605552376995,1.6538471608079895e-51,control,-0.4952932298183441
pythia-410m,draw_1,16,1584,25,67.30617869953547,4.4566247813485854e-51,very_high,-0.8911178112030029
pythia-410m,draw_1,16,1656,26,67.20570025578527,5.2343045435708445e-51,very_high,-0.7486236095428467
pythia-410m,draw_1,16,2558,27,66.03739391631584,3.407996177694155e-50,control,-0.6181471347808838
pythia-410m,draw_1,16,584,28,65.8764636600112,4.413489483734085e-50,low,0.9031001925468445
pythia-410m,draw_1,16,1076,29,65.44445482024621,8.839918003457624e-50,very_high,-0.4306136965751648
pythia-410m,draw_1,16,3516,30,64.71048269467727,2.882721483908552e-49,very_high,-0.968474268913269
pythia-410m,draw_1,16,1139,31,64.62852906723282,3.2899381092706024e-49,low,0.7359989285469055
pythia-410m,draw_1,16,44,32,64.11501557311155,7.534510210875482e-49,very_high,-1.0444644689559937
pythia-410m,draw_1,16,298,33,64.06954821717719,8.108548032513254e-49,low,-1.3221958875656128
pythia-410m,draw_1,16,1390,34,63.743506306551424,1.373180592945923e-48,very_high,-1.3885917663574219
pythia-410m,draw_1,16,1595,35,63.0719533954381,4.070184323690509e-48,very_high,-0.4845612347126007
pythia-410m,draw_1,16,1659,36,62.88629736977978,5.498279382025536e-48,low,0.8200514912605286
pythia-410m,draw_1,16,1884,37,62.755024178265586,6.801754846558287e-48,very_high,-0.2625257670879364
pythia-410m,draw_1,16,3404,38,61.94032121563166,2.5514816086923334e-47,low,0.092804916203022
pythia-410m,draw_1,16,2958,39,61.788225829117856,3.266843446767216e-47,very_high,-0.8660719394683838
pythia-410m,draw_1,16,3813,40,61.007299785997525,1.1640151656487492e-46,very_high,-0.7029379606246948
pythia-410m,draw_1,16,2766,41,60.88962918796394,1.4099817741851642e-46,low,-0.251777708530426
pythia-410m,draw_1,16,759,42,60.86769336639162,1.4612908635751272e-46,low,0.056867022067308426
pythia-410m,draw_1,16,3675,43,60.09752155563949,5.1329126704376666e-46,low,-0.06904056668281555
pythia-410m,draw_1,16,96,44,59.859902492942915,7.56732968868765e-46,low,0.03455483913421631
pythia-410m,draw_1,16,3881,45,59.777267487681975,8.661525046789221e-46,very_high,-0.9885953068733215
pythia-410m,draw_1,16,3721,46,59.761612949500964,8.88601398840621e-46,very_high,-0.5646452903747559
pythia-410m,draw_1,16,937,47,59.537427699490685,1.2820414239095792e-45,very_high,-0.4247957468032837
pythia-410m,draw_1,16,1546,48,58.85026460814408,3.9489752890420627e-45,very_high,-0.47017499804496765
pythia-410m,draw_1,16,3025,49,58.644700336246785,5.531293323227241e-45,very_high,-0.595657229423523
pythia-410m,draw_1,17,1645,0,159.9151923909021,2.7084239571621593e-108,low,-0.42454618215560913
pythia-410m,draw_1,17,1037,1,147.13695311201215,3.788648397180582e-101,very_high,-0.36403098702430725
pythia-410m,draw_1,17,2417,2,130.1078170709966,2.7391889764885135e-91,very_high,-0.02478155680000782
pythia-410m,draw_1,17,3084,3,114.57290675892696,6.180684626444484e-82,very_high,-0.2249138355255127
pythia-410m,draw_1,17,2540,4,112.24225050161499,1.680896506497026e-80,low,0.0526476725935936
pythia-410m,draw_1,17,2033,5,110.65134650350701,1.620167840570066e-79,very_high,-0.3929060101509094
pythia-410m,draw_1,17,1657,6,109.72873568559542,6.053816888473306e-79,very_high,-0.7150195240974426
pythia-410m,draw_1,17,3768,7,101.77544980635355,5.9284535867166845e-74,very_high,-0.528189480304718
pythia-410m,draw_1,17,1734,8,98.98858062591924,3.515393876311824e-72,very_high,-1.0569536685943604
pythia-410m,draw_1,17,1289,9,98.69555591620244,5.409307892618416e-72,very_high,0.5437384843826294
pythia-410m,draw_1,17,31,10,95.91189553223845,3.298392535746736e-70,very_high,0.2590734660625458
pythia-410m,draw_1,17,1156,11,95.5477528670402,5.6595842164824625e-70,low,-0.5789883732795715
pythia-410m,draw_1,17,502,12,91.73552636013629,1.6635743882575292e-67,very_high,-0.589147686958313
pythia-410m,draw_1,17,1119,13,90.41016804282646,1.2160789682944491e-66,low,1.8824541568756104
pythia-410m,draw_1,17,390,14,90.08444530908311,1.9849199591759817e-66,low,-0.016092123463749886
pythia-410m,draw_1,17,1906,15,90.00055637980691,2.2520281578659822e-66,very_high,-0.2079748511314392
pythia-410m,draw_1,17,2776,16,89.27125807489878,6.75716524861222e-66,very_high,-0.032021958380937576
pythia-410m,draw_1,17,1497,17,87.2431301470702,1.4509566204252436e-64,very_high,-0.17842043936252594
pythia-410m,draw_1,17,637,18,85.25182035851174,2.994807967572682e-63,very_high,0.49895593523979187
pythia-410m,draw_1,17,59,19,83.45175519939322,4.6864859984517386e-62,very_high,-0.32320332527160645
pythia-410m,draw_1,17,1419,20,79.8854000915511,1.1337064312707072e-59,low,0.3611932396888733
pythia-410m,draw_1,17,89,21,79.77248680398648,1.3500300191088931e-59,low,-0.37264376878738403
pythia-410m,draw_1,17,2234,22,79.63854895509361,1.6608799749262208e-59,low,0.17608831822872162
pythia-410m,draw_1,17,3578,23,78.86510510503905,5.503824178383871e-59,very_high,-0.6718839406967163
pythia-410m,draw_1,17,3803,24,77.68561727071192,3.437586009404011e-58,very_high,-0.5581235885620117
pythia-410m,draw_1,17,2505,25,77.26997271379186,6.564799273564493e-58,very_high,-0.998641312122345
pythia-410m,draw_1,17,2060,26,76.47736935491389,2.2588453335366284e-57,very_high,-1.9045398235321045
pythia-410m,draw_1,17,211,27,75.938761710712,5.238826090405125e-57,very_high,-0.7784644365310669
pythia-410m,draw_1,17,3025,28,73.95472751839934,1.174027064190421e-55,low,-0.5294967293739319
pythia-410m,draw_1,17,2015,29,73.43905167313028,2.6416537802261096e-55,very_high,-0.23957979679107666
pythia-410m,draw_1,17,3205,30,71.03556396081841,1.1748974237281246e-53,very_high,-0.6885902285575867
pythia-410m,draw_1,17,2598,31,69.68284582593161,1.0055135106775818e-52,low,-0.1398967206478119
pythia-410m,draw_1,17,2964,32,69.48107820245419,1.3859845101596486e-52,very_high,-0.1672418862581253
pythia-410m,draw_1,17,2202,33,69.32417677579784,1.779062736772184e-52,very_high,-0.7040171027183533
pythia-410m,draw_1,17,1624,34,68.15924592107224,1.139549951810247e-51,control,-1.0930534601211548
pythia-410m,draw_1,17,3449,35,67.73605201225618,2.240661336560213e-51,very_high,0.024407988414168358
pythia-410m,draw_1,17,1689,36,67.56489794175613,2.946002552047378e-51,low,-0.29855281114578247
pythia-410m,draw_1,17,1436,37,65.66336449274534,6.2164324434290145e-50,low,-0.8532746434211731
pythia-410m,draw_1,17,1514,38,65.33478815661563,1.054592517947833e-49,very_high,-0.1337691992521286
pythia-410m,draw_1,17,1837,39,65.05127903944951,1.6646109415673834e-49,very_high,-0.3909282982349396
pythia-410m,draw_1,17,362,40,64.7269751623276,2.8070879289049438e-49,very_high,-1.2775660753250122
pythia-410m,draw_1,17,96,41,64.31784263749253,5.430671131787594e-49,very_high,-0.6394167542457581
pythia-410m,draw_1,17,2355,42,64.3084972161074,5.513200528250667e-49,very_high,-0.21093909442424774
pythia-410m,draw_1,17,1900,43,64.19758444983053,6.594114876438298e-49,very_high,-0.2637891173362732
pythia-410m,draw_1,17,1584,44,64.00627398168672,8.981038488629042e-49,very_high,-0.8669238090515137
pythia-410m,draw_1,17,2188,45,63.76855891982632,1.318684165571647e-48,control,-0.4873413145542145
pythia-410m,draw_1,17,3773,46,63.48937723698573,2.0710710663545914e-48,low,-0.1716974824666977
pythia-410m,draw_1,17,737,47,63.3488124973276,2.5999428446816472e-48,low,0.059232838451862335
pythia-410m,draw_1,17,50,48,63.030427152579094,4.3533415745409463e-48,very_high,-0.13103938102722168
pythia-410m,draw_1,17,2430,49,62.9005732489268,5.372557041738346e-48,very_high,-0.347751259803772
pythia-410m,draw_1,18,1698,0,174.3058462370186,4.242320799506137e-116,low,1.209922194480896
pythia-410m,draw_1,18,3988,1,157.28945733539126,7.658134828720265e-107,low,0.10187604278326035
pythia-410m,draw_1,18,3824,2,146.06390773298045,1.5422406610287181e-100,very_high,-0.3446805775165558
pythia-410m,draw_1,18,666,3,139.65502698463328,7.267971181016179e-97,low,-0.17736336588859558
pythia-410m,draw_1,18,1586,4,136.64625249641523,4.027961302458235e-95,very_high,-0.6123837232589722
pythia-410m,draw_1,18,1439,5,132.21122830721953,1.5781474581416414e-92,very_high,-0.8825551867485046
pythia-410m,draw_1,18,3736,6,120.71112712971541,1.128711697122733e-85,very_high,-0.5883194804191589
pythia-410m,draw_1,18,3610,7,119.59637168811648,5.337099098029e-85,low,0.9522857666015625
pythia-410m,draw_1,18,1223,8,112.26489972054578,1.6276468306790658e-80,low,0.3005998432636261
pythia-410m,draw_1,18,3282,9,102.7199667843964,1.4959321654637732e-74,low,-0.4435453712940216
pythia-410m,draw_1,18,2047,10,99.8493971597785,9.930077674438128e-73,very_high,-0.6576721668243408
pythia-410m,draw_1,18,1393,11,98.61284858197614,6.109366785977496e-72,low,-0.540017306804657
pythia-410m,draw_1,18,3837,12,97.60994767026061,2.6779786810162204e-71,low,-0.23601460456848145
pythia-410m,draw_1,18,2610,13,97.57004461776728,2.8403889139117066e-71,very_high,0.3141305148601532
pythia-410m,draw_1,18,2569,14,95.58869742355847,5.3260839741289495e-70,very_high,-0.46939384937286377
pythia-410m,draw_1,18,2060,15,95.08915265046193,1.1179124224537388e-69,low,-0.45200663805007935
pythia-410m,draw_1,18,69,16,94.07681842096689,5.037726665147815e-69,very_high,-1.0255377292633057
pythia-410m,draw_1,18,71,17,93.51694343292075,1.1603264394244026e-68,very_high,-3.89945125579834
pythia-410m,draw_1,18,481,18,92.44404337814716,5.760210861134224e-68,low,0.14294952154159546
pythia-410m,draw_1,18,1152,19,90.39903812169939,1.2366006695225078e-66,low,-0.3314259946346283
pythia-410m,draw_1,18,452,20,90.05288222675156,2.0814768503638468e-66,low,0.3611676096916199
pythia-410m,draw_1,18,1224,21,89.98489012149261,2.3057638095901968e-66,very_high,-0.8616613149642944
pythia-410m,draw_1,18,3271,22,88.23566814870928,3.228128119712355e-65,low,-0.9805430769920349
pythia-410m,draw_1,18,3136,23,86.76936631134902,2.9772409841866712e-64,low,-0.9062557220458984
pythia-410m,draw_1,18,2357,24,85.92260102465848,1.0782583446863404e-63,control,-0.5892016887664795
pythia-410m,draw_1,18,2618,25,85.3497612767276,2.5795416181303295e-63,control,-0.8700072765350342
pythia-410m,draw_1,18,773,26,84.8891860525349,5.206451794056767e-63,low,0.15196864306926727
pythia-410m,draw_1,18,638,27,84.21070785319091,1.4673166949187315e-62,very_high,-0.5843560099601746
pythia-410m,draw_1,18,1366,28,84.00898634102992,1.997412063414441e-62,very_high,-0.9428533315658569
pythia-410m,draw_1,18,2683,29,83.67292474650796,3.340215391587336e-62,low,-0.8716598749160767
pythia-410m,draw_1,18,3721,30,83.10869011173995,7.92776172933262e-62,low,0.19263289868831635
pythia-410m,draw_1,18,2544,31,82.63037810674004,1.6512352838752437e-61,very_high,0.04924570769071579
pythia-410m,draw_1,18,2417,32,82.02020794649543,4.2160685285432135e-61,very_high,-0.9393891096115112
pythia-410m,draw_1,18,3972,33,81.21376479321557,1.4587581167026366e-60,low,-1.1409810781478882
pythia-410m,draw_1,18,3390,34,80.32944601809717,5.70772757949837e-60,very_high,-0.007764477748423815
pythia-410m,draw_1,18,3306,35,80.04445511650015,8.865516559657773e-60,low,0.32757624983787537
pythia-410m,draw_1,18,245,36,79.56293325826189,1.867067167894093e-59,low,0.03715960308909416
pythia-410m,draw_1,18,93,37,79.3891344953507,2.443488807002644e-59,very_high,-0.38513487577438354
pythia-410m,draw_1,18,3223,38,78.4508488632502,1.046644779276821e-58,very_high,-0.6175663471221924
pythia-410m,draw_1,18,3114,39,78.02105897066579,2.040479743093788e-58,low,0.2861485779285431
pythia-410m,draw_1,18,1895,40,77.63051902434692,3.745249241756734e-58,low,-0.5939489603042603
pythia-410m,draw_1,18,3791,41,76.99199040589936,1.0123001610931274e-57,very_high,-0.9183588027954102
pythia-410m,draw_1,18,726,42,76.42324622569002,2.457961134800468e-57,very_high,-0.9042763710021973
pythia-410m,draw_1,18,3915,43,74.15516346669494,8.568756299925276e-56,very_high,-0.16379468142986298
pythia-410m,draw_1,18,3140,44,73.44482962568576,2.6177423614745415e-55,low,0.06687626987695694
pythia-410m,draw_1,18,280,45,73.36391793086717,2.973257038468235e-55,low,-0.03552502766251564
pythia-410m,draw_1,18,514,46,73.31763428336204,3.1979687591331326e-55,low,-0.6199362277984619
pythia-410m,draw_1,18,3027,47,72.88125165700134,6.359221556412047e-55,low,-0.8812834620475769
pythia-410m,draw_1,18,1673,48,72.45829195362975,1.2390589452452191e-54,low,-0.44469451904296875
pythia-410m,draw_1,18,3466,49,72.02489992193662,2.4562578813393504e-54,very_high,-0.19439062476158142
pythia-410m,draw_1,19,1792,0,154.44601623825258,2.921754728298502e-105,low,-0.48821139335632324
pythia-410m,draw_1,19,1926,1,116.49009663488,4.142486762419078e-83,low,0.5526198148727417
pythia-410m,draw_1,19,1514,2,113.04666548998449,5.363919002752411e-81,low,-0.23398606479167938
pythia-410m,draw_1,19,427,3,104.11172457040199,1.9785354392688214e-75,low,-0.9489971399307251
pythia-410m,draw_1,19,4059,4,103.78832470033882,3.163848515111034e-75,very_high,-0.16291582584381104
pythia-410m,draw_1,19,2998,5,103.68344549833178,3.6844100184923156e-75,low,1.3963991403579712
pythia-410m,draw_1,19,2195,6,99.021928025614,3.3472067886218047e-72,low,-0.5950576663017273
pythia-410m,draw_1,19,421,7,95.0029248251866,1.2706664761039542e-69,low,-0.5877659320831299
pythia-410m,draw_1,19,1672,8,93.27170808205811,1.672867558859786e-68,very_high,-0.4881005883216858
pythia-410m,draw_1,19,795,9,91.90285964659729,1.294738824996885e-67,low,-0.516114354133606
pythia-410m,draw_1,19,2094,10,89.16816291259795,7.893970759548532e-66,very_high,-0.34093186259269714
pythia-410m,draw_1,19,3792,11,87.42178646244115,1.1067285662280002e-64,low,-0.2305540293455124
pythia-410m,draw_1,19,2148,12,84.07867304772141,1.7955076868080547e-62,very_high,-0.3196786046028137
pythia-410m,draw_1,19,2855,13,82.42315586863144,2.2698151487831517e-61,very_high,-0.41991135478019714
pythia-410m,draw_1,19,2885,14,79.88032089262713,1.142646160308504e-59,very_high,-0.49828192591667175
pythia-410m,draw_1,19,1630,15,79.10056262373237,3.8207417835555932e-59,low,-0.5920233726501465
pythia-410m,draw_1,19,138,16,78.69257463689699,7.19252270859322e-59,low,-0.7116181254386902
pythia-410m,draw_1,19,423,17,77.74482569018235,3.135130226707909e-58,low,-0.4579794108867645
pythia-410m,draw_1,19,286,18,77.26258366722827,6.640781282390834e-58,low,-0.29847073554992676
pythia-410m,draw_1,19,3053,19,74.84767645720237,2.890562196033562e-56,low,0.40646085143089294
pythia-410m,draw_1,19,540,20,74.80702051547539,3.0808033373997675e-56,low,-0.44696977734565735
pythia-410m,draw_1,19,1397,21,74.69778353267738,3.656419718501272e-56,very_high,-0.354269802570343
pythia-410m,draw_1,19,1130,22,74.20300799972645,7.948475844356752e-56,low,-0.2819487750530243
pythia-410m,draw_1,19,2213,23,74.20030122278625,7.982335747463154e-56,low,0.2900731861591339
pythia-410m,draw_1,19,3873,24,73.9664079330154,1.1526735767168625e-55,low,-0.6593116521835327
pythia-410m,draw_1,19,180,25,73.62479281835954,1.9722438289349627e-55,low,-0.6555556058883667
pythia-410m,draw_1,19,1316,26,73.07236232942346,4.705665528094383e-55,low,-0.22468534111976624
pythia-410m,draw_1,19,1686,27,72.18821423333581,1.8977802604053414e-54,low,-0.5025666356086731
pythia-410m,draw_1,19,2934,28,71.56025836793901,5.1200841349200443e-54,low,-0.39687472581863403
pythia-410m,draw_1,19,2336,29,70.7675434278561,1.7966467065709657e-53,low,-0.0006920126033946872
pythia-410m,draw_1,19,830,30,70.20945031190047,4.355141295912842e-53,low,-0.46496647596359253
pythia-410m,draw_1,19,1838,31,70.20204031055361,4.406683863455234e-53,control,-0.0727732926607132
pythia-410m,draw_1,19,1958,32,69.87338321864716,7.427554917192942e-53,very_high,0.5069316029548645
pythia-410m,draw_1,19,611,33,68.98765012271103,3.040322315212845e-52,very_high,-0.5820149779319763
pythia-410m,draw_1,19,3908,34,68.79488439251685,4.133577957891613e-52,very_high,-0.21985651552677155
pythia-410m,draw_1,19,1229,35,68.7779851214213,4.2464393087585004e-52,very_high,-0.44355854392051697
pythia-410m,draw_1,19,2035,36,68.66966412095114,5.0469014595936565e-52,low,-0.11228236556053162
pythia-410m,draw_1,19,27,37,68.42558963265037,7.449048352068608e-52,low,-0.725192129611969
pythia-410m,draw_1,19,3098,38,68.38669904099838,7.925957330796322e-52,low,0.3419160842895508
pythia-410m,draw_1,19,3766,39,68.20529106577403,1.0587772774674937e-51,low,-0.32377344369888306
pythia-410m,draw_1,19,1400,40,68.01813920002915,1.4275959824054494e-51,low,-1.0356876850128174
pythia-410m,draw_1,19,4044,41,66.79443367744628,1.011522513446717e-50,low,-0.10774032026529312
pythia-410m,draw_1,19,3153,42,66.77476564923117,1.0439187501557474e-50,low,-0.7538692355155945
pythia-410m,draw_1,19,1538,43,66.35442077266272,2.048577002753973e-50,very_high,-0.30883869528770447
pythia-410m,draw_1,19,1163,44,65.70804579029625,5.78552856224427e-50,low,-0.17839543521404266
pythia-410m,draw_1,19,1903,45,64.18623334802925,6.716071015761002e-49,low,-1.9505338668823242
pythia-410m,draw_1,19,206,46,63.83547174630945,1.1835161554442866e-48,very_high,0.020567666739225388
pythia-410m,draw_1,19,2509,47,63.734672938544364,1.3929289024738355e-48,low,-0.32880744338035583
pythia-410m,draw_1,19,2135,48,63.45223195752296,2.199336231198613e-48,low,-0.2170790582895279
pythia-410m,draw_1,19,1076,49,63.13582522021463,3.670241264304691e-48,low,-0.3747048079967499
pythia-410m,draw_1,20,897,0,321.8869795588437,2.2800827949808446e-184,low,0.5062825083732605
pythia-410m,draw_1,20,2812,1,158.0423466971815,2.931385156400954e-107,very_high,-0.17903916537761688
pythia-410m,draw_1,20,261,2,140.53767995214574,2.2502762035795449e-97,low,-0.6828004121780396
pythia-410m,draw_1,20,872,3,137.33591871360318,1.6006857135780366e-95,low,-0.8303802013397217
pythia-410m,draw_1,20,2301,4,125.0574643799894,2.7508377302197985e-88,low,0.23380513489246368
pythia-410m,draw_1,20,984,5,112.45406493744248,1.244011049346311e-80,low,-0.28634440898895264
pythia-410m,draw_1,20,2560,6,110.22803247806216,2.965214206431965e-79,very_high,-0.12001783400774002
pythia-410m,draw_1,20,1199,7,106.47247862330886,6.504436615287657e-77,low,-0.15539512038230896
pythia-410m,draw_1,20,3330,8,104.80478060065647,7.244483369016268e-76,low,-0.42254117131233215
pythia-410m,draw_1,20,2601,9,103.29884947677006,6.443219650016962e-75,low,-0.20117102563381195
pythia-410m,draw_1,20,1792,10,103.29626512288054,6.467476240243773e-75,low,0.3377041220664978
pythia-410m,draw_1,20,2781,11,101.80274841898225,5.696874912442083e-74,low,-0.5363403558731079
pythia-410m,draw_1,20,324,12,101.16482542770802,1.4465630120805183e-73,low,-0.14010944962501526
pythia-410m,draw_1,20,3165,13,98.23125980111136,1.071516742484003e-71,low,-0.11427624523639679
pythia-410m,draw_1,20,1635,14,96.7411589570784,9.663725758239287e-71,very_high,1.3208951950073242
pythia-410m,draw_1,20,2205,15,96.5048829892689,1.370680067557078e-70,low,0.22907818853855133
pythia-410m,draw_1,20,3168,16,96.31580667251404,1.813310733484238e-70,very_high,0.03432445600628853
pythia-410m,draw_1,20,2115,17,95.49733760561041,6.099102751343085e-70,low,0.18188706040382385
pythia-410m,draw_1,20,1289,18,94.5451122445189,2.5093831179885225e-69,very_high,0.028187276795506477
pythia-410m,draw_1,20,3538,19,93.21988328299359,1.8073843806626141e-68,low,-0.5573434233665466
pythia-410m,draw_1,20,3185,20,90.42188424431501,1.1948447361991107e-66,low,-0.11225440353155136
pythia-410m,draw_1,20,2591,21,90.17242294627098,1.7388126887248598e-66,very_high,-0.4883253872394562
pythia-410m,draw_1,20,1970,22,89.61335673441258,4.0346859468629423e-66,low,-0.17011146247386932
pythia-410m,draw_1,20,2986,23,88.99768423733832,1.0209524166941974e-65,very_high,-0.13038362562656403
pythia-410m,draw_1,20,146,24,86.50913288469735,4.420255585792629e-64,very_high,-0.17454180121421814
pythia-410m,draw_1,20,834,25,86.13051921726588,7.859036320147898e-64,low,-0.799468994140625
pythia-410m,draw_1,20,1175,26,86.1215325896506,7.967175952458258e-64,low,-0.27830860018730164
pythia-410m,draw_1,20,3060,27,85.6423057325738,1.6520004889424665e-63,low,-0.38082560896873474
pythia-410m,draw_1,20,2463,28,84.61504914800615,7.911472937229859e-63,low,-0.5862200260162354
pythia-410m,draw_1,20,2918,29,84.53766532581137,8.90382062775904e-63,very_high,-0.004317764192819595
pythia-410m,draw_1,20,390,30,82.8324288711666,1.2110161087604225e-61,low,-0.4071832299232483
pythia-410m,draw_1,20,2261,31,82.34991531453048,2.5400818954720182e-61,low,-0.16538530588150024
pythia-410m,draw_1,20,502,32,82.07978067076523,3.847086896782793e-61,low,-0.5463851094245911
pythia-410m,draw_1,20,1406,33,81.24741759342373,1.3850463418674864e-60,low,-0.7570402026176453
pythia-410m,draw_1,20,654,34,80.60598958105791,3.724187048786223e-60,low,-0.31406059861183167
pythia-410m,draw_1,20,473,35,80.45051685639095,4.734391272587721e-60,low,-0.1225791946053505
pythia-410m,draw_1,20,3561,36,80.36796348517682,5.378085320276475e-60,very_high,1.110038161277771
pythia-410m,draw_1,20,962,37,80.32430635217348,5.753218458149075e-60,low,-0.2581985592842102
pythia-410m,draw_1,20,3900,38,80.29882597062698,5.98416439840362e-60,very_high,0.10043558478355408
pythia-410m,draw_1,20,3242,39,77.40551375866781,5.315736227724902e-58,low,-1.1643345355987549
pythia-410m,draw_1,20,1028,40,76.63846019497132,1.7567889682667478e-57,low,-0.8317538499832153
pythia-410m,draw_1,20,1572,41,75.69575939820716,7.660240636480179e-57,low,-0.49714335799217224
pythia-410m,draw_1,20,3231,42,74.33100039631117,6.501348127588906e-56,very_high,0.12041105329990387
pythia-410m,draw_1,20,3983,43,74.12284317886991,9.014991447741263e-56,low,-0.32347506284713745
pythia-410m,draw_1,20,2632,44,73.9713683310809,1.1437233580193975e-55,very_high,-0.4214899241924286
pythia-410m,draw_1,20,3521,45,73.23647943152692,3.633835946947643e-55,low,-0.5966694951057434
pythia-410m,draw_1,20,662,46,71.21647088394057,8.822044242074459e-54,low,-0.5913968682289124
pythia-410m,draw_1,20,3428,47,70.60375080638086,2.329477310713226e-53,very_high,-0.2154061496257782
pythia-410m,draw_1,20,3955,48,70.1919354545731,4.477957576440667e-53,very_high,-0.6656460165977478
pythia-410m,draw_1,20,3039,49,69.28843370242123,1.8832131693058803e-52,low,-0.41013458371162415
pythia-410m,draw_1,21,1826,0,140.51601252704438,2.3159142988554223e-97,low,-0.6802301406860352
pythia-410m,draw_1,21,961,1,136.8388669352581,3.112340388423773e-95,low,-0.556593656539917
pythia-410m,draw_1,21,875,2,129.84136731358504,3.9362306226015904e-91,low,0.047737978398799896
pythia-410m,draw_1,21,3576,3,127.56107437453204,8.846484472273722e-90,low,-0.3854272663593292
pythia-410m,draw_1,21,3042,4,125.82332305328949,9.591407824573442e-89,low,0.14683780074119568
pythia-410m,draw_1,21,38,5,122.2916458141425,1.2563692181144333e-86,low,-0.18737280368804932
pythia-410m,draw_1,21,2673,6,122.08629522440964,1.670276081410782e-86,very_high,2.1739864349365234
pythia-410m,draw_1,21,1267,7,121.7831507912473,2.5437172937897033e-86,low,-1.019237756729126
pythia-410m,draw_1,21,1884,8,121.0687627164104,6.862952300990542e-86,low,-0.9892157912254333
pythia-410m,draw_1,21,744,9,112.96002671979599,6.065431482970751e-81,low,-0.30017122626304626
pythia-410m,draw_1,21,3677,10,112.95498333366564,6.108989328788416e-81,low,-0.33572494983673096
pythia-410m,draw_1,21,1207,11,112.34393261538496,1.4547265577307833e-80,low,-0.6086589694023132
pythia-410m,draw_1,21,973,12,112.17147336371976,1.8588102505999178e-80,low,-2.5945627689361572
pythia-410m,draw_1,21,288,13,110.54103610414813,1.8964275567428992e-79,low,-3.1141855716705322
pythia-410m,draw_1,21,1089,14,105.12066733012259,4.5854986193947886e-76,low,-0.3762623369693756
pythia-410m,draw_1,21,1672,15,104.0653975988261,2.1161092642109161e-75,very_high,1.1013127565383911
pythia-410m,draw_1,21,3605,16,102.06655894050111,3.876754552077001e-74,very_high,0.46743401885032654
pythia-410m,draw_1,21,2241,17,100.29773661850821,5.1462257898763786e-73,very_high,7.2284770011901855
pythia-410m,draw_1,21,3417,18,99.75313438775284,1.143635331296964e-72,low,0.14475984871387482
pythia-410m,draw_1,21,902,19,99.43212805932555,1.832022001211991e-72,low,-0.2502455413341522
pythia-410m,draw_1,21,1117,20,96.66778932033719,1.0771338898493233e-70,low,0.06209055706858635
pythia-410m,draw_1,21,506,21,95.43953533541571,6.645259032640333e-70,low,-0.5518628358840942
pythia-410m,draw_1,21,2682,22,93.42298538224026,1.33487625324003e-68,low,-0.29339054226875305
pythia-410m,draw_1,21,3012,23,93.00102277844091,2.505820304914232e-68,low,-0.6608983874320984
pythia-410m,draw_1,21,808,24,92.75014425605352,3.6450932463824212e-68,low,-1.0571826696395874
pythia-410m,draw_1,21,3086,25,90.85099080772342,6.270202178631799e-67,low,-0.5346753001213074
pythia-410m,draw_1,21,3512,26,90.68945828241984,7.992057280506707e-67,low,-0.30685651302337646
pythia-410m,draw_1,21,1571,27,90.20795504384526,1.648305274589e-66,low,-0.5655426979064941
pythia-410m,draw_1,21,2472,28,89.90715732717754,2.591999187703045e-66,low,-0.07886508852243423
pythia-410m,draw_1,21,3984,29,89.22428470771052,7.253230352136647e-66,low,-1.118122935295105
pythia-410m,draw_1,21,1329,30,88.55193312886757,2.0013929349451437e-65,low,0.09047173708677292
pythia-410m,draw_1,21,2213,31,87.44358672702054,1.0707630022632246e-64,low,-0.5414838790893555
pythia-410m,draw_1,21,2205,32,86.95113869311352,2.259430467951388e-64,low,-0.9787871837615967
pythia-410m,draw_1,21,1723,33,86.75343781808103,3.050113452919057e-64,very_high,4.79844856262207
pythia-410m,draw_1,21,3734,34,86.67223451935618,3.4503410805427396e-64,low,-0.3318292796611786
pythia-410m,draw_1,21,1226,35,86.15321645094606,7.592412702493509e-64,low,-0.25762149691581726
pythia-410m,draw_1,21,2113,36,85.64300230899639,1.6502492065546284e-63,low,-0.5336076021194458
pythia-410m,draw_1,21,1963,37,85.29434715081597,2.8068467267920215e-63,low,-0.5654100775718689
pythia-410m,draw_1,21,184,38,85.19653526503274,3.258136680161913e-63,low,-0.5200756788253784
pythia-410m,draw_1,21,1458,39,85.14850062610735,3.505693922657837e-63,low,-0.9971655011177063
pythia-410m,draw_1,21,1872,40,84.94800953494818,4.759564574785703e-63,low,-0.10633152723312378
pythia-410m,draw_1,21,1145,41,83.32466772790764,5.693733344448168e-62,low,-0.32755276560783386
pythia-410m,draw_1,21,559,42,83.14196956143914,7.533461117205066e-62,low,-0.14750054478645325
pythia-410m,draw_1,21,3998,43,83.04654775392589,8.720223462999923e-62,low,0.08670905232429504
pythia-410m,draw_1,21,3156,44,82.23604632067291,3.025703853530441e-61,low,-0.29244235157966614
pythia-410m,draw_1,21,421,45,81.33607513429344,1.2082264194649783e-60,low,0.3227098286151886
pythia-410m,draw_1,21,949,46,81.1094473500704,1.713171827230663e-60,low,-0.10869058221578598
pythia-410m,draw_1,21,178,47,80.5413095791626,4.115183524868685e-60,very_high,7.096139907836914
pythia-410m,draw_1,21,72,48,79.7801877206964,1.3340436980350522e-59,low,-0.4015006422996521
pythia-410m,draw_1,21,2622,49,78.67183357372265,7.427729813941137e-59,very_high,-0.4311816990375519
pythia-410m,draw_1,22,3894,0,250.12513796916846,1.5142651977414e-153,very_high,-0.25373169779777527
pythia-410m,draw_1,22,3869,1,242.42813023827586,5.370813581954549e-150,low,1.0372117757797241
pythia-410m,draw_1,22,3098,2,177.9013459145631,5.197676169572704e-118,very_high,-0.3953702747821808
pythia-410m,draw_1,22,2228,3,154.40769329323754,3.0692265643176318e-105,low,0.2524126470088959
pythia-410m,draw_1,22,2679,4,138.7568645189893,2.4022947092808966e-96,low,-0.5781943202018738
pythia-410m,draw_1,22,4010,5,137.8802827781205,7.734410081047156e-96,low,-0.45863571763038635
pythia-410m,draw_1,22,3410,6,136.64700308612703,4.0239145521494964e-95,very_high,-0.3891910910606384
pythia-410m,draw_1,22,1323,7,134.87990470408263,4.310677602184669e-94,low,0.0006639512139372528
pythia-410m,draw_1,22,1198,8,133.61709794951418,2.361525401109099e-93,very_high,-0.5376177430152893
pythia-410m,draw_1,22,2411,9,131.6885036124155,3.2032313558325184e-92,very_high,-0.20697548985481262
pythia-410m,draw_1,22,1744,10,127.70367386895158,7.278187948816826e-90,low,-0.55485600233078
pythia-410m,draw_1,22,167,11,127.4700449720882,1.0020402662943495e-89,very_high,-0.06370319426059723
pythia-410m,draw_1,22,2727,12,125.92042524206732,8.393188562023328e-89,very_high,1.013015866279602
pythia-410m,draw_1,22,4041,13,125.89849372666964,8.649989772068174e-89,low,-0.26666080951690674
pythia-410m,draw_1,22,1135,14,117.20554190960262,1.5159021074258566e-83,low,-0.0403175987303257
pythia-410m,draw_1,22,1758,15,116.56392311719003,3.733994664228036e-83,low,-0.2381734699010849
pythia-410m,draw_1,22,2895,16,116.51156114645147,4.019309345383825e-83,very_high,0.014627274125814438
pythia-410m,draw_1,22,2392,17,112.89713996440105,6.631541101675375e-81,low,-0.6004102230072021
pythia-410m,draw_1,22,2515,18,112.82895964157163,7.305268645557774e-81,low,-0.10761059075593948
pythia-410m,draw_1,22,2892,19,112.75159492328845,8.153184198746014e-81,low,-0.5521483421325684
pythia-410m,draw_1,22,730,20,110.93938798511282,1.0742519092251654e-79,low,1.7360875606536865
pythia-410m,draw_1,22,3222,21,110.30237524920575,2.6664657534578343e-79,very_high,-0.11837884038686752
pythia-410m,draw_1,22,1344,22,109.34577782505781,1.047229573673881e-78,low,-0.40459737181663513
pythia-410m,draw_1,22,3417,23,108.42414032772488,3.924599875217463e-78,low,0.3377549350261688
pythia-410m,draw_1,22,1309,24,107.9537976718988,7.711118666479717e-78,low,-0.7611111402511597
pythia-410m,draw_1,22,46,25,106.27856007852726,8.604033665562655e-77,low,-0.4589119553565979
pythia-410m,draw_1,22,1414,26,106.22468027893986,9.299703856798172e-77,very_high,0.2360152155160904
pythia-410m,draw_1,22,3476,27,106.00118049363985,1.2840684195112485e-76,low,-0.31400611996650696
pythia-410m,draw_1,22,2550,28,103.99383064211948,2.3477120899358583e-75,low,-0.22031694650650024
pythia-410m,draw_1,22,3868,29,102.50073305304133,2.0586972669237685e-74,low,-0.42083021998405457
pythia-410m,draw_1,22,2102,30,102.17873710927523,3.291689684269289e-74,low,-0.49959614872932434
pythia-410m,draw_1,22,210,31,100.27317996716764,5.334771714111018e-73,very_high,-0.47912895679473877
pythia-410m,draw_1,22,2799,32,98.99259697458356,3.4946972664665677e-72,very_high,-0.06736396998167038
pythia-410m,draw_1,22,1235,33,97.88708964706672,1.7794341280699452e-71,low,-0.2637031674385071
pythia-410m,draw_1,22,1307,34,97.34138506351778,3.980692594656482e-71,low,-0.42330923676490784
pythia-410m,draw_1,22,2314,35,97.28237187273166,4.3431299822823604e-71,low,-0.21989288926124573
pythia-410m,draw_1,22,3433,36,96.58056495889464,1.2254774846276966e-70,very_high,0.0284134428948164
pythia-410m,draw_1,22,294,37,96.45154542345882,1.4832516122818535e-70,very_high,1.6980363130569458
pythia-410m,draw_1,22,3075,38,95.8356401974737,3.6930651539694427e-70,very_high,0.4141334295272827
pythia-410m,draw_1,22,3935,39,93.95384142306206,6.050323334317682e-69,low,0.4027623236179352
pythia-410m,draw_1,22,1014,40,93.76800786391368,7.980462306610024e-69,very_high,0.3089485764503479
pythia-410m,draw_1,22,3019,41,93.02182773140598,2.429167239240229e-68,low,-0.5839323401451111
pythia-410m,draw_1,22,147,42,92.63160814674978,4.351578655882543e-68,low,0.38190674781799316
pythia-410m,draw_1,22,607,43,92.55774073187035,4.859639459226439e-68,very_high,-0.33240386843681335
pythia-410m,draw_1,22,2723,44,92.5302683356762,5.063402217836563e-68,very_high,0.5667012333869934
pythia-410m,draw_1,22,2852,45,91.90075985216312,1.2988168465061047e-67,very_high,-0.639419674873352
pythia-410m,draw_1,22,3585,46,91.62456512198597,1.9645152700555245e-67,low,0.029329605400562286
pythia-410m,draw_1,22,307,47,91.40570835128081,2.7273976401329034e-67,low,-0.10707434266805649
pythia-410m,draw_1,22,1509,48,90.85930483281207,6.192400510311158e-67,low,-0.5123661756515503
pythia-410m,draw_1,22,1635,49,90.58545572751966,9.343923009110595e-67,very_high,0.04516378790140152
pythia-410m,draw_1,23,1246,0,558.409160580858,7.014175503283668e-265,low,2.843641519546509
pythia-410m,draw_1,23,1658,1,336.2006946957317,4.4725816430958205e-190,low,1.8629324436187744
pythia-410m,draw_1,23,1848,2,253.72435890472775,3.4500505377391254e-155,low,-1.6061105728149414
pythia-410m,draw_1,23,3731,3,232.50503925833723,2.421963137639886e-145,low,-0.08474313467741013
pythia-410m,draw_1,23,868,4,211.6281131355912,2.991319367778503e-135,low,-0.9926484227180481
pythia-410m,draw_1,23,2623,5,210.69983915033458,8.598515926776463e-135,low,0.7618337869644165
pythia-410m,draw_1,23,3816,6,207.1542435059937,4.941951664754428e-133,low,-0.1575474739074707
pythia-410m,draw_1,23,127,7,205.72526840002465,2.5504654026632824e-132,low,-0.38470983505249023
pythia-410m,draw_1,23,1926,8,204.46548195630697,1.088144341834749e-131,low,-0.7374182939529419
pythia-410m,draw_1,23,2697,9,199.13227172875594,5.274686041385374e-129,low,-1.2033816576004028
pythia-410m,draw_1,23,417,10,192.33016085124993,1.551699837726491e-125,very_high,0.3398092985153198
pythia-410m,draw_1,23,525,11,185.04150891896293,9.184277411150989e-122,low,-1.3909271955490112
pythia-410m,draw_1,23,1721,12,184.019199206653,3.139292539269314e-121,low,-2.123347282409668
pythia-410m,draw_1,23,3196,13,182.48508355709768,1.995480136490548e-120,very_high,0.45478421449661255
pythia-410m,draw_1,23,963,14,170.0290581171815,8.342652562395027e-114,low,-0.10110685229301453
pythia-410m,draw_1,23,828,15,168.21244489817101,7.982359177544853e-113,low,4.26762580871582
pythia-410m,draw_1,23,130,16,164.77440127058892,5.878208564689396e-111,very_high,-0.9777654409408569
pythia-410m,draw_1,23,1086,17,155.73212469399724,5.611048156889392e-106,very_high,0.3542267382144928
pythia-410m,draw_1,23,2102,18,154.1034930603223,4.5378159664229826e-105,low,-0.12965384125709534
pythia-410m,draw_1,23,1873,19,152.57050523509676,3.2690861740197016e-104,low,-0.1335742473602295
pythia-410m,draw_1,23,1965,20,149.91100157561596,1.02179985861437e-102,low,-0.3475794196128845
pythia-410m,draw_1,23,2559,21,149.2526805800985,2.4034246424501687e-102,very_high,0.1667497456073761
pythia-410m,draw_1,23,704,22,149.13318130067893,2.8074999714014907e-102,very_high,1.5777490139007568
pythia-410m,draw_1,23,1853,23,148.46827946411506,6.670749200355083e-102,very_high,0.26990628242492676
pythia-410m,draw_1,23,3378,24,147.6884165970485,1.8439588986154364e-101,very_high,0.47149041295051575
pythia-410m,draw_1,23,640,25,139.23466030108077,1.271403311174031e-96,low,-0.07853937894105911
pythia-410m,draw_1,23,1550,26,135.60672328046442,1.623373467762421e-94,very_high,0.14935675263404846
pythia-410m,draw_1,23,3689,27,133.90314444855596,1.6057643137013871e-93,low,1.7359527349472046
pythia-410m,draw_1,23,2909,28,131.8292798432451,2.6469928871312512e-92,low,-0.02966594323515892
pythia-410m,draw_1,23,1513,29,131.638506587386,3.427790624066148e-92,low,-0.480951189994812
pythia-410m,draw_1,23,3732,30,131.04153807549005,7.702575213860548e-92,low,-0.11970140784978867
pythia-410m,draw_1,23,440,31,130.5558840590139,1.4895821552013932e-91,very_high,1.3498469591140747
pythia-410m,draw_1,23,572,32,127.99975700805412,4.854598501805495e-90,low,-1.06674063205719
pythia-410m,draw_1,23,3906,33,127.45907368705215,1.0172041056307263e-89,very_high,-0.34596285223960876
pythia-410m,draw_1,23,817,34,127.03690589866574,1.8135853265812875e-89,low,-0.877996563911438
pythia-410m,draw_1,23,2842,35,126.20564859523788,5.672450656356079e-89,low,-1.4831364154815674
pythia-410m,draw_1,23,308,36,125.02485042944495,2.8771996470570665e-88,low,-0.22696304321289062
pythia-410m,draw_1,23,2873,37,123.25118763575216,3.3270868285759217e-87,low,-1.115002155303955
pythia-410m,draw_1,23,2515,38,122.32858646688202,1.1936490159822735e-86,low,-0.7335256338119507
pythia-410m,draw_1,23,510,39,121.95788808881434,1.9959618765198917e-86,very_high,-0.2982250154018402
pythia-410m,draw_1,23,1252,40,121.12231787848084,6.370463278941841e-86,low,-0.4086640775203705
pythia-410m,draw_1,23,1581,41,120.94818979863561,8.115888262714895e-86,low,-0.09271031618118286
pythia-410m,draw_1,23,4007,42,118.76193036352838,1.7122969290567335e-84,low,-0.24372142553329468
pythia-410m,draw_1,23,170,43,118.06760095077537,4.525230904332758e-84,very_high,-0.12947793304920197
pythia-410m,draw_1,23,3064,44,117.73981043148235,7.163856071758751e-84,low,-0.33426371216773987
pythia-410m,draw_1,23,3876,45,116.95968163158787,2.140998253021321e-83,very_high,0.09286214411258698
pythia-410m,draw_1,23,3912,46,116.33086107858334,5.1824833501096245e-83,very_high,0.808239221572876
pythia-410m,draw_1,23,3805,47,115.73626618800199,1.1970598106772204e-82,low,-0.5759921669960022
pythia-410m,draw_1,23,2450,48,115.58656627999652,1.4782160847973375e-82,low,-0.30864518880844116
pythia-410m,draw_1,23,3300,49,115.40211236218758,1.9172456956801875e-82,low,-0.05243334546685219
pythia-1b,draw_1,0,3119,0,378.84672060662683,2.5029589581517615e-206,low,0.003248449880629778
pythia-1b,draw_1,0,7527,1,280.8239915876371,3.2730460749392916e-167,low,0.17386366426944733
pythia-1b,draw_1,0,1054,2,275.96487055791056,4.241652621647189e-165,low,-0.44367289543151855
pythia-1b,draw_1,0,5727,3,275.9502360574155,4.3045270003557784e-165,low,0.00928298756480217
pythia-1b,draw_1,0,1437,4,270.9256700557404,6.885446606975299e-163,low,-0.25615331530570984
pythia-1b,draw_1,0,4965,5,262.8383471051768,2.678006606921773e-159,low,-0.0495900996029377
pythia-1b,draw_1,0,712,6,245.13239267132758,2.998768392395986e-151,low,-0.12749581038951874
pythia-1b,draw_1,0,1000,7,228.10030469938414,3.012250418991455e-143,low,-0.21848098933696747
pythia-1b,draw_1,0,5320,8,208.4267568731688,1.1507014678724675e-133,low,-0.15971536934375763
pythia-1b,draw_1,0,3790,9,206.74432272822312,7.909321947133204e-133,low,-0.11939507722854614
pythia-1b,draw_1,0,4944,10,206.26143598538437,1.3770649376498321e-132,low,-0.019990749657154083
pythia-1b,draw_1,0,140,11,205.31783902025845,4.075795739024019e-132,low,-0.045583903789520264
pythia-1b,draw_1,0,3756,12,198.93356265001694,6.650109873109206e-129,low,0.10741809755563736
pythia-1b,draw_1,0,7384,13,197.88682567768547,2.2574268676279607e-128,low,0.021213654428720474
pythia-1b,draw_1,0,4524,14,197.18279258271207,5.143619862460065e-128,low,0.027102764695882797
pythia-1b,draw_1,0,2056,15,193.68569823590144,3.1306376094823624e-126,low,0.27160799503326416
pythia-1b,draw_1,0,7065,16,191.39723712724083,4.6816800069436635e-125,low,0.11840169131755829
pythia-1b,draw_1,0,7179,17,190.47011449906637,1.4058815508769168e-124,low,-0.05486725643277168
pythia-1b,draw_1,0,3789,18,190.34970925990405,1.6219455072143339e-124,low,0.13560453057289124
pythia-1b,draw_1,0,6000,19,189.9663260680462,2.55761308367283e-124,low,-0.013088423758745193
pythia-1b,draw_1,0,7571,20,189.5207834044328,4.344150108404818e-124,low,-0.4738408625125885
pythia-1b,draw_1,0,5165,21,185.84719244900663,3.492911157093938e-122,low,-0.15179957449436188
pythia-1b,draw_1,0,3712,22,182.4206127299415,2.1570502074145448e-120,low,0.035940323024988174
pythia-1b,draw_1,0,220,23,182.0487210739996,3.380622883855994e-120,low,-0.6460208296775818
pythia-1b,draw_1,0,1410,24,181.57118271768394,6.0227699333828954e-120,low,-0.07668130099773407
pythia-1b,draw_1,0,3084,25,180.417846631321,2.435476319792788e-119,low,-0.16019093990325928
pythia-1b,draw_1,0,6930,26,180.0925176703895,3.614243017749641e-119,low,-0.006326260045170784
pythia-1b,draw_1,0,5840,27,179.71268324786232,5.732248839960927e-119,low,-0.5526432991027832
pythia-1b,draw_1,0,1342,28,178.88676862857534,1.5647436461088042e-118,low,-0.057277414947748184
pythia-1b,draw_1,0,2279,29,178.66037016076433,2.0612342410656016e-118,low,0.2592827379703522
pythia-1b,draw_1,0,2738,30,177.52989517627557,8.177583234512958e-118,low,-0.17825956642627716
pythia-1b,draw_1,0,4721,31,177.10036470116515,1.3816961702719008e-117,low,0.053208984434604645
pythia-1b,draw_1,0,72,32,176.88530723676354,1.7969713812895364e-117,low,-0.13477690517902374
pythia-1b,draw_1,0,5779,33,176.10751470517405,4.653210567592853e-117,low,-0.1435975283384323
pythia-1b,draw_1,0,4161,34,175.83522833358205,6.494913955043903e-117,low,-0.1411658078432083
pythia-1b,draw_1,0,5293,35,174.58146704730262,3.023570914231371e-116,low,-0.09375233203172684
pythia-1b,draw_1,0,6641,36,174.4775868604781,3.4351427100038004e-116,low,0.009139100089669228
pythia-1b,draw_1,0,6433,37,173.46127716292773,1.1990981172723568e-115,low,-0.13778109848499298
pythia-1b,draw_1,0,6168,38,173.26752247164066,1.5222816611815151e-115,low,0.06390835344791412
pythia-1b,draw_1,0,5234,39,172.44797978501725,4.18176008939688e-115,low,-0.18641799688339233
pythia-1b,draw_1,0,6002,40,172.43467035983514,4.251016616253326e-115,low,-0.07444766908884048
pythia-1b,draw_1,0,1824,41,171.75358267768254,9.858838774261672e-115,low,0.07629850506782532
pythia-1b,draw_1,0,475,42,170.1739332833273,6.970312860057226e-114,low,0.09233081340789795
pythia-1b,draw_1,0,2858,43,169.2866120467502,2.0974453688928187e-113,low,-0.04369441419839859
pythia-1b,draw_1,0,5986,44,168.82129692854645,3.740767334666946e-113,low,-0.004677129443734884
pythia-1b,draw_1,0,3416,45,168.72713634576988,4.205705213344082e-113,low,-0.4506140947341919
pythia-1b,draw_1,0,4091,46,167.4136993406715,2.160924031667151e-112,low,0.09231862425804138
pythia-1b,draw_1,0,4095,47,167.3036671521873,2.479021145279301e-112,low,-0.11793293058872223
pythia-1b,draw_1,0,6750,48,166.5207462587817,6.592762214493987e-112,low,-0.005764233414083719
pythia-1b,draw_1,0,4349,49,165.94270777479218,1.3588343417355507e-111,low,0.10185892879962921
pythia-1b,draw_1,1,3961,0,552.4880355756054,3.6992792461312176e-263,low,-0.44055864214897156
pythia-1b,draw_1,1,5479,1,397.05553365773386,5.979012208846501e-213,low,0.4643855690956116
pythia-1b,draw_1,1,578,2,332.0594170373105,1.9414566890750362e-188,low,0.9720514416694641
pythia-1b,draw_1,1,5139,3,318.6059167110348,4.844959637019254e-183,low,-1.3486921787261963
pythia-1b,draw_1,1,903,4,259.2326910983463,1.1105286111190116e-157,low,1.0190455913543701
pythia-1b,draw_1,1,4684,5,252.51420222458924,1.2268837435423327e-154,low,0.36700642108917236
pythia-1b,draw_1,1,457,6,203.9516960787346,1.968421608892947e-131,very_high,-1.9646563529968262
pythia-1b,draw_1,1,3253,7,201.0584930242516,5.608481466413712e-130,very_high,-0.9048231244087219
pythia-1b,draw_1,1,1533,8,198.54244769563746,1.0495965425800307e-128,low,-0.25599318742752075
pythia-1b,draw_1,1,3956,9,195.06170229874334,6.194135036317987e-127,very_high,-0.5489935278892517
pythia-1b,draw_1,1,1580,10,164.15994299587214,1.2718882691174922e-110,low,0.8390895128250122
pythia-1b,draw_1,1,1464,11,157.5140642719278,5.74951760252435e-107,low,-1.5197674036026
pythia-1b,draw_1,1,8104,12,154.97315388283795,1.4848305328396304e-105,very_high,-0.6549161672592163
pythia-1b,draw_1,1,7148,13,152.08610789032787,6.109879577470235e-104,very_high,-0.6748355627059937
pythia-1b,draw_1,1,7989,14,149.81338764500003,1.1598717039062286e-102,very_high,-0.9160938858985901
pythia-1b,draw_1,1,2916,15,143.76584107323808,3.1547535866847223e-99,low,1.2030245065689087
pythia-1b,draw_1,1,7369,16,134.80536758934306,4.765213813684533e-94,very_high,-0.6600077152252197
pythia-1b,draw_1,1,148,17,134.2607202729772,9.918449328637823e-94,very_high,-0.4524236023426056
pythia-1b,draw_1,1,262,18,125.26523813140525,2.0665249640710575e-88,low,-1.370168685913086
pythia-1b,draw_1,1,4708,19,124.8105010958625,3.865466115732881e-88,very_high,-0.9071277976036072
pythia-1b,draw_1,1,2694,20,122.64353905228819,7.715014713615353e-87,very_high,-0.8202990889549255
pythia-1b,draw_1,1,290,21,121.99097395109203,1.906408730365253e-86,very_high,-3.2635867595672607
pythia-1b,draw_1,1,1699,22,118.73479099801416,1.7785359941479663e-84,low,0.5108469724655151
pythia-1b,draw_1,1,2928,23,114.02091380889047,1.3490535502838485e-81,low,-0.6697825789451599
pythia-1b,draw_1,1,6211,24,113.06611062063372,5.217991372753837e-81,low,-0.3869146704673767
pythia-1b,draw_1,1,2451,25,110.64870275141817,1.6262919910839297e-79,low,-0.021454844623804092
pythia-1b,draw_1,1,3462,26,109.24199588398501,1.2150193911384138e-78,very_high,1.4729174375534058
pythia-1b,draw_1,1,3655,27,107.87166816532232,8.677049239496341e-78,very_high,-0.08938468247652054
pythia-1b,draw_1,1,4499,28,107.54378380150257,1.3902782464824292e-77,low,-0.27139735221862793
pythia-1b,draw_1,1,1066,29,107.1828264549102,2.3371096516614456e-77,very_high,-0.4914874732494354
pythia-1b,draw_1,1,7306,30,106.45384183778236,6.6816429443910885e-77,low,-1.1565696001052856
pythia-1b,draw_1,1,3245,31,105.93403272307064,1.4148187073847108e-76,very_high,0.12694613635540009
pythia-1b,draw_1,1,6372,32,102.65593174062268,1.6421410367902177e-74,low,-2.2585408687591553
pythia-1b,draw_1,1,7823,33,101.5676736176806,8.029559342335786e-74,low,-0.6707184314727783
pythia-1b,draw_1,1,284,34,101.55979800235335,8.122449175006051e-74,very_high,-0.6937118768692017
pythia-1b,draw_1,1,7081,35,100.72603715271082,2.7484783795579125e-73,low,0.06972499936819077
pythia-1b,draw_1,1,1092,36,100.45877397656818,4.0647586754430076e-73,low,0.24585795402526855
pythia-1b,draw_1,1,194,37,99.61984457632437,1.390720534766963e-72,very_high,-0.05807283893227577
pythia-1b,draw_1,1,3760,38,99.13136674015536,2.8498478542489525e-72,low,-0.8949829936027527
pythia-1b,draw_1,1,3741,39,98.95733723152854,3.680643500667084e-72,very_high,-1.2119944095611572
pythia-1b,draw_1,1,1915,40,96.64178872293871,1.1193655927820394e-70,low,-1.1451917886734009
pythia-1b,draw_1,1,1814,41,95.41667818834134,6.874512258254366e-70,low,0.12118405848741531
pythia-1b,draw_1,1,216,42,94.72958207410313,1.9074016952350499e-69,low,-1.7245692014694214
pythia-1b,draw_1,1,1165,43,93.06858659339584,2.2653528888845847e-68,very_high,-1.1633051633834839
pythia-1b,draw_1,1,2958,44,91.65584936813777,1.874535187635543e-67,low,-0.217010498046875
pythia-1b,draw_1,1,2138,45,91.64901057721747,1.8938456538637687e-67,low,-1.5115220546722412
pythia-1b,draw_1,1,5594,46,91.41520592618014,2.6888283863889887e-67,low,-1.2955634593963623
pythia-1b,draw_1,1,275,47,91.22654123831683,3.568301552903985e-67,very_high,-1.7876125574111938
pythia-1b,draw_1,1,7774,48,91.17113990896245,3.8775932228168736e-67,very_high,-0.675054669380188
pythia-1b,draw_1,1,3348,49,86.91870944723941,2.3733972064116465e-64,very_high,-0.4929834008216858
pythia-1b,draw_1,2,2730,0,153.14627062315878,1.55589693071631e-104,low,0.5504833459854126
pythia-1b,draw_1,2,2090,1,137.9492875952905,7.053663604934796e-96,low,-0.16668573021888733
pythia-1b,draw_1,2,7696,2,130.73664641721442,1.1652404015088917e-91,very_high,-0.49185505509376526
pythia-1b,draw_1,2,762,3,122.88044940489246,5.557243426347439e-87,very_high,-1.0485717058181763
pythia-1b,draw_1,2,6446,4,108.06834029074797,6.5411247455530635e-78,very_high,-2.667715311050415
pythia-1b,draw_1,2,6143,5,107.28822604857629,2.008117409430726e-77,low,-14.067302703857422
pythia-1b,draw_1,2,6665,6,92.00914491402456,1.1042369815337183e-67,low,-1.1222940683364868
pythia-1b,draw_1,2,5235,7,87.1170452042662,1.7566793133887572e-64,low,0.19700340926647186
pythia-1b,draw_1,2,5499,8,86.4786797697239,4.6295639515160057e-64,very_high,-1.0938668251037598
pythia-1b,draw_1,2,1260,9,83.51401687798557,4.260257711058061e-62,very_high,-0.7614017128944397
pythia-1b,draw_1,2,6190,10,80.7280736526138,3.084707636327349e-60,low,-1.8056254386901855
pythia-1b,draw_1,2,6210,11,77.03425997806055,9.477630881623404e-58,very_high,-0.6464151740074158
pythia-1b,draw_1,2,4354,12,76.66506705370671,1.6853629791508853e-57,low,-1.6548824310302734
pythia-1b,draw_1,2,3283,13,76.5762484568698,1.9358563905102183e-57,low,-0.4329700767993927
pythia-1b,draw_1,2,4762,14,76.44267531633095,2.3845364579701247e-57,medium,0.07166063785552979
pythia-1b,draw_1,2,2612,15,76.38747320496769,2.599126885134488e-57,low,-0.1854478269815445
pythia-1b,draw_1,2,4184,16,72.62461683822703,9.530920136979014e-55,low,0.7008013725280762
pythia-1b,draw_1,2,6146,17,70.52748484570205,2.6290351860498434e-53,low,-12.29059886932373
pythia-1b,draw_1,2,3972,18,70.16553469544532,4.669670695305552e-53,low,-0.9716996550559998
pythia-1b,draw_1,2,497,19,68.58796114478686,5.74922947829371e-52,low,0.8597212433815002
pythia-1b,draw_1,2,6186,20,67.7685029326175,2.127390553553917e-51,low,-19.060062408447266
pythia-1b,draw_1,2,6374,21,67.45522095045193,3.510971054076059e-51,very_high,-1.0614374876022339
pythia-1b,draw_1,2,6908,22,64.96378609246071,1.9165445036407703e-49,very_high,-0.6390032172203064
pythia-1b,draw_1,2,2410,23,64.50564928364129,4.0110156007160704e-49,control,-0.8903242945671082
pythia-1b,draw_1,2,2732,24,64.48611397121923,4.139423436257744e-49,very_high,-0.8150818943977356
pythia-1b,draw_1,2,4742,25,63.59968695229166,1.7326554694067445e-48,low,-0.004303555004298687
pythia-1b,draw_1,2,2822,26,62.86114946086222,5.726958889666172e-48,low,0.04246781766414642
pythia-1b,draw_1,2,449,27,62.40492285524051,1.2000487194484406e-47,low,-17.15457534790039
pythia-1b,draw_1,2,860,28,61.923514803764576,2.6221088940235527e-47,very_high,-0.9007143974304199
pythia-1b,draw_1,2,3827,29,61.61292769080162,4.3440553832708614e-47,low,-0.6987715363502502
pythia-1b,draw_1,2,4484,30,61.190595463444076,8.636286276212974e-47,very_high,-1.4497469663619995
pythia-1b,draw_1,2,1397,31,60.99321452382275,1.1910304511219267e-46,low,-16.53425407409668
pythia-1b,draw_1,2,8134,32,60.425807154897356,3.003629746120865e-46,low,0.002342428080737591
pythia-1b,draw_1,2,7757,33,60.11433949555801,4.9938632712331086e-46,low,-0.2939095199108124
pythia-1b,draw_1,2,6479,34,59.57734930334326,1.2010088303413558e-45,very_high,-0.6346337795257568
pythia-1b,draw_1,2,3406,35,59.388804431231655,1.6349157852927572e-45,control,-0.8082560300827026
pythia-1b,draw_1,2,2488,36,59.349687056665566,1.742989138724717e-45,very_high,-0.6672254204750061
pythia-1b,draw_1,2,5073,37,57.81358415920066,2.1645375165562554e-44,very_high,-1.1347100734710693
pythia-1b,draw_1,2,2594,38,56.54784008399737,1.7395372602836264e-43,very_high,-1.7649455070495605
pythia-1b,draw_1,2,4057,39,56.542600483509865,1.7546359035174274e-43,very_high,-0.5527502298355103
pythia-1b,draw_1,2,3275,40,55.82905668284573,5.699500505269908e-43,low,-0.5547573566436768
pythia-1b,draw_1,2,3513,41,55.74077673186187,6.594925375152072e-43,low,-0.9607515335083008
pythia-1b,draw_1,2,6615,42,55.71676261441527,6.862012574849019e-43,very_high,-0.4028618633747101
pythia-1b,draw_1,2,2437,43,54.81244672515685,3.0660674666589674e-42,low,0.6924540400505066
pythia-1b,draw_1,2,1610,44,52.55165983777881,1.3157878329508996e-40,very_high,-1.2980523109436035
pythia-1b,draw_1,2,3488,45,51.830656392178625,4.385804453368461e-40,very_high,-0.7767053246498108
pythia-1b,draw_1,2,3319,46,50.77771778850891,2.5559202379742558e-39,very_high,-1.1585354804992676
pythia-1b,draw_1,2,5127,47,49.287587676655484,3.124614706149551e-38,very_high,-1.1297420263290405
pythia-1b,draw_1,2,394,48,49.122856524208416,4.123555641693373e-38,very_high,-0.657056450843811
pythia-1b,draw_1,2,3577,49,49.05438274297651,4.6277128070968177e-38,very_high,-0.9749535918235779
pythia-1b,draw_1,3,262,0,224.52006698248,1.566291010181092e-141,low,0.23045125603675842
pythia-1b,draw_1,3,5244,1,169.71220176421824,1.2362272161867357e-113,very_high,-2.0128540992736816
pythia-1b,draw_1,3,2012,2,105.98633256250226,1.311896655472744e-76,very_high,-1.0098727941513062
pythia-1b,draw_1,3,6830,3,105.9691881395302,1.3447814276913883e-76,low,-0.6685361266136169
pythia-1b,draw_1,3,5810,4,104.46075385491311,1.192626002425066e-75,low,0.7861023545265198
pythia-1b,draw_1,3,6302,5,90.5790192371166,9.434746374591277e-67,low,0.1903965324163437
pythia-1b,draw_1,3,7657,6,90.46579221403857,1.1185182800025106e-66,very_high,-0.550702691078186
pythia-1b,draw_1,3,7586,7,83.56179437386673,3.9597048457576865e-62,low,-0.5901995301246643
pythia-1b,draw_1,3,6837,8,82.0354943521636,4.1181350832484586e-61,very_high,-0.5538739562034607
pythia-1b,draw_1,3,7945,9,77.8390732781108,2.7076984329194677e-58,low,-0.7715155482292175
pythia-1b,draw_1,3,199,10,76.69628892739688,1.605248581995152e-57,low,-0.43433162569999695
pythia-1b,draw_1,3,6804,11,75.84242841991887,6.090250100363363e-57,low,0.11955844610929489
pythia-1b,draw_1,3,1290,12,74.33321061927529,6.478828695774935e-56,low,0.4568972587585449
pythia-1b,draw_1,3,6077,13,72.05996977410686,2.323876300744149e-54,low,0.5176020860671997
pythia-1b,draw_1,3,5933,14,70.90221652084573,1.451303130914923e-53,low,-0.5926011204719543
pythia-1b,draw_1,3,1099,15,69.44269621945968,1.4732600589985074e-52,very_high,-0.4223392605781555
pythia-1b,draw_1,3,1808,16,68.52934235915085,6.3126974578194976e-52,low,-0.4310957193374634
pythia-1b,draw_1,3,3986,17,67.47322373892197,3.411291830362929e-51,low,-0.4321930706501007
pythia-1b,draw_1,3,166,18,66.23780100766147,2.4702604714469535e-50,low,-0.5599349141120911
pythia-1b,draw_1,3,2023,19,65.4294770339317,9.055522741825759e-50,very_high,-0.41762956976890564
pythia-1b,draw_1,3,7058,20,65.42181334929808,9.167870476411376e-50,very_high,-0.6039937734603882
pythia-1b,draw_1,3,8157,21,65.38041731669777,9.799312666431105e-50,low,-0.5775839686393738
pythia-1b,draw_1,3,4482,22,62.48522236750983,1.053470234400208e-47,control,-0.8583287000656128
pythia-1b,draw_1,3,2079,23,62.31931903444842,1.378880783581956e-47,low,-0.46601125597953796
pythia-1b,draw_1,3,348,24,61.962028158139304,2.4630728949810254e-47,very_high,-0.7690885663032532
pythia-1b,draw_1,3,1684,25,61.4759685109073,5.427950538451058e-47,low,-1.0616137981414795
pythia-1b,draw_1,3,5044,26,61.11183933164681,9.817871083678675e-47,low,0.22288045287132263
pythia-1b,draw_1,3,6706,27,60.68613141383104,1.9645268404070436e-46,low,-0.7133219242095947
pythia-1b,draw_1,3,2676,28,59.79390562112544,8.429155241961098e-46,low,0.6886592507362366
pythia-1b,draw_1,3,3778,29,58.482228317095604,7.220232241011827e-45,low,-0.36542731523513794
pythia-1b,draw_1,3,3119,30,58.439382934274704,7.746001757102814e-45,low,-1.0013257265090942
pythia-1b,draw_1,3,1592,31,56.916598089441344,9.471545813291452e-44,very_high,-0.38788411021232605
pythia-1b,draw_1,3,1845,32,56.31583569402878,2.5508106591972865e-43,low,-0.08522655814886093
pythia-1b,draw_1,3,7221,33,56.09773946238433,3.656417976440059e-43,very_high,-0.32876962423324585
pythia-1b,draw_1,3,1832,34,55.927723445192356,4.8420139884764655e-43,low,-0.3443606197834015
pythia-1b,draw_1,3,3460,35,55.82259777414278,5.7606685282322854e-43,very_high,-0.6359657645225525
pythia-1b,draw_1,3,1463,36,54.93357965098095,2.50842238596304e-42,low,0.30423352122306824
pythia-1b,draw_1,3,3108,37,54.83623045995491,2.947554699933542e-42,very_high,-0.8573652505874634
pythia-1b,draw_1,3,1922,38,54.25255351908349,7.761257568158e-42,low,-0.32000672817230225
pythia-1b,draw_1,3,7156,39,52.857568452385514,7.900715461165108e-41,medium,0.916867733001709
pythia-1b,draw_1,3,465,40,52.787403543057934,8.880929571003584e-41,very_high,0.6752703189849854
pythia-1b,draw_1,3,6301,41,51.60886475085376,6.35484025896572e-40,low,-0.2635113596916199
pythia-1b,draw_1,3,7908,42,51.403761280264,8.956365054255395e-40,low,-0.22358840703964233
pythia-1b,draw_1,3,5486,43,50.473490966758284,4.2574426181656104e-39,low,-0.38792684674263
pythia-1b,draw_1,3,575,44,49.800746956080424,1.3178317176446487e-38,low,0.25190994143486023
pythia-1b,draw_1,3,4294,45,49.582957682455806,1.9007268286468267e-38,medium,-0.9158908128738403
pythia-1b,draw_1,3,220,46,49.44789732979717,2.3856608648509886e-38,low,-0.2740195095539093
pythia-1b,draw_1,3,5324,47,49.112439444171194,4.1965483814691816e-38,low,-0.5498168468475342
pythia-1b,draw_1,3,5755,48,48.60350874655903,9.896072515033533e-38,low,0.26235222816467285
pythia-1b,draw_1,3,2130,49,48.464582503588865,1.2510059763268253e-37,low,-0.2809818387031555
pythia-1b,draw_1,4,8145,0,116.72527799554739,2.9761824677719755e-83,very_high,-2.421157121658325
pythia-1b,draw_1,4,4161,1,91.32955158629606,3.0573966925794323e-67,very_high,-0.4014941453933716
pythia-1b,draw_1,4,2114,2,90.57301095249869,9.52032536187491e-67,very_high,-0.7863167524337769
pythia-1b,draw_1,4,1145,3,87.35767157655089,1.2196715960066411e-64,low,0.27132299542427063
pythia-1b,draw_1,4,3815,4,81.25972477050544,1.35903108366677e-60,very_high,-0.555031418800354
pythia-1b,draw_1,4,2198,5,72.31929810686931,1.5429902599753575e-54,control,-0.9720243215560913
pythia-1b,draw_1,4,6193,6,66.59921183558467,1.383263273988201e-50,very_high,-0.8245564699172974
pythia-1b,draw_1,4,592,7,61.378124660652134,6.364586096388716e-47,low,0.453469842672348
pythia-1b,draw_1,4,3885,8,61.19869986247591,8.523086913656216e-47,control,-0.7410260438919067
pythia-1b,draw_1,4,445,9,60.78544490599958,1.670895751876914e-46,very_high,-1.3397265672683716
pythia-1b,draw_1,4,4602,10,59.79821728233277,8.369963777764036e-46,low,0.5345146059989929
pythia-1b,draw_1,4,5739,11,58.602186931689346,5.930656208776478e-45,very_high,-1.4560598134994507
pythia-1b,draw_1,4,1170,12,57.30750614371083,4.975637720601771e-44,low,0.5500069260597229
pythia-1b,draw_1,4,146,13,57.248081942002784,5.486915954631499e-44,very_high,-0.8153009414672852
pythia-1b,draw_1,4,2645,14,56.68345014519151,1.3909503428525225e-43,low,-0.09535452723503113
pythia-1b,draw_1,4,2988,15,56.02435939027924,4.1275452049433986e-43,very_high,-0.4645419418811798
pythia-1b,draw_1,4,4634,16,55.24898349959398,1.487784104910937e-42,control,-1.0048545598983765
pythia-1b,draw_1,4,455,17,53.80260322503191,1.6388583362950218e-41,very_high,-0.2892605662345886
pythia-1b,draw_1,4,3209,18,53.70634594968066,1.9232610906928649e-41,very_high,-0.9864128232002258
pythia-1b,draw_1,4,1946,19,53.31225570366184,3.7048003808858525e-41,very_high,-1.2831165790557861
pythia-1b,draw_1,4,2849,20,52.49733529168308,1.4406028411729645e-40,control,1.5950170755386353
pythia-1b,draw_1,4,41,21,52.10637926611897,2.7667649595363547e-40,very_high,-1.2351598739624023
pythia-1b,draw_1,4,6832,22,51.75723339632879,4.958549297891596e-40,low,-0.213613823056221
pythia-1b,draw_1,4,1264,23,51.7204753133274,5.272848608828861e-40,low,-0.9660654067993164
pythia-1b,draw_1,4,8071,24,50.58358324970222,3.53944010684119e-39,very_high,-1.2342348098754883
pythia-1b,draw_1,4,6388,25,50.36239177158274,5.1300552360125376e-39,low,-1.5165280103683472
pythia-1b,draw_1,4,7011,26,49.877754271103505,1.1578227535198335e-38,low,0.435941606760025
pythia-1b,draw_1,4,2707,27,49.79086080492522,1.339917502859584e-38,very_high,-1.9491904973983765
pythia-1b,draw_1,4,3769,28,48.42967004615446,1.3269280217969015e-37,very_high,-1.2223434448242188
pythia-1b,draw_1,4,4745,29,48.193671320740776,1.97643066942242e-37,very_high,-1.5574091672897339
pythia-1b,draw_1,4,2623,30,48.183598967267415,2.0103385820293948e-37,very_high,-0.9790056943893433
pythia-1b,draw_1,4,2139,31,47.53198695745521,6.048477587540687e-37,very_high,-0.839837372303009
pythia-1b,draw_1,4,3320,32,47.010511186819684,1.4625854213940034e-36,low,-0.11750688403844833
pythia-1b,draw_1,4,1235,33,47.00221041980431,1.4833031541167723e-36,low,-0.4771426022052765
pythia-1b,draw_1,4,3575,34,46.632988826026235,2.7739076523545197e-36,low,0.04538615047931671
pythia-1b,draw_1,4,4409,35,45.683289012261255,1.3921155208332793e-35,control,-0.54660564661026
pythia-1b,draw_1,4,3455,36,45.171734999775126,3.3252571642854764e-35,very_high,-0.583192765712738
pythia-1b,draw_1,4,5789,37,45.141749639602224,3.4995158789032923e-35,low,-0.32160210609436035
pythia-1b,draw_1,4,5089,38,45.08512221400406,3.8539426680140436e-35,very_high,-0.8859444856643677
pythia-1b,draw_1,4,927,39,44.44149707082888,1.15499681646402e-34,very_high,0.039946023374795914
pythia-1b,draw_1,4,1511,40,44.24866731815544,1.6053206438465364e-34,control,-0.8757412433624268
pythia-1b,draw_1,4,2998,41,43.621223376036276,4.691857575410289e-34,very_high,-0.641930878162384
pythia-1b,draw_1,4,3120,42,43.51282777212512,5.648019001400304e-34,very_high,-1.5498274564743042
pythia-1b,draw_1,4,3530,43,43.44968606468885,6.292592856546614e-34,low,-0.04324420914053917
pythia-1b,draw_1,4,4929,44,43.28564592541566,8.33298368489287e-34,low,-0.8402403593063354
pythia-1b,draw_1,4,7967,45,43.113703815166005,1.1186846462957434e-33,very_high,-0.515107274055481
pythia-1b,draw_1,4,4016,46,43.04862516232723,1.25064974922564e-33,very_high,-1.3746227025985718
pythia-1b,draw_1,4,4128,47,42.931209479813795,1.5294408198089913e-33,very_high,-1.8167022466659546
pythia-1b,draw_1,4,7481,48,42.79863147492854,1.9197755251937564e-33,very_high,-1.0721796751022339
pythia-1b,draw_1,4,1484,49,42.760153720636865,2.050727588650027e-33,very_high,-0.7621586322784424
pythia-1b,draw_1,5,2953,0,126.88013420227033,2.248331719751531e-89,low,-0.0010491007706150413
pythia-1b,draw_1,5,4842,1,111.35453407049347,5.944743509885744e-80,low,-0.03489897772669792
pythia-1b,draw_1,5,7707,2,108.3489700823845,4.371703478915819e-78,low,0.44841641187667847
pythia-1b,draw_1,5,7694,3,98.39976610417774,8.360258479663671e-72,low,-0.7607260346412659
pythia-1b,draw_1,5,1946,4,89.19487489024796,7.582221302042485e-66,low,0.24092072248458862
pythia-1b,draw_1,5,5808,5,86.16844678403217,7.418601537545748e-64,low,-0.20107537508010864
pythia-1b,draw_1,5,3546,6,85.15880251244086,3.4510604519102037e-63,very_high,-0.5429343581199646
pythia-1b,draw_1,5,1787,7,80.73205327942186,3.0658254316561544e-60,low,-0.5541169047355652
pythia-1b,draw_1,5,4098,8,80.1713700606931,7.286528078813491e-60,low,0.06588617712259293
pythia-1b,draw_1,5,1600,9,79.97091764479133,9.932867647149318e-60,low,-1.1157549619674683
pythia-1b,draw_1,5,1741,10,74.28612433919771,6.975924616212445e-56,very_high,-0.2602728605270386
pythia-1b,draw_1,5,4877,11,73.86549362476308,1.3507898497879446e-55,low,0.16036315262317657
pythia-1b,draw_1,5,5707,12,72.96746878707485,5.5512968065010674e-55,low,-0.35373929142951965
pythia-1b,draw_1,5,7616,13,71.55209697415096,5.1866148938396807e-54,very_high,-1.4787901639938354
pythia-1b,draw_1,5,5137,14,71.30067864391823,7.720952385199454e-54,low,0.15940700471401215
pythia-1b,draw_1,5,7341,15,70.93957041682249,1.3678895010668308e-53,low,0.7265075445175171
pythia-1b,draw_1,5,4080,16,65.53908866015506,7.591641413560347e-50,very_high,-1.4815168380737305
pythia-1b,draw_1,5,4035,17,64.84220601804729,2.3312864551814163e-49,low,0.6474763751029968
pythia-1b,draw_1,5,5473,18,61.64076419230895,4.1518121113521705e-47,low,-0.17731326818466187
pythia-1b,draw_1,5,8019,19,61.054135774720116,1.0785211038490655e-46,low,-1.9108376502990723
pythia-1b,draw_1,5,441,20,59.21647962175488,2.167620496583911e-45,low,-1.266555666923523
pythia-1b,draw_1,5,5745,21,57.859556034996785,2.0070288279545057e-44,low,1.0635584592819214
pythia-1b,draw_1,5,6619,22,57.57222699137399,3.218834064906885e-44,low,-0.2825615704059601
pythia-1b,draw_1,5,3608,23,57.492972813642076,3.6670181176405795e-44,very_high,-0.9258725047111511
pythia-1b,draw_1,5,7156,24,57.0238577110277,7.937424712802043e-44,low,-0.4013076722621918
pythia-1b,draw_1,5,4348,25,56.45712551818503,2.0203332125236303e-43,low,0.16992664337158203
pythia-1b,draw_1,5,2367,26,56.104693964998475,3.614663636876991e-43,very_high,0.17794600129127502
pythia-1b,draw_1,5,7171,27,51.83474694206213,4.355919401098865e-40,very_high,-1.5931341648101807
pythia-1b,draw_1,5,4108,28,51.721218536448156,5.266300150244734e-40,control,-1.0849248170852661
pythia-1b,draw_1,5,1332,29,51.709518947596855,5.370335797392235e-40,low,-0.656439483165741
pythia-1b,draw_1,5,2535,30,51.35082811427066,9.786035908715952e-40,low,-0.1633409559726715
pythia-1b,draw_1,5,1391,31,51.088533423400676,1.5182507028262533e-39,control,-1.1879627704620361
pythia-1b,draw_1,5,6240,32,50.86522620258894,2.207195178741513e-39,very_high,-1.5396491289138794
pythia-1b,draw_1,5,6781,33,50.56757888845899,3.635749365670461e-39,control,-0.7464660406112671
pythia-1b,draw_1,5,7327,34,50.40450401990755,4.779979844147034e-39,very_high,-0.07354512810707092
pythia-1b,draw_1,5,10,35,50.116956585275126,7.74630694949458e-39,very_high,-2.389549732208252
pythia-1b,draw_1,5,4299,36,50.055813445084624,8.584202832907532e-39,low,-0.9801490902900696
pythia-1b,draw_1,5,2504,37,49.28889566482682,3.1177415168032225e-38,low,-0.26960232853889465
pythia-1b,draw_1,5,1462,38,49.28782145962702,3.123385115201653e-38,low,0.16376926004886627
pythia-1b,draw_1,5,4977,39,49.147221870846856,3.957754293127468e-38,control,0.11473676562309265
pythia-1b,draw_1,5,2878,40,49.004888274167634,5.030161977820152e-38,low,-0.018852323293685913
pythia-1b,draw_1,5,716,41,48.819733950097614,6.872364604631108e-38,low,0.3159143030643463
pythia-1b,draw_1,5,5587,42,48.76244986823997,7.569197561833179e-38,low,0.5801572799682617
pythia-1b,draw_1,5,332,43,48.404243424733714,1.3851110589411964e-37,low,0.14885155856609344
pythia-1b,draw_1,5,7353,44,48.19670906451209,1.9663171900858637e-37,low,0.1454997956752777
pythia-1b,draw_1,5,133,45,48.16359961146787,2.0794020629318006e-37,low,0.43471699953079224
pythia-1b,draw_1,5,2746,46,48.12728541765817,2.2109380654235324e-37,very_high,-0.6404574513435364
pythia-1b,draw_1,5,7382,47,47.65731123658751,4.892957068346973e-37,very_high,-0.9609987139701843
pythia-1b,draw_1,5,6465,48,47.601201169868176,5.380107397250823e-37,low,-0.2322303056716919
pythia-1b,draw_1,5,7817,49,47.525166367304145,6.118684262290518e-37,very_high,-0.9539368748664856
pythia-1b,draw_1,6,3261,0,200.8946091332732,6.784339823670345e-130,very_high,0.3145280182361603
pythia-1b,draw_1,6,4724,1,125.5226711290668,1.4501506304270078e-88,very_high,-0.4899163246154785
pythia-1b,draw_1,6,853,2,121.00621872397015,7.48659527784703e-86,very_high,0.42703744769096375
pythia-1b,draw_1,6,4238,3,116.31861069540344,5.272580916817326e-83,low,-0.2115890234708786
pythia-1b,draw_1,6,4422,4,115.85059816136301,1.0189744733967701e-82,low,-0.4239560067653656
pythia-1b,draw_1,6,5486,5,100.97992173878175,1.8956808024963863e-73,very_high,-0.4267072081565857
pythia-1b,draw_1,6,2219,6,92.38284002235196,6.312371918003112e-68,low,0.2515745162963867
pythia-1b,draw_1,6,7086,7,90.40401711581312,1.2273777040198953e-66,low,-0.4217386841773987
pythia-1b,draw_1,6,3076,8,89.56982535654119,4.308204326203169e-66,very_high,-0.8441604375839233
pythia-1b,draw_1,6,1012,9,87.51750069793944,9.573116311141049e-65,low,-0.2299676388502121
pythia-1b,draw_1,6,512,10,83.86279114976534,2.4979688221952364e-62,very_high,0.13315561413764954
pythia-1b,draw_1,6,4526,11,82.73286445937043,1.4109012949488457e-61,low,-1.9457695484161377
pythia-1b,draw_1,6,2383,12,81.83690010405334,5.589063844541078e-61,low,0.4293961524963379
pythia-1b,draw_1,6,3024,13,78.57226501333552,8.668701647859825e-59,low,1.7248380184173584
pythia-1b,draw_1,6,5960,14,78.41864255994199,1.1003066422319942e-58,very_high,-0.19284389913082123
pythia-1b,draw_1,6,3288,15,76.1157686580993,3.972901622015497e-57,low,0.186187744140625
pythia-1b,draw_1,6,6389,16,75.22855463631699,1.5914778186586475e-56,very_high,-0.21925945580005646
pythia-1b,draw_1,6,823,17,74.90575965714844,2.6390048409625036e-56,low,-0.7260519862174988
pythia-1b,draw_1,6,2075,18,73.7876886980916,1.5265406193080592e-55,low,-0.13447831571102142
pythia-1b,draw_1,6,3754,19,73.33794658700923,3.097328299580894e-55,very_high,-0.9213718175888062
pythia-1b,draw_1,6,3591,20,72.89954341304296,6.178504706177169e-55,very_high,-1.2187156677246094
pythia-1b,draw_1,6,5868,21,70.69588104383793,2.0128283188855186e-53,very_high,-1.1294736862182617
pythia-1b,draw_1,6,7215,22,70.3898117227934,3.270877424612031e-53,low,0.30475401878356934
pythia-1b,draw_1,6,3389,23,69.81669610745553,8.127817647441377e-53,low,0.5509474873542786
pythia-1b,draw_1,6,3838,24,69.7505497926585,9.028985279667619e-53,control,-1.5632082223892212
pythia-1b,draw_1,6,4908,25,68.9953045117024,3.0034731556800593e-52,low,0.18632496893405914
pythia-1b,draw_1,6,6143,26,68.89907261184135,3.501162306249192e-52,low,0.7837302088737488
pythia-1b,draw_1,6,7553,27,67.72979443411879,2.2631886973789436e-51,low,0.07341810315847397
pythia-1b,draw_1,6,2969,28,67.67517479596829,2.46970783033647e-51,very_high,0.48995381593704224
pythia-1b,draw_1,6,1377,29,67.60652505992346,2.756260352471064e-51,low,-0.6822696924209595
pythia-1b,draw_1,6,4220,30,67.44621257387206,3.5619393619493595e-51,very_high,-0.3280951678752899
pythia-1b,draw_1,6,2919,31,67.35163024726229,4.1439490207033886e-51,low,0.4169943928718567
pythia-1b,draw_1,6,4757,32,66.48164151660968,1.6703303033023828e-50,low,0.3273767828941345
pythia-1b,draw_1,6,1913,33,66.2612400575173,2.379043134982778e-50,low,0.3048282861709595
pythia-1b,draw_1,6,4420,34,66.16193904398598,2.7902099181801847e-50,low,0.2358403205871582
pythia-1b,draw_1,6,360,35,66.0530481429119,3.32337716870318e-50,very_high,0.554326593875885
pythia-1b,draw_1,6,758,36,65.79987928408212,4.991528677787476e-50,low,-0.5840350389480591
pythia-1b,draw_1,6,6994,37,65.765408425555,5.275892659477102e-50,very_high,-0.876104474067688
pythia-1b,draw_1,6,471,38,63.642989067016714,1.615484639120162e-48,very_high,0.24845218658447266
pythia-1b,draw_1,6,2276,39,63.632585993021266,1.6428888029095833e-48,very_high,-1.0047492980957031
pythia-1b,draw_1,6,6541,40,63.27451191804748,2.932157324734802e-48,very_high,-0.04200633242726326
pythia-1b,draw_1,6,4770,41,63.272384558578366,2.942271059420554e-48,low,-0.37493714690208435
pythia-1b,draw_1,6,2576,42,63.040261736422885,4.2845479101012616e-48,very_high,-1.0135048627853394
pythia-1b,draw_1,6,2134,43,62.992400432029854,4.6299136543311164e-48,very_high,-0.5741289854049683
pythia-1b,draw_1,6,2337,44,62.64887944883378,8.07892752731826e-48,low,-0.17275302112102509
pythia-1b,draw_1,6,5345,45,61.83165132593601,3.0442315006649546e-47,very_high,-0.2058427631855011
pythia-1b,draw_1,6,5697,46,61.70309389023488,3.7516910942886013e-47,low,0.19051647186279297
pythia-1b,draw_1,6,1017,47,61.60498206504986,4.400547361832081e-47,control,0.24089738726615906
pythia-1b,draw_1,6,7941,48,61.4330307315087,5.820662650128364e-47,low,1.683618187904358
pythia-1b,draw_1,6,1971,49,61.095174407962034,1.0087953102931243e-46,very_high,-0.9866795539855957
pythia-1b,draw_1,7,219,0,137.13111636120922,2.105002002216937e-95,low,1.1638481616973877
pythia-1b,draw_1,7,7781,1,126.25960224735618,5.267405572308669e-89,low,-0.7468858361244202
pythia-1b,draw_1,7,3582,2,105.2270823814457,3.931078978095446e-76,very_high,-0.3761921226978302
pythia-1b,draw_1,7,8095,3,91.26270129721172,3.3798833958424374e-67,low,-0.6107364892959595
pythia-1b,draw_1,7,7144,4,91.029292813874,4.797521046088719e-67,low,-0.03465242683887482
pythia-1b,draw_1,7,2564,5,87.98512243014095,4.715742765947499e-65,low,0.7014318108558655
pythia-1b,draw_1,7,4275,6,84.37502300431488,1.1414881982729147e-62,very_high,-0.867169976234436
pythia-1b,draw_1,7,6150,7,81.93746887124665,4.7880829231064134e-61,low,-0.34257972240448
pythia-1b,draw_1,7,3237,8,80.47965501443936,4.5261182401782745e-60,low,0.7607971429824829
pythia-1b,draw_1,7,5909,9,79.39800548698102,2.4101539020779968e-59,low,0.30152201652526855
pythia-1b,draw_1,7,8108,10,76.644299268092,1.7408586594504573e-57,very_high,0.4401574730873108
pythia-1b,draw_1,7,6950,11,75.3679319800154,1.279451237493867e-56,very_high,-0.48509812355041504
pythia-1b,draw_1,7,4591,12,71.49809267633563,5.649217662052181e-54,low,0.4129398465156555
pythia-1b,draw_1,7,422,13,71.36818236850443,6.938527510144244e-54,very_high,-2.944777488708496
pythia-1b,draw_1,7,243,14,70.3820818813913,3.311248839598079e-53,low,0.7089349627494812
pythia-1b,draw_1,7,3150,15,68.26571928927507,9.61409635580669e-52,medium,0.5511371493339539
pythia-1b,draw_1,7,5159,16,67.92250265193651,1.663262412886641e-51,low,0.2216714471578598
pythia-1b,draw_1,7,3963,17,67.84151578737597,1.8930652283997294e-51,low,0.9665728211402893
pythia-1b,draw_1,7,5731,18,67.60891030679593,2.745766625113519e-51,low,1.5121662616729736
pythia-1b,draw_1,7,6345,19,67.29768912514253,4.517595026300818e-51,low,0.038830727338790894
pythia-1b,draw_1,7,4908,20,66.04312202694702,3.376785320118338e-50,low,-0.2035720944404602
pythia-1b,draw_1,7,2600,21,65.83139042793843,4.745032968375397e-50,low,0.405893474817276
pythia-1b,draw_1,7,2613,22,64.9102624760984,2.089146938759795e-49,very_high,-0.1589268296957016
pythia-1b,draw_1,7,6008,23,63.00314994456812,4.5499936276286287e-48,low,0.846539318561554
pythia-1b,draw_1,7,1148,24,62.81043234771434,6.217543687576786e-48,very_high,-1.898719310760498
pythia-1b,draw_1,7,209,25,62.78782497538947,6.449582113201194e-48,low,1.1208010911941528
pythia-1b,draw_1,7,5160,26,62.306037623505574,1.4089249544648115e-47,low,-0.48556044697761536
pythia-1b,draw_1,7,830,27,61.458689676028904,5.582687849545011e-47,low,0.2303895801305771
pythia-1b,draw_1,7,399,28,61.410017911566776,6.042727728406455e-47,medium,-1.0722155570983887
pythia-1b,draw_1,7,1048,29,61.211757228743856,8.343824196297254e-47,low,0.36005255579948425
pythia-1b,draw_1,7,4024,30,60.86326826251968,1.471865978749645e-46,very_high,-1.2992260456085205
pythia-1b,draw_1,7,4300,31,60.2700164845571,3.873091200319286e-46,low,0.6517394781112671
pythia-1b,draw_1,7,5626,32,58.941465240641314,3.4008326609692996e-45,control,-1.013555884361267
pythia-1b,draw_1,7,2357,33,58.412764339356414,8.091790401861061e-45,very_high,-1.6163455247879028
pythia-1b,draw_1,7,5758,34,57.98909949285581,1.622248459357962e-44,very_high,-0.7755477428436279
pythia-1b,draw_1,7,5917,35,57.66022099699006,2.7851955579243337e-44,low,1.539259672164917
pythia-1b,draw_1,7,3850,36,57.36223249957627,4.547092051139714e-44,very_high,-1.4600772857666016
pythia-1b,draw_1,7,5338,37,57.14452623759945,6.506873612816991e-44,low,0.05991344898939133
pythia-1b,draw_1,7,3446,38,56.8377475541941,1.0785765855761019e-43,very_high,-0.8534590601921082
pythia-1b,draw_1,7,3329,39,56.698512446619915,1.3568333069090812e-43,very_high,0.1978679597377777
pythia-1b,draw_1,7,5966,40,56.012862711139924,4.206679910235712e-43,very_high,-0.3802180588245392
pythia-1b,draw_1,7,139,41,55.64834955915516,7.683817192836865e-43,very_high,-1.514379858970642
pythia-1b,draw_1,7,7515,42,55.50610519606085,9.721853880703661e-43,low,0.7880101203918457
pythia-1b,draw_1,7,3068,43,55.46608232821823,1.0387339448201517e-42,low,0.46435990929603577
pythia-1b,draw_1,7,2606,44,55.46451752802721,1.0414265666940578e-42,low,-0.11701364815235138
pythia-1b,draw_1,7,4397,45,55.30533888742329,1.3552717490660912e-42,low,-2.7565425625653006e-05
pythia-1b,draw_1,7,3879,46,55.190805677811944,1.6382128809664922e-42,control,-0.41634657979011536
pythia-1b,draw_1,7,1793,47,53.30589772179277,3.7442168680045525e-41,low,-0.42014408111572266
pythia-1b,draw_1,7,4354,48,53.19348456666478,4.5147953222693035e-41,low,-0.3861525356769562
pythia-1b,draw_1,7,5079,49,52.91006931075297,7.238822355847331e-41,low,0.4664393365383148
pythia-1b,draw_1,8,1718,0,274.4337540489596,1.9816478824757224e-164,low,0.8391732573509216
pythia-1b,draw_1,8,7872,1,159.1840661508559,6.854737718544198e-108,low,0.7319920659065247
pythia-1b,draw_1,8,7932,2,122.57793098396648,8.449050864561488e-87,low,0.08470550179481506
pythia-1b,draw_1,8,3942,3,97.25784133691455,4.50334855957702e-71,low,-1.619506597518921
pythia-1b,draw_1,8,7671,4,89.05359305441003,9.383490872051675e-66,low,-0.2506559193134308
pythia-1b,draw_1,8,7046,5,85.45539116047654,2.1960681545264946e-63,very_high,0.752758264541626
pythia-1b,draw_1,8,7571,6,80.78546644723635,2.8233206140256323e-60,very_high,-0.7232547998428345
pythia-1b,draw_1,8,4330,7,79.31223579644235,2.7525125533889184e-59,low,-0.3072386682033539
pythia-1b,draw_1,8,6230,8,78.84588119191434,5.670366253248705e-59,very_high,-0.9856847524642944
pythia-1b,draw_1,8,6043,9,77.91662926261006,2.4001080821423074e-58,low,-0.9759377837181091
pythia-1b,draw_1,8,4499,10,74.15035650793354,8.633696368382002e-56,very_high,-1.4567234516143799
pythia-1b,draw_1,8,1928,11,73.66098750299255,1.8631018868419692e-55,low,0.11115631461143494
pythia-1b,draw_1,8,3061,12,73.536484920512,2.266170443173444e-55,low,-0.7552286386489868
pythia-1b,draw_1,8,619,13,71.381456217481,6.794282319083637e-54,very_high,-0.8696516752243042
pythia-1b,draw_1,8,7050,14,71.1611888164604,9.629119304880429e-54,low,0.4679583013057709
pythia-1b,draw_1,8,5834,15,69.65725127385724,1.047280425820426e-52,low,0.030204687267541885
pythia-1b,draw_1,8,3262,16,69.10313018432971,2.5294952690355034e-52,low,0.6142563223838806
pythia-1b,draw_1,8,3740,17,67.48240259436425,3.3615658752061165e-51,very_high,-0.08912308514118195
pythia-1b,draw_1,8,1692,18,66.1824490349966,2.699823401393408e-50,low,-0.6923103928565979
pythia-1b,draw_1,8,1698,19,65.05353911565517,1.6585626984820684e-49,control,-1.5850749015808105
pythia-1b,draw_1,8,7597,20,64.62200655373634,3.324722809190606e-49,very_high,-0.45460382103919983
pythia-1b,draw_1,8,6055,21,64.57990216971541,3.558304662629491e-49,low,-0.5565469264984131
pythia-1b,draw_1,8,8010,22,64.35375430899153,5.124886997969763e-49,low,0.013998383656144142
pythia-1b,draw_1,8,110,23,63.40408298476752,2.377513471981402e-48,very_high,-0.4189196825027466
pythia-1b,draw_1,8,6368,24,62.976422928205345,4.7513083825141215e-48,low,-0.5048879384994507
pythia-1b,draw_1,8,6826,25,61.470914989205696,5.472756480704243e-47,very_high,-1.0126218795776367
pythia-1b,draw_1,8,225,26,61.27239025960211,7.559638311471598e-47,very_high,0.0580422542989254
pythia-1b,draw_1,8,2038,27,60.292838447229464,3.731474016670808e-46,low,0.3520406186580658
pythia-1b,draw_1,8,5854,28,60.04984569507306,5.548537125361511e-46,low,0.01685328781604767
pythia-1b,draw_1,8,5565,29,59.66267174154685,1.0446078781169484e-45,control,-0.8568667769432068
pythia-1b,draw_1,8,1161,30,59.59672834009626,1.1635435363420522e-45,low,-0.19835801422595978
pythia-1b,draw_1,8,5264,31,59.234967583071146,2.1029998161681976e-45,control,-0.912372350692749
pythia-1b,draw_1,8,6879,32,59.103960867797916,2.6061124785903057e-45,very_high,-1.0717523097991943
pythia-1b,draw_1,8,1566,33,58.58310679241215,6.119161400253052e-45,low,0.1630999594926834
pythia-1b,draw_1,8,3815,34,58.52573080371304,6.722956944424354e-45,very_high,-0.42620307207107544
pythia-1b,draw_1,8,4044,35,58.34559777219153,9.034629615163634e-45,very_high,0.23781195282936096
pythia-1b,draw_1,8,5386,36,58.23764367381456,1.0786037563408281e-44,control,-1.1878979206085205
pythia-1b,draw_1,8,2423,37,57.337025043056826,4.739687676389991e-44,very_high,-0.3907664716243744
pythia-1b,draw_1,8,5994,38,56.32549428825209,2.5104704693765716e-43,very_high,-0.3798961043357849
pythia-1b,draw_1,8,1081,39,55.99072183952082,4.3633887864369346e-43,low,0.2395990937948227
pythia-1b,draw_1,8,7626,40,55.94503375219309,4.705490275917351e-43,very_high,-1.496002197265625
pythia-1b,draw_1,8,2050,41,55.18621161776644,1.6507214811488646e-42,very_high,-0.7899436354637146
pythia-1b,draw_1,8,508,42,54.7420397373796,3.445627184218408e-42,low,0.14278849959373474
pythia-1b,draw_1,8,3631,43,54.51081867718257,5.055884338258857e-42,low,1.4406852722167969
pythia-1b,draw_1,8,7675,44,54.20447968731476,8.406099024515223e-42,low,-1.8031035661697388
pythia-1b,draw_1,8,7001,45,53.98800896942787,1.2042966688138621e-41,low,-0.3096556067466736
pythia-1b,draw_1,8,6096,46,53.809605240785906,1.619894621983736e-41,low,0.4928182363510132
pythia-1b,draw_1,8,6254,47,53.30627952573241,3.741838052436055e-41,very_high,0.4420875310897827
pythia-1b,draw_1,8,3885,48,53.175684603354455,4.650612793409313e-41,low,1.7468582391738892
pythia-1b,draw_1,8,3428,49,53.13321882141255,4.991396842309113e-41,very_high,-1.774524450302124
pythia-1b,draw_1,9,7471,0,150.12354350159,7.754558618911544e-103,low,0.8177149891853333
pythia-1b,draw_1,9,4385,1,133.9582686998033,1.4907808621008917e-93,very_high,-0.10782506316900253
pythia-1b,draw_1,9,3177,2,119.56699767793552,5.560443239190668e-85,low,0.6427881121635437
pythia-1b,draw_1,9,7960,3,110.99218256086209,9.963494751904489e-80,very_high,0.9387615323066711
pythia-1b,draw_1,9,1993,4,103.79850007304695,3.1174431150259075e-75,very_high,-0.03378140181303024
pythia-1b,draw_1,9,7991,5,78.30371459784577,1.3152761514576708e-58,very_high,-0.3996520936489105
pythia-1b,draw_1,9,5033,6,77.75671954041565,3.077666249114032e-58,low,0.011149881407618523
pythia-1b,draw_1,9,1263,7,73.81964453368342,1.451742038020694e-55,very_high,-0.10951979458332062
pythia-1b,draw_1,9,318,8,70.89557535186229,1.466658118486899e-53,very_high,0.6630380749702454
pythia-1b,draw_1,9,4582,9,70.60751634619191,2.315606576721417e-53,very_high,0.03033355623483658
pythia-1b,draw_1,9,888,10,70.11318263877166,5.074494416254086e-53,low,-0.5260130763053894
pythia-1b,draw_1,9,5799,11,69.05416306038343,2.7346691828920583e-52,very_high,0.5084532499313354
pythia-1b,draw_1,9,3350,12,67.07190849720598,6.484875014356872e-51,low,-0.3334215581417084
pythia-1b,draw_1,9,5271,13,66.70417537890287,1.1689920602501738e-50,low,-0.4195426404476166
pythia-1b,draw_1,9,6684,14,62.52070237944485,9.945535391029662e-48,low,0.25338828563690186
pythia-1b,draw_1,9,1274,15,60.56240662793045,2.403675435802667e-46,very_high,2.9250683784484863
pythia-1b,draw_1,9,1185,16,59.43880735861404,1.5064841620727244e-45,low,-0.04353409260511398
pythia-1b,draw_1,9,3814,17,58.85682135175497,3.9067716408647396e-45,very_high,-0.8123977184295654
pythia-1b,draw_1,9,2091,18,57.82581796435883,2.1214513146772085e-44,very_high,-1.4536998271942139
pythia-1b,draw_1,9,4294,19,57.433473661072604,4.0441197304786615e-44,very_high,-0.5537030100822449
pythia-1b,draw_1,9,369,20,57.17145668401338,6.224644807047417e-44,low,-1.4339157342910767
pythia-1b,draw_1,9,3235,21,56.485587666054464,1.927660322835824e-43,very_high,-0.6248807311058044
pythia-1b,draw_1,9,4717,22,56.359524117611585,2.3733656410683298e-43,low,0.32837536931037903
pythia-1b,draw_1,9,5670,23,55.596672981043646,8.369332495755765e-43,very_high,-0.2508230209350586
pythia-1b,draw_1,9,2913,24,53.718408063060366,1.8850743298025298e-41,low,-1.2326122522354126
pythia-1b,draw_1,9,7322,25,53.142337794393654,4.916169013997879e-41,low,0.23293757438659668
pythia-1b,draw_1,9,7930,26,52.341408608525526,1.8687340954939685e-40,very_high,0.5495267510414124
pythia-1b,draw_1,9,7634,27,51.95243512402816,3.578177326724726e-40,very_high,-0.8121739625930786
pythia-1b,draw_1,9,5140,28,50.719422297018006,2.818353493861621e-39,very_high,-0.29170340299606323
pythia-1b,draw_1,9,4949,29,50.50719901750021,4.0233346314800233e-39,low,0.6824259161949158
pythia-1b,draw_1,9,2108,30,50.280882465751105,5.882274253708496e-39,low,0.1331501454114914
pythia-1b,draw_1,9,1741,31,49.43474890935239,2.439036578790444e-38,very_high,-1.712986707687378
pythia-1b,draw_1,9,2905,32,49.26225149872555,3.260786114298014e-38,low,0.6216227412223816
pythia-1b,draw_1,9,5487,33,48.85649816986217,6.459380398927515e-38,very_high,-0.9636613726615906
pythia-1b,draw_1,9,7550,34,48.52394117561713,1.1317751006424405e-37,very_high,-0.34323886036872864
pythia-1b,draw_1,9,7981,35,48.3116000066874,1.6195778476040724e-37,low,-0.3783997893333435
pythia-1b,draw_1,9,5517,36,48.01166686172039,2.687857804253264e-37,low,0.2383221536874771
pythia-1b,draw_1,9,1394,37,47.84666662685339,3.552349245677165e-37,low,-1.5557746887207031
pythia-1b,draw_1,9,815,38,46.68066590484042,2.558413988376468e-36,low,0.5580793023109436
pythia-1b,draw_1,9,999,39,46.00140586126605,8.105762081167381e-36,low,-0.029959851875901222
pythia-1b,draw_1,9,2141,40,45.95798234496554,8.726560544241927e-36,very_high,-0.7271683812141418
pythia-1b,draw_1,9,2869,41,45.82718165049625,1.0899485187087907e-35,very_high,0.01565236784517765
pythia-1b,draw_1,9,6390,42,45.724654986141246,1.2975399843049823e-35,low,0.18828311562538147
pythia-1b,draw_1,9,3538,43,45.08986037089866,3.822956380249297e-35,control,-0.3504768908023834
pythia-1b,draw_1,9,7164,44,44.668470275474235,7.84120554732857e-35,low,-0.00157801469322294
pythia-1b,draw_1,9,241,45,44.00387182615148,2.4388623807785826e-34,very_high,1.5587915182113647
pythia-1b,draw_1,9,7404,46,43.86888172038113,3.071827248491125e-34,very_high,0.602229118347168
pythia-1b,draw_1,9,1442,47,43.74123017653494,3.8211471468692383e-34,very_high,-0.7393870949745178
pythia-1b,draw_1,9,4392,48,43.45275468246325,6.2596279800058895e-34,low,-0.8462579250335693
pythia-1b,draw_1,9,4921,49,43.28600873143891,8.327808063743367e-34,low,0.36354947090148926
pythia-1b,draw_1,10,3055,0,259.37238322523547,9.608485597754933e-158,low,0.7296392321586609
pythia-1b,draw_1,10,5587,1,129.15104697922936,1.0080831661899072e-90,low,-0.5605144500732422
pythia-1b,draw_1,10,2106,2,112.87612785039481,6.8322561748622535e-81,control,2.0885963439941406
pythia-1b,draw_1,10,6307,3,104.3791055273681,1.3424981908702878e-75,very_high,0.10665752738714218
pythia-1b,draw_1,10,7665,4,101.13121631618048,1.519418923401348e-73,low,0.507740318775177
pythia-1b,draw_1,10,754,5,97.39578425359043,3.673486732159916e-71,medium,-0.32249975204467773
pythia-1b,draw_1,10,7432,6,93.00312161820746,2.4979787695201004e-68,very_high,-0.9260303378105164
pythia-1b,draw_1,10,5325,7,85.42746084284346,2.2915311629341876e-63,low,-0.5475194454193115
pythia-1b,draw_1,10,7436,8,83.35448383764874,5.439490599957257e-62,very_high,-1.1261799335479736
pythia-1b,draw_1,10,3431,9,80.7646831972402,2.915308508425538e-60,low,-3.0395936965942383
pythia-1b,draw_1,10,8144,10,78.57278100207611,8.661762894862459e-59,low,-1.4285314083099365
pythia-1b,draw_1,10,2942,11,76.51793642897087,2.1202681097546882e-57,very_high,-1.170896291732788
pythia-1b,draw_1,10,7637,12,75.4461349390237,1.1320389118595613e-56,very_high,-0.38510754704475403
pythia-1b,draw_1,10,4932,13,72.77232743424945,7.550484066224656e-55,low,-0.8061766028404236
pythia-1b,draw_1,10,73,14,72.55465172484968,1.0643021607911942e-54,very_high,-1.103510856628418
pythia-1b,draw_1,10,4672,15,71.82673149068162,3.359527482469993e-54,very_high,-0.5599229335784912
pythia-1b,draw_1,10,1576,16,69.38920682923833,1.6041463865254623e-52,low,0.2983838617801666
pythia-1b,draw_1,10,3782,17,69.35239164139362,1.700939283907787e-52,very_high,-0.010671848431229591
pythia-1b,draw_1,10,3612,18,68.68368456839089,4.93532781076532e-52,low,-0.3308184742927551
pythia-1b,draw_1,10,765,19,68.6340444114979,5.341857572987211e-52,low,-1.216551423072815
pythia-1b,draw_1,10,6291,20,68.369920537232,8.141042516121148e-52,very_high,-0.15909850597381592
pythia-1b,draw_1,10,6230,21,67.34317505737668,4.2004032750887117e-51,very_high,-0.8496198058128357
pythia-1b,draw_1,10,6888,22,65.4844159108037,8.289507484333692e-50,very_high,-0.37745288014411926
pythia-1b,draw_1,10,7949,23,64.96967405802305,1.898451395818251e-49,medium,-1.6517366170883179
pythia-1b,draw_1,10,194,24,64.67944245581816,3.0306511022030713e-49,very_high,-0.7028613090515137
pythia-1b,draw_1,10,2670,25,63.797694944819845,1.2580239998043968e-48,low,-0.2275831401348114
pythia-1b,draw_1,10,5737,26,61.99644715723003,2.3291373114190117e-47,control,1.8249022960662842
pythia-1b,draw_1,10,4022,27,61.34996767260089,6.662984040605987e-47,low,-1.0695604085922241
pythia-1b,draw_1,10,2860,28,61.21685527100263,8.274863471659236e-47,very_high,-0.98748779296875
pythia-1b,draw_1,10,2238,29,61.137221305520804,9.420366504620336e-47,very_high,0.19300828874111176
pythia-1b,draw_1,10,4975,30,60.862576307672704,1.4735265297974633e-46,very_high,-2.207566738128662
pythia-1b,draw_1,10,6504,31,60.383704993537876,3.21721522692188e-46,very_high,0.5088167190551758
pythia-1b,draw_1,10,1187,32,60.326041613570005,3.534648829640822e-46,very_high,-1.7063205242156982
pythia-1b,draw_1,10,338,33,60.27475987563996,3.843220437690583e-46,very_high,-0.001850628643296659
pythia-1b,draw_1,10,6978,34,60.07413005335705,5.3327839249899175e-46,very_high,-1.0044329166412354
pythia-1b,draw_1,10,7982,35,59.066935589005226,2.769023497142726e-45,very_high,-2.0151824951171875
pythia-1b,draw_1,10,5179,36,58.56062918139741,6.348947441236448e-45,low,0.16129805147647858
pythia-1b,draw_1,10,7448,37,57.59139989368402,3.118921934867066e-44,very_high,0.014067456126213074
pythia-1b,draw_1,10,7881,38,57.448691554845325,3.9441229814447333e-44,very_high,-0.4334922134876251
pythia-1b,draw_1,10,1427,39,57.0603505374072,7.47438233882896e-44,very_high,-0.9452463388442993
pythia-1b,draw_1,10,5264,40,56.89049847202227,9.887759916232835e-44,low,0.31452345848083496
pythia-1b,draw_1,10,7470,41,56.793133394224135,1.160873986723419e-43,low,-0.9433002471923828
pythia-1b,draw_1,10,3766,42,56.34493799031441,2.4311894016080617e-43,low,-0.16241200268268585
pythia-1b,draw_1,10,3087,43,56.21260690960551,3.024701492401366e-43,very_high,-1.1062068939208984
pythia-1b,draw_1,10,3248,44,55.972572587694884,4.496197721663227e-43,low,-0.25687387585639954
pythia-1b,draw_1,10,6785,45,55.64479237024636,7.729147612997554e-43,very_high,-0.8710116147994995
pythia-1b,draw_1,10,3196,46,55.23423020966539,1.5245687878712376e-42,very_high,-0.7025918960571289
pythia-1b,draw_1,10,4511,47,54.96936742397064,2.364010579328932e-42,very_high,-0.2797088921070099
pythia-1b,draw_1,10,1086,48,54.88716916543947,2.7089401715887217e-42,low,-0.3829026222229004
pythia-1b,draw_1,10,901,49,54.53095674593986,4.8897772133036504e-42,low,-1.1961536407470703
pythia-1b,draw_1,11,4411,0,157.6001807104926,5.151301182652626e-107,very_high,1.0705775022506714
pythia-1b,draw_1,11,4564,1,148.81491796071958,4.247713678555989e-102,very_high,-0.11962338536977768
pythia-1b,draw_1,11,340,2,115.81228992551772,1.0754729397039519e-82,low,-0.17315258085727692
pythia-1b,draw_1,11,2965,3,104.91544144610036,6.171755454380396e-76,very_high,-2.038832902908325
pythia-1b,draw_1,11,293,4,91.50833727833306,2.338399433551801e-67,low,-0.21920464932918549
pythia-1b,draw_1,11,3428,5,85.99632838564769,9.638486428462912e-64,very_high,-0.9229462742805481
pythia-1b,draw_1,11,301,6,84.81325778316032,5.845997722617999e-63,very_high,1.0550748109817505
pythia-1b,draw_1,11,6402,7,80.81908224353207,2.6806493287074643e-60,very_high,-1.8454687595367432
pythia-1b,draw_1,11,4298,8,79.42224037106574,2.321389374393071e-59,very_high,0.033223774284124374
pythia-1b,draw_1,11,170,9,79.13314661283906,3.6326131496969687e-59,very_high,-0.03828664869070053
pythia-1b,draw_1,11,7634,10,77.00594539045443,9.90521083554807e-58,very_high,0.07814285159111023
pythia-1b,draw_1,11,7489,11,76.16297806009419,3.6904457073942965e-57,medium,0.058443959802389145
pythia-1b,draw_1,11,2825,12,71.22588931638339,8.691460797768983e-54,very_high,-1.3449668884277344
pythia-1b,draw_1,11,3447,13,67.9085838499063,1.700667890406138e-51,very_high,-0.7261477708816528
pythia-1b,draw_1,11,7485,14,67.76584741725785,2.1364401806789862e-51,very_high,-1.041712999343872
pythia-1b,draw_1,11,772,15,64.08486062792676,7.910490967833327e-49,very_high,-1.073543667793274
pythia-1b,draw_1,11,3308,16,63.60186462852032,1.7265645884194832e-48,very_high,-0.5644237995147705
pythia-1b,draw_1,11,100,17,62.46854191974102,1.0823650598488038e-47,low,-0.5597348213195801
pythia-1b,draw_1,11,730,18,61.54173980984179,4.87723837048416e-47,very_high,0.12735441327095032
pythia-1b,draw_1,11,1274,19,60.496066608804355,2.678355195940755e-46,low,2.3899343013763428
pythia-1b,draw_1,11,7668,20,60.163357680177626,4.609738813548364e-46,low,0.30390822887420654
pythia-1b,draw_1,11,1511,21,60.12093053758051,4.940403894755498e-46,very_high,0.099500373005867
pythia-1b,draw_1,11,1296,22,59.39365022853602,1.6220038014554613e-45,low,-1.0654388666152954
pythia-1b,draw_1,11,3035,23,55.17737818134274,1.6750424302641657e-42,low,-0.7226667404174805
pythia-1b,draw_1,11,594,24,54.51333309209245,5.034839451816275e-42,low,-1.1497135162353516
pythia-1b,draw_1,11,8083,25,53.745374283891394,1.8024278287974043e-41,very_high,-0.7853570580482483
pythia-1b,draw_1,11,3110,26,53.43981486520127,2.996193016282835e-41,very_high,-0.49633362889289856
pythia-1b,draw_1,11,2870,27,53.177833107247075,4.634004469352848e-41,very_high,-1.3850938081741333
pythia-1b,draw_1,11,6761,28,52.79540267587049,8.763294106038791e-41,low,-0.6440679430961609
pythia-1b,draw_1,11,468,29,52.37152823179066,1.7771141357937079e-40,very_high,-1.2397339344024658
pythia-1b,draw_1,11,7338,30,52.173892684510285,2.4717540621170654e-40,very_high,-0.43050599098205566
pythia-1b,draw_1,11,1772,31,52.095706807223415,2.8165261169605163e-40,very_high,0.03167838975787163
pythia-1b,draw_1,11,8018,32,52.022141801373294,3.18480045745844e-40,very_high,-0.8730730414390564
pythia-1b,draw_1,11,6609,33,51.56945400425361,6.787870909649028e-40,very_high,-0.3468073308467865
pythia-1b,draw_1,11,2251,34,51.35569819522779,9.706590221393645e-40,very_high,-0.9493417739868164
pythia-1b,draw_1,11,6850,35,50.9131303762366,2.0369151978774006e-39,very_high,-0.7706907987594604
pythia-1b,draw_1,11,1542,36,50.9119184061553,2.0410565677740963e-39,very_high,-0.4762721657752991
pythia-1b,draw_1,11,6821,37,50.903700129246815,2.0693622637503407e-39,low,0.446747362613678
pythia-1b,draw_1,11,6114,38,50.44620760020441,4.456886543207346e-39,very_high,-0.9512284994125366
pythia-1b,draw_1,11,1588,39,49.965780349558024,9.986082820000343e-39,very_high,-0.4981372058391571
pythia-1b,draw_1,11,4584,40,49.76580925805167,1.3975574529873186e-38,very_high,-0.9281432032585144
pythia-1b,draw_1,11,8032,41,49.324448757477086,2.9366080537131496e-38,low,-0.8335431814193726
pythia-1b,draw_1,11,2108,42,49.12831800826388,4.085796442961074e-38,very_high,-1.1404969692230225
pythia-1b,draw_1,11,843,43,48.77423656509158,7.420258154145163e-38,very_high,-1.004361867904663
pythia-1b,draw_1,11,7061,44,48.72071010410901,8.121124383245198e-38,very_high,-0.8330445885658264
pythia-1b,draw_1,11,7103,45,48.582231705967544,1.0257718171739947e-37,low,-1.3963422775268555
pythia-1b,draw_1,11,2626,46,48.38043403130502,1.4419083215271116e-37,very_high,-1.4162964820861816
pythia-1b,draw_1,11,71,47,48.19633515150223,1.9675592456852565e-37,very_high,-0.8672277927398682
pythia-1b,draw_1,11,5640,48,47.56967922354531,5.6747985943281266e-37,low,-0.7446116805076599
pythia-1b,draw_1,11,4965,49,47.54650265259551,5.901736895930403e-37,very_high,2.414999008178711
pythia-1b,draw_1,12,5086,0,250.7849519221848,7.555961126089325e-154,low,3.995453119277954
pythia-1b,draw_1,12,1624,1,140.1342566546729,3.8443942825611846e-97,very_high,-0.1567704975605011
pythia-1b,draw_1,12,626,2,128.62281600764481,2.0724060499833674e-90,low,-0.44395363330841064
pythia-1b,draw_1,12,590,3,100.55224460585848,3.5447617243602105e-73,low,-1.5788707733154297
pythia-1b,draw_1,12,5176,4,97.72020537769681,2.2759645175564247e-71,very_high,-0.2141898274421692
pythia-1b,draw_1,12,5203,5,97.04157471036117,6.198437702905459e-71,very_high,0.10620579123497009
pythia-1b,draw_1,12,43,6,90.93622440412882,5.5169215303492856e-67,very_high,-0.5124322175979614
pythia-1b,draw_1,12,7429,7,85.25065332757495,3.000140074175141e-63,low,0.42406201362609863
pythia-1b,draw_1,12,712,8,82.8577706671412,1.1648385748408857e-61,low,-0.8591334223747253
pythia-1b,draw_1,12,6600,9,79.94474117704414,1.0343107090008297e-59,low,-0.3847038149833679
pythia-1b,draw_1,12,4865,10,79.67174195903306,1.5777287608397205e-59,low,-0.6278761029243469
pythia-1b,draw_1,12,3873,11,79.48313953735341,2.1125206887869886e-59,low,-0.0545462965965271
pythia-1b,draw_1,12,6897,12,78.55876626390418,8.852217593567218e-59,very_high,1.0064777135849
pythia-1b,draw_1,12,395,13,76.6879692416101,1.626216124937887e-57,very_high,-0.3652149736881256
pythia-1b,draw_1,12,5507,14,75.94692315847233,5.172421676290361e-57,control,-0.9061915278434753
pythia-1b,draw_1,12,2944,15,75.7069396620672,7.527454900048158e-57,low,-1.1598572731018066
pythia-1b,draw_1,12,7778,16,75.33625209435802,1.3445066548385973e-56,low,-0.391872376203537
pythia-1b,draw_1,12,3780,17,74.21094918355705,7.849965116374385e-56,low,-0.3697909116744995
pythia-1b,draw_1,12,418,18,73.74048074824714,1.644162189051476e-55,low,-0.47915154695510864
pythia-1b,draw_1,12,261,19,72.5540287313737,1.0653486783224719e-54,very_high,-0.28832459449768066
pythia-1b,draw_1,12,1812,20,72.50537264599976,1.1503485721583078e-54,low,-0.386919766664505
pythia-1b,draw_1,12,2440,21,71.69848728468122,4.114645798243644e-54,low,0.03547286242246628
pythia-1b,draw_1,12,7143,22,71.12032020641028,1.0272958218813474e-53,low,0.4811650216579437
pythia-1b,draw_1,12,3478,23,70.09579966908936,5.216542331382901e-53,very_high,-0.6727781891822815
pythia-1b,draw_1,12,2212,24,69.55514189124516,1.2319414391587574e-52,very_high,-0.4180431365966797
pythia-1b,draw_1,12,7645,25,69.27821191372279,1.9141059645937396e-52,low,-0.06274592876434326
pythia-1b,draw_1,12,4474,26,68.92531453663736,3.357779428686184e-52,very_high,-0.7992230653762817
pythia-1b,draw_1,12,387,27,68.2899773386712,9.248937193608778e-52,very_high,-1.0693683624267578
pythia-1b,draw_1,12,5660,28,68.0992962552624,1.2540357797666977e-51,low,0.2947661280632019
pythia-1b,draw_1,12,5036,29,68.02763461103525,1.406106057034206e-51,very_high,-0.23566527664661407
pythia-1b,draw_1,12,6321,30,67.30974170836863,4.431282250908952e-51,low,-0.8683614730834961
pythia-1b,draw_1,12,6616,31,66.87732510328934,8.856906568610899e-51,control,0.02703392691910267
pythia-1b,draw_1,12,4568,32,66.65047682621332,1.2740981161151966e-50,low,0.5949560403823853
pythia-1b,draw_1,12,5902,33,66.24508879009808,2.441529572654456e-50,very_high,-0.35570546984672546
pythia-1b,draw_1,12,5865,34,66.13592999261245,2.909203081216213e-50,low,5.434061527252197
pythia-1b,draw_1,12,7183,35,66.09740898469751,3.0948435360428073e-50,low,-0.2986004054546356
pythia-1b,draw_1,12,3682,36,65.99132808571854,3.669734662725536e-50,low,-0.03775443881750107
pythia-1b,draw_1,12,1101,37,65.73082063876232,5.577534547112341e-50,low,-0.5641556978225708
pythia-1b,draw_1,12,7030,38,65.60699840029295,6.806184007750557e-50,very_high,-0.7737129926681519
pythia-1b,draw_1,12,3183,39,64.96320356995602,1.9183438982097526e-49,very_high,-0.5874496102333069
pythia-1b,draw_1,12,7916,40,64.62013846552775,3.334753061625072e-49,control,-1.3600211143493652
pythia-1b,draw_1,12,1352,41,63.98663300891878,9.270544268705463e-49,very_high,-0.47597330808639526
pythia-1b,draw_1,12,5463,42,63.810408354577625,1.2324387421422574e-48,very_high,-1.157126784324646
pythia-1b,draw_1,12,971,43,63.66658421376582,1.5550144515699396e-48,very_high,-0.9648125767707825
pythia-1b,draw_1,12,3374,44,63.36302566827117,2.5408267731032197e-48,low,-0.14879180490970612
pythia-1b,draw_1,12,7690,45,62.972978270930206,4.7778953618716847e-48,very_high,-1.2080495357513428
pythia-1b,draw_1,12,3255,46,62.386345342618,1.2367725547383278e-47,very_high,-1.3074734210968018
pythia-1b,draw_1,12,653,47,61.962359147909694,2.4617488560236685e-47,very_high,-0.6536383628845215
pythia-1b,draw_1,12,1271,48,61.84635552710776,2.972350213626165e-47,low,-0.5472849011421204
pythia-1b,draw_1,12,5764,49,60.89289116975286,1.4025075130003545e-46,very_high,-0.7172646522521973
pythia-1b,draw_1,13,7090,0,187.84756460920835,3.1905463913919444e-123,low,2.0372159481048584
pythia-1b,draw_1,13,4744,1,187.33659104153315,5.8739255243332036e-123,low,-0.5935345888137817
pythia-1b,draw_1,13,2087,2,161.65877613182352,2.976236318098587e-109,low,-0.6029723882675171
pythia-1b,draw_1,13,7015,3,156.65606035570013,1.720022017690015e-106,very_high,1.1656935214996338
pythia-1b,draw_1,13,1867,4,150.92667415618678,2.7375713011396407e-103,very_high,0.4005666673183441
pythia-1b,draw_1,13,4490,5,132.63592026683554,8.884815028774263e-93,low,-0.06329712271690369
pythia-1b,draw_1,13,5531,6,124.0984457507486,1.0319577566796565e-87,low,-0.4986121952533722
pythia-1b,draw_1,13,549,7,122.83769463706759,5.8961147176964034e-87,low,-1.9030568599700928
pythia-1b,draw_1,13,1499,8,117.26855352727063,1.3875747435718955e-83,very_high,1.1581401824951172
pythia-1b,draw_1,13,5111,9,116.5826234151958,3.637092345249078e-83,low,-0.9363574981689453
pythia-1b,draw_1,13,6669,10,109.99332413479122,4.146856070484136e-79,low,-0.010625374503433704
pythia-1b,draw_1,13,5647,11,108.51296886841253,3.4549203996981274e-78,very_high,-0.2635924220085144
pythia-1b,draw_1,13,845,12,105.07682268655182,4.8859081471692454e-76,very_high,-0.12134663760662079
pythia-1b,draw_1,13,4539,13,102.85124712202366,1.2356779333647396e-74,very_high,-0.5392764210700989
pythia-1b,draw_1,13,5438,14,102.49481078569751,2.0765376829783373e-74,very_high,0.5099276304244995
pythia-1b,draw_1,13,3658,15,99.92021440467204,8.950357221084232e-73,very_high,-0.04502227529883385
pythia-1b,draw_1,13,3282,16,95.4118657922823,6.923780409195203e-70,very_high,-0.5176177024841309
pythia-1b,draw_1,13,4823,17,95.15093172291273,1.0199128841556796e-69,low,-0.5516343712806702
pythia-1b,draw_1,13,4269,18,92.2431141745301,7.779907863695122e-68,very_high,-0.5432012677192688
pythia-1b,draw_1,13,987,19,86.02327736198126,9.251351716708793e-64,low,-0.3548623025417328
pythia-1b,draw_1,13,6638,20,84.32854233995218,1.2255041364775811e-62,low,-2.2861127853393555
pythia-1b,draw_1,13,4609,21,84.16731680763853,1.567940454293179e-62,very_high,1.3636829853057861
pythia-1b,draw_1,13,5683,22,83.96193398383073,2.146451135050105e-62,low,0.30740511417388916
pythia-1b,draw_1,13,7267,23,83.69832666188977,3.2128343955897424e-62,very_high,0.007408435456454754
pythia-1b,draw_1,13,8095,24,82.54722924180004,1.876055533710557e-61,very_high,1.0085898637771606
pythia-1b,draw_1,13,545,25,81.05909785932089,1.8514239629663068e-60,very_high,-0.07405736297369003
pythia-1b,draw_1,13,6492,26,79.43071903534222,2.291114290132056e-59,low,-0.676677405834198
pythia-1b,draw_1,13,3016,27,77.84142576409053,2.6978116205523134e-58,very_high,-0.5565569400787354
pythia-1b,draw_1,13,466,28,75.62780711413788,8.519308012847947e-57,low,-1.268044352531433
pythia-1b,draw_1,13,7878,29,75.6142910101328,8.701361485382622e-57,very_high,2.138007402420044
pythia-1b,draw_1,13,7060,30,74.64779922442123,3.9546087709475885e-56,very_high,-0.9336896538734436
pythia-1b,draw_1,13,1217,31,74.14860804080303,8.65743953564626e-56,very_high,-0.4850570261478424
pythia-1b,draw_1,13,554,32,73.45986465122193,2.556532761859685e-55,very_high,-0.10304014384746552
pythia-1b,draw_1,13,3129,33,73.34644012713997,3.0561922100714816e-55,very_high,-0.7301093935966492
pythia-1b,draw_1,13,2461,34,73.04068765439501,4.946434624668204e-55,low,0.11134232580661774
pythia-1b,draw_1,13,2696,35,72.69166148038914,8.574603235918902e-55,low,0.8595605492591858
pythia-1b,draw_1,13,4997,36,72.50780593842475,1.1459406707451982e-54,very_high,-1.3662549257278442
pythia-1b,draw_1,13,7285,37,72.17576903467918,1.9354463559384885e-54,low,-0.27888286113739014
pythia-1b,draw_1,13,7434,38,72.15448204586184,2.0016168034134858e-54,very_high,-0.553499698638916
pythia-1b,draw_1,13,1117,39,72.11438842046171,2.1324639122817655e-54,low,-0.2715035676956177
pythia-1b,draw_1,13,4150,40,71.69007114582551,4.16977074930304e-54,low,-0.7389347553253174
pythia-1b,draw_1,13,6166,41,70.44683806359198,2.987886967898725e-53,low,-0.5511717200279236
pythia-1b,draw_1,13,384,42,70.26343495540783,3.9974193407529866e-53,low,-0.37250855565071106
pythia-1b,draw_1,13,6427,43,70.14140802525986,4.852052091164698e-53,low,-0.03340313956141472
pythia-1b,draw_1,13,6788,44,70.10358099560057,5.152469990276444e-53,very_high,-0.7276512384414673
pythia-1b,draw_1,13,1241,45,69.26253526722755,1.962473914122912e-52,very_high,-0.6228709816932678
pythia-1b,draw_1,13,2144,46,68.25240988469079,9.820544226778092e-52,low,0.1833578497171402
pythia-1b,draw_1,13,6516,47,68.16312806471818,1.1325079075671278e-51,very_high,-0.7670730352401733
pythia-1b,draw_1,13,2937,48,67.63139252436613,2.6488030806301102e-51,very_high,-0.49962177872657776
pythia-1b,draw_1,13,7274,49,67.62183652162297,2.6895908510250915e-51,very_high,-0.8190684914588928
pythia-1b,draw_1,14,1098,0,188.28707333568408,1.8884411696063734e-123,very_high,1.3868554830551147
pythia-1b,draw_1,14,5466,1,168.88125852174264,3.471897933701608e-113,low,-1.6990084648132324
pythia-1b,draw_1,14,4776,2,156.0871423434396,3.561252797398662e-106,low,-0.8677030205726624
pythia-1b,draw_1,14,6086,3,155.21853007327914,1.0838252605285327e-105,low,-2.258695363998413
pythia-1b,draw_1,14,6586,4,153.42212108669676,1.0905532965673702e-104,low,-0.9792638421058655
pythia-1b,draw_1,14,2079,5,145.6899197709943,2.517657736990877e-100,low,-1.4662193059921265
pythia-1b,draw_1,14,7454,6,139.3984051445931,1.022468274328729e-96,very_high,0.34211474657058716
pythia-1b,draw_1,14,838,7,137.25110488810674,1.792907112977916e-95,low,-0.9688231348991394
pythia-1b,draw_1,14,2032,8,135.5983337098565,1.6417608746117905e-94,low,-0.17043666541576385
pythia-1b,draw_1,14,3679,9,133.28282893973866,3.707558689248972e-93,low,-4.74751615524292
pythia-1b,draw_1,14,344,10,131.82500851567664,2.662353360794332e-92,low,-0.16237381100654602
pythia-1b,draw_1,14,5778,11,128.99878036686704,1.240720163693991e-90,very_high,1.3531337976455688
pythia-1b,draw_1,14,370,12,125.31374266255395,1.9330793927653483e-88,low,-0.6334086060523987
pythia-1b,draw_1,14,4168,13,118.04787717122217,4.652012003958325e-84,low,-0.13367530703544617
pythia-1b,draw_1,14,4177,14,117.00907828878609,1.997482372906569e-83,very_high,-0.2543529272079468
pythia-1b,draw_1,14,4629,15,116.52149705447185,3.963539585119174e-83,very_high,0.602008581161499
pythia-1b,draw_1,14,4702,16,115.04235738931064,3.1849503013583804e-82,very_high,0.9710854887962341
pythia-1b,draw_1,14,7517,17,111.12281809062615,8.270482786611125e-80,low,-0.023183433338999748
pythia-1b,draw_1,14,7426,18,110.77031434195808,1.3672209685413155e-79,very_high,0.3111444115638733
pythia-1b,draw_1,14,7333,19,109.62742762103377,6.997952493621959e-79,very_high,0.5669326186180115
pythia-1b,draw_1,14,6700,20,109.48614664045516,8.565927049454218e-79,low,0.023826276883482933
pythia-1b,draw_1,14,7358,21,108.45659830911568,3.7459877240349957e-78,low,-0.550504744052887
pythia-1b,draw_1,14,3954,22,105.37507927297719,3.173479658869153e-76,very_high,-0.7731114625930786
pythia-1b,draw_1,14,4232,23,102.79868561675482,1.3339384630626432e-74,very_high,-0.11216273903846741
pythia-1b,draw_1,14,3823,24,101.8965750919704,4.967852591041464e-74,very_high,-0.7989456057548523
pythia-1b,draw_1,14,1928,25,99.54172601794035,1.5597046124934034e-72,low,-1.1325852870941162
pythia-1b,draw_1,14,4254,26,98.67854567745482,5.546400768506813e-72,very_high,-0.4518571197986603
pythia-1b,draw_1,14,5857,27,97.95483941668986,1.6102887199373735e-71,low,1.3582144975662231
pythia-1b,draw_1,14,4185,28,97.89012751445826,1.7714818056738216e-71,low,-0.10915005207061768
pythia-1b,draw_1,14,2556,29,97.63281849208465,2.5891202315846495e-71,low,-0.9458159804344177
pythia-1b,draw_1,14,1544,30,97.21617918256865,4.78914529277735e-71,low,-0.07513576000928879
pythia-1b,draw_1,14,8025,31,96.94922422622126,7.104832001635721e-71,low,0.03862946480512619
pythia-1b,draw_1,14,2134,32,96.6573986975999,1.0938160274808037e-70,very_high,-0.16121749579906464
pythia-1b,draw_1,14,4296,33,96.38838870221313,1.6285842983276206e-70,low,-0.47698187828063965
pythia-1b,draw_1,14,8111,34,94.1597641701034,4.4524400908392637e-69,low,0.9888361692428589
pythia-1b,draw_1,14,2611,35,94.09115220632272,4.931339317033767e-69,low,0.36370423436164856
pythia-1b,draw_1,14,2217,36,93.00276155499746,2.4993222630387255e-68,very_high,-0.3541078269481659
pythia-1b,draw_1,14,3977,37,92.61385274501616,4.468619671923826e-68,low,0.8641196489334106
pythia-1b,draw_1,14,4562,38,92.15216477539413,8.914222867544215e-68,very_high,0.25472232699394226
pythia-1b,draw_1,14,7267,39,91.62008299596567,1.9777564240890338e-67,low,-0.7439303994178772
pythia-1b,draw_1,14,6719,40,91.60205726873788,2.0319172310099335e-67,low,0.15346378087997437
pythia-1b,draw_1,14,7931,41,91.45556145376126,2.530946299095859e-67,very_high,-0.7064948081970215
pythia-1b,draw_1,14,4958,42,90.98328353923078,5.14058727449486e-67,very_high,-0.08446294069290161
pythia-1b,draw_1,14,2338,43,90.96563961907428,5.278574973826297e-67,low,-1.0667688846588135
pythia-1b,draw_1,14,4171,44,90.91575028700956,5.689155155600056e-67,very_high,0.31659606099128723
pythia-1b,draw_1,14,2573,45,90.85105180188522,6.269627851791448e-67,low,0.1602984219789505
pythia-1b,draw_1,14,3462,46,90.72779644684654,7.544740644424029e-67,low,-0.27353525161743164
pythia-1b,draw_1,14,3603,47,89.07747529689217,9.051370431967463e-66,low,-0.6181973218917847
pythia-1b,draw_1,14,5104,48,88.13690073463718,3.748213050809066e-65,low,0.006480950862169266
pythia-1b,draw_1,14,4477,49,87.71477947799892,7.10032598987531e-65,low,-0.05425172299146652
pythia-1b,draw_1,15,512,0,546.3025851104795,2.400207202197403e-261,low,5.462705135345459
pythia-1b,draw_1,15,7418,1,287.9578616831925,2.7938346051841602e-170,very_high,1.7104660272598267
pythia-1b,draw_1,15,1689,2,261.4098378840999,1.1680045030668439e-158,low,0.12377963960170746
pythia-1b,draw_1,15,1119,3,246.08598200903344,1.0879321181384086e-151,low,-1.415640950202942
pythia-1b,draw_1,15,4050,4,244.48256326899687,5.990629931359082e-151,low,0.44933390617370605
pythia-1b,draw_1,15,3499,5,240.7307114157849,3.3104776904377886e-149,very_high,1.379212498664856
pythia-1b,draw_1,15,6085,6,234.04777906541662,4.515790742226787e-146,low,-0.5112480521202087
pythia-1b,draw_1,15,2939,7,230.10682058722765,3.3299421166284224e-144,low,-0.4113275408744812
pythia-1b,draw_1,15,4923,8,227.56553362008285,5.42546629609763e-143,low,0.026411890983581543
pythia-1b,draw_1,15,4766,9,218.39162807050278,1.4471165447309397e-138,low,-2.3257620334625244
pythia-1b,draw_1,15,5776,10,205.63446771066765,2.8312482280492966e-132,very_high,-0.22990429401397705
pythia-1b,draw_1,15,3586,11,199.74993039601856,2.5683872791917794e-129,low,0.724340558052063
pythia-1b,draw_1,15,5479,12,196.98991658402744,6.446784292513024e-128,low,1.304358720779419
pythia-1b,draw_1,15,5929,13,196.72509988549854,8.791486310566277e-128,low,0.34768232703208923
pythia-1b,draw_1,15,5614,14,191.6706548932005,3.3864642640415803e-125,low,-0.016420671716332436
pythia-1b,draw_1,15,341,15,188.39300546629008,1.6643291427092777e-123,very_high,0.6801668405532837
pythia-1b,draw_1,15,54,16,187.8104250352874,3.335194922378019e-123,low,-0.1318982094526291
pythia-1b,draw_1,15,5967,17,180.45316619957165,2.3333471526681043e-119,low,-0.6017119884490967
pythia-1b,draw_1,15,5739,18,177.85593049688848,5.493692994705572e-118,very_high,-0.338091105222702
pythia-1b,draw_1,15,7922,19,177.78186495289017,6.0131181615693154e-118,low,0.01394371222704649
pythia-1b,draw_1,15,3696,20,177.18560096363038,1.245068845700701e-117,low,-2.0809221267700195
pythia-1b,draw_1,15,1220,21,169.20425214818775,2.3235186857444828e-113,low,-0.3083897531032562
pythia-1b,draw_1,15,2353,22,165.86733189407872,1.4933259640321933e-111,low,-3.311227321624756
pythia-1b,draw_1,15,164,23,163.17563003028656,4.3891312079276834e-110,low,1.8474082946777344
pythia-1b,draw_1,15,1642,24,159.96914143789755,2.529215250717365e-108,low,-1.1849766969680786
pythia-1b,draw_1,15,1731,25,155.3465677532789,9.197083440801206e-106,low,0.34368273615837097
pythia-1b,draw_1,15,7555,26,155.33678084541958,9.313225121625954e-106,low,-1.6271885633468628
pythia-1b,draw_1,15,5119,27,149.30299705600723,2.251225456074355e-102,low,-1.0491344928741455
pythia-1b,draw_1,15,5287,28,148.76292349259055,4.545141381048274e-102,very_high,0.4468066394329071
pythia-1b,draw_1,15,7004,29,148.18522517076894,9.64616086285158e-102,low,-0.5837257504463196
pythia-1b,draw_1,15,3747,30,146.87506650125317,5.335060509870021e-101,low,-1.6298389434814453
pythia-1b,draw_1,15,4246,31,145.9225955882072,1.8558982440523308e-100,low,-1.1549861431121826
pythia-1b,draw_1,15,1843,32,145.17721190585075,4.932768691572645e-100,very_high,-0.1235048770904541
pythia-1b,draw_1,15,544,33,143.38218408274443,5.229834516589758e-99,low,0.18374507129192352
pythia-1b,draw_1,15,6896,34,142.79550764038277,1.1338510746898828e-98,low,0.12520399689674377
pythia-1b,draw_1,15,7314,35,142.00438015930567,3.2245719714522086e-98,very_high,-0.20210228860378265
pythia-1b,draw_1,15,4329,36,141.65965212907793,5.0877547060755503e-98,low,0.12371532618999481
pythia-1b,draw_1,15,7504,37,141.52468515252062,6.082910276248335e-98,low,1.068725824356079
pythia-1b,draw_1,15,2979,38,141.18145909176536,9.583505198799856e-98,very_high,0.04738103225827217
pythia-1b,draw_1,15,2942,39,140.31273076972957,3.033207631898408e-97,low,-0.20698079466819763
pythia-1b,draw_1,15,6291,40,139.47897378543516,9.185440883890562e-97,low,-0.15310236811637878
pythia-1b,draw_1,15,7074,41,139.2115533430114,1.3111142824158482e-96,low,-1.4897065162658691
pythia-1b,draw_1,15,7386,42,137.48961712307505,1.3034009039439665e-95,low,-0.15606297552585602
pythia-1b,draw_1,15,1156,43,133.38962669771124,3.2098380994734298e-93,low,0.2847415506839752
pythia-1b,draw_1,15,5365,44,133.31639387261728,3.5433212491559088e-93,very_high,0.1631772220134735
pythia-1b,draw_1,15,6589,45,132.838938374879,6.752559265066202e-93,low,0.006452052854001522
pythia-1b,draw_1,15,2368,46,132.50234557864047,1.0643729869049361e-92,very_high,-0.17504337430000305
pythia-1b,draw_1,15,7422,47,129.20834672230396,9.323309171173842e-91,very_high,1.1273555755615234
pythia-1b,draw_1,15,7542,48,129.10721792409626,1.0701632296669078e-90,low,0.34847185015678406
pythia-1b,draw_1,15,7845,49,128.82229981396893,1.5784583965363937e-90,low,0.021795004606246948
pythia-1.4b,draw_1,0,6362,0,323.6886230484787,4.287151686398953e-185,low,0.019607607275247574
pythia-1.4b,draw_1,0,6329,1,240.56956246587927,3.935594991787967e-149,low,-0.14351847767829895
pythia-1.4b,draw_1,0,6691,2,208.48364747386128,1.0782119478854291e-133,low,-0.07357825338840485
pythia-1.4b,draw_1,0,4021,3,207.04335628359232,5.612166832570856e-133,low,0.05726220831274986
pythia-1.4b,draw_1,0,476,4,186.39617270468517,1.80932318272559e-122,low,-0.06635678559541702
pythia-1.4b,draw_1,0,703,5,181.37321431294092,7.65320502133965e-120,low,-0.049502793699502945
pythia-1.4b,draw_1,0,3079,6,179.4192912838192,8.18765160009416e-119,low,-0.26482635736465454
pythia-1.4b,draw_1,0,1936,7,178.24666356427664,3.411790710283946e-118,low,-0.06309593468904495
pythia-1.4b,draw_1,0,5081,8,178.14539755244397,3.8599619773995394e-118,low,-0.06642607599496841
pythia-1.4b,draw_1,0,917,9,176.5965932459318,2.5576572957505514e-117,low,-0.11266722530126572
pythia-1.4b,draw_1,0,5784,10,172.6697297520785,3.180786166867477e-115,low,0.00841614045202732
pythia-1.4b,draw_1,0,667,11,171.79765146700547,9.33621601341407e-115,low,-0.040764108300209045
pythia-1.4b,draw_1,0,4548,12,169.03312844916567,2.8743503255718213e-113,low,-0.1009347215294838
pythia-1.4b,draw_1,0,7444,13,167.73702881826054,1.4436749861868971e-112,low,0.023528870195150375
pythia-1.4b,draw_1,0,5285,14,167.66375508136207,1.5818158093254794e-112,low,-0.04016168415546417
pythia-1.4b,draw_1,0,1271,15,166.90076917319132,4.1000320427951735e-112,low,-0.03802389279007912
pythia-1.4b,draw_1,0,5956,16,165.91751364659763,1.4023805548135645e-111,low,0.10591393709182739
pythia-1.4b,draw_1,0,1026,17,164.90716025568375,4.976014494894631e-111,low,-0.019773466512560844
pythia-1.4b,draw_1,0,6000,18,164.15359784241352,1.2820731855087993e-110,low,0.01515189278870821
pythia-1.4b,draw_1,0,7160,19,163.31434682112393,3.6855116721359555e-110,low,-0.11422473192214966
pythia-1.4b,draw_1,0,1832,20,163.03111583968686,5.265694782644297e-110,low,-0.038361892104148865
pythia-1.4b,draw_1,0,2674,21,162.97678577113982,5.638860086565376e-110,low,-0.032246947288513184
pythia-1.4b,draw_1,0,3836,22,161.61877241730826,3.130611239698693e-109,low,0.033051058650016785
pythia-1.4b,draw_1,0,3275,23,158.81050766230442,1.1022877941111815e-107,low,0.10138322412967682
pythia-1.4b,draw_1,0,1211,24,158.58036672517136,1.4773418964609572e-107,low,0.041948191821575165
pythia-1.4b,draw_1,0,4765,25,156.95533671824037,1.1733604555397e-106,low,-0.16089504957199097
pythia-1.4b,draw_1,0,7430,26,156.77035237006422,1.4862334415631543e-106,low,-0.04579252377152443
pythia-1.4b,draw_1,0,3702,27,156.06633155932832,3.6573979323635075e-106,low,-0.09584053605794907
pythia-1.4b,draw_1,0,1897,28,155.51748306860443,7.38742614601412e-106,low,-0.030574625357985497
pythia-1.4b,draw_1,0,95,29,153.51509886219716,9.674961469807947e-105,low,0.007416130043566227
pythia-1.4b,draw_1,0,787,30,153.30018352533259,1.2760186077287237e-104,low,0.11924955248832703
pythia-1.4b,draw_1,0,735,31,153.07438732469825,1.706924755393327e-104,low,0.02027743309736252
pythia-1.4b,draw_1,0,1883,32,150.92250926793258,2.752379206724901e-103,low,-0.06470800936222076
pythia-1.4b,draw_1,0,1044,33,148.4567630663302,6.771574721944255e-102,low,-0.045706938952207565
pythia-1.4b,draw_1,0,4824,34,147.05890441596767,4.195442236657342e-101,low,0.00891235750168562
pythia-1.4b,draw_1,0,1995,35,146.6512904927367,7.148800677168861e-101,low,0.023906933143734932
pythia-1.4b,draw_1,0,2235,36,145.61047578387004,2.794047593904058e-100,low,-0.1304929405450821
pythia-1.4b,draw_1,0,6647,37,145.4747726612741,3.338300342409678e-100,low,0.04660528525710106
pythia-1.4b,draw_1,0,7881,38,144.8771312200346,7.314945556188866e-100,low,-0.2106364667415619
pythia-1.4b,draw_1,0,2881,39,144.36005044707989,1.4432984838993585e-99,low,-0.07628369331359863
pythia-1.4b,draw_1,0,1164,40,144.25605643878265,1.6548475716820729e-99,low,-0.05712989717721939
pythia-1.4b,draw_1,0,4678,41,143.59990214703592,3.925445380030963e-99,low,0.026191970333456993
pythia-1.4b,draw_1,0,3513,42,143.4207653757593,4.970538416414807e-99,low,-0.02930934727191925
pythia-1.4b,draw_1,0,1140,43,143.37264769479052,5.2959884094179756e-99,low,0.08768768608570099
pythia-1.4b,draw_1,0,6162,44,143.26645493302786,6.091791116338267e-99,low,-0.051252514123916626
pythia-1.4b,draw_1,0,7848,45,143.05362930857424,8.065631705099458e-99,low,0.07352132350206375
pythia-1.4b,draw_1,0,2953,46,142.14291707296513,2.6848780446389563e-98,low,-0.05235632136464119
pythia-1.4b,draw_1,0,4894,47,141.8168920612716,4.132076774738855e-98,low,-0.049429040402173996
pythia-1.4b,draw_1,0,1539,48,141.8146671470337,4.1442571423469836e-98,low,0.09707622975111008
pythia-1.4b,draw_1,0,3176,49,141.75266399362397,4.4985541736325973e-98,low,-0.46328890323638916
pythia-1.4b,draw_1,1,2504,0,475.4336000829768,1.4685309859404872e-239,low,1.3169207572937012
pythia-1.4b,draw_1,1,6055,1,406.4308329813006,2.7301397871506602e-216,low,-0.22939260303974152
pythia-1.4b,draw_1,1,7758,2,403.386909800236,3.27887904029724e-215,low,-0.40007853507995605
pythia-1.4b,draw_1,1,2491,3,402.12680534259533,9.205172709644843e-215,low,-0.7347177267074585
pythia-1.4b,draw_1,1,6232,4,350.37215554631854,1.3448664526881764e-195,low,-0.2839302718639374
pythia-1.4b,draw_1,1,1503,5,255.52602023236844,5.246131412673595e-156,low,-0.39559000730514526
pythia-1.4b,draw_1,1,7277,6,195.21938861755766,5.146043314760033e-127,low,-0.8447232842445374
pythia-1.4b,draw_1,1,7481,7,171.93777439522688,7.8518519160981395e-115,very_high,-0.4830944538116455
pythia-1.4b,draw_1,1,2473,8,154.3689103684375,3.226062115708576e-105,low,-0.8911746144294739
pythia-1.4b,draw_1,1,6905,9,153.3346254676912,1.2206432524026132e-104,low,-0.9817395210266113
pythia-1.4b,draw_1,1,2480,10,139.72063000156277,6.660889857736588e-97,low,-0.6333678364753723
pythia-1.4b,draw_1,1,1692,11,135.46320291920313,1.968385040896099e-94,low,0.6463792324066162
pythia-1.4b,draw_1,1,5541,12,135.18146250701975,2.873992679491488e-94,low,-0.17935746908187866
pythia-1.4b,draw_1,1,5703,13,128.11081391124966,4.1707994708625775e-90,low,-1.776114583015442
pythia-1.4b,draw_1,1,8050,14,122.92765878248301,5.205682647884042e-87,low,-1.1643145084381104
pythia-1.4b,draw_1,1,4488,15,114.00093850329677,1.3877309989598582e-81,low,-0.44701141119003296
pythia-1.4b,draw_1,1,1397,16,112.38329858614716,1.3755882124209162e-80,very_high,-0.8325316309928894
pythia-1.4b,draw_1,1,304,17,109.76316036695926,5.762954985336614e-79,low,-0.738751232624054
pythia-1.4b,draw_1,1,3514,18,108.88257408310265,2.0334626112627865e-78,very_high,-1.064301609992981
pythia-1.4b,draw_1,1,1806,19,105.47481264271057,2.7472617400809652e-76,low,-0.8132621049880981
pythia-1.4b,draw_1,1,2888,20,103.02065027698697,9.65685000944228e-75,low,-1.2791932821273804
pythia-1.4b,draw_1,1,7420,21,102.29730956886591,2.769120283919181e-74,low,-0.603631317615509
pythia-1.4b,draw_1,1,6707,22,97.55870531962778,2.8883162714544727e-71,low,-0.7794559597969055
pythia-1.4b,draw_1,1,1974,23,95.10052922797226,1.0991827951864318e-69,low,-0.8899815678596497
pythia-1.4b,draw_1,1,7462,24,91.61679105326665,1.9875384356534037e-67,low,0.013538016937673092
pythia-1.4b,draw_1,1,518,25,87.03944381552519,1.976121697539627e-64,low,-0.7756429314613342
pythia-1.4b,draw_1,1,7056,26,86.07911020678637,8.498136294025859e-64,low,-0.9503142833709717
pythia-1.4b,draw_1,1,3176,27,84.88643546411447,5.22834764066923e-63,low,-1.2354512214660645
pythia-1.4b,draw_1,1,3732,28,84.2226397574279,1.4407986613170296e-62,low,-0.6171329617500305
pythia-1.4b,draw_1,1,6312,29,81.95063581237292,4.69210608458227e-61,low,0.11813290417194366
pythia-1.4b,draw_1,1,3498,30,81.89196453591936,5.135174006098303e-61,low,-1.703184962272644
pythia-1.4b,draw_1,1,994,31,78.34047499825542,1.2422941828612802e-58,low,-0.5973044037818909
pythia-1.4b,draw_1,1,2042,32,78.07137248312185,1.887007894878094e-58,low,-1.3936200141906738
pythia-1.4b,draw_1,1,4123,33,77.97984403062809,2.1754711369429793e-58,low,-0.3695538341999054
pythia-1.4b,draw_1,1,4070,34,76.34246084120319,2.788349170351786e-57,low,0.12194988876581192
pythia-1.4b,draw_1,1,7818,35,75.57292046618869,9.283176622516901e-57,very_high,-0.9359091520309448
pythia-1.4b,draw_1,1,986,36,74.15283613059938,8.600136338409863e-56,low,-1.0595479011535645
pythia-1.4b,draw_1,1,3062,37,71.47852468614997,5.826853397696903e-54,low,-0.6363731622695923
pythia-1.4b,draw_1,1,7972,38,71.17689190857743,9.392625438630741e-54,low,-0.49068644642829895
pythia-1.4b,draw_1,1,213,39,69.49917563647178,1.3466491268056688e-52,very_high,-0.8026672601699829
pythia-1.4b,draw_1,1,4825,40,69.31052530004041,1.8181423013970425e-52,low,0.2643548250198364
pythia-1.4b,draw_1,1,596,41,68.93703437021205,3.29565821728415e-52,very_high,-2.7503039836883545
pythia-1.4b,draw_1,1,5224,42,68.27265562698432,9.508232908349016e-52,very_high,0.21867269277572632
pythia-1.4b,draw_1,1,3912,43,66.38139444097142,1.9617962184797757e-50,medium,0.5302450656890869
pythia-1.4b,draw_1,1,1009,44,64.82129916468938,2.411172577136727e-49,very_high,-0.7301178574562073
pythia-1.4b,draw_1,1,6521,45,64.57089184415997,3.6103884796635154e-49,low,-0.8173777461051941
pythia-1.4b,draw_1,1,8159,46,63.26238142651056,2.990297691686396e-48,very_high,-0.8502200245857239
pythia-1.4b,draw_1,1,5115,47,63.245412134544324,3.0735728594947773e-48,low,-0.7733389139175415
pythia-1.4b,draw_1,1,1340,48,62.66031101756081,7.930564216677619e-48,low,-0.8624861240386963
pythia-1.4b,draw_1,1,6216,49,62.30490133459938,1.4115256301722693e-47,low,-0.8224707841873169
pythia-1.4b,draw_1,2,7816,0,102.00616483638171,4.233778507681241e-74,low,-0.35235750675201416
pythia-1.4b,draw_1,2,5742,1,97.0848938650432,5.814125817930878e-71,low,-18.313283920288086
pythia-1.4b,draw_1,2,8082,2,89.96859209788222,2.3630301014343227e-66,low,-0.628345251083374
pythia-1.4b,draw_1,2,3167,3,89.20814002325532,7.432020634273924e-66,low,1.4450526237487793
pythia-1.4b,draw_1,2,6380,4,87.16391495339901,1.6361434280549323e-64,very_high,-0.4603276252746582
pythia-1.4b,draw_1,2,4740,5,86.29986486171944,6.0751012023390274e-64,low,-1.4192205667495728
pythia-1.4b,draw_1,2,8046,6,85.69037511422829,1.535410075221971e-63,very_high,-0.9190165400505066
pythia-1.4b,draw_1,2,1936,7,84.42249225899893,1.0616369478094e-62,very_high,-0.8290703892707825
pythia-1.4b,draw_1,2,7766,8,82.50817818801842,1.9919844712526683e-61,low,-21.13394546508789
pythia-1.4b,draw_1,2,1450,9,81.49627921717735,9.440615769045858e-61,very_high,-0.728511393070221
pythia-1.4b,draw_1,2,3061,10,74.67386468012535,3.7961914807196415e-56,low,-3.160526752471924
pythia-1.4b,draw_1,2,5453,11,71.39859306158077,6.612491727313478e-54,very_high,-0.7006921172142029
pythia-1.4b,draw_1,2,5633,12,70.76185841643913,1.8129123912102212e-53,very_high,-2.554265022277832
pythia-1.4b,draw_1,2,1533,13,68.0951812421369,1.2623042458831257e-51,very_high,-1.516035795211792
pythia-1.4b,draw_1,2,7090,14,67.34538290127264,4.185587875331629e-51,very_high,-0.5713062882423401
pythia-1.4b,draw_1,2,205,15,64.9054227361221,2.1055016787395447e-49,very_high,-0.8854555487632751
pythia-1.4b,draw_1,2,918,16,64.36978680783551,4.993999558536499e-49,control,-1.120771050453186
pythia-1.4b,draw_1,2,4190,17,63.226964823298296,3.1667389182407815e-48,very_high,-0.47646892070770264
pythia-1.4b,draw_1,2,764,18,62.67267396362885,7.773183367031733e-48,very_high,-1.8998528718948364
pythia-1.4b,draw_1,2,4078,19,62.207375570184574,1.653631554595763e-47,very_high,-1.4695266485214233
pythia-1.4b,draw_1,2,1225,20,61.47421329727734,5.443470951546369e-47,control,-0.6360341906547546
pythia-1.4b,draw_1,2,5686,21,61.19660821308234,8.552159243301152e-47,very_high,-1.320385456085205
pythia-1.4b,draw_1,2,3148,22,60.86166713642643,1.4757112091900592e-46,very_high,-0.600342869758606
pythia-1.4b,draw_1,2,2422,23,60.71279869791349,1.8809490987989574e-46,very_high,-1.228529453277588
pythia-1.4b,draw_1,2,3101,24,60.46778694985333,2.804806407375958e-46,control,-0.8592525124549866
pythia-1.4b,draw_1,2,5427,25,59.59708307873453,1.1628687480903989e-45,very_high,-0.5295619368553162
pythia-1.4b,draw_1,2,6597,26,59.333925717751136,1.7885313337857986e-45,control,-1.4641703367233276
pythia-1.4b,draw_1,2,3742,27,58.93227359373207,3.452433838540503e-45,very_high,-0.36173298954963684
pythia-1.4b,draw_1,2,5036,28,57.44884739310589,3.9431118858043035e-44,very_high,-1.4051830768585205
pythia-1.4b,draw_1,2,4401,29,56.918098056604265,9.448166111026433e-44,low,-0.6004318594932556
pythia-1.4b,draw_1,2,3611,30,56.905886467480755,9.640199055374245e-44,very_high,-0.6212512254714966
pythia-1.4b,draw_1,2,31,31,56.68948867035196,1.3771707104626793e-43,very_high,-0.948844850063324
pythia-1.4b,draw_1,2,2088,32,56.63230124178292,1.513350165767212e-43,very_high,-0.17200425267219543
pythia-1.4b,draw_1,2,3324,33,56.36320280498672,2.3590010623369353e-43,very_high,-0.5599510073661804
pythia-1.4b,draw_1,2,5954,34,56.03123947051143,4.0809027890903704e-43,low,-1.7869051694869995
pythia-1.4b,draw_1,2,7940,35,55.84249480045373,5.574313950146564e-43,very_high,-0.9636743068695068
pythia-1.4b,draw_1,2,688,36,55.729187673594694,6.7224942042247975e-43,very_high,-1.0113413333892822
pythia-1.4b,draw_1,2,1355,37,55.458180472973154,1.0524027027392692e-42,very_high,-0.6816540360450745
pythia-1.4b,draw_1,2,7844,38,55.04932725732112,2.0707294232513966e-42,very_high,-0.5868566036224365
pythia-1.4b,draw_1,2,7544,39,54.555901261411506,4.691583522100897e-42,very_high,-1.4536471366882324
pythia-1.4b,draw_1,2,5137,40,54.0999158135077,1.0000088785400256e-41,very_high,-1.8623625040054321
pythia-1.4b,draw_1,2,98,41,53.99143135538539,1.1974687721338823e-41,very_high,-0.6839595437049866
pythia-1.4b,draw_1,2,1854,42,53.51181952007037,2.657921618318452e-41,very_high,-0.5361791253089905
pythia-1.4b,draw_1,2,1479,43,53.33027601789271,3.5953268875380537e-41,very_high,-0.9109225869178772
pythia-1.4b,draw_1,2,6628,44,53.25901687551271,4.0481229309656127e-41,low,-0.42731669545173645
pythia-1.4b,draw_1,2,6562,45,52.77709945245397,9.034796000457538e-41,very_high,-1.1369659900665283
pythia-1.4b,draw_1,2,4787,46,52.69052604196198,1.043768286544902e-40,very_high,-0.8299455046653748
pythia-1.4b,draw_1,2,3755,47,52.56523304576682,1.2863316465127364e-40,very_high,-0.9754912853240967
pythia-1.4b,draw_1,2,3730,48,52.28876071248154,2.0403927312687806e-40,very_high,-1.503075122833252
pythia-1.4b,draw_1,2,273,49,52.261955885246,2.1337704001474917e-40,control,-0.8447456955909729
pythia-1.4b,draw_1,3,4825,0,556.2284272674824,3.0117504850344587e-264,control,-13.564374923706055
pythia-1.4b,draw_1,3,2603,1,554.4483037812327,9.922669858487135e-264,very_high,-7.2545270919799805
pythia-1.4b,draw_1,3,4815,2,548.529058427691,5.326111372737595e-262,very_high,-13.14359188079834
pythia-1.4b,draw_1,3,3251,3,537.4812617817848,9.731445236163733e-259,control,-12.238255500793457
pythia-1.4b,draw_1,3,1876,4,532.9149981842113,2.234618763668052e-257,control,-14.846375465393066
pythia-1.4b,draw_1,3,2096,5,528.7286120801034,4.0153880950400554e-256,control,-14.100690841674805
pythia-1.4b,draw_1,3,4615,6,528.3093595353212,5.366868533360992e-256,very_high,-5.578500270843506
pythia-1.4b,draw_1,3,5540,7,519.6272076893317,2.2575975590351855e-253,control,-12.111367225646973
pythia-1.4b,draw_1,3,2894,8,506.2904249547686,2.75570229336187e-249,very_high,-12.778257369995117
pythia-1.4b,draw_1,3,6125,9,502.74305531237746,3.4582250553196797e-248,control,-14.799398422241211
pythia-1.4b,draw_1,3,6618,10,492.5662949602665,5.228838332386407e-245,control,-12.868908882141113
pythia-1.4b,draw_1,3,7113,11,490.9423900955818,1.69680448162097e-244,control,-9.218550682067871
pythia-1.4b,draw_1,3,4688,12,488.56924094374125,9.520664362976716e-244,control,-13.71243667602539
pythia-1.4b,draw_1,3,6698,13,487.7332359228785,1.750189491911806e-243,very_high,-3.006399631500244
pythia-1.4b,draw_1,3,3320,14,374.54451211796265,9.764699176904792e-205,control,-9.34273624420166
pythia-1.4b,draw_1,3,4260,15,346.5500865225385,4.033210188476354e-194,very_high,-4.515465259552002
pythia-1.4b,draw_1,3,3846,16,323.5188362355951,5.0173483434017493e-185,control,-8.943049430847168
pythia-1.4b,draw_1,3,8028,17,298.0742896823427,1.4443801552009187e-174,low,0.893034815788269
pythia-1.4b,draw_1,3,1855,18,293.3905973430238,1.3641958498530175e-172,very_high,-1.8447893857955933
pythia-1.4b,draw_1,3,7748,19,287.01731340486657,7.056471537929975e-170,control,-2.301826000213623
pythia-1.4b,draw_1,3,5450,20,265.570222249667,1.6189597299537362e-160,control,-1.2471660375595093
pythia-1.4b,draw_1,3,3972,21,234.51828756891047,2.708338263735204e-146,high,-0.9923570156097412
pythia-1.4b,draw_1,3,6649,22,156.03570311999937,3.803650329477217e-106,control,-1.3269139528274536
pythia-1.4b,draw_1,3,3046,23,138.5267592195441,3.264552646441067e-96,high,-1.6869505643844604
pythia-1.4b,draw_1,3,6904,24,118.29333893379285,3.298693322035538e-84,low,0.520537257194519
pythia-1.4b,draw_1,3,3447,25,118.08951633251168,4.388417758211758e-84,control,-4.512866973876953
pythia-1.4b,draw_1,3,4262,26,95.88734944863982,3.420592108584328e-70,very_high,-1.1408281326293945
pythia-1.4b,draw_1,3,5682,27,94.02834659690002,5.414820808271569e-69,very_high,-2.4540348052978516
pythia-1.4b,draw_1,3,930,28,83.88819485836285,2.402748275842614e-62,low,0.4008636474609375
pythia-1.4b,draw_1,3,68,29,82.18600096310217,3.2675810443619755e-61,low,0.30704450607299805
pythia-1.4b,draw_1,3,97,30,79.29851156475179,2.811647051857636e-59,very_high,-0.9206405878067017
pythia-1.4b,draw_1,3,451,31,77.91405219340751,2.409743304742593e-58,low,1.379522681236267
pythia-1.4b,draw_1,3,1499,32,76.96079278009637,1.0627400590776594e-57,very_high,-0.859721839427948
pythia-1.4b,draw_1,3,625,33,71.65369634215493,4.4166587977233676e-54,very_high,-0.3687218427658081
pythia-1.4b,draw_1,3,1839,34,70.1201192407384,5.018898313519357e-53,very_high,-0.6017649173736572
pythia-1.4b,draw_1,3,6475,35,69.38248897603148,1.621387603518874e-52,control,-0.6674994826316833
pythia-1.4b,draw_1,3,5994,36,68.95442477830993,3.2055951721614023e-52,very_high,-1.6411759853363037
pythia-1.4b,draw_1,3,2241,37,67.72668469307916,2.2744680542018438e-51,high,-1.3333574533462524
pythia-1.4b,draw_1,3,5974,38,66.9306736598885,8.131259072860698e-51,low,0.5756586194038391
pythia-1.4b,draw_1,3,633,39,64.47078500267034,4.243059438271341e-49,very_high,-0.41979023814201355
pythia-1.4b,draw_1,3,4133,40,63.53040388141096,1.9380931225076035e-48,very_high,-1.0672792196273804
pythia-1.4b,draw_1,3,920,41,63.053151750145226,4.1960275534200387e-48,low,-0.8827998042106628
pythia-1.4b,draw_1,3,7283,42,62.77695474241399,6.564221135051904e-48,very_high,-0.5588570833206177
pythia-1.4b,draw_1,3,7602,43,61.08345602993161,1.0282313202872976e-46,low,-1.1150654554367065
pythia-1.4b,draw_1,3,1181,44,58.429933300071276,7.867028966420917e-45,very_high,-0.8065009117126465
pythia-1.4b,draw_1,3,6240,45,56.44859479084475,2.0489690478454924e-43,very_high,-0.739480197429657
pythia-1.4b,draw_1,3,6727,46,55.23017273841713,1.5348441543579075e-42,very_high,-1.5402629375457764
pythia-1.4b,draw_1,3,838,47,54.60479488335071,4.326143877291224e-42,very_high,-0.7331163287162781
pythia-1.4b,draw_1,3,467,48,54.17335006976679,8.852016718267534e-42,very_high,-0.6625827550888062
pythia-1.4b,draw_1,3,5141,49,53.39388553046944,3.2341635346427667e-41,control,-0.7680691480636597
pythia-1.4b,draw_1,4,499,0,175.83290066199754,6.513460571443354e-117,low,0.34846943616867065
pythia-1.4b,draw_1,4,6543,1,163.19852171033077,4.264368714471636e-110,very_high,-2.252174139022827
pythia-1.4b,draw_1,4,5448,2,110.96580299200164,1.0345402669166636e-79,very_high,-16.93352699279785
pythia-1.4b,draw_1,4,2354,3,106.82250786386116,3.9270242952748586e-77,very_high,-19.400390625
pythia-1.4b,draw_1,4,3806,4,103.66087543548613,3.8072051843970766e-75,low,-0.3760663568973541
pythia-1.4b,draw_1,4,2196,5,97.24351253660001,4.599661237240638e-71,very_high,-0.27857139706611633
pythia-1.4b,draw_1,4,1354,6,86.75533296492267,3.041350397398255e-64,very_high,-19.130722045898438
pythia-1.4b,draw_1,4,8130,7,86.33069147603429,5.797018720087876e-64,low,0.12136545777320862
pythia-1.4b,draw_1,4,4914,8,81.97434314710883,4.524130520017161e-61,low,0.7136855721473694
pythia-1.4b,draw_1,4,2788,9,80.49694003519721,4.4069320266231094e-60,very_high,-0.036281611770391464
pythia-1.4b,draw_1,4,1934,10,80.0956471001276,8.191081432028752e-60,low,0.5875815153121948
pythia-1.4b,draw_1,4,4695,11,77.58761795114195,4.003784614568271e-58,very_high,-0.8316341042518616
pythia-1.4b,draw_1,4,4280,12,77.19732655730958,7.351254285906347e-58,low,-0.13848179578781128
pythia-1.4b,draw_1,4,8147,13,74.06464246093967,9.878074322825579e-56,low,0.9227690696716309
pythia-1.4b,draw_1,4,4088,14,69.90671830190159,7.044323661704542e-53,very_high,-1.3304111957550049
pythia-1.4b,draw_1,4,4122,15,67.64596352234636,2.587799365451117e-51,very_high,-0.6456761360168457
pythia-1.4b,draw_1,4,3847,16,64.38059505198697,4.907657176311283e-49,very_high,0.1868332177400589
pythia-1.4b,draw_1,4,2766,17,63.46642630090003,2.1494086532928705e-48,low,-0.763367772102356
pythia-1.4b,draw_1,4,581,18,63.454381187003854,2.1917024931119583e-48,very_high,-0.5105467438697815
pythia-1.4b,draw_1,4,2461,19,62.16804323154442,1.7626701915468706e-47,low,-0.6133952736854553
pythia-1.4b,draw_1,4,2903,20,60.51521454172268,2.595994230292095e-46,low,-0.9657709002494812
pythia-1.4b,draw_1,4,51,21,60.19405479716101,4.3844029861456655e-46,very_high,-0.8342787623405457
pythia-1.4b,draw_1,4,5975,22,59.51242352291194,1.3355613894055301e-45,very_high,-0.3507639467716217
pythia-1.4b,draw_1,4,3554,23,59.29058489121935,1.920004413207562e-45,low,0.9229464530944824
pythia-1.4b,draw_1,4,4321,24,58.85251750019419,3.9344228944317723e-45,very_high,-1.6856540441513062
pythia-1.4b,draw_1,4,4929,25,58.18614472663234,1.173760547799557e-44,low,1.8633671998977661
pythia-1.4b,draw_1,4,2193,26,57.86420517096152,1.991753636947051e-44,very_high,-0.7151485681533813
pythia-1.4b,draw_1,4,1017,27,56.93452026488487,9.195946559643506e-44,very_high,-0.9933873414993286
pythia-1.4b,draw_1,4,7684,28,56.77011605299268,1.205763373292274e-43,very_high,0.08059440553188324
pythia-1.4b,draw_1,4,4482,29,56.28624878907842,2.6784698060192953e-43,low,-0.7251403331756592
pythia-1.4b,draw_1,4,1792,30,56.14805649146581,3.364878549944029e-43,low,-1.0355210304260254
pythia-1.4b,draw_1,4,2682,31,55.954852951147465,4.6297687487382435e-43,very_high,-0.5425090789794922
pythia-1.4b,draw_1,4,1921,32,55.453871164770625,1.0599327871533147e-42,very_high,-0.07180694490671158
pythia-1.4b,draw_1,4,1297,33,54.57150101225497,4.57174807323801e-42,very_high,-0.5159309506416321
pythia-1.4b,draw_1,4,3041,34,54.44342122205404,5.654031732450648e-42,low,0.2625240087509155
pythia-1.4b,draw_1,4,7656,35,54.021491145984925,1.1391390983645827e-41,low,1.221238374710083
pythia-1.4b,draw_1,4,8176,36,53.94237641249553,1.29915254700157e-41,low,0.202265664935112
pythia-1.4b,draw_1,4,2214,37,53.86313766221,1.4819918282279744e-41,low,-0.26933929324150085
pythia-1.4b,draw_1,4,4853,38,52.86373578868802,7.819921637271311e-41,low,0.2578931748867035
pythia-1.4b,draw_1,4,4399,39,52.15015906675518,2.5716864558206955e-40,very_high,-0.6975536942481995
pythia-1.4b,draw_1,4,2487,40,52.00263923343291,3.290276654538157e-40,very_high,-0.8535376191139221
pythia-1.4b,draw_1,4,4005,41,50.76982433532131,2.5899688803720658e-39,low,-0.23123934864997864
pythia-1.4b,draw_1,4,3917,42,50.70865560036474,2.869697087400456e-39,low,-0.5328585505485535
pythia-1.4b,draw_1,4,3812,43,50.5375690742158,3.8234716235216995e-39,low,-0.3121525049209595
pythia-1.4b,draw_1,4,7600,44,50.33928395370413,5.332944719332324e-39,low,-0.14708952605724335
pythia-1.4b,draw_1,4,3703,45,49.98432251523315,9.679746377732692e-39,very_high,-1.0663918256759644
pythia-1.4b,draw_1,4,6240,46,49.943109965201884,1.0373848253509545e-38,low,-0.7599810361862183
pythia-1.4b,draw_1,4,8078,47,49.50926783775907,2.151594434916613e-38,low,-0.4554036557674408
pythia-1.4b,draw_1,4,6267,48,49.06983552030832,4.5087950656709183e-38,very_high,-0.4812105894088745
pythia-1.4b,draw_1,4,2276,49,49.05508742344656,4.622222149810757e-38,low,-0.26851603388786316
pythia-1.4b,draw_1,5,6780,0,185.05515395049963,9.035002718349758e-122,low,-0.22793416678905487
pythia-1.4b,draw_1,5,602,1,114.851807932721,4.16806071439533e-82,low,-0.7378681302070618
pythia-1.4b,draw_1,5,4803,2,113.05835120175072,5.275739578940911e-81,very_high,-0.38197800517082214
pythia-1.4b,draw_1,5,5676,3,112.95792868280444,6.083513526132325e-81,very_high,-0.13045106828212738
pythia-1.4b,draw_1,5,6539,4,101.56725435121675,8.03447750146274e-74,low,0.8152472376823425
pythia-1.4b,draw_1,5,6637,5,99.57687730413507,1.481260045525859e-72,low,-0.6568371653556824
pythia-1.4b,draw_1,5,4004,6,89.30079178513651,6.462823722650627e-66,very_high,-0.8859457969665527
pythia-1.4b,draw_1,5,3692,7,88.19430150977301,3.436525636842078e-65,low,0.2999984323978424
pythia-1.4b,draw_1,5,2024,8,87.43129474041253,1.0908955743230664e-64,low,0.08650405704975128
pythia-1.4b,draw_1,5,2569,9,82.42123933038357,2.276506265563205e-61,very_high,-0.3684564232826233
pythia-1.4b,draw_1,5,4157,10,80.14340879278959,7.608259533531394e-60,low,-0.8742828965187073
pythia-1.4b,draw_1,5,1020,11,78.93484903925203,4.93969772228478e-59,very_high,-0.016350779682397842
pythia-1.4b,draw_1,5,1142,12,78.72365563967229,6.8539516926572786e-59,control,-0.6890543699264526
pythia-1.4b,draw_1,5,3923,13,77.50287268625455,4.568213714497596e-58,low,-0.9387147426605225
pythia-1.4b,draw_1,5,2786,14,74.1456122986496,8.698272113575481e-56,low,-0.5507579445838928
pythia-1.4b,draw_1,5,4214,15,72.41822851003654,1.319924587972231e-54,low,-0.6245197057723999
pythia-1.4b,draw_1,5,3135,16,72.08252084271953,2.242550570739339e-54,very_high,-0.9330352544784546
pythia-1.4b,draw_1,5,3218,17,70.11969278541224,5.022298634467154e-53,low,-0.7396494150161743
pythia-1.4b,draw_1,5,1293,18,69.39150079857866,1.5983011287316925e-52,very_high,-1.333038568496704
pythia-1.4b,draw_1,5,103,19,69.30727044930559,1.8275860964967518e-52,low,-0.2686014771461487
pythia-1.4b,draw_1,5,5233,20,69.29212881074034,1.872168963047118e-52,very_high,-0.5323426127433777
pythia-1.4b,draw_1,5,428,21,69.07942411630943,2.6268239291655705e-52,very_high,-1.089834213256836
pythia-1.4b,draw_1,5,7425,22,68.11989622998256,1.2134518934490403e-51,low,-0.06500525027513504
pythia-1.4b,draw_1,5,183,23,67.86751851341133,1.8160104325715444e-51,low,0.4852887988090515
pythia-1.4b,draw_1,5,3956,24,67.10184093860248,6.181341495774714e-51,low,-0.34987521171569824
pythia-1.4b,draw_1,5,2906,25,66.10890341672564,3.0382404943392394e-50,low,-0.16743920743465424
pythia-1.4b,draw_1,5,4645,26,66.07245708535035,3.221378494831884e-50,low,0.37740591168403625
pythia-1.4b,draw_1,5,2603,27,65.41322748785302,9.295396339820595e-50,very_high,-0.8935679793357849
pythia-1.4b,draw_1,5,402,28,64.81199105721483,2.4476160422958983e-49,very_high,-1.252408504486084
pythia-1.4b,draw_1,5,2966,29,64.12279359837925,7.440470366722949e-49,low,-0.8006781935691833
pythia-1.4b,draw_1,5,7840,30,63.42954570145965,2.2815569651927513e-48,low,-0.299360990524292
pythia-1.4b,draw_1,5,1196,31,63.1714144739442,3.4647272398648257e-48,low,0.22425544261932373
pythia-1.4b,draw_1,5,6917,32,62.65103441883491,8.050748394381057e-48,low,0.13151024281978607
pythia-1.4b,draw_1,5,7176,33,62.612741413038094,8.566477438932432e-48,very_high,-1.3588558435440063
pythia-1.4b,draw_1,5,7468,34,62.51069788914988,1.0108242172648922e-47,very_high,-0.6316975951194763
pythia-1.4b,draw_1,5,5530,35,62.41270594042471,1.1849897558959181e-47,low,-0.5670889616012573
pythia-1.4b,draw_1,5,8040,36,61.6979836104225,3.7829893707542607e-47,very_high,-1.1300863027572632
pythia-1.4b,draw_1,5,306,37,60.90148081097462,1.383015158087274e-46,low,0.7054902911186218
pythia-1.4b,draw_1,5,3189,38,60.79444821800185,1.6465558293329585e-46,low,-0.007409857586026192
pythia-1.4b,draw_1,5,7497,39,60.76838580538781,1.718006844694093e-46,low,-0.8151357769966125
pythia-1.4b,draw_1,5,2157,40,60.382443952731236,3.223841986627467e-46,very_high,-0.7311890721321106
pythia-1.4b,draw_1,5,736,41,59.963953013812585,6.384254904586795e-46,very_high,-1.0122662782669067
pythia-1.4b,draw_1,5,2271,42,59.70622344375961,9.728145244943158e-46,very_high,-1.7590296268463135
pythia-1.4b,draw_1,5,1171,43,59.45639537288701,1.463754208581493e-45,very_high,-1.4504557847976685
pythia-1.4b,draw_1,5,7864,44,59.11500097236476,2.559420434213435e-45,very_high,-1.2763538360595703
pythia-1.4b,draw_1,5,7974,45,59.009799477963455,3.040667437026221e-45,low,-0.6431525349617004
pythia-1.4b,draw_1,5,4472,46,58.91573183804673,3.5472817940932603e-45,low,-0.09808360040187836
pythia-1.4b,draw_1,5,4742,47,58.533843798954805,6.634086250589228e-45,low,-0.5225138068199158
pythia-1.4b,draw_1,5,1794,48,58.31507482425334,9.498724212745906e-45,very_high,-0.6631174087524414
pythia-1.4b,draw_1,5,3268,49,58.23879438003402,1.0765682356602969e-44,very_high,-0.7706453204154968
pythia-1.4b,draw_1,6,383,0,121.67770185884368,2.9447351870128258e-86,low,0.45391207933425903
pythia-1.4b,draw_1,6,4703,1,118.83005745581238,1.5567029106353982e-84,low,1.1632884740829468
pythia-1.4b,draw_1,6,1444,2,99.84343732846817,1.0017274550602346e-72,very_high,-0.8149926662445068
pythia-1.4b,draw_1,6,2412,3,90.67352320907264,8.185710741997791e-67,very_high,-0.5693231821060181
pythia-1.4b,draw_1,6,3480,4,90.20344581277925,1.6595244922784718e-66,very_high,-0.8102248907089233
pythia-1.4b,draw_1,6,332,5,82.75163794831981,1.3708350197304e-61,very_high,-0.5613021850585938
pythia-1.4b,draw_1,6,5633,6,80.40470016663167,5.081466892184859e-60,very_high,-0.1746664047241211
pythia-1.4b,draw_1,6,6972,7,77.64491332745517,3.662306359464845e-58,low,-0.10017314553260803
pythia-1.4b,draw_1,6,3236,8,75.65738044097967,8.134170525428847e-57,low,-0.9976091980934143
pythia-1.4b,draw_1,6,1736,9,72.85288577644774,6.649996810508497e-55,very_high,-1.007633924484253
pythia-1.4b,draw_1,6,3908,10,71.86798364014321,3.1474619590495745e-54,low,0.2764740288257599
pythia-1.4b,draw_1,6,792,11,71.18619822570572,9.255224232040117e-54,low,-0.300527960062027
pythia-1.4b,draw_1,6,342,12,67.32049923494637,4.355639969380874e-51,low,1.1949727535247803
pythia-1.4b,draw_1,6,206,13,67.21902970823041,5.1237884831065927e-51,very_high,-0.47094595432281494
pythia-1.4b,draw_1,6,7575,14,65.56197121122138,7.317322894290479e-50,control,-0.601227879524231
pythia-1.4b,draw_1,6,842,15,64.92294056846444,2.0469051348187256e-49,low,-0.3823922276496887
pythia-1.4b,draw_1,6,6101,16,63.897560649123996,1.0705362312369066e-48,low,-0.6150765419006348
pythia-1.4b,draw_1,6,1046,17,63.45542371691176,2.188009150119878e-48,very_high,-1.1896156072616577
pythia-1.4b,draw_1,6,3544,18,62.46914795976659,1.081301474223829e-47,low,0.0893361046910286
pythia-1.4b,draw_1,6,927,19,59.1075236471986,2.5909518659691298e-45,very_high,-0.932007908821106
pythia-1.4b,draw_1,6,3278,20,58.08460813217418,1.386718679650585e-44,low,-0.6425231695175171
pythia-1.4b,draw_1,6,1914,21,56.322982164202784,2.5209007309228857e-43,low,-0.6215977668762207
pythia-1.4b,draw_1,6,4317,22,56.25080914556742,2.8398341892758125e-43,very_high,-0.38952508568763733
pythia-1.4b,draw_1,6,6810,23,56.24697164932762,2.8578813068683126e-43,very_high,-0.7668824791908264
pythia-1.4b,draw_1,6,5294,24,55.63415540648068,7.866302398340618e-43,low,0.1114126592874527
pythia-1.4b,draw_1,6,3047,25,55.44524984369484,1.0751600685880702e-42,very_high,-0.2404402494430542
pythia-1.4b,draw_1,6,5595,26,55.280631119520756,1.4118476961560491e-42,low,-0.2625832259654999
pythia-1.4b,draw_1,6,7901,27,54.83941612901689,2.932033146507145e-42,very_high,-0.7494171857833862
pythia-1.4b,draw_1,6,3996,28,54.10856206415191,9.857516438287397e-42,very_high,-0.32983726263046265
pythia-1.4b,draw_1,6,3374,29,53.95448182182836,1.2732830176388372e-41,low,-0.3883262872695923
pythia-1.4b,draw_1,6,3779,30,53.825739933029524,1.577029255125148e-41,very_high,-0.22078973054885864
pythia-1.4b,draw_1,6,2257,31,52.847271338980065,8.037478348767115e-41,low,-0.3484005630016327
pythia-1.4b,draw_1,6,6142,32,52.81321985020269,8.506853757109594e-41,low,-0.5379952192306519
pythia-1.4b,draw_1,6,6028,33,52.30394225494725,1.9893333612072488e-40,very_high,-0.6908395290374756
pythia-1.4b,draw_1,6,3805,34,52.13706132572991,2.6285583623788246e-40,control,-0.9224374890327454
pythia-1.4b,draw_1,6,7566,35,51.827024150344634,4.412513275982672e-40,low,-0.4861680865287781
pythia-1.4b,draw_1,6,3809,36,51.62842274403421,6.150329962335399e-40,very_high,0.1592998206615448
pythia-1.4b,draw_1,6,7983,37,50.34417400411518,5.28934946196188e-39,very_high,-0.7173209190368652
pythia-1.4b,draw_1,6,5984,38,50.06761240459108,8.415729506908735e-39,low,-1.436742901802063
pythia-1.4b,draw_1,6,1196,39,49.90301676791251,1.1096915954649989e-38,low,1.3198575973510742
pythia-1.4b,draw_1,6,6995,40,49.41634065581908,2.515780259269779e-38,very_high,-0.2757573127746582
pythia-1.4b,draw_1,6,6059,41,49.27029916281763,3.216901092421102e-38,very_high,-0.6533685922622681
pythia-1.4b,draw_1,6,7081,42,49.09298802006864,4.33632753651205e-38,very_high,0.7672649621963501
pythia-1.4b,draw_1,6,4250,43,48.982511894765786,5.22344042714551e-38,low,-0.020017415285110474
pythia-1.4b,draw_1,6,6569,44,48.63030940310517,9.458660228105473e-38,very_high,-0.705004096031189
pythia-1.4b,draw_1,6,3248,45,48.53521236731935,1.110455608451878e-37,very_high,-0.2768615186214447
pythia-1.4b,draw_1,6,2591,46,48.53498126405635,1.1108886753244103e-37,low,-0.5708929896354675
pythia-1.4b,draw_1,6,1217,47,48.48231934238684,1.214117445349776e-37,low,-0.6351807713508606
pythia-1.4b,draw_1,6,4749,48,47.987225030594594,2.8011921508871955e-37,low,-0.34823575615882874
pythia-1.4b,draw_1,6,1371,49,47.617499469590605,5.2338012120427345e-37,low,0.34915342926979065
pythia-1.4b,draw_1,7,3064,0,128.68321359470443,1.9083976166909789e-90,low,0.5059064626693726
pythia-1.4b,draw_1,7,2973,1,105.7555862607958,1.8308421650503818e-76,very_high,-0.4636072516441345
pythia-1.4b,draw_1,7,572,2,99.62978338273655,1.3705798933965495e-72,very_high,-1.4535260200500488
pythia-1.4b,draw_1,7,7497,3,93.70341055654677,8.787017359694494e-69,very_high,-1.6752208471298218
pythia-1.4b,draw_1,7,3509,4,90.07224644228033,2.0216946910952678e-66,very_high,-0.5550359487533569
pythia-1.4b,draw_1,7,6459,5,89.6824793409823,3.6356597764582854e-66,low,0.041430793702602386
pythia-1.4b,draw_1,7,6570,6,88.95996378245019,1.0807605664185512e-65,very_high,-0.3612292408943176
pythia-1.4b,draw_1,7,4758,7,86.99957677493374,2.0993307225800385e-64,very_high,1.011338710784912
pythia-1.4b,draw_1,7,7924,8,85.65906665689448,1.6103733694342976e-63,very_high,-0.39083847403526306
pythia-1.4b,draw_1,7,689,9,85.08059048885967,3.8881733470704284e-63,very_high,-2.5191497802734375
pythia-1.4b,draw_1,7,7882,10,84.43539938944114,1.040909464300185e-62,low,-0.012039156630635262
pythia-1.4b,draw_1,7,125,11,83.4894245536106,4.423763271249487e-62,very_high,-0.9818246364593506
pythia-1.4b,draw_1,7,2986,12,82.70884660275657,1.4638752220580311e-61,very_high,-0.8399366736412048
pythia-1.4b,draw_1,7,6069,13,80.4034318604598,5.091428956972066e-60,low,1.2277711629867554
pythia-1.4b,draw_1,7,2898,14,79.25294701208512,3.017254125362435e-59,very_high,0.24138058722019196
pythia-1.4b,draw_1,7,4183,15,78.63413725514262,7.875117247760962e-59,low,-0.12254755944013596
pythia-1.4b,draw_1,7,3566,16,77.58127746513905,4.0434820007437805e-58,very_high,-0.7464849352836609
pythia-1.4b,draw_1,7,7677,17,77.440657031519,5.032730869581014e-58,low,-0.4475829005241394
pythia-1.4b,draw_1,7,2630,18,76.39904052904896,2.552613767439813e-57,very_high,-1.2231576442718506
pythia-1.4b,draw_1,7,5695,19,73.84729679288131,1.389986205604368e-55,very_high,-0.9935781359672546
pythia-1.4b,draw_1,7,7955,20,73.7754556275128,1.5561856503607873e-55,very_high,-0.9016410112380981
pythia-1.4b,draw_1,7,2413,21,73.48035027118144,2.475433992166229e-55,low,0.018800806254148483
pythia-1.4b,draw_1,7,2085,22,71.86562362322455,3.159224194133445e-54,low,1.3327947854995728
pythia-1.4b,draw_1,7,2025,23,70.99493439335268,1.2530088611913415e-53,low,-0.5470324158668518
pythia-1.4b,draw_1,7,426,24,69.03483967069258,2.8201498771487226e-52,low,-0.4709239602088928
pythia-1.4b,draw_1,7,6386,25,68.1772003233824,1.107344851919311e-51,very_high,-0.8743743300437927
pythia-1.4b,draw_1,7,940,26,67.97595309254577,1.5271198344619898e-51,very_high,-1.2013020515441895
pythia-1.4b,draw_1,7,2820,27,67.52608046084038,3.1347110643021604e-51,very_high,-0.923084020614624
pythia-1.4b,draw_1,7,1192,28,66.09021788744293,3.130791219304947e-50,low,0.04243682324886322
pythia-1.4b,draw_1,7,6605,29,65.45460465759888,8.696741934063222e-50,low,-0.5893636345863342
pythia-1.4b,draw_1,7,5835,30,64.2036049955834,6.5303330922658416e-49,very_high,-0.7840374112129211
pythia-1.4b,draw_1,7,2317,31,63.19791997742767,3.319193648048656e-48,very_high,-0.9452897310256958
pythia-1.4b,draw_1,7,4494,32,62.98035583786558,4.7211340619346904e-48,low,0.3251968324184418
pythia-1.4b,draw_1,7,2333,33,61.82772139862099,3.063736068461911e-47,very_high,-1.0057247877120972
pythia-1.4b,draw_1,7,7354,34,60.991268778422295,1.1948114051819685e-46,very_high,-1.1438885927200317
pythia-1.4b,draw_1,7,1208,35,60.85619270354212,1.4889346744871726e-46,very_high,-0.6123821139335632
pythia-1.4b,draw_1,7,6499,36,60.77818890198326,1.6907739710087168e-46,very_high,-0.7942778468132019
pythia-1.4b,draw_1,7,5675,37,59.44454170920772,1.4924170577176288e-45,very_high,-1.0049333572387695
pythia-1.4b,draw_1,7,4265,38,59.440504725692904,1.502306518133538e-45,very_high,-1.118554949760437
pythia-1.4b,draw_1,7,6868,39,58.529141059878036,6.685456229164942e-45,very_high,-0.48810839653015137
pythia-1.4b,draw_1,7,2604,40,58.444524778751436,7.680932388827452e-45,control,-1.0150936841964722
pythia-1.4b,draw_1,7,3292,41,58.262397165008004,1.0356550866857646e-44,low,0.4034706950187683
pythia-1.4b,draw_1,7,7959,42,57.435836785683755,4.0284266844835483e-44,low,1.097930669784546
pythia-1.4b,draw_1,7,585,43,57.01440019072773,8.062046106736671e-44,very_high,-1.0819324254989624
pythia-1.4b,draw_1,7,7970,44,57.00162207846701,8.23354162413238e-44,low,0.5995718836784363
pythia-1.4b,draw_1,7,2245,45,56.79035879980648,1.1661951249886196e-43,very_high,-1.1607944965362549
pythia-1.4b,draw_1,7,1384,46,56.344483944042516,2.4330118488279418e-43,very_high,-1.3499611616134644
pythia-1.4b,draw_1,7,3164,47,56.17487951954643,3.2191002754179104e-43,low,0.7967179417610168
pythia-1.4b,draw_1,7,6507,48,55.87608886528791,5.2732756833749534e-43,very_high,-0.632507860660553
pythia-1.4b,draw_1,7,6775,49,55.522806381273554,9.456942456016022e-43,very_high,-0.4151412844657898
pythia-1.4b,draw_1,8,5695,0,87.60532231427523,8.380571292090783e-65,low,0.9268650412559509
pythia-1.4b,draw_1,8,6481,1,80.2109483502503,6.854286586114287e-60,low,-0.1883516162633896
pythia-1.4b,draw_1,8,3268,2,77.66443158986378,3.552769468765524e-58,low,0.09561523795127869
pythia-1.4b,draw_1,8,1912,3,77.02977339823222,9.544129156199478e-58,low,0.2195136547088623
pythia-1.4b,draw_1,8,2467,4,76.10532219315947,4.0382734248047454e-57,very_high,-0.13039498031139374
pythia-1.4b,draw_1,8,4932,5,73.87896932227389,1.3224782320402295e-55,low,1.019003987312317
pythia-1.4b,draw_1,8,7026,6,73.4695121621035,2.5180137081340162e-55,very_high,-1.1695311069488525
pythia-1.4b,draw_1,8,1064,7,71.12036692985765,1.0272198051455841e-53,very_high,-1.2339296340942383
pythia-1.4b,draw_1,8,110,8,67.82828603990488,1.9335179456165493e-51,low,0.3535099923610687
pythia-1.4b,draw_1,8,2422,9,67.49819429668453,3.2777083767256445e-51,very_high,-0.27635130286216736
pythia-1.4b,draw_1,8,649,10,65.87029562571186,4.457451301764768e-50,very_high,-0.44977450370788574
pythia-1.4b,draw_1,8,816,11,65.53764906945835,7.6092398672246215e-50,low,0.3416883051395416
pythia-1.4b,draw_1,8,1740,12,64.07879650517019,7.988340600443606e-49,very_high,-0.946497917175293
pythia-1.4b,draw_1,8,6914,13,63.56042826032285,1.8462275624715836e-48,very_high,-0.41675421595573425
pythia-1.4b,draw_1,8,2608,14,62.71144795053402,7.299595093836655e-48,low,0.4827784597873688
pythia-1.4b,draw_1,8,4146,15,62.47193752650816,1.0764193360746422e-47,very_high,-2.0696678161621094
pythia-1.4b,draw_1,8,509,16,61.67792272177482,3.9084031733972386e-47,low,-0.5594966411590576
pythia-1.4b,draw_1,8,7820,17,61.60371219408131,4.40964387619902e-47,low,0.4206756353378296
pythia-1.4b,draw_1,8,4461,18,59.82078928094929,8.066818407790707e-46,very_high,-1.0474077463150024
pythia-1.4b,draw_1,8,6464,19,59.503928012167215,1.35425033692841e-45,very_high,-0.5634791851043701
pythia-1.4b,draw_1,8,3750,20,59.472358314264255,1.426024225365341e-45,very_high,-0.9641028046607971
pythia-1.4b,draw_1,8,390,21,59.02624453887886,2.959855367632045e-45,control,-1.1367459297180176
pythia-1.4b,draw_1,8,7034,22,58.75710766893386,4.6003709945569555e-45,low,-0.4386611580848694
pythia-1.4b,draw_1,8,177,23,58.54104124760724,6.55623011723485e-45,low,-0.4778154492378235
pythia-1.4b,draw_1,8,2412,24,58.25609591378642,1.0464227999330118e-44,low,0.9491867423057556
pythia-1.4b,draw_1,8,1889,25,57.01377268156476,8.070383772300075e-44,very_high,0.10290781408548355
pythia-1.4b,draw_1,8,789,26,56.8983881349223,9.76004626291157e-44,very_high,-0.48960205912590027
pythia-1.4b,draw_1,8,7243,27,56.50753122196401,1.8591291287269965e-43,control,-0.4299311637878418
pythia-1.4b,draw_1,8,2168,28,56.10072579082417,3.638429406990421e-43,low,0.1430581510066986
pythia-1.4b,draw_1,8,586,29,55.96531441624089,4.550436795277958e-43,very_high,-1.4448113441467285
pythia-1.4b,draw_1,8,5319,30,55.568696092588176,8.765685930738522e-43,low,0.018516913056373596
pythia-1.4b,draw_1,8,5964,31,54.695721484941224,3.72064877068703e-42,very_high,-0.9465359449386597
pythia-1.4b,draw_1,8,2277,32,54.37086155263168,6.377480706940429e-42,very_high,-0.8389906287193298
pythia-1.4b,draw_1,8,7625,33,54.00845978292871,1.1640680165995232e-41,low,0.25553178787231445
pythia-1.4b,draw_1,8,3630,34,53.35908272312464,3.427015911427726e-41,very_high,-1.1149967908859253
pythia-1.4b,draw_1,8,2748,35,53.31539485562697,3.6854926654991906e-41,very_high,0.010738487355411053
pythia-1.4b,draw_1,8,4179,36,51.68625349583116,5.583375538689339e-40,low,-0.8324074745178223
pythia-1.4b,draw_1,8,8139,37,51.398670000232585,9.033003648959104e-40,low,0.014414639212191105
pythia-1.4b,draw_1,8,4091,38,51.38465311922585,9.247409420786281e-40,very_high,0.23976339399814606
pythia-1.4b,draw_1,8,1388,39,50.88020706096818,2.1524654155145304e-39,control,0.48672959208488464
pythia-1.4b,draw_1,8,2595,40,50.41740830170658,4.6775749746975727e-39,high,-0.4237286448478699
pythia-1.4b,draw_1,8,4265,41,50.35529437823119,5.191534591912221e-39,very_high,-0.8038832545280457
pythia-1.4b,draw_1,8,1541,42,50.251858256388225,6.176014092080819e-39,very_high,-0.7516990303993225
pythia-1.4b,draw_1,8,6046,43,49.8169402003787,1.2824408286153088e-38,low,0.011254730634391308
pythia-1.4b,draw_1,8,6974,44,49.53653674645912,2.0551113685273916e-38,very_high,-1.2201087474822998
pythia-1.4b,draw_1,8,6030,45,49.50421919811598,2.1699491611455456e-38,very_high,-0.5294196009635925
pythia-1.4b,draw_1,8,2300,46,49.40311644898277,2.572400388223624e-38,low,-0.7136019468307495
pythia-1.4b,draw_1,8,6031,47,49.18458876295626,3.7163591348312703e-38,low,-0.46883589029312134
pythia-1.4b,draw_1,8,6605,48,49.06894034351468,4.5155996602833043e-38,very_high,-1.437820315361023
pythia-1.4b,draw_1,8,4011,49,48.5837707333694,1.023112087403964e-37,low,-1.7799429893493652
pythia-1.4b,draw_1,9,4248,0,357.54051944138183,2.412793913078772e-198,low,0.6004270911216736
pythia-1.4b,draw_1,9,7202,1,330.46232631928876,8.36783731276578e-188,very_high,-0.48355597257614136
pythia-1.4b,draw_1,9,7044,2,181.2512095950245,8.871314070990146e-120,low,1.0590202808380127
pythia-1.4b,draw_1,9,8041,3,177.66972827831108,6.894691205944138e-118,very_high,0.270525187253952
pythia-1.4b,draw_1,9,8036,4,104.50792111347883,1.1138085526320452e-75,low,0.008222711272537708
pythia-1.4b,draw_1,9,3043,5,101.6228743756587,7.40767978411329e-74,low,-0.16680170595645905
pythia-1.4b,draw_1,9,6637,6,99.21646232816146,2.514861409301523e-72,low,-0.45828208327293396
pythia-1.4b,draw_1,9,6430,7,91.52461598400768,2.2820229675523552e-67,very_high,-1.9973126649856567
pythia-1.4b,draw_1,9,4872,8,90.29830556584115,1.438852551054673e-66,control,-1.0805758237838745
pythia-1.4b,draw_1,9,3013,9,85.35265865121278,2.5681775449086703e-63,very_high,-0.6715610027313232
pythia-1.4b,draw_1,9,529,10,85.13225411817731,3.5936192193317177e-63,low,-0.4667065441608429
pythia-1.4b,draw_1,9,492,11,85.12599869272921,3.628059322988187e-63,very_high,-0.5937488079071045
pythia-1.4b,draw_1,9,5011,12,81.513016089777,9.200448534570107e-61,very_high,-1.3051860332489014
pythia-1.4b,draw_1,9,4365,13,80.29393681884515,6.029528778125793e-60,low,0.9714196920394897
pythia-1.4b,draw_1,9,6977,14,79.03086603256375,4.25656178044533e-59,very_high,-0.9638962149620056
pythia-1.4b,draw_1,9,6347,15,77.80200454106127,2.8683672940469625e-58,low,-0.7233743071556091
pythia-1.4b,draw_1,9,4495,16,75.59000791536245,9.038286111235533e-57,very_high,-0.6546337008476257
pythia-1.4b,draw_1,9,1183,17,74.68902466879021,3.7069943519832954e-56,low,-0.6890455484390259
pythia-1.4b,draw_1,9,6354,18,73.99077213288597,1.109376149352096e-55,very_high,-1.4857934713363647
pythia-1.4b,draw_1,9,884,19,71.40183592028583,6.578643185947102e-54,very_high,-1.068601131439209
pythia-1.4b,draw_1,9,4758,20,71.2252811190658,8.699834463190791e-54,very_high,0.3831138014793396
pythia-1.4b,draw_1,9,3009,21,70.36569815914822,3.398475619627554e-53,low,0.21117034554481506
pythia-1.4b,draw_1,9,2515,22,68.1105192507549,1.2317596723577315e-51,very_high,-0.7819494605064392
pythia-1.4b,draw_1,9,2070,23,66.93056735247933,8.132644160165239e-51,very_high,-0.6436149477958679
pythia-1.4b,draw_1,9,5053,24,65.25920359775267,1.1910163700392865e-49,low,-0.7647479176521301
pythia-1.4b,draw_1,9,7616,25,64.97108633701832,1.8941371119333627e-49,very_high,-0.28095123171806335
pythia-1.4b,draw_1,9,4333,26,64.7916068681095,2.5293639463803574e-49,low,0.581875205039978
pythia-1.4b,draw_1,9,746,27,63.94516097571387,9.912916865010115e-49,low,0.5861949920654297
pythia-1.4b,draw_1,9,659,28,62.18141126897477,1.7248257561218526e-47,very_high,-1.6029560565948486
pythia-1.4b,draw_1,9,75,29,61.74282974824776,3.517011833317657e-47,very_high,-0.8502843976020813
pythia-1.4b,draw_1,9,1054,30,61.5537227718417,4.783105343976098e-47,low,-0.028867177665233612
pythia-1.4b,draw_1,9,8128,31,61.30311041778025,7.1909517817892315e-47,very_high,-0.8786906599998474
pythia-1.4b,draw_1,9,4188,32,61.12231317619873,9.651844534771539e-47,very_high,0.2762156128883362
pythia-1.4b,draw_1,9,8107,33,60.92217999441547,1.3371503841083536e-46,control,-0.3257767856121063
pythia-1.4b,draw_1,9,1877,34,60.37635249590313,3.256045601153654e-46,low,0.9227855205535889
pythia-1.4b,draw_1,9,990,35,59.274621066670015,1.9708333136837902e-45,low,1.6936368942260742
pythia-1.4b,draw_1,9,2458,36,59.22778166640352,2.127884153811818e-45,low,0.4855692684650421
pythia-1.4b,draw_1,9,1376,37,58.809036476780626,4.2250141143882106e-45,control,-0.7813873291015625
pythia-1.4b,draw_1,9,3958,38,58.606614600020336,5.887750557385777e-45,very_high,-1.0886056423187256
pythia-1.4b,draw_1,9,923,39,58.54960290954068,6.464808052784501e-45,very_high,-0.7865808606147766
pythia-1.4b,draw_1,9,2340,40,58.422152306006346,7.968105645687707e-45,low,0.7814070582389832
pythia-1.4b,draw_1,9,2707,41,57.574112221676494,3.208869432475018e-44,very_high,-0.7176479697227478
pythia-1.4b,draw_1,9,6178,42,57.48136086527901,3.7377392460203546e-44,very_high,-1.3253860473632812
pythia-1.4b,draw_1,9,7888,43,57.17524460728593,6.185943814049172e-44,very_high,-2.6390185356140137
pythia-1.4b,draw_1,9,3849,44,57.04643166041377,7.647712336229041e-44,very_high,-1.2955814599990845
pythia-1.4b,draw_1,9,1536,45,56.994758213242996,8.327165601216809e-44,very_high,-0.21620480716228485
pythia-1.4b,draw_1,9,1910,46,56.704136023045876,1.3443115732460254e-43,low,1.0803595781326294
pythia-1.4b,draw_1,9,4661,47,56.4556505648757,2.0252554944545076e-43,low,0.6104995608329773
pythia-1.4b,draw_1,9,4959,48,55.82860725423763,5.703735603914793e-43,low,0.3710300028324127
pythia-1.4b,draw_1,9,7741,49,54.85077530718061,2.877351203998493e-42,very_high,-1.0398772954940796
pythia-1.4b,draw_1,10,2616,0,224.86720382133743,1.0665046238945643e-141,low,-0.5977197289466858
pythia-1.4b,draw_1,10,8086,1,181.4939796016697,6.612519456558298e-120,low,0.11643323302268982
pythia-1.4b,draw_1,10,6844,2,172.5558561346594,3.660550418696169e-115,low,-0.22666142880916595
pythia-1.4b,draw_1,10,5321,3,141.3475082137914,7.691272781385173e-98,low,-0.1820460706949234
pythia-1.4b,draw_1,10,5962,4,119.03626538985365,1.1668602510772354e-84,low,0.6803155541419983
pythia-1.4b,draw_1,10,3449,5,114.37067376457158,8.225809477658637e-82,very_high,0.06367042660713196
pythia-1.4b,draw_1,10,7574,6,106.81236765667083,3.9848265324502936e-77,very_high,1.0673967599868774
pythia-1.4b,draw_1,10,7706,7,104.03011489462043,2.2272799411443246e-75,very_high,-0.17883209884166718
pythia-1.4b,draw_1,10,1065,8,98.99075169255596,3.5041909713357227e-72,low,-0.2734304368495941
pythia-1.4b,draw_1,10,811,9,94.11871210428255,4.733068315556057e-69,control,-0.6532818078994751
pythia-1.4b,draw_1,10,2602,10,90.85490830241662,6.23342147395121e-67,very_high,-3.564627170562744
pythia-1.4b,draw_1,10,3103,11,86.20734543197044,6.992558755748936e-64,very_high,-1.0346801280975342
pythia-1.4b,draw_1,10,602,12,77.2572881247212,6.695777004251822e-58,low,-0.1694469302892685
pythia-1.4b,draw_1,10,7849,13,76.69332450128307,1.6126883864707238e-57,very_high,-1.0258665084838867
pythia-1.4b,draw_1,10,544,14,75.96357066549771,5.0395741371602927e-57,very_high,-3.032635450363159
pythia-1.4b,draw_1,10,1355,15,73.24764750596913,3.570493212352162e-55,very_high,-1.1416869163513184
pythia-1.4b,draw_1,10,6522,16,72.03463240304286,2.4187801982597695e-54,very_high,-1.0376157760620117
pythia-1.4b,draw_1,10,3104,17,69.21952252626895,2.1015648373355475e-52,control,0.03575269877910614
pythia-1.4b,draw_1,10,7725,18,68.29706757060076,9.144854792242201e-52,low,-1.2810096740722656
pythia-1.4b,draw_1,10,7792,19,68.28841008463898,9.27210367004486e-52,very_high,-0.1251155138015747
pythia-1.4b,draw_1,10,4431,20,67.88882195282514,1.7552283135497783e-51,very_high,-0.5708843469619751
pythia-1.4b,draw_1,10,4982,21,66.77623819851766,1.0414576477647269e-50,very_high,-1.0143169164657593
pythia-1.4b,draw_1,10,3109,22,66.7113573605117,1.1556093172123775e-50,very_high,0.057188551872968674
pythia-1.4b,draw_1,10,2841,23,66.29900916660782,2.2391025318101993e-50,low,0.150755375623703
pythia-1.4b,draw_1,10,3717,24,66.22573834396695,2.518561714489879e-50,very_high,-1.6441943645477295
pythia-1.4b,draw_1,10,2436,25,65.65465320099983,6.304116404291246e-50,very_high,-0.26809993386268616
pythia-1.4b,draw_1,10,8191,26,63.56445273565829,1.834250028989598e-48,very_high,-1.278630018234253
pythia-1.4b,draw_1,10,6388,27,62.75788405787804,6.770297321091266e-48,very_high,-0.7236562371253967
pythia-1.4b,draw_1,10,1593,28,60.47376034571601,2.7776076995788117e-46,very_high,-0.5109681487083435
pythia-1.4b,draw_1,10,1777,29,58.93047586682163,3.462617463086182e-45,very_high,-0.4149949550628662
pythia-1.4b,draw_1,10,4764,30,58.72270062969907,4.867297896531026e-45,low,-0.1756109595298767
pythia-1.4b,draw_1,10,4098,31,58.544332184020234,6.520937017802051e-45,low,-0.4780023992061615
pythia-1.4b,draw_1,10,4251,32,57.92664782593592,1.797528553760409e-44,low,0.7780507802963257
pythia-1.4b,draw_1,10,2437,33,57.46791782346508,3.821320599293818e-44,low,0.7834265232086182
pythia-1.4b,draw_1,10,1046,34,57.436063087415405,4.026927063433591e-44,low,1.6424188613891602
pythia-1.4b,draw_1,10,3171,35,56.90832834205832,9.60148921419464e-44,very_high,-1.336125135421753
pythia-1.4b,draw_1,10,6043,36,56.7628985538413,1.2201942329055082e-43,low,0.2912299931049347
pythia-1.4b,draw_1,10,7721,37,56.67341004761829,1.4141677791554516e-43,very_high,-2.323046922683716
pythia-1.4b,draw_1,10,5123,38,56.258161446449456,2.8055757827955126e-43,control,-0.4717184007167816
pythia-1.4b,draw_1,10,944,39,56.21716841240084,3.0020086766941102e-43,very_high,-1.8928505182266235
pythia-1.4b,draw_1,10,6583,40,56.17833800603687,3.2007703705060013e-43,very_high,-1.7156331539154053
pythia-1.4b,draw_1,10,4322,41,55.89725327574075,5.092038094260163e-43,very_high,-1.0613017082214355
pythia-1.4b,draw_1,10,4400,42,54.72387318486763,3.5509795615871e-42,very_high,-1.793483018875122
pythia-1.4b,draw_1,10,4099,43,54.03018303919355,1.1228095635537161e-41,very_high,-0.8412493467330933
pythia-1.4b,draw_1,10,1937,44,53.700805915327386,1.941058714620528e-41,low,-0.7933070063591003
pythia-1.4b,draw_1,10,6233,45,53.64717289221641,2.122120336742224e-41,very_high,-1.2375086545944214
pythia-1.4b,draw_1,10,5276,46,53.45555985257249,2.9187184224362705e-41,low,0.28179705142974854
pythia-1.4b,draw_1,10,2357,47,53.26498629015787,4.008093374549055e-41,very_high,-0.6612718105316162
pythia-1.4b,draw_1,10,4965,48,52.53514216600126,1.3525469856417645e-40,very_high,-0.770207941532135
pythia-1.4b,draw_1,10,7368,49,52.2856802846931,2.0509121175318673e-40,very_high,0.14798249304294586
pythia-1.4b,draw_1,11,6782,0,159.24420515809769,6.350300695608808e-108,low,1.8420217037200928
pythia-1.4b,draw_1,11,6889,1,115.45115855691478,1.7891306792686605e-82,low,-0.7857509851455688
pythia-1.4b,draw_1,11,4139,2,109.37057564237553,1.0107012500928378e-78,low,0.4501273036003113
pythia-1.4b,draw_1,11,1207,3,102.20089655002788,3.187031490650238e-74,low,1.7654465436935425
pythia-1.4b,draw_1,11,3309,4,95.37659804310748,7.295803253297525e-70,low,0.20130445063114166
pythia-1.4b,draw_1,11,5375,5,88.6949603265172,1.6124878931843685e-65,very_high,-1.6254312992095947
pythia-1.4b,draw_1,11,4164,6,82.29244868380296,2.774528738829965e-61,very_high,-0.5433286428451538
pythia-1.4b,draw_1,11,8075,7,73.54852107610468,2.2236611571973814e-55,low,-0.026110710576176643
pythia-1.4b,draw_1,11,6681,8,73.36088411655888,2.9874895609929365e-55,very_high,-1.545302152633667
pythia-1.4b,draw_1,11,4342,9,70.52108078204341,2.655880417614814e-53,low,-0.13575802743434906
pythia-1.4b,draw_1,11,1887,10,70.46337083737743,2.9105270519304064e-53,very_high,-0.8752368092536926
pythia-1.4b,draw_1,11,4793,11,70.18834559295759,4.503555391213316e-53,low,1.2967889308929443
pythia-1.4b,draw_1,11,768,12,67.5442328565463,3.0450026264304454e-51,very_high,-0.40301355719566345
pythia-1.4b,draw_1,11,7183,13,66.88252336464465,8.783436155339326e-51,very_high,-1.0032273530960083
pythia-1.4b,draw_1,11,2622,14,65.12631031243025,1.4751496270976822e-49,very_high,-0.7777799367904663
pythia-1.4b,draw_1,11,7867,15,64.30179995744876,5.573115702834151e-49,very_high,-1.679017424583435
pythia-1.4b,draw_1,11,3214,16,63.86923398447119,1.1206746643833265e-48,very_high,-0.4594654440879822
pythia-1.4b,draw_1,11,4863,17,63.624384340255396,1.6648218025491282e-48,very_high,-0.09077443182468414
pythia-1.4b,draw_1,11,6895,18,63.35669737144439,2.566979578637969e-48,very_high,-0.11694785207509995
pythia-1.4b,draw_1,11,1659,19,62.45604763720972,1.104527248907918e-47,low,0.30097833275794983
pythia-1.4b,draw_1,11,4760,20,60.72482290651859,1.844438357078751e-46,low,-0.13262516260147095
pythia-1.4b,draw_1,11,2558,21,60.571009287836816,2.3701875890887167e-46,low,0.18503610789775848
pythia-1.4b,draw_1,11,4986,22,59.388019012925064,1.6370182654304547e-45,very_high,-0.6876819133758545
pythia-1.4b,draw_1,11,2018,23,57.952851498414084,1.721784825587845e-44,very_high,-1.5052506923675537
pythia-1.4b,draw_1,11,3336,24,57.21384320529044,5.805066382001802e-44,very_high,-1.3175058364868164
pythia-1.4b,draw_1,11,7288,25,56.32037184954258,2.5317846665088243e-43,low,0.7023764252662659
pythia-1.4b,draw_1,11,2049,26,55.352260485832126,1.2540061323310553e-42,low,0.7561929225921631
pythia-1.4b,draw_1,11,6766,27,55.20240084918784,1.6070624260535545e-42,low,-0.12169842422008514
pythia-1.4b,draw_1,11,1465,28,54.4409711835883,5.6770629981637366e-42,very_high,-1.3832350969314575
pythia-1.4b,draw_1,11,6970,29,54.36664034405433,6.422314112446889e-42,low,0.5872988700866699
pythia-1.4b,draw_1,11,962,30,54.275983486602456,7.465178964558948e-42,very_high,-0.04708365723490715
pythia-1.4b,draw_1,11,2491,31,53.91508979716735,1.3594120919240863e-41,very_high,0.28006353974342346
pythia-1.4b,draw_1,11,1425,32,53.908353742369876,1.3747139376884032e-41,low,-0.6648863554000854
pythia-1.4b,draw_1,11,4884,33,53.862690589078156,1.4830933670701797e-41,very_high,-2.017012357711792
pythia-1.4b,draw_1,11,4927,34,53.68539199702845,1.9914495264875042e-41,low,0.9202623963356018
pythia-1.4b,draw_1,11,2821,35,53.1299859550235,5.018342639539543e-41,very_high,-1.0978503227233887
pythia-1.4b,draw_1,11,5078,36,52.84254543341625,8.101037770785109e-41,very_high,-1.5302730798721313
pythia-1.4b,draw_1,11,6732,37,52.163060199487354,2.516873292460318e-40,low,0.2093096226453781
pythia-1.4b,draw_1,11,2358,38,52.11116500130381,2.7447380223084014e-40,low,-1.1166549921035767
pythia-1.4b,draw_1,11,315,39,52.00545576856029,3.274830421883064e-40,low,0.200069397687912
pythia-1.4b,draw_1,11,3245,40,51.82190864899629,4.450405437408333e-40,very_high,-1.2149736881256104
pythia-1.4b,draw_1,11,7196,41,51.6199465075571,6.2381405076663705e-40,very_high,-0.7964360117912292
pythia-1.4b,draw_1,11,1833,42,51.43646233977798,8.479408622656304e-40,very_high,-0.35987529158592224
pythia-1.4b,draw_1,11,2991,43,51.38798696313531,9.19595651798301e-40,very_high,-1.1836823225021362
pythia-1.4b,draw_1,11,4531,44,51.087123925464056,1.521839452950892e-39,very_high,-0.7879539132118225
pythia-1.4b,draw_1,11,1991,45,50.71104213620182,2.858236084925548e-39,very_high,-0.669421374797821
pythia-1.4b,draw_1,11,1569,46,49.75960910857548,1.4122024656838774e-38,low,0.1363438218832016
pythia-1.4b,draw_1,11,6576,47,49.54852732056461,2.0140696558212156e-38,low,0.7667274475097656
pythia-1.4b,draw_1,11,7938,48,49.3259824621818,2.929035927765217e-38,control,-0.8919380903244019
pythia-1.4b,draw_1,11,5132,49,49.254089258173686,3.305908546489287e-38,low,0.024726232513785362
pythia-1.4b,draw_1,12,2389,0,258.03218696165413,3.8595893913423285e-157,low,0.26751908659935
pythia-1.4b,draw_1,12,6318,1,208.30071922092887,1.3291664426361925e-133,very_high,-0.650121808052063
pythia-1.4b,draw_1,12,5999,2,153.06722343709413,1.722758551463492e-104,low,0.19524691998958588
pythia-1.4b,draw_1,12,8141,3,114.36550434965176,8.286149178794472e-82,very_high,-0.07123374938964844
pythia-1.4b,draw_1,12,4113,4,107.95290014522759,7.721069284488853e-78,low,1.6338109970092773
pythia-1.4b,draw_1,12,2214,5,105.57157899817103,2.3885974046111802e-76,low,-0.1508406102657318
pythia-1.4b,draw_1,12,293,6,104.7188226432904,8.2050860524764e-76,low,-0.3211861550807953
pythia-1.4b,draw_1,12,8186,7,100.4220757346391,4.289225934161932e-73,very_high,-0.7340766787528992
pythia-1.4b,draw_1,12,2270,8,98.38213291493226,8.580171380545001e-72,very_high,1.2428803443908691
pythia-1.4b,draw_1,12,789,9,97.6675621647521,2.4597515334970697e-71,low,-0.38087552785873413
pythia-1.4b,draw_1,12,6190,10,94.41102074964024,3.0633392919014664e-69,very_high,-2.3717870712280273
pythia-1.4b,draw_1,12,441,11,94.02038510401398,5.479407758458487e-69,low,2.512655258178711
pythia-1.4b,draw_1,12,4934,12,93.61660323025121,1.0000977911669491e-68,very_high,-0.6763246059417725
pythia-1.4b,draw_1,12,4501,13,92.3368089766702,6.762323206573607e-68,very_high,0.6534510850906372
pythia-1.4b,draw_1,12,3484,14,88.45330215863937,2.323068078205237e-65,very_high,-0.6331820487976074
pythia-1.4b,draw_1,12,151,15,84.10942140505476,1.7130474232772716e-62,very_high,-0.9564485549926758
pythia-1.4b,draw_1,12,651,16,82.14649618053284,3.4721204166351385e-61,low,-0.3182986080646515
pythia-1.4b,draw_1,12,6639,17,80.7450918373039,3.004768483458474e-60,very_high,1.5540155172348022
pythia-1.4b,draw_1,12,6525,18,78.98241788380024,4.588529674676345e-59,very_high,-0.4375964403152466
pythia-1.4b,draw_1,12,6807,19,78.69875193744726,7.123923858223836e-59,very_high,-1.102351188659668
pythia-1.4b,draw_1,12,4489,20,76.56349938555209,1.9747519697111773e-57,low,0.39762812852859497
pythia-1.4b,draw_1,12,4953,21,75.78630110038439,6.648874792236998e-57,very_high,-0.6197654008865356
pythia-1.4b,draw_1,12,5305,22,75.75148224237,7.020930712618822e-57,low,-0.1236763671040535
pythia-1.4b,draw_1,12,5745,23,72.90738991035906,6.102569071812736e-55,low,0.02133256196975708
pythia-1.4b,draw_1,12,4456,24,71.87135756318771,3.130722599960887e-54,low,0.2711024284362793
pythia-1.4b,draw_1,12,6750,25,71.79919156109455,3.509012233982837e-54,very_high,-2.455627202987671
pythia-1.4b,draw_1,12,3838,26,71.27658471138808,8.02113201033846e-54,very_high,-0.7107776999473572
pythia-1.4b,draw_1,12,6111,27,70.29931325785368,3.7761096442484393e-53,low,-0.41423118114471436
pythia-1.4b,draw_1,12,8110,28,69.66625574057339,1.0323917918832725e-52,low,-0.7504045963287354
pythia-1.4b,draw_1,12,7068,29,66.73840920203946,1.106564702049278e-50,low,-0.7930730581283569
pythia-1.4b,draw_1,12,4291,30,64.26635272069144,5.901268054319072e-49,low,-0.8449012041091919
pythia-1.4b,draw_1,12,6039,31,63.43764501762364,2.2518554315436705e-48,very_high,-0.8554573655128479
pythia-1.4b,draw_1,12,5688,32,62.59581907271025,8.804809104059737e-48,low,0.051159556955099106
pythia-1.4b,draw_1,12,7801,33,61.543056389646985,4.866805789786381e-47,very_high,-1.5257999897003174
pythia-1.4b,draw_1,12,5674,34,61.34778758309059,6.686664182527556e-47,very_high,-0.8122345209121704
pythia-1.4b,draw_1,12,3285,35,61.25727289725501,7.747961569102189e-47,low,0.23944205045700073
pythia-1.4b,draw_1,12,7855,36,61.07896064757307,1.0357864873979915e-46,low,-0.4189964532852173
pythia-1.4b,draw_1,12,1482,37,60.975073597245725,1.2267518952866987e-46,low,-0.4623622000217438
pythia-1.4b,draw_1,12,206,38,59.50636422656449,1.3488643715778075e-45,low,-0.4065888822078705
pythia-1.4b,draw_1,12,5503,39,58.953018783941836,3.3370664005418315e-45,low,-0.3229982554912567
pythia-1.4b,draw_1,12,5728,40,58.02041470240601,1.5409102106395443e-44,very_high,-0.07938961684703827
pythia-1.4b,draw_1,12,7657,41,57.214677302973776,5.797100462507366e-44,low,0.4608154892921448
pythia-1.4b,draw_1,12,7903,42,56.95398321623114,8.905744384472492e-44,very_high,-0.9781805872917175
pythia-1.4b,draw_1,12,1643,43,56.160670216624425,3.2955193469275544e-43,very_high,-1.344014048576355
pythia-1.4b,draw_1,12,103,44,54.663905299304986,3.9221997834898416e-42,very_high,-1.0335053205490112
pythia-1.4b,draw_1,12,614,45,53.39523767529006,3.2268943543326505e-41,low,-0.4834619462490082
pythia-1.4b,draw_1,12,2004,46,53.270052465308915,3.974431938146752e-41,low,-0.1075349748134613
pythia-1.4b,draw_1,12,4743,47,52.9059217365573,7.289027690468242e-41,very_high,-0.6754812002182007
pythia-1.4b,draw_1,12,36,48,52.668628638175484,1.082584782282058e-40,very_high,-0.8089432716369629
pythia-1.4b,draw_1,12,8104,49,52.650833671906334,1.1151917013289082e-40,very_high,-0.4315992593765259
pythia-1.4b,draw_1,13,4243,0,171.19149374432342,1.9757871470428336e-114,very_high,-1.805139422416687
pythia-1.4b,draw_1,13,1867,1,161.70452600775707,2.8090114114898748e-109,very_high,0.9290500283241272
pythia-1.4b,draw_1,13,4312,2,123.54642504852417,2.212002545750425e-87,very_high,-1.3823819160461426
pythia-1.4b,draw_1,13,5510,3,114.81237556976028,4.406746757659836e-82,low,0.03535308688879013
pythia-1.4b,draw_1,13,5541,4,110.29393968677903,2.6987878698158172e-79,low,-0.6701142191886902
pythia-1.4b,draw_1,13,3573,5,102.01547890968435,4.1766420442778396e-74,very_high,-0.09885332733392715
pythia-1.4b,draw_1,13,3776,6,98.97611807827897,3.580399405732269e-72,low,-0.9227207899093628
pythia-1.4b,draw_1,13,7743,7,95.43977317785783,6.642914224754499e-70,very_high,-0.04553886502981186
pythia-1.4b,draw_1,13,5948,8,82.05268786892077,4.0107038593837e-61,low,-0.04322459176182747
pythia-1.4b,draw_1,13,1859,9,78.93027836564261,4.974826086315754e-59,very_high,-1.015879511833191
pythia-1.4b,draw_1,13,4146,10,78.43641696437838,1.0703590409150372e-58,low,-0.08361214399337769
pythia-1.4b,draw_1,13,1168,11,78.24998544549175,1.4297437284558528e-58,very_high,-0.07626418024301529
pythia-1.4b,draw_1,13,1199,12,75.48300713320626,1.0685616011004226e-56,low,-0.33784452080726624
pythia-1.4b,draw_1,13,7255,13,75.39574165787828,1.2249473335597548e-56,very_high,0.06047065556049347
pythia-1.4b,draw_1,13,6569,14,73.34017689260291,3.0864730388683617e-55,low,0.05988970771431923
pythia-1.4b,draw_1,13,2817,15,72.88848022968537,6.2871811773417154e-55,very_high,-0.707423210144043
pythia-1.4b,draw_1,13,4668,16,71.91063051512202,2.9423121050029715e-54,very_high,-1.044613003730774
pythia-1.4b,draw_1,13,309,17,70.72344875435593,1.9267416412845627e-53,very_high,-0.7081223130226135
pythia-1.4b,draw_1,13,5748,18,70.61819869097499,2.2767057427367467e-53,low,0.5937718152999878
pythia-1.4b,draw_1,13,6576,19,69.78460048298753,8.553237968075163e-53,low,-0.9480636715888977
pythia-1.4b,draw_1,13,7862,20,69.33846653367709,1.7390570220260666e-52,very_high,-0.9881784319877625
pythia-1.4b,draw_1,13,2294,21,68.47101672528571,6.928253514669838e-52,very_high,-1.025885820388794
pythia-1.4b,draw_1,13,5764,22,68.14261401527143,1.1702194440410835e-51,very_high,-0.8795419931411743
pythia-1.4b,draw_1,13,4301,23,67.46133608823067,3.4767892695964e-51,control,0.004202055279165506
pythia-1.4b,draw_1,13,95,24,65.65221687595525,6.328860320093958e-50,very_high,0.38154512643814087
pythia-1.4b,draw_1,13,5422,25,65.27772569963061,1.1560320968016996e-49,very_high,-0.955345094203949
pythia-1.4b,draw_1,13,2798,26,64.48008888164067,4.179851890331346e-49,low,-0.4836416244506836
pythia-1.4b,draw_1,13,8167,27,64.30145110866864,5.5762543934737784e-49,very_high,-0.46271324157714844
pythia-1.4b,draw_1,13,1850,28,64.25577508917621,6.00288978779929e-49,very_high,-1.0456706285476685
pythia-1.4b,draw_1,13,238,29,64.25046126216915,6.0546005955386094e-49,very_high,0.3244667649269104
pythia-1.4b,draw_1,13,790,30,62.344231458660204,1.3242458550649733e-47,very_high,-1.7529947757720947
pythia-1.4b,draw_1,13,56,31,62.18720449108288,1.7086791690342657e-47,control,-1.0336596965789795
pythia-1.4b,draw_1,13,3268,32,62.097850043020514,1.9754689384216954e-47,very_high,-0.6910213232040405
pythia-1.4b,draw_1,13,5909,33,62.07866717269679,2.0379773678420233e-47,very_high,-0.8098548054695129
pythia-1.4b,draw_1,13,4957,34,62.05162802893687,2.1294652323138932e-47,low,0.3904910683631897
pythia-1.4b,draw_1,13,6287,35,61.896426438828755,2.740090621764417e-47,very_high,-1.3021280765533447
pythia-1.4b,draw_1,13,7607,36,61.14392978194685,9.318026438724732e-47,very_high,-1.306780457496643
pythia-1.4b,draw_1,13,6813,37,60.2065326561213,4.295992836549221e-46,low,0.024686189368367195
pythia-1.4b,draw_1,13,7966,38,59.645095943571114,1.0750627288581905e-45,low,-0.1867266446352005
pythia-1.4b,draw_1,13,3994,39,59.095895009166156,2.6407640698471604e-45,low,-0.1630336195230484
pythia-1.4b,draw_1,13,7884,40,58.69251303477441,5.114239236887341e-45,very_high,-1.0897868871688843
pythia-1.4b,draw_1,13,6973,41,58.55477138797058,6.410237922184016e-45,low,0.7289408445358276
pythia-1.4b,draw_1,13,2785,42,58.39993982935795,8.263864997274764e-45,very_high,0.15604306757450104
pythia-1.4b,draw_1,13,3487,43,58.15756750390592,1.230146150038279e-44,very_high,-1.0844172239303589
pythia-1.4b,draw_1,13,7994,44,58.02986150242389,1.5171846576393654e-44,high,-1.5688368082046509
pythia-1.4b,draw_1,13,60,45,57.782274235991686,2.2788428525677807e-44,very_high,-0.9126516580581665
pythia-1.4b,draw_1,13,3049,46,57.62115940677089,2.969959217414364e-44,very_high,-0.6293284893035889
pythia-1.4b,draw_1,13,2737,47,57.588086302500336,3.135964635945195e-44,very_high,-1.501389741897583
pythia-1.4b,draw_1,13,7746,48,57.582285803115234,3.1660230697193976e-44,low,-1.2678279876708984
pythia-1.4b,draw_1,13,557,49,57.39622790247429,4.299708100022164e-44,low,-0.7611315846443176
pythia-1.4b,draw_1,14,942,0,221.1162993750458,6.879322294474288e-140,low,-0.5817550420761108
pythia-1.4b,draw_1,14,5000,1,108.88685048374293,2.0210356449125593e-78,control,-0.9211952090263367
pythia-1.4b,draw_1,14,5799,2,103.62915818183876,3.986727111248633e-75,very_high,-0.9546880722045898
pythia-1.4b,draw_1,14,5576,3,102.17324031532112,3.3181794644018018e-74,very_high,-0.776435136795044
pythia-1.4b,draw_1,14,6757,4,101.3089995859076,1.1716951334818662e-73,very_high,-1.423949122428894
pythia-1.4b,draw_1,14,7337,5,96.34603943659619,1.7339434614880153e-70,very_high,0.1987876445055008
pythia-1.4b,draw_1,14,3833,6,92.91048078502821,2.8686472396924067e-68,very_high,-0.6985973715782166
pythia-1.4b,draw_1,14,5329,7,92.55936312678003,4.847866329338197e-68,low,-1.0583100318908691
pythia-1.4b,draw_1,14,4041,8,91.29543842206019,3.217910864436249e-67,low,0.9701036810874939
pythia-1.4b,draw_1,14,5317,9,90.85892389688732,6.195944032239514e-67,very_high,-0.10303299129009247
pythia-1.4b,draw_1,14,1035,10,87.81037934291949,6.143483424835559e-65,very_high,-0.52748703956604
pythia-1.4b,draw_1,14,7712,11,87.7353365913972,6.882705736206067e-65,low,0.5042223334312439
pythia-1.4b,draw_1,14,2698,12,85.52167647320316,1.98515300077385e-63,very_high,-1.0227892398834229
pythia-1.4b,draw_1,14,2608,13,83.73162274916106,3.05320688130446e-62,very_high,-0.34533846378326416
pythia-1.4b,draw_1,14,353,14,83.62477830408969,3.5956993369318064e-62,low,-0.44938138127326965
pythia-1.4b,draw_1,14,954,15,78.24785198399863,1.4344894755482245e-58,low,-0.7726342678070068
pythia-1.4b,draw_1,14,5910,16,78.11921157254777,1.751820194141543e-58,low,1.6956136226654053
pythia-1.4b,draw_1,14,4995,17,75.28910823185053,1.447503449681801e-56,very_high,-0.42302489280700684
pythia-1.4b,draw_1,14,7384,18,75.21442109407299,1.6270969718764784e-56,control,-0.8949890732765198
pythia-1.4b,draw_1,14,495,19,73.21645668998639,3.7502319178813265e-55,low,-0.37967371940612793
pythia-1.4b,draw_1,14,3703,20,72.56367073428409,1.0492666975415025e-54,very_high,-0.280155748128891
pythia-1.4b,draw_1,14,5234,21,72.18128977132271,1.9186459886792284e-54,control,-1.9411667585372925
pythia-1.4b,draw_1,14,2143,22,72.08385501437898,2.2378294791281704e-54,very_high,-0.09367118775844574
pythia-1.4b,draw_1,14,1125,23,71.55111894122098,5.1946455959226835e-54,very_high,-1.0863637924194336
pythia-1.4b,draw_1,14,7046,24,71.147355230918,9.84239506050487e-54,control,-0.7452329993247986
pythia-1.4b,draw_1,14,6429,25,70.88915948264052,1.4816467290362237e-53,low,-0.44321274757385254
pythia-1.4b,draw_1,14,3631,26,69.7934622193694,8.433596683285561e-53,very_high,-1.0859256982803345
pythia-1.4b,draw_1,14,6623,27,69.24753369709381,2.009905041379287e-52,low,-0.3249722421169281
pythia-1.4b,draw_1,14,5041,28,69.17543039786915,2.25440347221622e-52,low,1.7058987617492676
pythia-1.4b,draw_1,14,4664,29,68.36494930954636,8.205884902678318e-52,very_high,-0.8724721670150757
pythia-1.4b,draw_1,14,5038,30,67.94339140755822,1.608666582908302e-51,control,-0.9569811820983887
pythia-1.4b,draw_1,14,1239,31,66.91134442301977,8.387026581722605e-51,medium,2.139500379562378
pythia-1.4b,draw_1,14,7386,32,66.58788009291052,1.4086308176263172e-50,very_high,-0.4824293255805969
pythia-1.4b,draw_1,14,6321,33,66.2080846660208,2.5909611231141066e-50,low,-0.5545803308486938
pythia-1.4b,draw_1,14,2484,34,66.1108237815398,3.028885490026956e-50,very_high,1.3541544675827026
pythia-1.4b,draw_1,14,5456,35,66.09580675936817,3.102816957110645e-50,low,0.22829963266849518
pythia-1.4b,draw_1,14,4827,36,65.6724838066555,6.125950074020631e-50,very_high,-0.1473090648651123
pythia-1.4b,draw_1,14,2451,37,65.08183654687333,1.5846727307020104e-49,low,-0.2651488780975342
pythia-1.4b,draw_1,14,6609,38,63.84822655141951,1.1593711623242179e-48,very_high,-0.5569255352020264
pythia-1.4b,draw_1,14,3448,39,63.77658931336274,1.3016785162787588e-48,very_high,-0.5364816188812256
pythia-1.4b,draw_1,14,3965,40,63.17810696578493,3.42738836649963e-48,low,0.3361853063106537
pythia-1.4b,draw_1,14,772,41,62.28371259191195,1.4609118262403103e-47,very_high,-0.6938380002975464
pythia-1.4b,draw_1,14,4958,42,61.95179831415245,2.504348372284651e-47,very_high,-0.28868764638900757
pythia-1.4b,draw_1,14,6989,43,61.66642157087597,3.9821741066685476e-47,very_high,-0.7837218046188354
pythia-1.4b,draw_1,14,1359,44,61.12153082339573,9.664148244133982e-47,very_high,-0.31075620651245117
pythia-1.4b,draw_1,14,1090,45,61.066829879091905,1.056452732310153e-46,control,-1.3342138528823853
pythia-1.4b,draw_1,14,7539,46,60.76953528061584,1.7147910128260508e-46,low,0.4501587152481079
pythia-1.4b,draw_1,14,3389,47,60.514908932082946,2.5972886153499165e-46,very_high,-0.4568057656288147
pythia-1.4b,draw_1,14,7218,48,60.42249806935965,3.019889814008239e-46,low,-0.006665813736617565
pythia-1.4b,draw_1,14,3109,49,60.363236170093494,3.326485672806169e-46,very_high,-0.8258707523345947
pythia-1.4b,draw_1,15,6584,0,160.95284741982218,7.269537889497429e-109,very_high,0.6551798582077026
pythia-1.4b,draw_1,15,4587,1,132.06545331203137,1.9224118753667693e-92,low,3.749610185623169
pythia-1.4b,draw_1,15,7443,2,125.64676756364025,1.2226283733710728e-88,very_high,-0.3877192437648773
pythia-1.4b,draw_1,15,5973,3,125.43247919529344,1.6417075298274386e-88,very_high,-1.243707299232483
pythia-1.4b,draw_1,15,6613,4,122.75984477727592,6.567202854233241e-87,low,2.7423253059387207
pythia-1.4b,draw_1,15,7336,5,102.17715694981732,3.2992829116047768e-74,very_high,-0.7667781114578247
pythia-1.4b,draw_1,15,8095,6,98.91389331335529,3.923435949780508e-72,very_high,-0.08875669538974762
pythia-1.4b,draw_1,15,4897,7,89.97228403478164,2.3499341900090036e-66,very_high,0.5322160124778748
pythia-1.4b,draw_1,15,7012,8,88.95377709246588,1.0908996716276752e-65,very_high,-0.8377971649169922
pythia-1.4b,draw_1,15,8066,9,87.93971780843859,5.051158421744761e-65,very_high,-0.8827289342880249
pythia-1.4b,draw_1,15,5220,10,87.6146177267411,8.263399772001716e-65,very_high,-1.219068169593811
pythia-1.4b,draw_1,15,3731,11,87.09286481353472,1.8223029934995823e-64,low,0.8830462694168091
pythia-1.4b,draw_1,15,6091,12,84.7745058643697,6.202160879596059e-63,very_high,-0.4874081611633301
pythia-1.4b,draw_1,15,2575,13,84.59186504706685,8.196555063686926e-63,low,-0.5301486253738403
pythia-1.4b,draw_1,15,2392,14,82.91135023676556,1.072930779775673e-61,very_high,-1.0211923122406006
pythia-1.4b,draw_1,15,694,15,82.6720514073052,1.5489212353307254e-61,very_high,-0.053462397307157516
pythia-1.4b,draw_1,15,3383,16,82.33799716808049,2.587015153697384e-61,very_high,-1.0798434019088745
pythia-1.4b,draw_1,15,634,17,82.26989395809206,2.87236263903408e-61,very_high,-0.827599823474884
pythia-1.4b,draw_1,15,3431,18,82.19490533890145,3.223170773321336e-61,very_high,-0.4665418863296509
pythia-1.4b,draw_1,15,5926,19,81.24059218936408,1.3996885220431984e-60,very_high,-0.6618899703025818
pythia-1.4b,draw_1,15,658,20,80.73355367430754,3.058736575424173e-60,very_high,0.7703533172607422
pythia-1.4b,draw_1,15,3884,21,79.82674343535751,1.2413574608063762e-59,low,0.21867626905441284
pythia-1.4b,draw_1,15,5840,22,79.4539386984127,2.2102124302096424e-59,control,-0.3472364544868469
pythia-1.4b,draw_1,15,551,23,79.3611210562655,2.551818694585764e-59,very_high,0.15705032646656036
pythia-1.4b,draw_1,15,6402,24,79.18074057264622,3.3743692235748272e-59,very_high,0.12677428126335144
pythia-1.4b,draw_1,15,7510,25,79.17730668627938,3.3923696325949265e-59,very_high,0.4292730987071991
pythia-1.4b,draw_1,15,346,26,78.99041960686046,4.531965592318701e-59,very_high,-0.05428415909409523
pythia-1.4b,draw_1,15,3019,27,78.82336417199552,5.871868310610244e-59,very_high,-0.6105101704597473
pythia-1.4b,draw_1,15,705,28,78.44564113960064,1.055140714310598e-58,very_high,0.2897700369358063
pythia-1.4b,draw_1,15,7503,29,78.12709751821316,1.7304860527715208e-58,very_high,-1.9298924207687378
pythia-1.4b,draw_1,15,3732,30,77.15820408547182,7.813201991508124e-58,very_high,-0.6658511161804199
pythia-1.4b,draw_1,15,4016,31,74.88378257492718,2.7314993567242574e-56,control,-0.3222823143005371
pythia-1.4b,draw_1,15,7039,32,74.73161486587126,3.4674803784709255e-56,low,-0.4222351014614105
pythia-1.4b,draw_1,15,8024,33,74.72706196607157,3.4923262010902467e-56,very_high,-0.9430832862854004
pythia-1.4b,draw_1,15,2839,34,74.36408340992953,6.172320281368965e-56,very_high,-0.43680182099342346
pythia-1.4b,draw_1,15,5030,35,73.08758127061871,4.5941927228896254e-55,very_high,-0.23875364661216736
pythia-1.4b,draw_1,15,942,36,73.06894619374073,4.731057434998227e-55,very_high,-0.9584598541259766
pythia-1.4b,draw_1,15,2382,37,69.85633777146306,7.631515468380862e-53,low,-0.48296797275543213
pythia-1.4b,draw_1,15,3387,38,69.64143979831462,1.0739466129017354e-52,very_high,-0.7466000914573669
pythia-1.4b,draw_1,15,1497,39,69.27019357267346,1.938694283873209e-52,very_high,-0.7080509662628174
pythia-1.4b,draw_1,15,6738,40,69.24401974093135,2.0211802604575223e-52,control,-0.6763021945953369
pythia-1.4b,draw_1,15,5819,41,68.86990083982754,3.6677641221477565e-52,very_high,-0.5368236303329468
pythia-1.4b,draw_1,15,7743,42,68.38735040378891,7.917723215495198e-52,very_high,-0.7784972190856934
pythia-1.4b,draw_1,15,3890,43,68.37996906322206,8.011537254985154e-52,very_high,-0.1618449091911316
pythia-1.4b,draw_1,15,7388,44,67.77206031959848,2.1153276194507535e-51,control,-1.0227359533309937
pythia-1.4b,draw_1,15,7410,45,67.62548322564831,2.6739519539309366e-51,very_high,-0.5892012715339661
pythia-1.4b,draw_1,15,760,46,67.3344392737768,4.259540359314092e-51,low,0.8277989625930786
pythia-1.4b,draw_1,15,7451,47,66.07426418392029,3.2120428327604052e-50,control,1.1896708011627197
pythia-1.4b,draw_1,15,4164,48,65.8046626851526,4.953300772322821e-50,very_high,-1.4963959455490112
pythia-1.4b,draw_1,15,979,49,65.32354145993808,1.0738542498276296e-49,very_high,-1.194144368171692
pythia-1.4b,draw_1,16,3660,0,207.51891456400747,3.253469493008786e-133,low,-0.003374420804902911
pythia-1.4b,draw_1,16,7855,1,156.9814802041959,1.1348195363884555e-106,very_high,0.6303660869598389
pythia-1.4b,draw_1,16,3231,2,154.94211058550758,1.5451793754328539e-105,very_high,-1.0548979043960571
pythia-1.4b,draw_1,16,7924,3,145.95997249376063,1.7671985612204954e-100,very_high,-0.17849813401699066
pythia-1.4b,draw_1,16,7529,4,144.93831825575745,6.750090846403907e-100,very_high,-0.3430333733558655
pythia-1.4b,draw_1,16,2597,5,144.57660044326806,1.0856955590494267e-99,low,-2.044872283935547
pythia-1.4b,draw_1,16,4548,6,132.94195548221867,5.875100152079701e-93,very_high,-0.9701924920082092
pythia-1.4b,draw_1,16,654,7,129.94937581363018,3.3981355955123883e-91,very_high,-0.8306488990783691
pythia-1.4b,draw_1,16,7288,8,126.71803948640094,2.8079462366471425e-89,very_high,-0.5835270285606384
pythia-1.4b,draw_1,16,6171,9,120.90117472254306,8.664402985284259e-86,low,-0.45582425594329834
pythia-1.4b,draw_1,16,114,10,117.34757700826039,1.2419054635842955e-83,very_high,-1.0515142679214478
pythia-1.4b,draw_1,16,6186,11,116.84675254523857,2.5091124926242893e-83,very_high,0.034133996814489365
pythia-1.4b,draw_1,16,4061,12,107.74228555851315,1.0450515172096753e-77,very_high,-1.383139729499817
pythia-1.4b,draw_1,16,822,13,106.196466880292,9.686181214620871e-77,low,0.7027829885482788
pythia-1.4b,draw_1,16,1211,14,103.29615481126365,6.468513651709636e-75,very_high,-0.9181995391845703
pythia-1.4b,draw_1,16,378,15,94.9430039996086,1.3889692687781397e-69,very_high,-0.6879011988639832
pythia-1.4b,draw_1,16,6050,16,93.05470223283454,2.312805000251653e-68,very_high,-0.6146709322929382
pythia-1.4b,draw_1,16,2154,17,92.88666762286233,2.972522314622899e-68,low,-0.4427631199359894
pythia-1.4b,draw_1,16,1143,18,91.94862947329568,1.2089673605314364e-67,very_high,-1.0764724016189575
pythia-1.4b,draw_1,16,3922,19,91.28089665143362,3.2888760897528895e-67,very_high,-1.2503949403762817
pythia-1.4b,draw_1,16,3780,20,91.11202509139076,4.237293494261085e-67,low,0.08379743993282318
pythia-1.4b,draw_1,16,4277,21,89.7786642883615,3.145312190483621e-66,very_high,-0.8622980117797852
pythia-1.4b,draw_1,16,1309,22,89.61035617209821,4.052967977830331e-66,very_high,-0.9733715653419495
pythia-1.4b,draw_1,16,5234,23,86.72361292028717,3.1914011712985525e-64,very_high,-0.8936718702316284
pythia-1.4b,draw_1,16,1959,24,85.80913704048972,1.28147683529006e-63,very_high,-0.6805670261383057
pythia-1.4b,draw_1,16,641,25,85.46636543946748,2.1596586588773073e-63,very_high,0.5524771213531494
pythia-1.4b,draw_1,16,332,26,84.89525809271007,5.158440449752174e-63,very_high,-0.909795880317688
pythia-1.4b,draw_1,16,5758,27,84.80725972987845,5.899754195549137e-63,very_high,2.300872564315796
pythia-1.4b,draw_1,16,375,28,83.83792780994796,2.5948235607413447e-62,very_high,-0.17785905301570892
pythia-1.4b,draw_1,16,1107,29,83.7578295841776,2.9331736907552655e-62,very_high,0.5780437588691711
pythia-1.4b,draw_1,16,7804,30,81.91138961646541,4.9840249159724175e-61,low,-0.038181010633707047
pythia-1.4b,draw_1,16,2081,31,81.44128543295456,1.0274865917176454e-60,low,0.5501031875610352
pythia-1.4b,draw_1,16,4658,32,81.0865038746851,1.7748398793792144e-60,very_high,0.2905248701572418
pythia-1.4b,draw_1,16,7912,33,81.07438075727397,1.8083176430035743e-60,control,-0.4981374740600586
pythia-1.4b,draw_1,16,7514,34,79.76175451617141,1.3726297530124234e-59,very_high,-0.47848430275917053
pythia-1.4b,draw_1,16,5556,35,79.70060984588584,1.5088100507267402e-59,low,-0.6158224940299988
pythia-1.4b,draw_1,16,1538,36,79.11349274539596,3.74494701999214e-59,very_high,-0.7250732183456421
pythia-1.4b,draw_1,16,2673,37,78.87554751561464,5.41542163719056e-59,low,0.07318185269832611
pythia-1.4b,draw_1,16,3550,38,78.5677454468037,8.729716949516382e-59,very_high,-0.626129150390625
pythia-1.4b,draw_1,16,4081,39,77.57041738342927,4.11239450506836e-58,very_high,-0.854663074016571
pythia-1.4b,draw_1,16,1918,40,77.47851403067872,4.74473352820848e-58,very_high,-0.9660560488700867
pythia-1.4b,draw_1,16,1130,41,76.90416622116831,1.1608130320290246e-57,low,-1.1849091053009033
pythia-1.4b,draw_1,16,1121,42,76.66393668988515,1.6883374147490824e-57,very_high,-0.9868943691253662
pythia-1.4b,draw_1,16,5284,43,76.49738740592011,2.1893651521451822e-57,very_high,-0.9263203740119934
pythia-1.4b,draw_1,16,5407,44,76.32358863124962,2.871733735136798e-57,low,0.058912456035614014
pythia-1.4b,draw_1,16,8078,45,76.2564746661128,3.1890303085425484e-57,low,-1.4761344194412231
pythia-1.4b,draw_1,16,115,46,74.74800154173563,3.3795124454948776e-56,very_high,-0.9751855731010437
pythia-1.4b,draw_1,16,1435,47,74.62968650479294,4.068575641320137e-56,very_high,-1.0074293613433838
pythia-1.4b,draw_1,16,4975,48,73.35572839255445,3.011833308303569e-55,very_high,-0.7494402527809143
pythia-1.4b,draw_1,16,5727,49,72.95392322118722,5.6710634151348146e-55,very_high,-1.2590668201446533
pythia-1.4b,draw_1,17,2642,0,147.76893899832393,1.6600480867127843e-101,low,0.10375568270683289
pythia-1.4b,draw_1,17,1409,1,135.81340025786858,1.2301221792657297e-94,very_high,-1.1153587102890015
pythia-1.4b,draw_1,17,811,2,135.5834482195171,1.6749003876787626e-94,low,-0.7949444055557251
pythia-1.4b,draw_1,17,6771,3,133.6333619147143,2.310283413968416e-93,very_high,-0.10264136642217636
pythia-1.4b,draw_1,17,7196,4,129.32548634091538,7.94745652846175e-91,very_high,-0.15683861076831818
pythia-1.4b,draw_1,17,2603,5,129.1758944299887,9.745048426102202e-91,very_high,-0.4787287712097168
pythia-1.4b,draw_1,17,4950,6,123.42770087928514,2.606510322507184e-87,low,-0.10893293470144272
pythia-1.4b,draw_1,17,3358,7,121.84373462859638,2.338562623631121e-86,very_high,-0.563765823841095
pythia-1.4b,draw_1,17,3741,8,115.36342159240043,2.0247641657816192e-82,very_high,-0.5451053380966187
pythia-1.4b,draw_1,17,2183,9,113.14030534968735,4.696802177122491e-81,very_high,-0.8444502949714661
pythia-1.4b,draw_1,17,3664,10,109.14888030751108,1.3883711746671386e-78,very_high,-1.0175461769104004
pythia-1.4b,draw_1,17,5027,11,108.62429915958407,2.9449325021135753e-78,very_high,-0.8613594174385071
pythia-1.4b,draw_1,17,5801,12,106.88719668296376,3.577540806456307e-77,very_high,-0.8873208165168762
pythia-1.4b,draw_1,17,1159,13,106.00965863881048,1.2684445713013521e-76,very_high,-0.5548872947692871
pythia-1.4b,draw_1,17,2906,14,104.19007718351791,1.7659385383505967e-75,low,-0.5132978558540344
pythia-1.4b,draw_1,17,2932,15,103.90746198295584,2.661286935203153e-75,very_high,-0.47579285502433777
pythia-1.4b,draw_1,17,1573,16,101.65320445972789,7.086769754491162e-74,low,0.5463740825653076
pythia-1.4b,draw_1,17,403,17,101.535483897956,8.416071602877723e-74,very_high,-0.5835880637168884
pythia-1.4b,draw_1,17,6450,18,100.94478148092517,1.9956678644910177e-73,very_high,-0.25990819931030273
pythia-1.4b,draw_1,17,6617,19,99.45564043601438,1.7698467603752508e-72,low,-0.40068161487579346
pythia-1.4b,draw_1,17,7861,20,98.91433835368106,3.9208691902227054e-72,very_high,0.32783353328704834
pythia-1.4b,draw_1,17,3101,21,94.68632057095127,2.0341076148760232e-69,very_high,0.1578875333070755
pythia-1.4b,draw_1,17,6568,22,93.95717198088175,6.020380986431459e-69,very_high,-1.2053450345993042
pythia-1.4b,draw_1,17,2449,23,91.11578723218754,4.213437010293349e-67,very_high,-0.4714980721473694
pythia-1.4b,draw_1,17,6561,24,88.34287733766817,2.7450588965941058e-65,low,0.20892225205898285
pythia-1.4b,draw_1,17,6167,25,88.09025292163169,4.022257873103944e-65,low,1.6499714851379395
pythia-1.4b,draw_1,17,2693,26,87.86362726871248,5.6677067583830394e-65,very_high,-0.9385362863540649
pythia-1.4b,draw_1,17,7310,27,86.81427920960333,2.781021371554432e-64,low,-0.317483514547348
pythia-1.4b,draw_1,17,1067,28,85.82375819656302,1.253275120207019e-63,very_high,-0.9751248955726624
pythia-1.4b,draw_1,17,6481,29,85.20014533614179,3.2402548070852696e-63,very_high,-0.30393949151039124
pythia-1.4b,draw_1,17,2838,30,84.28029067913899,1.3192812234124962e-62,very_high,-0.9359107613563538
pythia-1.4b,draw_1,17,5453,31,83.9070289199231,2.334507550413988e-62,very_high,-1.0399450063705444
pythia-1.4b,draw_1,17,1918,32,83.85472071180375,2.529003419265319e-62,very_high,-1.1010701656341553
pythia-1.4b,draw_1,17,6320,33,83.78388462043496,2.818522037189833e-62,very_high,-0.5167995095252991
pythia-1.4b,draw_1,17,3141,34,83.58711387791557,3.809135769309577e-62,low,-0.7015539407730103
pythia-1.4b,draw_1,17,917,35,83.12805466810372,7.6958793901912935e-62,low,-1.349021315574646
pythia-1.4b,draw_1,17,7622,36,83.00772366408758,9.255115560345686e-62,low,-1.0500433444976807
pythia-1.4b,draw_1,17,7903,37,81.93049926625278,4.83967945566785e-61,very_high,-0.28647518157958984
pythia-1.4b,draw_1,17,5162,38,81.55887139073327,8.573336199405085e-61,very_high,-1.3288547992706299
pythia-1.4b,draw_1,17,1920,39,81.53406908312746,8.907018726137644e-61,very_high,-0.8258993625640869
pythia-1.4b,draw_1,17,3149,40,80.54233585499415,4.108669359872359e-60,low,-0.8204363584518433
pythia-1.4b,draw_1,17,5747,41,80.4888334603243,4.4624330506795206e-60,very_high,-0.3282601833343506
pythia-1.4b,draw_1,17,420,42,80.28234118765852,6.13850198373018e-60,very_high,-0.36116108298301697
pythia-1.4b,draw_1,17,259,43,79.40944049933667,2.367855260019167e-59,very_high,-1.1942646503448486
pythia-1.4b,draw_1,17,2554,44,79.28447620182023,2.873438662026728e-59,very_high,-0.9687491059303284
pythia-1.4b,draw_1,17,4172,45,78.73975913117609,6.68486017335337e-59,very_high,1.5748603343963623
pythia-1.4b,draw_1,17,5960,46,78.3569623758502,1.2108925085010703e-58,very_high,-1.444435954093933
pythia-1.4b,draw_1,17,6229,47,78.15056360192959,1.6685295252902186e-58,very_high,-1.391185998916626
pythia-1.4b,draw_1,17,5221,48,77.7665982053012,3.0307413478372627e-58,very_high,-1.3324888944625854
pythia-1.4b,draw_1,17,4552,49,77.72111277678336,3.2529243868924765e-58,very_high,-0.957007646560669
pythia-1.4b,draw_1,18,4232,0,199.48968130274116,3.477748004322235e-129,very_high,2.380657434463501
pythia-1.4b,draw_1,18,3445,1,143.24405114486504,6.274420969838719e-99,very_high,-0.46419739723205566
pythia-1.4b,draw_1,18,7680,2,135.81537252589075,1.2268710436847578e-94,low,-0.43172556161880493
pythia-1.4b,draw_1,18,5360,3,131.30318328144207,5.4008446783049e-92,low,-0.02897488884627819
pythia-1.4b,draw_1,18,676,4,124.69048055780259,4.5607048363725587e-88,very_high,-1.184605598449707
pythia-1.4b,draw_1,18,4620,5,119.3001582856529,8.070584226593212e-85,very_high,-0.4735190272331238
pythia-1.4b,draw_1,18,364,6,114.29894059878683,9.103902366556274e-82,very_high,-0.31911370158195496
pythia-1.4b,draw_1,18,2633,7,110.9979990754112,9.881205503307904e-80,low,0.1397007703781128
pythia-1.4b,draw_1,18,5146,8,106.28438264943894,8.532048467574789e-77,very_high,-0.4350435435771942
pythia-1.4b,draw_1,18,4291,9,102.83983660038801,1.2563738412005128e-74,low,0.049806006252765656
pythia-1.4b,draw_1,18,2606,10,102.02296210942727,4.131297021336784e-74,very_high,-0.37840351462364197
pythia-1.4b,draw_1,18,2547,11,101.83651088079304,5.422956910708764e-74,low,-0.8829140663146973
pythia-1.4b,draw_1,18,5312,12,100.95502489546834,1.96598801995846e-73,low,-0.46497485041618347
pythia-1.4b,draw_1,18,1415,13,98.25897180036814,1.0286572714908177e-71,very_high,-0.3048880398273468
pythia-1.4b,draw_1,18,3690,14,97.74295374214353,2.200864096830092e-71,very_high,-0.9453465342521667
pythia-1.4b,draw_1,18,2797,15,97.29301331714271,4.275414399250805e-71,very_high,-0.4285354018211365
pythia-1.4b,draw_1,18,4996,16,96.44550398235745,1.4965726825186968e-70,very_high,-0.954400360584259
pythia-1.4b,draw_1,18,2343,17,95.27356541272117,8.501370392680817e-70,low,0.3859434723854065
pythia-1.4b,draw_1,18,6685,18,93.54431800070066,1.1139130167454096e-68,very_high,-0.8608369827270508
pythia-1.4b,draw_1,18,4973,19,92.55269195873858,4.896460133613193e-68,very_high,-1.3912901878356934
pythia-1.4b,draw_1,18,2455,20,92.43623231413271,5.827894027142906e-68,very_high,-1.1127222776412964
pythia-1.4b,draw_1,18,5512,21,89.31684973084126,6.308211828135643e-66,very_high,-0.8716226816177368
pythia-1.4b,draw_1,18,6857,22,89.3066433937609,6.406047461205814e-66,very_high,-0.9250686764717102
pythia-1.4b,draw_1,18,1868,23,85.25160241041269,2.9958030402399423e-63,low,-0.24448923766613007
pythia-1.4b,draw_1,18,6561,24,84.7151137710391,6.790670804745184e-63,very_high,-0.5758811235427856
pythia-1.4b,draw_1,18,849,25,84.6897853285716,7.05836673124088e-63,low,-0.9202003479003906
pythia-1.4b,draw_1,18,1503,26,84.63697215872244,7.651040008003032e-63,very_high,-0.5683274269104004
pythia-1.4b,draw_1,18,7248,27,83.95909109236631,2.155804880793939e-62,low,-0.8589664697647095
pythia-1.4b,draw_1,18,14,28,83.71263643346626,3.1432310654266667e-62,very_high,-0.8109824061393738
pythia-1.4b,draw_1,18,2300,29,83.45100692662866,4.691860128228752e-62,very_high,-1.0409598350524902
pythia-1.4b,draw_1,18,7298,30,83.34270357994774,5.538553176319436e-62,very_high,-0.7014021873474121
pythia-1.4b,draw_1,18,3337,31,82.9712059801941,9.78819525120792e-62,low,-1.0198110342025757
pythia-1.4b,draw_1,18,7913,32,82.89083675522305,1.1072276515765997e-61,very_high,-0.7203130722045898
pythia-1.4b,draw_1,18,4297,33,82.79630761596728,1.280023616439595e-61,very_high,-0.13495153188705444
pythia-1.4b,draw_1,18,7153,34,82.75353193464257,1.3668567237993694e-61,low,-0.5569420456886292
pythia-1.4b,draw_1,18,4990,35,82.17440516550195,3.326334879238212e-61,very_high,-1.2908178567886353
pythia-1.4b,draw_1,18,406,36,82.11210513094728,3.660599243400912e-61,control,-0.32816705107688904
pythia-1.4b,draw_1,18,6982,37,81.99703870908023,4.36897013784761e-61,very_high,-0.41818663477897644
pythia-1.4b,draw_1,18,852,38,81.59830038345028,8.068455439729801e-61,very_high,-0.3114158511161804
pythia-1.4b,draw_1,18,5927,39,81.26583901813882,1.346289187283287e-60,low,0.005120052024722099
pythia-1.4b,draw_1,18,5405,40,80.7366690259637,3.044069994107878e-60,low,0.4317302703857422
pythia-1.4b,draw_1,18,4177,41,80.65957453004091,3.42860118195387e-60,low,-0.6763457655906677
pythia-1.4b,draw_1,18,8144,42,80.54710813817279,4.0785132903152417e-60,very_high,5.719706058502197
pythia-1.4b,draw_1,18,1912,43,80.284259136561,6.120342288349257e-60,low,-0.7708288431167603
pythia-1.4b,draw_1,18,6903,44,80.09381308282734,8.214332006208848e-60,very_high,-0.686863362789154
pythia-1.4b,draw_1,18,4501,45,79.089200702675,3.888611402125984e-59,very_high,-1.0352964401245117
pythia-1.4b,draw_1,18,3562,46,78.55331976742946,8.927360241213033e-59,very_high,-0.9740158319473267
pythia-1.4b,draw_1,18,2060,47,78.47049888397414,1.0152000456218714e-58,control,-0.9304737448692322
pythia-1.4b,draw_1,18,6858,48,78.40926568074062,1.1164422274950327e-58,very_high,0.1483229249715805
pythia-1.4b,draw_1,18,3931,49,77.907377717383,2.434878554698548e-58,very_high,-0.6825783848762512
pythia-1.4b,draw_1,19,3418,0,154.11420942272912,4.475716101933848e-105,low,0.8733053803443909
pythia-1.4b,draw_1,19,6001,1,146.8745263234341,5.338829661960805e-101,low,-0.9439147114753723
pythia-1.4b,draw_1,19,2662,2,142.93420543771632,9.441991305307768e-99,low,-0.8527200222015381
pythia-1.4b,draw_1,19,347,3,138.88014958159167,2.038412183121963e-96,very_high,0.08404072374105453
pythia-1.4b,draw_1,19,5426,4,135.87482393046434,1.132808091396192e-94,control,-0.45817744731903076
pythia-1.4b,draw_1,19,7819,5,135.149814830238,2.998863704208694e-94,very_high,-1.901125192642212
pythia-1.4b,draw_1,19,6847,6,134.62004255508313,6.11453703893384e-94,very_high,-0.6852506995201111
pythia-1.4b,draw_1,19,3201,7,134.32950283622722,9.040982971394759e-94,very_high,-0.7184252738952637
pythia-1.4b,draw_1,19,8171,8,133.04275876746837,5.127146184438742e-93,low,-0.2114880383014679
pythia-1.4b,draw_1,19,1058,9,121.17785840205191,5.8970751967624625e-86,low,-1.0139528512954712
pythia-1.4b,draw_1,19,1991,10,118.93281330128923,1.3483904185625165e-84,very_high,-0.3190034031867981
pythia-1.4b,draw_1,19,5036,11,111.38170943510424,5.71901303839696e-80,very_high,-1.1071757078170776
pythia-1.4b,draw_1,19,21,12,111.08204934965705,8.765350791923438e-80,low,-0.4478934705257416
pythia-1.4b,draw_1,19,3713,13,107.98499061137628,7.373158355237187e-78,low,-0.7880090475082397
pythia-1.4b,draw_1,19,6743,14,103.40932641701554,5.487211991886054e-75,very_high,0.18300479650497437
pythia-1.4b,draw_1,19,3052,15,102.77392293448285,1.382906581940846e-74,low,-0.6746247410774231
pythia-1.4b,draw_1,19,3709,16,101.30335876440087,1.1813941588061688e-73,low,-0.3634968101978302
pythia-1.4b,draw_1,19,4131,17,100.44198804064946,4.1659323332928046e-73,low,-0.17248542606830597
pythia-1.4b,draw_1,19,6579,18,98.88876461587469,4.0711293713469424e-72,very_high,-0.45923107862472534
pythia-1.4b,draw_1,19,1325,19,98.33507976387912,9.1957790818675e-72,very_high,-0.35923027992248535
pythia-1.4b,draw_1,19,357,20,98.22925737220885,1.0746821341053017e-71,low,-0.23738490045070648
pythia-1.4b,draw_1,19,5338,21,97.86765454777714,1.831163149073488e-71,very_high,-0.7260050177574158
pythia-1.4b,draw_1,19,2784,22,97.48787122936663,3.20659821107167e-71,very_high,-0.2626682221889496
pythia-1.4b,draw_1,19,539,23,97.22186616560639,4.749087424246311e-71,very_high,-1.135809302330017
pythia-1.4b,draw_1,19,4087,24,96.13446945337444,2.3718651084910787e-70,low,-0.03970193490386009
pythia-1.4b,draw_1,19,5390,25,93.83188615169502,7.25582817353403e-69,low,-0.22754567861557007
pythia-1.4b,draw_1,19,6919,26,93.71892786313424,8.58611266949778e-69,low,-0.7178234457969666
pythia-1.4b,draw_1,19,2759,27,92.66035780543326,4.168541279151872e-68,low,-0.4412228763103485
pythia-1.4b,draw_1,19,1514,28,92.2980656168313,7.165850476755337e-68,low,0.00506535405293107
pythia-1.4b,draw_1,19,2056,29,92.19490965517487,8.361830337084887e-68,very_high,-0.7181877493858337
pythia-1.4b,draw_1,19,8023,30,92.06895177886601,1.0096641306623512e-67,low,-0.6946552395820618
pythia-1.4b,draw_1,19,1923,31,90.86416585694596,6.147360392035323e-67,very_high,-0.9079007506370544
pythia-1.4b,draw_1,19,2847,32,90.46336289430093,1.1226106310833989e-66,very_high,-0.8756437301635742
pythia-1.4b,draw_1,19,5914,33,90.29287123583987,1.4506607545799217e-66,very_high,-0.4673236906528473
pythia-1.4b,draw_1,19,7701,34,90.0897755540848,1.969062479103021e-66,low,-0.772467851638794
pythia-1.4b,draw_1,19,3610,35,89.07907044284926,9.029611618508668e-66,low,-0.06991400569677353
pythia-1.4b,draw_1,19,6268,36,88.89349688100741,1.1948171167873348e-65,very_high,-0.27010610699653625
pythia-1.4b,draw_1,19,7738,37,88.66417559881802,1.6892363013430934e-65,low,0.23105637729167938
pythia-1.4b,draw_1,19,993,38,87.8871124888809,5.469766917797394e-65,very_high,-0.43473201990127563
pythia-1.4b,draw_1,19,2227,39,87.84449375382523,5.834262180139293e-65,very_high,-0.6592052578926086
pythia-1.4b,draw_1,19,4791,40,87.61936190426572,8.20423192948713e-65,low,0.01448147278279066
pythia-1.4b,draw_1,19,7698,41,87.50859270585467,9.703196938279309e-65,low,-0.6082607507705688
pythia-1.4b,draw_1,19,303,42,86.27506335184741,6.308503381539703e-64,low,0.22483639419078827
pythia-1.4b,draw_1,19,4453,43,85.39670078083805,2.4014834664227497e-63,very_high,-0.018257291987538338
pythia-1.4b,draw_1,19,1305,44,85.34193414914486,2.610493641156052e-63,low,-0.6534072756767273
pythia-1.4b,draw_1,19,780,45,84.61305814510898,7.935560337476096e-63,very_high,-0.9935135841369629
pythia-1.4b,draw_1,19,3217,46,84.12717174848945,1.6671833364548514e-62,low,-1.1192876100540161
pythia-1.4b,draw_1,19,27,47,83.75451847677034,2.948074477292422e-62,very_high,0.4539535641670227
pythia-1.4b,draw_1,19,7665,48,83.53553428093365,4.1221693970431075e-62,very_high,-0.9652332663536072
pythia-1.4b,draw_1,19,6994,49,83.48705354043018,4.439855777072957e-62,very_high,-0.9363629817962646
pythia-1.4b,draw_1,20,1559,0,170.33925456004042,5.678262061523187e-114,low,0.04601574316620827
pythia-1.4b,draw_1,20,2487,1,159.74904244858809,3.3442840883285807e-108,low,-0.09842647612094879
pythia-1.4b,draw_1,20,8033,2,155.16123578751495,1.1664749279228882e-105,very_high,-0.2294480800628662
pythia-1.4b,draw_1,20,2351,3,153.4163948212185,1.0986254608979169e-104,low,-0.9902860522270203
pythia-1.4b,draw_1,20,7858,4,151.83803643229533,8.418709897351041e-104,very_high,-0.5991471409797668
pythia-1.4b,draw_1,20,3136,5,147.92848781681073,1.3481319372994891e-101,low,-0.18329864740371704
pythia-1.4b,draw_1,20,6194,6,146.7087808447932,6.630941222102183e-101,very_high,-0.9788986444473267
pythia-1.4b,draw_1,20,6223,7,145.65578321376884,2.6328962939443744e-100,low,-0.5582581162452698
pythia-1.4b,draw_1,20,3838,8,135.9604164850382,1.0099266058095774e-94,very_high,-0.2844342291355133
pythia-1.4b,draw_1,20,3508,9,130.4265353109559,1.7758573800785611e-91,low,-0.571408748626709
pythia-1.4b,draw_1,20,4155,10,130.18907856256757,2.452565480642118e-91,low,-2.7906320095062256
pythia-1.4b,draw_1,20,1948,11,126.86338041376645,2.3005708468141884e-89,very_high,0.19105491042137146
pythia-1.4b,draw_1,20,514,12,123.79818594076984,1.5621190856557757e-87,very_high,0.28874126076698303
pythia-1.4b,draw_1,20,6913,13,122.23719760508325,1.3548845063270515e-86,low,-0.7040317058563232
pythia-1.4b,draw_1,20,3250,14,121.29410984993218,5.017195135589884e-86,very_high,-0.16296863555908203
pythia-1.4b,draw_1,20,223,15,118.94125588240419,1.332570809539152e-84,very_high,-0.011557182297110558
pythia-1.4b,draw_1,20,4432,16,118.79031295025622,1.645665585435918e-84,low,-0.34897753596305847
pythia-1.4b,draw_1,20,1986,17,118.49663048914292,2.481768025061019e-84,very_high,-0.04249148443341255
pythia-1.4b,draw_1,20,7806,18,118.1375692565287,4.102761544638466e-84,low,-0.21706542372703552
pythia-1.4b,draw_1,20,5055,19,117.95284223785487,5.314579982986883e-84,very_high,-0.5835806727409363
pythia-1.4b,draw_1,20,486,20,117.51755479615,9.78391190755505e-84,very_high,-0.5662873387336731
pythia-1.4b,draw_1,20,3151,21,117.40488449028146,1.1459438315967943e-83,low,-0.7996245622634888
pythia-1.4b,draw_1,20,3072,22,115.89143736629666,9.620135480861468e-83,low,-0.3651733994483948
pythia-1.4b,draw_1,20,5673,23,114.85184983673332,4.167814083513889e-82,very_high,-0.12794922292232513
pythia-1.4b,draw_1,20,7367,24,112.69016662433575,8.896127238131e-81,low,-0.2548973262310028
pythia-1.4b,draw_1,20,7791,25,111.06094299302778,9.033093252329344e-80,very_high,-1.1114325523376465
pythia-1.4b,draw_1,20,5299,26,110.67692488630941,1.5620965735664198e-79,very_high,-0.5462519526481628
pythia-1.4b,draw_1,20,6515,27,110.42501524705031,2.2380648348980145e-79,very_high,0.24582411348819733
pythia-1.4b,draw_1,20,6721,28,109.62798580586205,6.992365977543031e-79,very_high,0.8346484303474426
pythia-1.4b,draw_1,20,743,29,109.5992740942907,7.285600607574591e-79,very_high,-0.8138688206672668
pythia-1.4b,draw_1,20,737,30,109.29860869016174,1.1204022608525023e-78,low,-0.5489891767501831
pythia-1.4b,draw_1,20,1302,31,106.37852295473238,7.448462100026094e-77,low,-0.5509480237960815
pythia-1.4b,draw_1,20,7531,32,105.77637646372725,1.7766642018487993e-76,very_high,0.07270302623510361
pythia-1.4b,draw_1,20,7675,33,105.21418640414103,4.005115716861473e-76,very_high,-1.9313470125198364
pythia-1.4b,draw_1,20,3511,34,104.52955200819358,1.0794293168638072e-75,low,-1.1035369634628296
pythia-1.4b,draw_1,20,3334,35,104.372005043874,1.3563913073464275e-75,very_high,-0.8141976594924927
pythia-1.4b,draw_1,20,4187,36,103.6344440878972,3.956230165531429e-75,low,0.16814664006233215
pythia-1.4b,draw_1,20,7712,37,103.19643190067686,7.477964156834134e-75,low,-0.10056288540363312
pythia-1.4b,draw_1,20,7353,38,102.42569431298652,2.296559181209724e-74,low,-0.4279184341430664
pythia-1.4b,draw_1,20,3405,39,102.33446214022707,2.6231459901378267e-74,low,-0.002365406835451722
pythia-1.4b,draw_1,20,6254,40,102.27846256275089,2.8462545470662024e-74,very_high,-0.8359546065330505
pythia-1.4b,draw_1,20,5145,41,101.07190767354471,1.657067432559857e-73,low,-0.6168571710586548
pythia-1.4b,draw_1,20,8040,42,101.06713042260638,1.668684072216144e-73,low,-0.3486289083957672
pythia-1.4b,draw_1,20,6199,43,98.15050030984413,1.2068983150268772e-71,very_high,-1.0689457654953003
pythia-1.4b,draw_1,20,1953,44,97.33371809017028,4.026011550956515e-71,very_high,-1.1369590759277344
pythia-1.4b,draw_1,20,982,45,96.82234632208593,8.570549783072802e-71,low,-0.9550619125366211
pythia-1.4b,draw_1,20,4717,46,95.96832049220023,3.033811256513217e-70,low,-0.21906016767024994
pythia-1.4b,draw_1,20,1785,47,95.14114215199137,1.034847797073919e-69,very_high,-0.2916604280471802
pythia-1.4b,draw_1,20,5409,48,92.893667899184,2.941601461264615e-68,low,-0.5411844849586487
pythia-1.4b,draw_1,20,1066,49,91.76752857545854,1.5856933809234995e-67,low,-0.32143282890319824
pythia-1.4b,draw_1,21,24,0,312.57444145858983,1.3942190316740544e-180,very_high,1.0880897045135498
pythia-1.4b,draw_1,21,1546,1,304.88700490178064,2.065062792115522e-177,low,-0.5010568499565125
pythia-1.4b,draw_1,21,1608,2,259.01404275786416,1.3930765416131891e-157,low,-2.3658745288848877
pythia-1.4b,draw_1,21,8013,3,248.8701528277794,5.694843614170776e-153,low,-0.027758989483118057
pythia-1.4b,draw_1,21,3501,4,192.18942366177157,1.8327239556125422e-125,low,-2.025517225265503
pythia-1.4b,draw_1,21,3700,5,191.92155451360736,2.516208446461212e-125,low,-0.68148273229599
pythia-1.4b,draw_1,21,7355,6,184.3964518340005,1.9939670508185104e-121,low,-1.0997189283370972
pythia-1.4b,draw_1,21,6670,7,176.4102120101961,3.212610510994537e-117,very_high,-0.906853973865509
pythia-1.4b,draw_1,21,3806,8,176.08479351559924,4.784473142941333e-117,low,-0.5558215379714966
pythia-1.4b,draw_1,21,677,9,174.27575349676505,4.402178763760853e-116,low,-0.22290074825286865
pythia-1.4b,draw_1,21,1826,10,173.53579997336738,1.0939659952514572e-115,low,-0.4903693199157715
pythia-1.4b,draw_1,21,4997,11,169.19657287372027,2.3458035206739738e-113,low,-0.1352962702512741
pythia-1.4b,draw_1,21,7579,12,166.23965811329987,9.370373220909786e-112,low,0.007406753953546286
pythia-1.4b,draw_1,21,5026,13,164.46208299860245,8.700932574976125e-111,low,-0.6074948310852051
pythia-1.4b,draw_1,21,4168,14,163.65752596320178,2.3926175912580272e-110,low,-0.6317483186721802
pythia-1.4b,draw_1,21,5160,15,155.93502049073302,4.326981680308575e-106,low,-0.4836398661136627
pythia-1.4b,draw_1,21,6035,16,151.07056318053282,2.2721599288993693e-103,low,-0.3695354461669922
pythia-1.4b,draw_1,21,3087,17,146.72842550954954,6.462741941375373e-101,low,-0.5153876543045044
pythia-1.4b,draw_1,21,3031,18,144.43546655892266,1.3070347946123867e-99,low,-3.5825836658477783
pythia-1.4b,draw_1,21,7197,19,139.74605934458154,6.439471744548482e-97,very_high,-0.5568646192550659
pythia-1.4b,draw_1,21,4334,20,135.95785109437344,1.01340786808772e-94,very_high,-1.009141206741333
pythia-1.4b,draw_1,21,5267,21,132.86712653592488,6.5001798578439975e-93,very_high,0.7019157409667969
pythia-1.4b,draw_1,21,7332,22,131.0456099253681,7.660125240894243e-92,low,-0.18029657006263733
pythia-1.4b,draw_1,21,4066,23,129.73761134330678,4.5333840031826564e-91,low,-3.686994791030884
pythia-1.4b,draw_1,21,4555,24,127.17592963941547,1.4990296238585914e-89,low,0.14225032925605774
pythia-1.4b,draw_1,21,1553,25,124.40598092124931,6.751244288085462e-88,low,-0.29698091745376587
pythia-1.4b,draw_1,21,7412,26,124.24046147257496,8.482961744365016e-88,low,-0.848194420337677
pythia-1.4b,draw_1,21,4730,27,124.10176150918666,1.0272457346946822e-87,very_high,-0.1574729084968567
pythia-1.4b,draw_1,21,2011,28,123.97920089357507,1.2166113187160621e-87,low,-0.8606060147285461
pythia-1.4b,draw_1,21,5559,29,121.26276100177998,5.240622547445101e-86,low,-0.715187668800354
pythia-1.4b,draw_1,21,546,30,121.10563809307149,6.519928902176483e-86,low,-0.07683312147855759
pythia-1.4b,draw_1,21,4097,31,120.41358678213622,1.708017990393761e-85,low,-0.7958682775497437
pythia-1.4b,draw_1,21,5353,32,119.26416639884873,8.486653620607065e-85,low,-0.7006452083587646
pythia-1.4b,draw_1,21,789,33,118.9893202798918,1.2459860232060735e-84,low,0.08077321201562881
pythia-1.4b,draw_1,21,5818,34,118.54691721350089,2.3131378686951576e-84,low,-0.27080586552619934
pythia-1.4b,draw_1,21,7997,35,117.84754751258215,6.159649246134902e-84,low,-0.4847906529903412
pythia-1.4b,draw_1,21,5864,36,117.19821550601242,1.5315742567409417e-83,low,-0.4386212229728699
pythia-1.4b,draw_1,21,3286,37,116.75600514722612,2.8503866379435548e-83,very_high,0.9025145173072815
pythia-1.4b,draw_1,21,6784,38,115.48645398634572,1.702274302684524e-82,low,-0.9665048718452454
pythia-1.4b,draw_1,21,5780,39,115.08858043414864,2.983804350728734e-82,low,-0.7563387155532837
pythia-1.4b,draw_1,21,4179,40,114.22849253533228,1.005761672459169e-81,low,0.15106628835201263
pythia-1.4b,draw_1,21,2444,41,114.06493901033153,1.2675790615814808e-81,very_high,0.40576839447021484
pythia-1.4b,draw_1,21,3088,42,113.99498004186232,1.399481826750911e-81,low,-0.7547451257705688
pythia-1.4b,draw_1,21,1735,43,113.72833615694691,2.041259058858665e-81,low,-0.7765102982521057
pythia-1.4b,draw_1,21,989,44,113.58661649297446,2.495002151570772e-81,low,-0.20425750315189362
pythia-1.4b,draw_1,21,2787,45,113.28074055608597,3.8487779165957857e-81,low,0.22162292897701263
pythia-1.4b,draw_1,21,7520,46,112.05024465528363,2.208479287349339e-80,low,-1.1360441446304321
pythia-1.4b,draw_1,21,1425,47,110.97304107894776,1.023917730307758e-79,low,-0.6084369421005249
pythia-1.4b,draw_1,21,7965,48,110.81638990948586,1.2802441646602681e-79,low,-0.6785501837730408
pythia-1.4b,draw_1,21,258,49,110.59461704477141,1.7567969478882227e-79,very_high,-0.4946683645248413
pythia-1.4b,draw_1,22,1324,0,311.8141376492573,2.8581005946715754e-180,low,0.12351535260677338
pythia-1.4b,draw_1,22,1389,1,305.6655159463898,9.816571291279402e-178,very_high,0.862584114074707
pythia-1.4b,draw_1,22,1077,2,269.78033412579884,2.203594751839607e-162,very_high,0.15603993833065033
pythia-1.4b,draw_1,22,3345,3,212.1065307129603,1.7372569903286792e-135,low,-1.4372634887695312
pythia-1.4b,draw_1,22,293,4,199.6007044782616,3.055852335346828e-129,very_high,-0.23939882218837738
pythia-1.4b,draw_1,22,2792,5,192.5006276628633,1.2684591208465616e-125,very_high,-1.290927767753601
pythia-1.4b,draw_1,22,2772,6,179.71649561905713,5.705763214458443e-119,low,-0.608215868473053
pythia-1.4b,draw_1,22,2689,7,177.11898744739386,1.350616892706436e-117,low,-0.376644104719162
pythia-1.4b,draw_1,22,6986,8,175.6558104152843,8.091838064112473e-117,very_high,0.9964691400527954
pythia-1.4b,draw_1,22,1244,9,174.3551287849155,3.9929849822197784e-116,low,0.23483531177043915
pythia-1.4b,draw_1,22,356,10,172.68919753390554,3.105313338231799e-115,very_high,-0.3814314007759094
pythia-1.4b,draw_1,22,535,11,168.77327260913418,3.9710790251473546e-113,low,0.2193303406238556
pythia-1.4b,draw_1,22,6064,12,162.784065663461,7.189505373484706e-110,very_high,-1.1660526990890503
pythia-1.4b,draw_1,22,6170,13,156.66948623651226,1.6907524985313422e-106,low,-0.331937313079834
pythia-1.4b,draw_1,22,6886,14,150.02238129225375,8.84248575156779e-103,very_high,-0.7391863465309143
pythia-1.4b,draw_1,22,5720,15,149.98548133770964,9.27631132978503e-103,very_high,-0.514969527721405
pythia-1.4b,draw_1,22,304,16,149.85516904107794,1.0986214433876004e-102,very_high,-0.2540487051010132
pythia-1.4b,draw_1,22,402,17,148.69347351131094,4.9752231311814394e-102,very_high,-0.6399138569831848
pythia-1.4b,draw_1,22,3523,18,147.9909775055979,1.2426235194891275e-101,low,0.9537183046340942
pythia-1.4b,draw_1,22,7163,19,146.52222512788518,8.463812313712758e-101,low,-0.5958601832389832
pythia-1.4b,draw_1,22,4843,20,146.12771441885192,1.4185899307008765e-100,low,0.14556725323200226
pythia-1.4b,draw_1,22,4707,21,142.471634546643,1.738918507945812e-98,low,-0.17785434424877167
pythia-1.4b,draw_1,22,4697,22,142.08476350062944,2.8994327274366917e-98,low,-0.5801464915275574
pythia-1.4b,draw_1,22,1995,23,141.82141006376713,4.107453058444729e-98,low,5.247779369354248
pythia-1.4b,draw_1,22,646,24,140.11025598665498,3.9689202767898374e-97,very_high,-0.350739061832428
pythia-1.4b,draw_1,22,7630,25,137.6614618178474,1.0359857592750728e-95,very_high,-0.6553748250007629
pythia-1.4b,draw_1,22,799,26,136.30330540806042,6.377099414527196e-95,low,-1.2756296396255493
pythia-1.4b,draw_1,22,6204,27,136.13699316184295,7.969804313258713e-95,very_high,-0.6739382743835449
pythia-1.4b,draw_1,22,2527,28,133.8195606664017,1.7972860746808624e-93,low,-0.39083611965179443
pythia-1.4b,draw_1,22,2596,29,133.70973837818187,2.084151126261369e-93,low,-0.3896659314632416
pythia-1.4b,draw_1,22,2567,30,133.62253010656966,2.3442852002482403e-93,very_high,-0.7586168050765991
pythia-1.4b,draw_1,22,6440,31,132.66591715065977,8.53169530183381e-93,very_high,5.7279767990112305
pythia-1.4b,draw_1,22,1095,32,131.9095718723211,2.374214092380087e-92,low,-0.1726694256067276
pythia-1.4b,draw_1,22,2449,33,128.8505619840233,1.5187478472432433e-90,low,-0.11519517749547958
pythia-1.4b,draw_1,22,3992,34,126.4325697386417,4.154130862524922e-89,low,-0.30790817737579346
pythia-1.4b,draw_1,22,4958,35,126.42472912483666,4.199073815223627e-89,low,-0.503505289554596
pythia-1.4b,draw_1,22,3118,36,126.2068134313917,5.663384658607773e-89,very_high,-0.7507821917533875
pythia-1.4b,draw_1,22,7408,37,125.40441397645968,1.706337723739954e-88,low,0.060286957770586014
pythia-1.4b,draw_1,22,1393,38,124.12856106934835,9.899435090971961e-88,very_high,0.37706220149993896
pythia-1.4b,draw_1,22,159,39,123.63865198625905,1.9473014666854957e-87,low,-0.03212708607316017
pythia-1.4b,draw_1,22,865,40,123.07423255482915,4.249913943136861e-87,low,0.10234937071800232
pythia-1.4b,draw_1,22,4929,41,122.97663095935803,4.864516149305104e-87,low,0.9368833899497986
pythia-1.4b,draw_1,22,7963,42,122.11699971120545,1.600636570795991e-86,very_high,0.3949260115623474
pythia-1.4b,draw_1,22,489,43,120.59853228779916,1.3202270239334498e-85,very_high,-0.34172090888023376
pythia-1.4b,draw_1,22,7285,44,120.05623852074459,2.810213999600163e-85,low,-0.5478798151016235
pythia-1.4b,draw_1,22,1814,45,119.5710923042526,5.52875701858855e-85,very_high,-0.45049288868904114
pythia-1.4b,draw_1,22,3979,46,119.26452936733534,8.482352227587516e-85,low,-0.40011799335479736
pythia-1.4b,draw_1,22,6034,47,118.95359298939724,1.3097874310662907e-84,very_high,0.18117445707321167
pythia-1.4b,draw_1,22,1268,48,118.74901945265592,1.7434946275408445e-84,low,-0.038924526423215866
pythia-1.4b,draw_1,22,3694,49,118.57134740725756,2.235406224497123e-84,very_high,0.28018662333488464
pythia-1.4b,draw_1,23,2989,0,509.87728799486274,2.1597356649286955e-250,low,4.637034893035889
pythia-1.4b,draw_1,23,7843,1,312.1517344205654,2.0778004452808617e-180,low,-0.20866969227790833
pythia-1.4b,draw_1,23,3549,2,306.15485317049325,6.154207596489513e-178,very_high,-0.4411982297897339
pythia-1.4b,draw_1,23,6681,3,294.9041704185094,3.1248068808286865e-173,low,-0.7911580204963684
pythia-1.4b,draw_1,23,6512,4,291.21054529761767,1.1474499850640129e-171,very_high,-0.24305079877376556
pythia-1.4b,draw_1,23,4533,5,250.83418013937026,7.174295444165963e-154,very_high,0.20024026930332184
pythia-1.4b,draw_1,23,3842,6,249.66421836805023,2.462225399479776e-153,low,-1.4075738191604614
pythia-1.4b,draw_1,23,6942,7,248.53579028997007,8.109265140132455e-153,low,0.5604755878448486
pythia-1.4b,draw_1,23,689,8,244.69958994636764,4.754030492477045e-151,low,0.91824871301651
pythia-1.4b,draw_1,23,3256,9,242.4561761680791,5.212080160557978e-150,low,-0.11391951143741608
pythia-1.4b,draw_1,23,5299,10,237.88344631624517,7.088696592039415e-148,low,0.8059430122375488
pythia-1.4b,draw_1,23,1700,11,236.7297752695877,2.4649694617077408e-147,low,1.9259932041168213
pythia-1.4b,draw_1,23,1358,12,233.7671644620397,6.127042973664542e-146,low,-1.3206793069839478
pythia-1.4b,draw_1,23,89,13,228.98009328306347,1.1456623416395936e-143,very_high,-0.032670166343450546
pythia-1.4b,draw_1,23,8010,14,228.16214236167315,2.8142233400225595e-143,very_high,1.1581542491912842
pythia-1.4b,draw_1,23,2977,15,218.63428177838378,1.1025341846888225e-138,very_high,2.344834804534912
pythia-1.4b,draw_1,23,4105,16,216.50805944124266,1.200269610655811e-137,low,-0.6697826981544495
pythia-1.4b,draw_1,23,6370,17,214.93305865517263,7.082802755661639e-137,very_high,-0.825080156326294
pythia-1.4b,draw_1,23,22,18,212.83855045445299,7.571940624307326e-136,very_high,1.6498395204544067
pythia-1.4b,draw_1,23,282,19,207.27852492116315,4.285581159515419e-133,very_high,6.303561210632324
pythia-1.4b,draw_1,23,5778,20,203.11031548639627,5.203289154458828e-131,very_high,1.496412754058838
pythia-1.4b,draw_1,23,3577,21,202.3751472746898,1.2182737626506087e-130,low,-0.49955227971076965
pythia-1.4b,draw_1,23,2787,22,201.62436269522078,2.9082932856330475e-130,very_high,0.8715090751647949
pythia-1.4b,draw_1,23,5900,23,196.92571175618414,6.950226895317226e-128,very_high,0.7835881114006042
pythia-1.4b,draw_1,23,4154,24,196.2261969734479,1.5778634215191828e-127,very_high,1.1336010694503784
pythia-1.4b,draw_1,23,3232,25,194.2555844006633,1.5994179349564824e-126,low,-1.026267647743225
pythia-1.4b,draw_1,23,2986,26,193.80902596269297,2.706969999263657e-126,low,1.726866364479065
pythia-1.4b,draw_1,23,7655,27,193.0190510860501,6.874946018870987e-126,low,-1.440510630607605
pythia-1.4b,draw_1,23,1865,28,192.3790546665471,1.4645308532023308e-125,low,-1.3333064317703247
pythia-1.4b,draw_1,23,3645,29,190.6474534034313,1.1390212755414526e-124,very_high,2.0127899646759033
pythia-1.4b,draw_1,23,1033,30,189.49255381482578,4.492513249564818e-124,very_high,-0.1031855046749115
pythia-1.4b,draw_1,23,1260,31,189.33744979363627,5.403036467833534e-124,very_high,-0.08891035616397858
pythia-1.4b,draw_1,23,5025,32,188.81721982165251,1.0038159212692581e-123,low,-0.0924019142985344
pythia-1.4b,draw_1,23,2133,33,188.60119754780985,1.2985196753944547e-123,very_high,1.9624568223953247
pythia-1.4b,draw_1,23,5675,34,188.48958133333372,1.4833085537067498e-123,low,0.009024064987897873
pythia-1.4b,draw_1,23,6395,35,187.57222014879645,4.4326353589636854e-123,low,1.2862446308135986
pythia-1.4b,draw_1,23,3213,36,186.00589639150465,2.8878115215812504e-122,low,-0.34642407298088074
pythia-1.4b,draw_1,23,7459,37,185.8488511188976,3.4859721909892244e-122,very_high,0.3720233738422394
pythia-1.4b,draw_1,23,3421,38,185.06976049308284,8.877901575546117e-122,very_high,-0.053978219628334045
pythia-1.4b,draw_1,23,1368,39,183.99196688640563,3.243894970739644e-121,low,-1.5944273471832275
pythia-1.4b,draw_1,23,6031,40,182.00789491047243,3.5516344147690546e-120,low,-0.7772260308265686
pythia-1.4b,draw_1,23,3663,41,180.30213316706275,2.802501235609527e-119,very_high,-0.5092361569404602
pythia-1.4b,draw_1,23,672,42,179.216155664501,1.0481403248379663e-118,low,-0.35911086201667786
pythia-1.4b,draw_1,23,4635,43,177.23304454203443,1.174971741922429e-117,very_high,0.7339667677879333
pythia-1.4b,draw_1,23,6936,44,176.13964676704657,4.4737150433012e-117,very_high,2.512935161590576
pythia-1.4b,draw_1,23,465,45,175.8336280429419,6.507659192590822e-117,very_high,0.16916745901107788
pythia-1.4b,draw_1,23,1357,46,175.40103211003134,1.1058256995995064e-116,very_high,3.5035147666931152
pythia-1.4b,draw_1,23,1190,47,172.92137911369676,2.3321593043035004e-115,low,1.1385347843170166
pythia-1.4b,draw_1,23,6707,48,171.14291781947165,2.098211311356999e-114,low,-0.2759878635406494
pythia-1.4b,draw_1,23,6489,49,169.9070244097784,9.706652761905582e-114,low,-1.8750169277191162
