method,model,band,draw,size_multiplier,n_edges,n_edges_acdc_ref,total_edges,size_fraction,n_edges_method,n_edges_acdc,n_intersection,n_union,jaccard,recall_in_acdc,recall_in_method,dice
eap,pythia-70m,low,draw_1,0.1,38,380,1324,0.028700906344410877,38,380,38,380,0.1,0.1,1.0,0.18181818181818182
eap,pythia-70m,low,draw_1,0.2,76,380,1324,0.05740181268882175,76,380,74,382,0.193717277486911,0.19473684210526315,0.9736842105263158,0.32456140350877194
eap,pythia-70m,low,draw_1,0.3,114,380,1324,0.08610271903323263,114,380,111,383,0.2898172323759791,0.29210526315789476,0.9736842105263158,0.4493927125506073
eap,pythia-70m,low,draw_1,0.5,190,380,1324,0.14350453172205438,190,380,175,395,0.4430379746835443,0.4605263157894737,0.9210526315789473,0.6140350877192983
eap,pythia-70m,low,draw_1,0.75,285,380,1324,0.21525679758308158,285,380,238,427,0.5573770491803278,0.6263157894736842,0.8350877192982457,0.7157894736842105
eap,pythia-70m,low,draw_1,1.0,380,380,1324,0.28700906344410876,380,380,279,481,0.58004158004158,0.7342105263157894,0.7342105263157894,0.7342105263157894
eap,pythia-70m,low,draw_1,1.5,570,380,1324,0.43051359516616317,570,380,330,620,0.532258064516129,0.868421052631579,0.5789473684210527,0.6947368421052632
eap,pythia-70m,low,draw_1,2.0,760,380,1324,0.5740181268882175,760,380,357,783,0.4559386973180077,0.9394736842105263,0.4697368421052632,0.6263157894736842
eap,pythia-70m,low,draw_1,3.0,1140,380,1324,0.8610271903323263,1140,380,377,1143,0.32983377077865267,0.9921052631578947,0.3307017543859649,0.49605263157894736
eap,pythia-70m,low,draw_1,5.0,1324,380,1324,1.0,1324,380,380,1324,0.28700906344410876,1.0,0.28700906344410876,0.4460093896713615
eap,pythia-70m,medium,draw_1,0.1,40,395,1324,0.030211480362537766,40,395,38,397,0.09571788413098237,0.09620253164556962,0.95,0.17471264367816092
eap,pythia-70m,medium,draw_1,0.2,79,395,1324,0.05966767371601209,79,395,74,400,0.185,0.18734177215189873,0.9367088607594937,0.31223628691983124
eap,pythia-70m,medium,draw_1,0.3,118,395,1324,0.0891238670694864,118,395,108,405,0.26666666666666666,0.27341772151898736,0.9152542372881356,0.42105263157894735
eap,pythia-70m,medium,draw_1,0.5,198,395,1324,0.14954682779456194,198,395,170,423,0.40189125295508277,0.43037974683544306,0.8585858585858586,0.5733558178752108
eap,pythia-70m,medium,draw_1,0.75,296,395,1324,0.22356495468277945,296,395,236,455,0.5186813186813187,0.5974683544303797,0.7972972972972973,0.683068017366136
eap,pythia-70m,medium,draw_1,1.0,395,395,1324,0.2983383685800604,395,395,295,495,0.5959595959595959,0.7468354430379747,0.7468354430379747,0.7468354430379747
eap,pythia-70m,medium,draw_1,1.5,592,395,1324,0.4471299093655589,592,395,354,633,0.5592417061611374,0.8962025316455696,0.597972972972973,0.7173252279635258
eap,pythia-70m,medium,draw_1,2.0,790,395,1324,0.5966767371601208,790,395,380,805,0.4720496894409938,0.9620253164556962,0.4810126582278481,0.6413502109704642
eap,pythia-70m,medium,draw_1,3.0,1185,395,1324,0.8950151057401813,1185,395,393,1187,0.33108677337826453,0.9949367088607595,0.33164556962025316,0.49746835443037973
eap,pythia-70m,medium,draw_1,5.0,1324,395,1324,1.0,1324,395,395,1324,0.2983383685800604,1.0,0.2983383685800604,0.4595695171611402
eap,pythia-70m,high,draw_1,0.1,41,414,1324,0.030966767371601207,41,414,40,415,0.0963855421686747,0.0966183574879227,0.975609756097561,0.17582417582417584
eap,pythia-70m,high,draw_1,0.2,83,414,1324,0.06268882175226587,83,414,81,416,0.19471153846153846,0.1956521739130435,0.9759036144578314,0.32595573440643866
eap,pythia-70m,high,draw_1,0.3,124,414,1324,0.09365558912386707,124,414,117,421,0.27790973871733965,0.2826086956521739,0.9435483870967742,0.4349442379182156
eap,pythia-70m,high,draw_1,0.5,207,414,1324,0.15634441087613293,207,414,184,437,0.42105263157894735,0.4444444444444444,0.8888888888888888,0.5925925925925926
eap,pythia-70m,high,draw_1,0.75,310,414,1324,0.23413897280966767,310,414,260,464,0.5603448275862069,0.6280193236714976,0.8387096774193549,0.7182320441988951
eap,pythia-70m,high,draw_1,1.0,414,414,1324,0.31268882175226587,414,414,309,519,0.5953757225433526,0.7463768115942029,0.7463768115942029,0.7463768115942029
eap,pythia-70m,high,draw_1,1.5,621,414,1324,0.4690332326283988,621,414,365,670,0.5447761194029851,0.8816425120772947,0.5877616747181964,0.7053140096618358
eap,pythia-70m,high,draw_1,2.0,828,414,1324,0.6253776435045317,828,414,391,851,0.4594594594594595,0.9444444444444444,0.4722222222222222,0.6296296296296297
eap,pythia-70m,high,draw_1,3.0,1242,414,1324,0.9380664652567976,1242,414,410,1246,0.3290529695024077,0.9903381642512077,0.33011272141706927,0.49516908212560384
eap,pythia-70m,high,draw_1,5.0,1324,414,1324,1.0,1324,414,414,1324,0.31268882175226587,1.0,0.31268882175226587,0.476409666283084
eap,pythia-70m,very_high,draw_1,0.1,42,424,1324,0.03172205438066465,42,424,40,426,0.09389671361502347,0.09433962264150944,0.9523809523809523,0.17167381974248927
eap,pythia-70m,very_high,draw_1,0.2,85,424,1324,0.06419939577039276,85,424,81,428,0.18925233644859812,0.19103773584905662,0.9529411764705882,0.3182711198428291
eap,pythia-70m,very_high,draw_1,0.3,127,424,1324,0.09592145015105741,127,424,123,428,0.28738317757009346,0.29009433962264153,0.968503937007874,0.44646098003629764
eap,pythia-70m,very_high,draw_1,0.5,212,424,1324,0.16012084592145015,212,424,197,439,0.44874715261959,0.46462264150943394,0.9292452830188679,0.6194968553459119
eap,pythia-70m,very_high,draw_1,0.75,318,424,1324,0.24018126888217523,318,424,264,478,0.5523012552301255,0.6226415094339622,0.8301886792452831,0.7115902964959568
eap,pythia-70m,very_high,draw_1,1.0,424,424,1324,0.3202416918429003,424,424,321,527,0.6091081593927894,0.7570754716981132,0.7570754716981132,0.7570754716981132
eap,pythia-70m,very_high,draw_1,1.5,636,424,1324,0.48036253776435045,636,424,366,694,0.5273775216138329,0.8632075471698113,0.5754716981132075,0.690566037735849
eap,pythia-70m,very_high,draw_1,2.0,848,424,1324,0.6404833836858006,848,424,395,877,0.45039908779931587,0.9316037735849056,0.4658018867924528,0.6210691823899371
eap,pythia-70m,very_high,draw_1,3.0,1272,424,1324,0.9607250755287009,1272,424,421,1275,0.33019607843137255,0.9929245283018868,0.3309748427672956,0.4964622641509434
eap,pythia-70m,very_high,draw_1,5.0,1324,424,1324,1.0,1324,424,424,1324,0.3202416918429003,1.0,0.3202416918429003,0.4851258581235698
eap,pythia-70m,control,draw_1,0.1,44,435,1324,0.03323262839879154,44,435,42,437,0.09610983981693363,0.09655172413793103,0.9545454545454546,0.17536534446764093
eap,pythia-70m,control,draw_1,0.2,87,435,1324,0.06570996978851963,87,435,84,438,0.1917808219178082,0.19310344827586207,0.9655172413793104,0.3218390804597701
eap,pythia-70m,control,draw_1,0.3,130,435,1324,0.09818731117824774,130,435,123,442,0.27828054298642535,0.2827586206896552,0.9461538461538461,0.4353982300884956
eap,pythia-70m,control,draw_1,0.5,218,435,1324,0.1646525679758308,218,435,196,457,0.4288840262582057,0.45057471264367815,0.8990825688073395,0.6003062787136294
eap,pythia-70m,control,draw_1,0.75,326,435,1324,0.24622356495468278,326,435,271,490,0.5530612244897959,0.6229885057471264,0.8312883435582822,0.7122207621550591
eap,pythia-70m,control,draw_1,1.0,435,435,1324,0.3285498489425982,435,435,328,542,0.6051660516605166,0.7540229885057471,0.7540229885057471,0.7540229885057471
eap,pythia-70m,control,draw_1,1.5,652,435,1324,0.49244712990936557,652,435,387,700,0.5528571428571428,0.8896551724137931,0.593558282208589,0.7120515179392825
eap,pythia-70m,control,draw_1,2.0,870,435,1324,0.6570996978851964,870,435,417,888,0.46959459459459457,0.9586206896551724,0.4793103448275862,0.639080459770115
eap,pythia-70m,control,draw_1,3.0,1305,435,1324,0.9856495468277946,1305,435,434,1306,0.332312404287902,0.9977011494252873,0.3325670498084291,0.49885057471264366
eap,pythia-70m,control,draw_1,5.0,1324,435,1324,1.0,1324,435,435,1324,0.3285498489425982,1.0,0.3285498489425982,0.49459920409323477
eap,pythia-160m,low,draw_1,0.1,146,1463,11467,0.012732188017790181,146,1463,137,1472,0.09307065217391304,0.0936431989063568,0.9383561643835616,0.17029210689869484
eap,pythia-160m,low,draw_1,0.2,293,1463,11467,0.0255515828028255,293,1463,258,1498,0.17222963951935916,0.17634996582365003,0.8805460750853242,0.2938496583143508
eap,pythia-160m,low,draw_1,0.3,439,1463,11467,0.03828377082061568,439,1463,363,1539,0.23586744639376217,0.24812030075187969,0.826879271070615,0.38170347003154576
eap,pythia-160m,low,draw_1,0.5,732,1463,11467,0.06383535362344119,732,1463,519,1676,0.3096658711217184,0.3547505126452495,0.7090163934426229,0.47289293849658315
eap,pythia-160m,low,draw_1,0.75,1097,1463,11467,0.09566582366791664,1097,1463,679,1881,0.36097820308346623,0.46411483253588515,0.6189608021877848,0.53046875
eap,pythia-160m,low,draw_1,1.0,1463,1463,11467,0.1275835004796372,1463,1463,796,2130,0.37370892018779345,0.5440874914559125,0.5440874914559125,0.5440874914559125
eap,pythia-160m,low,draw_1,1.5,2194,1463,11467,0.19133164733583327,2194,1463,993,2664,0.37274774774774777,0.6787423103212576,0.45259799453053784,0.5430680885972108
eap,pythia-160m,low,draw_1,2.0,2926,1463,11467,0.2551670009592744,2926,1463,1117,3272,0.34138141809290956,0.7634996582365003,0.3817498291182502,0.5089997721576669
eap,pythia-160m,low,draw_1,3.0,4389,1463,11467,0.38275050143891165,4389,1463,1289,4563,0.2824895901818979,0.8810663021189337,0.2936887673729779,0.44053315105946683
eap,pythia-160m,low,draw_1,5.0,7315,1463,11467,0.6379175023981861,7315,1463,1413,7365,0.19185336048879836,0.9658236500341764,0.19316473000683526,0.3219412166780588
eap,pythia-160m,medium,draw_1,0.1,145,1446,11467,0.012644981250545043,145,1446,138,1453,0.09497591190640055,0.0954356846473029,0.9517241379310345,0.17347580138277813
eap,pythia-160m,medium,draw_1,0.2,289,1446,11467,0.025202755733844947,289,1446,252,1483,0.16992582602832096,0.17427385892116182,0.8719723183391004,0.2904899135446686
eap,pythia-160m,medium,draw_1,0.3,434,1446,11467,0.037847736984389986,434,1446,358,1522,0.2352168199737188,0.2475795297372061,0.8248847926267281,0.38085106382978723
eap,pythia-160m,medium,draw_1,0.5,723,1446,11467,0.06305049271823493,723,1446,523,1646,0.3177399756986634,0.36168741355463346,0.7233748271092669,0.4822498847395113
eap,pythia-160m,medium,draw_1,0.75,1084,1446,11467,0.09453213569372983,1084,1446,673,1857,0.362412493268713,0.4654218533886584,0.6208487084870848,0.5320158102766799
eap,pythia-160m,medium,draw_1,1.0,1446,1446,11467,0.12610098543646986,1446,1446,792,2100,0.37714285714285717,0.5477178423236515,0.5477178423236515,0.5477178423236515
eap,pythia-160m,medium,draw_1,1.5,2169,1446,11467,0.18915147815470482,2169,1446,1003,2612,0.3839969372128637,0.6936376210235131,0.4624250806823421,0.5549100968188105
eap,pythia-160m,medium,draw_1,2.0,2892,1446,11467,0.2522019708729397,2892,1446,1133,3205,0.35351014040561624,0.7835408022130014,0.3917704011065007,0.5223605348086676
eap,pythia-160m,medium,draw_1,3.0,4338,1446,11467,0.37830295630940963,4338,1446,1272,4512,0.28191489361702127,0.8796680497925311,0.29322268326417705,0.43983402489626555
eap,pythia-160m,medium,draw_1,5.0,7230,1446,11467,0.6305049271823493,7230,1446,1381,7295,0.18930774503084305,0.9550484094052559,0.19100968188105116,0.31834946980175194
eap,pythia-160m,high,draw_1,0.1,136,1360,11467,0.011860120345338798,136,1360,123,1373,0.08958485069191552,0.09044117647058823,0.9044117647058824,0.16443850267379678
eap,pythia-160m,high,draw_1,0.2,272,1360,11467,0.023720240690677595,272,1360,221,1411,0.1566265060240964,0.1625,0.8125,0.2708333333333333
eap,pythia-160m,high,draw_1,0.3,408,1360,11467,0.035580361036016396,408,1360,312,1456,0.21428571428571427,0.22941176470588234,0.7647058823529411,0.35294117647058826
eap,pythia-160m,high,draw_1,0.5,680,1360,11467,0.05930060172669399,680,1360,470,1570,0.29936305732484075,0.34558823529411764,0.6911764705882353,0.46078431372549017
eap,pythia-160m,high,draw_1,0.75,1020,1360,11467,0.08895090259004099,1020,1360,607,1773,0.34235758601240834,0.44632352941176473,0.5950980392156863,0.5100840336134453
eap,pythia-160m,high,draw_1,1.0,1360,1360,11467,0.11860120345338798,1360,1360,736,1984,0.3709677419354839,0.5411764705882353,0.5411764705882353,0.5411764705882353
eap,pythia-160m,high,draw_1,1.5,2040,1360,11467,0.17790180518008197,2040,1360,903,2497,0.3616339607529035,0.6639705882352941,0.4426470588235294,0.5311764705882352
eap,pythia-160m,high,draw_1,2.0,2720,1360,11467,0.23720240690677596,2720,1360,1029,3051,0.33726647000983284,0.7566176470588235,0.37830882352941175,0.5044117647058823
eap,pythia-160m,high,draw_1,3.0,4080,1360,11467,0.35580361036016395,4080,1360,1183,4257,0.2778952313836035,0.8698529411764706,0.2899509803921569,0.4349264705882353
eap,pythia-160m,high,draw_1,5.0,6800,1360,11467,0.5930060172669399,6800,1360,1301,6859,0.1896777955970258,0.9566176470588236,0.1913235294117647,0.3188725490196078
eap,pythia-160m,very_high,draw_1,0.1,136,1358,11467,0.011860120345338798,136,1358,125,1369,0.09130752373995617,0.09204712812960236,0.9191176470588235,0.16733601070950468
eap,pythia-160m,very_high,draw_1,0.2,272,1358,11467,0.023720240690677595,272,1358,231,1399,0.1651179413867048,0.17010309278350516,0.8492647058823529,0.28343558282208586
eap,pythia-160m,very_high,draw_1,0.3,407,1358,11467,0.035493154268771254,407,1358,322,1443,0.22314622314622315,0.23711340206185566,0.7911547911547911,0.3648725212464589
eap,pythia-160m,very_high,draw_1,0.5,679,1358,11467,0.059213394959448856,679,1358,457,1580,0.2892405063291139,0.33652430044182624,0.6730486008836525,0.4486990672557683
eap,pythia-160m,very_high,draw_1,0.75,1018,1358,11467,0.08877648905555072,1018,1358,612,1764,0.3469387755102041,0.45066273932253315,0.6011787819253438,0.5151515151515151
eap,pythia-160m,very_high,draw_1,1.0,1358,1358,11467,0.11842678991889771,1358,1358,739,1977,0.37379868487607487,0.5441826215022091,0.5441826215022091,0.5441826215022091
eap,pythia-160m,very_high,draw_1,1.5,2037,1358,11467,0.17764018487834657,2037,1358,926,2469,0.37505062778452813,0.6818851251840943,0.45459008345606283,0.5455081001472754
eap,pythia-160m,very_high,draw_1,2.0,2716,1358,11467,0.23685357983779542,2716,1358,1055,3019,0.34945346141106326,0.7768777614138439,0.38843888070692195,0.5179185076092293
eap,pythia-160m,very_high,draw_1,3.0,4074,1358,11467,0.35528036975669314,4074,1358,1211,4221,0.28689883913764513,0.8917525773195877,0.2972508591065292,0.44587628865979384
eap,pythia-160m,very_high,draw_1,5.0,6790,1358,11467,0.5921339495944885,6790,1358,1309,6839,0.19140225179119755,0.9639175257731959,0.19278350515463918,0.32130584192439865
eap,pythia-160m,control,draw_1,0.1,139,1392,11467,0.012121740647074213,139,1392,132,1399,0.0943531093638313,0.09482758620689655,0.9496402877697842,0.17243631613324625
eap,pythia-160m,control,draw_1,0.2,278,1392,11467,0.024243481294148425,278,1392,241,1429,0.16864940517844645,0.17313218390804597,0.8669064748201439,0.288622754491018
eap,pythia-160m,control,draw_1,0.3,418,1392,11467,0.03645242870846778,418,1392,340,1470,0.23129251700680273,0.2442528735632184,0.8133971291866029,0.3756906077348066
eap,pythia-160m,control,draw_1,0.5,696,1392,11467,0.060695910002616205,696,1392,472,1616,0.29207920792079206,0.3390804597701149,0.6781609195402298,0.4521072796934866
eap,pythia-160m,control,draw_1,0.75,1044,1392,11467,0.0910438650039243,1044,1392,625,1811,0.3451131971286582,0.4489942528735632,0.5986590038314177,0.513136288998358
eap,pythia-160m,control,draw_1,1.0,1392,1392,11467,0.12139182000523241,1392,1392,752,2032,0.3700787401574803,0.5402298850574713,0.5402298850574713,0.5402298850574713
eap,pythia-160m,control,draw_1,1.5,2088,1392,11467,0.1820877300078486,2088,1392,967,2513,0.3847990449661759,0.694683908045977,0.4631226053639847,0.5557471264367816
eap,pythia-160m,control,draw_1,2.0,2784,1392,11467,0.24278364001046482,2784,1392,1086,3090,0.35145631067961164,0.7801724137931034,0.3900862068965517,0.5201149425287356
eap,pythia-160m,control,draw_1,3.0,4176,1392,11467,0.3641754600156972,4176,1392,1230,4338,0.2835408022130014,0.8836206896551724,0.29454022988505746,0.4418103448275862
eap,pythia-160m,control,draw_1,5.0,6960,1392,11467,0.606959100026162,6960,1392,1348,7004,0.19246145059965733,0.9683908045977011,0.19367816091954024,0.3227969348659004
eap,pythia-410m,low,draw_1,0.1,396,3957,80581,0.004914309824896688,396,3957,336,4017,0.08364451082897685,0.08491281273692192,0.8484848484848485,0.1543762922122674
eap,pythia-410m,low,draw_1,0.2,791,3957,80581,0.009816209776498183,791,3957,609,4139,0.14713698961101715,0.15390447308567096,0.7699115044247787,0.2565290648694187
eap,pythia-410m,low,draw_1,0.3,1187,3957,80581,0.01473051960139487,1187,3957,861,4283,0.20102731730095727,0.2175890826383624,0.7253580454928391,0.3347589424572317
eap,pythia-410m,low,draw_1,0.5,1978,3957,80581,0.024546729377893053,1978,3957,1227,4708,0.2606202209005947,0.3100833965125095,0.6203235591506572,0.41347935973041283
eap,pythia-410m,low,draw_1,0.75,2968,3957,80581,0.03683250394013477,2968,3957,1593,5332,0.2987621905476369,0.4025777103866566,0.5367250673854448,0.460072202166065
eap,pythia-410m,low,draw_1,1.0,3957,3957,80581,0.0491058686290813,3957,3957,1892,6022,0.31418133510461643,0.47814000505433407,0.47814000505433407,0.47814000505433407
eap,pythia-410m,low,draw_1,1.5,5936,3957,80581,0.07366500788026954,5936,3957,2396,7497,0.31959450446845405,0.605509224159717,0.4036388140161725,0.4843828969978773
eap,pythia-410m,low,draw_1,2.0,7914,3957,80581,0.0982117372581626,7914,3957,2722,9149,0.2975188545196196,0.6878948698508971,0.34394743492544855,0.4585965799005981
eap,pythia-410m,low,draw_1,3.0,11871,3957,80581,0.14731760588724388,11871,3957,3142,12686,0.24767460192338012,0.7940358857720495,0.2646786285906832,0.39701794288602477
eap,pythia-410m,low,draw_1,5.0,19785,3957,80581,0.24552934314540648,19785,3957,3579,20163,0.17750334771611367,0.9044730856709629,0.18089461713419258,0.3014910285569876
eap,pythia-410m,medium,draw_1,0.1,381,3809,80581,0.004728161725468783,381,3809,302,3888,0.07767489711934156,0.07928590181149908,0.7926509186351706,0.1441527446300716
eap,pythia-410m,medium,draw_1,0.2,762,3809,80581,0.009456323450937566,762,3809,552,4019,0.1373475989052003,0.14491992648989235,0.7244094488188977,0.24152264274775762
eap,pythia-410m,medium,draw_1,0.3,1143,3809,80581,0.01418448517640635,1143,3809,778,4174,0.18639195016770485,0.20425308479915988,0.6806649168853893,0.31421647819063003
eap,pythia-410m,medium,draw_1,0.5,1904,3809,80581,0.02362839875404872,1904,3809,1135,4578,0.24792485801660114,0.29797847203990546,0.5961134453781513,0.3973394013653072
eap,pythia-410m,medium,draw_1,0.75,2857,3809,80581,0.03545500800436827,2857,3809,1518,5148,0.2948717948717949,0.398529797847204,0.5313265663283164,0.45544554455445546
eap,pythia-410m,medium,draw_1,1.0,3809,3809,80581,0.04726920738139263,3809,3809,1826,5792,0.3152624309392265,0.4793909162509845,0.4793909162509845,0.4793909162509845
eap,pythia-410m,medium,draw_1,1.5,5714,3809,80581,0.07091001600873655,5714,3809,2279,7244,0.3146051905024848,0.5983197689682331,0.39884494224711237,0.4786306836081067
eap,pythia-410m,medium,draw_1,2.0,7618,3809,80581,0.09453841476278527,7618,3809,2599,8828,0.294404168554599,0.6823313205565765,0.34116566027828826,0.45488754703771767
eap,pythia-410m,medium,draw_1,3.0,11427,3809,80581,0.14180762214417791,11427,3809,3016,12220,0.24680851063829787,0.7918088737201365,0.26393629124004553,0.39590443686006827
eap,pythia-410m,medium,draw_1,5.0,19045,3809,80581,0.23634603690696318,19045,3809,3446,19408,0.17755564715581204,0.9046993961669729,0.18093987923339458,0.301566465388991
eap,pythia-410m,high,draw_1,0.1,348,3480,80581,0.004318635906727392,348,3480,285,3543,0.08044030482641829,0.08189655172413793,0.8189655172413793,0.14890282131661442
eap,pythia-410m,high,draw_1,0.2,696,3480,80581,0.008637271813454785,696,3480,522,3654,0.14285714285714285,0.15,0.75,0.25
eap,pythia-410m,high,draw_1,0.3,1044,3480,80581,0.012955907720182177,1044,3480,728,3796,0.1917808219178082,0.20919540229885059,0.6973180076628352,0.3218390804597701
eap,pythia-410m,high,draw_1,0.5,1740,3480,80581,0.02159317953363696,1740,3480,1050,4170,0.2517985611510791,0.3017241379310345,0.603448275862069,0.40229885057471265
eap,pythia-410m,high,draw_1,0.75,2610,3480,80581,0.032389769300455444,2610,3480,1364,4726,0.28861616589081673,0.39195402298850573,0.5226053639846743,0.44794745484400655
eap,pythia-410m,high,draw_1,1.0,3480,3480,80581,0.04318635906727392,3480,3480,1633,5327,0.3065515299418059,0.4692528735632184,0.4692528735632184,0.4692528735632184
eap,pythia-410m,high,draw_1,1.5,5220,3480,80581,0.06477953860091089,5220,3480,2057,6643,0.3096492548547343,0.5910919540229885,0.39406130268199235,0.4728735632183908
eap,pythia-410m,high,draw_1,2.0,6960,3480,80581,0.08637271813454785,6960,3480,2337,8103,0.28841169937060346,0.6715517241379311,0.33577586206896554,0.4477011494252874
eap,pythia-410m,high,draw_1,3.0,10440,3480,80581,0.12955907720182178,10440,3480,2687,11233,0.23920591115463366,0.7721264367816092,0.2573754789272031,0.3860632183908046
eap,pythia-410m,high,draw_1,5.0,17400,3480,80581,0.2159317953363696,17400,3480,3086,17794,0.17342924581319547,0.8867816091954023,0.17735632183908046,0.29559386973180074
eap,pythia-410m,very_high,draw_1,0.1,313,3131,80581,0.0038842903413956143,313,3131,248,3196,0.07759699624530664,0.07920792079207921,0.792332268370607,0.1440185830429733
eap,pythia-410m,very_high,draw_1,0.2,626,3131,80581,0.007768580682791229,626,3131,447,3310,0.1350453172205438,0.14276588949217503,0.7140575079872205,0.23795581581048708
eap,pythia-410m,very_high,draw_1,0.3,939,3131,80581,0.011652871024186844,939,3131,616,3454,0.17834394904458598,0.19674225487064836,0.6560170394036209,0.3027027027027027
eap,pythia-410m,very_high,draw_1,0.5,1566,3131,80581,0.019433861580273267,1566,3131,918,3779,0.24292140777983592,0.29319706164164805,0.5862068965517241,0.3908878007238663
eap,pythia-410m,very_high,draw_1,0.75,2348,3131,80581,0.029138382497114704,2348,3131,1203,4276,0.2813376987839102,0.38422229319706164,0.512350936967632,0.43913122832633694
eap,pythia-410m,very_high,draw_1,1.0,3131,3131,80581,0.038855313287251336,3131,3131,1423,4839,0.29406902252531514,0.4544873842222932,0.4544873842222932,0.4544873842222932
eap,pythia-410m,very_high,draw_1,1.5,4696,3131,80581,0.05827676499422941,4696,3131,1780,6047,0.29436084008599306,0.5685084637496007,0.379045996592845,0.4548358247093395
eap,pythia-410m,very_high,draw_1,2.0,6262,3131,80581,0.07771062657450267,6262,3131,2039,7354,0.27726407397334785,0.6512296390929415,0.32561481954647076,0.4341530927286277
eap,pythia-410m,very_high,draw_1,3.0,9393,3131,80581,0.11656593986175401,9393,3131,2374,10150,0.23389162561576354,0.758224209517726,0.2527414031725753,0.379112104758863
eap,pythia-410m,very_high,draw_1,5.0,15655,3131,80581,0.19427656643625668,15655,3131,2747,16039,0.17127002930357255,0.8773554774832322,0.17547109549664644,0.29245182582774404
eap,pythia-410m,control,draw_1,0.1,342,3425,80581,0.00424417666695623,342,3425,265,3502,0.07567104511707595,0.07737226277372262,0.7748538011695907,0.14069551367135652
eap,pythia-410m,control,draw_1,0.2,685,3425,80581,0.008500763207207655,685,3425,490,3620,0.13535911602209943,0.14306569343065692,0.7153284671532847,0.2384428223844282
eap,pythia-410m,control,draw_1,0.3,1028,3425,80581,0.012757349747459078,1028,3425,680,3773,0.18022793532997614,0.19854014598540146,0.6614785992217899,0.3054120817426454
eap,pythia-410m,control,draw_1,0.5,1712,3425,80581,0.02124570308137154,1712,3425,990,4147,0.23872679045092837,0.28905109489051095,0.5782710280373832,0.3854389721627409
eap,pythia-410m,control,draw_1,0.75,2569,3425,80581,0.0318809644953525,2569,3425,1299,4695,0.2766773162939297,0.3792700729927007,0.5056442195406773,0.43343343343343343
eap,pythia-410m,control,draw_1,1.0,3425,3425,80581,0.04250381603603827,3425,3425,1539,5311,0.2897759367350781,0.44934306569343063,0.44934306569343063,0.44934306569343063
eap,pythia-410m,control,draw_1,1.5,5138,3425,80581,0.063761928990705,5138,3425,1968,6595,0.29840788476118274,0.5745985401459854,0.3830284157259634,0.45965199112460586
eap,pythia-410m,control,draw_1,2.0,6850,3425,80581,0.08500763207207654,6850,3425,2256,8019,0.28133183688739244,0.6586861313868613,0.32934306569343064,0.4391240875912409
eap,pythia-410m,control,draw_1,3.0,10275,3425,80581,0.12751144810811482,10275,3425,2616,11084,0.23601587874413568,0.7637956204379562,0.2545985401459854,0.3818978102189781
eap,pythia-410m,control,draw_1,5.0,17125,3425,80581,0.21251908018019136,17125,3425,3036,17514,0.17334703665638918,0.8864233576642335,0.17728467153284672,0.2954744525547445
eap,pythia-1b,low,draw_1,0.1,97,972,10009,0.009691277849935058,97,972,75,994,0.07545271629778671,0.07716049382716049,0.7731958762886598,0.1403180542563143
eap,pythia-1b,low,draw_1,0.2,194,972,10009,0.019382555699870116,194,972,143,1023,0.13978494623655913,0.147119341563786,0.7371134020618557,0.24528301886792453
eap,pythia-1b,low,draw_1,0.3,292,972,10009,0.02917374363073234,292,972,203,1061,0.19132893496701225,0.2088477366255144,0.6952054794520548,0.3212025316455696
eap,pythia-1b,low,draw_1,0.5,486,972,10009,0.04855629933060246,486,972,306,1152,0.265625,0.3148148148148148,0.6296296296296297,0.41975308641975306
eap,pythia-1b,low,draw_1,0.75,729,972,10009,0.07283444899590369,729,972,406,1295,0.31351351351351353,0.4176954732510288,0.5569272976680384,0.4773662551440329
eap,pythia-1b,low,draw_1,1.0,972,972,10009,0.09711259866120492,972,972,479,1465,0.326962457337884,0.492798353909465,0.492798353909465,0.492798353909465
eap,pythia-1b,low,draw_1,1.5,1458,972,10009,0.14566889799180738,1458,972,601,1829,0.3285948605795517,0.6183127572016461,0.4122085048010974,0.49465020576131685
eap,pythia-1b,low,draw_1,2.0,1944,972,10009,0.19422519732240984,1944,972,681,2235,0.3046979865771812,0.7006172839506173,0.35030864197530864,0.4670781893004115
eap,pythia-1b,low,draw_1,3.0,2916,972,10009,0.29133779598361476,2916,972,804,3084,0.2607003891050584,0.8271604938271605,0.2757201646090535,0.41358024691358025
eap,pythia-1b,low,draw_1,5.0,4860,972,10009,0.4855629933060246,4860,972,908,4924,0.1844029244516653,0.934156378600823,0.1868312757201646,0.3113854595336077
eap,pythia-1b,medium,draw_1,0.1,90,904,10009,0.0089919072834449,90,904,74,920,0.08043478260869565,0.08185840707964602,0.8222222222222222,0.1488933601609658
eap,pythia-1b,medium,draw_1,0.2,181,904,10009,0.018083724647816966,181,904,138,947,0.1457233368532207,0.15265486725663716,0.7624309392265194,0.2543778801843318
eap,pythia-1b,medium,draw_1,0.3,271,904,10009,0.027075631931261866,271,904,195,980,0.1989795918367347,0.2157079646017699,0.7195571955719557,0.33191489361702126
eap,pythia-1b,medium,draw_1,0.5,452,904,10009,0.04515935657907883,452,904,275,1081,0.2543940795559667,0.30420353982300885,0.6084070796460177,0.4056047197640118
eap,pythia-1b,medium,draw_1,0.75,678,904,10009,0.06773903486861825,678,904,355,1227,0.2893235533822331,0.3926991150442478,0.523598820058997,0.44879898862199746
eap,pythia-1b,medium,draw_1,1.0,904,904,10009,0.09031871315815766,904,904,421,1387,0.3035328046142754,0.4657079646017699,0.4657079646017699,0.4657079646017699
eap,pythia-1b,medium,draw_1,1.5,1356,904,10009,0.1354780697372365,1356,904,521,1739,0.2995974698102358,0.5763274336283186,0.38421828908554573,0.46106194690265484
eap,pythia-1b,medium,draw_1,2.0,1808,904,10009,0.18063742631631532,1808,904,608,2104,0.2889733840304182,0.672566371681416,0.336283185840708,0.44837758112094395
eap,pythia-1b,medium,draw_1,3.0,2712,904,10009,0.270956139474473,2712,904,723,2893,0.24991358451434498,0.7997787610619469,0.2665929203539823,0.39988938053097345
eap,pythia-1b,medium,draw_1,5.0,4520,904,10009,0.4515935657907883,4520,904,828,4596,0.1801566579634465,0.915929203539823,0.1831858407079646,0.3053097345132743
eap,pythia-1b,high,draw_1,0.1,100,1002,10009,0.009991008092716556,100,1002,90,1012,0.08893280632411067,0.08982035928143713,0.9,0.16333938294010888
eap,pythia-1b,high,draw_1,0.2,200,1002,10009,0.01998201618543311,200,1002,164,1038,0.1579961464354528,0.16367265469061876,0.82,0.27287853577371046
eap,pythia-1b,high,draw_1,0.3,301,1002,10009,0.03007293435907683,301,1002,229,1074,0.2132216014897579,0.22854291417165667,0.760797342192691,0.35149654643131234
eap,pythia-1b,high,draw_1,0.5,501,1002,10009,0.05005495054450994,501,1002,320,1183,0.2704987320371936,0.3193612774451098,0.6387225548902196,0.4258150365934797
eap,pythia-1b,high,draw_1,0.75,752,1002,10009,0.0751323808572285,752,1002,425,1329,0.3197893152746426,0.4241516966067864,0.5651595744680851,0.4846066134549601
eap,pythia-1b,high,draw_1,1.0,1002,1002,10009,0.10010990108901988,1002,1002,498,1506,0.33067729083665337,0.49700598802395207,0.49700598802395207,0.49700598802395207
eap,pythia-1b,high,draw_1,1.5,1503,1002,10009,0.15016485163352983,1503,1002,619,1886,0.3282078472958643,0.6177644710578842,0.41184298070525616,0.4942115768463074
eap,pythia-1b,high,draw_1,2.0,2004,1002,10009,0.20021980217803975,2004,1002,710,2296,0.30923344947735193,0.7085828343313373,0.35429141716566864,0.47238855622089154
eap,pythia-1b,high,draw_1,3.0,3006,1002,10009,0.30032970326705966,3006,1002,823,3185,0.2583987441130298,0.8213572854291418,0.2737857618097139,0.4106786427145709
eap,pythia-1b,high,draw_1,5.0,5010,1002,10009,0.5005495054450995,5010,1002,947,5065,0.18696939782823296,0.9451097804391217,0.18902195608782435,0.31503659347970725
eap,pythia-1b,very_high,draw_1,0.1,82,817,10009,0.008192626636027576,82,817,65,834,0.07793764988009592,0.0795593635250918,0.7926829268292683,0.1446051167964405
eap,pythia-1b,very_high,draw_1,0.2,163,817,10009,0.016285343191127986,163,817,125,855,0.14619883040935672,0.15299877600979192,0.7668711656441718,0.25510204081632654
eap,pythia-1b,very_high,draw_1,0.3,245,817,10009,0.02447796982715556,245,817,167,895,0.18659217877094972,0.204406364749082,0.6816326530612244,0.3145009416195857
eap,pythia-1b,very_high,draw_1,0.5,408,817,10009,0.040763313018283544,408,817,246,979,0.2512768130745659,0.3011015911872705,0.6029411764705882,0.4016326530612245
eap,pythia-1b,very_high,draw_1,0.75,613,817,10009,0.06124487960835248,613,817,331,1099,0.30118289353958144,0.40514075887392903,0.5399673735725938,0.46293706293706294
eap,pythia-1b,very_high,draw_1,1.0,817,817,10009,0.08162653611749425,817,817,384,1250,0.3072,0.4700122399020808,0.4700122399020808,0.4700122399020808
eap,pythia-1b,very_high,draw_1,1.5,1226,817,10009,0.12248975921670496,1226,817,474,1569,0.30210325047801145,0.5801713586291309,0.3866231647634584,0.46402349486049926
eap,pythia-1b,very_high,draw_1,2.0,1634,817,10009,0.1632530722349885,1634,817,554,1897,0.29204006325777543,0.6780905752753978,0.3390452876376989,0.45206038351693184
eap,pythia-1b,very_high,draw_1,3.0,2451,817,10009,0.24487960835248276,2451,817,652,2616,0.2492354740061162,0.7980416156670747,0.26601387188902487,0.3990208078335373
eap,pythia-1b,very_high,draw_1,5.0,4085,817,10009,0.40813268058747126,4085,817,744,4158,0.17893217893217894,0.9106487148102815,0.1821297429620563,0.30354957160342716
eap,pythia-1b,control,draw_1,0.1,93,928,10009,0.009291637526226396,93,928,73,948,0.0770042194092827,0.07866379310344827,0.7849462365591398,0.14299706170421156
eap,pythia-1b,control,draw_1,0.2,186,928,10009,0.018583275052452792,186,928,140,974,0.1437371663244353,0.15086206896551724,0.7526881720430108,0.2513464991023339
eap,pythia-1b,control,draw_1,0.3,278,928,10009,0.027775002497752024,278,928,192,1014,0.1893491124260355,0.20689655172413793,0.6906474820143885,0.31840796019900497
eap,pythia-1b,control,draw_1,0.5,464,928,10009,0.046358277550204816,464,928,279,1113,0.25067385444743934,0.30064655172413796,0.6012931034482759,0.40086206896551724
eap,pythia-1b,control,draw_1,0.75,696,928,10009,0.06953741632530723,696,928,379,1245,0.3044176706827309,0.4084051724137931,0.5445402298850575,0.4667487684729064
eap,pythia-1b,control,draw_1,1.0,928,928,10009,0.09271655510040963,928,928,444,1412,0.31444759206798867,0.47844827586206895,0.47844827586206895,0.47844827586206895
eap,pythia-1b,control,draw_1,1.5,1392,928,10009,0.13907483265061446,1392,928,548,1772,0.309255079006772,0.5905172413793104,0.3936781609195402,0.4724137931034483
eap,pythia-1b,control,draw_1,2.0,1856,928,10009,0.18543311020081926,1856,928,641,2143,0.29911339244050394,0.6907327586206896,0.3453663793103448,0.46048850574712646
eap,pythia-1b,control,draw_1,3.0,2784,928,10009,0.2781496653012289,2784,928,760,2952,0.25745257452574527,0.8189655172413793,0.27298850574712646,0.40948275862068967
eap,pythia-1b,control,draw_1,5.0,4640,928,10009,0.4635827755020482,4640,928,868,4700,0.18468085106382978,0.9353448275862069,0.1870689655172414,0.3117816091954023
eap,pythia-1.4b,low,draw_1,0.1,251,2507,80581,0.0031148781970936077,251,2507,198,2560,0.07734375,0.07897885919425608,0.7888446215139442,0.14358230601885424
eap,pythia-1.4b,low,draw_1,0.2,501,2507,80581,0.006217346520892022,501,2507,351,2657,0.13210387655250283,0.14000797766254489,0.7005988023952096,0.23337765957446807
eap,pythia-1.4b,low,draw_1,0.3,752,2507,80581,0.00933222471798563,752,2507,468,2791,0.16768183446793264,0.18667730355005982,0.6223404255319149,0.2872046640073642
eap,pythia-1.4b,low,draw_1,0.5,1254,2507,80581,0.015561981112172845,1254,2507,646,3115,0.20738362760834672,0.25767850019944155,0.5151515151515151,0.34352565806966234
eap,pythia-1.4b,low,draw_1,0.75,1880,2507,80581,0.023330561794964073,1880,2507,855,3532,0.24207248018120045,0.34104507379337856,0.45478723404255317,0.389788010029633
eap,pythia-1.4b,low,draw_1,1.0,2507,2507,80581,0.031111552351050495,2507,2507,998,4016,0.24850597609561753,0.39808536098923014,0.39808536098923014,0.39808536098923014
eap,pythia-1.4b,low,draw_1,1.5,3760,2507,80581,0.04666112358992815,3760,2507,1222,5045,0.24222001982160554,0.4874351814918229,0.325,0.38997925642253073
eap,pythia-1.4b,low,draw_1,2.0,5014,2507,80581,0.06222310470210099,5014,2507,1401,6120,0.22892156862745097,0.5588352612684483,0.27941763063422415,0.37255684084563223
eap,pythia-1.4b,low,draw_1,3.0,7521,2507,80581,0.09333465705315148,7521,2507,1631,8397,0.19423603667976658,0.6505783805345033,0.2168594601781678,0.32528919026725167
eap,pythia-1.4b,low,draw_1,5.0,12535,2507,80581,0.1555577617552525,12535,2507,1944,13098,0.1484196060467247,0.775428799361787,0.1550857598723574,0.258476266453929
eap,pythia-1.4b,medium,draw_1,0.1,255,2551,80581,0.0031645176902743823,255,2551,209,2597,0.08047747400847131,0.08192865542924344,0.8196078431372549,0.14896650035637918
eap,pythia-1.4b,medium,draw_1,0.2,510,2551,80581,0.006329035380548765,510,2551,351,2710,0.12952029520295202,0.13759310074480596,0.6882352941176471,0.22933681803332245
eap,pythia-1.4b,medium,draw_1,0.3,765,2551,80581,0.009493553070823148,765,2551,470,2846,0.1651440618411806,0.18424147393179147,0.6143790849673203,0.28347406513872137
eap,pythia-1.4b,medium,draw_1,0.5,1276,2551,80581,0.015834998324667105,1276,2551,680,3147,0.21607880521131237,0.26656213249705996,0.5329153605015674,0.35536974131173243
eap,pythia-1.4b,medium,draw_1,0.75,1913,2551,80581,0.023740087613705465,1913,2551,859,3605,0.23828016643550623,0.33673069384555077,0.4490329325666492,0.38485663082437277
eap,pythia-1.4b,medium,draw_1,1.0,2551,2551,80581,0.03165758677603902,2551,2551,1020,4082,0.24987751102400785,0.39984319874559,0.39984319874559,0.39984319874559
eap,pythia-1.4b,medium,draw_1,1.5,3826,2551,80581,0.04748017522741093,3826,2551,1260,5117,0.24623803009575923,0.49392395139161116,0.3293256664924203,0.3951701427003293
eap,pythia-1.4b,medium,draw_1,2.0,5102,2551,80581,0.06331517355207804,5102,2551,1462,6191,0.23614924890970765,0.573108584868679,0.2865542924343395,0.3820723899124526
eap,pythia-1.4b,medium,draw_1,3.0,7653,2551,80581,0.09497276032811705,7653,2551,1728,8476,0.2038697498820198,0.6773814190513524,0.2257938063504508,0.3386907095256762
eap,pythia-1.4b,medium,draw_1,5.0,12755,2551,80581,0.15828793388019508,12755,2551,2078,13228,0.15709101905049894,0.8145825166601333,0.16291650333202665,0.27152750555337773
eap,pythia-1.4b,high,draw_1,0.1,216,2162,80581,0.0026805326317618297,216,2162,165,2213,0.0745594215996385,0.07631822386679,0.7638888888888888,0.13877207737594618
eap,pythia-1.4b,high,draw_1,0.2,432,2162,80581,0.005361065263523659,432,2162,299,2295,0.13028322440087145,0.13829787234042554,0.6921296296296297,0.2305319969159599
eap,pythia-1.4b,high,draw_1,0.3,649,2162,80581,0.008054007768580684,649,2162,406,2405,0.16881496881496882,0.1877890841813136,0.6255778120184899,0.2888651725364639
eap,pythia-1.4b,high,draw_1,0.5,1081,2162,80581,0.013415073032104343,1081,2162,559,2684,0.20827123695976155,0.2585568917668825,0.517113783533765,0.34474252235584335
eap,pythia-1.4b,high,draw_1,0.75,1622,2162,80581,0.020128814484804112,1622,2162,742,3042,0.24391847468770544,0.34320074005550416,0.45745992601726265,0.39217758985200846
eap,pythia-1.4b,high,draw_1,1.0,2162,2162,80581,0.026830146064208686,2162,2162,866,3458,0.25043377674956624,0.4005550416281221,0.4005550416281221,0.4005550416281221
eap,pythia-1.4b,high,draw_1,1.5,3243,2162,80581,0.040245219096313026,3243,2162,1079,4326,0.24942209893666203,0.49907493061979646,0.33271662041319766,0.3992599444958372
eap,pythia-1.4b,high,draw_1,2.0,4324,2162,80581,0.05366029212841737,4324,2162,1210,5276,0.2293404094010614,0.5596669750231268,0.2798334875115634,0.37311131668208447
eap,pythia-1.4b,high,draw_1,3.0,6486,2162,80581,0.08049043819262605,6486,2162,1400,7248,0.19315673289183222,0.6475485661424607,0.2158495220474869,0.32377428307123035
eap,pythia-1.4b,high,draw_1,5.0,10810,2162,80581,0.1341507303210434,10810,2162,1683,11289,0.14908317831517406,0.7784458834412581,0.1556891766882516,0.25948196114708605
eap,pythia-1.4b,very_high,draw_1,0.1,194,1940,80581,0.0024075154192675693,194,1940,148,1986,0.07452165156092648,0.07628865979381444,0.7628865979381443,0.1387066541705717
eap,pythia-1.4b,very_high,draw_1,0.2,388,1940,80581,0.0048150308385351386,388,1940,262,2066,0.12681510164569215,0.13505154639175257,0.6752577319587629,0.22508591065292097
eap,pythia-1.4b,very_high,draw_1,0.3,582,1940,80581,0.007222546257802708,582,1940,362,2160,0.1675925925925926,0.1865979381443299,0.6219931271477663,0.28707375099127674
eap,pythia-1.4b,very_high,draw_1,0.5,970,1940,80581,0.012037577096337846,970,1940,526,2384,0.22063758389261745,0.2711340206185567,0.5422680412371134,0.3615120274914089
eap,pythia-1.4b,very_high,draw_1,0.75,1455,1940,80581,0.01805636564450677,1455,1940,648,2747,0.2358937022206043,0.334020618556701,0.44536082474226807,0.38173784977908687
eap,pythia-1.4b,very_high,draw_1,1.0,1940,1940,80581,0.024075154192675693,1940,1940,756,3124,0.24199743918053776,0.38969072164948454,0.38969072164948454,0.38969072164948454
eap,pythia-1.4b,very_high,draw_1,1.5,2910,1940,80581,0.03611273128901354,2910,1940,919,3931,0.2337827524802849,0.47371134020618555,0.31580756013745703,0.37896907216494846
eap,pythia-1.4b,very_high,draw_1,2.0,3880,1940,80581,0.048150308385351386,3880,1940,1035,4785,0.21630094043887146,0.5335051546391752,0.2667525773195876,0.3556701030927835
eap,pythia-1.4b,very_high,draw_1,3.0,5820,1940,80581,0.07222546257802707,5820,1940,1242,6518,0.1905492482356551,0.6402061855670103,0.2134020618556701,0.3201030927835051
eap,pythia-1.4b,very_high,draw_1,5.0,9700,1940,80581,0.12037577096337847,9700,1940,1500,10140,0.14792899408284024,0.7731958762886598,0.15463917525773196,0.25773195876288657
eap,pythia-1.4b,control,draw_1,0.1,223,2233,80581,0.0027674017448281853,223,2233,168,2288,0.07342657342657342,0.07523510971786834,0.7533632286995515,0.13680781758957655
eap,pythia-1.4b,control,draw_1,0.2,447,2233,80581,0.005547213362951564,447,2233,299,2381,0.125577488450231,0.13390058217644424,0.668903803131991,0.22313432835820896
eap,pythia-1.4b,control,draw_1,0.3,670,2233,80581,0.00831461510777975,670,2233,391,2512,0.15565286624203822,0.17510076130765787,0.5835820895522388,0.26937650706166033
eap,pythia-1.4b,control,draw_1,0.5,1116,2233,80581,0.01384941859743612,1116,2233,555,2794,0.19863994273443092,0.24854455888938648,0.49731182795698925,0.33144222155867425
eap,pythia-1.4b,control,draw_1,0.75,1675,2233,80581,0.020786537769449373,1675,2233,734,3174,0.23125393824826718,0.32870577698163905,0.4382089552238806,0.37563971340839303
eap,pythia-1.4b,control,draw_1,1.0,2233,2233,80581,0.027711247068167435,2233,2233,867,3599,0.24090025006946375,0.3882669055082848,0.3882669055082848,0.3882669055082848
eap,pythia-1.4b,control,draw_1,1.5,3350,2233,80581,0.041573075538898746,3350,2233,1052,4531,0.23217832708011477,0.471115091804747,0.31402985074626866,0.3768583198996955
eap,pythia-1.4b,control,draw_1,2.0,4466,2233,80581,0.05542249413633487,4466,2233,1185,5514,0.21490750816104462,0.5306762203313927,0.26533811016569636,0.3537841468875952
eap,pythia-1.4b,control,draw_1,3.0,6699,2233,80581,0.0831337412045023,6699,2233,1424,7508,0.18966435801811402,0.6377071204657412,0.21256904015524705,0.3188535602328706
eap,pythia-1.4b,control,draw_1,5.0,11165,2233,80581,0.13855623534083716,11165,2233,1719,11679,0.14718725918314923,0.7698163905060457,0.15396327810120913,0.25660546350201524
eap,pythia-70m,low,draw_2,0.1,40,396,1324,0.030211480362537766,40,396,39,397,0.0982367758186398,0.09848484848484848,0.975,0.17889908256880735
eap,pythia-70m,low,draw_2,0.2,79,396,1324,0.05966767371601209,79,396,76,399,0.19047619047619047,0.1919191919191919,0.9620253164556962,0.32
eap,pythia-70m,low,draw_2,0.3,119,396,1324,0.08987915407854985,119,396,114,401,0.28428927680798005,0.2878787878787879,0.957983193277311,0.44271844660194176
eap,pythia-70m,low,draw_2,0.5,198,396,1324,0.14954682779456194,198,396,181,413,0.43825665859564167,0.45707070707070707,0.9141414141414141,0.6094276094276094
eap,pythia-70m,low,draw_2,0.75,297,396,1324,0.2243202416918429,297,396,249,444,0.5608108108108109,0.6287878787878788,0.8383838383838383,0.7186147186147186
eap,pythia-70m,low,draw_2,1.0,396,396,1324,0.2990936555891239,396,396,296,496,0.5967741935483871,0.7474747474747475,0.7474747474747475,0.7474747474747475
eap,pythia-70m,low,draw_2,1.5,594,396,1324,0.4486404833836858,594,396,345,645,0.5348837209302325,0.8712121212121212,0.5808080808080808,0.696969696969697
eap,pythia-70m,low,draw_2,2.0,792,396,1324,0.5981873111782477,792,396,375,813,0.4612546125461255,0.946969696969697,0.4734848484848485,0.6313131313131313
eap,pythia-70m,low,draw_2,3.0,1188,396,1324,0.8972809667673716,1188,396,392,1192,0.3288590604026846,0.98989898989899,0.32996632996632996,0.494949494949495
eap,pythia-70m,low,draw_2,5.0,1324,396,1324,1.0,1324,396,396,1324,0.2990936555891239,1.0,0.2990936555891239,0.4604651162790698
eap,pythia-70m,medium,draw_2,0.1,39,392,1324,0.02945619335347432,39,392,38,393,0.09669211195928754,0.09693877551020408,0.9743589743589743,0.17633410672853828
eap,pythia-70m,medium,draw_2,0.2,78,392,1324,0.05891238670694864,78,392,77,393,0.19592875318066158,0.19642857142857142,0.9871794871794872,0.3276595744680851
eap,pythia-70m,medium,draw_2,0.3,118,392,1324,0.0891238670694864,118,392,114,396,0.2878787878787879,0.29081632653061223,0.9661016949152542,0.4470588235294118
eap,pythia-70m,medium,draw_2,0.5,196,392,1324,0.14803625377643503,196,392,176,412,0.42718446601941745,0.4489795918367347,0.8979591836734694,0.5986394557823129
eap,pythia-70m,medium,draw_2,0.75,294,392,1324,0.22205438066465258,294,392,242,444,0.545045045045045,0.6173469387755102,0.8231292517006803,0.7055393586005831
eap,pythia-70m,medium,draw_2,1.0,392,392,1324,0.29607250755287007,392,392,291,493,0.59026369168357,0.7423469387755102,0.7423469387755102,0.7423469387755102
eap,pythia-70m,medium,draw_2,1.5,588,392,1324,0.44410876132930516,588,392,341,639,0.5336463223787168,0.8698979591836735,0.5799319727891157,0.6959183673469388
eap,pythia-70m,medium,draw_2,2.0,784,392,1324,0.5921450151057401,784,392,365,811,0.45006165228113443,0.9311224489795918,0.4655612244897959,0.6207482993197279
eap,pythia-70m,medium,draw_2,3.0,1176,392,1324,0.8882175226586103,1176,392,385,1183,0.3254437869822485,0.9821428571428571,0.3273809523809524,0.49107142857142855
eap,pythia-70m,medium,draw_2,5.0,1324,392,1324,1.0,1324,392,392,1324,0.29607250755287007,1.0,0.29607250755287007,0.4568764568764569
eap,pythia-70m,high,draw_2,0.1,40,405,1324,0.030211480362537766,40,405,39,406,0.0960591133004926,0.0962962962962963,0.975,0.1752808988764045
eap,pythia-70m,high,draw_2,0.2,81,405,1324,0.06117824773413897,81,405,79,407,0.1941031941031941,0.19506172839506172,0.9753086419753086,0.32510288065843623
eap,pythia-70m,high,draw_2,0.3,122,405,1324,0.09214501510574018,122,405,116,411,0.2822384428223844,0.28641975308641976,0.9508196721311475,0.44022770398481975
eap,pythia-70m,high,draw_2,0.5,202,405,1324,0.15256797583081572,202,405,175,432,0.4050925925925926,0.43209876543209874,0.8663366336633663,0.5766062602965404
eap,pythia-70m,high,draw_2,0.75,304,405,1324,0.229607250755287,304,405,253,456,0.5548245614035088,0.6246913580246913,0.8322368421052632,0.7136812411847673
eap,pythia-70m,high,draw_2,1.0,405,405,1324,0.30589123867069484,405,405,307,503,0.610337972166998,0.7580246913580246,0.7580246913580246,0.7580246913580246
eap,pythia-70m,high,draw_2,1.5,608,405,1324,0.459214501510574,608,405,352,661,0.5325264750378215,0.8691358024691358,0.5789473684210527,0.6949654491609082
eap,pythia-70m,high,draw_2,2.0,810,405,1324,0.6117824773413897,810,405,380,835,0.4550898203592814,0.9382716049382716,0.4691358024691358,0.6255144032921811
eap,pythia-70m,high,draw_2,3.0,1215,405,1324,0.9176737160120846,1215,405,401,1219,0.32895816242821985,0.9901234567901235,0.3300411522633745,0.49506172839506174
eap,pythia-70m,high,draw_2,5.0,1324,405,1324,1.0,1324,405,405,1324,0.30589123867069484,1.0,0.30589123867069484,0.4684788895315211
eap,pythia-70m,very_high,draw_2,0.1,42,417,1324,0.03172205438066465,42,417,40,419,0.0954653937947494,0.09592326139088729,0.9523809523809523,0.17429193899782136
eap,pythia-70m,very_high,draw_2,0.2,83,417,1324,0.06268882175226587,83,417,81,419,0.19331742243436753,0.19424460431654678,0.9759036144578314,0.324
eap,pythia-70m,very_high,draw_2,0.3,125,417,1324,0.09441087613293052,125,417,117,425,0.2752941176470588,0.2805755395683453,0.936,0.4317343173431734
eap,pythia-70m,very_high,draw_2,0.5,208,417,1324,0.15709969788519637,208,417,185,440,0.42045454545454547,0.44364508393285373,0.8894230769230769,0.592
eap,pythia-70m,very_high,draw_2,0.75,313,417,1324,0.236404833836858,313,417,262,468,0.5598290598290598,0.6282973621103117,0.8370607028753994,0.7178082191780822
eap,pythia-70m,very_high,draw_2,1.0,417,417,1324,0.3149546827794562,417,417,310,524,0.5916030534351145,0.7434052757793765,0.7434052757793765,0.7434052757793765
eap,pythia-70m,very_high,draw_2,1.5,626,417,1324,0.472809667673716,626,417,368,675,0.5451851851851852,0.882494004796163,0.5878594249201278,0.7056567593480345
eap,pythia-70m,very_high,draw_2,2.0,834,417,1324,0.6299093655589124,834,417,393,858,0.458041958041958,0.9424460431654677,0.4712230215827338,0.6282973621103117
eap,pythia-70m,very_high,draw_2,3.0,1251,417,1324,0.9448640483383686,1251,417,413,1255,0.3290836653386454,0.9904076738609112,0.3301358912869704,0.4952038369304556
eap,pythia-70m,very_high,draw_2,5.0,1324,417,1324,1.0,1324,417,417,1324,0.3149546827794562,1.0,0.3149546827794562,0.479035037334865
eap,pythia-70m,control,draw_2,0.1,41,410,1324,0.030966767371601207,41,410,39,412,0.09466019417475728,0.0951219512195122,0.9512195121951219,0.1729490022172949
eap,pythia-70m,control,draw_2,0.2,82,410,1324,0.061933534743202415,82,410,80,412,0.1941747572815534,0.1951219512195122,0.975609756097561,0.3252032520325203
eap,pythia-70m,control,draw_2,0.3,123,410,1324,0.09290030211480363,123,410,117,416,0.28125,0.28536585365853656,0.9512195121951219,0.43902439024390244
eap,pythia-70m,control,draw_2,0.5,205,410,1324,0.15483383685800603,205,410,180,435,0.41379310344827586,0.43902439024390244,0.8780487804878049,0.5853658536585366
eap,pythia-70m,control,draw_2,0.75,308,410,1324,0.2326283987915408,308,410,250,468,0.5341880341880342,0.6097560975609756,0.8116883116883117,0.6963788300835655
eap,pythia-70m,control,draw_2,1.0,410,410,1324,0.30966767371601206,410,410,308,512,0.6015625,0.751219512195122,0.751219512195122,0.751219512195122
eap,pythia-70m,control,draw_2,1.5,615,410,1324,0.4645015105740181,615,410,358,667,0.5367316341829086,0.8731707317073171,0.5821138211382114,0.6985365853658536
eap,pythia-70m,control,draw_2,2.0,820,410,1324,0.6193353474320241,820,410,390,840,0.4642857142857143,0.9512195121951219,0.47560975609756095,0.6341463414634146
eap,pythia-70m,control,draw_2,3.0,1230,410,1324,0.9290030211480362,1230,410,407,1233,0.33008921330089214,0.9926829268292683,0.3308943089430894,0.49634146341463414
eap,pythia-70m,control,draw_2,5.0,1324,410,1324,1.0,1324,410,410,1324,0.30966767371601206,1.0,0.30966767371601206,0.4728950403690888
eap,pythia-160m,low,draw_2,0.1,148,1483,11467,0.012906601552280458,148,1483,139,1492,0.09316353887399464,0.09372892784895483,0.9391891891891891,0.17044757817290007
eap,pythia-160m,low,draw_2,0.2,297,1483,11467,0.025900409871806054,297,1483,262,1518,0.1725955204216074,0.17666891436277815,0.8821548821548821,0.2943820224719101
eap,pythia-160m,low,draw_2,0.3,445,1483,11467,0.03880701142408651,445,1483,360,1568,0.22959183673469388,0.24275118004045854,0.8089887640449438,0.37344398340248963
eap,pythia-160m,low,draw_2,0.5,742,1483,11467,0.06470742129589256,742,1483,543,1682,0.32282996432818073,0.366149696561025,0.7318059299191375,0.4880898876404494
eap,pythia-160m,low,draw_2,0.75,1112,1483,11467,0.0969739251765937,1112,1483,705,1890,0.373015873015873,0.4753877275792313,0.6339928057553957,0.5433526011560693
eap,pythia-160m,low,draw_2,1.0,1483,1483,11467,0.12932763582454,1483,1483,844,2122,0.3977379830348728,0.5691166554281861,0.5691166554281861,0.5691166554281861
eap,pythia-160m,low,draw_2,1.5,2224,1483,11467,0.1939478503531874,2224,1483,1035,2672,0.3873502994011976,0.6979096426163183,0.4653776978417266,0.5584030213110331
eap,pythia-160m,low,draw_2,2.0,2966,1483,11467,0.25865527164908,2966,1483,1184,3265,0.3626339969372129,0.7983816587997303,0.39919082939986517,0.5322544391998202
eap,pythia-160m,low,draw_2,3.0,4449,1483,11467,0.38798290747361996,4449,1483,1342,4590,0.2923747276688453,0.9049224544841538,0.3016408181613846,0.4524612272420769
eap,pythia-160m,low,draw_2,5.0,7415,1483,11467,0.6466381791226999,7415,1483,1443,7455,0.19356136820925554,0.9730276466621712,0.19460552933243425,0.32434254888739045
eap,pythia-160m,medium,draw_2,0.1,151,1513,11467,0.013168221854015871,151,1513,140,1524,0.09186351706036745,0.09253139458030403,0.9271523178807947,0.16826923076923078
eap,pythia-160m,medium,draw_2,0.2,303,1513,11467,0.02642365047527688,303,1513,262,1554,0.16859716859716858,0.17316589557171183,0.8646864686468647,0.28854625550660795
eap,pythia-160m,medium,draw_2,0.3,454,1513,11467,0.03959187232929275,454,1513,362,1605,0.22554517133956387,0.23925974884335757,0.7973568281938326,0.3680732079308592
eap,pythia-160m,medium,draw_2,0.5,756,1513,11467,0.06592831603732449,756,1513,531,1738,0.3055235903337169,0.35095836087243887,0.7023809523809523,0.46804759806081975
eap,pythia-160m,medium,draw_2,0.75,1135,1513,11467,0.09897968082323189,1135,1513,702,1946,0.3607399794450154,0.4639788499669531,0.6185022026431718,0.5302114803625377
eap,pythia-160m,medium,draw_2,1.0,1513,1513,11467,0.13194383884189412,1513,1513,834,2192,0.38047445255474455,0.5512227362855254,0.5512227362855254,0.5512227362855254
eap,pythia-160m,medium,draw_2,1.5,2270,1513,11467,0.19795936164646377,2270,1513,1027,2756,0.37264150943396224,0.6787838730998017,0.4524229074889868,0.5429553264604811
eap,pythia-160m,medium,draw_2,2.0,3026,1513,11467,0.26388767768378824,3026,1513,1190,3349,0.3553299492385787,0.7865168539325843,0.39325842696629215,0.5243445692883895
eap,pythia-160m,medium,draw_2,3.0,4539,1513,11467,0.3958315165256824,4539,1513,1342,4710,0.2849256900212314,0.8869795109054858,0.29565983696849524,0.4434897554527429
eap,pythia-160m,medium,draw_2,5.0,7565,1513,11467,0.6597191942094707,7565,1513,1478,7600,0.19447368421052633,0.976867151354924,0.1953734302709848,0.32562238378497466
eap,pythia-160m,high,draw_2,0.1,145,1454,11467,0.012644981250545043,145,1454,132,1467,0.08997955010224949,0.0907840440165062,0.9103448275862069,0.1651031894934334
eap,pythia-160m,high,draw_2,0.2,291,1454,11467,0.025377169268335224,291,1454,247,1498,0.16488651535380508,0.16987620357634112,0.8487972508591065,0.2830945558739255
eap,pythia-160m,high,draw_2,0.3,436,1454,11467,0.03802215051888026,436,1454,337,1553,0.2169993560849968,0.23177441540577717,0.7729357798165137,0.3566137566137566
eap,pythia-160m,high,draw_2,0.5,727,1454,11467,0.06339931978721548,727,1454,498,1683,0.29590017825311943,0.3425034387895461,0.6850068775790922,0.45667125171939477
eap,pythia-160m,high,draw_2,0.75,1090,1454,11467,0.09505537629720066,1090,1454,661,1883,0.3510355815188529,0.4546079779917469,0.6064220183486239,0.5196540880503144
eap,pythia-160m,high,draw_2,1.0,1454,1454,11467,0.12679863957443097,1454,1454,780,2128,0.36654135338345867,0.5364511691884457,0.5364511691884457,0.5364511691884457
eap,pythia-160m,high,draw_2,1.5,2181,1454,11467,0.19019795936164646,2181,1454,984,2651,0.37118068653338365,0.6767537826685007,0.4511691884456671,0.5414030261348005
eap,pythia-160m,high,draw_2,2.0,2908,1454,11467,0.25359727914886193,2908,1454,1102,3260,0.3380368098159509,0.7579092159559835,0.37895460797799174,0.5052728106373223
eap,pythia-160m,high,draw_2,3.0,4362,1454,11467,0.3803959187232929,4362,1454,1269,4547,0.2790851110622388,0.8727647867950481,0.2909215955983494,0.43638239339752405
eap,pythia-160m,high,draw_2,5.0,7270,1454,11467,0.6339931978721549,7270,1454,1398,7326,0.19082719082719082,0.9614855570839065,0.1922971114167813,0.3204951856946355
eap,pythia-160m,very_high,draw_2,0.1,131,1306,11467,0.011424086509113108,131,1306,122,1315,0.09277566539923954,0.09341500765696784,0.9312977099236641,0.1697981906750174
eap,pythia-160m,very_high,draw_2,0.2,261,1306,11467,0.022760966250981077,261,1306,226,1341,0.168530947054437,0.17304747320061256,0.8659003831417624,0.28844926611359284
eap,pythia-160m,very_high,draw_2,0.3,392,1306,11467,0.03418505276009418,392,1306,316,1382,0.22865412445730826,0.24196018376722817,0.8061224489795918,0.37220259128386335
eap,pythia-160m,very_high,draw_2,0.5,653,1306,11467,0.05694601901107526,653,1306,459,1500,0.306,0.35145482388973964,0.7029096477794793,0.4686064318529862
eap,pythia-160m,very_high,draw_2,0.75,980,1306,11467,0.08546263190023545,980,1306,616,1670,0.3688622754491018,0.47166921898928027,0.6285714285714286,0.5389326334208224
eap,pythia-160m,very_high,draw_2,1.0,1306,1306,11467,0.11389203802215052,1306,1306,744,1868,0.39828693790149894,0.5696784073506891,0.5696784073506891,0.5696784073506891
eap,pythia-160m,very_high,draw_2,1.5,1959,1306,11467,0.17083805703322577,1959,1306,900,2365,0.38054968287526425,0.6891271056661562,0.45941807044410415,0.5513016845329249
eap,pythia-160m,very_high,draw_2,2.0,2612,1306,11467,0.22778407604430104,2612,1306,1016,2902,0.35010337698139216,0.777947932618683,0.3889739663093415,0.518631955079122
eap,pythia-160m,very_high,draw_2,3.0,3918,1306,11467,0.34167611406645154,3918,1306,1150,4074,0.2822778595974472,0.8805513016845329,0.293517100561511,0.44027565084226644
eap,pythia-160m,very_high,draw_2,5.0,6530,1306,11467,0.5694601901107526,6530,1306,1248,6588,0.1894353369763206,0.9555895865237366,0.1911179173047473,0.31852986217457885
eap,pythia-160m,control,draw_2,0.1,138,1380,11467,0.012034533879829074,138,1380,129,1389,0.09287257019438445,0.09347826086956522,0.9347826086956522,0.16996047430830039
eap,pythia-160m,control,draw_2,0.2,276,1380,11467,0.02406906775965815,276,1380,232,1424,0.16292134831460675,0.1681159420289855,0.8405797101449275,0.28019323671497587
eap,pythia-160m,control,draw_2,0.3,414,1380,11467,0.036103601639487226,414,1380,322,1472,0.21875,0.23333333333333334,0.7777777777777778,0.358974358974359
eap,pythia-160m,control,draw_2,0.5,690,1380,11467,0.060172669399145375,690,1380,464,1606,0.2889165628891656,0.336231884057971,0.672463768115942,0.44830917874396137
eap,pythia-160m,control,draw_2,0.75,1035,1380,11467,0.09025900409871807,1035,1380,621,1794,0.34615384615384615,0.45,0.6,0.5142857142857142
eap,pythia-160m,control,draw_2,1.0,1380,1380,11467,0.12034533879829075,1380,1380,737,2023,0.3643104300543747,0.5340579710144927,0.5340579710144927,0.5340579710144927
eap,pythia-160m,control,draw_2,1.5,2070,1380,11467,0.18051800819743613,2070,1380,921,2529,0.3641755634638197,0.6673913043478261,0.4449275362318841,0.5339130434782609
eap,pythia-160m,control,draw_2,2.0,2760,1380,11467,0.2406906775965815,2760,1380,1058,3082,0.34328358208955223,0.7666666666666667,0.38333333333333336,0.5111111111111111
eap,pythia-160m,control,draw_2,3.0,4140,1380,11467,0.36103601639487226,4140,1380,1207,4313,0.2798516114073731,0.8746376811594203,0.29154589371980677,0.43731884057971016
eap,pythia-160m,control,draw_2,5.0,6900,1380,11467,0.6017266939914537,6900,1380,1314,6966,0.18863049095607234,0.9521739130434783,0.19043478260869565,0.3173913043478261
eap,pythia-410m,low,draw_2,0.1,385,3848,80581,0.004777801218649558,385,3848,329,3904,0.08427254098360656,0.0854989604989605,0.8545454545454545,0.15544531065438225
eap,pythia-410m,low,draw_2,0.2,770,3848,80581,0.009555602437299115,770,3848,588,4030,0.14590570719602977,0.15280665280665282,0.7636363636363637,0.2546556951061065
eap,pythia-410m,low,draw_2,0.3,1154,3848,80581,0.014320993782653479,1154,3848,817,4185,0.195221027479092,0.21231808731808732,0.7079722703639515,0.32666933226709316
eap,pythia-410m,low,draw_2,0.5,1924,3848,80581,0.023876596219952594,1924,3848,1218,4554,0.26745718050065875,0.31652806652806653,0.6330561330561331,0.42203742203742206
eap,pythia-410m,low,draw_2,0.75,2886,3848,80581,0.03581489432992889,2886,3848,1612,5122,0.3147208121827411,0.4189189189189189,0.5585585585585585,0.47876447876447875
eap,pythia-410m,low,draw_2,1.0,3848,3848,80581,0.04775319243990519,3848,3848,1936,5760,0.33611111111111114,0.5031185031185031,0.5031185031185031,0.5031185031185031
eap,pythia-410m,low,draw_2,1.5,5772,3848,80581,0.07162978865985778,5772,3848,2398,7222,0.3320409858764885,0.6231808731808732,0.41545391545391547,0.4985446985446986
eap,pythia-410m,low,draw_2,2.0,7696,3848,80581,0.09550638487981038,7696,3848,2710,8834,0.3067693004301562,0.7042619542619543,0.35213097713097713,0.4695079695079695
eap,pythia-410m,low,draw_2,3.0,11544,3848,80581,0.14325957731971556,11544,3848,3097,12295,0.25189101260675073,0.8048336798336798,0.26827789327789325,0.4024168399168399
eap,pythia-410m,low,draw_2,5.0,19240,3848,80581,0.23876596219952595,19240,3848,3509,19579,0.17922263649828898,0.9119022869022869,0.18238045738045738,0.30396742896742895
eap,pythia-410m,medium,draw_2,0.1,371,3709,80581,0.004604062992516846,371,3709,304,3776,0.08050847457627118,0.08196279320571583,0.8194070080862533,0.14901960784313725
eap,pythia-410m,medium,draw_2,0.2,742,3709,80581,0.009208125985033693,742,3709,551,3900,0.1412820512820513,0.14855756268535994,0.7425876010781671,0.2475848124017075
eap,pythia-410m,medium,draw_2,0.3,1113,3709,80581,0.01381218897755054,1113,3709,761,4061,0.18739226791430683,0.20517659746562417,0.683737646001797,0.3156366652841145
eap,pythia-410m,medium,draw_2,0.5,1854,3709,80581,0.02300790508928904,1854,3709,1111,4452,0.2495507637017071,0.2995416554327312,0.5992448759439051,0.39942477080711847
eap,pythia-410m,medium,draw_2,0.75,2782,3709,80581,0.03452426750722875,2782,3709,1467,5024,0.2919984076433121,0.3955244001078458,0.5273184759166067,0.4520104760437529
eap,pythia-410m,medium,draw_2,1.0,3709,3709,80581,0.04602822005187327,3709,3709,1764,5654,0.3119915104350902,0.47559989215421944,0.47559989215421944,0.47559989215421944
eap,pythia-410m,medium,draw_2,1.5,5564,3709,80581,0.0690485350144575,5564,3709,2195,7078,0.310115851935575,0.5918037206794284,0.3945003594536305,0.4734174485064165
eap,pythia-410m,medium,draw_2,2.0,7418,3709,80581,0.09205644010374654,7418,3709,2495,8632,0.2890407784986098,0.6726880560798059,0.33634402803990293,0.4484587040532039
eap,pythia-410m,medium,draw_2,3.0,11127,3709,80581,0.13808466015561982,11127,3709,2897,11939,0.24265013820252954,0.7810730655163117,0.2603576885054372,0.39053653275815586
eap,pythia-410m,medium,draw_2,5.0,18545,3709,80581,0.23014110025936635,18545,3709,3339,18915,0.17652656621728788,0.9002426530062011,0.18004853060124024,0.30008088433540037
eap,pythia-410m,high,draw_2,0.1,348,3483,80581,0.004318635906727392,348,3483,285,3546,0.08037225042301184,0.0818260120585702,0.8189655172413793,0.14878621769772904
eap,pythia-410m,high,draw_2,0.2,697,3483,80581,0.00864968168674998,697,3483,504,3676,0.13710554951033732,0.14470284237726097,0.7230989956958394,0.24114832535885167
eap,pythia-410m,high,draw_2,0.3,1045,3483,80581,0.012968317593477371,1045,3483,707,3821,0.18503009683328972,0.20298593166810222,0.676555023923445,0.3122791519434629
eap,pythia-410m,high,draw_2,0.5,1742,3483,80581,0.02161799928022735,1742,3483,1045,4180,0.25,0.3000287108814241,0.5998851894374282,0.4
eap,pythia-410m,high,draw_2,0.75,2612,3483,80581,0.03241458904704583,2612,3483,1353,4742,0.28532264867144663,0.38845822566752797,0.5179938744257274,0.4439704675963905
eap,pythia-410m,high,draw_2,1.0,3483,3483,80581,0.0432235886871595,3483,3483,1632,5334,0.3059617547806524,0.46856158484065463,0.46856158484065463,0.46856158484065463
eap,pythia-410m,high,draw_2,1.5,5224,3483,80581,0.06482917809409167,5224,3483,2050,6657,0.3079465224575635,0.5885730691932243,0.39241960183767227,0.4708854944297691
eap,pythia-410m,high,draw_2,2.0,6966,3483,80581,0.086447177374319,6966,3483,2348,8101,0.2898407603999506,0.6741314958369222,0.3370657479184611,0.4494209972246148
eap,pythia-410m,high,draw_2,3.0,10449,3483,80581,0.1296707660614785,10449,3483,2752,11180,0.24615384615384617,0.7901234567901234,0.26337448559670784,0.3950617283950617
eap,pythia-410m,high,draw_2,5.0,17415,3483,80581,0.21611794343579752,17415,3483,3142,17756,0.1769542689794999,0.9020958943439563,0.18041917886879127,0.3006986314479855
eap,pythia-410m,very_high,draw_2,0.1,348,3476,80581,0.004318635906727392,348,3476,275,3549,0.07748661594815441,0.07911392405063292,0.7902298850574713,0.14382845188284518
eap,pythia-410m,very_high,draw_2,0.2,695,3476,80581,0.008624861940159592,695,3476,498,3673,0.13558399128777565,0.1432681242807825,0.7165467625899281,0.23879165667705587
eap,pythia-410m,very_high,draw_2,0.3,1043,3476,80581,0.012943497846886984,1043,3476,689,3830,0.17989556135770235,0.19821634062140392,0.660594439117929,0.3049347200708121
eap,pythia-410m,very_high,draw_2,0.5,1738,3476,80581,0.021568359787046576,1738,3476,1012,4202,0.24083769633507854,0.2911392405063291,0.5822784810126582,0.3881856540084388
eap,pythia-410m,very_high,draw_2,0.75,2607,3476,80581,0.032352539680569864,2607,3476,1302,4781,0.27232796486090777,0.37456846950517836,0.4994246260069045,0.428078250863061
eap,pythia-410m,very_high,draw_2,1.0,3476,3476,80581,0.04313671957409315,3476,3476,1572,5380,0.2921933085501859,0.4522439585730725,0.4522439585730725,0.4522439585730725
eap,pythia-410m,very_high,draw_2,1.5,5214,3476,80581,0.06470507936113973,5214,3476,1969,6721,0.29296235679214405,0.5664556962025317,0.37763713080168776,0.4531645569620253
eap,pythia-410m,very_high,draw_2,2.0,6952,3476,80581,0.0862734391481863,6952,3476,2255,8173,0.2759084791386272,0.6487341772151899,0.32436708860759494,0.43248945147679324
eap,pythia-410m,very_high,draw_2,3.0,10428,3476,80581,0.12941015872227946,10428,3476,2680,11224,0.23877405559515325,0.7710011507479861,0.2570003835826621,0.38550057537399307
eap,pythia-410m,very_high,draw_2,5.0,17380,3476,80581,0.21568359787046573,17380,3476,3092,17764,0.17405989641972527,0.8895281933256617,0.17790563866513234,0.29650939777522056
eap,pythia-410m,control,draw_2,0.1,332,3317,80581,0.004120077934004294,332,3317,266,3383,0.07862843629914278,0.08019294543261983,0.8012048192771084,0.14579336804604
eap,pythia-410m,control,draw_2,0.2,663,3317,80581,0.008227745994713395,663,3317,477,3503,0.1361689980017128,0.1438046427494724,0.7194570135746606,0.23969849246231156
eap,pythia-410m,control,draw_2,0.3,995,3317,80581,0.012347823928717689,995,3317,659,3653,0.18039967150287434,0.19867350015073862,0.6623115577889447,0.30565862708719854
eap,pythia-410m,control,draw_2,0.5,1658,3317,80581,0.020575569923431083,1658,3317,952,4023,0.23663932388764602,0.28700633102200784,0.5741857659831122,0.38271356783919597
eap,pythia-410m,control,draw_2,0.75,2488,3317,80581,0.030875764758441816,2488,3317,1242,4563,0.27218934911242604,0.37443473017787154,0.4991961414790997,0.42790697674418604
eap,pythia-410m,control,draw_2,1.0,3317,3317,80581,0.04116354972015736,3317,3317,1487,5147,0.2889061589275306,0.448296653602653,0.448296653602653,0.448296653602653
eap,pythia-410m,control,draw_2,1.5,4976,3317,80581,0.06175152951688363,4976,3317,1893,6400,0.29578125,0.5706964124208622,0.3804260450160772,0.4565296032798746
eap,pythia-410m,control,draw_2,2.0,6634,3317,80581,0.08232709944031472,6634,3317,2170,7781,0.2788844621513944,0.6542056074766355,0.32710280373831774,0.43613707165109034
eap,pythia-410m,control,draw_2,3.0,9951,3317,80581,0.12349064916047207,9951,3317,2555,10713,0.2384952861009988,0.7702743442870064,0.25675811476233545,0.3851371721435032
eap,pythia-410m,control,draw_2,5.0,16585,3317,80581,0.20581774860078678,16585,3317,2926,16976,0.17236098020735155,0.8821223997588182,0.17642447995176364,0.2940407999196061
eap,pythia-1b,low,draw_2,0.1,95,952,10009,0.009491457688080728,95,952,79,968,0.08161157024793389,0.08298319327731092,0.8315789473684211,0.15090735434574976
eap,pythia-1b,low,draw_2,0.2,190,952,10009,0.018982915376161456,190,952,146,996,0.1465863453815261,0.15336134453781514,0.7684210526315789,0.25569176882662
eap,pythia-1b,low,draw_2,0.3,286,952,10009,0.028574283145169348,286,952,195,1043,0.186960690316395,0.20483193277310924,0.6818181818181818,0.3150242326332795
eap,pythia-1b,low,draw_2,0.5,476,952,10009,0.0475571985213308,476,952,291,1137,0.2559366754617414,0.30567226890756305,0.6113445378151261,0.40756302521008403
eap,pythia-1b,low,draw_2,0.75,714,952,10009,0.07133579778199621,714,952,382,1284,0.29750778816199375,0.4012605042016807,0.5350140056022409,0.45858343337334934
eap,pythia-1b,low,draw_2,1.0,952,952,10009,0.0951143970426616,952,952,462,1442,0.32038834951456313,0.4852941176470588,0.4852941176470588,0.4852941176470588
eap,pythia-1b,low,draw_2,1.5,1428,952,10009,0.14267159556399242,1428,952,579,1801,0.3214880621876735,0.6081932773109243,0.4054621848739496,0.4865546218487395
eap,pythia-1b,low,draw_2,2.0,1904,952,10009,0.1902287940853232,1904,952,667,2189,0.30470534490634993,0.7006302521008403,0.35031512605042014,0.46708683473389356
eap,pythia-1b,low,draw_2,3.0,2856,952,10009,0.28534319112798484,2856,952,789,3019,0.26134481616429284,0.8287815126050421,0.2762605042016807,0.41439075630252103
eap,pythia-1b,low,draw_2,5.0,4760,952,10009,0.475571985213308,4760,952,895,4817,0.18580029063732614,0.9401260504201681,0.1880252100840336,0.313375350140056
eap,pythia-1b,medium,draw_2,0.1,101,1007,10009,0.01009091817364372,101,1007,85,1023,0.08308895405669599,0.08440913604766634,0.8415841584158416,0.15342960288808663
eap,pythia-1b,medium,draw_2,0.2,201,1007,10009,0.020081926266360274,201,1007,156,1052,0.1482889733840304,0.15491559086395235,0.7761194029850746,0.2582781456953642
eap,pythia-1b,medium,draw_2,0.3,302,1007,10009,0.030172844440003996,302,1007,224,1085,0.2064516129032258,0.2224428997020854,0.7417218543046358,0.3422459893048128
eap,pythia-1b,medium,draw_2,0.5,504,1007,10009,0.05035468078729144,504,1007,322,1189,0.2708158116063919,0.31976166832174774,0.6388888888888888,0.4262078093977498
eap,pythia-1b,medium,draw_2,0.75,755,1007,10009,0.07543211110001,755,1007,417,1345,0.3100371747211896,0.4141012909632572,0.552317880794702,0.4733257661748014
eap,pythia-1b,medium,draw_2,1.0,1007,1007,10009,0.10060945149365572,1007,1007,494,1520,0.325,0.49056603773584906,0.49056603773584906,0.49056603773584906
eap,pythia-1b,medium,draw_2,1.5,1510,1007,10009,0.15086422220002,1510,1007,610,1907,0.3198741478762454,0.605759682224429,0.40397350993377484,0.48470401271354785
eap,pythia-1b,medium,draw_2,2.0,2014,1007,10009,0.20121890298731143,2014,1007,700,2321,0.3015941404566997,0.6951340615690169,0.34756703078450846,0.4634227077126779
eap,pythia-1b,medium,draw_2,3.0,3021,1007,10009,0.3018283544809671,3021,1007,824,3204,0.2571785268414482,0.8182720953326713,0.27275736511089044,0.40913604766633566
eap,pythia-1b,medium,draw_2,5.0,5035,1007,10009,0.5030472574682785,5035,1007,932,5110,0.18238747553816048,0.9255213505461768,0.18510427010923536,0.30850711684872556
eap,pythia-1b,high,draw_2,0.1,90,902,10009,0.0089919072834449,90,902,71,921,0.07709011943539631,0.0787139689578714,0.7888888888888889,0.1431451612903226
eap,pythia-1b,high,draw_2,0.2,180,902,10009,0.0179838145668898,180,902,126,956,0.13179916317991633,0.13968957871396895,0.7,0.23290203327171904
eap,pythia-1b,high,draw_2,0.3,271,902,10009,0.027075631931261866,271,902,175,998,0.17535070140280562,0.19401330376940132,0.6457564575645757,0.29838022165387895
eap,pythia-1b,high,draw_2,0.5,451,902,10009,0.04505944649815166,451,902,261,1092,0.23901098901098902,0.2893569844789357,0.5787139689578714,0.3858093126385809
eap,pythia-1b,high,draw_2,0.75,676,902,10009,0.06753921470676391,676,902,359,1219,0.2945036915504512,0.39800443458980045,0.5310650887573964,0.4550063371356147
eap,pythia-1b,high,draw_2,1.0,902,902,10009,0.09011889299630332,902,902,419,1385,0.3025270758122744,0.46452328159645234,0.46452328159645234,0.46452328159645234
eap,pythia-1b,high,draw_2,1.5,1353,902,10009,0.13517833949445499,1353,902,527,1728,0.30497685185185186,0.5842572062084257,0.3895048041389505,0.4674057649667406
eap,pythia-1b,high,draw_2,2.0,1804,902,10009,0.18023778599260665,1804,902,616,2090,0.29473684210526313,0.6829268292682927,0.34146341463414637,0.45528455284552843
eap,pythia-1b,high,draw_2,3.0,2706,902,10009,0.27035667898890997,2706,902,725,2883,0.25147415886229624,0.8037694013303769,0.26792313377679233,0.40188470066518844
eap,pythia-1b,high,draw_2,5.0,4510,902,10009,0.4505944649815166,4510,902,832,4580,0.18165938864628822,0.9223946784922394,0.1844789356984479,0.3074648928307465
eap,pythia-1b,very_high,draw_2,0.1,91,911,10009,0.009091817364372066,91,911,74,928,0.07974137931034483,0.08122941822173436,0.8131868131868132,0.14770459081836326
eap,pythia-1b,very_high,draw_2,0.2,182,911,10009,0.01818363472874413,182,911,139,954,0.14570230607966456,0.1525795828759605,0.7637362637362637,0.25434583714547115
eap,pythia-1b,very_high,draw_2,0.3,273,911,10009,0.027275452093116194,273,911,192,992,0.1935483870967742,0.21075740944017562,0.7032967032967034,0.32432432432432434
eap,pythia-1b,very_high,draw_2,0.5,456,911,10009,0.04555899690278749,456,911,284,1083,0.26223453370267774,0.31174533479692645,0.6228070175438597,0.415508412582297
eap,pythia-1b,very_high,draw_2,0.75,683,911,10009,0.06823858527325408,683,911,366,1228,0.2980456026058632,0.40175631174533477,0.5358711566617862,0.4592220828105395
eap,pythia-1b,very_high,draw_2,1.0,911,911,10009,0.09101808372464781,911,911,433,1389,0.3117350611951044,0.47530186608122943,0.47530186608122943,0.47530186608122943
eap,pythia-1b,very_high,draw_2,1.5,1366,911,10009,0.13647717054650815,1366,911,540,1737,0.31088082901554404,0.5927552140504939,0.3953147877013177,0.4743083003952569
eap,pythia-1b,very_high,draw_2,2.0,1822,911,10009,0.18203616744929563,1822,911,641,2092,0.3064053537284895,0.703622392974753,0.3518111964873765,0.469081595316502
eap,pythia-1b,very_high,draw_2,3.0,2733,911,10009,0.27305425117394344,2733,911,749,2895,0.2587219343696028,0.8221734357848518,0.27405781192828393,0.4110867178924259
eap,pythia-1b,very_high,draw_2,5.0,4555,911,10009,0.45509041862323907,4555,911,854,4612,0.18516912402428448,0.9374313940724479,0.18748627881448957,0.3124771313574826
eap,pythia-1b,control,draw_2,0.1,82,823,10009,0.008192626636027576,82,823,70,835,0.08383233532934131,0.0850546780072904,0.8536585365853658,0.15469613259668508
eap,pythia-1b,control,draw_2,0.2,165,823,10009,0.016485163352982318,165,823,126,862,0.14617169373549885,0.15309842041312272,0.7636363636363637,0.2550607287449393
eap,pythia-1b,control,draw_2,0.3,247,823,10009,0.02467778998900989,247,823,175,895,0.19553072625698323,0.212636695018226,0.708502024291498,0.32710280373831774
eap,pythia-1b,control,draw_2,0.5,412,823,10009,0.04116295334199221,412,823,251,984,0.2550813008130081,0.30498177399756987,0.6092233009708737,0.4064777327935223
eap,pythia-1b,control,draw_2,0.75,617,823,10009,0.061644519932061145,617,823,329,1111,0.29612961296129614,0.3997569866342649,0.5332252836304701,0.45694444444444443
eap,pythia-1b,control,draw_2,1.0,823,823,10009,0.08222599660305725,823,823,386,1260,0.30634920634920637,0.4690157958687728,0.4690157958687728,0.4690157958687728
eap,pythia-1b,control,draw_2,1.5,1234,823,10009,0.12328903986412229,1234,823,479,1578,0.30354879594423323,0.5820170109356014,0.3881685575364668,0.4657267865824016
eap,pythia-1b,control,draw_2,2.0,1646,823,10009,0.1644519932061145,1646,823,555,1914,0.28996865203761757,0.6743620899149453,0.33718104495747264,0.44957472660996356
eap,pythia-1b,control,draw_2,3.0,2469,823,10009,0.24667798980917174,2469,823,652,2640,0.24696969696969698,0.7922235722964763,0.2640745240988254,0.39611178614823817
eap,pythia-1b,control,draw_2,5.0,4115,823,10009,0.41112998301528625,4115,823,757,4181,0.1810571633580483,0.9198055893074119,0.1839611178614824,0.3066018631024706
eap,pythia-1.4b,low,draw_2,0.1,259,2589,80581,0.003214157183455157,259,2589,220,2628,0.0837138508371385,0.08497489378138277,0.8494208494208494,0.1544943820224719
eap,pythia-1.4b,low,draw_2,0.2,518,2589,80581,0.006428314366910314,518,2589,386,2721,0.14185961043733922,0.14909231363460795,0.7451737451737451,0.24847119407788865
eap,pythia-1.4b,low,draw_2,0.3,777,2589,80581,0.009642471550365472,777,2589,532,2834,0.18772053634438957,0.20548474314407106,0.6846846846846847,0.31610219845513965
eap,pythia-1.4b,low,draw_2,0.5,1294,2589,80581,0.016058376043980593,1294,2589,749,3134,0.23899170389278876,0.2893008883738895,0.5788253477588872,0.3857841874839042
eap,pythia-1.4b,low,draw_2,0.75,1942,2589,80581,0.024099973939266082,1942,2589,967,3564,0.271324354657688,0.3735032831208961,0.4979402677651905,0.42683734274994484
eap,pythia-1.4b,low,draw_2,1.0,2589,2589,80581,0.032129161961256376,2589,2589,1129,4049,0.2788342800691529,0.43607570490536884,0.43607570490536884,0.43607570490536884
eap,pythia-1.4b,low,draw_2,1.5,3884,2589,80581,0.048199947878532164,3884,2589,1405,5068,0.27722967640094714,0.5426805716492854,0.361740473738414,0.4341109222926
eap,pythia-1.4b,low,draw_2,2.0,5178,2589,80581,0.06425832392251275,5178,2589,1581,6186,0.2555771096023278,0.6106604866743917,0.30533024333719583,0.4071069911162611
eap,pythia-1.4b,low,draw_2,3.0,7767,2589,80581,0.09638748588376912,7767,2589,1820,8536,0.21321462043111528,0.7029741212823484,0.23432470709411612,0.3514870606411742
eap,pythia-1.4b,low,draw_2,5.0,12945,2589,80581,0.16064580980628188,12945,2589,2142,13392,0.15994623655913978,0.8273464658169177,0.16546929316338355,0.27578215527230593
eap,pythia-1.4b,medium,draw_2,0.1,245,2451,80581,0.0030404189573224457,245,2451,200,2496,0.08012820512820513,0.08159934720522236,0.8163265306122449,0.14836795252225518
eap,pythia-1.4b,medium,draw_2,0.2,490,2451,80581,0.0060808379146448915,490,2451,346,2595,0.13333333333333333,0.14116687066503467,0.7061224489795919,0.23529411764705882
eap,pythia-1.4b,medium,draw_2,0.3,735,2451,80581,0.009121256871967338,735,2451,474,2712,0.1747787610619469,0.193390452876377,0.6448979591836734,0.2975517890772128
eap,pythia-1.4b,medium,draw_2,0.5,1226,2451,80581,0.015214504659907422,1226,2451,660,3017,0.21876035797149487,0.2692778457772338,0.5383360522022839,0.3589883056839815
eap,pythia-1.4b,medium,draw_2,0.75,1838,2451,80581,0.02280934711656594,1838,2451,848,3441,0.24643998837547224,0.3459812321501428,0.4613710554951034,0.3954301702028445
eap,pythia-1.4b,medium,draw_2,1.0,2451,2451,80581,0.03041659944651965,2451,2451,991,3911,0.2533878803375096,0.4043247654018768,0.4043247654018768,0.4043247654018768
eap,pythia-1.4b,medium,draw_2,1.5,3676,2451,80581,0.04561869423313188,3676,2451,1196,4931,0.24254715067937538,0.4879640962872297,0.3253536452665941,0.39040313367063817
eap,pythia-1.4b,medium,draw_2,2.0,4902,2451,80581,0.0608331988930393,4902,2451,1384,5969,0.23186463394203385,0.5646674826601387,0.28233374133006933,0.3764449884400925
eap,pythia-1.4b,medium,draw_2,3.0,7353,2451,80581,0.09124979833955896,7353,2451,1627,8177,0.1989727283844931,0.6638106895144839,0.2212702298381613,0.3319053447572419
eap,pythia-1.4b,medium,draw_2,5.0,12255,2451,80581,0.15208299723259824,12255,2451,1938,12768,0.15178571428571427,0.7906976744186046,0.15813953488372093,0.26356589147286824
eap,pythia-1.4b,high,draw_2,0.1,218,2182,80581,0.002705352378352217,218,2182,166,2234,0.07430617726051925,0.076076993583868,0.7614678899082569,0.13833333333333334
eap,pythia-1.4b,high,draw_2,0.2,436,2182,80581,0.005410704756704434,436,2182,304,2314,0.1313742437337943,0.13932172318973418,0.6972477064220184,0.2322383498854087
eap,pythia-1.4b,high,draw_2,0.3,655,2182,80581,0.008128467008351846,655,2182,413,2424,0.17037953795379537,0.18927589367552705,0.6305343511450382,0.2911526260133944
eap,pythia-1.4b,high,draw_2,0.5,1091,2182,80581,0.01353917176505628,1091,2182,569,2704,0.21042899408284024,0.26076993583868013,0.5215398716773603,0.3476932477849068
eap,pythia-1.4b,high,draw_2,0.75,1636,2182,80581,0.02030255271093682,1636,2182,730,3088,0.23639896373056996,0.33455545371219064,0.44621026894865523,0.38239916186485073
eap,pythia-1.4b,high,draw_2,1.0,2182,2182,80581,0.02707834353011256,2182,2182,844,3520,0.23977272727272728,0.386801099908341,0.386801099908341,0.386801099908341
eap,pythia-1.4b,high,draw_2,1.5,3273,2182,80581,0.040617515295168834,3273,2182,1018,4437,0.22943430245661484,0.4665444546287809,0.3110296364191873,0.37323556370302474
eap,pythia-1.4b,high,draw_2,2.0,4364,2182,80581,0.05415668706022512,4364,2182,1174,5372,0.21854058078927774,0.538038496791934,0.269019248395967,0.3586923311946227
eap,pythia-1.4b,high,draw_2,3.0,6546,2182,80581,0.08123503059033767,6546,2182,1377,7351,0.18732145286355598,0.6310724106324473,0.21035747021081577,0.3155362053162237
eap,pythia-1.4b,high,draw_2,5.0,10910,2182,80581,0.1353917176505628,10910,2182,1656,11436,0.14480587618048268,0.7589367552703942,0.15178735105407884,0.2529789184234647
eap,pythia-1.4b,very_high,draw_2,0.1,202,2025,80581,0.0025067944056291185,202,2025,162,2065,0.0784503631961259,0.08,0.801980198019802,0.14548720251459363
eap,pythia-1.4b,very_high,draw_2,0.2,405,2025,80581,0.005025998684553431,405,2025,278,2152,0.129182156133829,0.13728395061728396,0.6864197530864198,0.2288065843621399
eap,pythia-1.4b,very_high,draw_2,0.3,608,2025,80581,0.007545202963477743,608,2025,379,2254,0.1681455190771961,0.1871604938271605,0.6233552631578947,0.28788454234713257
eap,pythia-1.4b,very_high,draw_2,0.5,1012,2025,80581,0.01255879177473598,1012,2025,533,2504,0.2128594249201278,0.2632098765432099,0.5266798418972332,0.3510042805400066
eap,pythia-1.4b,very_high,draw_2,0.75,1519,2025,80581,0.018850597535399163,1519,2025,705,2839,0.2483268756604438,0.34814814814814815,0.4641211323238973,0.39785553047404065
eap,pythia-1.4b,very_high,draw_2,1.0,2025,2025,80581,0.025129993422767154,2025,2025,820,3230,0.25386996904024767,0.4049382716049383,0.4049382716049383,0.4049382716049383
eap,pythia-1.4b,very_high,draw_2,1.5,3038,2025,80581,0.037701195070798325,3038,2025,1003,4060,0.24704433497536946,0.49530864197530866,0.33015141540487164,0.396207781947462
eap,pythia-1.4b,very_high,draw_2,2.0,4050,2025,80581,0.05025998684553431,4050,2025,1134,4941,0.22950819672131148,0.56,0.28,0.37333333333333335
eap,pythia-1.4b,very_high,draw_2,3.0,6075,2025,80581,0.07538998026830146,6075,2025,1325,6775,0.19557195571955718,0.654320987654321,0.21810699588477367,0.3271604938271605
eap,pythia-1.4b,very_high,draw_2,5.0,10125,2025,80581,0.12564996711383578,10125,2025,1559,10591,0.14720045321499386,0.7698765432098765,0.1539753086419753,0.2566255144032922
eap,pythia-1.4b,control,draw_2,0.1,222,2221,80581,0.0027549918715329916,222,2221,179,2264,0.07906360424028269,0.08059432687978388,0.8063063063063063,0.14654113794514942
eap,pythia-1.4b,control,draw_2,0.2,444,2221,80581,0.005509983743065983,444,2221,322,2343,0.137430644472898,0.144979738856371,0.7252252252252253,0.24165103189493434
eap,pythia-1.4b,control,draw_2,0.3,666,2221,80581,0.008264975614598975,666,2221,436,2451,0.17788657690738474,0.19630796938316075,0.6546546546546547,0.3020436439210253
eap,pythia-1.4b,control,draw_2,0.5,1110,2221,80581,0.013774959357664958,1110,2221,615,2716,0.2264359351988218,0.2769022962629446,0.5540540540540541,0.36925848093665564
eap,pythia-1.4b,control,draw_2,0.75,1666,2221,80581,0.020674848909792633,1666,2221,789,3098,0.25468043899289866,0.35524538496172897,0.47358943577430973,0.4059686133264729
eap,pythia-1.4b,control,draw_2,1.0,2221,2221,80581,0.02756232858862511,2221,2221,912,3530,0.25835694050991503,0.41062584421431786,0.41062584421431786,0.41062584421431786
eap,pythia-1.4b,control,draw_2,1.5,3332,2221,80581,0.041349697819585265,3332,2221,1104,4449,0.24814565070802427,0.4970733903647006,0.33133253301320525,0.39762290653700705
eap,pythia-1.4b,control,draw_2,2.0,4442,2221,80581,0.05512465717725022,4442,2221,1273,5390,0.23617810760667904,0.5731652408824853,0.28658262044124266,0.3821101605883236
eap,pythia-1.4b,control,draw_2,3.0,6663,2221,80581,0.08268698576587533,6663,2221,1496,7388,0.20249052517596103,0.6735704637550652,0.2245234879183551,0.3367852318775326
eap,pythia-1.4b,control,draw_2,5.0,11105,2221,80581,0.13781164294312556,11105,2221,1764,11562,0.1525687597301505,0.7942368302566412,0.15884736605132824,0.26474561008554703
eap,pythia-70m,low,draw_3,0.1,39,391,1324,0.02945619335347432,39,391,38,392,0.09693877551020408,0.09718670076726342,0.9743589743589743,0.17674418604651163
eap,pythia-70m,low,draw_3,0.2,78,391,1324,0.05891238670694864,78,391,76,393,0.19338422391857507,0.19437340153452684,0.9743589743589743,0.32409381663113007
eap,pythia-70m,low,draw_3,0.3,117,391,1324,0.08836858006042296,117,391,112,396,0.2828282828282828,0.2864450127877238,0.9572649572649573,0.4409448818897638
eap,pythia-70m,low,draw_3,0.5,196,391,1324,0.14803625377643503,196,391,175,412,0.42475728155339804,0.4475703324808184,0.8928571428571429,0.596252129471891
eap,pythia-70m,low,draw_3,0.75,293,391,1324,0.2212990936555891,293,391,241,443,0.5440180586907449,0.6163682864450127,0.8225255972696246,0.7046783625730995
eap,pythia-70m,low,draw_3,1.0,391,391,1324,0.29531722054380666,391,391,292,490,0.5959183673469388,0.7468030690537084,0.7468030690537084,0.7468030690537084
eap,pythia-70m,low,draw_3,1.5,586,391,1324,0.4425981873111782,586,391,352,625,0.5632,0.9002557544757033,0.6006825938566553,0.7205731832139202
eap,pythia-70m,low,draw_3,2.0,782,391,1324,0.5906344410876133,782,391,368,805,0.45714285714285713,0.9411764705882353,0.47058823529411764,0.6274509803921569
eap,pythia-70m,low,draw_3,3.0,1173,391,1324,0.8859516616314199,1173,391,386,1178,0.32767402376910015,0.9872122762148338,0.3290707587382779,0.4936061381074169
eap,pythia-70m,low,draw_3,5.0,1324,391,1324,1.0,1324,391,391,1324,0.29531722054380666,1.0,0.29531722054380666,0.45597667638483963
eap,pythia-70m,medium,draw_3,0.1,41,406,1324,0.030966767371601207,41,406,40,407,0.09828009828009827,0.09852216748768473,0.975609756097561,0.1789709172259508
eap,pythia-70m,medium,draw_3,0.2,81,406,1324,0.06117824773413897,81,406,79,408,0.19362745098039216,0.19458128078817735,0.9753086419753086,0.324435318275154
eap,pythia-70m,medium,draw_3,0.3,122,406,1324,0.09214501510574018,122,406,115,413,0.2784503631961259,0.2832512315270936,0.9426229508196722,0.4356060606060606
eap,pythia-70m,medium,draw_3,0.5,203,406,1324,0.15332326283987915,203,406,182,427,0.4262295081967213,0.4482758620689655,0.896551724137931,0.5977011494252874
eap,pythia-70m,medium,draw_3,0.75,304,406,1324,0.229607250755287,304,406,253,457,0.5536105032822757,0.6231527093596059,0.8322368421052632,0.7126760563380282
eap,pythia-70m,medium,draw_3,1.0,406,406,1324,0.3066465256797583,406,406,299,513,0.5828460038986355,0.7364532019704434,0.7364532019704434,0.7364532019704434
eap,pythia-70m,medium,draw_3,1.5,609,406,1324,0.45996978851963743,609,406,356,659,0.5402124430955993,0.8768472906403941,0.5845648604269293,0.7014778325123153
eap,pythia-70m,medium,draw_3,2.0,812,406,1324,0.6132930513595166,812,406,383,835,0.45868263473053894,0.9433497536945813,0.47167487684729065,0.6288998357963875
eap,pythia-70m,medium,draw_3,3.0,1218,406,1324,0.9199395770392749,1218,406,403,1221,0.33005733005733007,0.9926108374384236,0.3308702791461412,0.4963054187192118
eap,pythia-70m,medium,draw_3,5.0,1324,406,1324,1.0,1324,406,406,1324,0.3066465256797583,1.0,0.3066465256797583,0.46936416184971097
eap,pythia-70m,high,draw_3,0.1,43,431,1324,0.0324773413897281,43,431,42,432,0.09722222222222222,0.09744779582366589,0.9767441860465116,0.17721518987341772
eap,pythia-70m,high,draw_3,0.2,86,431,1324,0.0649546827794562,86,431,84,433,0.19399538106235567,0.19489559164733178,0.9767441860465116,0.32495164410058025
eap,pythia-70m,high,draw_3,0.3,129,431,1324,0.09743202416918428,129,431,124,436,0.28440366972477066,0.2877030162412993,0.9612403100775194,0.44285714285714284
eap,pythia-70m,high,draw_3,0.5,216,431,1324,0.16314199395770393,216,431,198,449,0.44097995545657015,0.4593967517401392,0.9166666666666666,0.6120556414219475
eap,pythia-70m,high,draw_3,0.75,323,431,1324,0.24395770392749244,323,431,266,488,0.5450819672131147,0.617169373549884,0.8235294117647058,0.7055702917771883
eap,pythia-70m,high,draw_3,1.0,431,431,1324,0.3255287009063444,431,431,321,541,0.5933456561922366,0.7447795823665894,0.7447795823665894,0.7447795823665894
eap,pythia-70m,high,draw_3,1.5,646,431,1324,0.4879154078549849,646,431,374,703,0.5320056899004267,0.8677494199535963,0.5789473684210527,0.6945218198700093
eap,pythia-70m,high,draw_3,2.0,862,431,1324,0.6510574018126888,862,431,402,891,0.4511784511784512,0.9327146171693735,0.46635730858468677,0.6218097447795824
eap,pythia-70m,high,draw_3,3.0,1293,431,1324,0.9765861027190332,1293,431,430,1294,0.3323029366306028,0.9976798143851509,0.3325599381283836,0.4988399071925754
eap,pythia-70m,high,draw_3,5.0,1324,431,1324,1.0,1324,431,431,1324,0.3255287009063444,1.0,0.3255287009063444,0.4911680911680912
eap,pythia-70m,very_high,draw_3,0.1,42,417,1324,0.03172205438066465,42,417,41,418,0.09808612440191387,0.09832134292565947,0.9761904761904762,0.1786492374727669
eap,pythia-70m,very_high,draw_3,0.2,83,417,1324,0.06268882175226587,83,417,81,419,0.19331742243436753,0.19424460431654678,0.9759036144578314,0.324
eap,pythia-70m,very_high,draw_3,0.3,125,417,1324,0.09441087613293052,125,417,116,426,0.27230046948356806,0.27817745803357313,0.928,0.4280442804428044
eap,pythia-70m,very_high,draw_3,0.5,208,417,1324,0.15709969788519637,208,417,180,445,0.4044943820224719,0.4316546762589928,0.8653846153846154,0.576
eap,pythia-70m,very_high,draw_3,0.75,313,417,1324,0.236404833836858,313,417,251,479,0.524008350730689,0.6019184652278178,0.8019169329073482,0.6876712328767123
eap,pythia-70m,very_high,draw_3,1.0,417,417,1324,0.3149546827794562,417,417,311,523,0.5946462715105163,0.7458033573141487,0.7458033573141487,0.7458033573141487
eap,pythia-70m,very_high,draw_3,1.5,626,417,1324,0.472809667673716,626,417,366,677,0.5406203840472673,0.8776978417266187,0.5846645367412141,0.7018216682646213
eap,pythia-70m,very_high,draw_3,2.0,834,417,1324,0.6299093655589124,834,417,390,861,0.4529616724738676,0.935251798561151,0.4676258992805755,0.6235011990407674
eap,pythia-70m,very_high,draw_3,3.0,1251,417,1324,0.9448640483383686,1251,417,414,1254,0.33014354066985646,0.9928057553956835,0.33093525179856115,0.49640287769784175
eap,pythia-70m,very_high,draw_3,5.0,1324,417,1324,1.0,1324,417,417,1324,0.3149546827794562,1.0,0.3149546827794562,0.479035037334865
eap,pythia-70m,control,draw_3,0.1,43,426,1324,0.0324773413897281,43,426,41,428,0.09579439252336448,0.09624413145539906,0.9534883720930233,0.17484008528784648
eap,pythia-70m,control,draw_3,0.2,85,426,1324,0.06419939577039276,85,426,82,429,0.19114219114219114,0.19248826291079812,0.9647058823529412,0.32093933463796476
eap,pythia-70m,control,draw_3,0.3,128,426,1324,0.09667673716012085,128,426,121,433,0.279445727482679,0.284037558685446,0.9453125,0.4368231046931408
eap,pythia-70m,control,draw_3,0.5,213,426,1324,0.1608761329305136,213,426,192,447,0.42953020134228187,0.4507042253521127,0.9014084507042254,0.6009389671361502
eap,pythia-70m,control,draw_3,0.75,320,426,1324,0.24169184290030213,320,426,257,489,0.5255623721881391,0.6032863849765259,0.803125,0.6890080428954424
eap,pythia-70m,control,draw_3,1.0,426,426,1324,0.3217522658610272,426,426,309,543,0.569060773480663,0.7253521126760564,0.7253521126760564,0.7253521126760564
eap,pythia-70m,control,draw_3,1.5,639,426,1324,0.4826283987915408,639,426,377,688,0.5479651162790697,0.8849765258215962,0.5899843505477308,0.707981220657277
eap,pythia-70m,control,draw_3,2.0,852,426,1324,0.6435045317220544,852,426,403,875,0.4605714285714286,0.9460093896713615,0.47300469483568075,0.6306729264475743
eap,pythia-70m,control,draw_3,3.0,1278,426,1324,0.9652567975830816,1278,426,424,1280,0.33125,0.9953051643192489,0.3317683881064163,0.49765258215962443
eap,pythia-70m,control,draw_3,5.0,1324,426,1324,1.0,1324,426,426,1324,0.3217522658610272,1.0,0.3217522658610272,0.4868571428571429
eap,pythia-160m,low,draw_3,0.1,141,1408,11467,0.01229615418156449,141,1408,134,1415,0.09469964664310954,0.09517045454545454,0.950354609929078,0.17301484828921884
eap,pythia-160m,low,draw_3,0.2,282,1408,11467,0.02459230836312898,282,1408,252,1438,0.17524339360222532,0.17897727272727273,0.8936170212765957,0.2982248520710059
eap,pythia-160m,low,draw_3,0.3,422,1408,11467,0.03680125577744833,422,1408,348,1482,0.23481781376518218,0.2471590909090909,0.8246445497630331,0.380327868852459
eap,pythia-160m,low,draw_3,0.5,704,1408,11467,0.06139356414057731,704,1408,510,1602,0.31835205992509363,0.3622159090909091,0.7244318181818182,0.48295454545454547
eap,pythia-160m,low,draw_3,0.75,1056,1408,11467,0.09209034621086597,1056,1408,663,1801,0.36812881732370906,0.4708806818181818,0.6278409090909091,0.5381493506493507
eap,pythia-160m,low,draw_3,1.0,1408,1408,11467,0.12278712828115462,1408,1408,805,2011,0.40029835902536054,0.5717329545454546,0.5717329545454546,0.5717329545454546
eap,pythia-160m,low,draw_3,1.5,2112,1408,11467,0.18418069242173193,2112,1408,999,2521,0.39627132090440303,0.7095170454545454,0.47301136363636365,0.5676136363636364
eap,pythia-160m,low,draw_3,2.0,2816,1408,11467,0.24557425656230925,2816,1408,1129,3095,0.3647819063004846,0.8018465909090909,0.40092329545454547,0.5345643939393939
eap,pythia-160m,low,draw_3,3.0,4224,1408,11467,0.36836138484346387,4224,1408,1247,4385,0.28437856328392247,0.8856534090909091,0.29521780303030304,0.44282670454545453
eap,pythia-160m,low,draw_3,5.0,7040,1408,11467,0.6139356414057731,7040,1408,1359,7089,0.1917054591620821,0.9651988636363636,0.19303977272727274,0.32173295454545453
eap,pythia-160m,medium,draw_3,0.1,148,1475,11467,0.012906601552280458,148,1475,140,1483,0.09440323668240054,0.09491525423728814,0.9459459459459459,0.1725200246457178
eap,pythia-160m,medium,draw_3,0.2,295,1475,11467,0.025725996337315777,295,1475,256,1514,0.1690885072655218,0.17355932203389832,0.8677966101694915,0.28926553672316385
eap,pythia-160m,medium,draw_3,0.3,442,1475,11467,0.03854539112235109,442,1475,365,1552,0.23518041237113402,0.24745762711864408,0.8257918552036199,0.3808033385498174
eap,pythia-160m,medium,draw_3,0.5,738,1475,11467,0.06435859422691201,738,1475,534,1679,0.31804645622394284,0.36203389830508476,0.7235772357723578,0.482602801626751
eap,pythia-160m,medium,draw_3,0.75,1106,1475,11467,0.09645068457312288,1106,1475,708,1873,0.37800320341697813,0.48,0.6401446654611211,0.5486245641224332
eap,pythia-160m,medium,draw_3,1.0,1475,1475,11467,0.12862998168657888,1475,1475,835,2115,0.3947990543735225,0.5661016949152542,0.5661016949152542,0.5661016949152542
eap,pythia-160m,medium,draw_3,1.5,2212,1475,11467,0.19290136914624575,2212,1475,1020,2667,0.38245219347581555,0.6915254237288135,0.46112115732368897,0.5532953620829943
eap,pythia-160m,medium,draw_3,2.0,2950,1475,11467,0.25725996337315776,2950,1475,1155,3270,0.3532110091743119,0.7830508474576271,0.39152542372881355,0.5220338983050847
eap,pythia-160m,medium,draw_3,3.0,4425,1475,11467,0.3858899450597366,4425,1475,1309,4591,0.28512306686996297,0.8874576271186441,0.295819209039548,0.44372881355932203
eap,pythia-160m,medium,draw_3,5.0,7375,1475,11467,0.6431499084328944,7375,1475,1416,7434,0.19047619047619047,0.96,0.192,0.32
eap,pythia-160m,high,draw_3,0.1,138,1385,11467,0.012034533879829074,138,1385,127,1396,0.09097421203438395,0.09169675090252707,0.9202898550724637,0.16677609980302036
eap,pythia-160m,high,draw_3,0.2,277,1385,11467,0.024156274526903287,277,1385,245,1417,0.17290049400141144,0.17689530685920576,0.8844765342960289,0.29482551143200963
eap,pythia-160m,high,draw_3,0.3,416,1385,11467,0.0362780151739775,416,1385,337,1464,0.2301912568306011,0.24332129963898916,0.8100961538461539,0.3742365352581899
eap,pythia-160m,high,draw_3,0.5,692,1385,11467,0.06034708293363565,692,1385,496,1581,0.3137254901960784,0.35812274368231045,0.7167630057803468,0.47761194029850745
eap,pythia-160m,high,draw_3,0.75,1039,1385,11467,0.09060783116769862,1039,1385,662,1762,0.3757094211123723,0.4779783393501805,0.6371511068334937,0.5462046204620462
eap,pythia-160m,high,draw_3,1.0,1385,1385,11467,0.12078137263451644,1385,1385,778,1992,0.39056224899598396,0.5617328519855596,0.5617328519855596,0.5617328519855596
eap,pythia-160m,high,draw_3,1.5,2078,1385,11467,0.18121566233539724,2078,1385,948,2515,0.3769383697813121,0.6844765342960288,0.45620789220404234,0.547502165752238
eap,pythia-160m,high,draw_3,2.0,2770,1385,11467,0.24156274526903287,2770,1385,1085,3070,0.3534201954397394,0.7833935018050542,0.3916967509025271,0.5222623345367028
eap,pythia-160m,high,draw_3,3.0,4155,1385,11467,0.3623441179035493,4155,1385,1224,4316,0.283595922150139,0.8837545126353791,0.2945848375451264,0.44187725631768954
eap,pythia-160m,high,draw_3,5.0,6925,1385,11467,0.6039068631725822,6925,1385,1330,6980,0.19054441260744986,0.9602888086642599,0.192057761732852,0.3200962695547533
eap,pythia-160m,very_high,draw_3,0.1,133,1330,11467,0.011598500043603384,133,1330,125,1338,0.09342301943198804,0.09398496240601503,0.9398496240601504,0.17088174982911825
eap,pythia-160m,very_high,draw_3,0.2,266,1330,11467,0.02319700008720677,266,1330,226,1370,0.16496350364963502,0.1699248120300752,0.849624060150376,0.2832080200501253
eap,pythia-160m,very_high,draw_3,0.3,399,1330,11467,0.03479550013081015,399,1330,325,1404,0.23148148148148148,0.24436090225563908,0.8145363408521303,0.37593984962406013
eap,pythia-160m,very_high,draw_3,0.5,665,1330,11467,0.05799250021801692,665,1330,460,1535,0.2996742671009772,0.3458646616541353,0.6917293233082706,0.46115288220551376
eap,pythia-160m,very_high,draw_3,0.75,998,1330,11467,0.08703235371064795,998,1330,613,1715,0.3574344023323615,0.46090225563909776,0.6142284569138277,0.5266323024054983
eap,pythia-160m,very_high,draw_3,1.0,1330,1330,11467,0.11598500043603384,1330,1330,730,1930,0.37823834196891193,0.5488721804511278,0.5488721804511278,0.5488721804511278
eap,pythia-160m,very_high,draw_3,1.5,1995,1330,11467,0.17397750065405077,1995,1330,894,2431,0.36774989716166184,0.6721804511278195,0.4481203007518797,0.5377443609022556
eap,pythia-160m,very_high,draw_3,2.0,2660,1330,11467,0.23197000087206768,2660,1330,1002,2988,0.3353413654618474,0.7533834586466165,0.37669172932330824,0.5022556390977444
eap,pythia-160m,very_high,draw_3,3.0,3990,1330,11467,0.34795500130810153,3990,1330,1147,4173,0.2748622094416487,0.862406015037594,0.287468671679198,0.431203007518797
eap,pythia-160m,very_high,draw_3,5.0,6650,1330,11467,0.5799250021801692,6650,1330,1259,6721,0.18732331498288946,0.9466165413533835,0.1893233082706767,0.3155388471177945
eap,pythia-160m,control,draw_3,0.1,134,1345,11467,0.011685706810848523,134,1345,125,1354,0.09231905465288036,0.09293680297397769,0.9328358208955224,0.16903313049357674
eap,pythia-160m,control,draw_3,0.2,269,1345,11467,0.023458620388942183,269,1345,232,1382,0.1678726483357453,0.1724907063197026,0.862453531598513,0.2874845105328377
eap,pythia-160m,control,draw_3,0.3,404,1345,11467,0.03523153396703584,404,1345,318,1431,0.2222222222222222,0.23643122676579925,0.7871287128712872,0.36363636363636365
eap,pythia-160m,control,draw_3,0.5,672,1345,11467,0.058602947588732884,672,1345,461,1556,0.2962724935732648,0.34275092936802976,0.6860119047619048,0.4571145265245414
eap,pythia-160m,control,draw_3,0.75,1009,1345,11467,0.08799162815034446,1009,1345,600,1754,0.34207525655644244,0.44609665427509293,0.5946481665014867,0.5097706032285472
eap,pythia-160m,control,draw_3,1.0,1345,1345,11467,0.1172931019447109,1345,1345,703,1987,0.3537996980372421,0.5226765799256505,0.5226765799256505,0.5226765799256505
eap,pythia-160m,control,draw_3,1.5,2018,1345,11467,0.17598325630068892,2018,1345,880,2483,0.35440998791784134,0.654275092936803,0.4360753221010902,0.5233422539399346
eap,pythia-160m,control,draw_3,2.0,2690,1345,11467,0.2345862038894218,2690,1345,1022,3013,0.339196813806837,0.7598513011152417,0.37992565055762084,0.5065675340768278
eap,pythia-160m,control,draw_3,3.0,4035,1345,11467,0.35187930583413274,4035,1345,1179,4201,0.2806474648893121,0.8765799256505576,0.2921933085501859,0.4382899628252788
eap,pythia-160m,control,draw_3,5.0,6725,1345,11467,0.5864655097235546,6725,1345,1289,6781,0.1900899572334464,0.958364312267658,0.1916728624535316,0.319454770755886
eap,pythia-410m,low,draw_3,0.1,412,4122,80581,0.005112867797619786,412,4122,345,4189,0.08235855812843161,0.08369723435225619,0.837378640776699,0.1521835024261138
eap,pythia-410m,low,draw_3,0.2,824,4122,80581,0.010225735595239573,824,4122,624,4322,0.14437760296159186,0.15138282387190685,0.7572815533980582,0.2523251112009705
eap,pythia-410m,low,draw_3,0.3,1237,4122,80581,0.015351013266154553,1237,4122,862,4497,0.19168334445185678,0.20912178554099953,0.6968472109943411,0.3217018100391864
eap,pythia-410m,low,draw_3,0.5,2061,4122,80581,0.025576748861394126,2061,4122,1264,4919,0.25696279731652777,0.3066472586123241,0.6132945172246482,0.40886301148309884
eap,pythia-410m,low,draw_3,0.75,3092,4122,80581,0.03837132822873879,3092,4122,1666,5548,0.30028839221341025,0.4041727316836487,0.5388098318240621,0.46187967840310507
eap,pythia-410m,low,draw_3,1.0,4122,4122,80581,0.05115349772278825,4122,4122,2003,6241,0.3209421567056561,0.4859291606016497,0.4859291606016497,0.4859291606016497
eap,pythia-410m,low,draw_3,1.5,6183,4122,80581,0.07673024658418237,6183,4122,2495,7810,0.31946222791293216,0.6052886948083455,0.403525796538897,0.48423095584667636
eap,pythia-410m,low,draw_3,2.0,8244,4122,80581,0.1023069954455765,8244,4122,2873,9493,0.3026440535131149,0.6969917515769044,0.3484958757884522,0.46466116771793625
eap,pythia-410m,low,draw_3,3.0,12366,4122,80581,0.15346049316836474,12366,4122,3330,13158,0.253077975376197,0.8078602620087336,0.2692867540029112,0.4039301310043668
eap,pythia-410m,low,draw_3,5.0,20610,4122,80581,0.2557674886139413,20610,4122,3771,20961,0.1799055388578789,0.9148471615720524,0.18296943231441049,0.3049490538573508
eap,pythia-410m,medium,draw_3,0.1,392,3920,80581,0.004864670331715913,392,3920,334,3978,0.08396178984414278,0.08520408163265306,0.8520408163265306,0.1549165120593692
eap,pythia-410m,medium,draw_3,0.2,784,3920,80581,0.009729340663431826,784,3920,600,4104,0.14619883040935672,0.15306122448979592,0.7653061224489796,0.25510204081632654
eap,pythia-410m,medium,draw_3,0.3,1176,3920,80581,0.01459401099514774,1176,3920,840,4256,0.19736842105263158,0.21428571428571427,0.7142857142857143,0.32967032967032966
eap,pythia-410m,medium,draw_3,0.5,1960,3920,80581,0.024323351658579566,1960,3920,1214,4666,0.26018002571795973,0.3096938775510204,0.6193877551020408,0.4129251700680272
eap,pythia-410m,medium,draw_3,0.75,2940,3920,80581,0.03648502748786935,2940,3920,1598,5262,0.30368681109844164,0.4076530612244898,0.5435374149659864,0.46588921282798834
eap,pythia-410m,medium,draw_3,1.0,3920,3920,80581,0.04864670331715913,3920,3920,1888,5952,0.3172043010752688,0.4816326530612245,0.4816326530612245,0.4816326530612245
eap,pythia-410m,medium,draw_3,1.5,5880,3920,80581,0.0729700549757387,5880,3920,2357,7443,0.31667338438801557,0.6012755102040817,0.4008503401360544,0.4810204081632653
eap,pythia-410m,medium,draw_3,2.0,7840,3920,80581,0.09729340663431826,7840,3920,2675,9085,0.29444138690148597,0.6823979591836735,0.34119897959183676,0.4549319727891156
eap,pythia-410m,medium,draw_3,3.0,11760,3920,80581,0.1459401099514774,11760,3920,3102,12578,0.2466210844331372,0.7913265306122449,0.26377551020408163,0.39566326530612245
eap,pythia-410m,medium,draw_3,5.0,19600,3920,80581,0.24323351658579567,19600,3920,3553,19967,0.17794360695146993,0.9063775510204082,0.18127551020408164,0.30212585034013606
eap,pythia-410m,high,draw_3,0.1,338,3379,80581,0.004194537173775456,338,3379,279,3438,0.08115183246073299,0.08256880733944955,0.8254437869822485,0.15012106537530268
eap,pythia-410m,high,draw_3,0.2,676,3379,80581,0.008389074347550911,676,3379,502,3553,0.14128905150576976,0.14856466410180527,0.742603550295858,0.24759556103575833
eap,pythia-410m,high,draw_3,0.3,1014,3379,80581,0.012583611521326367,1014,3379,706,3687,0.1914835909953892,0.20893755548978987,0.6962524654832347,0.3214204416116549
eap,pythia-410m,high,draw_3,0.5,1690,3379,80581,0.02097268586887728,1690,3379,1037,4032,0.2571924603174603,0.3068955312222551,0.6136094674556213,0.40915367922667195
eap,pythia-410m,high,draw_3,0.75,2534,3379,80581,0.03144661893002072,2534,3379,1377,4536,0.30357142857142855,0.40751701686889613,0.5434096290449881,0.4657534246575342
eap,pythia-410m,high,draw_3,1.0,3379,3379,80581,0.04193296186445936,3379,3379,1649,5109,0.32276375024466625,0.48801420538620893,0.48801420538620893,0.48801420538620893
eap,pythia-410m,high,draw_3,1.5,5068,3379,80581,0.06289323786004145,5068,3379,2037,6410,0.31778471138845554,0.6028410772417875,0.40193370165745856,0.48230140878418376
eap,pythia-410m,high,draw_3,2.0,6758,3379,80581,0.08386592372891873,6758,3379,2311,7826,0.29529772553028366,0.6839301568511393,0.34196507842556967,0.4559534379007596
eap,pythia-410m,high,draw_3,3.0,10137,3379,80581,0.1257988855933781,10137,3379,2667,10849,0.24582910867361046,0.789286771234093,0.2630955904113643,0.3946433856170465
eap,pythia-410m,high,draw_3,5.0,16895,3379,80581,0.2096648093222968,16895,3379,3034,17240,0.1759860788863109,0.8978987866232613,0.17957975732465226,0.2992995955410871
eap,pythia-410m,very_high,draw_3,0.1,328,3280,80581,0.004070438440823519,328,3280,263,3345,0.07862481315396114,0.0801829268292683,0.801829268292683,0.1457871396895787
eap,pythia-410m,very_high,draw_3,0.2,656,3280,80581,0.008140876881647038,656,3280,480,3456,0.1388888888888889,0.14634146341463414,0.7317073170731707,0.24390243902439024
eap,pythia-410m,very_high,draw_3,0.3,984,3280,80581,0.012211315322470558,984,3280,649,3615,0.17952973720608575,0.1978658536585366,0.6595528455284553,0.3044090056285178
eap,pythia-410m,very_high,draw_3,0.5,1640,3280,80581,0.020352192204117596,1640,3280,950,3970,0.23929471032745592,0.2896341463414634,0.5792682926829268,0.3861788617886179
eap,pythia-410m,very_high,draw_3,0.75,2460,3280,80581,0.030528288306176394,2460,3280,1220,4520,0.26991150442477874,0.3719512195121951,0.4959349593495935,0.4250871080139373
eap,pythia-410m,very_high,draw_3,1.0,3280,3280,80581,0.04070438440823519,3280,3280,1464,5096,0.28728414442700156,0.44634146341463415,0.44634146341463415,0.44634146341463415
eap,pythia-410m,very_high,draw_3,1.5,4920,3280,80581,0.06105657661235279,4920,3280,1855,6345,0.2923561859732072,0.5655487804878049,0.37703252032520324,0.4524390243902439
eap,pythia-410m,very_high,draw_3,2.0,6560,3280,80581,0.08140876881647038,6560,3280,2133,7707,0.27676138575321135,0.6503048780487805,0.3251524390243902,0.43353658536585366
eap,pythia-410m,very_high,draw_3,3.0,9840,3280,80581,0.12211315322470558,9840,3280,2504,10616,0.23587038432554636,0.7634146341463415,0.25447154471544714,0.38170731707317074
eap,pythia-410m,very_high,draw_3,5.0,16400,3280,80581,0.20352192204117597,16400,3280,2883,16797,0.1716377924629398,0.8789634146341463,0.17579268292682926,0.29298780487804876
eap,pythia-410m,control,draw_3,0.1,338,3382,80581,0.004194537173775456,338,3382,275,3445,0.07982583454281568,0.08131283264340627,0.8136094674556213,0.1478494623655914
eap,pythia-410m,control,draw_3,0.2,676,3382,80581,0.008389074347550911,676,3382,506,3552,0.14245495495495494,0.14961561206386753,0.7485207100591716,0.24938393297190733
eap,pythia-410m,control,draw_3,0.3,1015,3382,80581,0.012596021394621562,1015,3382,703,3694,0.19030860855441256,0.20786516853932585,0.6926108374384237,0.3197634750966568
eap,pythia-410m,control,draw_3,0.5,1691,3382,80581,0.02098509574217247,1691,3382,990,4083,0.24246877296105804,0.29272619751626255,0.5854523950325251,0.39030159668835007
eap,pythia-410m,control,draw_3,0.75,2536,3382,80581,0.03147143867661111,2536,3382,1303,4615,0.28234019501625135,0.38527498521584863,0.513801261829653,0.44035147009124703
eap,pythia-410m,control,draw_3,1.0,3382,3382,80581,0.04197019148434494,3382,3382,1540,5224,0.2947932618683001,0.4553518628030751,0.4553518628030751,0.4553518628030751
eap,pythia-410m,control,draw_3,1.5,5073,3382,80581,0.06295528722651741,5073,3382,1930,6525,0.2957854406130268,0.5706682436428149,0.3804454957618766,0.4565345949142519
eap,pythia-410m,control,draw_3,2.0,6764,3382,80581,0.08394038296868989,6764,3382,2191,7955,0.2754242614707731,0.6478415138971023,0.32392075694855116,0.4318943425980682
eap,pythia-410m,control,draw_3,3.0,10146,3382,80581,0.12591057445303483,10146,3382,2601,10927,0.23803422714377231,0.7690715552927262,0.2563571850975754,0.3845357776463631
eap,pythia-410m,control,draw_3,5.0,16910,3382,80581,0.20985095742172472,16910,3382,2986,17306,0.17254131515081475,0.882909520993495,0.17658190419869899,0.2943031736644983
eap,pythia-1b,low,draw_3,0.1,98,978,10009,0.009791187930862224,98,978,80,996,0.08032128514056225,0.081799591002045,0.8163265306122449,0.14869888475836432
eap,pythia-1b,low,draw_3,0.2,196,978,10009,0.019582375861724448,196,978,145,1029,0.14091350826044705,0.14826175869120656,0.7397959183673469,0.24701873935264054
eap,pythia-1b,low,draw_3,0.3,293,978,10009,0.029273653711659506,293,978,203,1068,0.1900749063670412,0.20756646216768918,0.6928327645051194,0.31943351691581434
eap,pythia-1b,low,draw_3,0.5,489,978,10009,0.048856029573383954,489,978,310,1157,0.26793431287813313,0.3169734151329243,0.6339468302658486,0.4226312201772324
eap,pythia-1b,low,draw_3,0.75,734,978,10009,0.07333399940053952,734,978,404,1308,0.308868501529052,0.4130879345603272,0.5504087193460491,0.4719626168224299
eap,pythia-1b,low,draw_3,1.0,978,978,10009,0.09771205914676791,978,978,485,1471,0.3297076818490823,0.49591002044989774,0.49591002044989774,0.49591002044989774
eap,pythia-1b,low,draw_3,1.5,1467,978,10009,0.14656808872015187,1467,978,608,1837,0.33097441480675016,0.621676891615542,0.41445126107702795,0.49734151329243353
eap,pythia-1b,low,draw_3,2.0,1956,978,10009,0.19542411829353581,1956,978,689,2245,0.3069042316258352,0.7044989775051125,0.35224948875255624,0.46966598500340834
eap,pythia-1b,low,draw_3,3.0,2934,978,10009,0.29313617744030374,2934,978,816,3096,0.26356589147286824,0.8343558282208589,0.278118609406953,0.4171779141104294
eap,pythia-1b,low,draw_3,5.0,4890,978,10009,0.4885602957338395,4890,978,920,4948,0.18593371059013744,0.9406952965235174,0.18813905930470348,0.31356509884117245
eap,pythia-1b,medium,draw_3,0.1,90,900,10009,0.0089919072834449,90,900,76,914,0.08315098468271334,0.08444444444444445,0.8444444444444444,0.15353535353535352
eap,pythia-1b,medium,draw_3,0.2,180,900,10009,0.0179838145668898,180,900,135,945,0.14285714285714285,0.15,0.75,0.25
eap,pythia-1b,medium,draw_3,0.3,270,900,10009,0.0269757218503347,270,900,191,979,0.195097037793667,0.21222222222222223,0.7074074074074074,0.3264957264957265
eap,pythia-1b,medium,draw_3,0.5,450,900,10009,0.0449595364172245,450,900,276,1074,0.2569832402234637,0.30666666666666664,0.6133333333333333,0.4088888888888889
eap,pythia-1b,medium,draw_3,0.75,675,900,10009,0.06743930462583675,675,900,356,1219,0.29204265791632483,0.39555555555555555,0.5274074074074074,0.45206349206349206
eap,pythia-1b,medium,draw_3,1.0,900,900,10009,0.089919072834449,900,900,418,1382,0.3024602026049204,0.46444444444444444,0.46444444444444444,0.46444444444444444
eap,pythia-1b,medium,draw_3,1.5,1350,900,10009,0.1348786092516735,1350,900,513,1737,0.29533678756476683,0.57,0.38,0.456
eap,pythia-1b,medium,draw_3,2.0,1800,900,10009,0.179838145668898,1800,900,585,2115,0.2765957446808511,0.65,0.325,0.43333333333333335
eap,pythia-1b,medium,draw_3,3.0,2700,900,10009,0.269757218503347,2700,900,703,2897,0.24266482568173972,0.7811111111111111,0.26037037037037036,0.39055555555555554
eap,pythia-1b,medium,draw_3,5.0,4500,900,10009,0.449595364172245,4500,900,823,4577,0.17981210399825212,0.9144444444444444,0.18288888888888888,0.3048148148148148
eap,pythia-1b,high,draw_3,0.1,94,945,10009,0.009391547607153562,94,945,70,969,0.07223942208462332,0.07407407407407407,0.7446808510638298,0.1347449470644851
eap,pythia-1b,high,draw_3,0.2,189,945,10009,0.01888300529523429,189,945,131,1003,0.13060817547357925,0.13862433862433862,0.6931216931216931,0.2310405643738977
eap,pythia-1b,high,draw_3,0.3,284,945,10009,0.028374462983315016,284,945,192,1037,0.18514946962391515,0.20317460317460317,0.676056338028169,0.3124491456468674
eap,pythia-1b,high,draw_3,0.5,472,945,10009,0.04715755819762214,472,945,278,1139,0.2440737489025461,0.29417989417989415,0.5889830508474576,0.392378263937897
eap,pythia-1b,high,draw_3,0.75,709,945,10009,0.07083624737736037,709,945,360,1294,0.2782071097372488,0.38095238095238093,0.5077574047954866,0.43530834340991537
eap,pythia-1b,high,draw_3,1.0,945,945,10009,0.09441502647617145,945,945,435,1455,0.29896907216494845,0.4603174603174603,0.4603174603174603,0.4603174603174603
eap,pythia-1b,high,draw_3,1.5,1418,945,10009,0.14167249475472074,1418,945,559,1804,0.3098669623059867,0.5915343915343916,0.3942172073342736,0.4731273804485823
eap,pythia-1b,high,draw_3,2.0,1890,945,10009,0.1888300529523429,1890,945,650,2185,0.2974828375286041,0.6878306878306878,0.3439153439153439,0.4585537918871252
eap,pythia-1b,high,draw_3,3.0,2835,945,10009,0.28324507942851435,2835,945,754,3026,0.24917382683410444,0.7978835978835979,0.2659611992945326,0.39894179894179893
eap,pythia-1b,high,draw_3,5.0,4725,945,10009,0.47207513238085724,4725,945,871,4799,0.18149614503021463,0.9216931216931217,0.18433862433862433,0.3072310405643739
eap,pythia-1b,very_high,draw_3,0.1,81,812,10009,0.00809271655510041,81,812,67,826,0.0811138014527845,0.08251231527093596,0.8271604938271605,0.15005599104143338
eap,pythia-1b,very_high,draw_3,0.2,162,812,10009,0.01618543311020082,162,812,125,849,0.14723203769140164,0.1539408866995074,0.7716049382716049,0.25667351129363447
eap,pythia-1b,very_high,draw_3,0.3,244,812,10009,0.024378059746228396,244,812,170,886,0.19187358916478556,0.20935960591133004,0.6967213114754098,0.32196969696969696
eap,pythia-1b,very_high,draw_3,0.5,406,812,10009,0.04056349285642921,406,812,247,971,0.25437693099897013,0.3041871921182266,0.6083743842364532,0.40558292282430214
eap,pythia-1b,very_high,draw_3,0.75,609,812,10009,0.06084523928464382,609,812,328,1093,0.3000914913083257,0.4039408866995074,0.5385878489326765,0.4616467276565799
eap,pythia-1b,very_high,draw_3,1.0,812,812,10009,0.08112698571285842,812,812,384,1240,0.3096774193548387,0.4729064039408867,0.4729064039408867,0.4729064039408867
eap,pythia-1b,very_high,draw_3,1.5,1218,812,10009,0.12169047856928764,1218,812,462,1568,0.29464285714285715,0.5689655172413793,0.3793103448275862,0.45517241379310347
eap,pythia-1b,very_high,draw_3,2.0,1624,812,10009,0.16225397142571685,1624,812,536,1900,0.28210526315789475,0.6600985221674877,0.33004926108374383,0.4400656814449918
eap,pythia-1b,very_high,draw_3,3.0,2436,812,10009,0.24338095713857527,2436,812,631,2617,0.2411157814291173,0.7770935960591133,0.2590311986863711,0.38854679802955666
eap,pythia-1b,very_high,draw_3,5.0,4060,812,10009,0.4056349285642921,4060,812,734,4138,0.17738037699371678,0.9039408866995073,0.1807881773399015,0.3013136288998358
eap,pythia-1b,control,draw_3,0.1,87,870,10009,0.008692177040663404,87,870,73,884,0.08257918552036199,0.0839080459770115,0.8390804597701149,0.15256008359456635
eap,pythia-1b,control,draw_3,0.2,174,870,10009,0.017384354081326808,174,870,138,906,0.152317880794702,0.15862068965517243,0.7931034482758621,0.26436781609195403
eap,pythia-1b,control,draw_3,0.3,261,870,10009,0.02607653112199021,261,870,191,940,0.20319148936170212,0.21954022988505748,0.7318007662835249,0.33775419982316535
eap,pythia-1b,control,draw_3,0.5,435,870,10009,0.043460885203317014,435,870,273,1032,0.26453488372093026,0.3137931034482759,0.6275862068965518,0.41839080459770117
eap,pythia-1b,control,draw_3,0.75,652,870,10009,0.06514137276451194,652,870,362,1160,0.3120689655172414,0.4160919540229885,0.5552147239263804,0.4756898817345598
eap,pythia-1b,control,draw_3,1.0,870,870,10009,0.08692177040663403,870,870,437,1303,0.3353798925556408,0.5022988505747127,0.5022988505747127,0.5022988505747127
eap,pythia-1b,control,draw_3,1.5,1305,870,10009,0.13038265560995105,1305,870,539,1636,0.32946210268948656,0.6195402298850575,0.41302681992337165,0.495632183908046
eap,pythia-1b,control,draw_3,2.0,1740,870,10009,0.17384354081326805,1740,870,605,2005,0.30174563591022446,0.6954022988505747,0.34770114942528735,0.46360153256704983
eap,pythia-1b,control,draw_3,3.0,2610,870,10009,0.2607653112199021,2610,870,720,2760,0.2608695652173913,0.8275862068965517,0.27586206896551724,0.41379310344827586
eap,pythia-1b,control,draw_3,5.0,4350,870,10009,0.4346088520331701,4350,870,808,4412,0.18313689936536717,0.9287356321839081,0.1857471264367816,0.3095785440613027
eap,pythia-1.4b,low,draw_3,0.1,260,2604,80581,0.0032265670567503506,260,2604,213,2651,0.08034703885326291,0.08179723502304148,0.8192307692307692,0.14874301675977653
eap,pythia-1.4b,low,draw_3,0.2,521,2604,80581,0.006465543986795895,521,2604,380,2745,0.1384335154826958,0.14592933947772657,0.7293666026871402,0.2432
eap,pythia-1.4b,low,draw_3,0.3,781,2604,80581,0.009692111043546246,781,2604,499,2886,0.1729036729036729,0.19162826420890938,0.6389244558258643,0.2948301329394387
eap,pythia-1.4b,low,draw_3,0.5,1302,2604,80581,0.016157655030342142,1302,2604,704,3202,0.2198625858838226,0.27035330261136714,0.5407066052227343,0.3604710701484895
eap,pythia-1.4b,low,draw_3,0.75,1953,2604,80581,0.02423648254551321,1953,2604,927,3630,0.2553719008264463,0.35599078341013823,0.47465437788018433,0.4068466096115866
eap,pythia-1.4b,low,draw_3,1.0,2604,2604,80581,0.032315310060684284,2604,2604,1090,4118,0.2646915978630403,0.4185867895545315,0.4185867895545315,0.4185867895545315
eap,pythia-1.4b,low,draw_3,1.5,3906,2604,80581,0.04847296509102642,3906,2604,1328,5182,0.25627170976456964,0.5099846390168971,0.3399897593445981,0.4079877112135177
eap,pythia-1.4b,low,draw_3,2.0,5208,2604,80581,0.06463062012136857,5208,2604,1503,6309,0.23823109843081314,0.5771889400921659,0.28859447004608296,0.3847926267281106
eap,pythia-1.4b,low,draw_3,3.0,7812,2604,80581,0.09694593018205284,7812,2604,1777,8639,0.2056951035999537,0.6824116743471582,0.2274705581157194,0.3412058371735791
eap,pythia-1.4b,low,draw_3,5.0,13020,2604,80581,0.1615765503034214,13020,2604,2089,13535,0.15434059844846693,0.8022273425499232,0.16044546850998465,0.2674091141833077
eap,pythia-1.4b,medium,draw_3,0.1,245,2453,80581,0.0030404189573224457,245,2453,204,2494,0.0817963111467522,0.08316347329800244,0.8326530612244898,0.15122312824314307
eap,pythia-1.4b,medium,draw_3,0.2,491,2453,80581,0.006093247787940085,491,2453,352,2592,0.13580246913580246,0.14349775784753363,0.7169042769857433,0.2391304347826087
eap,pythia-1.4b,medium,draw_3,0.3,736,2453,80581,0.00913366674526253,736,2453,485,2704,0.17936390532544377,0.19771708112515288,0.6589673913043478,0.3041705863907181
eap,pythia-1.4b,medium,draw_3,0.5,1226,2453,80581,0.015214504659907422,1226,2453,661,3018,0.21901921802518223,0.2694659600489197,0.5391517128874388,0.35933677629790706
eap,pythia-1.4b,medium,draw_3,0.75,1840,2453,80581,0.022834166863156327,1840,2453,869,3424,0.2537967289719626,0.3542600896860987,0.4722826086956522,0.40484509666899604
eap,pythia-1.4b,medium,draw_3,1.0,2453,2453,80581,0.03044141919311004,2453,2453,1016,3890,0.26118251928020564,0.4141867101508357,0.4141867101508357,0.4141867101508357
eap,pythia-1.4b,medium,draw_3,1.5,3680,2453,80581,0.045668333726312654,3680,2453,1231,4902,0.2511219910240718,0.5018344883815736,0.3345108695652174,0.40143486059024946
eap,pythia-1.4b,medium,draw_3,2.0,4906,2453,80581,0.06088283838622008,4906,2453,1415,5944,0.23805518169582773,0.5768446799836935,0.28842233999184674,0.38456311998912895
eap,pythia-1.4b,medium,draw_3,3.0,7359,2453,80581,0.09132425757933012,7359,2453,1664,8148,0.20422189494354442,0.6783530370974317,0.22611767903247723,0.33917651854871583
eap,pythia-1.4b,medium,draw_3,5.0,12265,2453,80581,0.15220709596555018,12265,2453,1982,12736,0.15562185929648242,0.807990216061965,0.161598043212393,0.26933007202065495
eap,pythia-1.4b,high,draw_3,0.1,212,2121,80581,0.002630893138581055,212,2121,170,2163,0.07859454461396209,0.08015087223008015,0.8018867924528302,0.14573510501500214
eap,pythia-1.4b,high,draw_3,0.2,424,2121,80581,0.00526178627716211,424,2121,309,2236,0.1381932021466905,0.1456859971711457,0.7287735849056604,0.24282907662082515
eap,pythia-1.4b,high,draw_3,0.3,636,2121,80581,0.007892679415743165,636,2121,418,2339,0.17870884993587002,0.1970768505421971,0.6572327044025157,0.3032281465360899
eap,pythia-1.4b,high,draw_3,0.5,1060,2121,80581,0.013154465692905275,1060,2121,568,2613,0.21737466513585915,0.2677982083922678,0.5358490566037736,0.3571204023891858
eap,pythia-1.4b,high,draw_3,0.75,1591,2121,80581,0.019744108412653106,1591,2121,728,2984,0.24396782841823056,0.3432343234323432,0.45757385292269015,0.3922413793103448
eap,pythia-1.4b,high,draw_3,1.0,2121,2121,80581,0.026321341259105745,2121,2121,861,3381,0.2546583850931677,0.40594059405940597,0.40594059405940597,0.40594059405940597
eap,pythia-1.4b,high,draw_3,1.5,3182,2121,80581,0.03948821682530621,3182,2121,1048,4255,0.2462984723854289,0.4941065535124941,0.32935260842237585,0.3952479728455591
eap,pythia-1.4b,high,draw_3,2.0,4242,2121,80581,0.05264268251821149,4242,2121,1188,5175,0.22956521739130434,0.5601131541725601,0.28005657708628007,0.3734087694483734
eap,pythia-1.4b,high,draw_3,3.0,6363,2121,80581,0.07896402377731723,6363,2121,1417,7067,0.2005094099334937,0.6680810938236681,0.2226936979412227,0.33404054691183405
eap,pythia-1.4b,high,draw_3,5.0,10605,2121,80581,0.13160670629552873,10605,2121,1678,11048,0.15188269370021723,0.7911362564827912,0.15822725129655824,0.2637120854942637
eap,pythia-1.4b,very_high,draw_3,0.1,211,2108,80581,0.0026184832652858614,211,2108,174,2145,0.08111888111888112,0.0825426944971537,0.8246445497630331,0.1500646830530401
eap,pythia-1.4b,very_high,draw_3,0.2,422,2108,80581,0.005236966530571723,422,2108,304,2226,0.13656783468104222,0.1442125237191651,0.7203791469194313,0.24031620553359684
eap,pythia-1.4b,very_high,draw_3,0.3,632,2108,80581,0.00784303992256239,632,2108,401,2339,0.17144078666096624,0.19022770398481972,0.634493670886076,0.2927007299270073
eap,pythia-1.4b,very_high,draw_3,0.5,1054,2108,80581,0.013080006453134113,1054,2108,551,2611,0.2110302566066641,0.26138519924098674,0.5227703984819735,0.3485135989879823
eap,pythia-1.4b,very_high,draw_3,0.75,1581,2108,80581,0.01962000967970117,1581,2108,702,2987,0.23501841312353533,0.33301707779886147,0.444022770398482,0.3805909460558417
eap,pythia-1.4b,very_high,draw_3,1.0,2108,2108,80581,0.026160012906268227,2108,2108,824,3392,0.2429245283018868,0.3908918406072106,0.3908918406072106,0.3908918406072106
eap,pythia-1.4b,very_high,draw_3,1.5,3162,2108,80581,0.03924001935940234,3162,2108,987,4283,0.23044594910109736,0.46821631878557873,0.31214421252371916,0.374573055028463
eap,pythia-1.4b,very_high,draw_3,2.0,4216,2108,80581,0.052320025812536454,4216,2108,1136,5188,0.2189668465690054,0.538899430740038,0.269449715370019,0.3592662871600253
eap,pythia-1.4b,very_high,draw_3,3.0,6324,2108,80581,0.07848003871880468,6324,2108,1348,7084,0.19028797289666854,0.6394686907020873,0.2131562302340291,0.31973434535104367
eap,pythia-1.4b,very_high,draw_3,5.0,10540,2108,80581,0.13080006453134113,10540,2108,1608,11040,0.14565217391304347,0.7628083491461101,0.152561669829222,0.25426944971537
eap,pythia-1.4b,control,draw_3,0.1,201,2006,80581,0.002494384532333925,201,2006,156,2051,0.07606045831301804,0.07776669990029911,0.7761194029850746,0.14136837335749886
eap,pythia-1.4b,control,draw_3,0.2,401,2006,80581,0.004976359191372656,401,2006,270,2137,0.12634534394010294,0.1345962113659023,0.6733167082294265,0.22434565849605317
eap,pythia-1.4b,control,draw_3,0.3,602,2006,80581,0.007470743723706581,602,2006,364,2244,0.1622103386809269,0.1814556331006979,0.6046511627906976,0.2791411042944785
eap,pythia-1.4b,control,draw_3,0.5,1003,2006,80581,0.012447102915079238,1003,2006,506,2503,0.20215741110667199,0.2522432701894317,0.5044865403788634,0.3363243602525756
eap,pythia-1.4b,control,draw_3,0.75,1504,2006,80581,0.01866444943597126,1504,2006,654,2856,0.22899159663865545,0.32602193419740777,0.4348404255319149,0.37264957264957266
eap,pythia-1.4b,control,draw_3,1.0,2006,2006,80581,0.024894205830158476,2006,2006,770,3242,0.23750771128932757,0.38384845463609174,0.38384845463609174,0.38384845463609174
eap,pythia-1.4b,control,draw_3,1.5,3009,2006,80581,0.03734130874523771,3009,2006,936,4079,0.22946800686442756,0.4666001994017946,0.31106679960119643,0.3732801595214357
eap,pythia-1.4b,control,draw_3,2.0,4012,2006,80581,0.04978841166031695,4012,2006,1065,4953,0.2150211992731678,0.5309072781655035,0.26545363908275177,0.353938185443669
eap,pythia-1.4b,control,draw_3,3.0,6018,2006,80581,0.07468261749047542,6018,2006,1264,6760,0.18698224852071005,0.6301096709870389,0.21003655699567964,0.3150548354935194
eap,pythia-1.4b,control,draw_3,5.0,10030,2006,80581,0.12447102915079238,10030,2006,1526,10510,0.14519505233111324,0.7607178464606181,0.15214356929212364,0.2535726154868727
eap_ig,pythia-70m,low,draw_1,0.1,38,380,1324,0.028700906344410877,38,380,38,380,0.1,0.1,1.0,0.18181818181818182
eap_ig,pythia-70m,low,draw_1,0.2,76,380,1324,0.05740181268882175,76,380,76,380,0.2,0.2,1.0,0.3333333333333333
eap_ig,pythia-70m,low,draw_1,0.3,114,380,1324,0.08610271903323263,114,380,113,381,0.29658792650918636,0.29736842105263156,0.9912280701754386,0.4574898785425101
eap_ig,pythia-70m,low,draw_1,0.5,190,380,1324,0.14350453172205438,190,380,173,397,0.4357682619647355,0.45526315789473687,0.9105263157894737,0.6070175438596491
eap_ig,pythia-70m,low,draw_1,0.75,285,380,1324,0.21525679758308158,285,380,236,429,0.5501165501165501,0.6210526315789474,0.8280701754385965,0.7097744360902256
eap_ig,pythia-70m,low,draw_1,1.0,380,380,1324,0.28700906344410876,380,380,285,475,0.6,0.75,0.75,0.75
eap_ig,pythia-70m,low,draw_1,1.5,570,380,1324,0.43051359516616317,570,380,339,611,0.5548281505728314,0.8921052631578947,0.5947368421052631,0.7136842105263158
eap_ig,pythia-70m,low,draw_1,2.0,760,380,1324,0.5740181268882175,760,380,358,782,0.4578005115089514,0.9421052631578948,0.4710526315789474,0.6280701754385964
eap_ig,pythia-70m,low,draw_1,3.0,1140,380,1324,0.8610271903323263,1140,380,379,1141,0.33216476774758985,0.9973684210526316,0.33245614035087717,0.4986842105263158
eap_ig,pythia-70m,low,draw_1,5.0,1324,380,1324,1.0,1324,380,380,1324,0.28700906344410876,1.0,0.28700906344410876,0.4460093896713615
eap_ig,pythia-70m,medium,draw_1,0.1,40,395,1324,0.030211480362537766,40,395,39,396,0.09848484848484848,0.09873417721518987,0.975,0.1793103448275862
eap_ig,pythia-70m,medium,draw_1,0.2,79,395,1324,0.05966767371601209,79,395,77,397,0.19395465994962216,0.1949367088607595,0.9746835443037974,0.32489451476793246
eap_ig,pythia-70m,medium,draw_1,0.3,118,395,1324,0.0891238670694864,118,395,113,400,0.2825,0.28607594936708863,0.9576271186440678,0.4405458089668616
eap_ig,pythia-70m,medium,draw_1,0.5,198,395,1324,0.14954682779456194,198,395,178,415,0.42891566265060244,0.4506329113924051,0.898989898989899,0.6003372681281619
eap_ig,pythia-70m,medium,draw_1,0.75,296,395,1324,0.22356495468277945,296,395,256,435,0.5885057471264368,0.6481012658227848,0.8648648648648649,0.7409551374819102
eap_ig,pythia-70m,medium,draw_1,1.0,395,395,1324,0.2983383685800604,395,395,301,489,0.6155419222903885,0.7620253164556962,0.7620253164556962,0.7620253164556962
eap_ig,pythia-70m,medium,draw_1,1.5,592,395,1324,0.4471299093655589,592,395,357,630,0.5666666666666667,0.9037974683544304,0.6030405405405406,0.723404255319149
eap_ig,pythia-70m,medium,draw_1,2.0,790,395,1324,0.5966767371601208,790,395,378,807,0.4684014869888476,0.9569620253164557,0.47848101265822784,0.6379746835443038
eap_ig,pythia-70m,medium,draw_1,3.0,1185,395,1324,0.8950151057401813,1185,395,393,1187,0.33108677337826453,0.9949367088607595,0.33164556962025316,0.49746835443037973
eap_ig,pythia-70m,medium,draw_1,5.0,1324,395,1324,1.0,1324,395,395,1324,0.2983383685800604,1.0,0.2983383685800604,0.4595695171611402
eap_ig,pythia-70m,high,draw_1,0.1,41,414,1324,0.030966767371601207,41,414,40,415,0.0963855421686747,0.0966183574879227,0.975609756097561,0.17582417582417584
eap_ig,pythia-70m,high,draw_1,0.2,83,414,1324,0.06268882175226587,83,414,82,415,0.19759036144578312,0.19806763285024154,0.9879518072289156,0.3299798792756539
eap_ig,pythia-70m,high,draw_1,0.3,124,414,1324,0.09365558912386707,124,414,121,417,0.290167865707434,0.2922705314009662,0.9758064516129032,0.44981412639405205
eap_ig,pythia-70m,high,draw_1,0.5,207,414,1324,0.15634441087613293,207,414,188,433,0.4341801385681293,0.45410628019323673,0.9082125603864735,0.605475040257649
eap_ig,pythia-70m,high,draw_1,0.75,310,414,1324,0.23413897280966767,310,414,264,460,0.5739130434782609,0.6376811594202898,0.8516129032258064,0.7292817679558011
eap_ig,pythia-70m,high,draw_1,1.0,414,414,1324,0.31268882175226587,414,414,318,510,0.6235294117647059,0.7681159420289855,0.7681159420289855,0.7681159420289855
eap_ig,pythia-70m,high,draw_1,1.5,621,414,1324,0.4690332326283988,621,414,373,662,0.5634441087613293,0.9009661835748792,0.6006441223832528,0.7207729468599033
eap_ig,pythia-70m,high,draw_1,2.0,828,414,1324,0.6253776435045317,828,414,399,843,0.47330960854092524,0.9637681159420289,0.48188405797101447,0.642512077294686
eap_ig,pythia-70m,high,draw_1,3.0,1242,414,1324,0.9380664652567976,1242,414,413,1243,0.33226065969428803,0.9975845410628019,0.3325281803542673,0.49879227053140096
eap_ig,pythia-70m,high,draw_1,5.0,1324,414,1324,1.0,1324,414,414,1324,0.31268882175226587,1.0,0.31268882175226587,0.476409666283084
eap_ig,pythia-70m,very_high,draw_1,0.1,42,424,1324,0.03172205438066465,42,424,41,425,0.09647058823529411,0.09669811320754718,0.9761904761904762,0.1759656652360515
eap_ig,pythia-70m,very_high,draw_1,0.2,85,424,1324,0.06419939577039276,85,424,83,426,0.19483568075117372,0.1957547169811321,0.9764705882352941,0.32612966601178783
eap_ig,pythia-70m,very_high,draw_1,0.3,127,424,1324,0.09592145015105741,127,424,123,428,0.28738317757009346,0.29009433962264153,0.968503937007874,0.44646098003629764
eap_ig,pythia-70m,very_high,draw_1,0.5,212,424,1324,0.16012084592145015,212,424,193,443,0.435665914221219,0.455188679245283,0.910377358490566,0.6069182389937107
eap_ig,pythia-70m,very_high,draw_1,0.75,318,424,1324,0.24018126888217523,318,424,269,473,0.5687103594080338,0.6344339622641509,0.8459119496855346,0.7250673854447439
eap_ig,pythia-70m,very_high,draw_1,1.0,424,424,1324,0.3202416918429003,424,424,322,526,0.6121673003802282,0.7594339622641509,0.7594339622641509,0.7594339622641509
eap_ig,pythia-70m,very_high,draw_1,1.5,636,424,1324,0.48036253776435045,636,424,376,684,0.5497076023391813,0.8867924528301887,0.5911949685534591,0.7094339622641509
eap_ig,pythia-70m,very_high,draw_1,2.0,848,424,1324,0.6404833836858006,848,424,403,869,0.46375143843498273,0.9504716981132075,0.47523584905660377,0.6336477987421384
eap_ig,pythia-70m,very_high,draw_1,3.0,1272,424,1324,0.9607250755287009,1272,424,420,1276,0.329153605015674,0.9905660377358491,0.330188679245283,0.49528301886792453
eap_ig,pythia-70m,very_high,draw_1,5.0,1324,424,1324,1.0,1324,424,424,1324,0.3202416918429003,1.0,0.3202416918429003,0.4851258581235698
eap_ig,pythia-70m,control,draw_1,0.1,44,435,1324,0.03323262839879154,44,435,43,436,0.09862385321100918,0.09885057471264368,0.9772727272727273,0.17954070981210857
eap_ig,pythia-70m,control,draw_1,0.2,87,435,1324,0.06570996978851963,87,435,86,436,0.19724770642201836,0.19770114942528735,0.9885057471264368,0.32950191570881227
eap_ig,pythia-70m,control,draw_1,0.3,130,435,1324,0.09818731117824774,130,435,124,441,0.2811791383219955,0.2850574712643678,0.9538461538461539,0.4389380530973451
eap_ig,pythia-70m,control,draw_1,0.5,218,435,1324,0.1646525679758308,218,435,198,455,0.4351648351648352,0.45517241379310347,0.908256880733945,0.6064318529862175
eap_ig,pythia-70m,control,draw_1,0.75,326,435,1324,0.24622356495468278,326,435,270,491,0.5498981670061099,0.6206896551724138,0.8282208588957055,0.709592641261498
eap_ig,pythia-70m,control,draw_1,1.0,435,435,1324,0.3285498489425982,435,435,322,548,0.5875912408759124,0.7402298850574712,0.7402298850574712,0.7402298850574712
eap_ig,pythia-70m,control,draw_1,1.5,652,435,1324,0.49244712990936557,652,435,388,699,0.5550786838340487,0.8919540229885058,0.5950920245398773,0.7138914443422263
eap_ig,pythia-70m,control,draw_1,2.0,870,435,1324,0.6570996978851964,870,435,412,893,0.46136618141097424,0.9471264367816092,0.4735632183908046,0.6314176245210728
eap_ig,pythia-70m,control,draw_1,3.0,1305,435,1324,0.9856495468277946,1305,435,435,1305,0.3333333333333333,1.0,0.3333333333333333,0.5
eap_ig,pythia-70m,control,draw_1,5.0,1324,435,1324,1.0,1324,435,435,1324,0.3285498489425982,1.0,0.3285498489425982,0.49459920409323477
eap_ig,pythia-160m,low,draw_1,0.1,146,1463,11467,0.012732188017790181,146,1463,132,1477,0.08937034529451592,0.09022556390977443,0.9041095890410958,0.16407706650093226
eap_ig,pythia-160m,low,draw_1,0.2,293,1463,11467,0.0255515828028255,293,1463,260,1496,0.17379679144385027,0.17771701982228297,0.8873720136518771,0.296127562642369
eap_ig,pythia-160m,low,draw_1,0.3,439,1463,11467,0.03828377082061568,439,1463,365,1537,0.23747560182173064,0.24948735475051265,0.8314350797266514,0.38380651945320715
eap_ig,pythia-160m,low,draw_1,0.5,732,1463,11467,0.06383535362344119,732,1463,536,1659,0.323086196503918,0.3663704716336295,0.73224043715847,0.48838268792710704
eap_ig,pythia-160m,low,draw_1,0.75,1097,1463,11467,0.09566582366791664,1097,1463,708,1852,0.38228941684665224,0.4839371155160629,0.6453965360072926,0.553125
eap_ig,pythia-160m,low,draw_1,1.0,1463,1463,11467,0.1275835004796372,1463,1463,873,2053,0.4252313687286897,0.596719070403281,0.596719070403281,0.596719070403281
eap_ig,pythia-160m,low,draw_1,1.5,2194,1463,11467,0.19133164733583327,2194,1463,1081,2576,0.41964285714285715,0.7388926862611073,0.4927073837739289,0.5911949685534591
eap_ig,pythia-160m,low,draw_1,2.0,2926,1463,11467,0.2551670009592744,2926,1463,1198,3191,0.37543089940457536,0.8188653451811346,0.4094326725905673,0.5459102301207565
eap_ig,pythia-160m,low,draw_1,3.0,4389,1463,11467,0.38275050143891165,4389,1463,1336,4516,0.295837023914969,0.9131920710868079,0.304397357028936,0.45659603554340394
eap_ig,pythia-160m,low,draw_1,5.0,7315,1463,11467,0.6379175023981861,7315,1463,1431,7347,0.19477337688852592,0.9781271360218728,0.19562542720437456,0.32604237867395763
eap_ig,pythia-160m,medium,draw_1,0.1,145,1446,11467,0.012644981250545043,145,1446,139,1452,0.09573002754820936,0.09612724757952974,0.9586206896551724,0.17473287240729102
eap_ig,pythia-160m,medium,draw_1,0.2,289,1446,11467,0.025202755733844947,289,1446,264,1471,0.1794697484704283,0.1825726141078838,0.9134948096885813,0.3043227665706052
eap_ig,pythia-160m,medium,draw_1,0.3,434,1446,11467,0.037847736984389986,434,1446,365,1515,0.24092409240924093,0.2524204702627939,0.8410138248847926,0.3882978723404255
eap_ig,pythia-160m,medium,draw_1,0.5,723,1446,11467,0.06305049271823493,723,1446,541,1628,0.3323095823095823,0.37413554633471646,0.7482710926694329,0.4988473951129553
eap_ig,pythia-160m,medium,draw_1,0.75,1084,1446,11467,0.09453213569372983,1084,1446,698,1832,0.38100436681222705,0.4827109266943292,0.6439114391143912,0.5517786561264822
eap_ig,pythia-160m,medium,draw_1,1.0,1446,1446,11467,0.12610098543646986,1446,1446,845,2047,0.41279921836834393,0.5843706777316736,0.5843706777316736,0.5843706777316736
eap_ig,pythia-160m,medium,draw_1,1.5,2169,1446,11467,0.18915147815470482,2169,1446,1061,2554,0.4154267815191856,0.7337482710926694,0.4891655140617796,0.5869986168741356
eap_ig,pythia-160m,medium,draw_1,2.0,2892,1446,11467,0.2522019708729397,2892,1446,1194,3144,0.3797709923664122,0.8257261410788381,0.41286307053941906,0.5504840940525588
eap_ig,pythia-160m,medium,draw_1,3.0,4338,1446,11467,0.37830295630940963,4338,1446,1316,4468,0.2945389435989257,0.9100968188105117,0.30336560627017056,0.45504840940525587
eap_ig,pythia-160m,medium,draw_1,5.0,7230,1446,11467,0.6305049271823493,7230,1446,1398,7278,0.19208573784006594,0.966804979253112,0.1933609958506224,0.32226832641770403
eap_ig,pythia-160m,high,draw_1,0.1,136,1360,11467,0.011860120345338798,136,1360,123,1373,0.08958485069191552,0.09044117647058823,0.9044117647058824,0.16443850267379678
eap_ig,pythia-160m,high,draw_1,0.2,272,1360,11467,0.023720240690677595,272,1360,225,1407,0.15991471215351813,0.16544117647058823,0.8272058823529411,0.2757352941176471
eap_ig,pythia-160m,high,draw_1,0.3,408,1360,11467,0.035580361036016396,408,1360,325,1443,0.22522522522522523,0.23897058823529413,0.7965686274509803,0.36764705882352944
eap_ig,pythia-160m,high,draw_1,0.5,680,1360,11467,0.05930060172669399,680,1360,473,1567,0.30185067007019784,0.3477941176470588,0.6955882352941176,0.46372549019607845
eap_ig,pythia-160m,high,draw_1,0.75,1020,1360,11467,0.08895090259004099,1020,1360,641,1739,0.36860264519838987,0.4713235294117647,0.6284313725490196,0.5386554621848739
eap_ig,pythia-160m,high,draw_1,1.0,1360,1360,11467,0.11860120345338798,1360,1360,775,1945,0.39845758354755784,0.5698529411764706,0.5698529411764706,0.5698529411764706
eap_ig,pythia-160m,high,draw_1,1.5,2040,1360,11467,0.17790180518008197,2040,1360,984,2416,0.40728476821192056,0.7235294117647059,0.4823529411764706,0.5788235294117647
eap_ig,pythia-160m,high,draw_1,2.0,2720,1360,11467,0.23720240690677596,2720,1360,1099,2981,0.36866823213686684,0.8080882352941177,0.40404411764705883,0.5387254901960784
eap_ig,pythia-160m,high,draw_1,3.0,4080,1360,11467,0.35580361036016395,4080,1360,1230,4210,0.2921615201900237,0.9044117647058824,0.3014705882352941,0.4522058823529412
eap_ig,pythia-160m,high,draw_1,5.0,6800,1360,11467,0.5930060172669399,6800,1360,1331,6829,0.19490408551764535,0.9786764705882353,0.19573529411764706,0.32622549019607844
eap_ig,pythia-160m,very_high,draw_1,0.1,136,1358,11467,0.011860120345338798,136,1358,127,1367,0.09290416971470374,0.093519882179676,0.9338235294117647,0.17001338688085676
eap_ig,pythia-160m,very_high,draw_1,0.2,272,1358,11467,0.023720240690677595,272,1358,238,1392,0.17097701149425287,0.17525773195876287,0.875,0.2920245398773006
eap_ig,pythia-160m,very_high,draw_1,0.3,407,1358,11467,0.035493154268771254,407,1358,327,1438,0.22739916550764952,0.24079528718703977,0.8034398034398035,0.3705382436260623
eap_ig,pythia-160m,very_high,draw_1,0.5,679,1358,11467,0.059213394959448856,679,1358,473,1564,0.3024296675191816,0.3483063328424153,0.6966126656848306,0.4644084437898871
eap_ig,pythia-160m,very_high,draw_1,0.75,1018,1358,11467,0.08877648905555072,1018,1358,643,1733,0.3710328909405655,0.4734904270986745,0.6316306483300589,0.5412457912457912
eap_ig,pythia-160m,very_high,draw_1,1.0,1358,1358,11467,0.11842678991889771,1358,1358,799,1917,0.41679707876890976,0.5883652430044183,0.5883652430044183,0.5883652430044183
eap_ig,pythia-160m,very_high,draw_1,1.5,2037,1358,11467,0.17764018487834657,2037,1358,988,2407,0.41046946406314916,0.727540500736377,0.485027000490918,0.5820324005891017
eap_ig,pythia-160m,very_high,draw_1,2.0,2716,1358,11467,0.23685357983779542,2716,1358,1111,2963,0.37495781302733716,0.8181148748159057,0.40905743740795286,0.5454099165439371
eap_ig,pythia-160m,very_high,draw_1,3.0,4074,1358,11467,0.35528036975669314,4074,1358,1243,4189,0.29672952972069705,0.9153166421207658,0.30510554737358864,0.4576583210603829
eap_ig,pythia-160m,very_high,draw_1,5.0,6790,1358,11467,0.5921339495944885,6790,1358,1327,6821,0.1945462542149245,0.9771723122238586,0.19543446244477172,0.32572410407461955
eap_ig,pythia-160m,control,draw_1,0.1,139,1392,11467,0.012121740647074213,139,1392,130,1401,0.092790863668808,0.09339080459770115,0.935251798561151,0.1698236446766819
eap_ig,pythia-160m,control,draw_1,0.2,278,1392,11467,0.024243481294148425,278,1392,248,1422,0.17440225035161744,0.1781609195402299,0.8920863309352518,0.2970059880239521
eap_ig,pythia-160m,control,draw_1,0.3,418,1392,11467,0.03645242870846778,418,1392,346,1464,0.23633879781420766,0.24856321839080459,0.8277511961722488,0.38232044198895027
eap_ig,pythia-160m,control,draw_1,0.5,696,1392,11467,0.060695910002616205,696,1392,512,1576,0.3248730964467005,0.367816091954023,0.735632183908046,0.4904214559386973
eap_ig,pythia-160m,control,draw_1,0.75,1044,1392,11467,0.0910438650039243,1044,1392,673,1763,0.3817356778218945,0.4834770114942529,0.6446360153256705,0.5525451559934319
eap_ig,pythia-160m,control,draw_1,1.0,1392,1392,11467,0.12139182000523241,1392,1392,827,1957,0.4225855901890649,0.5941091954022989,0.5941091954022989,0.5941091954022989
eap_ig,pythia-160m,control,draw_1,1.5,2088,1392,11467,0.1820877300078486,2088,1392,1024,2456,0.4169381107491857,0.735632183908046,0.4904214559386973,0.5885057471264368
eap_ig,pythia-160m,control,draw_1,2.0,2784,1392,11467,0.24278364001046482,2784,1392,1131,3045,0.37142857142857144,0.8125,0.40625,0.5416666666666666
eap_ig,pythia-160m,control,draw_1,3.0,4176,1392,11467,0.3641754600156972,4176,1392,1273,4295,0.29639115250291037,0.9145114942528736,0.30483716475095785,0.4572557471264368
eap_ig,pythia-160m,control,draw_1,5.0,6960,1392,11467,0.606959100026162,6960,1392,1361,6991,0.19467887283650406,0.9777298850574713,0.19554597701149426,0.32590996168582376
eap_ig,pythia-410m,low,draw_1,0.1,396,3957,80581,0.004914309824896688,396,3957,347,4006,0.08662006989515726,0.0876926964872378,0.8762626262626263,0.15943027796921663
eap_ig,pythia-410m,low,draw_1,0.2,791,3957,80581,0.009816209776498183,791,3957,636,4112,0.1546692607003891,0.1607278241091736,0.8040455120101138,0.2679022746419545
eap_ig,pythia-410m,low,draw_1,0.3,1187,3957,80581,0.01473051960139487,1187,3957,892,4252,0.20978363123236124,0.22542330048016174,0.7514743049705139,0.3468118195956454
eap_ig,pythia-410m,low,draw_1,0.5,1978,3957,80581,0.024546729377893053,1978,3957,1262,4673,0.27006205863471006,0.3189284811726055,0.6380182002022244,0.425273799494524
eap_ig,pythia-410m,low,draw_1,0.75,2968,3957,80581,0.03683250394013477,2968,3957,1670,5255,0.31779257849666986,0.42203689663886784,0.5626684636118598,0.48231046931407945
eap_ig,pythia-410m,low,draw_1,1.0,3957,3957,80581,0.0491058686290813,3957,3957,1970,5944,0.3314266487213997,0.49785190801111956,0.49785190801111956,0.49785190801111956
eap_ig,pythia-410m,low,draw_1,1.5,5936,3957,80581,0.07366500788026954,5936,3957,2477,7416,0.334007551240561,0.625979277230225,0.4172843665768194,0.5007581117962195
eap_ig,pythia-410m,low,draw_1,2.0,7914,3957,80581,0.0982117372581626,7914,3957,2821,9050,0.3117127071823204,0.7129138236037402,0.3564569118018701,0.47527588240249347
eap_ig,pythia-410m,low,draw_1,3.0,11871,3957,80581,0.14731760588724388,11871,3957,3268,12560,0.26019108280254777,0.8258781905483953,0.27529273018279843,0.41293909527419764
eap_ig,pythia-410m,low,draw_1,5.0,19785,3957,80581,0.24552934314540648,19785,3957,3624,20118,0.18013719057560393,0.9158453373768006,0.18316906747536013,0.30528177912560023
eap_ig,pythia-410m,medium,draw_1,0.1,381,3809,80581,0.004728161725468783,381,3809,310,3880,0.07989690721649484,0.08138619060120766,0.8136482939632546,0.14797136038186157
eap_ig,pythia-410m,medium,draw_1,0.2,762,3809,80581,0.009456323450937566,762,3809,582,3989,0.14590122837803962,0.15279600945129956,0.7637795275590551,0.25464887333187486
eap_ig,pythia-410m,medium,draw_1,0.3,1143,3809,80581,0.01418448517640635,1143,3809,794,4158,0.19095719095719096,0.20845366237857704,0.694663167104112,0.32067851373182554
eap_ig,pythia-410m,medium,draw_1,0.5,1904,3809,80581,0.02362839875404872,1904,3809,1160,4553,0.25477707006369427,0.30454187450774484,0.6092436974789915,0.40609137055837563
eap_ig,pythia-410m,medium,draw_1,0.75,2857,3809,80581,0.03545500800436827,2857,3809,1549,5117,0.30271643541137383,0.40666841690732475,0.5421771088554428,0.46474647464746477
eap_ig,pythia-410m,medium,draw_1,1.0,3809,3809,80581,0.04726920738139263,3809,3809,1872,5746,0.3257918552036199,0.49146757679180886,0.49146757679180886,0.49146757679180886
eap_ig,pythia-410m,medium,draw_1,1.5,5714,3809,80581,0.07091001600873655,5714,3809,2352,7171,0.3279877283502998,0.617484904174324,0.41162058102905147,0.49396198676887537
eap_ig,pythia-410m,medium,draw_1,2.0,7618,3809,80581,0.09453841476278527,7618,3809,2703,8724,0.3098349381017882,0.7096350748227881,0.35481753741139405,0.47309004988185877
eap_ig,pythia-410m,medium,draw_1,3.0,11427,3809,80581,0.14180762214417791,11427,3809,3104,12132,0.25585229146060007,0.8149120504069309,0.27163735013564366,0.40745602520346547
eap_ig,pythia-410m,medium,draw_1,5.0,19045,3809,80581,0.23634603690696318,19045,3809,3494,19360,0.18047520661157024,0.9173011289052244,0.1834602257810449,0.3057670429684082
eap_ig,pythia-410m,high,draw_1,0.1,348,3480,80581,0.004318635906727392,348,3480,302,3526,0.08564946114577425,0.0867816091954023,0.867816091954023,0.15778474399164055
eap_ig,pythia-410m,high,draw_1,0.2,696,3480,80581,0.008637271813454785,696,3480,540,3636,0.1485148514851485,0.15517241379310345,0.7758620689655172,0.25862068965517243
eap_ig,pythia-410m,high,draw_1,0.3,1044,3480,80581,0.012955907720182177,1044,3480,752,3772,0.19936373276776245,0.2160919540229885,0.7203065134099617,0.33244916003536695
eap_ig,pythia-410m,high,draw_1,0.5,1740,3480,80581,0.02159317953363696,1740,3480,1093,4127,0.2648412890719651,0.31408045977011495,0.6281609195402299,0.41877394636015325
eap_ig,pythia-410m,high,draw_1,0.75,2610,3480,80581,0.032389769300455444,2610,3480,1417,4673,0.303231328910764,0.40718390804597704,0.542911877394636,0.46535303776683085
eap_ig,pythia-410m,high,draw_1,1.0,3480,3480,80581,0.04318635906727392,3480,3480,1693,5267,0.3214353521928992,0.48649425287356324,0.48649425287356324,0.48649425287356324
eap_ig,pythia-410m,high,draw_1,1.5,5220,3480,80581,0.06477953860091089,5220,3480,2140,6560,0.32621951219512196,0.6149425287356322,0.4099616858237548,0.49195402298850577
eap_ig,pythia-410m,high,draw_1,2.0,6960,3480,80581,0.08637271813454785,6960,3480,2426,8014,0.30272023958073374,0.6971264367816092,0.3485632183908046,0.4647509578544061
eap_ig,pythia-410m,high,draw_1,3.0,10440,3480,80581,0.12955907720182178,10440,3480,2821,11099,0.2541670420758627,0.8106321839080459,0.27021072796934864,0.40531609195402296
eap_ig,pythia-410m,high,draw_1,5.0,17400,3480,80581,0.2159317953363696,17400,3480,3170,17710,0.1789949181253529,0.9109195402298851,0.182183908045977,0.303639846743295
eap_ig,pythia-410m,very_high,draw_1,0.1,313,3131,80581,0.0038842903413956143,313,3131,260,3184,0.08165829145728644,0.0830405621207282,0.8306709265175719,0.15098722415795587
eap_ig,pythia-410m,very_high,draw_1,0.2,626,3131,80581,0.007768580682791229,626,3131,465,3292,0.14125151883353584,0.1485148514851485,0.7428115015974441,0.24753792919882886
eap_ig,pythia-410m,very_high,draw_1,0.3,939,3131,80581,0.011652871024186844,939,3131,640,3430,0.18658892128279883,0.20440753752794635,0.6815761448349308,0.3144963144963145
eap_ig,pythia-410m,very_high,draw_1,0.5,1566,3131,80581,0.019433861580273267,1566,3131,942,3755,0.2508655126498003,0.30086234429894604,0.6015325670498084,0.4011070896316798
eap_ig,pythia-410m,very_high,draw_1,0.75,2348,3131,80581,0.029138382497114704,2348,3131,1248,4231,0.2949657291420468,0.3985946981794954,0.5315161839863713,0.4555575835006388
eap_ig,pythia-410m,very_high,draw_1,1.0,3131,3131,80581,0.038855313287251336,3131,3131,1494,4768,0.31333892617449666,0.47716384541679974,0.47716384541679974,0.47716384541679974
eap_ig,pythia-410m,very_high,draw_1,1.5,4696,3131,80581,0.05827676499422941,4696,3131,1852,5975,0.3099581589958159,0.5915043117214948,0.39437819420783643,0.47323367829308804
eap_ig,pythia-410m,very_high,draw_1,2.0,6262,3131,80581,0.07771062657450267,6262,3131,2102,7291,0.2883006446303662,0.6713510060683487,0.33567550303417437,0.4475673373788992
eap_ig,pythia-410m,very_high,draw_1,3.0,9393,3131,80581,0.11656593986175401,9393,3131,2445,10079,0.24258358964182955,0.7809006707122325,0.26030022357074417,0.39045033535611623
eap_ig,pythia-410m,very_high,draw_1,5.0,15655,3131,80581,0.19427656643625668,15655,3131,2822,15964,0.17677273866198948,0.9013094857872884,0.1802618971574577,0.3004364952624295
eap_ig,pythia-410m,control,draw_1,0.1,342,3425,80581,0.00424417666695623,342,3425,279,3488,0.07998853211009174,0.08145985401459854,0.8157894736842105,0.14812848420493763
eap_ig,pythia-410m,control,draw_1,0.2,685,3425,80581,0.008500763207207655,685,3425,503,3607,0.1394510673690047,0.14686131386861315,0.7343065693430657,0.24476885644768856
eap_ig,pythia-410m,control,draw_1,0.3,1028,3425,80581,0.012757349747459078,1028,3425,694,3759,0.18462357009843045,0.20262773722627736,0.6750972762645915,0.31169997754322926
eap_ig,pythia-410m,control,draw_1,0.5,1712,3425,80581,0.02124570308137154,1712,3425,1030,4107,0.2507913318724129,0.3007299270072993,0.6016355140186916,0.4010122639672961
eap_ig,pythia-410m,control,draw_1,0.75,2569,3425,80581,0.0318809644953525,2569,3425,1379,4615,0.29880823401950163,0.40262773722627737,0.5367847411444142,0.4601267934601268
eap_ig,pythia-410m,control,draw_1,1.0,3425,3425,80581,0.04250381603603827,3425,3425,1643,5207,0.31553677741501823,0.4797080291970803,0.4797080291970803,0.4797080291970803
eap_ig,pythia-410m,control,draw_1,1.5,5138,3425,80581,0.063761928990705,5138,3425,2078,6485,0.32043176561295295,0.6067153284671533,0.4044375243285325,0.4853439215228308
eap_ig,pythia-410m,control,draw_1,2.0,6850,3425,80581,0.08500763207207654,6850,3425,2368,7907,0.2994814721133173,0.6913868613138686,0.3456934306569343,0.46092457420924576
eap_ig,pythia-410m,control,draw_1,3.0,10275,3425,80581,0.12751144810811482,10275,3425,2756,10944,0.25182748538011696,0.8046715328467153,0.26822384428223844,0.40233576642335767
eap_ig,pythia-410m,control,draw_1,5.0,17125,3425,80581,0.21251908018019136,17125,3425,3103,17447,0.1778529260044707,0.9059854014598541,0.1811970802919708,0.30199513381995136
eap_ig,pythia-1b,low,draw_1,0.1,97,972,10009,0.009691277849935058,97,972,82,987,0.08308004052684904,0.08436213991769548,0.845360824742268,0.15341440598690365
eap_ig,pythia-1b,low,draw_1,0.2,194,972,10009,0.019382555699870116,194,972,152,1014,0.14990138067061143,0.15637860082304528,0.7835051546391752,0.2607204116638079
eap_ig,pythia-1b,low,draw_1,0.3,292,972,10009,0.02917374363073234,292,972,219,1045,0.20956937799043063,0.22530864197530864,0.75,0.34651898734177217
eap_ig,pythia-1b,low,draw_1,0.5,486,972,10009,0.04855629933060246,486,972,329,1129,0.2914083259521701,0.338477366255144,0.676954732510288,0.4513031550068587
eap_ig,pythia-1b,low,draw_1,0.75,729,972,10009,0.07283444899590369,729,972,441,1260,0.35,0.4537037037037037,0.6049382716049383,0.5185185185185185
eap_ig,pythia-1b,low,draw_1,1.0,972,972,10009,0.09711259866120492,972,972,540,1404,0.38461538461538464,0.5555555555555556,0.5555555555555556,0.5555555555555556
eap_ig,pythia-1b,low,draw_1,1.5,1458,972,10009,0.14566889799180738,1458,972,675,1755,0.38461538461538464,0.6944444444444444,0.46296296296296297,0.5555555555555556
eap_ig,pythia-1b,low,draw_1,2.0,1944,972,10009,0.19422519732240984,1944,972,753,2163,0.34812760055478503,0.7746913580246914,0.3873456790123457,0.5164609053497943
eap_ig,pythia-1b,low,draw_1,3.0,2916,972,10009,0.29133779598361476,2916,972,849,3039,0.2793682132280355,0.8734567901234568,0.2911522633744856,0.4367283950617284
eap_ig,pythia-1b,low,draw_1,5.0,4860,972,10009,0.4855629933060246,4860,972,935,4897,0.1909332244231162,0.9619341563786008,0.19238683127572018,0.32064471879286693
eap_ig,pythia-1b,medium,draw_1,0.1,90,904,10009,0.0089919072834449,90,904,75,919,0.08161044613710555,0.08296460176991151,0.8333333333333334,0.15090543259557343
eap_ig,pythia-1b,medium,draw_1,0.2,181,904,10009,0.018083724647816966,181,904,142,943,0.15058324496288442,0.1570796460176991,0.7845303867403315,0.26175115207373273
eap_ig,pythia-1b,medium,draw_1,0.3,271,904,10009,0.027075631931261866,271,904,203,972,0.2088477366255144,0.2245575221238938,0.7490774907749077,0.345531914893617
eap_ig,pythia-1b,medium,draw_1,0.5,452,904,10009,0.04515935657907883,452,904,296,1060,0.2792452830188679,0.3274336283185841,0.6548672566371682,0.4365781710914454
eap_ig,pythia-1b,medium,draw_1,0.75,678,904,10009,0.06773903486861825,678,904,396,1186,0.33389544688026984,0.43805309734513276,0.584070796460177,0.5006321112515802
eap_ig,pythia-1b,medium,draw_1,1.0,904,904,10009,0.09031871315815766,904,904,472,1336,0.3532934131736527,0.5221238938053098,0.5221238938053098,0.5221238938053098
eap_ig,pythia-1b,medium,draw_1,1.5,1356,904,10009,0.1354780697372365,1356,904,601,1659,0.3622664255575648,0.6648230088495575,0.44321533923303835,0.531858407079646
eap_ig,pythia-1b,medium,draw_1,2.0,1808,904,10009,0.18063742631631532,1808,904,677,2035,0.3326781326781327,0.7488938053097345,0.37444690265486724,0.49926253687315636
eap_ig,pythia-1b,medium,draw_1,3.0,2712,904,10009,0.270956139474473,2712,904,772,2844,0.2714486638537271,0.8539823008849557,0.28466076696165193,0.4269911504424779
eap_ig,pythia-1b,medium,draw_1,5.0,4520,904,10009,0.4515935657907883,4520,904,860,4564,0.18843120070113936,0.9513274336283186,0.1902654867256637,0.31710914454277284
eap_ig,pythia-1b,high,draw_1,0.1,100,1002,10009,0.009991008092716556,100,1002,91,1011,0.09000989119683482,0.09081836327345309,0.91,0.16515426497277677
eap_ig,pythia-1b,high,draw_1,0.2,200,1002,10009,0.01998201618543311,200,1002,173,1029,0.16812439261418854,0.17265469061876249,0.865,0.2878535773710483
eap_ig,pythia-1b,high,draw_1,0.3,301,1002,10009,0.03007293435907683,301,1002,240,1063,0.2257761053621825,0.23952095808383234,0.7973421926910299,0.3683806600153492
eap_ig,pythia-1b,high,draw_1,0.5,501,1002,10009,0.05005495054450994,501,1002,340,1163,0.292347377472055,0.3393213572854291,0.6786427145708582,0.4524284763805722
eap_ig,pythia-1b,high,draw_1,0.75,752,1002,10009,0.0751323808572285,752,1002,453,1301,0.3481936971560338,0.45209580838323354,0.6023936170212766,0.5165336374002281
eap_ig,pythia-1b,high,draw_1,1.0,1002,1002,10009,0.10010990108901988,1002,1002,537,1467,0.3660531697341513,0.5359281437125748,0.5359281437125748,0.5359281437125748
eap_ig,pythia-1b,high,draw_1,1.5,1503,1002,10009,0.15016485163352983,1503,1002,673,1832,0.3673580786026201,0.6716566866267465,0.447771124417831,0.5373253493013972
eap_ig,pythia-1b,high,draw_1,2.0,2004,1002,10009,0.20021980217803975,2004,1002,764,2242,0.3407671721677074,0.7624750499001997,0.3812375249500998,0.5083166999334664
eap_ig,pythia-1b,high,draw_1,3.0,3006,1002,10009,0.30032970326705966,3006,1002,871,3137,0.27765380937201145,0.8692614770459082,0.2897538256819694,0.4346307385229541
eap_ig,pythia-1b,high,draw_1,5.0,5010,1002,10009,0.5005495054450995,5010,1002,959,5053,0.18978824460716406,0.9570858283433133,0.19141716566866268,0.3190286094477711
eap_ig,pythia-1b,very_high,draw_1,0.1,82,817,10009,0.008192626636027576,82,817,68,831,0.08182912154031288,0.0832313341493268,0.8292682926829268,0.15127919911012236
eap_ig,pythia-1b,very_high,draw_1,0.2,163,817,10009,0.016285343191127986,163,817,134,846,0.15839243498817968,0.16401468788249693,0.8220858895705522,0.27346938775510204
eap_ig,pythia-1b,very_high,draw_1,0.3,245,817,10009,0.02447796982715556,245,817,188,874,0.2151029748283753,0.23011015911872704,0.7673469387755102,0.3540489642184557
eap_ig,pythia-1b,very_high,draw_1,0.5,408,817,10009,0.040763313018283544,408,817,271,954,0.2840670859538784,0.3317013463892289,0.6642156862745098,0.4424489795918367
eap_ig,pythia-1b,very_high,draw_1,0.75,613,817,10009,0.06124487960835248,613,817,362,1068,0.3389513108614232,0.4430844553243574,0.5905383360522023,0.5062937062937063
eap_ig,pythia-1b,very_high,draw_1,1.0,817,817,10009,0.08162653611749425,817,817,430,1204,0.35714285714285715,0.5263157894736842,0.5263157894736842,0.5263157894736842
eap_ig,pythia-1b,very_high,draw_1,1.5,1226,817,10009,0.12248975921670496,1226,817,536,1507,0.35567352355673526,0.6560587515299877,0.4371941272430669,0.5247185511502692
eap_ig,pythia-1b,very_high,draw_1,2.0,1634,817,10009,0.1632530722349885,1634,817,614,1837,0.3342406096897115,0.7515299877600979,0.37576499388004897,0.5010199918400653
eap_ig,pythia-1b,very_high,draw_1,3.0,2451,817,10009,0.24487960835248276,2451,817,693,2575,0.269126213592233,0.8482252141982864,0.2827417380660955,0.4241126070991432
eap_ig,pythia-1b,very_high,draw_1,5.0,4085,817,10009,0.40813268058747126,4085,817,771,4131,0.18663761801016704,0.9436964504283966,0.1887392900856793,0.31456548347613217
eap_ig,pythia-1b,control,draw_1,0.1,93,928,10009,0.009291637526226396,93,928,80,941,0.08501594048884166,0.08620689655172414,0.8602150537634409,0.15670910871694418
eap_ig,pythia-1b,control,draw_1,0.2,186,928,10009,0.018583275052452792,186,928,152,962,0.158004158004158,0.16379310344827586,0.8172043010752689,0.27289048473967686
eap_ig,pythia-1b,control,draw_1,0.3,278,928,10009,0.027775002497752024,278,928,206,1000,0.206,0.22198275862068967,0.7410071942446043,0.3416252072968491
eap_ig,pythia-1b,control,draw_1,0.5,464,928,10009,0.046358277550204816,464,928,303,1089,0.27823691460055094,0.3265086206896552,0.6530172413793104,0.4353448275862069
eap_ig,pythia-1b,control,draw_1,0.75,696,928,10009,0.06953741632530723,696,928,407,1217,0.33442892358258014,0.4385775862068966,0.5847701149425287,0.5012315270935961
eap_ig,pythia-1b,control,draw_1,1.0,928,928,10009,0.09271655510040963,928,928,492,1364,0.36070381231671556,0.5301724137931034,0.5301724137931034,0.5301724137931034
eap_ig,pythia-1b,control,draw_1,1.5,1392,928,10009,0.13907483265061446,1392,928,610,1710,0.3567251461988304,0.6573275862068966,0.4382183908045977,0.5258620689655172
eap_ig,pythia-1b,control,draw_1,2.0,1856,928,10009,0.18543311020081926,1856,928,701,2083,0.33653384541526643,0.7553879310344828,0.3776939655172414,0.5035919540229885
eap_ig,pythia-1b,control,draw_1,3.0,2784,928,10009,0.2781496653012289,2784,928,801,2911,0.27516317416695296,0.8631465517241379,0.28771551724137934,0.43157327586206895
eap_ig,pythia-1b,control,draw_1,5.0,4640,928,10009,0.4635827755020482,4640,928,876,4692,0.1867007672634271,0.9439655172413793,0.18879310344827585,0.3146551724137931
eap_ig,pythia-1.4b,low,draw_1,0.1,251,2507,80581,0.0031148781970936077,251,2507,203,2555,0.07945205479452055,0.08097327483047467,0.8087649402390438,0.14720812182741116
eap_ig,pythia-1.4b,low,draw_1,0.2,501,2507,80581,0.006217346520892022,501,2507,365,2643,0.1381006432084752,0.1455923414439569,0.7285429141716567,0.24268617021276595
eap_ig,pythia-1.4b,low,draw_1,0.3,752,2507,80581,0.00933222471798563,752,2507,486,2773,0.17526144969347277,0.19385719984044675,0.6462765957446809,0.2982509972384167
eap_ig,pythia-1.4b,low,draw_1,0.5,1254,2507,80581,0.015561981112172845,1254,2507,703,3058,0.22988881621975146,0.28041483845233345,0.5606060606060606,0.37383674554639723
eap_ig,pythia-1.4b,low,draw_1,0.75,1880,2507,80581,0.023330561794964073,1880,2507,929,3458,0.2686524002313476,0.3705624252094136,0.49414893617021277,0.4235240483245954
eap_ig,pythia-1.4b,low,draw_1,1.0,2507,2507,80581,0.031111552351050495,2507,2507,1103,3911,0.2820250575300435,0.4399680893498205,0.4399680893498205,0.4399680893498205
eap_ig,pythia-1.4b,low,draw_1,1.5,3760,2507,80581,0.04666112358992815,3760,2507,1382,4885,0.282906857727738,0.5512564818508177,0.3675531914893617,0.44104037019307485
eap_ig,pythia-1.4b,low,draw_1,2.0,5014,2507,80581,0.06222310470210099,5014,2507,1554,5967,0.2604323780794369,0.6198643797367371,0.30993218986836857,0.4132429198244914
eap_ig,pythia-1.4b,low,draw_1,3.0,7521,2507,80581,0.09333465705315148,7521,2507,1800,8228,0.2187651920272241,0.7179896290386917,0.23932987634623054,0.35899481451934584
eap_ig,pythia-1.4b,low,draw_1,5.0,12535,2507,80581,0.1555577617552525,12535,2507,2137,12905,0.16559473072452538,0.8524132429198245,0.1704826485839649,0.2841377476399415
eap_ig,pythia-1.4b,medium,draw_1,0.1,255,2551,80581,0.0031645176902743823,255,2551,211,2595,0.08131021194605009,0.08271266170129361,0.8274509803921568,0.150392017106201
eap_ig,pythia-1.4b,medium,draw_1,0.2,510,2551,80581,0.006329035380548765,510,2551,367,2694,0.13622865627319972,0.14386515092120736,0.7196078431372549,0.23979091800065339
eap_ig,pythia-1.4b,medium,draw_1,0.3,765,2551,80581,0.009493553070823148,765,2551,492,2824,0.17422096317280453,0.1928655429243434,0.6431372549019608,0.29674306393244876
eap_ig,pythia-1.4b,medium,draw_1,0.5,1276,2551,80581,0.015834998324667105,1276,2551,723,3104,0.23292525773195877,0.2834182673461388,0.5666144200626959,0.377841651424092
eap_ig,pythia-1.4b,medium,draw_1,0.75,1913,2551,80581,0.023740087613705465,1913,2551,929,3535,0.2628005657708628,0.36417091336730695,0.4856246732880293,0.41621863799283154
eap_ig,pythia-1.4b,medium,draw_1,1.0,2551,2551,80581,0.03165758677603902,2551,2551,1100,4002,0.2748625687156422,0.43120344962759705,0.43120344962759705,0.43120344962759705
eap_ig,pythia-1.4b,medium,draw_1,1.5,3826,2551,80581,0.04748017522741093,3826,2551,1360,5017,0.2710783336655372,0.5331242649941199,0.35546262415054886,0.4265328524384507
eap_ig,pythia-1.4b,medium,draw_1,2.0,5102,2551,80581,0.06331517355207804,5102,2551,1547,6106,0.25335735342286275,0.6064288514308115,0.30321442571540574,0.4042859009538743
eap_ig,pythia-1.4b,medium,draw_1,3.0,7653,2551,80581,0.09497276032811705,7653,2551,1822,8382,0.21737055595323312,0.7142297138377107,0.2380765712792369,0.35711485691885536
eap_ig,pythia-1.4b,medium,draw_1,5.0,12755,2551,80581,0.15828793388019508,12755,2551,2130,13176,0.1616575591985428,0.8349666797334379,0.16699333594668758,0.27832222657781264
eap_ig,pythia-1.4b,high,draw_1,0.1,216,2162,80581,0.0026805326317618297,216,2162,175,2203,0.07943713118474807,0.08094357076780759,0.8101851851851852,0.1471825063078217
eap_ig,pythia-1.4b,high,draw_1,0.2,432,2162,80581,0.005361065263523659,432,2162,316,2278,0.13871817383669885,0.1461609620721554,0.7314814814814815,0.243639167309175
eap_ig,pythia-1.4b,high,draw_1,0.3,649,2162,80581,0.008054007768580684,649,2162,420,2391,0.17565872020075282,0.1942645698427382,0.6471494607087828,0.29882604055496265
eap_ig,pythia-1.4b,high,draw_1,0.5,1081,2162,80581,0.013415073032104343,1081,2162,609,2634,0.23120728929384965,0.2816836262719704,0.5633672525439408,0.3755781683626272
eap_ig,pythia-1.4b,high,draw_1,0.75,1622,2162,80581,0.020128814484804112,1622,2162,791,2993,0.26428332776478447,0.3658649398704903,0.4876695437731196,0.41807610993657507
eap_ig,pythia-1.4b,high,draw_1,1.0,2162,2162,80581,0.026830146064208686,2162,2162,943,3381,0.2789115646258503,0.43617021276595747,0.43617021276595747,0.43617021276595747
eap_ig,pythia-1.4b,high,draw_1,1.5,3243,2162,80581,0.040245219096313026,3243,2162,1160,4245,0.27326266195524146,0.5365402405180388,0.3576934936786926,0.42923219241443106
eap_ig,pythia-1.4b,high,draw_1,2.0,4324,2162,80581,0.05366029212841737,4324,2162,1324,5162,0.256489732661759,0.6123959296947271,0.30619796484736356,0.40826395312981806
eap_ig,pythia-1.4b,high,draw_1,3.0,6486,2162,80581,0.08049043819262605,6486,2162,1549,7099,0.218199746443161,0.7164662349676225,0.23882207832254085,0.35823311748381126
eap_ig,pythia-1.4b,high,draw_1,5.0,10810,2162,80581,0.1341507303210434,10810,2162,1813,11159,0.16246975535442243,0.8385753931544866,0.16771507863089732,0.2795251310514955
eap_ig,pythia-1.4b,very_high,draw_1,0.1,194,1940,80581,0.0024075154192675693,194,1940,155,1979,0.07832238504295098,0.07989690721649484,0.7989690721649485,0.14526710402999063
eap_ig,pythia-1.4b,very_high,draw_1,0.2,388,1940,80581,0.0048150308385351386,388,1940,275,2053,0.13395031660983925,0.14175257731958762,0.7087628865979382,0.23625429553264604
eap_ig,pythia-1.4b,very_high,draw_1,0.3,582,1940,80581,0.007222546257802708,582,1940,383,2139,0.1790556334735858,0.19742268041237113,0.6580756013745704,0.3037272006344171
eap_ig,pythia-1.4b,very_high,draw_1,0.5,970,1940,80581,0.012037577096337846,970,1940,566,2344,0.24146757679180889,0.29175257731958765,0.5835051546391753,0.38900343642611684
eap_ig,pythia-1.4b,very_high,draw_1,0.75,1455,1940,80581,0.01805636564450677,1455,1940,710,2685,0.2644320297951583,0.36597938144329895,0.4879725085910653,0.4182621502209131
eap_ig,pythia-1.4b,very_high,draw_1,1.0,1940,1940,80581,0.024075154192675693,1940,1940,819,3061,0.2675596210388762,0.42216494845360825,0.42216494845360825,0.42216494845360825
eap_ig,pythia-1.4b,very_high,draw_1,1.5,2910,1940,80581,0.03611273128901354,2910,1940,1005,3845,0.2613784135240572,0.5180412371134021,0.34536082474226804,0.4144329896907217
eap_ig,pythia-1.4b,very_high,draw_1,2.0,3880,1940,80581,0.048150308385351386,3880,1940,1154,4666,0.24732104586369483,0.5948453608247423,0.29742268041237113,0.3965635738831615
eap_ig,pythia-1.4b,very_high,draw_1,3.0,5820,1940,80581,0.07222546257802707,5820,1940,1366,6394,0.21363778542383485,0.7041237113402062,0.23470790378006873,0.3520618556701031
eap_ig,pythia-1.4b,very_high,draw_1,5.0,9700,1940,80581,0.12037577096337847,9700,1940,1604,10036,0.159824631327222,0.8268041237113402,0.16536082474226804,0.27560137457044676
eap_ig,pythia-1.4b,control,draw_1,0.1,223,2233,80581,0.0027674017448281853,223,2233,186,2270,0.08193832599118943,0.08329601433049709,0.8340807174887892,0.15146579804560262
eap_ig,pythia-1.4b,control,draw_1,0.2,447,2233,80581,0.005547213362951564,447,2233,309,2371,0.1303247574862927,0.13837886251679354,0.6912751677852349,0.23059701492537313
eap_ig,pythia-1.4b,control,draw_1,0.3,670,2233,80581,0.00831461510777975,670,2233,425,2478,0.17150928167877322,0.1903269144648455,0.6343283582089553,0.2928005511539786
eap_ig,pythia-1.4b,control,draw_1,0.5,1116,2233,80581,0.01384941859743612,1116,2233,595,2754,0.21604938271604937,0.2664576802507837,0.5331541218637993,0.3553299492385787
eap_ig,pythia-1.4b,control,draw_1,0.75,1675,2233,80581,0.020786537769449373,1675,2233,781,3127,0.24976015350175887,0.3497536945812808,0.46626865671641793,0.39969293756397134
eap_ig,pythia-1.4b,control,draw_1,1.0,2233,2233,80581,0.027711247068167435,2233,2233,931,3535,0.2633663366336634,0.4169278996865204,0.4169278996865204,0.4169278996865204
eap_ig,pythia-1.4b,control,draw_1,1.5,3350,2233,80581,0.041573075538898746,3350,2233,1167,4416,0.2642663043478261,0.522615315718764,0.3483582089552239,0.41805480924234284
eap_ig,pythia-1.4b,control,draw_1,2.0,4466,2233,80581,0.05542249413633487,4466,2233,1346,5353,0.25144778628806275,0.6027765338110166,0.3013882669055083,0.4018510225406777
eap_ig,pythia-1.4b,control,draw_1,3.0,6699,2233,80581,0.0831337412045023,6699,2233,1604,7328,0.21888646288209607,0.7183161665920287,0.23943872219734288,0.35915808329601434
eap_ig,pythia-1.4b,control,draw_1,5.0,11165,2233,80581,0.13855623534083716,11165,2233,1892,11506,0.16443594646271512,0.8472906403940886,0.16945812807881774,0.2824302134646962
eap_ig,pythia-70m,low,draw_2,0.1,40,396,1324,0.030211480362537766,40,396,40,396,0.10101010101010101,0.10101010101010101,1.0,0.1834862385321101
eap_ig,pythia-70m,low,draw_2,0.2,79,396,1324,0.05966767371601209,79,396,78,397,0.1964735516372796,0.19696969696969696,0.9873417721518988,0.32842105263157895
eap_ig,pythia-70m,low,draw_2,0.3,119,396,1324,0.08987915407854985,119,396,115,400,0.2875,0.2904040404040404,0.9663865546218487,0.44660194174757284
eap_ig,pythia-70m,low,draw_2,0.5,198,396,1324,0.14954682779456194,198,396,184,410,0.44878048780487806,0.46464646464646464,0.9292929292929293,0.6195286195286195
eap_ig,pythia-70m,low,draw_2,0.75,297,396,1324,0.2243202416918429,297,396,243,450,0.54,0.6136363636363636,0.8181818181818182,0.7012987012987013
eap_ig,pythia-70m,low,draw_2,1.0,396,396,1324,0.2990936555891239,396,396,295,497,0.5935613682092555,0.7449494949494949,0.7449494949494949,0.7449494949494949
eap_ig,pythia-70m,low,draw_2,1.5,594,396,1324,0.4486404833836858,594,396,350,640,0.546875,0.8838383838383839,0.5892255892255892,0.7070707070707071
eap_ig,pythia-70m,low,draw_2,2.0,792,396,1324,0.5981873111782477,792,396,374,814,0.4594594594594595,0.9444444444444444,0.4722222222222222,0.6296296296296297
eap_ig,pythia-70m,low,draw_2,3.0,1188,396,1324,0.8972809667673716,1188,396,393,1191,0.32997481108312343,0.9924242424242424,0.33080808080808083,0.4962121212121212
eap_ig,pythia-70m,low,draw_2,5.0,1324,396,1324,1.0,1324,396,396,1324,0.2990936555891239,1.0,0.2990936555891239,0.4604651162790698
eap_ig,pythia-70m,medium,draw_2,0.1,39,392,1324,0.02945619335347432,39,392,39,392,0.09948979591836735,0.09948979591836735,1.0,0.18097447795823665
eap_ig,pythia-70m,medium,draw_2,0.2,78,392,1324,0.05891238670694864,78,392,77,393,0.19592875318066158,0.19642857142857142,0.9871794871794872,0.3276595744680851
eap_ig,pythia-70m,medium,draw_2,0.3,118,392,1324,0.0891238670694864,118,392,115,395,0.2911392405063291,0.29336734693877553,0.9745762711864406,0.45098039215686275
eap_ig,pythia-70m,medium,draw_2,0.5,196,392,1324,0.14803625377643503,196,392,182,406,0.4482758620689655,0.4642857142857143,0.9285714285714286,0.6190476190476191
eap_ig,pythia-70m,medium,draw_2,0.75,294,392,1324,0.22205438066465258,294,392,252,434,0.5806451612903226,0.6428571428571429,0.8571428571428571,0.7346938775510204
eap_ig,pythia-70m,medium,draw_2,1.0,392,392,1324,0.29607250755287007,392,392,294,490,0.6,0.75,0.75,0.75
eap_ig,pythia-70m,medium,draw_2,1.5,588,392,1324,0.44410876132930516,588,392,348,632,0.5506329113924051,0.8877551020408163,0.5918367346938775,0.710204081632653
eap_ig,pythia-70m,medium,draw_2,2.0,784,392,1324,0.5921450151057401,784,392,372,804,0.4626865671641791,0.9489795918367347,0.4744897959183674,0.6326530612244898
eap_ig,pythia-70m,medium,draw_2,3.0,1176,392,1324,0.8882175226586103,1176,392,386,1182,0.32656514382402707,0.9846938775510204,0.3282312925170068,0.4923469387755102
eap_ig,pythia-70m,medium,draw_2,5.0,1324,392,1324,1.0,1324,392,392,1324,0.29607250755287007,1.0,0.29607250755287007,0.4568764568764569
eap_ig,pythia-70m,high,draw_2,0.1,40,405,1324,0.030211480362537766,40,405,39,406,0.0960591133004926,0.0962962962962963,0.975,0.1752808988764045
eap_ig,pythia-70m,high,draw_2,0.2,81,405,1324,0.06117824773413897,81,405,80,406,0.19704433497536947,0.19753086419753085,0.9876543209876543,0.3292181069958848
eap_ig,pythia-70m,high,draw_2,0.3,122,405,1324,0.09214501510574018,122,405,120,407,0.29484029484029484,0.2962962962962963,0.9836065573770492,0.45540796963946867
eap_ig,pythia-70m,high,draw_2,0.5,202,405,1324,0.15256797583081572,202,405,182,425,0.42823529411764705,0.44938271604938274,0.900990099009901,0.5996705107084019
eap_ig,pythia-70m,high,draw_2,0.75,304,405,1324,0.229607250755287,304,405,252,457,0.5514223194748359,0.6222222222222222,0.8289473684210527,0.7108603667136812
eap_ig,pythia-70m,high,draw_2,1.0,405,405,1324,0.30589123867069484,405,405,303,507,0.5976331360946746,0.7481481481481481,0.7481481481481481,0.7481481481481481
eap_ig,pythia-70m,high,draw_2,1.5,608,405,1324,0.459214501510574,608,405,356,657,0.5418569254185692,0.8790123456790123,0.5855263157894737,0.702862783810464
eap_ig,pythia-70m,high,draw_2,2.0,810,405,1324,0.6117824773413897,810,405,378,837,0.45161290322580644,0.9333333333333333,0.4666666666666667,0.6222222222222222
eap_ig,pythia-70m,high,draw_2,3.0,1215,405,1324,0.9176737160120846,1215,405,401,1219,0.32895816242821985,0.9901234567901235,0.3300411522633745,0.49506172839506174
eap_ig,pythia-70m,high,draw_2,5.0,1324,405,1324,1.0,1324,405,405,1324,0.30589123867069484,1.0,0.30589123867069484,0.4684788895315211
eap_ig,pythia-70m,very_high,draw_2,0.1,42,417,1324,0.03172205438066465,42,417,41,418,0.09808612440191387,0.09832134292565947,0.9761904761904762,0.1786492374727669
eap_ig,pythia-70m,very_high,draw_2,0.2,83,417,1324,0.06268882175226587,83,417,82,418,0.19617224880382775,0.19664268585131894,0.9879518072289156,0.328
eap_ig,pythia-70m,very_high,draw_2,0.3,125,417,1324,0.09441087613293052,125,417,119,423,0.28132387706855794,0.2853717026378897,0.952,0.43911439114391143
eap_ig,pythia-70m,very_high,draw_2,0.5,208,417,1324,0.15709969788519637,208,417,187,438,0.4269406392694064,0.44844124700239807,0.8990384615384616,0.5984
eap_ig,pythia-70m,very_high,draw_2,0.75,313,417,1324,0.236404833836858,313,417,265,465,0.5698924731182796,0.6354916067146283,0.8466453674121406,0.726027397260274
eap_ig,pythia-70m,very_high,draw_2,1.0,417,417,1324,0.3149546827794562,417,417,303,531,0.5706214689265536,0.7266187050359713,0.7266187050359713,0.7266187050359713
eap_ig,pythia-70m,very_high,draw_2,1.5,626,417,1324,0.472809667673716,626,417,370,673,0.549777117384844,0.8872901678657075,0.5910543130990416,0.7094918504314478
eap_ig,pythia-70m,very_high,draw_2,2.0,834,417,1324,0.6299093655589124,834,417,396,855,0.4631578947368421,0.9496402877697842,0.4748201438848921,0.6330935251798561
eap_ig,pythia-70m,very_high,draw_2,3.0,1251,417,1324,0.9448640483383686,1251,417,413,1255,0.3290836653386454,0.9904076738609112,0.3301358912869704,0.4952038369304556
eap_ig,pythia-70m,very_high,draw_2,5.0,1324,417,1324,1.0,1324,417,417,1324,0.3149546827794562,1.0,0.3149546827794562,0.479035037334865
eap_ig,pythia-70m,control,draw_2,0.1,41,410,1324,0.030966767371601207,41,410,40,411,0.09732360097323602,0.0975609756097561,0.975609756097561,0.17738359201773837
eap_ig,pythia-70m,control,draw_2,0.2,82,410,1324,0.061933534743202415,82,410,80,412,0.1941747572815534,0.1951219512195122,0.975609756097561,0.3252032520325203
eap_ig,pythia-70m,control,draw_2,0.3,123,410,1324,0.09290030211480363,123,410,120,413,0.29055690072639223,0.2926829268292683,0.975609756097561,0.450281425891182
eap_ig,pythia-70m,control,draw_2,0.5,205,410,1324,0.15483383685800603,205,410,187,428,0.4369158878504673,0.4560975609756098,0.9121951219512195,0.608130081300813
eap_ig,pythia-70m,control,draw_2,0.75,308,410,1324,0.2326283987915408,308,410,255,463,0.550755939524838,0.6219512195121951,0.827922077922078,0.7103064066852368
eap_ig,pythia-70m,control,draw_2,1.0,410,410,1324,0.30966767371601206,410,410,301,519,0.5799614643545279,0.7341463414634146,0.7341463414634146,0.7341463414634146
eap_ig,pythia-70m,control,draw_2,1.5,615,410,1324,0.4645015105740181,615,410,359,666,0.539039039039039,0.875609756097561,0.583739837398374,0.7004878048780487
eap_ig,pythia-70m,control,draw_2,2.0,820,410,1324,0.6193353474320241,820,410,384,846,0.45390070921985815,0.9365853658536586,0.4682926829268293,0.624390243902439
eap_ig,pythia-70m,control,draw_2,3.0,1230,410,1324,0.9290030211480362,1230,410,408,1232,0.33116883116883117,0.9951219512195122,0.33170731707317075,0.4975609756097561
eap_ig,pythia-70m,control,draw_2,5.0,1324,410,1324,1.0,1324,410,410,1324,0.30966767371601206,1.0,0.30966767371601206,0.4728950403690888
eap_ig,pythia-160m,low,draw_2,0.1,148,1483,11467,0.012906601552280458,148,1483,137,1494,0.09170013386880857,0.09238031018206339,0.9256756756756757,0.16799509503372165
eap_ig,pythia-160m,low,draw_2,0.2,297,1483,11467,0.025900409871806054,297,1483,261,1519,0.1718235681369322,0.17599460552933244,0.8787878787878788,0.2932584269662921
eap_ig,pythia-160m,low,draw_2,0.3,445,1483,11467,0.03880701142408651,445,1483,366,1562,0.23431498079385404,0.24679703304113285,0.8224719101123595,0.3796680497925311
eap_ig,pythia-160m,low,draw_2,0.5,742,1483,11467,0.06470742129589256,742,1483,548,1677,0.32677400119260586,0.36952124072825354,0.738544474393531,0.49258426966292135
eap_ig,pythia-160m,low,draw_2,0.75,1112,1483,11467,0.0969739251765937,1112,1483,733,1862,0.3936627282491944,0.4942683749157114,0.6591726618705036,0.5649325626204239
eap_ig,pythia-160m,low,draw_2,1.0,1483,1483,11467,0.12932763582454,1483,1483,894,2072,0.4314671814671815,0.602832097100472,0.602832097100472,0.602832097100472
eap_ig,pythia-160m,low,draw_2,1.5,2224,1483,11467,0.1939478503531874,2224,1483,1096,2611,0.4197625430869399,0.7390424814565071,0.49280575539568344,0.5913137307796061
eap_ig,pythia-160m,low,draw_2,2.0,2966,1483,11467,0.25865527164908,2966,1483,1229,3220,0.38167701863354037,0.8287255563047876,0.4143627781523938,0.5524837042031917
eap_ig,pythia-160m,low,draw_2,3.0,4449,1483,11467,0.38798290747361996,4449,1483,1371,4561,0.3005919754439816,0.9244774106540796,0.3081591368846932,0.4622387053270398
eap_ig,pythia-160m,low,draw_2,5.0,7415,1483,11467,0.6466381791226999,7415,1483,1459,7439,0.1961285118967603,0.9838165879973028,0.19676331759946056,0.3279388626657676
eap_ig,pythia-160m,medium,draw_2,0.1,151,1513,11467,0.013168221854015871,151,1513,139,1525,0.09114754098360656,0.09187045604758758,0.9205298013245033,0.16706730769230768
eap_ig,pythia-160m,medium,draw_2,0.2,303,1513,11467,0.02642365047527688,303,1513,266,1550,0.17161290322580644,0.17580964970257765,0.8778877887788779,0.29295154185022027
eap_ig,pythia-160m,medium,draw_2,0.3,454,1513,11467,0.03959187232929275,454,1513,373,1594,0.23400250941028858,0.2465300727032386,0.8215859030837004,0.3792577529232333
eap_ig,pythia-160m,medium,draw_2,0.5,756,1513,11467,0.06592831603732449,756,1513,553,1716,0.32226107226107226,0.3654990085922009,0.7314814814814815,0.4874394006170119
eap_ig,pythia-160m,medium,draw_2,0.75,1135,1513,11467,0.09897968082323189,1135,1513,748,1900,0.3936842105263158,0.4943820224719101,0.6590308370044052,0.5649546827794562
eap_ig,pythia-160m,medium,draw_2,1.0,1513,1513,11467,0.13194383884189412,1513,1513,892,2134,0.41799437675726336,0.5895571711830799,0.5895571711830799,0.5895571711830799
eap_ig,pythia-160m,medium,draw_2,1.5,2270,1513,11467,0.19795936164646377,2270,1513,1113,2670,0.41685393258426967,0.735624586913417,0.49030837004405287,0.5884218873909596
eap_ig,pythia-160m,medium,draw_2,2.0,3026,1513,11467,0.26388767768378824,3026,1513,1259,3280,0.38384146341463415,0.8321216126900198,0.4160608063450099,0.5547477417933465
eap_ig,pythia-160m,medium,draw_2,3.0,4539,1513,11467,0.3958315165256824,4539,1513,1394,4658,0.29927007299270075,0.9213483146067416,0.30711610486891383,0.4606741573033708
eap_ig,pythia-160m,medium,draw_2,5.0,7565,1513,11467,0.6597191942094707,7565,1513,1483,7595,0.19526003949967083,0.9801718440185063,0.19603436880370126,0.3267239480061688
eap_ig,pythia-160m,high,draw_2,0.1,145,1454,11467,0.012644981250545043,145,1454,134,1465,0.09146757679180888,0.0921595598349381,0.9241379310344827,0.16760475297060662
eap_ig,pythia-160m,high,draw_2,0.2,291,1454,11467,0.025377169268335224,291,1454,252,1493,0.16878767582049564,0.1733149931224209,0.865979381443299,0.28882521489971347
eap_ig,pythia-160m,high,draw_2,0.3,436,1454,11467,0.03802215051888026,436,1454,355,1535,0.23127035830618892,0.24415405777166438,0.8142201834862385,0.37566137566137564
eap_ig,pythia-160m,high,draw_2,0.5,727,1454,11467,0.06339931978721548,727,1454,523,1658,0.31544028950542824,0.359697386519945,0.71939477303989,0.47959651535992665
eap_ig,pythia-160m,high,draw_2,0.75,1090,1454,11467,0.09505537629720066,1090,1454,694,1850,0.37513513513513513,0.47730398899587345,0.636697247706422,0.5455974842767296
eap_ig,pythia-160m,high,draw_2,1.0,1454,1454,11467,0.12679863957443097,1454,1454,826,2082,0.3967339097022094,0.5680880330123796,0.5680880330123796,0.5680880330123796
eap_ig,pythia-160m,high,draw_2,1.5,2181,1454,11467,0.19019795936164646,2181,1454,1044,2591,0.40293323041296797,0.7180192572214581,0.4786795048143054,0.5744154057771664
eap_ig,pythia-160m,high,draw_2,2.0,2908,1454,11467,0.25359727914886193,2908,1454,1191,3171,0.37559129612109743,0.8191196698762035,0.4095598349381018,0.546079779917469
eap_ig,pythia-160m,high,draw_2,3.0,4362,1454,11467,0.3803959187232929,4362,1454,1325,4491,0.2950345134713872,0.9112792297111417,0.30375974323704724,0.45563961485557086
eap_ig,pythia-160m,high,draw_2,5.0,7270,1454,11467,0.6339931978721549,7270,1454,1428,7296,0.19572368421052633,0.9821182943603851,0.19642365887207702,0.32737276478679506
eap_ig,pythia-160m,very_high,draw_2,0.1,131,1306,11467,0.011424086509113108,131,1306,125,1312,0.09527439024390244,0.09571209800918837,0.9541984732824428,0.17397355601948503
eap_ig,pythia-160m,very_high,draw_2,0.2,261,1306,11467,0.022760966250981077,261,1306,232,1335,0.17378277153558053,0.1776416539050536,0.8888888888888888,0.29610721123165284
eap_ig,pythia-160m,very_high,draw_2,0.3,392,1306,11467,0.03418505276009418,392,1306,327,1371,0.23851203501094093,0.2503828483920367,0.8341836734693877,0.38515901060070673
eap_ig,pythia-160m,very_high,draw_2,0.5,653,1306,11467,0.05694601901107526,653,1306,488,1471,0.3317471108089735,0.37366003062787134,0.7473200612557427,0.49821337417049516
eap_ig,pythia-160m,very_high,draw_2,0.75,980,1306,11467,0.08546263190023545,980,1306,642,1644,0.3905109489051095,0.49157733537519144,0.6551020408163265,0.5616797900262467
eap_ig,pythia-160m,very_high,draw_2,1.0,1306,1306,11467,0.11389203802215052,1306,1306,768,1844,0.4164859002169197,0.5880551301684533,0.5880551301684533,0.5880551301684533
eap_ig,pythia-160m,very_high,draw_2,1.5,1959,1306,11467,0.17083805703322577,1959,1306,952,2313,0.4115866839602248,0.7289433384379785,0.48596222562531904,0.5831546707503829
eap_ig,pythia-160m,very_high,draw_2,2.0,2612,1306,11467,0.22778407604430104,2612,1306,1062,2856,0.37184873949579833,0.8131699846860643,0.40658499234303214,0.5421133231240429
eap_ig,pythia-160m,very_high,draw_2,3.0,3918,1306,11467,0.34167611406645154,3918,1306,1176,4048,0.29051383399209485,0.900459418070444,0.3001531393568147,0.450229709035222
eap_ig,pythia-160m,very_high,draw_2,5.0,6530,1306,11467,0.5694601901107526,6530,1306,1270,6566,0.1934206518428267,0.9724349157733537,0.19448698315467075,0.32414497192445124
eap_ig,pythia-160m,control,draw_2,0.1,138,1380,11467,0.012034533879829074,138,1380,128,1390,0.0920863309352518,0.0927536231884058,0.927536231884058,0.1686429512516469
eap_ig,pythia-160m,control,draw_2,0.2,276,1380,11467,0.02406906775965815,276,1380,238,1418,0.16784203102961917,0.17246376811594202,0.8623188405797102,0.28743961352657005
eap_ig,pythia-160m,control,draw_2,0.3,414,1380,11467,0.036103601639487226,414,1380,330,1464,0.22540983606557377,0.2391304347826087,0.7971014492753623,0.36789297658862874
eap_ig,pythia-160m,control,draw_2,0.5,690,1380,11467,0.060172669399145375,690,1380,501,1569,0.3193116634799235,0.3630434782608696,0.7260869565217392,0.48405797101449277
eap_ig,pythia-160m,control,draw_2,0.75,1035,1380,11467,0.09025900409871807,1035,1380,672,1743,0.3855421686746988,0.48695652173913045,0.6492753623188405,0.5565217391304348
eap_ig,pythia-160m,control,draw_2,1.0,1380,1380,11467,0.12034533879829075,1380,1380,820,1940,0.422680412371134,0.5942028985507246,0.5942028985507246,0.5942028985507246
eap_ig,pythia-160m,control,draw_2,1.5,2070,1380,11467,0.18051800819743613,2070,1380,1016,2434,0.41741988496302385,0.736231884057971,0.49082125603864735,0.5889855072463768
eap_ig,pythia-160m,control,draw_2,2.0,2760,1380,11467,0.2406906775965815,2760,1380,1126,3014,0.3735899137358991,0.8159420289855073,0.40797101449275364,0.5439613526570048
eap_ig,pythia-160m,control,draw_2,3.0,4140,1380,11467,0.36103601639487226,4140,1380,1261,4259,0.2960788917586288,0.913768115942029,0.3045893719806763,0.4568840579710145
eap_ig,pythia-160m,control,draw_2,5.0,6900,1380,11467,0.6017266939914537,6900,1380,1348,6932,0.1944604731679169,0.9768115942028985,0.19536231884057972,0.32560386473429953
eap_ig,pythia-410m,low,draw_2,0.1,385,3848,80581,0.004777801218649558,385,3848,336,3897,0.08622016936104696,0.08731808731808732,0.8727272727272727,0.15875265768958186
eap_ig,pythia-410m,low,draw_2,0.2,770,3848,80581,0.009555602437299115,770,3848,610,4008,0.15219560878243513,0.15852390852390852,0.7922077922077922,0.26418362927674316
eap_ig,pythia-410m,low,draw_2,0.3,1154,3848,80581,0.014320993782653479,1154,3848,843,4159,0.20269295503726859,0.21907484407484407,0.7305025996533796,0.33706517393042784
eap_ig,pythia-410m,low,draw_2,0.5,1924,3848,80581,0.023876596219952594,1924,3848,1248,4524,0.27586206896551724,0.32432432432432434,0.6486486486486487,0.43243243243243246
eap_ig,pythia-410m,low,draw_2,0.75,2886,3848,80581,0.03581489432992889,2886,3848,1653,5081,0.32532965951584336,0.42957380457380456,0.5727650727650727,0.4909414909414909
eap_ig,pythia-410m,low,draw_2,1.0,3848,3848,80581,0.04775319243990519,3848,3848,1970,5726,0.3440447083478868,0.511954261954262,0.511954261954262,0.511954261954262
eap_ig,pythia-410m,low,draw_2,1.5,5772,3848,80581,0.07162978865985778,5772,3848,2433,7187,0.33852789759287605,0.6322765072765073,0.4215176715176715,0.5058212058212058
eap_ig,pythia-410m,low,draw_2,2.0,7696,3848,80581,0.09550638487981038,7696,3848,2767,8777,0.3152557821579127,0.7190748440748441,0.35953742203742206,0.47938322938322936
eap_ig,pythia-410m,low,draw_2,3.0,11544,3848,80581,0.14325957731971556,11544,3848,3168,12224,0.2591623036649215,0.8232848232848233,0.27442827442827444,0.41164241164241167
eap_ig,pythia-410m,low,draw_2,5.0,19240,3848,80581,0.23876596219952595,19240,3848,3543,19545,0.1812739831158864,0.9207380457380457,0.18414760914760914,0.3069126819126819
eap_ig,pythia-410m,medium,draw_2,0.1,371,3709,80581,0.004604062992516846,371,3709,317,3763,0.08424129683762956,0.08546778107306552,0.8544474393530997,0.1553921568627451
eap_ig,pythia-410m,medium,draw_2,0.2,742,3709,80581,0.009208125985033693,742,3709,572,3879,0.14746068574374838,0.15421946616338636,0.77088948787062,0.2570208941810829
eap_ig,pythia-410m,medium,draw_2,0.3,1113,3709,80581,0.01381218897755054,1113,3709,800,4022,0.19890601690701143,0.21569156106767323,0.7187780772686433,0.3318125259228536
eap_ig,pythia-410m,medium,draw_2,0.5,1854,3709,80581,0.02300790508928904,1854,3709,1152,4411,0.2611652686465654,0.31059584793744943,0.6213592233009708,0.4141650188747079
eap_ig,pythia-410m,medium,draw_2,0.75,2782,3709,80581,0.03452426750722875,2782,3709,1509,4982,0.30289040545965473,0.4068482070638986,0.5424155283968368,0.4649514712679094
eap_ig,pythia-410m,medium,draw_2,1.0,3709,3709,80581,0.04602822005187327,3709,3709,1821,5597,0.325352867607647,0.4909679158802912,0.4909679158802912,0.4909679158802912
eap_ig,pythia-410m,medium,draw_2,1.5,5564,3709,80581,0.0690485350144575,5564,3709,2266,7007,0.32339089481946626,0.6109463467241845,0.4072609633357297,0.4887307236061684
eap_ig,pythia-410m,medium,draw_2,2.0,7418,3709,80581,0.09205644010374654,7418,3709,2597,8530,0.3044548651817116,0.7001887301159342,0.3500943650579671,0.4667924867439561
eap_ig,pythia-410m,medium,draw_2,3.0,11127,3709,80581,0.13808466015561982,11127,3709,2980,11856,0.25134952766531715,0.8034510649770827,0.2678170216590276,0.40172553248854137
eap_ig,pythia-410m,medium,draw_2,5.0,18545,3709,80581,0.23014110025936635,18545,3709,3364,18890,0.17808364213869773,0.906983014289566,0.18139660285791318,0.3023276714298553
eap_ig,pythia-410m,high,draw_2,0.1,348,3483,80581,0.004318635906727392,348,3483,299,3532,0.08465458663646659,0.08584553545793856,0.8591954022988506,0.15609501435656487
eap_ig,pythia-410m,high,draw_2,0.2,697,3483,80581,0.00864968168674998,697,3483,522,3658,0.14270092946965554,0.14987080103359174,0.7489239598278336,0.24976076555023924
eap_ig,pythia-410m,high,draw_2,0.3,1045,3483,80581,0.012968317593477371,1045,3483,725,3803,0.19063896923481463,0.20815389032443296,0.69377990430622,0.3202296819787986
eap_ig,pythia-410m,high,draw_2,0.5,1742,3483,80581,0.02161799928022735,1742,3483,1060,4165,0.2545018007202881,0.304335343095033,0.6084959816303099,0.40574162679425835
eap_ig,pythia-410m,high,draw_2,0.75,2612,3483,80581,0.03241458904704583,2612,3483,1425,4670,0.30513918629550324,0.409130060292851,0.5455589586523737,0.46759639048400325
eap_ig,pythia-410m,high,draw_2,1.0,3483,3483,80581,0.0432235886871595,3483,3483,1704,5262,0.3238312428734322,0.4892334194659776,0.4892334194659776,0.4892334194659776
eap_ig,pythia-410m,high,draw_2,1.5,5224,3483,80581,0.06482917809409167,5224,3483,2156,6551,0.32911005953289574,0.6190066035027275,0.4127105666156202,0.495233719995406
eap_ig,pythia-410m,high,draw_2,2.0,6966,3483,80581,0.086447177374319,6966,3483,2461,7988,0.30808713069604404,0.7065747918461097,0.35328739592305486,0.4710498612307398
eap_ig,pythia-410m,high,draw_2,3.0,10449,3483,80581,0.1296707660614785,10449,3483,2863,11069,0.2586502845785527,0.8219925351708297,0.2739975117236099,0.41099626758541485
eap_ig,pythia-410m,high,draw_2,5.0,17415,3483,80581,0.21611794343579752,17415,3483,3201,17697,0.1808781149347347,0.9190353143841516,0.18380706287683032,0.3063451047947172
eap_ig,pythia-410m,very_high,draw_2,0.1,348,3476,80581,0.004318635906727392,348,3476,289,3535,0.08175388967468175,0.08314154200230149,0.8304597701149425,0.15115062761506276
eap_ig,pythia-410m,very_high,draw_2,0.2,695,3476,80581,0.008624861940159592,695,3476,505,3666,0.13775231860338244,0.1452819332566168,0.7266187050359713,0.24214816590745625
eap_ig,pythia-410m,very_high,draw_2,0.3,1043,3476,80581,0.012943497846886984,1043,3476,713,3806,0.18733578560168154,0.20512082853855007,0.6836049856184084,0.31555653905731357
eap_ig,pythia-410m,very_high,draw_2,0.5,1738,3476,80581,0.021568359787046576,1738,3476,1044,4170,0.2503597122302158,0.3003452243958573,0.6006904487917146,0.4004602991944764
eap_ig,pythia-410m,very_high,draw_2,0.75,2607,3476,80581,0.032352539680569864,2607,3476,1388,4695,0.2956336528221512,0.3993095512082854,0.5324127349443805,0.45635377280946904
eap_ig,pythia-410m,very_high,draw_2,1.0,3476,3476,80581,0.04313671957409315,3476,3476,1648,5304,0.31070889894419307,0.47410817031070196,0.47410817031070196,0.47410817031070196
eap_ig,pythia-410m,very_high,draw_2,1.5,5214,3476,80581,0.06470507936113973,5214,3476,2070,6620,0.31268882175226587,0.595512082853855,0.3970080552359033,0.476409666283084
eap_ig,pythia-410m,very_high,draw_2,2.0,6952,3476,80581,0.0862734391481863,6952,3476,2389,8039,0.29717626570468963,0.6872842347525892,0.3436421173762946,0.45818948983505947
eap_ig,pythia-410m,very_high,draw_2,3.0,10428,3476,80581,0.12941015872227946,10428,3476,2775,11129,0.24934854883637345,0.7983314154200231,0.26611047180667435,0.39916570771001153
eap_ig,pythia-410m,very_high,draw_2,5.0,17380,3476,80581,0.21568359787046573,17380,3476,3170,17686,0.17923781522107882,0.9119677790563866,0.18239355581127734,0.3039892596854622
eap_ig,pythia-410m,control,draw_2,0.1,332,3317,80581,0.004120077934004294,332,3317,283,3366,0.08407605466428995,0.08531805848658426,0.8524096385542169,0.15511098931214032
eap_ig,pythia-410m,control,draw_2,0.2,663,3317,80581,0.008227745994713395,663,3317,497,3483,0.1426930806775768,0.14983418751884234,0.7496229260935143,0.24974874371859296
eap_ig,pythia-410m,control,draw_2,0.3,995,3317,80581,0.012347823928717689,995,3317,685,3627,0.18886131789357596,0.2065119083509195,0.6884422110552764,0.3177179962894249
eap_ig,pythia-410m,control,draw_2,0.5,1658,3317,80581,0.020575569923431083,1658,3317,988,3987,0.24780536744419362,0.2978595116068737,0.5958986731001207,0.39718592964824123
eap_ig,pythia-410m,control,draw_2,0.75,2488,3317,80581,0.030875764758441816,2488,3317,1320,4485,0.29431438127090304,0.3979499547784142,0.5305466237942122,0.45478036175710596
eap_ig,pythia-410m,control,draw_2,1.0,3317,3317,80581,0.04116354972015736,3317,3317,1567,5067,0.3092559700019736,0.4724148326801326,0.4724148326801326,0.4724148326801326
eap_ig,pythia-410m,control,draw_2,1.5,4976,3317,80581,0.06175152951688363,4976,3317,1990,6303,0.3157226717436141,0.5999397045523063,0.39991961414790994,0.479922826480164
eap_ig,pythia-410m,control,draw_2,2.0,6634,3317,80581,0.08232709944031472,6634,3317,2284,7667,0.29790009130037826,0.688574012662044,0.344287006331022,0.45904934177469603
eap_ig,pythia-410m,control,draw_2,3.0,9951,3317,80581,0.12349064916047207,9951,3317,2642,10626,0.24863542254846602,0.7965028640337655,0.26550095467792184,0.39825143201688273
eap_ig,pythia-410m,control,draw_2,5.0,16585,3317,80581,0.20581774860078678,16585,3317,2992,16910,0.17693672383205203,0.9020198974977389,0.18040397949954778,0.30067329916591296
eap_ig,pythia-1b,low,draw_2,0.1,95,952,10009,0.009491457688080728,95,952,83,964,0.08609958506224066,0.08718487394957983,0.8736842105263158,0.15854823304680038
eap_ig,pythia-1b,low,draw_2,0.2,190,952,10009,0.018982915376161456,190,952,150,992,0.15120967741935484,0.15756302521008403,0.7894736842105263,0.2626970227670753
eap_ig,pythia-1b,low,draw_2,0.3,286,952,10009,0.028574283145169348,286,952,212,1026,0.20662768031189083,0.22268907563025211,0.7412587412587412,0.34248788368336025
eap_ig,pythia-1b,low,draw_2,0.5,476,952,10009,0.0475571985213308,476,952,312,1116,0.27956989247311825,0.3277310924369748,0.6554621848739496,0.4369747899159664
eap_ig,pythia-1b,low,draw_2,0.75,714,952,10009,0.07133579778199621,714,952,424,1242,0.3413848631239936,0.44537815126050423,0.5938375350140056,0.5090036014405762
eap_ig,pythia-1b,low,draw_2,1.0,952,952,10009,0.0951143970426616,952,952,509,1395,0.3648745519713262,0.5346638655462185,0.5346638655462185,0.5346638655462185
eap_ig,pythia-1b,low,draw_2,1.5,1428,952,10009,0.14267159556399242,1428,952,641,1739,0.36860264519838987,0.6733193277310925,0.4488795518207283,0.5386554621848739
eap_ig,pythia-1b,low,draw_2,2.0,1904,952,10009,0.1902287940853232,1904,952,728,2128,0.34210526315789475,0.7647058823529411,0.38235294117647056,0.5098039215686274
eap_ig,pythia-1b,low,draw_2,3.0,2856,952,10009,0.28534319112798484,2856,952,815,2993,0.27230203808887404,0.8560924369747899,0.2853641456582633,0.42804621848739494
eap_ig,pythia-1b,low,draw_2,5.0,4760,952,10009,0.475571985213308,4760,952,902,4810,0.18752598752598754,0.9474789915966386,0.18949579831932772,0.3158263305322129
eap_ig,pythia-1b,medium,draw_2,0.1,101,1007,10009,0.01009091817364372,101,1007,90,1018,0.08840864440078586,0.08937437934458789,0.8910891089108911,0.1624548736462094
eap_ig,pythia-1b,medium,draw_2,0.2,201,1007,10009,0.020081926266360274,201,1007,165,1043,0.15819750719079578,0.16385302879841113,0.8208955223880597,0.2731788079470199
eap_ig,pythia-1b,medium,draw_2,0.3,302,1007,10009,0.030172844440003996,302,1007,225,1084,0.20756457564575645,0.2234359483614697,0.7450331125827815,0.3437738731856379
eap_ig,pythia-1b,medium,draw_2,0.5,504,1007,10009,0.05035468078729144,504,1007,345,1166,0.29588336192109777,0.3426017874875869,0.6845238095238095,0.456651224354732
eap_ig,pythia-1b,medium,draw_2,0.75,755,1007,10009,0.07543211110001,755,1007,448,1314,0.3409436834094368,0.4448857994041708,0.5933774834437087,0.5085130533484676
eap_ig,pythia-1b,medium,draw_2,1.0,1007,1007,10009,0.10060945149365572,1007,1007,539,1475,0.36542372881355933,0.535253227408143,0.535253227408143,0.535253227408143
eap_ig,pythia-1b,medium,draw_2,1.5,1510,1007,10009,0.15086422220002,1510,1007,680,1837,0.37016875340228633,0.6752730883813307,0.4503311258278146,0.5403257846642828
eap_ig,pythia-1b,medium,draw_2,2.0,2014,1007,10009,0.20121890298731143,2014,1007,761,2260,0.33672566371681417,0.7557100297914597,0.37785501489572987,0.5038066865276398
eap_ig,pythia-1b,medium,draw_2,3.0,3021,1007,10009,0.3018283544809671,3021,1007,856,3172,0.2698612862547289,0.8500496524329693,0.28334988414432305,0.42502482621648463
eap_ig,pythia-1b,medium,draw_2,5.0,5035,1007,10009,0.5030472574682785,5035,1007,950,5092,0.1865671641791045,0.9433962264150944,0.18867924528301888,0.31446540880503143
eap_ig,pythia-1b,high,draw_2,0.1,90,902,10009,0.0089919072834449,90,902,77,915,0.08415300546448087,0.08536585365853659,0.8555555555555555,0.15524193548387097
eap_ig,pythia-1b,high,draw_2,0.2,180,902,10009,0.0179838145668898,180,902,141,941,0.14984059511158343,0.15631929046563192,0.7833333333333333,0.26062846580406657
eap_ig,pythia-1b,high,draw_2,0.3,271,902,10009,0.027075631931261866,271,902,199,974,0.20431211498973306,0.22062084257206208,0.7343173431734318,0.3393009377664109
eap_ig,pythia-1b,high,draw_2,0.5,451,902,10009,0.04505944649815166,451,902,288,1065,0.2704225352112676,0.31929046563192903,0.6385809312638581,0.42572062084257206
eap_ig,pythia-1b,high,draw_2,0.75,676,902,10009,0.06753921470676391,676,902,389,1189,0.32716568544995794,0.4312638580931264,0.5754437869822485,0.49302915082382764
eap_ig,pythia-1b,high,draw_2,1.0,902,902,10009,0.09011889299630332,902,902,477,1327,0.359457422758101,0.5288248337028825,0.5288248337028825,0.5288248337028825
eap_ig,pythia-1b,high,draw_2,1.5,1353,902,10009,0.13517833949445499,1353,902,592,1663,0.35598316295850874,0.656319290465632,0.43754619364375463,0.5250554323725055
eap_ig,pythia-1b,high,draw_2,2.0,1804,902,10009,0.18023778599260665,1804,902,683,2023,0.3376173999011369,0.7572062084257206,0.3786031042128603,0.5048041389504804
eap_ig,pythia-1b,high,draw_2,3.0,2706,902,10009,0.27035667898890997,2706,902,765,2843,0.26908195568061904,0.8481152993348116,0.2827050997782705,0.4240576496674058
eap_ig,pythia-1b,high,draw_2,5.0,4510,902,10009,0.4505944649815166,4510,902,862,4550,0.18945054945054945,0.9556541019955654,0.19113082039911308,0.31855136733185513
eap_ig,pythia-1b,very_high,draw_2,0.1,91,911,10009,0.009091817364372066,91,911,78,924,0.08441558441558442,0.08562019758507135,0.8571428571428571,0.15568862275449102
eap_ig,pythia-1b,very_high,draw_2,0.2,182,911,10009,0.01818363472874413,182,911,142,951,0.14931650893796003,0.15587266739846323,0.7802197802197802,0.2598353156450137
eap_ig,pythia-1b,very_high,draw_2,0.3,273,911,10009,0.027275452093116194,273,911,203,981,0.2069317023445464,0.22283205268935236,0.7435897435897436,0.34290540540540543
eap_ig,pythia-1b,very_high,draw_2,0.5,456,911,10009,0.04555899690278749,456,911,307,1060,0.28962264150943395,0.33699231613611413,0.6732456140350878,0.4491587417702999
eap_ig,pythia-1b,very_high,draw_2,0.75,683,911,10009,0.06823858527325408,683,911,399,1195,0.33389121338912137,0.43798024149286496,0.5841874084919473,0.5006273525721455
eap_ig,pythia-1b,very_high,draw_2,1.0,911,911,10009,0.09101808372464781,911,911,479,1343,0.35666418466120625,0.5257958287596048,0.5257958287596048,0.5257958287596048
eap_ig,pythia-1b,very_high,draw_2,1.5,1366,911,10009,0.13647717054650815,1366,911,601,1676,0.3585918854415274,0.6597145993413831,0.43997071742313326,0.5278875713658322
eap_ig,pythia-1b,very_high,draw_2,2.0,1822,911,10009,0.18203616744929563,1822,911,688,2045,0.33643031784841076,0.7552140504939627,0.37760702524698136,0.5034760336626418
eap_ig,pythia-1b,very_high,draw_2,3.0,2733,911,10009,0.27305425117394344,2733,911,780,2864,0.2723463687150838,0.8562019758507134,0.2854006586169045,0.4281009879253567
eap_ig,pythia-1b,very_high,draw_2,5.0,4555,911,10009,0.45509041862323907,4555,911,864,4602,0.1877444589308996,0.9484083424807903,0.18968166849615806,0.31613611416026344
eap_ig,pythia-1b,control,draw_2,0.1,82,823,10009,0.008192626636027576,82,823,71,834,0.08513189448441247,0.08626974483596597,0.8658536585365854,0.1569060773480663
eap_ig,pythia-1b,control,draw_2,0.2,165,823,10009,0.016485163352982318,165,823,134,854,0.15690866510538642,0.16281895504252733,0.8121212121212121,0.27125506072874495
eap_ig,pythia-1b,control,draw_2,0.3,247,823,10009,0.02467778998900989,247,823,189,881,0.21452894438138478,0.22964763061968407,0.7651821862348178,0.3532710280373832
eap_ig,pythia-1b,control,draw_2,0.5,412,823,10009,0.04116295334199221,412,823,274,961,0.2851196670135276,0.33292831105710813,0.6650485436893204,0.4437246963562753
eap_ig,pythia-1b,control,draw_2,0.75,617,823,10009,0.061644519932061145,617,823,364,1076,0.3382899628252788,0.4422843256379101,0.5899513776337115,0.5055555555555555
eap_ig,pythia-1b,control,draw_2,1.0,823,823,10009,0.08222599660305725,823,823,431,1215,0.35473251028806585,0.5236938031591738,0.5236938031591738,0.5236938031591738
eap_ig,pythia-1b,control,draw_2,1.5,1234,823,10009,0.12328903986412229,1234,823,519,1538,0.33745123537061117,0.6306196840826246,0.4205834683954619,0.5046183762761303
eap_ig,pythia-1b,control,draw_2,2.0,1646,823,10009,0.1644519932061145,1646,823,600,1869,0.32102728731942215,0.7290400972053463,0.3645200486026732,0.48602673147023084
eap_ig,pythia-1b,control,draw_2,3.0,2469,823,10009,0.24667798980917174,2469,823,675,2617,0.25792892625143293,0.8201701093560145,0.2733900364520049,0.41008505467800727
eap_ig,pythia-1b,control,draw_2,5.0,4115,823,10009,0.41112998301528625,4115,823,771,4167,0.18502519798416125,0.93681652490887,0.187363304981774,0.31227217496962334
eap_ig,pythia-1.4b,low,draw_2,0.1,259,2589,80581,0.003214157183455157,259,2589,227,2621,0.0866081648225868,0.0876786404016995,0.8764478764478765,0.15941011235955055
eap_ig,pythia-1.4b,low,draw_2,0.2,518,2589,80581,0.006428314366910314,518,2589,412,2695,0.1528756957328386,0.15913480108149866,0.7953667953667953,0.2652075957515288
eap_ig,pythia-1.4b,low,draw_2,0.3,777,2589,80581,0.009642471550365472,777,2589,562,2804,0.20042796005706134,0.21707222865971418,0.7232947232947233,0.33392751039809865
eap_ig,pythia-1.4b,low,draw_2,0.5,1294,2589,80581,0.016058376043980593,1294,2589,818,3065,0.266884176182708,0.31595210505986865,0.6321483771251932,0.4213237187741437
eap_ig,pythia-1.4b,low,draw_2,0.75,1942,2589,80581,0.024099973939266082,1942,2589,1069,3462,0.3087810514153668,0.41290073387408266,0.5504634397528322,0.4718605164422865
eap_ig,pythia-1.4b,low,draw_2,1.0,2589,2589,80581,0.032129161961256376,2589,2589,1242,3936,0.3155487804878049,0.4797219003476246,0.4797219003476246,0.4797219003476246
eap_ig,pythia-1.4b,low,draw_2,1.5,3884,2589,80581,0.048199947878532164,3884,2589,1501,4972,0.3018905872888174,0.5797605252993434,0.3864572605561277,0.46377259385138264
eap_ig,pythia-1.4b,low,draw_2,2.0,5178,2589,80581,0.06425832392251275,5178,2589,1723,6044,0.28507610853739246,0.6655079181151023,0.3327539590575512,0.4436719454100682
eap_ig,pythia-1.4b,low,draw_2,3.0,7767,2589,80581,0.09638748588376912,7767,2589,1981,8375,0.23653731343283582,0.7651602935496331,0.255053431183211,0.38258014677481655
eap_ig,pythia-1.4b,low,draw_2,5.0,12945,2589,80581,0.16064580980628188,12945,2589,2261,13273,0.1703458148120244,0.8733101583623021,0.17466203167246042,0.29110338612076736
eap_ig,pythia-1.4b,medium,draw_2,0.1,245,2451,80581,0.0030404189573224457,245,2451,204,2492,0.08186195826645265,0.0832313341493268,0.8326530612244898,0.1513353115727003
eap_ig,pythia-1.4b,medium,draw_2,0.2,490,2451,80581,0.0060808379146448915,490,2451,363,2578,0.1408068269976726,0.1481028151774786,0.7408163265306122,0.2468548112886773
eap_ig,pythia-1.4b,medium,draw_2,0.3,735,2451,80581,0.009121256871967338,735,2451,497,2689,0.18482707326143547,0.20277437780497756,0.6761904761904762,0.31198995605775265
eap_ig,pythia-1.4b,medium,draw_2,0.5,1226,2451,80581,0.015214504659907422,1226,2451,714,2963,0.24097198785015186,0.2913096695226438,0.5823817292006526,0.38836007614903456
eap_ig,pythia-1.4b,medium,draw_2,0.75,1838,2451,80581,0.02280934711656594,1838,2451,913,3376,0.27043838862559244,0.37250101999184004,0.4967355821545158,0.42574026579622287
eap_ig,pythia-1.4b,medium,draw_2,1.0,2451,2451,80581,0.03041659944651965,2451,2451,1090,3812,0.28593913955928646,0.44471644226846185,0.44471644226846185,0.44471644226846185
eap_ig,pythia-1.4b,medium,draw_2,1.5,3676,2451,80581,0.04561869423313188,3676,2451,1344,4783,0.2809951913025298,0.5483476132190942,0.36561479869423286,0.4387138893422556
eap_ig,pythia-1.4b,medium,draw_2,2.0,4902,2451,80581,0.0608331988930393,4902,2451,1507,5846,0.25778309955525147,0.6148510811913505,0.30742554059567523,0.4099007207942336
eap_ig,pythia-1.4b,medium,draw_2,3.0,7353,2451,80581,0.09124979833955896,7353,2451,1770,8034,0.22031366691560866,0.7221542227662179,0.24071807425540595,0.36107711138310894
eap_ig,pythia-1.4b,medium,draw_2,5.0,12255,2451,80581,0.15208299723259824,12255,2451,2065,12641,0.1633573293252116,0.8425132598939209,0.16850265197878417,0.2808377532979736
eap_ig,pythia-1.4b,high,draw_2,0.1,218,2182,80581,0.002705352378352217,218,2182,172,2228,0.07719928186714542,0.07882676443629698,0.7889908256880734,0.14333333333333334
eap_ig,pythia-1.4b,high,draw_2,0.2,436,2182,80581,0.005410704756704434,436,2182,314,2304,0.1362847222222222,0.14390467461044912,0.7201834862385321,0.239877769289534
eap_ig,pythia-1.4b,high,draw_2,0.3,655,2182,80581,0.008128467008351846,655,2182,438,2399,0.18257607336390164,0.20073327222731438,0.6687022900763359,0.3087768769827282
eap_ig,pythia-1.4b,high,draw_2,0.5,1091,2182,80581,0.01353917176505628,1091,2182,613,2660,0.23045112781954888,0.28093492208982584,0.5618698441796517,0.3745798961197678
eap_ig,pythia-1.4b,high,draw_2,0.75,1636,2182,80581,0.02030255271093682,1636,2182,784,3034,0.2584047462096243,0.3593033913840513,0.4792176039119804,0.4106862231534835
eap_ig,pythia-1.4b,high,draw_2,1.0,2182,2182,80581,0.02707834353011256,2182,2182,925,3439,0.26897353881942426,0.423923006416132,0.423923006416132,0.423923006416132
eap_ig,pythia-1.4b,high,draw_2,1.5,3273,2182,80581,0.040617515295168834,3273,2182,1145,4310,0.265661252900232,0.5247479376718607,0.3498319584479071,0.41979835013748856
eap_ig,pythia-1.4b,high,draw_2,2.0,4364,2182,80581,0.05415668706022512,4364,2182,1291,5255,0.2456707897240723,0.5916590284142988,0.2958295142071494,0.3944393522761992
eap_ig,pythia-1.4b,high,draw_2,3.0,6546,2182,80581,0.08123503059033767,6546,2182,1504,7224,0.2081949058693245,0.689275893675527,0.22975863122517567,0.3446379468377635
eap_ig,pythia-1.4b,high,draw_2,5.0,10910,2182,80581,0.1353917176505628,10910,2182,1766,11326,0.15592442168461945,0.8093492208982584,0.1618698441796517,0.26978307363275283
eap_ig,pythia-1.4b,very_high,draw_2,0.1,202,2025,80581,0.0025067944056291185,202,2025,174,2053,0.08475401850949829,0.08592592592592592,0.8613861386138614,0.15626403233048944
eap_ig,pythia-1.4b,very_high,draw_2,0.2,405,2025,80581,0.005025998684553431,405,2025,285,2145,0.13286713286713286,0.14074074074074075,0.7037037037037037,0.2345679012345679
eap_ig,pythia-1.4b,very_high,draw_2,0.3,608,2025,80581,0.007545202963477743,608,2025,396,2237,0.17702279839070184,0.19555555555555557,0.6513157894736842,0.30079756931257123
eap_ig,pythia-1.4b,very_high,draw_2,0.5,1012,2025,80581,0.01255879177473598,1012,2025,580,2457,0.23606023606023607,0.28641975308641976,0.5731225296442688,0.38195587751070137
eap_ig,pythia-1.4b,very_high,draw_2,0.75,1519,2025,80581,0.018850597535399163,1519,2025,755,2789,0.2707063463607028,0.3728395061728395,0.4970375246872943,0.4260722347629797
eap_ig,pythia-1.4b,very_high,draw_2,1.0,2025,2025,80581,0.025129993422767154,2025,2025,884,3166,0.279216677195199,0.4365432098765432,0.4365432098765432,0.4365432098765432
eap_ig,pythia-1.4b,very_high,draw_2,1.5,3038,2025,80581,0.037701195070798325,3038,2025,1097,3966,0.2766011094301563,0.5417283950617284,0.36109282422646477,0.4333399170452301
eap_ig,pythia-1.4b,very_high,draw_2,2.0,4050,2025,80581,0.05025998684553431,4050,2025,1233,4842,0.25464684014869887,0.6088888888888889,0.30444444444444446,0.4059259259259259
eap_ig,pythia-1.4b,very_high,draw_2,3.0,6075,2025,80581,0.07538998026830146,6075,2025,1431,6669,0.2145748987854251,0.7066666666666667,0.23555555555555555,0.35333333333333333
eap_ig,pythia-1.4b,very_high,draw_2,5.0,10125,2025,80581,0.12564996711383578,10125,2025,1685,10465,0.1610129001433349,0.8320987654320988,0.16641975308641976,0.2773662551440329
eap_ig,pythia-1.4b,control,draw_2,0.1,222,2221,80581,0.0027549918715329916,222,2221,193,2250,0.08577777777777777,0.08689779378658262,0.8693693693693694,0.15800245599672533
eap_ig,pythia-1.4b,control,draw_2,0.2,444,2221,80581,0.005509983743065983,444,2221,340,2325,0.14623655913978495,0.15308419630796938,0.7657657657657657,0.2551594746716698
eap_ig,pythia-1.4b,control,draw_2,0.3,666,2221,80581,0.008264975614598975,666,2221,456,2431,0.18757712875359933,0.20531292210715893,0.6846846846846847,0.31589885694492553
eap_ig,pythia-1.4b,control,draw_2,0.5,1110,2221,80581,0.013774959357664958,1110,2221,653,2678,0.2438386855862584,0.2940117064385412,0.5882882882882883,0.39207445211648156
eap_ig,pythia-1.4b,control,draw_2,0.75,1666,2221,80581,0.020674848909792633,1666,2221,852,3035,0.28072487644151567,0.3836109860423233,0.5114045618247299,0.4383843581167996
eap_ig,pythia-1.4b,control,draw_2,1.0,2221,2221,80581,0.02756232858862511,2221,2221,1012,3430,0.29504373177842563,0.4556506078343089,0.4556506078343089,0.4556506078343089
eap_ig,pythia-1.4b,control,draw_2,1.5,3332,2221,80581,0.041349697819585265,3332,2221,1229,4324,0.28422756706753005,0.5533543448896894,0.36884753901560624,0.44264361606338914
eap_ig,pythia-1.4b,control,draw_2,2.0,4442,2221,80581,0.05512465717725022,4442,2221,1387,5276,0.2628885519332828,0.6244934714092751,0.31224673570463757,0.41632898093951676
eap_ig,pythia-1.4b,control,draw_2,3.0,6663,2221,80581,0.08268698576587533,6663,2221,1629,7255,0.22453480358373534,0.7334533993696533,0.2444844664565511,0.36672669968482663
eap_ig,pythia-1.4b,control,draw_2,5.0,11105,2221,80581,0.13781164294312556,11105,2221,1896,11430,0.16587926509186351,0.8536695182350292,0.17073390364700586,0.2845565060783431
eap_ig,pythia-70m,low,draw_3,0.1,39,391,1324,0.02945619335347432,39,391,38,392,0.09693877551020408,0.09718670076726342,0.9743589743589743,0.17674418604651163
eap_ig,pythia-70m,low,draw_3,0.2,78,391,1324,0.05891238670694864,78,391,76,393,0.19338422391857507,0.19437340153452684,0.9743589743589743,0.32409381663113007
eap_ig,pythia-70m,low,draw_3,0.3,117,391,1324,0.08836858006042296,117,391,115,393,0.2926208651399491,0.29411764705882354,0.9829059829059829,0.452755905511811
eap_ig,pythia-70m,low,draw_3,0.5,196,391,1324,0.14803625377643503,196,391,180,407,0.44226044226044225,0.46035805626598464,0.9183673469387755,0.6132879045996593
eap_ig,pythia-70m,low,draw_3,0.75,293,391,1324,0.2212990936555891,293,391,248,436,0.5688073394495413,0.6342710997442456,0.8464163822525598,0.7251461988304093
eap_ig,pythia-70m,low,draw_3,1.0,391,391,1324,0.29531722054380666,391,391,297,485,0.6123711340206186,0.7595907928388747,0.7595907928388747,0.7595907928388747
eap_ig,pythia-70m,low,draw_3,1.5,586,391,1324,0.4425981873111782,586,391,346,631,0.5483359746434231,0.8849104859335039,0.590443686006826,0.7082906857727738
eap_ig,pythia-70m,low,draw_3,2.0,782,391,1324,0.5906344410876133,782,391,366,807,0.45353159851301117,0.9360613810741688,0.4680306905370844,0.6240409207161125
eap_ig,pythia-70m,low,draw_3,3.0,1173,391,1324,0.8859516616314199,1173,391,387,1177,0.3288020390824129,0.989769820971867,0.329923273657289,0.4948849104859335
eap_ig,pythia-70m,low,draw_3,5.0,1324,391,1324,1.0,1324,391,391,1324,0.29531722054380666,1.0,0.29531722054380666,0.45597667638483963
eap_ig,pythia-70m,medium,draw_3,0.1,41,406,1324,0.030966767371601207,41,406,40,407,0.09828009828009827,0.09852216748768473,0.975609756097561,0.1789709172259508
eap_ig,pythia-70m,medium,draw_3,0.2,81,406,1324,0.06117824773413897,81,406,80,407,0.19656019656019655,0.19704433497536947,0.9876543209876543,0.32854209445585214
eap_ig,pythia-70m,medium,draw_3,0.3,122,406,1324,0.09214501510574018,122,406,118,410,0.28780487804878047,0.29064039408866993,0.9672131147540983,0.44696969696969696
eap_ig,pythia-70m,medium,draw_3,0.5,203,406,1324,0.15332326283987915,203,406,186,423,0.4397163120567376,0.458128078817734,0.916256157635468,0.6108374384236454
eap_ig,pythia-70m,medium,draw_3,0.75,304,406,1324,0.229607250755287,304,406,261,449,0.5812917594654788,0.6428571428571429,0.8585526315789473,0.7352112676056338
eap_ig,pythia-70m,medium,draw_3,1.0,406,406,1324,0.3066465256797583,406,406,304,508,0.5984251968503937,0.7487684729064039,0.7487684729064039,0.7487684729064039
eap_ig,pythia-70m,medium,draw_3,1.5,609,406,1324,0.45996978851963743,609,406,362,653,0.554364471669219,0.8916256157635468,0.5944170771756979,0.7133004926108374
eap_ig,pythia-70m,medium,draw_3,2.0,812,406,1324,0.6132930513595166,812,406,389,829,0.4692400482509047,0.958128078817734,0.479064039408867,0.638752052545156
eap_ig,pythia-70m,medium,draw_3,3.0,1218,406,1324,0.9199395770392749,1218,406,404,1220,0.33114754098360655,0.9950738916256158,0.33169129720853857,0.4975369458128079
eap_ig,pythia-70m,medium,draw_3,5.0,1324,406,1324,1.0,1324,406,406,1324,0.3066465256797583,1.0,0.3066465256797583,0.46936416184971097
eap_ig,pythia-70m,high,draw_3,0.1,43,431,1324,0.0324773413897281,43,431,42,432,0.09722222222222222,0.09744779582366589,0.9767441860465116,0.17721518987341772
eap_ig,pythia-70m,high,draw_3,0.2,86,431,1324,0.0649546827794562,86,431,85,432,0.19675925925925927,0.19721577726218098,0.9883720930232558,0.3288201160541586
eap_ig,pythia-70m,high,draw_3,0.3,129,431,1324,0.09743202416918428,129,431,125,435,0.28735632183908044,0.2900232018561485,0.9689922480620154,0.44642857142857145
eap_ig,pythia-70m,high,draw_3,0.5,216,431,1324,0.16314199395770393,216,431,198,449,0.44097995545657015,0.4593967517401392,0.9166666666666666,0.6120556414219475
eap_ig,pythia-70m,high,draw_3,0.75,323,431,1324,0.24395770392749244,323,431,270,484,0.5578512396694215,0.6264501160092807,0.8359133126934984,0.7161803713527851
eap_ig,pythia-70m,high,draw_3,1.0,431,431,1324,0.3255287009063444,431,431,327,535,0.611214953271028,0.7587006960556845,0.7587006960556845,0.7587006960556845
eap_ig,pythia-70m,high,draw_3,1.5,646,431,1324,0.4879154078549849,646,431,391,686,0.5699708454810496,0.9071925754060325,0.6052631578947368,0.7260909935004642
eap_ig,pythia-70m,high,draw_3,2.0,862,431,1324,0.6510574018126888,862,431,412,881,0.4676503972758229,0.9559164733178654,0.4779582366589327,0.637277648878577
eap_ig,pythia-70m,high,draw_3,3.0,1293,431,1324,0.9765861027190332,1293,431,430,1294,0.3323029366306028,0.9976798143851509,0.3325599381283836,0.4988399071925754
eap_ig,pythia-70m,high,draw_3,5.0,1324,431,1324,1.0,1324,431,431,1324,0.3255287009063444,1.0,0.3255287009063444,0.4911680911680912
eap_ig,pythia-70m,very_high,draw_3,0.1,42,417,1324,0.03172205438066465,42,417,42,417,0.10071942446043165,0.10071942446043165,1.0,0.1830065359477124
eap_ig,pythia-70m,very_high,draw_3,0.2,83,417,1324,0.06268882175226587,83,417,82,418,0.19617224880382775,0.19664268585131894,0.9879518072289156,0.328
eap_ig,pythia-70m,very_high,draw_3,0.3,125,417,1324,0.09441087613293052,125,417,119,423,0.28132387706855794,0.2853717026378897,0.952,0.43911439114391143
eap_ig,pythia-70m,very_high,draw_3,0.5,208,417,1324,0.15709969788519637,208,417,186,439,0.42369020501138954,0.4460431654676259,0.8942307692307693,0.5952
eap_ig,pythia-70m,very_high,draw_3,0.75,313,417,1324,0.236404833836858,313,417,261,469,0.5565031982942431,0.6258992805755396,0.8338658146964856,0.7150684931506849
eap_ig,pythia-70m,very_high,draw_3,1.0,417,417,1324,0.3149546827794562,417,417,310,524,0.5916030534351145,0.7434052757793765,0.7434052757793765,0.7434052757793765
eap_ig,pythia-70m,very_high,draw_3,1.5,626,417,1324,0.472809667673716,626,417,373,670,0.5567164179104478,0.894484412470024,0.5958466453674122,0.7152444870565676
eap_ig,pythia-70m,very_high,draw_3,2.0,834,417,1324,0.6299093655589124,834,417,392,859,0.4563445867287544,0.9400479616306955,0.47002398081534774,0.6266986410871302
eap_ig,pythia-70m,very_high,draw_3,3.0,1251,417,1324,0.9448640483383686,1251,417,413,1255,0.3290836653386454,0.9904076738609112,0.3301358912869704,0.4952038369304556
eap_ig,pythia-70m,very_high,draw_3,5.0,1324,417,1324,1.0,1324,417,417,1324,0.3149546827794562,1.0,0.3149546827794562,0.479035037334865
eap_ig,pythia-70m,control,draw_3,0.1,43,426,1324,0.0324773413897281,43,426,42,427,0.09836065573770492,0.09859154929577464,0.9767441860465116,0.1791044776119403
eap_ig,pythia-70m,control,draw_3,0.2,85,426,1324,0.06419939577039276,85,426,84,427,0.19672131147540983,0.19718309859154928,0.9882352941176471,0.3287671232876712
eap_ig,pythia-70m,control,draw_3,0.3,128,426,1324,0.09667673716012085,128,426,123,431,0.2853828306264501,0.2887323943661972,0.9609375,0.44404332129963897
eap_ig,pythia-70m,control,draw_3,0.5,213,426,1324,0.1608761329305136,213,426,189,450,0.42,0.44366197183098594,0.8873239436619719,0.5915492957746479
eap_ig,pythia-70m,control,draw_3,0.75,320,426,1324,0.24169184290030213,320,426,264,482,0.5477178423236515,0.6197183098591549,0.825,0.707774798927614
eap_ig,pythia-70m,control,draw_3,1.0,426,426,1324,0.3217522658610272,426,426,310,542,0.5719557195571956,0.7276995305164319,0.7276995305164319,0.7276995305164319
eap_ig,pythia-70m,control,draw_3,1.5,639,426,1324,0.4826283987915408,639,426,371,694,0.5345821325648416,0.8708920187793427,0.5805946791862285,0.6967136150234742
eap_ig,pythia-70m,control,draw_3,2.0,852,426,1324,0.6435045317220544,852,426,396,882,0.4489795918367347,0.9295774647887324,0.4647887323943662,0.6197183098591549
eap_ig,pythia-70m,control,draw_3,3.0,1278,426,1324,0.9652567975830816,1278,426,423,1281,0.33021077283372363,0.9929577464788732,0.33098591549295775,0.4964788732394366
eap_ig,pythia-70m,control,draw_3,5.0,1324,426,1324,1.0,1324,426,426,1324,0.3217522658610272,1.0,0.3217522658610272,0.4868571428571429
eap_ig,pythia-160m,low,draw_3,0.1,141,1408,11467,0.01229615418156449,141,1408,131,1418,0.0923836389280677,0.09303977272727272,0.9290780141843972,0.16914138153647515
eap_ig,pythia-160m,low,draw_3,0.2,282,1408,11467,0.02459230836312898,282,1408,254,1436,0.17688022284122562,0.18039772727272727,0.900709219858156,0.3005917159763314
eap_ig,pythia-160m,low,draw_3,0.3,422,1408,11467,0.03680125577744833,422,1408,354,1476,0.23983739837398374,0.25142045454545453,0.8388625592417062,0.38688524590163936
eap_ig,pythia-160m,low,draw_3,0.5,704,1408,11467,0.06139356414057731,704,1408,534,1578,0.33840304182509506,0.37926136363636365,0.7585227272727273,0.5056818181818182
eap_ig,pythia-160m,low,draw_3,0.75,1056,1408,11467,0.09209034621086597,1056,1408,697,1767,0.3944538766270515,0.4950284090909091,0.6600378787878788,0.5657467532467533
eap_ig,pythia-160m,low,draw_3,1.0,1408,1408,11467,0.12278712828115462,1408,1408,844,1972,0.4279918864097363,0.5994318181818182,0.5994318181818182,0.5994318181818182
eap_ig,pythia-160m,low,draw_3,1.5,2112,1408,11467,0.18418069242173193,2112,1408,1048,2472,0.42394822006472493,0.7443181818181818,0.4962121212121212,0.5954545454545455
eap_ig,pythia-160m,low,draw_3,2.0,2816,1408,11467,0.24557425656230925,2816,1408,1186,3038,0.39038841342988806,0.8423295454545454,0.4211647727272727,0.5615530303030303
eap_ig,pythia-160m,low,draw_3,3.0,4224,1408,11467,0.36836138484346387,4224,1408,1301,4331,0.30039251904871855,0.9240056818181818,0.3080018939393939,0.4620028409090909
eap_ig,pythia-160m,low,draw_3,5.0,7040,1408,11467,0.6139356414057731,7040,1408,1380,7068,0.19524617996604415,0.9801136363636364,0.19602272727272727,0.32670454545454547
eap_ig,pythia-160m,medium,draw_3,0.1,148,1475,11467,0.012906601552280458,148,1475,140,1483,0.09440323668240054,0.09491525423728814,0.9459459459459459,0.1725200246457178
eap_ig,pythia-160m,medium,draw_3,0.2,295,1475,11467,0.025725996337315777,295,1475,266,1504,0.1768617021276596,0.18033898305084745,0.9016949152542373,0.30056497175141245
eap_ig,pythia-160m,medium,draw_3,0.3,442,1475,11467,0.03854539112235109,442,1475,370,1547,0.2391725921137686,0.25084745762711863,0.8371040723981901,0.38601982263954093
eap_ig,pythia-160m,medium,draw_3,0.5,738,1475,11467,0.06435859422691201,738,1475,538,1675,0.32119402985074624,0.36474576271186443,0.7289972899728997,0.48621780388612745
eap_ig,pythia-160m,medium,draw_3,0.75,1106,1475,11467,0.09645068457312288,1106,1475,729,1852,0.3936285097192225,0.4942372881355932,0.659132007233273,0.5648973266175901
eap_ig,pythia-160m,medium,draw_3,1.0,1475,1475,11467,0.12862998168657888,1475,1475,895,2055,0.43552311435523117,0.6067796610169491,0.6067796610169491,0.6067796610169491
eap_ig,pythia-160m,medium,draw_3,1.5,2212,1475,11467,0.19290136914624575,2212,1475,1113,2574,0.4324009324009324,0.7545762711864407,0.5031645569620253,0.6037428803905615
eap_ig,pythia-160m,medium,draw_3,2.0,2950,1475,11467,0.25725996337315776,2950,1475,1236,3189,0.38758231420507994,0.8379661016949153,0.4189830508474576,0.5586440677966101
eap_ig,pythia-160m,medium,draw_3,3.0,4425,1475,11467,0.3858899450597366,4425,1475,1364,4536,0.30070546737213405,0.9247457627118644,0.30824858757062146,0.4623728813559322
eap_ig,pythia-160m,medium,draw_3,5.0,7375,1475,11467,0.6431499084328944,7375,1475,1454,7396,0.19659275283937264,0.9857627118644068,0.19715254237288135,0.3285875706214689
eap_ig,pythia-160m,high,draw_3,0.1,138,1385,11467,0.012034533879829074,138,1385,130,1393,0.09332376166547021,0.09386281588447654,0.9420289855072463,0.17071569271175313
eap_ig,pythia-160m,high,draw_3,0.2,277,1385,11467,0.024156274526903287,277,1385,240,1422,0.16877637130801687,0.17328519855595667,0.8664259927797834,0.2888086642599278
eap_ig,pythia-160m,high,draw_3,0.3,416,1385,11467,0.0362780151739775,416,1385,343,1458,0.23525377229080932,0.24765342960288808,0.8245192307692307,0.38089950027762354
eap_ig,pythia-160m,high,draw_3,0.5,692,1385,11467,0.06034708293363565,692,1385,517,1560,0.3314102564102564,0.37328519855595665,0.7471098265895953,0.4978334135772749
eap_ig,pythia-160m,high,draw_3,0.75,1039,1385,11467,0.09060783116769862,1039,1385,698,1726,0.4044032444959444,0.503971119133574,0.6717998075072185,0.5759075907590759
eap_ig,pythia-160m,high,draw_3,1.0,1385,1385,11467,0.12078137263451644,1385,1385,811,1959,0.41398672792240937,0.5855595667870036,0.5855595667870036,0.5855595667870036
eap_ig,pythia-160m,high,draw_3,1.5,2078,1385,11467,0.18121566233539724,2078,1385,1002,2461,0.4071515644047135,0.7234657039711191,0.4821944177093359,0.5786889979786313
eap_ig,pythia-160m,high,draw_3,2.0,2770,1385,11467,0.24156274526903287,2770,1385,1138,3017,0.37719588995691083,0.8216606498194946,0.4108303249097473,0.5477737665463297
eap_ig,pythia-160m,high,draw_3,3.0,4155,1385,11467,0.3623441179035493,4155,1385,1257,4283,0.2934858743871118,0.9075812274368231,0.3025270758122744,0.45379061371841156
eap_ig,pythia-160m,high,draw_3,5.0,6925,1385,11467,0.6039068631725822,6925,1385,1348,6962,0.19362252226371732,0.9732851985559566,0.19465703971119133,0.3244283995186522
eap_ig,pythia-160m,very_high,draw_3,0.1,133,1330,11467,0.011598500043603384,133,1330,124,1339,0.09260642270351008,0.09323308270676692,0.9323308270676691,0.1695146958304853
eap_ig,pythia-160m,very_high,draw_3,0.2,266,1330,11467,0.02319700008720677,266,1330,235,1361,0.17266715650257164,0.17669172932330826,0.8834586466165414,0.29448621553884713
eap_ig,pythia-160m,very_high,draw_3,0.3,399,1330,11467,0.03479550013081015,399,1330,333,1396,0.23853868194842406,0.2503759398496241,0.8345864661654135,0.38519375361480623
eap_ig,pythia-160m,very_high,draw_3,0.5,665,1330,11467,0.05799250021801692,665,1330,486,1509,0.3220675944333996,0.36541353383458647,0.7308270676691729,0.48721804511278194
eap_ig,pythia-160m,very_high,draw_3,0.75,998,1330,11467,0.08703235371064795,998,1330,641,1687,0.3799644339063426,0.48195488721804514,0.6422845691382766,0.5506872852233677
eap_ig,pythia-160m,very_high,draw_3,1.0,1330,1330,11467,0.11598500043603384,1330,1330,775,1885,0.41114058355437666,0.5827067669172933,0.5827067669172933,0.5827067669172933
eap_ig,pythia-160m,very_high,draw_3,1.5,1995,1330,11467,0.17397750065405077,1995,1330,969,2356,0.4112903225806452,0.7285714285714285,0.4857142857142857,0.5828571428571429
eap_ig,pythia-160m,very_high,draw_3,2.0,2660,1330,11467,0.23197000087206768,2660,1330,1074,2916,0.3683127572016461,0.8075187969924812,0.4037593984962406,0.5383458646616541
eap_ig,pythia-160m,very_high,draw_3,3.0,3990,1330,11467,0.34795500130810153,3990,1330,1198,4122,0.2906356137797186,0.9007518796992481,0.30025062656641605,0.45037593984962404
eap_ig,pythia-160m,very_high,draw_3,5.0,6650,1330,11467,0.5799250021801692,6650,1330,1290,6690,0.19282511210762332,0.9699248120300752,0.19398496240601504,0.3233082706766917
eap_ig,pythia-160m,control,draw_3,0.1,134,1345,11467,0.011685706810848523,134,1345,126,1353,0.09312638580931264,0.09368029739776952,0.9402985074626866,0.17038539553752535
eap_ig,pythia-160m,control,draw_3,0.2,269,1345,11467,0.023458620388942183,269,1345,241,1373,0.1755280407865987,0.17918215613382898,0.895910780669145,0.298636926889715
eap_ig,pythia-160m,control,draw_3,0.3,404,1345,11467,0.03523153396703584,404,1345,326,1423,0.22909346451159524,0.24237918215613383,0.806930693069307,0.3727844482561464
eap_ig,pythia-160m,control,draw_3,0.5,672,1345,11467,0.058602947588732884,672,1345,490,1527,0.320890635232482,0.3643122676579926,0.7291666666666666,0.4858701041150223
eap_ig,pythia-160m,control,draw_3,0.75,1009,1345,11467,0.08799162815034446,1009,1345,633,1721,0.3678094131319001,0.4706319702602231,0.6273538156590683,0.5378079864061173
eap_ig,pythia-160m,control,draw_3,1.0,1345,1345,11467,0.1172931019447109,1345,1345,759,1931,0.39306059036768515,0.5643122676579926,0.5643122676579926,0.5643122676579926
eap_ig,pythia-160m,control,draw_3,1.5,2018,1345,11467,0.17598325630068892,2018,1345,963,2400,0.40125,0.7159851301115242,0.47720515361744303,0.5727029438001784
eap_ig,pythia-160m,control,draw_3,2.0,2690,1345,11467,0.2345862038894218,2690,1345,1081,2954,0.36594448205822616,0.803717472118959,0.4018587360594795,0.535811648079306
eap_ig,pythia-160m,control,draw_3,3.0,4035,1345,11467,0.35187930583413274,4035,1345,1215,4165,0.2917166866746699,0.9033457249070632,0.30111524163568776,0.4516728624535316
eap_ig,pythia-160m,control,draw_3,5.0,6725,1345,11467,0.5864655097235546,6725,1345,1312,6758,0.19414027818881327,0.9754646840148699,0.195092936802974,0.3251548946716233
eap_ig,pythia-410m,low,draw_3,0.1,412,4122,80581,0.005112867797619786,412,4122,358,4176,0.085727969348659,0.08685104318292092,0.8689320388349514,0.15791795324217026
eap_ig,pythia-410m,low,draw_3,0.2,824,4122,80581,0.010225735595239573,824,4122,645,4301,0.14996512438967682,0.1564774381368268,0.7827669902912622,0.26081682167408005
eap_ig,pythia-410m,low,draw_3,0.3,1237,4122,80581,0.015351013266154553,1237,4122,905,4454,0.20318814548720252,0.2195536147501213,0.7316087308003234,0.33774958014554957
eap_ig,pythia-410m,low,draw_3,0.5,2061,4122,80581,0.025576748861394126,2061,4122,1298,4885,0.26571136131013307,0.31489568170790877,0.6297913634158175,0.4198609089438784
eap_ig,pythia-410m,low,draw_3,0.75,3092,4122,80581,0.03837132822873879,3092,4122,1737,5477,0.3171444221289027,0.42139737991266374,0.5617723156532989,0.481563626282229
eap_ig,pythia-410m,low,draw_3,1.0,4122,4122,80581,0.05115349772278825,4122,4122,2090,6154,0.3396165095872603,0.5070354196991752,0.5070354196991752,0.5070354196991752
eap_ig,pythia-410m,low,draw_3,1.5,6183,4122,80581,0.07673024658418237,6183,4122,2605,7700,0.3383116883116883,0.6319747695293547,0.4213165130195698,0.5055798156234838
eap_ig,pythia-410m,low,draw_3,2.0,8244,4122,80581,0.1023069954455765,8244,4122,2955,9411,0.3139942620337903,0.7168850072780204,0.3584425036390102,0.47792333818534694
eap_ig,pythia-410m,low,draw_3,3.0,12366,4122,80581,0.15346049316836474,12366,4122,3443,13045,0.26393254120352627,0.8352741387675886,0.2784247129225295,0.4176370693837943
eap_ig,pythia-410m,low,draw_3,5.0,20610,4122,80581,0.2557674886139413,20610,4122,3819,20913,0.18261368526753693,0.9264919941775837,0.18529839883551674,0.30883066472586124
eap_ig,pythia-410m,medium,draw_3,0.1,392,3920,80581,0.004864670331715913,392,3920,352,3960,0.08888888888888889,0.08979591836734693,0.8979591836734694,0.16326530612244897
eap_ig,pythia-410m,medium,draw_3,0.2,784,3920,80581,0.009729340663431826,784,3920,613,4091,0.14984111464189684,0.15637755102040815,0.7818877551020408,0.2606292517006803
eap_ig,pythia-410m,medium,draw_3,0.3,1176,3920,80581,0.01459401099514774,1176,3920,852,4244,0.20075400565504242,0.2173469387755102,0.7244897959183674,0.33437990580847726
eap_ig,pythia-410m,medium,draw_3,0.5,1960,3920,80581,0.024323351658579566,1960,3920,1243,4637,0.26806124649557905,0.3170918367346939,0.6341836734693878,0.4227891156462585
eap_ig,pythia-410m,medium,draw_3,0.75,2940,3920,80581,0.03648502748786935,2940,3920,1635,5225,0.3129186602870813,0.41709183673469385,0.5561224489795918,0.47667638483965014
eap_ig,pythia-410m,medium,draw_3,1.0,3920,3920,80581,0.04864670331715913,3920,3920,1953,5887,0.33174791914387636,0.4982142857142857,0.4982142857142857,0.4982142857142857
eap_ig,pythia-410m,medium,draw_3,1.5,5880,3920,80581,0.0729700549757387,5880,3920,2460,7340,0.335149863760218,0.6275510204081632,0.41836734693877553,0.5020408163265306
eap_ig,pythia-410m,medium,draw_3,2.0,7840,3920,80581,0.09729340663431826,7840,3920,2810,8950,0.3139664804469274,0.7168367346938775,0.35841836734693877,0.477891156462585
eap_ig,pythia-410m,medium,draw_3,3.0,11760,3920,80581,0.1459401099514774,11760,3920,3239,12441,0.2603488465557431,0.8262755102040816,0.2754251700680272,0.4131377551020408
eap_ig,pythia-410m,medium,draw_3,5.0,19600,3920,80581,0.24323351658579567,19600,3920,3625,19895,0.1822065845689872,0.9247448979591837,0.18494897959183673,0.3082482993197279
eap_ig,pythia-410m,high,draw_3,0.1,338,3379,80581,0.004194537173775456,338,3379,288,3429,0.08398950131233596,0.08523231725362533,0.8520710059171598,0.1549636803874092
eap_ig,pythia-410m,high,draw_3,0.2,676,3379,80581,0.008389074347550911,676,3379,521,3534,0.14742501414827391,0.1541876294761764,0.7707100591715976,0.2569667077681874
eap_ig,pythia-410m,high,draw_3,0.3,1014,3379,80581,0.012583611521326367,1014,3379,724,3669,0.19732897247206324,0.21426457531814147,0.7140039447731755,0.3296152970635101
eap_ig,pythia-410m,high,draw_3,0.5,1690,3379,80581,0.02097268586887728,1690,3379,1055,4014,0.2628300946686597,0.3122225510506067,0.6242603550295858,0.4162556717301243
eap_ig,pythia-410m,high,draw_3,0.75,2534,3379,80581,0.03144661893002072,2534,3379,1405,4508,0.3116681455190772,0.41580349215744306,0.5544593528018943,0.4752240825300186
eap_ig,pythia-410m,high,draw_3,1.0,3379,3379,80581,0.04193296186445936,3379,3379,1695,5063,0.33478174995062215,0.5016277005031075,0.5016277005031075,0.5016277005031075
eap_ig,pythia-410m,high,draw_3,1.5,5068,3379,80581,0.06289323786004145,5068,3379,2085,6362,0.32772712983338576,0.6170464634507251,0.41140489344909237,0.4936663904344738
eap_ig,pythia-410m,high,draw_3,2.0,6758,3379,80581,0.08386592372891873,6758,3379,2387,7750,0.308,0.7064220183486238,0.3532110091743119,0.4709480122324159
eap_ig,pythia-410m,high,draw_3,3.0,10137,3379,80581,0.1257988855933781,10137,3379,2756,10760,0.2561338289962825,0.8156259248298313,0.27187530827661044,0.40781296241491566
eap_ig,pythia-410m,high,draw_3,5.0,16895,3379,80581,0.2096648093222968,16895,3379,3098,17176,0.1803679552864462,0.9168393015685113,0.18336786031370228,0.30561310052283713
eap_ig,pythia-410m,very_high,draw_3,0.1,328,3280,80581,0.004070438440823519,328,3280,282,3326,0.08478653036680697,0.08597560975609755,0.8597560975609756,0.15631929046563192
eap_ig,pythia-410m,very_high,draw_3,0.2,656,3280,80581,0.008140876881647038,656,3280,487,3449,0.14120034792693534,0.14847560975609755,0.7423780487804879,0.24745934959349594
eap_ig,pythia-410m,very_high,draw_3,0.3,984,3280,80581,0.012211315322470558,984,3280,677,3587,0.18873710621689435,0.20640243902439023,0.6880081300813008,0.3175422138836773
eap_ig,pythia-410m,very_high,draw_3,0.5,1640,3280,80581,0.020352192204117596,1640,3280,974,3946,0.2468322351748606,0.2969512195121951,0.5939024390243902,0.3959349593495935
eap_ig,pythia-410m,very_high,draw_3,0.75,2460,3280,80581,0.030528288306176394,2460,3280,1308,4432,0.2951263537906137,0.39878048780487807,0.5317073170731708,0.45574912891986064
eap_ig,pythia-410m,very_high,draw_3,1.0,3280,3280,80581,0.04070438440823519,3280,3280,1546,5014,0.3083366573593937,0.4713414634146341,0.4713414634146341,0.4713414634146341
eap_ig,pythia-410m,very_high,draw_3,1.5,4920,3280,80581,0.06105657661235279,4920,3280,1956,6244,0.31326073030108903,0.5963414634146341,0.3975609756097561,0.4770731707317073
eap_ig,pythia-410m,very_high,draw_3,2.0,6560,3280,80581,0.08140876881647038,6560,3280,2256,7584,0.2974683544303797,0.6878048780487804,0.3439024390243902,0.4585365853658537
eap_ig,pythia-410m,very_high,draw_3,3.0,9840,3280,80581,0.12211315322470558,9840,3280,2640,10480,0.25190839694656486,0.8048780487804879,0.2682926829268293,0.4024390243902439
eap_ig,pythia-410m,very_high,draw_3,5.0,16400,3280,80581,0.20352192204117597,16400,3280,2982,16698,0.17858426158821417,0.9091463414634147,0.18182926829268292,0.30304878048780487
eap_ig,pythia-410m,control,draw_3,0.1,338,3382,80581,0.004194537173775456,338,3382,289,3431,0.08423200233168172,0.08545239503252514,0.8550295857988166,0.1553763440860215
eap_ig,pythia-410m,control,draw_3,0.2,676,3382,80581,0.008389074347550911,676,3382,525,3533,0.14859892442683273,0.15523358959195743,0.7766272189349113,0.25874815179891575
eap_ig,pythia-410m,control,draw_3,0.3,1015,3382,80581,0.012596021394621562,1015,3382,716,3681,0.19451236077152947,0.2117090479006505,0.7054187192118226,0.32567659768023655
eap_ig,pythia-410m,control,draw_3,0.5,1691,3382,80581,0.02098509574217247,1691,3382,1029,4044,0.25445103857566764,0.30425783560023656,0.6085156712004731,0.4056771141336487
eap_ig,pythia-410m,control,draw_3,0.75,2536,3382,80581,0.03147143867661111,2536,3382,1334,4584,0.29101221640488656,0.39444115907746896,0.5260252365930599,0.4508279824264954
eap_ig,pythia-410m,control,draw_3,1.0,3382,3382,80581,0.04197019148434494,3382,3382,1611,5153,0.3126334174267417,0.47634535777646364,0.47634535777646364,0.47634535777646364
eap_ig,pythia-410m,control,draw_3,1.5,5073,3382,80581,0.06295528722651741,5073,3382,2022,6433,0.3143168039794808,0.5978710821998817,0.3985807214665878,0.4782968657599054
eap_ig,pythia-410m,control,draw_3,2.0,6764,3382,80581,0.08394038296868989,6764,3382,2324,7822,0.29711071337253897,0.6871673565937315,0.34358367829686576,0.4581115710624877
eap_ig,pythia-410m,control,draw_3,3.0,10146,3382,80581,0.12591057445303483,10146,3382,2673,10855,0.246245969599263,0.7903607332939089,0.2634535777646363,0.39518036664695444
eap_ig,pythia-410m,control,draw_3,5.0,16910,3382,80581,0.20985095742172472,16910,3382,3040,17252,0.1762114537444934,0.898876404494382,0.1797752808988764,0.299625468164794
eap_ig,pythia-1b,low,draw_3,0.1,98,978,10009,0.009791187930862224,98,978,84,992,0.0846774193548387,0.08588957055214724,0.8571428571428571,0.15613382899628253
eap_ig,pythia-1b,low,draw_3,0.2,196,978,10009,0.019582375861724448,196,978,157,1017,0.1543756145526057,0.1605316973415133,0.8010204081632653,0.2674616695059625
eap_ig,pythia-1b,low,draw_3,0.3,293,978,10009,0.029273653711659506,293,978,219,1052,0.20817490494296578,0.22392638036809817,0.7474402730375427,0.34461054287962234
eap_ig,pythia-1b,low,draw_3,0.5,489,978,10009,0.048856029573383954,489,978,330,1137,0.29023746701846964,0.3374233128834356,0.6748466257668712,0.4498977505112474
eap_ig,pythia-1b,low,draw_3,0.75,734,978,10009,0.07333399940053952,734,978,440,1272,0.34591194968553457,0.4498977505112474,0.5994550408719346,0.514018691588785
eap_ig,pythia-1b,low,draw_3,1.0,978,978,10009,0.09771205914676791,978,978,534,1422,0.3755274261603376,0.5460122699386503,0.5460122699386503,0.5460122699386503
eap_ig,pythia-1b,low,draw_3,1.5,1467,978,10009,0.14656808872015187,1467,978,666,1779,0.37436762225969644,0.6809815950920245,0.4539877300613497,0.5447852760736196
eap_ig,pythia-1b,low,draw_3,2.0,1956,978,10009,0.19542411829353581,1956,978,757,2177,0.3477262287551677,0.7740286298568507,0.38701431492842536,0.5160190865712339
eap_ig,pythia-1b,low,draw_3,3.0,2934,978,10009,0.29313617744030374,2934,978,869,3043,0.28557344725599737,0.8885480572597138,0.2961826857532379,0.4442740286298569
eap_ig,pythia-1b,low,draw_3,5.0,4890,978,10009,0.4885602957338395,4890,978,942,4926,0.19123020706455543,0.9631901840490797,0.19263803680981595,0.3210633946830266
eap_ig,pythia-1b,medium,draw_3,0.1,90,900,10009,0.0089919072834449,90,900,79,911,0.0867178924259056,0.08777777777777777,0.8777777777777778,0.1595959595959596
eap_ig,pythia-1b,medium,draw_3,0.2,180,900,10009,0.0179838145668898,180,900,146,934,0.15631691648822268,0.1622222222222222,0.8111111111111111,0.27037037037037037
eap_ig,pythia-1b,medium,draw_3,0.3,270,900,10009,0.0269757218503347,270,900,203,967,0.20992761116856257,0.22555555555555556,0.7518518518518519,0.347008547008547
eap_ig,pythia-1b,medium,draw_3,0.5,450,900,10009,0.0449595364172245,450,900,308,1042,0.29558541266794625,0.3422222222222222,0.6844444444444444,0.4562962962962963
eap_ig,pythia-1b,medium,draw_3,0.75,675,900,10009,0.06743930462583675,675,900,404,1171,0.34500426985482496,0.4488888888888889,0.5985185185185186,0.513015873015873
eap_ig,pythia-1b,medium,draw_3,1.0,900,900,10009,0.089919072834449,900,900,474,1326,0.3574660633484163,0.5266666666666666,0.5266666666666666,0.5266666666666666
eap_ig,pythia-1b,medium,draw_3,1.5,1350,900,10009,0.1348786092516735,1350,900,595,1655,0.3595166163141994,0.6611111111111111,0.44074074074074077,0.5288888888888889
eap_ig,pythia-1b,medium,draw_3,2.0,1800,900,10009,0.179838145668898,1800,900,674,2026,0.33267522211253703,0.7488888888888889,0.37444444444444447,0.49925925925925924
eap_ig,pythia-1b,medium,draw_3,3.0,2700,900,10009,0.269757218503347,2700,900,758,2842,0.26671358198451794,0.8422222222222222,0.28074074074074074,0.4211111111111111
eap_ig,pythia-1b,medium,draw_3,5.0,4500,900,10009,0.449595364172245,4500,900,855,4545,0.18811881188118812,0.95,0.19,0.31666666666666665
eap_ig,pythia-1b,high,draw_3,0.1,94,945,10009,0.009391547607153562,94,945,75,964,0.07780082987551867,0.07936507936507936,0.7978723404255319,0.14436958614051973
eap_ig,pythia-1b,high,draw_3,0.2,189,945,10009,0.01888300529523429,189,945,143,991,0.1442986881937437,0.15132275132275133,0.7566137566137566,0.25220458553791886
eap_ig,pythia-1b,high,draw_3,0.3,284,945,10009,0.028374462983315016,284,945,197,1032,0.19089147286821706,0.20846560846560847,0.6936619718309859,0.3205858421480879
eap_ig,pythia-1b,high,draw_3,0.5,472,945,10009,0.04715755819762214,472,945,295,1122,0.2629233511586453,0.31216931216931215,0.625,0.4163726182074806
eap_ig,pythia-1b,high,draw_3,0.75,709,945,10009,0.07083624737736037,709,945,399,1255,0.3179282868525896,0.4222222222222222,0.5627644569816643,0.48246674727932287
eap_ig,pythia-1b,high,draw_3,1.0,945,945,10009,0.09441502647617145,945,945,476,1414,0.33663366336633666,0.5037037037037037,0.5037037037037037,0.5037037037037037
eap_ig,pythia-1b,high,draw_3,1.5,1418,945,10009,0.14167249475472074,1418,945,604,1759,0.343376918703809,0.6391534391534391,0.42595204513399154,0.5112145577655522
eap_ig,pythia-1b,high,draw_3,2.0,1890,945,10009,0.1888300529523429,1890,945,691,2144,0.322294776119403,0.7312169312169312,0.3656084656084656,0.4874779541446208
eap_ig,pythia-1b,high,draw_3,3.0,2835,945,10009,0.28324507942851435,2835,945,782,2998,0.2608405603735824,0.8275132275132275,0.2758377425044092,0.41375661375661377
eap_ig,pythia-1b,high,draw_3,5.0,4725,945,10009,0.47207513238085724,4725,945,884,4786,0.18470539072294193,0.9354497354497354,0.18708994708994708,0.3118165784832452
eap_ig,pythia-1b,very_high,draw_3,0.1,81,812,10009,0.00809271655510041,81,812,68,825,0.08242424242424243,0.08374384236453201,0.8395061728395061,0.1522956326987682
eap_ig,pythia-1b,very_high,draw_3,0.2,162,812,10009,0.01618543311020082,162,812,133,841,0.1581450653983353,0.16379310344827586,0.8209876543209876,0.2731006160164271
eap_ig,pythia-1b,very_high,draw_3,0.3,244,812,10009,0.024378059746228396,244,812,187,869,0.21518987341772153,0.23029556650246305,0.7663934426229508,0.3541666666666667
eap_ig,pythia-1b,very_high,draw_3,0.5,406,812,10009,0.04056349285642921,406,812,271,947,0.28616684266103487,0.33374384236453203,0.6674876847290641,0.44499178981937604
eap_ig,pythia-1b,very_high,draw_3,0.75,609,812,10009,0.06084523928464382,609,812,356,1065,0.3342723004694836,0.43842364532019706,0.5845648604269293,0.5010555946516537
eap_ig,pythia-1b,very_high,draw_3,1.0,812,812,10009,0.08112698571285842,812,812,426,1198,0.3555926544240401,0.5246305418719212,0.5246305418719212,0.5246305418719212
eap_ig,pythia-1b,very_high,draw_3,1.5,1218,812,10009,0.12169047856928764,1218,812,516,1514,0.34081902245706736,0.6354679802955665,0.4236453201970443,0.5083743842364532
eap_ig,pythia-1b,very_high,draw_3,2.0,1624,812,10009,0.16225397142571685,1624,812,593,1843,0.3217580032555616,0.7302955665024631,0.36514778325123154,0.48686371100164205
eap_ig,pythia-1b,very_high,draw_3,3.0,2436,812,10009,0.24338095713857527,2436,812,678,2570,0.26381322957198444,0.8349753694581281,0.27832512315270935,0.41748768472906406
eap_ig,pythia-1b,very_high,draw_3,5.0,4060,812,10009,0.4056349285642921,4060,812,754,4118,0.18309859154929578,0.9285714285714286,0.18571428571428572,0.30952380952380953
eap_ig,pythia-1b,control,draw_3,0.1,87,870,10009,0.008692177040663404,87,870,78,879,0.08873720136518772,0.0896551724137931,0.896551724137931,0.16300940438871472
eap_ig,pythia-1b,control,draw_3,0.2,174,870,10009,0.017384354081326808,174,870,149,895,0.1664804469273743,0.17126436781609194,0.8563218390804598,0.28544061302681994
eap_ig,pythia-1b,control,draw_3,0.3,261,870,10009,0.02607653112199021,261,870,202,929,0.21743810548977396,0.23218390804597702,0.7739463601532567,0.3572060123784262
eap_ig,pythia-1b,control,draw_3,0.5,435,870,10009,0.043460885203317014,435,870,292,1013,0.2882527147087858,0.335632183908046,0.671264367816092,0.4475095785440613
eap_ig,pythia-1b,control,draw_3,0.75,652,870,10009,0.06514137276451194,652,870,391,1131,0.34571175950486294,0.4494252873563218,0.5996932515337423,0.5137976346911958
eap_ig,pythia-1b,control,draw_3,1.0,870,870,10009,0.08692177040663403,870,870,464,1276,0.36363636363636365,0.5333333333333333,0.5333333333333333,0.5333333333333333
eap_ig,pythia-1b,control,draw_3,1.5,1305,870,10009,0.13038265560995105,1305,870,566,1609,0.3517712865133623,0.6505747126436782,0.4337164750957854,0.5204597701149425
eap_ig,pythia-1b,control,draw_3,2.0,1740,870,10009,0.17384354081326805,1740,870,657,1953,0.33640552995391704,0.7551724137931034,0.3775862068965517,0.503448275862069
eap_ig,pythia-1b,control,draw_3,3.0,2610,870,10009,0.2607653112199021,2610,870,748,2732,0.27379209370424595,0.8597701149425288,0.28659003831417623,0.4298850574712644
eap_ig,pythia-1b,control,draw_3,5.0,4350,870,10009,0.4346088520331701,4350,870,826,4394,0.18798361401911698,0.9494252873563218,0.18988505747126436,0.3164750957854406
eap_ig,pythia-1.4b,low,draw_3,0.1,260,2604,80581,0.0032265670567503506,260,2604,224,2640,0.08484848484848485,0.08602150537634409,0.8615384615384616,0.1564245810055866
eap_ig,pythia-1.4b,low,draw_3,0.2,521,2604,80581,0.006465543986795895,521,2604,392,2733,0.14343212586900841,0.15053763440860216,0.7523992322456814,0.25088
eap_ig,pythia-1.4b,low,draw_3,0.3,781,2604,80581,0.009692111043546246,781,2604,523,2862,0.18273934311670162,0.20084485407066052,0.6696542893725992,0.3090103397341211
eap_ig,pythia-1.4b,low,draw_3,0.5,1302,2604,80581,0.016157655030342142,1302,2604,753,3153,0.23882017126546146,0.2891705069124424,0.5783410138248848,0.38556067588325654
eap_ig,pythia-1.4b,low,draw_3,0.75,1953,2604,80581,0.02423648254551321,1953,2604,1002,3555,0.2818565400843882,0.3847926267281106,0.5130568356374808,0.4397630019749835
eap_ig,pythia-1.4b,low,draw_3,1.0,2604,2604,80581,0.032315310060684284,2604,2604,1201,4007,0.29972548040928376,0.4612135176651306,0.4612135176651306,0.4612135176651306
eap_ig,pythia-1.4b,low,draw_3,1.5,3906,2604,80581,0.04847296509102642,3906,2604,1475,5035,0.2929493545183714,0.5664362519201229,0.3776241679467486,0.45314900153609833
eap_ig,pythia-1.4b,low,draw_3,2.0,5208,2604,80581,0.06463062012136857,5208,2604,1670,6142,0.2718984044285249,0.641321044546851,0.3206605222734255,0.427547363031234
eap_ig,pythia-1.4b,low,draw_3,3.0,7812,2604,80581,0.09694593018205284,7812,2604,1926,8490,0.22685512367491167,0.7396313364055299,0.2465437788018433,0.36981566820276496
eap_ig,pythia-1.4b,low,draw_3,5.0,13020,2604,80581,0.1615765503034214,13020,2604,2224,13400,0.16597014925373135,0.8540706605222734,0.17081413210445467,0.2846902201740911
eap_ig,pythia-1.4b,medium,draw_3,0.1,245,2453,80581,0.0030404189573224457,245,2453,209,2489,0.08396946564885496,0.08520179372197309,0.8530612244897959,0.15492957746478872
eap_ig,pythia-1.4b,medium,draw_3,0.2,491,2453,80581,0.006093247787940085,491,2453,374,2570,0.14552529182879378,0.15246636771300448,0.7617107942973523,0.25407608695652173
eap_ig,pythia-1.4b,medium,draw_3,0.3,736,2453,80581,0.00913366674526253,736,2453,506,2683,0.18859485650391353,0.2062780269058296,0.6875,0.31734085920351207
eap_ig,pythia-1.4b,medium,draw_3,0.5,1226,2453,80581,0.015214504659907422,1226,2453,719,2960,0.2429054054054054,0.2931104769669792,0.5864600326264274,0.39086708344658877
eap_ig,pythia-1.4b,medium,draw_3,0.75,1840,2453,80581,0.022834166863156327,1840,2453,936,3357,0.27882037533512066,0.38157358336730535,0.508695652173913,0.4360587002096436
eap_ig,pythia-1.4b,medium,draw_3,1.0,2453,2453,80581,0.03044141919311004,2453,2453,1118,3788,0.295142555438226,0.4557684467998369,0.4557684467998369,0.4557684467998369
eap_ig,pythia-1.4b,medium,draw_3,1.5,3680,2453,80581,0.045668333726312654,3680,2453,1380,4753,0.2903429413002314,0.5625764370158989,0.375,0.45002445785097017
eap_ig,pythia-1.4b,medium,draw_3,2.0,4906,2453,80581,0.06088283838622008,4906,2453,1556,5803,0.2681371704290884,0.6343253159396657,0.31716265796983284,0.4228835439597771
eap_ig,pythia-1.4b,medium,draw_3,3.0,7359,2453,80581,0.09132425757933012,7359,2453,1817,7995,0.22726704190118824,0.7407256420709335,0.24690854735697784,0.37036282103546675
eap_ig,pythia-1.4b,medium,draw_3,5.0,12265,2453,80581,0.15220709596555018,12265,2453,2100,12618,0.16642891107941038,0.8560945780676722,0.17121891561353444,0.28536485935589073
eap_ig,pythia-1.4b,high,draw_3,0.1,212,2121,80581,0.002630893138581055,212,2121,172,2161,0.07959278111985192,0.0810938236680811,0.8113207547169812,0.14744963566223745
eap_ig,pythia-1.4b,high,draw_3,0.2,424,2121,80581,0.00526178627716211,424,2121,321,2224,0.1443345323741007,0.15134370579915135,0.7570754716981132,0.25225933202357564
eap_ig,pythia-1.4b,high,draw_3,0.3,636,2121,80581,0.007892679415743165,636,2121,437,2320,0.18836206896551724,0.20603488920320603,0.6871069182389937,0.31701124410591225
eap_ig,pythia-1.4b,high,draw_3,0.5,1060,2121,80581,0.013154465692905275,1060,2121,616,2565,0.24015594541910332,0.29042904290429045,0.5811320754716981,0.3872995913234832
eap_ig,pythia-1.4b,high,draw_3,0.75,1591,2121,80581,0.019744108412653106,1591,2121,785,2927,0.26819268875982233,0.3701084394153701,0.49340037712130735,0.4229525862068966
eap_ig,pythia-1.4b,high,draw_3,1.0,2121,2121,80581,0.026321341259105745,2121,2121,923,3319,0.27809581199156375,0.4351720886374352,0.4351720886374352,0.4351720886374352
eap_ig,pythia-1.4b,high,draw_3,1.5,3182,2121,80581,0.03948821682530621,3182,2121,1156,4147,0.2787557270315891,0.545025931164545,0.3632935260842238,0.4359796341693381
eap_ig,pythia-1.4b,high,draw_3,2.0,4242,2121,80581,0.05264268251821149,4242,2121,1317,5046,0.2609988109393579,0.620933521923621,0.3104667609618105,0.41395568128241395
eap_ig,pythia-1.4b,high,draw_3,3.0,6363,2121,80581,0.07896402377731723,6363,2121,1543,6941,0.22230226192191327,0.7274870344177274,0.2424956781392425,0.3637435172088637
eap_ig,pythia-1.4b,high,draw_3,5.0,10605,2121,80581,0.13160670629552873,10605,2121,1773,10953,0.161873459326212,0.8359264497878359,0.16718528995756718,0.27864214992927866
eap_ig,pythia-1.4b,very_high,draw_3,0.1,211,2108,80581,0.0026184832652858614,211,2108,184,2135,0.08618266978922717,0.0872865275142315,0.8720379146919431,0.1586890901250539
eap_ig,pythia-1.4b,very_high,draw_3,0.2,422,2108,80581,0.005236966530571723,422,2108,311,2219,0.14015322217214962,0.14753320683111953,0.7369668246445498,0.2458498023715415
eap_ig,pythia-1.4b,very_high,draw_3,0.3,632,2108,80581,0.00784303992256239,632,2108,423,2317,0.18256365990504964,0.20066413662239088,0.6693037974683544,0.30875912408759126
eap_ig,pythia-1.4b,very_high,draw_3,0.5,1054,2108,80581,0.013080006453134113,1054,2108,596,2566,0.23226812159002339,0.2827324478178368,0.5654648956356736,0.37697659709044906
eap_ig,pythia-1.4b,very_high,draw_3,0.75,1581,2108,80581,0.01962000967970117,1581,2108,759,2930,0.2590443686006826,0.3600569259962049,0.48007590132827327,0.4114936297099485
eap_ig,pythia-1.4b,very_high,draw_3,1.0,2108,2108,80581,0.026160012906268227,2108,2108,887,3329,0.2664463802943827,0.42077798861480076,0.42077798861480076,0.42077798861480076
eap_ig,pythia-1.4b,very_high,draw_3,1.5,3162,2108,80581,0.03924001935940234,3162,2108,1096,4174,0.2625778629611883,0.5199240986717267,0.3466160657811512,0.4159392789373814
eap_ig,pythia-1.4b,very_high,draw_3,2.0,4216,2108,80581,0.052320025812536454,4216,2108,1269,5055,0.2510385756676558,0.6019924098671727,0.30099620493358636,0.40132827324478176
eap_ig,pythia-1.4b,very_high,draw_3,3.0,6324,2108,80581,0.07848003871880468,6324,2108,1480,6952,0.21288837744533948,0.7020872865275142,0.23402909550917142,0.3510436432637571
eap_ig,pythia-1.4b,very_high,draw_3,5.0,10540,2108,80581,0.13080006453134113,10540,2108,1720,10928,0.15739385065885797,0.8159392789373814,0.16318785578747627,0.2719797596457938
eap_ig,pythia-1.4b,control,draw_3,0.1,201,2006,80581,0.002494384532333925,201,2006,167,2040,0.08186274509803922,0.08325024925224327,0.8308457711442786,0.15133665609424557
eap_ig,pythia-1.4b,control,draw_3,0.2,401,2006,80581,0.004976359191372656,401,2006,277,2130,0.13004694835680752,0.13808574277168495,0.6907730673316709,0.23016202742002492
eap_ig,pythia-1.4b,control,draw_3,0.3,602,2006,80581,0.007470743723706581,602,2006,396,2212,0.17902350813743217,0.19740777666999004,0.6578073089700996,0.30368098159509205
eap_ig,pythia-1.4b,control,draw_3,0.5,1003,2006,80581,0.012447102915079238,1003,2006,556,2453,0.22666123114553607,0.27716849451645065,0.5543369890329013,0.36955799268860084
eap_ig,pythia-1.4b,control,draw_3,0.75,1504,2006,80581,0.01866444943597126,1504,2006,716,2794,0.25626342161775234,0.35692921236291125,0.47606382978723405,0.407977207977208
eap_ig,pythia-1.4b,control,draw_3,1.0,2006,2006,80581,0.024894205830158476,2006,2006,850,3162,0.26881720430107525,0.423728813559322,0.423728813559322,0.423728813559322
eap_ig,pythia-1.4b,control,draw_3,1.5,3009,2006,80581,0.03734130874523771,3009,2006,1061,3954,0.26833586241780477,0.5289132602193419,0.352608840146228,0.4231306081754736
eap_ig,pythia-1.4b,control,draw_3,2.0,4012,2006,80581,0.04978841166031695,4012,2006,1215,4803,0.25296689569019365,0.6056829511465603,0.30284147557328017,0.4037886340977069
eap_ig,pythia-1.4b,control,draw_3,3.0,6018,2006,80581,0.07468261749047542,6018,2006,1417,6607,0.21446950204328744,0.7063808574277168,0.23546028580923895,0.3531904287138584
eap_ig,pythia-1.4b,control,draw_3,5.0,10030,2006,80581,0.12447102915079238,10030,2006,1682,10354,0.16244929495847016,0.8384845463609173,0.16769690927218345,0.2794948487869724
