model,draw,band,layer,mean_prob_correct,std_prob_correct,median_prob_correct
pythia-70m,draw_1,low,0,7.991129424844701e-10,9.605090944830863e-09,2.378679744731297e-16
pythia-70m,draw_1,low,1,5.494816690543303e-08,8.138900966514484e-07,5.88529185543247e-16
pythia-70m,draw_1,low,2,8.381735483453667e-07,1.131239150709007e-05,2.0401439055923315e-14
pythia-70m,draw_1,low,3,0.04509211704134941,0.18580295145511627,9.930671396318758e-09
pythia-70m,draw_1,low,4,0.14515621960163116,0.3189200758934021,6.987067081354326e-06
pythia-70m,draw_1,low,5,0.10048146545886993,0.18655018508434296,0.006975678727030754
pythia-70m,draw_1,medium,0,3.6579019706550753e-06,5.4685726354364306e-05,1.8688041593157325e-16
pythia-70m,draw_1,medium,1,1.3435379514703527e-05,0.0001962428941624239,1.3101067065511736e-15
pythia-70m,draw_1,medium,2,0.0012208860134705901,0.018263451755046844,1.1609753414708324e-13
pythia-70m,draw_1,medium,3,0.05750665068626404,0.2045017033815384,3.9166539522739185e-07
pythia-70m,draw_1,medium,4,0.20455095171928406,0.36717209219932556,0.0002757210750132799
pythia-70m,draw_1,medium,5,0.16941383481025696,0.24932903051376343,0.04212375357747078
pythia-70m,draw_1,high,0,0.00011629702930804342,0.0017403868259862065,6.16943731616016e-15
pythia-70m,draw_1,high,1,4.046167305205017e-06,4.569667362375185e-05,6.020943546660535e-15
pythia-70m,draw_1,high,2,1.2642053661693353e-06,1.0186082363361493e-05,9.769464561328392e-14
pythia-70m,draw_1,high,3,0.09490033239126205,0.25330764055252075,3.742465196410194e-06
pythia-70m,draw_1,high,4,0.2780885100364685,0.4042356014251709,0.004168943967670202
pythia-70m,draw_1,high,5,0.21505208313465118,0.27656319737434387,0.07040735334157944
pythia-70m,draw_1,very_high,0,8.95169989689748e-07,7.4665972533694e-06,2.3994083561923278e-14
pythia-70m,draw_1,very_high,1,1.2215431866025028e-07,1.0228861810901435e-06,7.591235311795591e-14
pythia-70m,draw_1,very_high,2,3.994879534729989e-06,3.387447213754058e-05,9.116671176659374e-14
pythia-70m,draw_1,very_high,3,0.1286081224679947,0.29110395908355713,0.00011447691213106737
pythia-70m,draw_1,very_high,4,0.38194119930267334,0.43362364172935486,0.074985571205616
pythia-70m,draw_1,very_high,5,0.26192763447761536,0.2666991949081421,0.1530773937702179
pythia-70m,draw_1,control,0,0.0001747711794450879,0.002573750214651227,2.0131635345300297e-14
pythia-70m,draw_1,control,1,3.796247369791672e-07,5.4143511079018936e-06,4.3733930593734677e-14
pythia-70m,draw_1,control,2,1.162884018413024e-06,1.5188783436315134e-05,7.406113211854554e-14
pythia-70m,draw_1,control,3,0.10720428824424744,0.26734432578086853,3.2421568903373554e-05
pythia-70m,draw_1,control,4,0.3469272553920746,0.41960325837135315,0.06139399856328964
pythia-70m,draw_1,control,5,0.2360408753156662,0.24100099503993988,0.1526387482881546
pythia-70m,draw_2,low,0,3.942197956963156e-10,3.881880150657935e-09,2.224171935427048e-16
pythia-70m,draw_2,low,1,4.643007756044426e-09,4.549366394712706e-08,1.78530722479565e-15
pythia-70m,draw_2,low,2,3.657916991528509e-08,3.629233731317072e-07,3.4375951250050635e-14
pythia-70m,draw_2,low,3,0.04236520081758499,0.181466743350029,4.194527747358734e-08
pythia-70m,draw_2,low,4,0.14118266105651855,0.3171393871307373,1.2555899047583807e-05
pythia-70m,draw_2,low,5,0.13357651233673096,0.229467511177063,0.018682222813367844
pythia-70m,draw_2,medium,0,3.366176087871153e-11,2.5539165227073113e-10,1.952782711475668e-16
pythia-70m,draw_2,medium,1,4.607930481625999e-09,4.871060355071677e-08,2.685091001724784e-16
pythia-70m,draw_2,medium,2,4.373474951080425e-07,5.126996256876737e-06,3.364573685171691e-15
pythia-70m,draw_2,medium,3,0.03561616316437721,0.16469797492027283,1.7493664472567616e-07
pythia-70m,draw_2,medium,4,0.186996191740036,0.35426855087280273,0.0002287258394062519
pythia-70m,draw_2,medium,5,0.16728168725967407,0.24427743256092072,0.02938028611242771
pythia-70m,draw_2,high,0,4.560936588404729e-07,5.2609957492677495e-06,2.31763270379414e-15
pythia-70m,draw_2,high,1,2.3014365524431923e-06,2.9015063773840666e-05,5.51436490464326e-15
pythia-70m,draw_2,high,2,7.290407211257843e-06,0.00010356672282796353,9.58174647481061e-14
pythia-70m,draw_2,high,3,0.09412963688373566,0.2546722888946533,7.892395842645783e-06
pythia-70m,draw_2,high,4,0.2856002748012543,0.40659016370773315,0.0062063317745924
pythia-70m,draw_2,high,5,0.20100098848342896,0.2440650910139084,0.08338391035795212
pythia-70m,draw_2,very_high,0,2.9969010029162746e-07,2.95359723168076e-06,4.510061825412949e-14
pythia-70m,draw_2,very_high,1,7.479875876015285e-06,0.00010436262527946383,4.6529905037458186e-14
pythia-70m,draw_2,very_high,2,1.4215753481039428e-06,1.801935286493972e-05,5.712265513033166e-13
pythia-70m,draw_2,very_high,3,0.11367323994636536,0.266729474067688,1.6263225916191004e-05
pythia-70m,draw_2,very_high,4,0.37185314297676086,0.42592960596084595,0.0979790911078453
pythia-70m,draw_2,very_high,5,0.2828298509120941,0.26549169421195984,0.20142506062984467
pythia-70m,draw_2,control,0,2.1431567347462988e-06,3.0396664442378096e-05,3.856129350836464e-14
pythia-70m,draw_2,control,1,6.023172005598099e-08,4.261375465830497e-07,7.399928516086882e-14
pythia-70m,draw_2,control,2,2.3003035494184587e-06,2.411212153674569e-05,7.487599949784762e-13
pythia-70m,draw_2,control,3,0.11255809664726257,0.266318142414093,3.6490211641648784e-05
pythia-70m,draw_2,control,4,0.3449653685092926,0.4249400794506073,0.019399195909500122
pythia-70m,draw_2,control,5,0.24140995740890503,0.2678059935569763,0.13232384622097015
pythia-70m,draw_3,low,0,2.274316202033333e-08,2.4453223090858955e-07,8.903344626580222e-17
pythia-70m,draw_3,low,1,1.0905421010676264e-09,1.3452880587294658e-08,1.930925423318465e-16
pythia-70m,draw_3,low,2,7.457560968759935e-07,9.839464837568812e-06,1.4104054024948603e-14
pythia-70m,draw_3,low,3,0.035511553287506104,0.15782564878463745,8.521173988640385e-09
pythia-70m,draw_3,low,4,0.10379402339458466,0.2729533016681671,9.200633712680428e-07
pythia-70m,draw_3,low,5,0.0973282977938652,0.19350901246070862,0.004125757142901421
pythia-70m,draw_3,medium,0,2.8119937489634594e-09,2.6160950739040345e-08,2.5453636526523264e-16
pythia-70m,draw_3,medium,1,1.908911286818693e-07,2.853442538253148e-06,1.123707789145445e-15
pythia-70m,draw_3,medium,2,0.00038708510692231357,0.005792935844510794,4.289913219037052e-14
pythia-70m,draw_3,medium,3,0.06668538600206375,0.23000088334083557,8.537238471717501e-08
pythia-70m,draw_3,medium,4,0.1819436103105545,0.34793373942375183,1.3595463315141387e-05
pythia-70m,draw_3,medium,5,0.1532532125711441,0.24111171066761017,0.023084795102477074
pythia-70m,draw_3,high,0,9.63588107083524e-08,1.28774252061703e-06,2.6402874586775637e-15
pythia-70m,draw_3,high,1,2.4626976369290787e-07,2.3008312837191625e-06,8.138164655244282e-15
pythia-70m,draw_3,high,2,6.387361963788862e-07,6.856487289041979e-06,2.9808336246377187e-13
pythia-70m,draw_3,high,3,0.0808614119887352,0.22890135645866394,2.2671574697596952e-06
pythia-70m,draw_3,high,4,0.26912379264831543,0.39568567276000977,0.005907387938350439
pythia-70m,draw_3,high,5,0.20309031009674072,0.24800309538841248,0.08865703642368317
pythia-70m,draw_3,very_high,0,4.595868858814356e-07,4.088415607839124e-06,8.247652642226141e-14
pythia-70m,draw_3,very_high,1,1.1697544550770544e-06,1.520999830972869e-05,6.189752215553929e-14
pythia-70m,draw_3,very_high,2,1.2660841093747877e-05,0.00018820278637576848,4.950052412237838e-13
pythia-70m,draw_3,very_high,3,0.14012911915779114,0.3042142689228058,9.847484034253284e-05
pythia-70m,draw_3,very_high,4,0.400007039308548,0.4298299551010132,0.12104340642690659
pythia-70m,draw_3,very_high,5,0.3005301356315613,0.258380264043808,0.2431722730398178
pythia-70m,draw_3,control,0,9.076078555381173e-08,7.884623300924432e-07,1.6197799191882724e-14
pythia-70m,draw_3,control,1,2.063229430859792e-06,2.7236555979470722e-05,6.785422375886474e-14
pythia-70m,draw_3,control,2,6.272445261856774e-06,8.731609705137089e-05,2.4604569683756017e-13
pythia-70m,draw_3,control,3,0.12999415397644043,0.28797629475593567,0.00013879247126169503
pythia-70m,draw_3,control,4,0.3808761537075043,0.4234018325805664,0.1384676843881607
pythia-70m,draw_3,control,5,0.27923455834388733,0.2631974518299103,0.192342147231102
pythia-160m,draw_1,low,0,0.00010906764509854838,0.0016151138115674257,2.434977566800889e-12
pythia-160m,draw_1,low,1,6.080485945858527e-06,8.957715181168169e-05,8.742866673683292e-12
pythia-160m,draw_1,low,2,0.0011705305660143495,0.01751844212412834,3.2438266482637257e-12
pythia-160m,draw_1,low,3,3.294983343948843e-06,3.978858148911968e-05,8.86984916396126e-14
pythia-160m,draw_1,low,4,0.00015851366333663464,0.001844589482061565,5.190445295788493e-10
pythia-160m,draw_1,low,5,0.022785920649766922,0.12262560427188873,6.4028877204691526e-06
pythia-160m,draw_1,low,6,0.016718314960598946,0.11333009600639343,1.1736965461750515e-06
pythia-160m,draw_1,low,7,0.003963417839258909,0.0225798599421978,3.652040504675824e-06
pythia-160m,draw_1,low,8,0.11049012094736099,0.2566486895084381,0.0019302364671602845
pythia-160m,draw_1,low,9,0.3937499523162842,0.4214906394481659,0.15142209827899933
pythia-160m,draw_1,low,10,0.6321854591369629,0.4143659472465515,0.9084716439247131
pythia-160m,draw_1,low,11,0.3933921158313751,0.25147515535354614,0.36992189288139343
pythia-160m,draw_1,medium,0,0.0023241210728883743,0.03477688878774643,2.7710821918353057e-12
pythia-160m,draw_1,medium,1,1.5298490325221792e-05,0.00020216467964928597,8.756707164936373e-12
pythia-160m,draw_1,medium,2,2.4308152205776423e-05,0.000340582657372579,1.8932158358381246e-12
pythia-160m,draw_1,medium,3,6.172685516503407e-06,5.565118772210553e-05,2.2938934280715417e-13
pythia-160m,draw_1,medium,4,0.0023044755216687918,0.024894557893276215,6.124231677340219e-10
pythia-160m,draw_1,medium,5,0.022434653714299202,0.09635840356349945,1.0246655619994272e-05
pythia-160m,draw_1,medium,6,0.010099746286869049,0.0676104798913002,3.4411402793921297e-06
pythia-160m,draw_1,medium,7,0.02013993449509144,0.10996990650892258,1.0337805179005954e-05
pythia-160m,draw_1,medium,8,0.1820107251405716,0.3377158045768738,0.0021894723176956177
pythia-160m,draw_1,medium,9,0.4593171179294586,0.4188389778137207,0.3492118716239929
pythia-160m,draw_1,medium,10,0.7270459532737732,0.3680998384952545,0.953313946723938
pythia-160m,draw_1,medium,11,0.4569638669490814,0.25751081109046936,0.453536719083786
pythia-160m,draw_1,high,0,4.512428131420165e-05,0.0004365279455669224,2.8928011028273026e-11
pythia-160m,draw_1,high,1,0.0006426228792406619,0.009160439483821392,1.0944976175375487e-10
pythia-160m,draw_1,high,2,0.0004110356094315648,0.005968482233583927,1.0983183980350919e-11
pythia-160m,draw_1,high,3,7.08725128788501e-05,0.000765428296290338,2.7942453038887205e-12
pythia-160m,draw_1,high,4,0.002799136331304908,0.04024055600166321,3.251883429200575e-09
pythia-160m,draw_1,high,5,0.0543135367333889,0.18853479623794556,4.152889232500456e-05
pythia-160m,draw_1,high,6,0.05725493282079697,0.19034355878829956,2.71850913122762e-05
pythia-160m,draw_1,high,7,0.04802386090159416,0.1614295244216919,4.6992925490485504e-05
pythia-160m,draw_1,high,8,0.26370659470558167,0.37307849526405334,0.03154090419411659
pythia-160m,draw_1,high,9,0.6111886501312256,0.41674602031707764,0.8355969786643982
pythia-160m,draw_1,high,10,0.8059552907943726,0.3409799337387085,0.9946554899215698
pythia-160m,draw_1,high,11,0.5130650401115417,0.26652956008911133,0.5466793179512024
pythia-160m,draw_1,very_high,0,2.9145178359613055e-06,2.9522698241635226e-05,4.959942873083989e-11
pythia-160m,draw_1,very_high,1,1.662396584833914e-06,1.555910421302542e-05,2.561417189461679e-10
pythia-160m,draw_1,very_high,2,5.691304977517575e-06,3.673882019938901e-05,3.461295139395304e-11
pythia-160m,draw_1,very_high,3,0.00012115918070776388,0.0016164043918251991,1.3133649549856852e-11
pythia-160m,draw_1,very_high,4,0.011735293082892895,0.0798666924238205,3.869544329404562e-08
pythia-160m,draw_1,very_high,5,0.10125961154699326,0.2607046663761139,0.00018395409279037267
pythia-160m,draw_1,very_high,6,0.09569751471281052,0.24012501537799835,0.00022689670731779188
pythia-160m,draw_1,very_high,7,0.09323875606060028,0.2329733520746231,0.0005285293445922434
pythia-160m,draw_1,very_high,8,0.2979559898376465,0.389255553483963,0.03450915217399597
pythia-160m,draw_1,very_high,9,0.6051508784294128,0.4004077911376953,0.7857363820075989
pythia-160m,draw_1,very_high,10,0.8248058557510376,0.3128759562969208,0.9946736693382263
pythia-160m,draw_1,very_high,11,0.5567763447761536,0.2542418837547302,0.5865092873573303
pythia-160m,draw_1,control,0,0.0004557729698717594,0.004838090855628252,2.169194164569621e-11
pythia-160m,draw_1,control,1,2.8073238354409114e-05,0.0002719279145821929,1.344106215217522e-10
pythia-160m,draw_1,control,2,7.258643108798424e-06,5.537298784474842e-05,1.0491080226771032e-11
pythia-160m,draw_1,control,3,8.837806490191724e-06,8.497391536366194e-05,4.168749546951123e-12
pythia-160m,draw_1,control,4,0.006055646110326052,0.04694461449980736,1.4489628163971702e-08
pythia-160m,draw_1,control,5,0.058437880128622055,0.18998010456562042,9.525161294732243e-05
pythia-160m,draw_1,control,6,0.044644203037023544,0.13835985958576202,5.9342619351809844e-05
pythia-160m,draw_1,control,7,0.06921689957380295,0.19105449318885803,0.00010730193753261119
pythia-160m,draw_1,control,8,0.28090059757232666,0.3731914460659027,0.028595829382538795
pythia-160m,draw_1,control,9,0.6333821415901184,0.4102131128311157,0.89384526014328
pythia-160m,draw_1,control,10,0.8163446187973022,0.32499295473098755,0.9951087832450867
pythia-160m,draw_1,control,11,0.5185838937759399,0.24480345845222473,0.5412610173225403
pythia-160m,draw_2,low,0,8.94980232146736e-08,9.75699549599085e-07,4.25592243738504e-12
pythia-160m,draw_2,low,1,2.590001031421707e-07,3.118022277703858e-06,1.5006659109806364e-11
pythia-160m,draw_2,low,2,8.568201792513719e-08,6.902208156134293e-07,8.066561307806808e-12
pythia-160m,draw_2,low,3,1.3317752518560155e-06,1.9679087927215733e-05,1.674508513620221e-13
pythia-160m,draw_2,low,4,0.004379251506179571,0.06301974505186081,4.4247369657135494e-10
pythia-160m,draw_2,low,5,0.02230936288833618,0.12943272292613983,7.664194527023938e-06
pythia-160m,draw_2,low,6,0.013949316926300526,0.10552480816841125,8.060681579991069e-07
pythia-160m,draw_2,low,7,0.013379674404859543,0.07506722956895828,1.282796688428789e-06
pythia-160m,draw_2,low,8,0.11728361248970032,0.2630879282951355,0.0005463173729367554
pythia-160m,draw_2,low,9,0.37360522150993347,0.40786847472190857,0.1428978592157364
pythia-160m,draw_2,low,10,0.6288539171218872,0.3981955945491791,0.8564053177833557
pythia-160m,draw_2,low,11,0.40681254863739014,0.26457422971725464,0.36694541573524475
pythia-160m,draw_2,medium,0,1.3543985005526338e-05,0.0001462070649722591,6.63844196627239e-12
pythia-160m,draw_2,medium,1,1.2173946970506222e-06,9.27427208807785e-06,4.914776571829371e-11
pythia-160m,draw_2,medium,2,5.014742782805115e-06,6.0730319091817364e-05,5.785334451086088e-12
pythia-160m,draw_2,medium,3,6.720290457451483e-07,5.867645541002275e-06,3.655753271717549e-13
pythia-160m,draw_2,medium,4,0.0007063780794851482,0.006728962063789368,8.812041651928837e-10
pythia-160m,draw_2,medium,5,0.03506280481815338,0.15507309138774872,1.1344302947691176e-05
pythia-160m,draw_2,medium,6,0.030093027278780937,0.1396496295928955,4.547641310637118e-06
pythia-160m,draw_2,medium,7,0.027014723047614098,0.11800511181354523,1.066712684405502e-05
pythia-160m,draw_2,medium,8,0.2285003662109375,0.35448166728019714,0.008561981841921806
pythia-160m,draw_2,medium,9,0.5421332716941833,0.41462036967277527,0.6559098362922668
pythia-160m,draw_2,medium,10,0.7467180490493774,0.3594810366630554,0.9696318507194519
pythia-160m,draw_2,medium,11,0.4541318416595459,0.2604096829891205,0.43104279041290283
pythia-160m,draw_2,high,0,1.1982422165601747e-06,1.1805215763160959e-05,2.0756949978273376e-11
pythia-160m,draw_2,high,1,2.2063163669372443e-06,1.991907811316196e-05,7.664655715666768e-11
pythia-160m,draw_2,high,2,1.5781673710080213e-06,1.530305416963529e-05,8.879097110336964e-12
pythia-160m,draw_2,high,3,1.1258608765274403e-06,1.2263133612577803e-05,1.6237408553138044e-12
pythia-160m,draw_2,high,4,0.0023568717297166586,0.03045595996081829,6.275337138816894e-09
pythia-160m,draw_2,high,5,0.05964472144842148,0.1968396157026291,3.195599856553599e-05
pythia-160m,draw_2,high,6,0.04897907003760338,0.17599478363990784,1.4581049072148744e-05
pythia-160m,draw_2,high,7,0.05613774433732033,0.17876388132572174,6.650171417277306e-05
pythia-160m,draw_2,high,8,0.26958930492401123,0.38079550862312317,0.016311373561620712
pythia-160m,draw_2,high,9,0.5993130207061768,0.4128287732601166,0.7985166907310486
pythia-160m,draw_2,high,10,0.7937952876091003,0.34035617113113403,0.9906328916549683
pythia-160m,draw_2,high,11,0.5075503587722778,0.2508217394351959,0.5236438512802124
pythia-160m,draw_2,very_high,0,0.0017696775030344725,0.025818442925810814,4.602995068436755e-11
pythia-160m,draw_2,very_high,1,0.0005366398836486042,0.007391194812953472,2.528799114553948e-10
pythia-160m,draw_2,very_high,2,4.163964695180766e-05,0.0005037738010287285,6.742709168783279e-11
pythia-160m,draw_2,very_high,3,1.2554225577332545e-05,0.0001570331514813006,1.1590770877811796e-11
pythia-160m,draw_2,very_high,4,0.005766561254858971,0.06501033157110214,8.475455359757689e-08
pythia-160m,draw_2,very_high,5,0.09396690875291824,0.25135716795921326,0.0003672232269309461
pythia-160m,draw_2,very_high,6,0.08700215071439743,0.23726794123649597,0.00025134620955213904
pythia-160m,draw_2,very_high,7,0.09739221632480621,0.24624735116958618,0.00023914698977023363
pythia-160m,draw_2,very_high,8,0.2920397222042084,0.39444878697395325,0.03409499302506447
pythia-160m,draw_2,very_high,9,0.618077278137207,0.4133831560611725,0.850021243095398
pythia-160m,draw_2,very_high,10,0.7999547719955444,0.3298662304878235,0.9952234625816345
pythia-160m,draw_2,very_high,11,0.5537492632865906,0.24781496822834015,0.6022874712944031
pythia-160m,draw_2,control,0,0.00016770783986430615,0.0021320818923413754,3.281548296985015e-11
pythia-160m,draw_2,control,1,8.844020339893177e-05,0.000914517033379525,2.3096478896089678e-10
pythia-160m,draw_2,control,2,1.938889363373164e-05,0.00026872765738517046,5.7084604404566974e-11
pythia-160m,draw_2,control,3,0.00010897795436903834,0.0015490090008825064,3.980246340851146e-11
pythia-160m,draw_2,control,4,0.006380297243595123,0.04113476723432541,6.333100088795618e-08
pythia-160m,draw_2,control,5,0.07896225154399872,0.21436896920204163,0.00023887903080321848
pythia-160m,draw_2,control,6,0.06740643829107285,0.19550642371177673,0.0003275555500295013
pythia-160m,draw_2,control,7,0.08866019546985626,0.2328532189130783,0.0003636572801042348
pythia-160m,draw_2,control,8,0.32048794627189636,0.3955170512199402,0.046038638800382614
pythia-160m,draw_2,control,9,0.6236310601234436,0.4078901410102844,0.844975471496582
pythia-160m,draw_2,control,10,0.7996097207069397,0.33231213688850403,0.9916565418243408
pythia-160m,draw_2,control,11,0.5159907937049866,0.23571349680423737,0.5345070362091064
pythia-160m,draw_3,low,0,1.6032804239785037e-07,2.0129484710196266e-06,3.778485770794537e-12
pythia-160m,draw_3,low,1,6.069328719604528e-07,7.3609962782938965e-06,9.786438152914467e-12
pythia-160m,draw_3,low,2,1.5591309647788876e-06,1.6381711247959174e-05,1.6619397915154654e-12
pythia-160m,draw_3,low,3,2.360013873214939e-08,2.418647966351273e-07,7.45384453487187e-14
pythia-160m,draw_3,low,4,9.129934915108606e-05,0.0008974746451713145,1.8896667564050063e-10
pythia-160m,draw_3,low,5,0.020810561254620552,0.10397892445325851,2.885275534936227e-06
pythia-160m,draw_3,low,6,0.015550509095191956,0.09571445733308792,4.502175841025746e-07
pythia-160m,draw_3,low,7,0.008185092359781265,0.05633770301938057,1.241285076503118e-06
pythia-160m,draw_3,low,8,0.16606278717517853,0.3043457567691803,0.0027624955400824547
pythia-160m,draw_3,low,9,0.37256231904029846,0.4142131805419922,0.124433733522892
pythia-160m,draw_3,low,10,0.5987877249717712,0.4157947301864624,0.7805145978927612
pythia-160m,draw_3,low,11,0.4056309461593628,0.2603844106197357,0.3686487078666687
pythia-160m,draw_3,medium,0,0.00015041575534269214,0.0022471609991043806,2.935349879829019e-12
pythia-160m,draw_3,medium,1,2.313563527422957e-05,0.0003416170075070113,1.5812075607191112e-11
pythia-160m,draw_3,medium,2,7.409577165162773e-07,9.97404640656896e-06,3.683178761981765e-12
pythia-160m,draw_3,medium,3,3.094689660088079e-08,2.6263981567353767e-07,3.2236070908985004e-13
pythia-160m,draw_3,medium,4,0.0011616963893175125,0.01691652648150921,2.2723363191090584e-09
pythia-160m,draw_3,medium,5,0.04211859777569771,0.17077581584453583,1.0815630048455205e-05
pythia-160m,draw_3,medium,6,0.014054867438971996,0.07528219372034073,2.861109123841743e-06
pythia-160m,draw_3,medium,7,0.008775978349149227,0.06441434472799301,7.5498992373468354e-06
pythia-160m,draw_3,medium,8,0.18667617440223694,0.3198435604572296,0.007191572804003954
pythia-160m,draw_3,medium,9,0.48868027329444885,0.42350685596466064,0.4297758936882019
pythia-160m,draw_3,medium,10,0.724400520324707,0.3719237744808197,0.9672880172729492
pythia-160m,draw_3,medium,11,0.45287585258483887,0.25643694400787354,0.4400826096534729
pythia-160m,draw_3,high,0,5.9306089497113135e-06,6.485365884145722e-05,2.425662275207241e-11
pythia-160m,draw_3,high,1,1.3657457202498335e-05,0.00012772432819474488,1.100948360255316e-10
pythia-160m,draw_3,high,2,1.333283944404684e-05,0.00010633937927195802,1.4858862404376616e-11
pythia-160m,draw_3,high,3,0.000302728614769876,0.004355734214186668,1.1144142249633338e-12
pythia-160m,draw_3,high,4,0.00820047315210104,0.07701348513364792,3.1892894991614185e-09
pythia-160m,draw_3,high,5,0.0648595318198204,0.1992504596710205,2.9379640182014555e-05
pythia-160m,draw_3,high,6,0.04154190048575401,0.17007304728031158,2.115747884090524e-05
pythia-160m,draw_3,high,7,0.038619838654994965,0.15221308171749115,2.3890605007181875e-05
pythia-160m,draw_3,high,8,0.22558212280273438,0.3485831320285797,0.012457849457859993
pythia-160m,draw_3,high,9,0.6027022004127502,0.41784682869911194,0.8176724314689636
pythia-160m,draw_3,high,10,0.7986981272697449,0.3346080482006073,0.99347323179245
pythia-160m,draw_3,high,11,0.502015233039856,0.25538840889930725,0.5226969122886658
pythia-160m,draw_3,very_high,0,0.0001282817975152284,0.0011052509071305394,5.3578332742665324e-11
pythia-160m,draw_3,very_high,1,1.8539789380156435e-05,0.00013579822552856058,6.411850494991711e-10
pythia-160m,draw_3,very_high,2,0.002326976042240858,0.02439381554722786,9.340696272008842e-11
pythia-160m,draw_3,very_high,3,0.0005901416298002005,0.006632508710026741,1.711834667073031e-11
pythia-160m,draw_3,very_high,4,0.0176430344581604,0.11046847701072693,5.304261208038952e-08
pythia-160m,draw_3,very_high,5,0.1171521469950676,0.2738373577594757,0.00021376696531660855
pythia-160m,draw_3,very_high,6,0.11461126804351807,0.2703860104084015,0.00017847823619376868
pythia-160m,draw_3,very_high,7,0.09763570874929428,0.24916163086891174,0.0002766321995295584
pythia-160m,draw_3,very_high,8,0.34772026538848877,0.4134097099304199,0.0875537171959877
pythia-160m,draw_3,very_high,9,0.5814434885978699,0.42719393968582153,0.7212958931922913
pythia-160m,draw_3,very_high,10,0.8231241703033447,0.3048487901687622,0.9928300976753235
pythia-160m,draw_3,very_high,11,0.5479662418365479,0.24896526336669922,0.5848012566566467
pythia-160m,draw_3,control,0,7.161772373365238e-05,0.000978119787760079,6.413593267584616e-11
pythia-160m,draw_3,control,1,0.0002183609176427126,0.0030639690812677145,2.1202087308047624e-10
pythia-160m,draw_3,control,2,1.6861224139574915e-05,0.00022014435671735555,3.6886448756545676e-11
pythia-160m,draw_3,control,3,0.00010862077760975808,0.0015951049281284213,7.188957762416237e-12
pythia-160m,draw_3,control,4,0.011913959868252277,0.08852098137140274,4.3056061826973746e-08
pythia-160m,draw_3,control,5,0.10962092131376266,0.27051761746406555,0.0003294136840850115
pythia-160m,draw_3,control,6,0.11016291379928589,0.2602294981479645,0.00015814756625331938
pythia-160m,draw_3,control,7,0.12540456652641296,0.27915969491004944,0.000557892897631973
pythia-160m,draw_3,control,8,0.34700140357017517,0.3938916325569153,0.14217720925807953
pythia-160m,draw_3,control,9,0.6929410099983215,0.39087629318237305,0.9488670229911804
pythia-160m,draw_3,control,10,0.8467702269554138,0.3010440170764923,0.9954207539558411
pythia-160m,draw_3,control,11,0.5175104141235352,0.24530212581157684,0.5380740165710449
pythia-410m,draw_1,low,0,3.112188551313011e-06,7.180898137448821e-06,4.419514141318359e-07
pythia-410m,draw_1,low,1,4.043279659526888e-06,9.565805157762952e-06,5.679302148564602e-07
pythia-410m,draw_1,low,2,5.0487460612202995e-06,1.4104943147685844e-05,6.149413707134954e-07
pythia-410m,draw_1,low,3,6.497716640296858e-06,2.6866931875701994e-05,5.707686909772747e-07
pythia-410m,draw_1,low,4,5.316755050444044e-06,1.730398253130261e-05,5.434524155134568e-07
pythia-410m,draw_1,low,5,2.4040634798438987e-06,6.278828550421167e-06,2.3733015552807046e-07
pythia-410m,draw_1,low,6,5.039134066464612e-06,2.9976345103932545e-05,3.5852957580573275e-07
pythia-410m,draw_1,low,7,8.213524779421277e-06,3.4938693715957925e-05,4.7187342033794266e-07
pythia-410m,draw_1,low,8,1.7191452570841648e-05,8.174277900252491e-05,9.963616776076378e-07
pythia-410m,draw_1,low,9,4.1713297832757235e-05,0.0003762149135582149,1.1185804851265857e-06
pythia-410m,draw_1,low,10,0.00033983358298428357,0.001921596471220255,1.616103145352099e-05
pythia-410m,draw_1,low,11,0.005748409312218428,0.02817574329674244,0.0003813680959865451
pythia-410m,draw_1,low,12,0.00471360981464386,0.022768953815102577,0.00043939490569755435
pythia-410m,draw_1,low,13,0.003344130702316761,0.010168480686843395,0.0004491046420298517
pythia-410m,draw_1,low,14,0.004819897469133139,0.01274640392512083,0.0007251084898598492
pythia-410m,draw_1,low,15,0.010240986943244934,0.02906794473528862,0.0012154508149251342
pythia-410m,draw_1,low,16,0.07633337378501892,0.15323950350284576,0.010387443006038666
pythia-410m,draw_1,low,17,0.20238669216632843,0.249285027384758,0.10637108981609344
pythia-410m,draw_1,low,18,0.2875898778438568,0.29031065106391907,0.18927352130413055
pythia-410m,draw_1,low,19,0.10243303328752518,0.16069771349430084,0.03608371317386627
pythia-410m,draw_1,low,20,0.0753745436668396,0.13704393804073334,0.027922283858060837
pythia-410m,draw_1,low,21,0.24808475375175476,0.2302044928073883,0.18397732079029083
pythia-410m,draw_1,low,22,0.5529205799102783,0.25825294852256775,0.5576788783073425
pythia-410m,draw_1,low,23,0.5790452361106873,0.2486347109079361,0.623812735080719
pythia-410m,draw_1,medium,0,5.693722778232768e-05,0.000742319505661726,5.538992695619527e-07
pythia-410m,draw_1,medium,1,9.706685887067579e-06,3.605259189498611e-05,7.260131837938388e-07
pythia-410m,draw_1,medium,2,1.0728376764745917e-05,3.285166167188436e-05,7.469544698324171e-07
pythia-410m,draw_1,medium,3,1.180191793537233e-05,5.6814922572812065e-05,8.476794732814597e-07
pythia-410m,draw_1,medium,4,7.709932106081396e-06,2.6110470571438782e-05,7.749428618808452e-07
pythia-410m,draw_1,medium,5,6.8860294959449675e-06,2.098902768921107e-05,4.640760664642585e-07
pythia-410m,draw_1,medium,6,1.4855130757496227e-05,5.6958862842293456e-05,7.753998829684861e-07
pythia-410m,draw_1,medium,7,5.402265378506854e-05,0.000392901711165905,1.5224430853777449e-06
pythia-410m,draw_1,medium,8,0.00022137517225928605,0.0026872227899730206,2.3966670141817303e-06
pythia-410m,draw_1,medium,9,0.00010976949852192774,0.0008851989405229688,3.9962083064892795e-06
pythia-410m,draw_1,medium,10,0.0009914531838148832,0.0063411458395421505,5.0125094276154414e-05
pythia-410m,draw_1,medium,11,0.005986007396131754,0.014959584921598434,0.0010966240661218762
pythia-410m,draw_1,medium,12,0.005501742474734783,0.025124840438365936,0.0008571785874664783
pythia-410m,draw_1,medium,13,0.004209344740957022,0.02358049526810646,0.0007750562508590519
pythia-410m,draw_1,medium,14,0.006477193906903267,0.02750690095126629,0.0009540150058455765
pythia-410m,draw_1,medium,15,0.021599169820547104,0.07692679017782211,0.0026083861012011766
pythia-410m,draw_1,medium,16,0.16868557035923004,0.24684955179691315,0.04555970057845116
pythia-410m,draw_1,medium,17,0.2851439118385315,0.2939850687980652,0.1639421135187149
pythia-410m,draw_1,medium,18,0.4016089141368866,0.2875869870185852,0.3702508211135864
pythia-410m,draw_1,medium,19,0.17924970388412476,0.21221990883350372,0.08194747567176819
pythia-410m,draw_1,medium,20,0.14590980112552643,0.18957164883613586,0.06251612305641174
pythia-410m,draw_1,medium,21,0.36817991733551025,0.2672439515590668,0.307954341173172
pythia-410m,draw_1,medium,22,0.6480755805969238,0.23537781834602356,0.6995621919631958
pythia-410m,draw_1,medium,23,0.5571964979171753,0.2539120316505432,0.6029586791992188
pythia-410m,draw_1,high,0,6.3583811424905434e-06,1.9919994883821346e-05,5.378872742767271e-07
pythia-410m,draw_1,high,1,8.452660949842539e-06,2.7523194148670882e-05,8.829763942230784e-07
pythia-410m,draw_1,high,2,1.145883015851723e-05,5.361922740121372e-05,8.255684633695637e-07
pythia-410m,draw_1,high,3,1.1472144251456484e-05,3.600994750740938e-05,1.0341371989852632e-06
pythia-410m,draw_1,high,4,1.85571625479497e-05,9.226561815012246e-05,1.1773163350881077e-06
pythia-410m,draw_1,high,5,1.3271432180772536e-05,5.5328502639895305e-05,8.531826551916311e-07
pythia-410m,draw_1,high,6,2.639379999891389e-05,0.00013840621977578849,1.8948035176435951e-06
pythia-410m,draw_1,high,7,3.2136438676388934e-05,0.0001228606270160526,2.9440238904498983e-06
pythia-410m,draw_1,high,8,4.7855257435003296e-05,0.00023173363297246397,3.3275975965807447e-06
pythia-410m,draw_1,high,9,7.316733535844833e-05,0.00020882763783447444,6.260235750232823e-06
pythia-410m,draw_1,high,10,0.0020799029152840376,0.011775588616728783,7.701660797465593e-05
pythia-410m,draw_1,high,11,0.015782423317432404,0.06287311017513275,0.0013989547733217478
pythia-410m,draw_1,high,12,0.011759902350604534,0.04921981692314148,0.0006580626941286027
pythia-410m,draw_1,high,13,0.0064636776223778725,0.02082316018640995,0.0007380316965281963
pythia-410m,draw_1,high,14,0.010851189494132996,0.048967257142066956,0.0012218740303069353
pythia-410m,draw_1,high,15,0.03384684771299362,0.09939007461071014,0.003378264605998993
pythia-410m,draw_1,high,16,0.23095285892486572,0.27348989248275757,0.10058858245611191
pythia-410m,draw_1,high,17,0.3590922951698303,0.31395062804222107,0.24497827887535095
pythia-410m,draw_1,high,18,0.513822615146637,0.3094289302825928,0.5506242513656616
pythia-410m,draw_1,high,19,0.3300854563713074,0.26101234555244446,0.2659536898136139
pythia-410m,draw_1,high,20,0.31692153215408325,0.2654147744178772,0.23989631235599518
pythia-410m,draw_1,high,21,0.5609340071678162,0.26689526438713074,0.6267915368080139
pythia-410m,draw_1,high,22,0.7512264847755432,0.21664969623088837,0.8159066438674927
pythia-410m,draw_1,high,23,0.5359876155853271,0.24915489554405212,0.550295889377594
pythia-410m,draw_1,very_high,0,1.836174851632677e-05,7.237129466375336e-05,8.870984515851887e-07
pythia-410m,draw_1,very_high,1,2.562059489719104e-05,0.00011853135947603732,1.0404936574559542e-06
pythia-410m,draw_1,very_high,2,2.2788703063270077e-05,0.00010005387593992054,1.1558969390534912e-06
pythia-410m,draw_1,very_high,3,6.649985152762383e-05,0.0004796455323230475,1.46238608067506e-06
pythia-410m,draw_1,very_high,4,0.00020776360179297626,0.00260641286149621,1.6005980114641716e-06
pythia-410m,draw_1,very_high,5,0.0005017977673560381,0.0070363557897508144,2.7183864403923508e-06
pythia-410m,draw_1,very_high,6,0.0003056476707570255,0.0037640549708157778,4.559488843369763e-06
pythia-410m,draw_1,very_high,7,0.00012448155030142516,0.0005457402439787984,4.019500465801684e-06
pythia-410m,draw_1,very_high,8,0.00020453031174838543,0.0015140427276492119,5.763237368228147e-06
pythia-410m,draw_1,very_high,9,0.0003031116502825171,0.0019982007797807455,9.567909728502855e-06
pythia-410m,draw_1,very_high,10,0.00502315117046237,0.02719081938266754,0.00015897041885182261
pythia-410m,draw_1,very_high,11,0.02916126884520054,0.09643175452947617,0.0029116638470441103
pythia-410m,draw_1,very_high,12,0.014865336939692497,0.05252857506275177,0.001155777252279222
pythia-410m,draw_1,very_high,13,0.011256382800638676,0.03051372990012169,0.0012438237899914384
pythia-410m,draw_1,very_high,14,0.01620037667453289,0.05043446272611618,0.0016622055554762483
pythia-410m,draw_1,very_high,15,0.07572614401578903,0.15007337927818298,0.01052823569625616
pythia-410m,draw_1,very_high,16,0.39424410462379456,0.3259166479110718,0.3273684084415436
pythia-410m,draw_1,very_high,17,0.5161487460136414,0.3220796585083008,0.5156228542327881
pythia-410m,draw_1,very_high,18,0.6172793507575989,0.31202876567840576,0.7377657890319824
pythia-410m,draw_1,very_high,19,0.5045318007469177,0.2912115454673767,0.5334364175796509
pythia-410m,draw_1,very_high,20,0.5268269777297974,0.27413561940193176,0.5490463972091675
pythia-410m,draw_1,very_high,21,0.7078712582588196,0.22453565895557404,0.7696279287338257
pythia-410m,draw_1,very_high,22,0.8067980408668518,0.19821704924106598,0.8777741193771362
pythia-410m,draw_1,very_high,23,0.5112500786781311,0.2448873370885849,0.5214361548423767
pythia-410m,draw_1,control,0,1.0013175597123336e-05,3.4690816391957924e-05,8.537114126738743e-07
pythia-410m,draw_1,control,1,1.6413017874583602e-05,5.8648205595090985e-05,9.070190003512835e-07
pythia-410m,draw_1,control,2,1.99039659491973e-05,8.279172470793128e-05,9.50885066686169e-07
pythia-410m,draw_1,control,3,5.214823977439664e-05,0.00039002878475002944,1.3765285302724806e-06
pythia-410m,draw_1,control,4,8.49974894663319e-05,0.0006598325562663376,1.615455971659685e-06
pythia-410m,draw_1,control,5,0.0003069971571676433,0.0035770840477198362,1.3820792901242385e-06
pythia-410m,draw_1,control,6,0.000340543978381902,0.0029400065541267395,3.3732881092873868e-06
pythia-410m,draw_1,control,7,0.00015166302910074592,0.0008145254687406123,4.879008884017821e-06
pythia-410m,draw_1,control,8,0.0001168470989796333,0.00042602961184456944,4.574628746922826e-06
pythia-410m,draw_1,control,9,0.00023783711367286742,0.0010219509713351727,7.350004125328269e-06
pythia-410m,draw_1,control,10,0.005775081925094128,0.030770406126976013,0.00013026950182393193
pythia-410m,draw_1,control,11,0.020987534895539284,0.07160817831754684,0.002208366058766842
pythia-410m,draw_1,control,12,0.015195858664810658,0.05549243465065956,0.0008993467781692743
pythia-410m,draw_1,control,13,0.00850156880915165,0.029267698526382446,0.0010064290836453438
pythia-410m,draw_1,control,14,0.012589629739522934,0.03735631704330444,0.001909062615595758
pythia-410m,draw_1,control,15,0.05254591628909111,0.12184920907020569,0.007896952331066132
pythia-410m,draw_1,control,16,0.3263872563838959,0.3047719895839691,0.23041439056396484
pythia-410m,draw_1,control,17,0.44934770464897156,0.32805290818214417,0.43073830008506775
pythia-410m,draw_1,control,18,0.5604930520057678,0.3163526654243469,0.6679432988166809
pythia-410m,draw_1,control,19,0.440852552652359,0.29299503564834595,0.447579950094223
pythia-410m,draw_1,control,20,0.43986207246780396,0.2819385528564453,0.4380050003528595
pythia-410m,draw_1,control,21,0.6187800168991089,0.25939586758613586,0.6672732830047607
pythia-410m,draw_1,control,22,0.7713726162910461,0.21563437581062317,0.8575061559677124
pythia-410m,draw_1,control,23,0.4892524182796478,0.23488417267799377,0.491506427526474
pythia-410m,draw_2,low,0,9.69415941654006e-06,9.285575652029365e-05,3.95695849420008e-07
pythia-410m,draw_2,low,1,7.3770975177467335e-06,4.5040629629511386e-05,5.424767550721299e-07
pythia-410m,draw_2,low,2,7.386673587461701e-06,2.897428748838138e-05,6.101363965171913e-07
pythia-410m,draw_2,low,3,7.198410457931459e-06,2.489100552338641e-05,5.599538326350739e-07
pythia-410m,draw_2,low,4,7.495375029975548e-06,2.3423825041390955e-05,7.608606438225252e-07
pythia-410m,draw_2,low,5,4.777719368576072e-06,2.355997457925696e-05,3.413534841456567e-07
pythia-410m,draw_2,low,6,8.090015398920514e-06,4.3054387788288295e-05,5.136987510923063e-07
pythia-410m,draw_2,low,7,1.5449142665602267e-05,7.376990834018216e-05,5.869029564564698e-07
pythia-410m,draw_2,low,8,4.885334419668652e-05,0.000498526671435684,1.4143075759420753e-06
pythia-410m,draw_2,low,9,0.00016377732390537858,0.002177912974730134,2.0365771433716873e-06
pythia-410m,draw_2,low,10,0.0009424331947229803,0.010765422135591507,2.2173138859216124e-05
pythia-410m,draw_2,low,11,0.007031163666397333,0.04356164485216141,0.0006263841642066836
pythia-410m,draw_2,low,12,0.005637329071760178,0.02628128044307232,0.000729365972802043
pythia-410m,draw_2,low,13,0.002805242082104087,0.0061028264462947845,0.0006603799993172288
pythia-410m,draw_2,low,14,0.0059953415766358376,0.015509920194745064,0.0012430537026375532
pythia-410m,draw_2,low,15,0.015057647600769997,0.04683166742324829,0.0022692859638482332
pythia-410m,draw_2,low,16,0.10406627506017685,0.18435855209827423,0.02575017139315605
pythia-410m,draw_2,low,17,0.25885123014450073,0.28455305099487305,0.13990357518196106
pythia-410m,draw_2,low,18,0.3531928062438965,0.2949999272823334,0.2808421552181244
pythia-410m,draw_2,low,19,0.13235710561275482,0.1800227165222168,0.05345458164811134
pythia-410m,draw_2,low,20,0.09556562453508377,0.1328682154417038,0.04159185662865639
pythia-410m,draw_2,low,21,0.31250661611557007,0.2532578408718109,0.26284170150756836
pythia-410m,draw_2,low,22,0.6036077737808228,0.2726002633571625,0.6525392532348633
pythia-410m,draw_2,low,23,0.6338003277778625,0.23802633583545685,0.6750102043151855
pythia-410m,draw_2,medium,0,6.78856758895563e-06,3.561462290235795e-05,3.982473799624131e-07
pythia-410m,draw_2,medium,1,6.839324214524822e-06,2.2726739189238288e-05,7.27446945347765e-07
pythia-410m,draw_2,medium,2,9.772278644959442e-06,3.5224362363805994e-05,7.549654696958896e-07
pythia-410m,draw_2,medium,3,1.3255238627607469e-05,5.657110523316078e-05,7.212775017251261e-07
pythia-410m,draw_2,medium,4,1.0959724022541195e-05,5.143471571500413e-05,6.472903351095738e-07
pythia-410m,draw_2,medium,5,2.1852054487681016e-05,0.00018378053209744394,3.154337662181206e-07
pythia-410m,draw_2,medium,6,2.3060643798089586e-05,0.00014729579561389983,5.717489557355293e-07
pythia-410m,draw_2,medium,7,5.854924165760167e-05,0.0005178789142519236,1.2675741345447022e-06
pythia-410m,draw_2,medium,8,3.463112443569116e-05,0.00018324449774809182,2.4166013190551894e-06
pythia-410m,draw_2,medium,9,5.0746151828207076e-05,0.0002664642524905503,3.947760433220537e-06
pythia-410m,draw_2,medium,10,0.00047867701505310833,0.0022030535619705915,4.7264140448533e-05
pythia-410m,draw_2,medium,11,0.006278275512158871,0.017695428803563118,0.00100533792283386
pythia-410m,draw_2,medium,12,0.004926439840346575,0.015494883991777897,0.0008067195885814726
pythia-410m,draw_2,medium,13,0.0044633857905864716,0.016239749267697334,0.000583446177188307
pythia-410m,draw_2,medium,14,0.006388961803168058,0.016777118667960167,0.0010531709995120764
pythia-410m,draw_2,medium,15,0.021329864859580994,0.060761384665966034,0.0023217464331537485
pythia-410m,draw_2,medium,16,0.1423298716545105,0.2173653393983841,0.026919038966298103
pythia-410m,draw_2,medium,17,0.2516215145587921,0.28283435106277466,0.12826398015022278
pythia-410m,draw_2,medium,18,0.36758971214294434,0.27889084815979004,0.30970606207847595
pythia-410m,draw_2,medium,19,0.17593644559383392,0.21111305058002472,0.08819563686847687
pythia-410m,draw_2,medium,20,0.1525658667087555,0.19773809611797333,0.07364368438720703
pythia-410m,draw_2,medium,21,0.3791196942329407,0.26364457607269287,0.3306514322757721
pythia-410m,draw_2,medium,22,0.6440853476524353,0.2399342954158783,0.717681884765625
pythia-410m,draw_2,medium,23,0.5477949976921082,0.24701911211013794,0.5632630586624146
pythia-410m,draw_2,high,0,3.7514011637540534e-05,0.0002432951150694862,7.697485102653445e-07
pythia-410m,draw_2,high,1,3.518992889439687e-05,0.0002023628621827811,9.940446261680336e-07
pythia-410m,draw_2,high,2,3.2612013455946e-05,0.000191537692444399,1.0288739531461033e-06
pythia-410m,draw_2,high,3,3.456269405432977e-05,0.00019529911514837295,1.2493439953686902e-06
pythia-410m,draw_2,high,4,1.4705861758557148e-05,5.048269667895511e-05,1.2670154774241382e-06
pythia-410m,draw_2,high,5,3.898254726664163e-05,0.00022200973762664944,1.029497639137844e-06
pythia-410m,draw_2,high,6,2.8923330319230445e-05,0.00010302841110387817,2.3965906166267814e-06
pythia-410m,draw_2,high,7,3.6408400774234906e-05,0.00016365028568543494,2.8387153179210145e-06
pythia-410m,draw_2,high,8,4.9622016376815736e-05,0.00021273005404509604,3.9916144487506244e-06
pythia-410m,draw_2,high,9,0.00010066430695587769,0.0004769347724504769,6.36121603747597e-06
pythia-410m,draw_2,high,10,0.0019369786605238914,0.015390570275485516,7.599531818414107e-05
pythia-410m,draw_2,high,11,0.012324937619268894,0.039332009851932526,0.0012773663038387895
pythia-410m,draw_2,high,12,0.007234273478388786,0.03371637314558029,0.0007183701964095235
pythia-410m,draw_2,high,13,0.005936061963438988,0.023349758237600327,0.0006344811408780515
pythia-410m,draw_2,high,14,0.012175001204013824,0.04605422541499138,0.0010188414016738534
pythia-410m,draw_2,high,15,0.036011118441820145,0.09187756478786469,0.004075208213180304
pythia-410m,draw_2,high,16,0.2525273859500885,0.28762662410736084,0.12387115508317947
pythia-410m,draw_2,high,17,0.3540937304496765,0.31494444608688354,0.24691054224967957
pythia-410m,draw_2,high,18,0.48766812682151794,0.3119335174560547,0.5352001190185547
pythia-410m,draw_2,high,19,0.30789411067962646,0.2590949535369873,0.2226952612400055
pythia-410m,draw_2,high,20,0.3079968988895416,0.2505599558353424,0.23817332088947296
pythia-410m,draw_2,high,21,0.5436356067657471,0.2640274167060852,0.5734455585479736
pythia-410m,draw_2,high,22,0.7412503957748413,0.22892633080482483,0.8269817233085632
pythia-410m,draw_2,high,23,0.5262516140937805,0.24026939272880554,0.5346652865409851
pythia-410m,draw_2,very_high,0,1.795012940419838e-05,0.00017850182484835386,8.219807909881638e-07
pythia-410m,draw_2,very_high,1,1.3665624464920256e-05,6.196813774295151e-05,9.998209407058312e-07
pythia-410m,draw_2,very_high,2,1.4659767657576595e-05,7.351460226345807e-05,1.1679942417686107e-06
pythia-410m,draw_2,very_high,3,2.9736107535427436e-05,0.00018935813568532467,1.417826297256397e-06
pythia-410m,draw_2,very_high,4,2.496947672625538e-05,0.00013929794658906758,1.4402871784113813e-06
pythia-410m,draw_2,very_high,5,2.9618442567880265e-05,9.325382416136563e-05,1.600640757715155e-06
pythia-410m,draw_2,very_high,6,6.262336682993919e-05,0.0002028431772487238,3.29087538375461e-06
pythia-410m,draw_2,very_high,7,5.309121115715243e-05,0.00029241963056847453,4.2433566704858094e-06
pythia-410m,draw_2,very_high,8,0.0001255956303793937,0.0006244974210858345,5.489458089869004e-06
pythia-410m,draw_2,very_high,9,0.0001606862642802298,0.0006638681516051292,1.2321317626629025e-05
pythia-410m,draw_2,very_high,10,0.0049035390838980675,0.021733252331614494,0.00016661753761582077
pythia-410m,draw_2,very_high,11,0.030232079327106476,0.08880195766687393,0.002565343864262104
pythia-410m,draw_2,very_high,12,0.018463201820850372,0.08186768740415573,0.0014891381142660975
pythia-410m,draw_2,very_high,13,0.01032226998358965,0.05513199046254158,0.0010927928378805518
pythia-410m,draw_2,very_high,14,0.01723019964993,0.061991650611162186,0.0015119964955374599
pythia-410m,draw_2,very_high,15,0.09059136360883713,0.18161611258983612,0.010136470198631287
pythia-410m,draw_2,very_high,16,0.40925681591033936,0.33015385270118713,0.4030052721500397
pythia-410m,draw_2,very_high,17,0.4931589365005493,0.3347248136997223,0.5018531680107117
pythia-410m,draw_2,very_high,18,0.5801970958709717,0.3452010154724121,0.6799919605255127
pythia-410m,draw_2,very_high,19,0.485489159822464,0.3044598400592804,0.5157467126846313
pythia-410m,draw_2,very_high,20,0.5150121450424194,0.2905759811401367,0.5564091801643372
pythia-410m,draw_2,very_high,21,0.6726619005203247,0.2567465901374817,0.7543342113494873
pythia-410m,draw_2,very_high,22,0.7897178530693054,0.2248852550983429,0.8848480582237244
pythia-410m,draw_2,very_high,23,0.49977126717567444,0.23498505353927612,0.513566792011261
pythia-410m,draw_2,control,0,1.4872469364490826e-05,7.725131581537426e-05,8.165605436261103e-07
pythia-410m,draw_2,control,1,1.7048687368514948e-05,6.495644629467279e-05,7.934857535474293e-07
pythia-410m,draw_2,control,2,1.69774593814509e-05,5.562819933402352e-05,9.503250453235523e-07
pythia-410m,draw_2,control,3,2.679037606867496e-05,0.00016153091564774513,1.2196912848594366e-06
pythia-410m,draw_2,control,4,3.503333209664561e-05,0.00022899780014995486,1.433682996321295e-06
pythia-410m,draw_2,control,5,3.575949085643515e-05,0.00016707545728422701,1.191291858049226e-06
pythia-410m,draw_2,control,6,8.750773122301325e-05,0.0005861590034328401,3.0991645871836226e-06
pythia-410m,draw_2,control,7,6.235238106455654e-05,0.00026824595988728106,4.120378434890881e-06
pythia-410m,draw_2,control,8,7.776119309710339e-05,0.0002405248087598011,5.356685960578034e-06
pythia-410m,draw_2,control,9,0.00019115216855425388,0.0014990594936534762,7.339998319366714e-06
pythia-410m,draw_2,control,10,0.0027150765527039766,0.010391229763627052,0.00010785742051666602
pythia-410m,draw_2,control,11,0.025950003415346146,0.08035527914762497,0.0019739025738090277
pythia-410m,draw_2,control,12,0.015057864598929882,0.049946799874305725,0.000921477098017931
pythia-410m,draw_2,control,13,0.008222993463277817,0.020149650052189827,0.0009932536631822586
pythia-410m,draw_2,control,14,0.01734011061489582,0.0614602155983448,0.001511883456259966
pythia-410m,draw_2,control,15,0.04876842349767685,0.1182277500629425,0.006576048210263252
pythia-410m,draw_2,control,16,0.3635866940021515,0.3223942816257477,0.2803567945957184
pythia-410m,draw_2,control,17,0.49977532029151917,0.337378591299057,0.5502326488494873
pythia-410m,draw_2,control,18,0.5735543966293335,0.33436787128448486,0.6262649893760681
pythia-410m,draw_2,control,19,0.470951110124588,0.3055630624294281,0.48054617643356323
pythia-410m,draw_2,control,20,0.4720473885536194,0.2965506613254547,0.4675256907939911
pythia-410m,draw_2,control,21,0.6579257249832153,0.2603788673877716,0.724582850933075
pythia-410m,draw_2,control,22,0.772063672542572,0.21306423842906952,0.850789487361908
pythia-410m,draw_2,control,23,0.48363199830055237,0.21639974415302277,0.4697894752025604
pythia-410m,draw_3,low,0,3.5379871405893937e-06,1.2901452464575414e-05,3.483075659005408e-07
pythia-410m,draw_3,low,1,3.968218152294867e-06,1.3164277333999053e-05,5.374110969569301e-07
pythia-410m,draw_3,low,2,4.135801191296196e-06,1.3076978575554676e-05,6.06877222253388e-07
pythia-410m,draw_3,low,3,4.165666268818313e-06,1.3200706234783866e-05,4.3907786562158435e-07
pythia-410m,draw_3,low,4,4.013505986222299e-06,1.2118242011638358e-05,4.711391738965176e-07
pythia-410m,draw_3,low,5,2.32759271057148e-06,7.971992090460844e-06,2.079157326306813e-07
pythia-410m,draw_3,low,6,3.164555209878017e-06,1.165238154499093e-05,2.8790196893169195e-07
pythia-410m,draw_3,low,7,8.19338583823992e-06,3.147628012811765e-05,6.550895932377898e-07
pythia-410m,draw_3,low,8,1.605722718522884e-05,7.741430454188958e-05,1.4802642454014858e-06
pythia-410m,draw_3,low,9,2.1173394998186268e-05,0.0001043691227096133,1.8110357586920145e-06
pythia-410m,draw_3,low,10,0.0002142039011232555,0.0008792662993073463,2.208334262832068e-05
pythia-410m,draw_3,low,11,0.007008430082350969,0.04478391259908676,0.0005733874277211726
pythia-410m,draw_3,low,12,0.007105806842446327,0.04401588812470436,0.000556590617634356
pythia-410m,draw_3,low,13,0.006924262270331383,0.040512241423130035,0.0006403080769814551
pythia-410m,draw_3,low,14,0.010591213591396809,0.05657405033707619,0.0009528935770504177
pythia-410m,draw_3,low,15,0.01990731619298458,0.09718294441699982,0.0016712697688490152
pythia-410m,draw_3,low,16,0.08261129260063171,0.16263628005981445,0.018959343433380127
pythia-410m,draw_3,low,17,0.19263987243175507,0.24426232278347015,0.08674416691064835
pythia-410m,draw_3,low,18,0.30292201042175293,0.27723798155784607,0.19418008625507355
pythia-410m,draw_3,low,19,0.11720843613147736,0.1751398891210556,0.04081341624259949
pythia-410m,draw_3,low,20,0.0940980464220047,0.1523311287164688,0.03065459616482258
pythia-410m,draw_3,low,21,0.2640032172203064,0.23615619540214539,0.17588941752910614
pythia-410m,draw_3,low,22,0.5678567290306091,0.2489478886127472,0.5760542750358582
pythia-410m,draw_3,low,23,0.6212003827095032,0.24607451260089874,0.676508367061615
pythia-410m,draw_3,medium,0,2.667387161636725e-05,0.00033885272569023073,5.715584734389267e-07
pythia-410m,draw_3,medium,1,1.7496726286481135e-05,0.0001915290195029229,9.372817544317513e-07
pythia-410m,draw_3,medium,2,1.6004729332053103e-05,0.00015975951100699604,1.122645016948809e-06
pythia-410m,draw_3,medium,3,1.2764925486408174e-05,0.00012328328739386052,8.78734283560334e-07
pythia-410m,draw_3,medium,4,2.133240741386544e-05,0.00025564790121279657,9.75229909272457e-07
pythia-410m,draw_3,medium,5,4.985260602552444e-06,3.062757241423242e-05,5.125064603817009e-07
pythia-410m,draw_3,medium,6,6.251890226849355e-06,1.9439428797340952e-05,9.19973047075473e-07
pythia-410m,draw_3,medium,7,1.607172998774331e-05,5.812986637465656e-05,1.3099611351208296e-06
pythia-410m,draw_3,medium,8,7.081478543113917e-05,0.00060889997985214,1.5497108734052745e-06
pythia-410m,draw_3,medium,9,6.5790161897894e-05,0.00044486895785667,2.2448218714998802e-06
pythia-410m,draw_3,medium,10,0.0005643335753120482,0.003118423977866769,3.644110984168947e-05
pythia-410m,draw_3,medium,11,0.006538852583616972,0.01957249455153942,0.0006930928793735802
pythia-410m,draw_3,medium,12,0.006006614305078983,0.021465329453349113,0.00042660790495574474
pythia-410m,draw_3,medium,13,0.004234960302710533,0.013842383399605751,0.0003932837280444801
pythia-410m,draw_3,medium,14,0.006938713602721691,0.03697323799133301,0.0007349380757659674
pythia-410m,draw_3,medium,15,0.01990160532295704,0.07320671528577805,0.001880820607766509
pythia-410m,draw_3,medium,16,0.1149180456995964,0.19223858416080475,0.028600091114640236
pythia-410m,draw_3,medium,17,0.22388087213039398,0.26097360253334045,0.0984078124165535
pythia-410m,draw_3,medium,18,0.32233747839927673,0.28296926617622375,0.21322856843471527
pythia-410m,draw_3,medium,19,0.14803393185138702,0.18401816487312317,0.058931268751621246
pythia-410m,draw_3,medium,20,0.12017130851745605,0.16256366670131683,0.04764542728662491
pythia-410m,draw_3,medium,21,0.33911970257759094,0.26559507846832275,0.2770778238773346
pythia-410m,draw_3,medium,22,0.6187979578971863,0.25820863246917725,0.6751551032066345
pythia-410m,draw_3,medium,23,0.5524665713310242,0.260358601808548,0.5779812335968018
pythia-410m,draw_3,high,0,1.467661695642164e-05,5.9903322835452855e-05,7.939490274111449e-07
pythia-410m,draw_3,high,1,2.1024483430664986e-05,0.00015106347564142197,9.045078854796884e-07
pythia-410m,draw_3,high,2,1.8580452888272703e-05,0.0001002503267955035,9.505993148195557e-07
pythia-410m,draw_3,high,3,1.6026913726818748e-05,6.0359863709891215e-05,8.637114774501242e-07
pythia-410m,draw_3,high,4,1.615969267731998e-05,5.6033171858871356e-05,9.349641914013773e-07
pythia-410m,draw_3,high,5,2.341088475077413e-05,0.0001488151610828936,9.22082733723073e-07
pythia-410m,draw_3,high,6,4.340566010796465e-05,0.0003061231109313667,1.7711091686578584e-06
pythia-410m,draw_3,high,7,0.000642032828181982,0.008927706629037857,3.457090315350797e-06
pythia-410m,draw_3,high,8,0.0005642708274535835,0.006672891788184643,4.214321052131709e-06
pythia-410m,draw_3,high,9,0.0007213770877569914,0.008063466288149357,7.196470960479928e-06
pythia-410m,draw_3,high,10,0.004334989003837109,0.044302091002464294,9.615886665415019e-05
pythia-410m,draw_3,high,11,0.014719437807798386,0.057802699506282806,0.0014415052719414234
pythia-410m,draw_3,high,12,0.00907161831855774,0.0481891855597496,0.0009224852547049522
pythia-410m,draw_3,high,13,0.006605407223105431,0.022626953199505806,0.001129251322709024
pythia-410m,draw_3,high,14,0.010218330658972263,0.032494232058525085,0.001634355285204947
pythia-410m,draw_3,high,15,0.043168019503355026,0.12567122280597687,0.005299796815961599
pythia-410m,draw_3,high,16,0.2738851010799408,0.2954825162887573,0.12754549086093903
pythia-410m,draw_3,high,17,0.41106778383255005,0.33187222480773926,0.3518446087837219
pythia-410m,draw_3,high,18,0.5181090235710144,0.3124138116836548,0.5541990399360657
pythia-410m,draw_3,high,19,0.33086493611335754,0.2456575185060501,0.2821092903614044
pythia-410m,draw_3,high,20,0.30759215354919434,0.2386341094970703,0.23050053417682648
pythia-410m,draw_3,high,21,0.5715947151184082,0.24973219633102417,0.6242777705192566
pythia-410m,draw_3,high,22,0.7704437971115112,0.19657453894615173,0.8421725630760193
pythia-410m,draw_3,high,23,0.5398460626602173,0.23160214722156525,0.5593546628952026
pythia-410m,draw_3,very_high,0,1.9236496882513165e-05,7.950609142426401e-05,9.13817927994387e-07
pythia-410m,draw_3,very_high,1,2.699294600461144e-05,0.00014650866796728224,1.0999050346072181e-06
pythia-410m,draw_3,very_high,2,3.393487713765353e-05,0.0002502402348909527,1.4791971807426307e-06
pythia-410m,draw_3,very_high,3,2.7145108106196858e-05,0.00017564254812896252,2.245876430606586e-06
pythia-410m,draw_3,very_high,4,2.9823453587596305e-05,0.00016407310613431036,2.014064421018702e-06
pythia-410m,draw_3,very_high,5,4.046488902531564e-05,0.00015525828348472714,2.238205752291833e-06
pythia-410m,draw_3,very_high,6,8.227358921431005e-05,0.0002831929305102676,4.64950153400423e-06
pythia-410m,draw_3,very_high,7,6.597206083824858e-05,0.00023488764418289065,5.362957381294109e-06
pythia-410m,draw_3,very_high,8,0.00011419562360970303,0.00040184566751122475,4.680079200625187e-06
pythia-410m,draw_3,very_high,9,0.0003376111853867769,0.0017350477864965796,9.225464964401908e-06
pythia-410m,draw_3,very_high,10,0.006838878616690636,0.025044415146112442,0.0001492249284638092
pythia-410m,draw_3,very_high,11,0.03574366122484207,0.10561276972293854,0.0023379293270409107
pythia-410m,draw_3,very_high,12,0.02538711577653885,0.110369473695755,0.00086312583880499
pythia-410m,draw_3,very_high,13,0.01865447126328945,0.08307347446680069,0.0007018385222181678
pythia-410m,draw_3,very_high,14,0.025169439613819122,0.09823676943778992,0.0014200009172782302
pythia-410m,draw_3,very_high,15,0.076488196849823,0.16565987467765808,0.00816311128437519
pythia-410m,draw_3,very_high,16,0.4158839285373688,0.3198952078819275,0.39837658405303955
pythia-410m,draw_3,very_high,17,0.5214714407920837,0.32671043276786804,0.5520296096801758
pythia-410m,draw_3,very_high,18,0.6036350727081299,0.3176931142807007,0.7014667987823486
pythia-410m,draw_3,very_high,19,0.48780927062034607,0.29989010095596313,0.5592240691184998
pythia-410m,draw_3,very_high,20,0.5247759222984314,0.2832859456539154,0.5922781825065613
pythia-410m,draw_3,very_high,21,0.6867957711219788,0.2437276691198349,0.7564913630485535
pythia-410m,draw_3,very_high,22,0.7988113760948181,0.2065354436635971,0.8792223930358887
pythia-410m,draw_3,very_high,23,0.5091778039932251,0.23547393083572388,0.5145947933197021
pythia-410m,draw_3,control,0,1.162102762464201e-05,2.990376015077345e-05,8.320609481415886e-07
pythia-410m,draw_3,control,1,2.079230580420699e-05,9.752252663020045e-05,1.304654006162309e-06
pythia-410m,draw_3,control,2,2.271978883072734e-05,0.00011585184984141961,1.2748447488775128e-06
pythia-410m,draw_3,control,3,3.7520341720664874e-05,0.00017600279534235597,1.3480178040481405e-06
pythia-410m,draw_3,control,4,7.117231143638492e-05,0.00048765179235488176,1.5296253650376457e-06
pythia-410m,draw_3,control,5,7.477630424546078e-05,0.0005036300281062722,1.4331239981402177e-06
pythia-410m,draw_3,control,6,8.104162407107651e-05,0.0004825062060263008,3.243312903578044e-06
pythia-410m,draw_3,control,7,0.0004071583680342883,0.004854687489569187,3.7957804579491494e-06
pythia-410m,draw_3,control,8,0.00010917720646830276,0.0005858254735358059,3.744892183021875e-06
pythia-410m,draw_3,control,9,0.00018354579515289515,0.0014905965654179454,8.217513823183253e-06
pythia-410m,draw_3,control,10,0.002641182392835617,0.00956694781780243,0.00010827808000613004
pythia-410m,draw_3,control,11,0.02523856610059738,0.0790729969739914,0.0026657532434910536
pythia-410m,draw_3,control,12,0.017208585515618324,0.06054110825061798,0.001387010095641017
pythia-410m,draw_3,control,13,0.011451843194663525,0.03607868403196335,0.0011699646711349487
pythia-410m,draw_3,control,14,0.01338960137218237,0.04357251524925232,0.0017320187762379646
pythia-410m,draw_3,control,15,0.0648801326751709,0.14184680581092834,0.009358551353216171
pythia-410m,draw_3,control,16,0.38407185673713684,0.32675424218177795,0.2970207631587982
pythia-410m,draw_3,control,17,0.4918728172779083,0.3368910849094391,0.5154991149902344
pythia-410m,draw_3,control,18,0.5545827746391296,0.32136252522468567,0.5774464011192322
pythia-410m,draw_3,control,19,0.4440060555934906,0.2935577630996704,0.38164758682250977
pythia-410m,draw_3,control,20,0.4543594717979431,0.29481178522109985,0.39839574694633484
pythia-410m,draw_3,control,21,0.6490018963813782,0.269682377576828,0.70733642578125
pythia-410m,draw_3,control,22,0.7883388996124268,0.21526367962360382,0.865226686000824
pythia-410m,draw_3,control,23,0.5123605728149414,0.22758235037326813,0.5013577938079834
pythia-1b,draw_1,low,0,1.0246939382341225e-05,7.034846203168854e-05,1.1079141586378682e-06
pythia-1b,draw_1,low,1,8.661001629661769e-06,2.0505663997028023e-05,2.471856760166702e-06
pythia-1b,draw_1,low,2,1.1646701750578359e-05,3.6485707823885605e-05,3.0946569040679606e-06
pythia-1b,draw_1,low,3,1.2146048902650364e-05,5.8837966207647696e-05,2.1858959371456876e-06
pythia-1b,draw_1,low,4,3.152772842440754e-05,9.402215073350817e-05,6.590213160961866e-06
pythia-1b,draw_1,low,5,3.221740189474076e-05,6.756788934580982e-05,8.839874681143556e-06
pythia-1b,draw_1,low,6,3.582801218726672e-05,0.00010171865142183378,5.1269817049615085e-06
pythia-1b,draw_1,low,7,0.0017572431825101376,0.007669252809137106,0.00013986026169732213
pythia-1b,draw_1,low,8,0.0018560183234512806,0.007440052926540375,0.0001993926998693496
pythia-1b,draw_1,low,9,0.0023920764215290546,0.010206267237663269,0.00015203611110337079
pythia-1b,draw_1,low,10,0.11375027149915695,0.20990337431430817,0.013047038577497005
pythia-1b,draw_1,low,11,0.5580906271934509,0.33875951170921326,0.5962892174720764
pythia-1b,draw_1,low,12,0.439285546541214,0.3222670257091522,0.38967636227607727
pythia-1b,draw_1,low,13,0.35349923372268677,0.30604469776153564,0.2638801336288452
pythia-1b,draw_1,low,14,0.7224998474121094,0.26965758204460144,0.8073842525482178
pythia-1b,draw_1,low,15,0.6583266854286194,0.25405067205429077,0.7065687775611877
pythia-1b,draw_1,medium,0,1.5147168596740812e-05,5.4101332352729514e-05,2.4336716251127655e-06
pythia-1b,draw_1,medium,1,1.819439603423234e-05,4.060307037434541e-05,4.582805104291765e-06
pythia-1b,draw_1,medium,2,2.1883794033783488e-05,6.50292495265603e-05,4.952067683916539e-06
pythia-1b,draw_1,medium,3,2.035951729340013e-05,6.21990766376257e-05,3.2102198019856587e-06
pythia-1b,draw_1,medium,4,7.1334870881401e-05,0.00022194896882865578,1.0727552762546111e-05
pythia-1b,draw_1,medium,5,5.6731762015260756e-05,0.00011381001968402416,1.24310336104827e-05
pythia-1b,draw_1,medium,6,9.054724068846554e-05,0.0004947946290485561,7.86394866736373e-06
pythia-1b,draw_1,medium,7,0.0030140450689941645,0.009983664378523827,0.0004406607476994395
pythia-1b,draw_1,medium,8,0.0024772922042757273,0.007502440363168716,0.00022616051137447357
pythia-1b,draw_1,medium,9,0.004964551422744989,0.024767067283391953,0.0002785288670565933
pythia-1b,draw_1,medium,10,0.23056237399578094,0.2962871491909027,0.07214637845754623
pythia-1b,draw_1,medium,11,0.7068054676055908,0.30755430459976196,0.8405323028564453
pythia-1b,draw_1,medium,12,0.6375797986984253,0.2943674325942993,0.7034466862678528
pythia-1b,draw_1,medium,13,0.591592013835907,0.29578953981399536,0.6197063326835632
pythia-1b,draw_1,medium,14,0.861395537853241,0.19081129133701324,0.9307898879051208
pythia-1b,draw_1,medium,15,0.7138723134994507,0.2260533720254898,0.766758918762207
pythia-1b,draw_1,high,0,6.177846807986498e-05,0.0004279324202798307,7.0961646088107955e-06
pythia-1b,draw_1,high,1,4.173983325017616e-05,0.00012274860637262464,9.86506711342372e-06
pythia-1b,draw_1,high,2,4.751189044327475e-05,0.00021443385048769414,9.963996490114368e-06
pythia-1b,draw_1,high,3,3.9136764826253057e-05,0.0001505853288108483,6.893282716191607e-06
pythia-1b,draw_1,high,4,0.00019765133038163185,0.00109013170003891,2.3721790057606995e-05
pythia-1b,draw_1,high,5,0.0001706427283352241,0.0007350130472332239,2.872958611987997e-05
pythia-1b,draw_1,high,6,0.0001676828833296895,0.0005652393447235227,2.126657636836171e-05
pythia-1b,draw_1,high,7,0.01390310563147068,0.045893702656030655,0.0015289779985323548
pythia-1b,draw_1,high,8,0.007080012932419777,0.027530567720532417,0.0007642303826287389
pythia-1b,draw_1,high,9,0.015841985121369362,0.06777628511190414,0.000745994970202446
pythia-1b,draw_1,high,10,0.2639676332473755,0.3148633539676666,0.0984562337398529
pythia-1b,draw_1,high,11,0.7176665663719177,0.296421080827713,0.8582368493080139
pythia-1b,draw_1,high,12,0.7493264675140381,0.2570098638534546,0.8559837341308594
pythia-1b,draw_1,high,13,0.7020372748374939,0.27226030826568604,0.7987979054450989
pythia-1b,draw_1,high,14,0.8383589386940002,0.20199379324913025,0.9116086363792419
pythia-1b,draw_1,high,15,0.6281980276107788,0.24416449666023254,0.6687020659446716
pythia-1b,draw_1,very_high,0,4.039641498820856e-05,0.0001110127050196752,8.72521832206985e-06
pythia-1b,draw_1,very_high,1,4.513305611908436e-05,7.921100768726319e-05,1.632104795135092e-05
pythia-1b,draw_1,very_high,2,4.503642048803158e-05,8.159998833434656e-05,1.4989661394793075e-05
pythia-1b,draw_1,very_high,3,5.07946933794301e-05,0.00013341126032173634,1.009474817692535e-05
pythia-1b,draw_1,very_high,4,0.00012665934627875686,0.00023246550699695945,4.0293023630511016e-05
pythia-1b,draw_1,very_high,5,0.00022209517192095518,0.0009459509747102857,3.7915811844868585e-05
pythia-1b,draw_1,very_high,6,0.00032240754808299243,0.0013582066167145967,2.5176934286719188e-05
pythia-1b,draw_1,very_high,7,0.03638169541954994,0.09447469562292099,0.004567700903862715
pythia-1b,draw_1,very_high,8,0.019954737275838852,0.06278601288795471,0.0014254284324124455
pythia-1b,draw_1,very_high,9,0.039322491735219955,0.11605661362409592,0.0021750666201114655
pythia-1b,draw_1,very_high,10,0.326479971408844,0.3298179805278778,0.17178337275981903
pythia-1b,draw_1,very_high,11,0.7302545309066772,0.278786838054657,0.8350651860237122
pythia-1b,draw_1,very_high,12,0.8361461758613586,0.21423661708831787,0.9356105327606201
pythia-1b,draw_1,very_high,13,0.8260193467140198,0.22425946593284607,0.9283732771873474
pythia-1b,draw_1,very_high,14,0.8742648363113403,0.1986970752477646,0.9715394973754883
pythia-1b,draw_1,very_high,15,0.5844851732254028,0.24969583749771118,0.6096618175506592
pythia-1b,draw_1,control,0,7.01344761182554e-05,0.000299781677313149,9.153844075626694e-06
pythia-1b,draw_1,control,1,8.988045010482892e-05,0.0003230132278986275,1.5134311070141848e-05
pythia-1b,draw_1,control,2,9.561309707351029e-05,0.0003296922368463129,1.712588345981203e-05
pythia-1b,draw_1,control,3,9.952964319381863e-05,0.00036099186399951577,1.0853570529434364e-05
pythia-1b,draw_1,control,4,0.00046893759281374514,0.002724006539210677,3.220450889784843e-05
pythia-1b,draw_1,control,5,0.0003246132982894778,0.001669333316385746,3.2584273867541924e-05
pythia-1b,draw_1,control,6,0.0003297591465525329,0.0018100348534062505,2.5207866201526485e-05
pythia-1b,draw_1,control,7,0.020487597212195396,0.06078623607754707,0.0025168543215841055
pythia-1b,draw_1,control,8,0.01267712190747261,0.050390783697366714,0.001262921141460538
pythia-1b,draw_1,control,9,0.01799316331744194,0.06744452565908432,0.0014812031295150518
pythia-1b,draw_1,control,10,0.2565833032131195,0.2862741947174072,0.13221773505210876
pythia-1b,draw_1,control,11,0.7177245020866394,0.268844336271286,0.8061889410018921
pythia-1b,draw_1,control,12,0.8104009628295898,0.215903177857399,0.8949031233787537
pythia-1b,draw_1,control,13,0.7782835960388184,0.2546737790107727,0.8815332651138306
pythia-1b,draw_1,control,14,0.8479522466659546,0.2102663367986679,0.9469476938247681
pythia-1b,draw_1,control,15,0.5731099843978882,0.24701441824436188,0.6001699566841125
pythia-1b,draw_2,low,0,1.058650013874285e-05,5.6791457609506324e-05,1.2758387128997128e-06
pythia-1b,draw_2,low,1,1.0017260137828998e-05,2.5515137167531066e-05,2.4341472908417927e-06
pythia-1b,draw_2,low,2,1.1768392141675577e-05,3.714826743816957e-05,2.680486886674771e-06
pythia-1b,draw_2,low,3,1.0050960554508492e-05,3.249155270168558e-05,1.7309288296019076e-06
pythia-1b,draw_2,low,4,2.89754279947374e-05,8.090235496638343e-05,5.583671281783609e-06
pythia-1b,draw_2,low,5,3.333709537400864e-05,8.666207577334717e-05,9.508346920483746e-06
pythia-1b,draw_2,low,6,4.1010076529346406e-05,0.00016749580390751362,5.012980182073079e-06
pythia-1b,draw_2,low,7,0.0010361396707594395,0.004143610596656799,0.00013506745744962245
pythia-1b,draw_2,low,8,0.0009974996792152524,0.0029266048222780228,0.00014026727876625955
pythia-1b,draw_2,low,9,0.0020906992722302675,0.009167635813355446,0.0001508609566371888
pythia-1b,draw_2,low,10,0.10878951102495193,0.18689146637916565,0.026283154264092445
pythia-1b,draw_2,low,11,0.626750648021698,0.32888346910476685,0.7310057282447815
pythia-1b,draw_2,low,12,0.5015196204185486,0.3154333829879761,0.512505829334259
pythia-1b,draw_2,low,13,0.4266921281814575,0.31372734904289246,0.3697636127471924
pythia-1b,draw_2,low,14,0.7745298743247986,0.2486526221036911,0.8768159747123718
pythia-1b,draw_2,low,15,0.7073390483856201,0.2615309953689575,0.7909881472587585
pythia-1b,draw_2,medium,0,1.2523943951237015e-05,3.1095314625417814e-05,2.304163444932783e-06
pythia-1b,draw_2,medium,1,1.4398902749235276e-05,3.1006296921987087e-05,4.3339969124644995e-06
pythia-1b,draw_2,medium,2,1.3885217413189821e-05,2.797266461129766e-05,4.893209734291304e-06
pythia-1b,draw_2,medium,3,1.0911327080975752e-05,2.110743116645608e-05,3.541995283740107e-06
pythia-1b,draw_2,medium,4,3.712907709996216e-05,8.580274879932404e-05,9.794981451705098e-06
pythia-1b,draw_2,medium,5,5.004725608159788e-05,0.00012869448983110487,1.2342127774900291e-05
pythia-1b,draw_2,medium,6,0.00033516614348627627,0.004154059570282698,8.38142750581028e-06
pythia-1b,draw_2,medium,7,0.003711335826665163,0.019539199769496918,0.0003810792986769229
pythia-1b,draw_2,medium,8,0.0027365172281861305,0.01507275365293026,0.0003045526973437518
pythia-1b,draw_2,medium,9,0.0042342571541666985,0.024323036894202232,0.00033851017360575497
pythia-1b,draw_2,medium,10,0.17528334259986877,0.2437392920255661,0.05894646421074867
pythia-1b,draw_2,medium,11,0.6854813694953918,0.2970532476902008,0.8026790022850037
pythia-1b,draw_2,medium,12,0.6145272254943848,0.30772560834884644,0.697673499584198
pythia-1b,draw_2,medium,13,0.5464389324188232,0.31297746300697327,0.5465409159660339
pythia-1b,draw_2,medium,14,0.8229824304580688,0.2239661067724228,0.9234113693237305
pythia-1b,draw_2,medium,15,0.639948308467865,0.2489447146654129,0.6867952346801758
pythia-1b,draw_2,high,0,3.4832777600968257e-05,9.045107435667887e-05,6.35689684713725e-06
pythia-1b,draw_2,high,1,4.312745659262873e-05,9.486765338806435e-05,1.2344746210146695e-05
pythia-1b,draw_2,high,2,5.1914055802626535e-05,0.00014409727009478956,1.1619526958384085e-05
pythia-1b,draw_2,high,3,3.875237962347455e-05,8.660760795464739e-05,7.793788427079562e-06
pythia-1b,draw_2,high,4,0.00010165877756662667,0.00021550508972723037,2.109253364324104e-05
pythia-1b,draw_2,high,5,0.0001314383844146505,0.00035388811375014484,1.99793248611968e-05
pythia-1b,draw_2,high,6,0.00015873189840931445,0.0007554193725809455,1.6230511391768232e-05
pythia-1b,draw_2,high,7,0.012515231966972351,0.04002011939883232,0.001335375476628542
pythia-1b,draw_2,high,8,0.008084462024271488,0.030167466029524803,0.0006067025242373347
pythia-1b,draw_2,high,9,0.013024094514548779,0.05120035633444786,0.0008038288215175271
pythia-1b,draw_2,high,10,0.26690787076950073,0.30444929003715515,0.1164511889219284
pythia-1b,draw_2,high,11,0.746460497379303,0.27593496441841125,0.8670452237129211
pythia-1b,draw_2,high,12,0.7796940207481384,0.22639521956443787,0.8692458868026733
pythia-1b,draw_2,high,13,0.7406582832336426,0.25346845388412476,0.8338876366615295
pythia-1b,draw_2,high,14,0.8752847909927368,0.17597074806690216,0.9494848251342773
pythia-1b,draw_2,high,15,0.692138671875,0.2302664816379547,0.7501975297927856
pythia-1b,draw_2,very_high,0,5.755021265940741e-05,0.0001480797800468281,1.3743112504016608e-05
pythia-1b,draw_2,very_high,1,7.728305354248732e-05,0.00014111775089986622,2.1007452232879587e-05
pythia-1b,draw_2,very_high,2,6.852576916571707e-05,0.00014204475155565888,2.0226290871505626e-05
pythia-1b,draw_2,very_high,3,5.613213579636067e-05,0.0001227854663738981,1.3667304301634431e-05
pythia-1b,draw_2,very_high,4,0.00023843416420277208,0.0005801708903163671,5.5106291256379336e-05
pythia-1b,draw_2,very_high,5,0.0002343224041396752,0.0006337228696793318,4.464211087906733e-05
pythia-1b,draw_2,very_high,6,0.0003373175277374685,0.001154894009232521,3.510544775053859e-05
pythia-1b,draw_2,very_high,7,0.022932052612304688,0.07075425982475281,0.0042451354674994946
pythia-1b,draw_2,very_high,8,0.011835968121886253,0.031878404319286346,0.002065447624772787
pythia-1b,draw_2,very_high,9,0.019597170874476433,0.062062304466962814,0.0028445646166801453
pythia-1b,draw_2,very_high,10,0.326633483171463,0.31351399421691895,0.21765221655368805
pythia-1b,draw_2,very_high,11,0.7409939169883728,0.2625720798969269,0.8431643843650818
pythia-1b,draw_2,very_high,12,0.8461210131645203,0.19398950040340424,0.9233286380767822
pythia-1b,draw_2,very_high,13,0.8339802622795105,0.21245640516281128,0.9221070408821106
pythia-1b,draw_2,very_high,14,0.8836515545845032,0.18260091543197632,0.964408814907074
pythia-1b,draw_2,very_high,15,0.6428171396255493,0.22862955927848816,0.6844183802604675
pythia-1b,draw_2,control,0,4.728960993816145e-05,0.0001127215291489847,8.838581379677635e-06
pythia-1b,draw_2,control,1,7.77433961047791e-05,0.0002193523832829669,1.696382423688192e-05
pythia-1b,draw_2,control,2,8.819313370622694e-05,0.00027262390358373523,1.4403705790755339e-05
pythia-1b,draw_2,control,3,7.702001312281936e-05,0.0003099381283391267,9.253461939806584e-06
pythia-1b,draw_2,control,4,0.00018213331350125372,0.000727399718016386,3.5186458262614906e-05
pythia-1b,draw_2,control,5,0.00021693363669328392,0.0007804322522133589,3.68358741980046e-05
pythia-1b,draw_2,control,6,0.000242033158428967,0.001296958071179688,2.8980060960748233e-05
pythia-1b,draw_2,control,7,0.02489634044468403,0.07965962588787079,0.004084019456058741
pythia-1b,draw_2,control,8,0.01062242966145277,0.02766282483935356,0.0017555678496137261
pythia-1b,draw_2,control,9,0.03025665134191513,0.12038139253854752,0.0021769108716398478
pythia-1b,draw_2,control,10,0.2788141965866089,0.30169326066970825,0.14029721915721893
pythia-1b,draw_2,control,11,0.7230218648910522,0.2776806652545929,0.8457922339439392
pythia-1b,draw_2,control,12,0.8224751353263855,0.22305050492286682,0.9170387387275696
pythia-1b,draw_2,control,13,0.7961977124214172,0.2644977569580078,0.9289756417274475
pythia-1b,draw_2,control,14,0.8767173886299133,0.1891040951013565,0.9626571536064148
pythia-1b,draw_2,control,15,0.6111667156219482,0.25182396173477173,0.6510559916496277
pythia-1b,draw_3,low,0,6.322748504317133e-06,1.578384399181232e-05,1.081984919437673e-06
pythia-1b,draw_3,low,1,1.0312987797078677e-05,2.4023627702263184e-05,2.6587808861222584e-06
pythia-1b,draw_3,low,2,1.1108304533991031e-05,2.9263846954563633e-05,2.861768734874204e-06
pythia-1b,draw_3,low,3,9.613831934984773e-06,3.088029188802466e-05,1.6900008859010995e-06
pythia-1b,draw_3,low,4,2.6957161026075482e-05,7.06910141161643e-05,5.3438534450833686e-06
pythia-1b,draw_3,low,5,6.190671410877258e-05,0.0002615419216454029,7.71310897107469e-06
pythia-1b,draw_3,low,6,5.54194011783693e-05,0.0003808543842751533,4.445114427653607e-06
pythia-1b,draw_3,low,7,0.0030631516128778458,0.022023320198059082,0.00020549855253193527
pythia-1b,draw_3,low,8,0.0025736335664987564,0.01591278612613678,0.00019140545919071883
pythia-1b,draw_3,low,9,0.002185027813538909,0.00995622854679823,0.0001530517329229042
pythia-1b,draw_3,low,10,0.11651262640953064,0.21363045275211334,0.018044322729110718
pythia-1b,draw_3,low,11,0.5825554728507996,0.3303532600402832,0.664661705493927
pythia-1b,draw_3,low,12,0.4713188111782074,0.3270866274833679,0.4740443825721741
pythia-1b,draw_3,low,13,0.3833600580692291,0.3018234074115753,0.26952996850013733
pythia-1b,draw_3,low,14,0.7294196486473083,0.2529587745666504,0.822100043296814
pythia-1b,draw_3,low,15,0.6117792129516602,0.26806193590164185,0.6604084968566895
pythia-1b,draw_3,medium,0,1.2587545825226698e-05,5.256583244772628e-05,1.8593949562273338e-06
pythia-1b,draw_3,medium,1,1.7597063560970128e-05,7.083231321303174e-05,4.532886123342905e-06
pythia-1b,draw_3,medium,2,2.3053917175275274e-05,0.0001276894472539425,4.564928076433716e-06
pythia-1b,draw_3,medium,3,1.2584521755343303e-05,2.7102503736387007e-05,3.107893235210213e-06
pythia-1b,draw_3,medium,4,4.431959314388223e-05,0.00014081575500313193,1.1643810466921423e-05
pythia-1b,draw_3,medium,5,5.440499080577865e-05,0.00013894100266043097,1.0570640370133333e-05
pythia-1b,draw_3,medium,6,6.511183164548129e-05,0.0002652274561114609,7.053502031340031e-06
pythia-1b,draw_3,medium,7,0.002308761002495885,0.012719361111521721,0.00030041008722037077
pythia-1b,draw_3,medium,8,0.0023011588491499424,0.012134384363889694,0.0002441408869344741
pythia-1b,draw_3,medium,9,0.0023039639927446842,0.008769616484642029,0.0002428248117212206
pythia-1b,draw_3,medium,10,0.1747903674840927,0.2521350383758545,0.0419786311686039
pythia-1b,draw_3,medium,11,0.6975500583648682,0.29285749793052673,0.7924683690071106
pythia-1b,draw_3,medium,12,0.6033818125724792,0.3037972152233124,0.6227703094482422
pythia-1b,draw_3,medium,13,0.5346287488937378,0.3025633990764618,0.5752871632575989
pythia-1b,draw_3,medium,14,0.8145738840103149,0.21865451335906982,0.9190057516098022
pythia-1b,draw_3,medium,15,0.6535422801971436,0.2596103847026825,0.7010321617126465
pythia-1b,draw_3,high,0,2.7605494324234314e-05,8.778808114584535e-05,6.5404624365328345e-06
pythia-1b,draw_3,high,1,3.001671575475484e-05,5.515740849659778e-05,1.0522819138714112e-05
pythia-1b,draw_3,high,2,3.709689553943463e-05,8.774421439738944e-05,1.1533532415342052e-05
pythia-1b,draw_3,high,3,3.674575054901652e-05,0.0001172360498458147,9.539741768094245e-06
pythia-1b,draw_3,high,4,0.00010617515363264829,0.00027476277318783104,2.7458041586214676e-05
pythia-1b,draw_3,high,5,0.00013881006452720612,0.00041601472184993327,3.1139745260588825e-05
pythia-1b,draw_3,high,6,0.00012042091111652553,0.00033559760777279735,1.7091377230826765e-05
pythia-1b,draw_3,high,7,0.012397311627864838,0.054137155413627625,0.0017099844990298152
pythia-1b,draw_3,high,8,0.008636855520308018,0.03817151486873627,0.0009290433954447508
pythia-1b,draw_3,high,9,0.012895278632640839,0.054423462599515915,0.0009090173989534378
pythia-1b,draw_3,high,10,0.2894771993160248,0.3092041611671448,0.1518646776676178
pythia-1b,draw_3,high,11,0.7499645352363586,0.26633384823799133,0.8609544634819031
pythia-1b,draw_3,high,12,0.7609543800354004,0.24572931230068207,0.8601226806640625
pythia-1b,draw_3,high,13,0.7142221927642822,0.27024808526039124,0.796228289604187
pythia-1b,draw_3,high,14,0.8566646575927734,0.19084101915359497,0.925352156162262
pythia-1b,draw_3,high,15,0.6553794145584106,0.23237919807434082,0.6969690322875977
pythia-1b,draw_3,very_high,0,6.0795577155658975e-05,0.0001914074382511899,1.2019516361760907e-05
pythia-1b,draw_3,very_high,1,7.062819349812344e-05,0.00017222108726855367,1.9781169612542726e-05
pythia-1b,draw_3,very_high,2,8.464350685244426e-05,0.0003007098857779056,2.1464227756951004e-05
pythia-1b,draw_3,very_high,3,0.00016593505279161036,0.001266673905774951,1.4574888155038934e-05
pythia-1b,draw_3,very_high,4,0.0003411596408113837,0.0013839281164109707,4.875777813140303e-05
pythia-1b,draw_3,very_high,5,0.00031539451447315514,0.0008701891638338566,5.7805762480711564e-05
pythia-1b,draw_3,very_high,6,0.0002901084953919053,0.000826660601887852,4.326324415160343e-05
pythia-1b,draw_3,very_high,7,0.03277406096458435,0.09605643898248672,0.0032175027299672365
pythia-1b,draw_3,very_high,8,0.017278572544455528,0.06778869032859802,0.0017355637392029166
pythia-1b,draw_3,very_high,9,0.028562573716044426,0.10501373559236526,0.0018926988122984767
pythia-1b,draw_3,very_high,10,0.34488776326179504,0.3294588625431061,0.22458241879940033
pythia-1b,draw_3,very_high,11,0.7547404766082764,0.2456590086221695,0.8241341710090637
pythia-1b,draw_3,very_high,12,0.8550049066543579,0.1972729116678238,0.9453256130218506
pythia-1b,draw_3,very_high,13,0.8380343317985535,0.20776525139808655,0.93619704246521
pythia-1b,draw_3,very_high,14,0.8843380212783813,0.1673671305179596,0.9617978930473328
pythia-1b,draw_3,very_high,15,0.5977987051010132,0.23057176172733307,0.6421946883201599
pythia-1b,draw_3,control,0,4.667437679017894e-05,0.00010192547779297456,1.002179578790674e-05
pythia-1b,draw_3,control,1,6.538306479342282e-05,0.00015921138401608914,1.564451122249011e-05
pythia-1b,draw_3,control,2,5.7074874348472804e-05,0.00011617664131335914,1.4814691894571297e-05
pythia-1b,draw_3,control,3,6.428615597542375e-05,0.00018942578753922135,9.691839295555837e-06
pythia-1b,draw_3,control,4,0.000340719852829352,0.0015134693821892142,3.3656371670076624e-05
pythia-1b,draw_3,control,5,0.000252174970228225,0.0010560692753642797,3.954968633479439e-05
pythia-1b,draw_3,control,6,0.0005234346608631313,0.003596629947423935,3.487064168439247e-05
pythia-1b,draw_3,control,7,0.02531360648572445,0.08096862584352493,0.003479895880445838
pythia-1b,draw_3,control,8,0.02141794189810753,0.08353953808546066,0.0022252185735851526
pythia-1b,draw_3,control,9,0.0311758853495121,0.10180550813674927,0.002102336147800088
pythia-1b,draw_3,control,10,0.32207271456718445,0.31890103220939636,0.23125110566616058
pythia-1b,draw_3,control,11,0.757358968257904,0.255737841129303,0.8664165735244751
pythia-1b,draw_3,control,12,0.8339470624923706,0.20795434713363647,0.9227262735366821
pythia-1b,draw_3,control,13,0.8086709976196289,0.2502405643463135,0.9231510162353516
pythia-1b,draw_3,control,14,0.8873156309127808,0.1878957450389862,0.9648212194442749
pythia-1b,draw_3,control,15,0.5702993273735046,0.2490386962890625,0.6023532748222351
pythia-1.4b,draw_1,low,0,7.911919965408742e-06,2.8892798582091928e-05,1.0330307986805565e-06
pythia-1.4b,draw_1,low,1,7.501451364078093e-06,2.0873729226877913e-05,1.5456730579899158e-06
pythia-1.4b,draw_1,low,2,9.700928785605356e-06,3.3371441531926394e-05,2.081030743283918e-06
pythia-1.4b,draw_1,low,3,8.660886123834644e-06,2.469910032232292e-05,1.928233587022987e-06
pythia-1.4b,draw_1,low,4,1.630868064239621e-05,6.0440921515692025e-05,2.354431899220799e-06
pythia-1.4b,draw_1,low,5,1.9431352484389208e-05,3.9743918023305014e-05,4.8378178689745255e-06
pythia-1.4b,draw_1,low,6,2.9217859264463186e-05,0.0001011323620332405,4.982987775292713e-06
pythia-1.4b,draw_1,low,7,3.474196637398563e-05,9.2112815764267e-05,7.788545190123841e-06
pythia-1.4b,draw_1,low,8,2.5450994144193828e-05,5.920590047026053e-05,5.4243805607256945e-06
pythia-1.4b,draw_1,low,9,1.586180405865889e-05,3.4629319998202845e-05,3.0120270366751356e-06
pythia-1.4b,draw_1,low,10,0.004837992135435343,0.0172519963234663,0.00065803894540295
pythia-1.4b,draw_1,low,11,0.001925477758049965,0.003998587839305401,0.00045505716116167605
pythia-1.4b,draw_1,low,12,0.0018561228644102812,0.004456853494048119,0.0004093132447451353
pythia-1.4b,draw_1,low,13,0.03280284255743027,0.09163203835487366,0.005252850707620382
pythia-1.4b,draw_1,low,14,0.04777519404888153,0.1130828857421875,0.007924851961433887
pythia-1.4b,draw_1,low,15,0.18304087221622467,0.22899280488491058,0.0796988382935524
pythia-1.4b,draw_1,low,16,0.19519560039043427,0.21601392328739166,0.11191152036190033
pythia-1.4b,draw_1,low,17,0.14654454588890076,0.18443052470684052,0.06503240764141083
pythia-1.4b,draw_1,low,18,0.08855710178613663,0.12767119705677032,0.03357284516096115
pythia-1.4b,draw_1,low,19,0.03746827319264412,0.05875425785779953,0.014103276655077934
pythia-1.4b,draw_1,low,20,0.018695317208766937,0.03565429523587227,0.006973548326641321
pythia-1.4b,draw_1,low,21,0.024758214130997658,0.037688247859478,0.01023548748344183
pythia-1.4b,draw_1,low,22,0.11620793491601944,0.12691214680671692,0.06351712346076965
pythia-1.4b,draw_1,low,23,0.4954231083393097,0.27263715863227844,0.5242978930473328
pythia-1.4b,draw_1,medium,0,9.26754091779003e-06,3.539719546097331e-05,2.001850589294918e-06
pythia-1.4b,draw_1,medium,1,1.13151263576583e-05,3.261517849750817e-05,2.4602256871730788e-06
pythia-1.4b,draw_1,medium,2,1.5095090930117294e-05,4.7786921641090885e-05,3.2896716675168136e-06
pythia-1.4b,draw_1,medium,3,1.4731259398104157e-05,4.8963480367092416e-05,2.9968573471705895e-06
pythia-1.4b,draw_1,medium,4,2.4978533474495634e-05,9.667720587458462e-05,3.7818779219378484e-06
pythia-1.4b,draw_1,medium,5,5.3362360631581396e-05,0.00023771636188030243,7.706629730819259e-06
pythia-1.4b,draw_1,medium,6,3.546064181136899e-05,8.959615661296993e-05,5.6976787163876e-06
pythia-1.4b,draw_1,medium,7,6.199225026648492e-05,0.0001562706456752494,1.1630224435066339e-05
pythia-1.4b,draw_1,medium,8,4.105666812392883e-05,0.00010142432438442484,9.312837391917128e-06
pythia-1.4b,draw_1,medium,9,2.9398845072137192e-05,6.262714305194095e-05,6.669289177807514e-06
pythia-1.4b,draw_1,medium,10,0.006968700792640448,0.014803684316575527,0.0017093312926590443
pythia-1.4b,draw_1,medium,11,0.004385420586913824,0.010712389834225178,0.0012903386959806085
pythia-1.4b,draw_1,medium,12,0.007388633210211992,0.028976352885365486,0.0011087115854024887
pythia-1.4b,draw_1,medium,13,0.03349190577864647,0.07942674309015274,0.00700417859479785
pythia-1.4b,draw_1,medium,14,0.08975182473659515,0.1755928248167038,0.010644275695085526
pythia-1.4b,draw_1,medium,15,0.3227226138114929,0.30494800209999084,0.19953098893165588
pythia-1.4b,draw_1,medium,16,0.3713191747665405,0.29622453451156616,0.29777100682258606
pythia-1.4b,draw_1,medium,17,0.3125821352005005,0.27371999621391296,0.23252780735492706
pythia-1.4b,draw_1,medium,18,0.2381661981344223,0.23566782474517822,0.14636661112308502
pythia-1.4b,draw_1,medium,19,0.12484629452228546,0.15298473834991455,0.06648246198892593
pythia-1.4b,draw_1,medium,20,0.07680821418762207,0.10513738542795181,0.039660871028900146
pythia-1.4b,draw_1,medium,21,0.08944584429264069,0.11905468255281448,0.04762771353125572
pythia-1.4b,draw_1,medium,22,0.23665210604667664,0.20623092353343964,0.17834198474884033
pythia-1.4b,draw_1,medium,23,0.48231756687164307,0.2739020586013794,0.4967215061187744
pythia-1.4b,draw_1,high,0,2.4376508008572273e-05,0.00010709976049838588,3.0175801839504857e-06
pythia-1.4b,draw_1,high,1,2.4664086595294066e-05,6.741967081325129e-05,5.744820555264596e-06
pythia-1.4b,draw_1,high,2,2.25617677642731e-05,4.873177022091113e-05,5.881202923774254e-06
pythia-1.4b,draw_1,high,3,2.735250564001035e-05,7.108123099897057e-05,5.509920356416842e-06
pythia-1.4b,draw_1,high,4,4.444753722054884e-05,0.00013708688493352383,8.631089258415159e-06
pythia-1.4b,draw_1,high,5,0.00010265648597851396,0.00024817881057970226,2.125423270626925e-05
pythia-1.4b,draw_1,high,6,5.331984721124172e-05,0.00010330962686566636,1.4497401025437284e-05
pythia-1.4b,draw_1,high,7,0.00015930263907648623,0.0003970411780755967,3.2183423172682524e-05
pythia-1.4b,draw_1,high,8,0.0001186433873954229,0.00023342350323218852,2.802786184474826e-05
pythia-1.4b,draw_1,high,9,0.00011439134686952457,0.0003210529685020447,2.3636141122551635e-05
pythia-1.4b,draw_1,high,10,0.040615394711494446,0.09866897761821747,0.007002006750553846
pythia-1.4b,draw_1,high,11,0.030211906880140305,0.09043411165475845,0.005591412074863911
pythia-1.4b,draw_1,high,12,0.046322718262672424,0.10980816185474396,0.00613063108175993
pythia-1.4b,draw_1,high,13,0.11853731423616409,0.19516199827194214,0.023609526455402374
pythia-1.4b,draw_1,high,14,0.15832345187664032,0.2393835186958313,0.04187443107366562
pythia-1.4b,draw_1,high,15,0.4903202950954437,0.34635722637176514,0.4969237148761749
pythia-1.4b,draw_1,high,16,0.6210917234420776,0.3047540485858917,0.710138738155365
pythia-1.4b,draw_1,high,17,0.5618538856506348,0.3019156754016876,0.5785516500473022
pythia-1.4b,draw_1,high,18,0.49313512444496155,0.3190132975578308,0.47902438044548035
pythia-1.4b,draw_1,high,19,0.35593923926353455,0.27798235416412354,0.29073241353034973
pythia-1.4b,draw_1,high,20,0.2821490168571472,0.24851644039154053,0.19860930740833282
pythia-1.4b,draw_1,high,21,0.27465009689331055,0.2344878613948822,0.19869747757911682
pythia-1.4b,draw_1,high,22,0.4306963086128235,0.2509527802467346,0.41047224402427673
pythia-1.4b,draw_1,high,23,0.5377323031425476,0.24776631593704224,0.5556393265724182
pythia-1.4b,draw_1,very_high,0,0.00011387376434868202,0.0010745455510914326,7.183466095739277e-06
pythia-1.4b,draw_1,very_high,1,3.902865864802152e-05,8.055607759160921e-05,1.1754269507946447e-05
pythia-1.4b,draw_1,very_high,2,4.3315838411217555e-05,0.00010361214663134888,9.06519198906608e-06
pythia-1.4b,draw_1,very_high,3,5.997457992634736e-05,0.00013831714750267565,1.0643344467098359e-05
pythia-1.4b,draw_1,very_high,4,0.00012838144903071225,0.00037780642742291093,1.8459926650393754e-05
pythia-1.4b,draw_1,very_high,5,0.0003717767249327153,0.0012129051610827446,4.149060987401754e-05
pythia-1.4b,draw_1,very_high,6,0.00021394534269347787,0.0006696190102957189,2.4612530978629366e-05
pythia-1.4b,draw_1,very_high,7,0.0005598762072622776,0.001829365617595613,6.767072045477107e-05
pythia-1.4b,draw_1,very_high,8,0.0006186164100654423,0.00383866298943758,4.5728615077678114e-05
pythia-1.4b,draw_1,very_high,9,0.0005531523493118584,0.003010193584486842,4.628757596947253e-05
pythia-1.4b,draw_1,very_high,10,0.12068149447441101,0.18881560862064362,0.041313741356134415
pythia-1.4b,draw_1,very_high,11,0.10288668423891068,0.1883646696805954,0.02980373613536358
pythia-1.4b,draw_1,very_high,12,0.14248642325401306,0.23959976434707642,0.032961681485176086
pythia-1.4b,draw_1,very_high,13,0.31086063385009766,0.33159008622169495,0.1540885716676712
pythia-1.4b,draw_1,very_high,14,0.34402844309806824,0.360757976770401,0.16177208721637726
pythia-1.4b,draw_1,very_high,15,0.6359677910804749,0.36929816007614136,0.8395312428474426
pythia-1.4b,draw_1,very_high,16,0.8039210438728333,0.2666618227958679,0.9259276390075684
pythia-1.4b,draw_1,very_high,17,0.7944982051849365,0.25587448477745056,0.9052735567092896
pythia-1.4b,draw_1,very_high,18,0.7337602376937866,0.27831122279167175,0.8424907326698303
pythia-1.4b,draw_1,very_high,19,0.6013918519020081,0.31179332733154297,0.6577392220497131
pythia-1.4b,draw_1,very_high,20,0.5282663106918335,0.3117304742336273,0.5571487545967102
pythia-1.4b,draw_1,very_high,21,0.5239530205726624,0.3049713671207428,0.5669301748275757
pythia-1.4b,draw_1,very_high,22,0.6192818880081177,0.27009153366088867,0.6802465915679932
pythia-1.4b,draw_1,very_high,23,0.517147958278656,0.22869299352169037,0.5396592020988464
pythia-1.4b,draw_1,control,0,3.713183832587674e-05,0.00010078607738250867,1.0144736734218895e-05
pythia-1.4b,draw_1,control,1,4.150152744841762e-05,9.114580461755395e-05,1.2263908502063714e-05
pythia-1.4b,draw_1,control,2,4.8507827159482986e-05,0.00013780323206447065,1.4108342838881072e-05
pythia-1.4b,draw_1,control,3,5.593504829448648e-05,0.0001521312806289643,1.4218981050362345e-05
pythia-1.4b,draw_1,control,4,0.0001000323609332554,0.0002576658735051751,2.1192921849433333e-05
pythia-1.4b,draw_1,control,5,0.0002690250985324383,0.000887267931830138,4.5020893594482914e-05
pythia-1.4b,draw_1,control,6,0.00024178832245524973,0.0009403072763234377,2.3993989088921808e-05
pythia-1.4b,draw_1,control,7,0.0007236442761495709,0.0032022895757108927,6.284070695983246e-05
pythia-1.4b,draw_1,control,8,0.001216515083797276,0.010702674277126789,6.055105768609792e-05
pythia-1.4b,draw_1,control,9,0.0018728924915194511,0.017990296706557274,4.5960256102262065e-05
pythia-1.4b,draw_1,control,10,0.11023648083209991,0.1936807483434677,0.025456465780735016
pythia-1.4b,draw_1,control,11,0.09484231472015381,0.18526355922222137,0.014933520928025246
pythia-1.4b,draw_1,control,12,0.13501381874084473,0.2467561662197113,0.02030465379357338
pythia-1.4b,draw_1,control,13,0.2556116282939911,0.3115677535533905,0.09151352196931839
pythia-1.4b,draw_1,control,14,0.3074161112308502,0.3604516088962555,0.09277474135160446
pythia-1.4b,draw_1,control,15,0.5889948010444641,0.35696959495544434,0.6248027682304382
pythia-1.4b,draw_1,control,16,0.7526267766952515,0.29362860321998596,0.89178866147995
pythia-1.4b,draw_1,control,17,0.7263903617858887,0.30412742495536804,0.8538709282875061
pythia-1.4b,draw_1,control,18,0.6693751215934753,0.32009997963905334,0.7894071340560913
pythia-1.4b,draw_1,control,19,0.5283236503601074,0.332416832447052,0.5428649187088013
pythia-1.4b,draw_1,control,20,0.4810279607772827,0.3277754783630371,0.4877561032772064
pythia-1.4b,draw_1,control,21,0.4705885052680969,0.3187435269355774,0.44593897461891174
pythia-1.4b,draw_1,control,22,0.5862378478050232,0.2796480059623718,0.6481940746307373
pythia-1.4b,draw_1,control,23,0.5531240105628967,0.24051924049854279,0.57529616355896
pythia-1.4b,draw_2,low,0,6.788096925447462e-06,1.685109964455478e-05,1.0855875416382332e-06
pythia-1.4b,draw_2,low,1,8.058042112679686e-06,1.783108018571511e-05,1.6583181832174887e-06
pythia-1.4b,draw_2,low,2,1.073987459676573e-05,2.460026735207066e-05,2.37730660046509e-06
pythia-1.4b,draw_2,low,3,1.2133354175603017e-05,3.758291495614685e-05,2.040137133008102e-06
pythia-1.4b,draw_2,low,4,2.3906939532025717e-05,8.948759932536632e-05,3.4481095099181402e-06
pythia-1.4b,draw_2,low,5,3.072500112466514e-05,0.00011182521848240867,5.362172487366479e-06
pythia-1.4b,draw_2,low,6,5.034062996855937e-05,0.00022471288684755564,6.527985078719212e-06
pythia-1.4b,draw_2,low,7,6.114618736319244e-05,0.00022445598733611405,8.23979644337669e-06
pythia-1.4b,draw_2,low,8,4.404340506880544e-05,0.0001787086803233251,6.761802524124505e-06
pythia-1.4b,draw_2,low,9,2.972071524709463e-05,9.7635158454068e-05,3.5885170746041695e-06
pythia-1.4b,draw_2,low,10,0.006789405830204487,0.02935519814491272,0.0009104342316277325
pythia-1.4b,draw_2,low,11,0.003283510450273752,0.010259317234158516,0.0005349268321879208
pythia-1.4b,draw_2,low,12,0.003033677814528346,0.009609466418623924,0.0004118114593438804
pythia-1.4b,draw_2,low,13,0.035983093082904816,0.09503954648971558,0.0056112296879291534
pythia-1.4b,draw_2,low,14,0.05086221173405647,0.11503829807043076,0.008082267828285694
pythia-1.4b,draw_2,low,15,0.2001659870147705,0.25299301743507385,0.08928922563791275
pythia-1.4b,draw_2,low,16,0.21359694004058838,0.24109362065792084,0.11750660091638565
pythia-1.4b,draw_2,low,17,0.16126541793346405,0.20888155698776245,0.06739496439695358
pythia-1.4b,draw_2,low,18,0.10057738423347473,0.14755727350711823,0.03015572763979435
pythia-1.4b,draw_2,low,19,0.042625974863767624,0.07282312959432602,0.013240541331470013
pythia-1.4b,draw_2,low,20,0.022466573864221573,0.04014803469181061,0.007484608329832554
pythia-1.4b,draw_2,low,21,0.03181252256035805,0.05506695434451103,0.010893126018345356
pythia-1.4b,draw_2,low,22,0.13818739354610443,0.15935727953910828,0.07531049102544785
pythia-1.4b,draw_2,low,23,0.5274654030799866,0.26786088943481445,0.5426085591316223
pythia-1.4b,draw_2,medium,0,9.586587111698464e-06,2.46472773142159e-05,2.310147465323098e-06
pythia-1.4b,draw_2,medium,1,1.0316524821973871e-05,2.4764811314526014e-05,2.9741345315414947e-06
pythia-1.4b,draw_2,medium,2,1.2794616850442253e-05,3.073629704886116e-05,4.290051492716884e-06
pythia-1.4b,draw_2,medium,3,1.2347820302238688e-05,2.5441548132221214e-05,3.3875310236908263e-06
pythia-1.4b,draw_2,medium,4,2.276587656524498e-05,5.854434130014852e-05,5.244009571470087e-06
pythia-1.4b,draw_2,medium,5,4.837027154280804e-05,0.0001736550620989874,1.0152917639061343e-05
pythia-1.4b,draw_2,medium,6,4.570743840304203e-05,0.00021323826513253152,5.4175516197574325e-06
pythia-1.4b,draw_2,medium,7,7.450836710631847e-05,0.00030931574292480946,1.1734765394066926e-05
pythia-1.4b,draw_2,medium,8,5.074697401141748e-05,0.0001745002664392814,1.0439141988172196e-05
pythia-1.4b,draw_2,medium,9,4.187241574982181e-05,0.00016437571321148425,7.188693871285068e-06
pythia-1.4b,draw_2,medium,10,0.011628659442067146,0.04183268919587135,0.0017736518057063222
pythia-1.4b,draw_2,medium,11,0.006319304928183556,0.020121170207858086,0.0012186983367428184
pythia-1.4b,draw_2,medium,12,0.008988185785710812,0.030561305582523346,0.0012407321482896805
pythia-1.4b,draw_2,medium,13,0.05794481933116913,0.13674424588680267,0.008436041884124279
pythia-1.4b,draw_2,medium,14,0.0831073597073555,0.1773097813129425,0.010611536912620068
pythia-1.4b,draw_2,medium,15,0.29632362723350525,0.2814643085002899,0.19560232758522034
pythia-1.4b,draw_2,medium,16,0.36453500390052795,0.2788095474243164,0.31101348996162415
pythia-1.4b,draw_2,medium,17,0.3055242598056793,0.26716646552085876,0.22135034203529358
pythia-1.4b,draw_2,medium,18,0.24257497489452362,0.22527924180030823,0.16267666220664978
pythia-1.4b,draw_2,medium,19,0.12268653512001038,0.14444804191589355,0.06596275418996811
pythia-1.4b,draw_2,medium,20,0.08922355622053146,0.12811768054962158,0.039813458919525146
pythia-1.4b,draw_2,medium,21,0.102146215736866,0.12898580729961395,0.055278703570365906
pythia-1.4b,draw_2,medium,22,0.25157278776168823,0.2023966759443283,0.1793319582939148
pythia-1.4b,draw_2,medium,23,0.5503472685813904,0.2486344873905182,0.5832942128181458
pythia-1.4b,draw_2,high,0,2.5005461793625727e-05,7.225054287118837e-05,4.5354045141721144e-06
pythia-1.4b,draw_2,high,1,3.2956151699181646e-05,8.890127355698496e-05,6.646177553193411e-06
pythia-1.4b,draw_2,high,2,3.5262000892544165e-05,0.00010569780715741217,7.4400172707100864e-06
pythia-1.4b,draw_2,high,3,3.7252360925776884e-05,0.00010434903379064053,8.237398105848115e-06
pythia-1.4b,draw_2,high,4,6.479094008682296e-05,0.00015679726493544877,1.3246816706669051e-05
pythia-1.4b,draw_2,high,5,0.00014835759066045284,0.00037603636155836284,3.0129001970635727e-05
pythia-1.4b,draw_2,high,6,8.392947347601876e-05,0.00019280350534245372,1.6353144019376487e-05
pythia-1.4b,draw_2,high,7,0.0002800094662234187,0.0009386801393702626,3.2141942938324064e-05
pythia-1.4b,draw_2,high,8,0.0002045241853920743,0.0006528893136419356,2.6867281121667475e-05
pythia-1.4b,draw_2,high,9,0.00022321799769997597,0.0008243448100984097,2.4409915567957796e-05
pythia-1.4b,draw_2,high,10,0.041546616703271866,0.0893205776810646,0.007565363775938749
pythia-1.4b,draw_2,high,11,0.026054739952087402,0.057396743446588516,0.006023840978741646
pythia-1.4b,draw_2,high,12,0.040118128061294556,0.10224354267120361,0.007224639877676964
pythia-1.4b,draw_2,high,13,0.12042133510112762,0.21850410103797913,0.02613518014550209
pythia-1.4b,draw_2,high,14,0.18782906234264374,0.2754662334918976,0.04129699617624283
pythia-1.4b,draw_2,high,15,0.49934476613998413,0.3580944240093231,0.5127382874488831
pythia-1.4b,draw_2,high,16,0.6400392055511475,0.31447288393974304,0.7263896465301514
pythia-1.4b,draw_2,high,17,0.6005128026008606,0.3123427629470825,0.6734623312950134
pythia-1.4b,draw_2,high,18,0.5284816026687622,0.3122541606426239,0.5496134161949158
pythia-1.4b,draw_2,high,19,0.3641568124294281,0.27865028381347656,0.30060434341430664
pythia-1.4b,draw_2,high,20,0.2786056399345398,0.24342311918735504,0.21537384390830994
pythia-1.4b,draw_2,high,21,0.29069095849990845,0.24351319670677185,0.23531557619571686
pythia-1.4b,draw_2,high,22,0.45177653431892395,0.25711604952812195,0.43323343992233276
pythia-1.4b,draw_2,high,23,0.5463831424713135,0.24125412106513977,0.5558421611785889
pythia-1.4b,draw_2,very_high,0,5.028117448091507e-05,0.00013812349061481655,1.0101800398842897e-05
pythia-1.4b,draw_2,very_high,1,6.428418419091031e-05,0.0002346184483030811,1.3253556062409189e-05
pythia-1.4b,draw_2,very_high,2,5.737296669394709e-05,0.0001711440272629261,1.3969425708637573e-05
pythia-1.4b,draw_2,very_high,3,6.087132351240143e-05,0.000140899617690593,1.2526771570264827e-05
pythia-1.4b,draw_2,very_high,4,0.00011801438085967675,0.00034474683343432844,2.4249648049590178e-05
pythia-1.4b,draw_2,very_high,5,0.00033774026087485254,0.0009134910651482642,5.5239299399545416e-05
pythia-1.4b,draw_2,very_high,6,0.0001709347270661965,0.0005049277096986771,2.7777197828982025e-05
pythia-1.4b,draw_2,very_high,7,0.0003730685857590288,0.0010153455659747124,8.013025944819674e-05
pythia-1.4b,draw_2,very_high,8,0.0003275390190538019,0.0009478726424276829,5.049094033893198e-05
pythia-1.4b,draw_2,very_high,9,0.000280422274954617,0.0006583841168321669,5.7558725529816e-05
pythia-1.4b,draw_2,very_high,10,0.11924555152654648,0.18257176876068115,0.03438888117671013
pythia-1.4b,draw_2,very_high,11,0.1116563156247139,0.17724557220935822,0.03339449688792229
pythia-1.4b,draw_2,very_high,12,0.14867903292179108,0.24019692838191986,0.03512509912252426
pythia-1.4b,draw_2,very_high,13,0.27722594141960144,0.3053770959377289,0.1264263540506363
pythia-1.4b,draw_2,very_high,14,0.32897812128067017,0.35122427344322205,0.16294793784618378
pythia-1.4b,draw_2,very_high,15,0.668212890625,0.3440425992012024,0.8099005222320557
pythia-1.4b,draw_2,very_high,16,0.8136118054389954,0.253980815410614,0.9329627752304077
pythia-1.4b,draw_2,very_high,17,0.7930458188056946,0.2579546272754669,0.9120911359786987
pythia-1.4b,draw_2,very_high,18,0.7438057661056519,0.2860039174556732,0.8894814848899841
pythia-1.4b,draw_2,very_high,19,0.6081101298332214,0.31355974078178406,0.7126420140266418
pythia-1.4b,draw_2,very_high,20,0.5496037006378174,0.310992032289505,0.577303409576416
pythia-1.4b,draw_2,very_high,21,0.5410217046737671,0.29985666275024414,0.5688609480857849
pythia-1.4b,draw_2,very_high,22,0.6442792415618896,0.25936368107795715,0.7049066424369812
pythia-1.4b,draw_2,very_high,23,0.5475319027900696,0.23293934762477875,0.5652181506156921
pythia-1.4b,draw_2,control,0,4.5700831833528355e-05,0.0001598782546352595,6.583811227756087e-06
pythia-1.4b,draw_2,control,1,3.921415554941632e-05,0.00010300792200723663,9.062437129614409e-06
pythia-1.4b,draw_2,control,2,3.9827587897889316e-05,7.750340591883287e-05,1.159094063041266e-05
pythia-1.4b,draw_2,control,3,4.9449179641669616e-05,0.00011726032244041562,1.1448530131019652e-05
pythia-1.4b,draw_2,control,4,0.00016121147200465202,0.00093455845490098,2.068365029117558e-05
pythia-1.4b,draw_2,control,5,0.0003299169766250998,0.0011491007171571255,4.9303038395009935e-05
pythia-1.4b,draw_2,control,6,0.00016347868950106204,0.0005053176428191364,1.816897747630719e-05
pythia-1.4b,draw_2,control,7,0.0004046049143653363,0.00128374679479748,5.702462658518925e-05
pythia-1.4b,draw_2,control,8,0.0003213155723642558,0.0008278474560938776,4.162159893894568e-05
pythia-1.4b,draw_2,control,9,0.0005178978899493814,0.0026601918507367373,4.5347325794864446e-05
pythia-1.4b,draw_2,control,10,0.14652162790298462,0.22974805533885956,0.028994381427764893
pythia-1.4b,draw_2,control,11,0.13679750263690948,0.24270443618297577,0.022876838222146034
pythia-1.4b,draw_2,control,12,0.1734328716993332,0.29023095965385437,0.01818160153925419
pythia-1.4b,draw_2,control,13,0.2686190605163574,0.3288556635379791,0.07738056033849716
pythia-1.4b,draw_2,control,14,0.30035334825515747,0.3483400046825409,0.1239796057343483
pythia-1.4b,draw_2,control,15,0.581147313117981,0.3768927752971649,0.6689041256904602
pythia-1.4b,draw_2,control,16,0.7221137881278992,0.313386470079422,0.862162172794342
pythia-1.4b,draw_2,control,17,0.7009910941123962,0.32202428579330444,0.8508144021034241
pythia-1.4b,draw_2,control,18,0.6589903831481934,0.33064213395118713,0.7849594354629517
pythia-1.4b,draw_2,control,19,0.5242347121238708,0.34819939732551575,0.5437729954719543
pythia-1.4b,draw_2,control,20,0.47190606594085693,0.34275099635124207,0.4592164158821106
pythia-1.4b,draw_2,control,21,0.4512327313423157,0.3315816819667816,0.41767990589141846
pythia-1.4b,draw_2,control,22,0.5566728115081787,0.29342174530029297,0.6022284626960754
pythia-1.4b,draw_2,control,23,0.5365384817123413,0.2561681568622589,0.5658279657363892
pythia-1.4b,draw_3,low,0,4.843027909373632e-06,1.5117949260456953e-05,9.281502002522757e-07
pythia-1.4b,draw_3,low,1,5.3366038628155366e-06,1.2065914233971853e-05,1.2963905646756757e-06
pythia-1.4b,draw_3,low,2,7.598830052302219e-06,1.891115061880555e-05,1.5586767858621897e-06
pythia-1.4b,draw_3,low,3,9.032431080413517e-06,2.5546825781930238e-05,1.3764321238340926e-06
pythia-1.4b,draw_3,low,4,9.212965778715443e-06,2.5374429242219776e-05,1.2760331173922168e-06
pythia-1.4b,draw_3,low,5,2.103179576806724e-05,6.225211836863309e-05,2.750154408204253e-06
pythia-1.4b,draw_3,low,6,2.479188515280839e-05,7.726299372734502e-05,3.034304882021388e-06
pythia-1.4b,draw_3,low,7,3.579604526748881e-05,0.0001345387427136302,5.292443347570952e-06
pythia-1.4b,draw_3,low,8,3.119010216323659e-05,0.00013164962001610547,3.828099124802975e-06
pythia-1.4b,draw_3,low,9,2.376444717810955e-05,0.00014903572446200997,2.1202920379437273e-06
pythia-1.4b,draw_3,low,10,0.004374906420707703,0.015419160947203636,0.0006324425921775401
pythia-1.4b,draw_3,low,11,0.0027437619864940643,0.010739543475210667,0.0004506804689299315
pythia-1.4b,draw_3,low,12,0.003398970467969775,0.01378229446709156,0.0004505700198933482
pythia-1.4b,draw_3,low,13,0.02408120408654213,0.05835093930363655,0.003914297558367252
pythia-1.4b,draw_3,low,14,0.045054055750370026,0.10290515422821045,0.007528312504291534
pythia-1.4b,draw_3,low,15,0.21647745370864868,0.25703468918800354,0.10701663792133331
pythia-1.4b,draw_3,low,16,0.21979305148124695,0.24634389579296112,0.10553085803985596
pythia-1.4b,draw_3,low,17,0.17171232402324677,0.21673782169818878,0.07444704324007034
pythia-1.4b,draw_3,low,18,0.1190033107995987,0.15740521252155304,0.05285212770104408
pythia-1.4b,draw_3,low,19,0.047381144016981125,0.07791602611541748,0.0183933824300766
pythia-1.4b,draw_3,low,20,0.022021232172846794,0.04599874094128609,0.008438404649496078
pythia-1.4b,draw_3,low,21,0.029770515859127045,0.05742432177066803,0.012150418944656849
pythia-1.4b,draw_3,low,22,0.12911023199558258,0.1431519091129303,0.08533795922994614
pythia-1.4b,draw_3,low,23,0.4938667416572571,0.2769557237625122,0.494933158159256
pythia-1.4b,draw_3,medium,0,1.0520603609620593e-05,3.4274515201104805e-05,1.8898549569712486e-06
pythia-1.4b,draw_3,medium,1,1.0892807949858252e-05,2.887168011511676e-05,2.6700411126512336e-06
pythia-1.4b,draw_3,medium,2,1.2726681234198622e-05,2.8731821657856926e-05,4.195134351903107e-06
pythia-1.4b,draw_3,medium,3,1.4645091141574085e-05,4.4535179767990485e-05,4.462920969672268e-06
pythia-1.4b,draw_3,medium,4,2.90972111542942e-05,0.00010448595276102424,5.904984391236212e-06
pythia-1.4b,draw_3,medium,5,7.23674675100483e-05,0.0003443386813160032,1.040201368596172e-05
pythia-1.4b,draw_3,medium,6,5.313329893397167e-05,0.00023153016809374094,7.3244677878392395e-06
pythia-1.4b,draw_3,medium,7,6.914210098329931e-05,0.00020763499196618795,1.4419856597669423e-05
pythia-1.4b,draw_3,medium,8,4.2558043787721545e-05,9.859269630396739e-05,1.0067859875562135e-05
pythia-1.4b,draw_3,medium,9,4.516517583397217e-05,0.00015235865430440754,7.314581580430968e-06
pythia-1.4b,draw_3,medium,10,0.01009877398610115,0.02945316769182682,0.0020498496014624834
pythia-1.4b,draw_3,medium,11,0.00535254692658782,0.013645942322909832,0.0015759773086756468
pythia-1.4b,draw_3,medium,12,0.0061981817707419395,0.018256474286317825,0.001283791265450418
pythia-1.4b,draw_3,medium,13,0.04082535579800606,0.0898430123925209,0.00680108368396759
pythia-1.4b,draw_3,medium,14,0.07405707240104675,0.1439385861158371,0.010806525126099586
pythia-1.4b,draw_3,medium,15,0.3285880982875824,0.3106396496295929,0.2014366239309311
pythia-1.4b,draw_3,medium,16,0.392937034368515,0.29492056369781494,0.3432054817676544
pythia-1.4b,draw_3,medium,17,0.31635934114456177,0.2694638967514038,0.24473293125629425
pythia-1.4b,draw_3,medium,18,0.24632875621318817,0.23186448216438293,0.1672096997499466
pythia-1.4b,draw_3,medium,19,0.1121472492814064,0.13193883001804352,0.05925969406962395
pythia-1.4b,draw_3,medium,20,0.07254356145858765,0.10418777912855148,0.03137802332639694
pythia-1.4b,draw_3,medium,21,0.08644755929708481,0.11419567465782166,0.04014747589826584
pythia-1.4b,draw_3,medium,22,0.23099678754806519,0.19435255229473114,0.1792227029800415
pythia-1.4b,draw_3,medium,23,0.5096775889396667,0.2603724002838135,0.521216869354248
pythia-1.4b,draw_3,high,0,2.288996802235488e-05,6.222673982847482e-05,4.455292582861148e-06
pythia-1.4b,draw_3,high,1,2.691039480851032e-05,9.339593088952824e-05,5.199193310545525e-06
pythia-1.4b,draw_3,high,2,2.8433792977011763e-05,7.265287422342226e-05,7.138670298445504e-06
pythia-1.4b,draw_3,high,3,3.2600248232483864e-05,9.301481622969732e-05,6.165013928693952e-06
pythia-1.4b,draw_3,high,4,7.238474790938199e-05,0.00024335103807970881,1.0377957551099826e-05
pythia-1.4b,draw_3,high,5,0.0001189560498460196,0.0003316918446216732,2.4032799046835862e-05
pythia-1.4b,draw_3,high,6,9.243925160262734e-05,0.00025760807329788804,1.3996615052747075e-05
pythia-1.4b,draw_3,high,7,0.0001994744234252721,0.0005324336234480143,3.0453815270448104e-05
pythia-1.4b,draw_3,high,8,0.00014417202328331769,0.00047882768558338284,2.5086083041969687e-05
pythia-1.4b,draw_3,high,9,0.00016513792797923088,0.0006019886932335794,2.4507788111804985e-05
pythia-1.4b,draw_3,high,10,0.031521786004304886,0.06134864315390587,0.00810874905437231
pythia-1.4b,draw_3,high,11,0.020200451835989952,0.045009393244981766,0.005202498286962509
pythia-1.4b,draw_3,high,12,0.027210041880607605,0.06821271032094955,0.004365169443190098
pythia-1.4b,draw_3,high,13,0.10578194260597229,0.1732991486787796,0.026253683492541313
pythia-1.4b,draw_3,high,14,0.134849414229393,0.21384699642658234,0.03490738570690155
pythia-1.4b,draw_3,high,15,0.4613438844680786,0.33076757192611694,0.4617112874984741
pythia-1.4b,draw_3,high,16,0.6085821390151978,0.29919397830963135,0.6686125993728638
pythia-1.4b,draw_3,high,17,0.5540448427200317,0.3006135821342468,0.5751132965087891
pythia-1.4b,draw_3,high,18,0.5102276802062988,0.28876224160194397,0.4938279390335083
pythia-1.4b,draw_3,high,19,0.33181071281433105,0.251098096370697,0.27998435497283936
pythia-1.4b,draw_3,high,20,0.25034233927726746,0.21711474657058716,0.18855935335159302
pythia-1.4b,draw_3,high,21,0.2545474171638489,0.21629458665847778,0.19861383736133575
pythia-1.4b,draw_3,high,22,0.41183924674987793,0.24649536609649658,0.3699731230735779
pythia-1.4b,draw_3,high,23,0.5076152086257935,0.23836979269981384,0.517084002494812
pythia-1.4b,draw_3,very_high,0,5.158558633411303e-05,0.00015991897089406848,9.348841558676213e-06
pythia-1.4b,draw_3,very_high,1,6.835959356976673e-05,0.00019923753279726952,1.3788489923172165e-05
pythia-1.4b,draw_3,very_high,2,6.140895857242867e-05,0.0001383099879603833,1.3489887351170182e-05
pythia-1.4b,draw_3,very_high,3,7.13855552021414e-05,0.00018351014296058565,1.7125517842941917e-05
pythia-1.4b,draw_3,very_high,4,0.0001609169557923451,0.0003675715415738523,2.849877273547463e-05
pythia-1.4b,draw_3,very_high,5,0.0004518870555330068,0.001235005329363048,6.509093509521335e-05
pythia-1.4b,draw_3,very_high,6,0.0002679171448107809,0.0009103117045015097,3.343066418892704e-05
pythia-1.4b,draw_3,very_high,7,0.0005046604783274233,0.0012134491698816419,8.336969767697155e-05
pythia-1.4b,draw_3,very_high,8,0.0005181407323107123,0.002526279538869858,7.161386747611687e-05
pythia-1.4b,draw_3,very_high,9,0.0006783814169466496,0.004719569347798824,6.442928861360997e-05
pythia-1.4b,draw_3,very_high,10,0.12263865768909454,0.1828153133392334,0.04018206149339676
pythia-1.4b,draw_3,very_high,11,0.12865057587623596,0.20886653661727905,0.03651730716228485
pythia-1.4b,draw_3,very_high,12,0.1621333807706833,0.23127210140228271,0.04300330951809883
pythia-1.4b,draw_3,very_high,13,0.29320287704467773,0.3124155104160309,0.17563042044639587
pythia-1.4b,draw_3,very_high,14,0.3190344572067261,0.35267913341522217,0.14741382002830505
pythia-1.4b,draw_3,very_high,15,0.6545944809913635,0.3506830036640167,0.8121147155761719
pythia-1.4b,draw_3,very_high,16,0.7982209324836731,0.27206259965896606,0.9455413222312927
pythia-1.4b,draw_3,very_high,17,0.7990310192108154,0.2533310055732727,0.9212374091148376
pythia-1.4b,draw_3,very_high,18,0.7421949505805969,0.2629983723163605,0.8336758613586426
pythia-1.4b,draw_3,very_high,19,0.5911107659339905,0.2991085648536682,0.6489884257316589
pythia-1.4b,draw_3,very_high,20,0.5512760281562805,0.29120826721191406,0.5642022490501404
pythia-1.4b,draw_3,very_high,21,0.539126455783844,0.28511157631874084,0.5500508546829224
pythia-1.4b,draw_3,very_high,22,0.6314072012901306,0.24991784989833832,0.6748985052108765
pythia-1.4b,draw_3,very_high,23,0.5464897751808167,0.23736143112182617,0.5575008392333984
pythia-1.4b,draw_3,control,0,6.39497084193863e-05,0.00041291615343652666,7.366387762886006e-06
pythia-1.4b,draw_3,control,1,0.00010953507444355637,0.0008635213598608971,1.1679176168399863e-05
pythia-1.4b,draw_3,control,2,0.00011515287042129785,0.0009462210000492632,1.077569140761625e-05
pythia-1.4b,draw_3,control,3,0.00010716747783590108,0.0006572252605110407,1.0356326129112858e-05
pythia-1.4b,draw_3,control,4,0.0002470209146849811,0.0011385151883587241,2.1819330868311226e-05
pythia-1.4b,draw_3,control,5,0.0005730468546971679,0.002432975685223937,5.036389484303072e-05
pythia-1.4b,draw_3,control,6,0.00033194408752024174,0.0013514739694073796,3.146882954752073e-05
pythia-1.4b,draw_3,control,7,0.0012217846233397722,0.009588557295501232,9.548021625960246e-05
pythia-1.4b,draw_3,control,8,0.0005845810519531369,0.0032638616394251585,5.765950845670886e-05
pythia-1.4b,draw_3,control,9,0.0005754578742198646,0.003111493308097124,6.429789937101305e-05
pythia-1.4b,draw_3,control,10,0.1218310222029686,0.18690159916877747,0.032982029020786285
pythia-1.4b,draw_3,control,11,0.12158801406621933,0.20968857407569885,0.02493991144001484
pythia-1.4b,draw_3,control,12,0.1508316546678543,0.2538439929485321,0.020711923018097878
pythia-1.4b,draw_3,control,13,0.29469260573387146,0.33955737948417664,0.09867338091135025
pythia-1.4b,draw_3,control,14,0.31931596994400024,0.3505021929740906,0.14018261432647705
pythia-1.4b,draw_3,control,15,0.610888659954071,0.3614669740200043,0.7076771259307861
pythia-1.4b,draw_3,control,16,0.7241671681404114,0.31555718183517456,0.8895880579948425
pythia-1.4b,draw_3,control,17,0.6928139925003052,0.32337188720703125,0.8513934016227722
pythia-1.4b,draw_3,control,18,0.6405418515205383,0.33205360174179077,0.7519093751907349
pythia-1.4b,draw_3,control,19,0.5019263625144958,0.33465901017189026,0.5384536981582642
pythia-1.4b,draw_3,control,20,0.4499068558216095,0.324521541595459,0.4511083960533142
pythia-1.4b,draw_3,control,21,0.44450485706329346,0.3200261890888214,0.42834144830703735
pythia-1.4b,draw_3,control,22,0.564983069896698,0.28964561223983765,0.6232768893241882
pythia-1.4b,draw_3,control,23,0.4966035485267639,0.2566404640674591,0.5314570665359497
