model,kind,run_a,run_b,cos_positional_global,cos_actual_aggregated,cos_marginal_mass,cos_pos_17,cos_pos_18,cos_pos_19,cos_pos_20,cos_pos_21,n_shared_acdc_edges,shared_profile_cos_unweighted,shared_profile_cos_weighted,shared_profile_tv_unweighted,shared_profile_tv_weighted
pythia-70m,within,low/draw_1,low/draw_2,0.9816023111343384,0.9853591322898865,0.9858132600784302,0.8844658136367798,0.8868874311447144,0.9560126066207886,0.8986513614654541,0.9849103689193726,350,0.9247042536735535,0.9803507328033447,0.14415021240711212,0.065513014793396
pythia-70m,within,low/draw_1,low/draw_3,0.9807668924331665,0.9865204095840454,0.9867086410522461,0.951185405254364,0.8066840767860413,0.9446871876716614,0.938093364238739,0.9833292961120605,341,0.940215528011322,0.9826406240463257,0.13053470849990845,0.06827514618635178
pythia-70m,between,low/draw_1,medium/draw_1,0.9771402478218079,0.9838355183601379,0.9842931628227234,0.8794601559638977,0.7693045139312744,0.9595199227333069,0.9539357423782349,0.9792261123657227,338,0.9282735586166382,0.9829487204551697,0.14612354338169098,0.07117322087287903
pythia-70m,other,low/draw_1,medium/draw_2,0.9748542308807373,0.9751996397972107,0.9761055111885071,0.8976804614067078,0.7887225151062012,0.884440004825592,0.9238578677177429,0.9782715439796448,348,0.9336655735969543,0.9820247888565063,0.13503716886043549,0.06772834807634354
pythia-70m,other,low/draw_1,medium/draw_3,0.9810715317726135,0.9767638444900513,0.9788378477096558,0.9271184802055359,0.8503333926200867,0.8469762802124023,0.9199551343917847,0.9852198958396912,341,0.928706169128418,0.9822260737419128,0.14265938103199005,0.06883913278579712
pythia-70m,between,low/draw_1,high/draw_1,0.952074408531189,0.9601631164550781,0.9621440172195435,0.8765430450439453,0.6041009426116943,0.9323509335517883,0.9548656344413757,0.9537627696990967,348,0.9305734038352966,0.9793410301208496,0.14721131324768066,0.07924734801054001
pythia-70m,other,low/draw_1,high/draw_2,0.963655948638916,0.9611971974372864,0.9631034731864929,0.7694199085235596,0.612994372844696,0.900452733039856,0.9434242248535156,0.9678527116775513,342,0.9324953556060791,0.9812108278274536,0.14021791517734528,0.07300989329814911
pythia-70m,other,low/draw_1,high/draw_3,0.9517213106155396,0.9568871855735779,0.9593768119812012,0.7248856425285339,0.5616284608840942,0.9312182664871216,0.9340736269950867,0.955600380897522,353,0.9241399765014648,0.9773115515708923,0.15088416635990143,0.08433351665735245
pythia-70m,between,low/draw_1,very_high/draw_1,0.8916735649108887,0.8997337818145752,0.9040302634239197,0.6658495664596558,0.656028687953949,0.895050048828125,0.9549365043640137,0.8914867043495178,336,0.9200042486190796,0.9738765954971313,0.15484917163848877,0.09062480926513672
pythia-70m,other,low/draw_1,very_high/draw_2,0.9138657450675964,0.9067776799201965,0.9120576977729797,0.682884693145752,0.5636091828346252,0.8813719749450684,0.9653638005256653,0.9159935712814331,337,0.9337638020515442,0.9796690940856934,0.14172525703907013,0.07927920669317245
pythia-70m,other,low/draw_1,very_high/draw_3,0.9017680287361145,0.8990839123725891,0.905263364315033,0.6211935877799988,0.5592014193534851,0.8566120266914368,0.9647603034973145,0.9032352566719055,333,0.9308505654335022,0.9763082265853882,0.14341117441654205,0.08510344475507736
pythia-70m,between,low/draw_1,control/draw_1,0.9301220178604126,0.9285553097724915,0.9316101670265198,0.7549213171005249,0.5530096888542175,0.8735951781272888,0.9756556153297424,0.9321564435958862,346,0.9246147871017456,0.9736297130584717,0.1530645340681076,0.08159342408180237
pythia-70m,other,low/draw_1,control/draw_2,0.9128565788269043,0.9232763648033142,0.9261077642440796,0.7567631602287292,0.6014376878738403,0.8700563907623291,0.9455397725105286,0.9139760732650757,333,0.9199513792991638,0.97373366355896,0.15567106008529663,0.09105457365512848
pythia-70m,other,low/draw_1,control/draw_3,0.9184609055519104,0.9248616695404053,0.9269015789031982,0.6930190324783325,0.5899856686592102,0.8914725184440613,0.928357720375061,0.9204246997833252,339,0.9156040549278259,0.9758657217025757,0.16138266026973724,0.08588151633739471
pythia-70m,within,low/draw_2,low/draw_3,0.9797236919403076,0.9861567616462708,0.9859434366226196,0.8802793622016907,0.9364162087440491,0.9463996887207031,0.9690372943878174,0.9812373518943787,354,0.934515118598938,0.9810847043991089,0.1368981897830963,0.06476232409477234
pythia-70m,other,low/draw_2,medium/draw_1,0.9735842943191528,0.9815106987953186,0.9818293452262878,0.9055182933807373,0.9082356691360474,0.9495105743408203,0.937706470489502,0.9760245680809021,351,0.9188010692596436,0.9736458659172058,0.15350744128227234,0.07522645592689514
pythia-70m,between,low/draw_2,medium/draw_2,0.9715257287025452,0.9810320734977722,0.9815719723701477,0.8242864012718201,0.9190188050270081,0.9338775873184204,0.9554824829101562,0.9732608795166016,351,0.9235718250274658,0.9793654680252075,0.14689330756664276,0.07147203385829926
pythia-70m,other,low/draw_2,medium/draw_3,0.9778445363044739,0.9780275225639343,0.9818282127380371,0.8211829662322998,0.9368109703063965,0.9081060886383057,0.9483333230018616,0.9804254174232483,349,0.9243332147598267,0.9793688654899597,0.14673714339733124,0.06896767020225525
pythia-70m,other,low/draw_2,high/draw_1,0.9439050555229187,0.9493321180343628,0.9514116048812866,0.8292965292930603,0.8033774495124817,0.9536858201026917,0.9517304301261902,0.9449323415756226,356,0.9163485765457153,0.9770563840866089,0.15707039833068848,0.07548223435878754
pythia-70m,between,low/draw_2,high/draw_2,0.9569385051727295,0.9545384645462036,0.9564946889877319,0.7715714573860168,0.8202840685844421,0.9461880326271057,0.9388245940208435,0.96015465259552,341,0.9145450592041016,0.9734377861022949,0.15832430124282837,0.07464251667261124
pythia-70m,other,low/draw_2,high/draw_3,0.9420105218887329,0.9472320675849915,0.949653148651123,0.8006167411804199,0.7665520310401917,0.933462381362915,0.9373772740364075,0.9446367621421814,355,0.9254647493362427,0.9765382409095764,0.1500595510005951,0.08085449784994125
pythia-70m,other,low/draw_2,very_high/draw_1,0.8845020532608032,0.8854570984840393,0.8900547027587891,0.6912060976028442,0.8280235528945923,0.9247933626174927,0.9241687059402466,0.8843349814414978,345,0.9183434247970581,0.9733229279518127,0.15634803473949432,0.08473624289035797
pythia-70m,between,low/draw_2,very_high/draw_2,0.9090281128883362,0.8945869207382202,0.900221049785614,0.740179181098938,0.7630139589309692,0.917915940284729,0.890343964099884,0.9127352833747864,339,0.9163493514060974,0.9786704778671265,0.16412530839443207,0.0763336569070816
pythia-70m,other,low/draw_2,very_high/draw_3,0.8958547115325928,0.8872706294059753,0.8944349884986877,0.6203175187110901,0.7669904232025146,0.9096818566322327,0.8837649822235107,0.8983449339866638,342,0.9170467257499695,0.9727138876914978,0.15798969566822052,0.08330506831407547
pythia-70m,other,low/draw_2,control/draw_1,0.9184510111808777,0.9130058288574219,0.9158724546432495,0.7875725030899048,0.7790018320083618,0.9191617369651794,0.8613680005073547,0.9224216938018799,346,0.9130819439888,0.9737766981124878,0.16324754059314728,0.07984938472509384
pythia-70m,between,low/draw_2,control/draw_2,0.9067972302436829,0.9127763509750366,0.9156960844993591,0.7257407903671265,0.8072749376296997,0.9186373353004456,0.8626587390899658,0.9091166257858276,342,0.9093469977378845,0.9697440266609192,0.16771171987056732,0.0891866385936737
pythia-70m,other,low/draw_2,control/draw_3,0.9072021842002869,0.9069707989692688,0.9103450179100037,0.7189527750015259,0.7804775238037109,0.9402164220809937,0.8882977962493896,0.9085708856582642,345,0.9082378149032593,0.976936936378479,0.16171063482761383,0.07699496299028397
pythia-70m,other,low/draw_3,medium/draw_1,0.975106418132782,0.9819446206092834,0.9816100597381592,0.9062148928642273,0.8807737827301025,0.9302268028259277,0.9614543318748474,0.9767979383468628,347,0.9337529540061951,0.981745719909668,0.13427628576755524,0.06673144549131393
pythia-70m,other,low/draw_3,medium/draw_2,0.9738773703575134,0.9808465242385864,0.9811293482780457,0.9256213307380676,0.9373683929443359,0.8915046453475952,0.9589722156524658,0.9758229851722717,352,0.928375780582428,0.9804461002349854,0.14143219590187073,0.07291243970394135
pythia-70m,between,low/draw_3,medium/draw_3,0.9846044778823853,0.9862478971481323,0.9879069924354553,0.9418603777885437,0.9000393748283386,0.8712719678878784,0.9461654424667358,0.9877089858055115,349,0.9338846802711487,0.9818037748336792,0.13751013576984406,0.06955020874738693
pythia-70m,other,low/draw_3,high/draw_1,0.9499822854995728,0.9521888494491577,0.9535418152809143,0.8297223448753357,0.8254578709602356,0.9320484399795532,0.9726815223693848,0.950569212436676,361,0.9297958612442017,0.9803460836410522,0.1451433300971985,0.07123015820980072
pythia-70m,other,low/draw_3,high/draw_2,0.9609675407409668,0.9545015692710876,0.9570344686508179,0.7004419565200806,0.8349783420562744,0.911224901676178,0.9526796936988831,0.9639448523521423,343,0.9285856485366821,0.9808032512664795,0.14417463541030884,0.0671067014336586
pythia-70m,between,low/draw_3,high/draw_3,0.9541693925857544,0.9527132511138916,0.9537685513496399,0.6570273637771606,0.746283769607544,0.9114177227020264,0.9590173959732056,0.9569278359413147,356,0.9271357655525208,0.981474757194519,0.148821622133255,0.0757027268409729
pythia-70m,other,low/draw_3,very_high/draw_1,0.8922203779220581,0.8928312659263611,0.896256148815155,0.5849748253822327,0.775097668170929,0.8854221105575562,0.945995032787323,0.8922457695007324,348,0.9227471947669983,0.9747977256774902,0.15181034803390503,0.08561432361602783
pythia-70m,other,low/draw_3,very_high/draw_2,0.9138007760047913,0.8986906409263611,0.9037103056907654,0.607983410358429,0.7489879131317139,0.8736928701400757,0.9254876375198364,0.9166158437728882,338,0.9306256175041199,0.978950023651123,0.1458866149187088,0.07628680765628815
pythia-70m,between,low/draw_3,very_high/draw_3,0.9099141359329224,0.8962783217430115,0.9039754271507263,0.5475690364837646,0.7345359921455383,0.8782768249511719,0.9248718619346619,0.9122219681739807,339,0.925410807132721,0.9748019576072693,0.1478428840637207,0.08196502178907394
pythia-70m,other,low/draw_3,control/draw_1,0.9291477799415588,0.9205832481384277,0.9224618673324585,0.6792896389961243,0.7621589303016663,0.8691723942756653,0.9039050936698914,0.932809591293335,343,0.9231899976730347,0.9772322773933411,0.1526963859796524,0.07842877507209778
pythia-70m,other,low/draw_3,control/draw_2,0.9205067753791809,0.9203557372093201,0.921763002872467,0.6782307624816895,0.7958831191062927,0.8856053948402405,0.9069844484329224,0.9226568937301636,339,0.9251543283462524,0.9782556295394897,0.14823727309703827,0.0786694660782814
pythia-70m,between,low/draw_3,control/draw_3,0.923508882522583,0.9202611446380615,0.9218333959579468,0.5879388451576233,0.762111485004425,0.9009469151496887,0.9213579297065735,0.9257118701934814,345,0.9244115948677063,0.9779003858566284,0.1485554724931717,0.07858453691005707
pythia-70m,within,medium/draw_1,medium/draw_2,0.9579370617866516,0.9684802889823914,0.9691078662872314,0.9434733986854553,0.8803783655166626,0.9085292816162109,0.9694486856460571,0.9593295454978943,350,0.9359899163246155,0.9812599420547485,0.13792486488819122,0.07133235782384872
pythia-70m,within,medium/draw_1,medium/draw_3,0.9803712964057922,0.9811381697654724,0.9833748936653137,0.8853314518928528,0.8684719204902649,0.8205721378326416,0.9709675908088684,0.9835162162780762,348,0.936392068862915,0.9816282987594604,0.13465069234371185,0.06984299421310425
pythia-70m,between,medium/draw_1,high/draw_1,0.9737570285797119,0.9774067401885986,0.9781703352928162,0.8733394145965576,0.9047320485115051,0.957206666469574,0.9697617888450623,0.9747286438941956,355,0.9318634271621704,0.9812173843383789,0.13467425107955933,0.06328649818897247
pythia-70m,other,medium/draw_1,high/draw_2,0.9768398404121399,0.9743614792823792,0.9759619235992432,0.6680378913879395,0.9082151651382446,0.9437568187713623,0.9637630581855774,0.9792962074279785,345,0.9291243553161621,0.9827601909637451,0.14232681691646576,0.05923338234424591
pythia-70m,other,medium/draw_1,high/draw_3,0.9747312664985657,0.9765991568565369,0.97724848985672,0.6898296475410461,0.8461478352546692,0.9448962211608887,0.9651007652282715,0.9772161841392517,353,0.93254154920578,0.9810405969619751,0.1413354128599167,0.06769612431526184
pythia-70m,between,medium/draw_1,very_high/draw_1,0.9341605305671692,0.936738133430481,0.9388227462768555,0.6354901194572449,0.9117469787597656,0.9419252872467041,0.9602413773536682,0.9343068599700928,344,0.9274079203605652,0.9772648811340332,0.1470033824443817,0.07518017292022705
pythia-70m,other,medium/draw_1,very_high/draw_2,0.9481157660484314,0.9402715563774109,0.9439888596534729,0.7020386457443237,0.8502938747406006,0.9443448781967163,0.9237527251243591,0.9510555863380432,339,0.9312295913696289,0.9782557487487793,0.1417473554611206,0.06689856201410294
pythia-70m,other,medium/draw_1,very_high/draw_3,0.9460021257400513,0.9377733469009399,0.9437568187713623,0.5866895318031311,0.8530861735343933,0.9283970594406128,0.9656728506088257,0.9473490715026855,349,0.9297497868537903,0.9801006317138672,0.14200158417224884,0.0689677894115448
pythia-70m,between,medium/draw_1,control/draw_1,0.955220103263855,0.9536670446395874,0.9546746611595154,0.7730353474617004,0.849463701248169,0.9185457229614258,0.931574821472168,0.9578707218170166,345,0.9211233854293823,0.9731203317642212,0.1540491133928299,0.07340317964553833
pythia-70m,other,medium/draw_1,control/draw_2,0.9526525139808655,0.9549066424369812,0.9561019539833069,0.6979697346687317,0.8960281014442444,0.9176437258720398,0.9558990597724915,0.9539569616317749,346,0.9260469079017639,0.977908730506897,0.14689554274082184,0.07149829715490341
pythia-70m,other,medium/draw_1,control/draw_3,0.9439680576324463,0.9468274116516113,0.9485834836959839,0.6368185877799988,0.8853822350502014,0.9215749502182007,0.9175664186477661,0.9463021159172058,342,0.9172481894493103,0.9767394065856934,0.15189824998378754,0.07249865680932999
pythia-70m,within,medium/draw_2,medium/draw_3,0.9740748405456543,0.9791235327720642,0.9820498824119568,0.9294435977935791,0.9262356162071228,0.9135619401931763,0.9798561930656433,0.9756722450256348,351,0.9320245981216431,0.9811475276947021,0.13677574694156647,0.06472105532884598
pythia-70m,other,medium/draw_2,high/draw_1,0.9348559975624084,0.9381625056266785,0.9400617480278015,0.8848162293434143,0.8274580836296082,0.9499157667160034,0.9453901648521423,0.9355766773223877,354,0.9275831580162048,0.9795097708702087,0.14038173854351044,0.0700535774230957
pythia-70m,between,medium/draw_2,high/draw_2,0.9551659822463989,0.9510748982429504,0.952800989151001,0.6387825608253479,0.8269153833389282,0.9599699974060059,0.9471251964569092,0.9589664936065674,348,0.9304866790771484,0.9811815619468689,0.1393425166606903,0.07135893404483795
pythia-70m,other,medium/draw_2,high/draw_3,0.933896005153656,0.9398918151855469,0.9421112537384033,0.600982129573822,0.6597179174423218,0.951155424118042,0.9467307329177856,0.9374144673347473,355,0.9312604665756226,0.9777430295944214,0.14174014329910278,0.08328667283058167
pythia-70m,other,medium/draw_2,very_high/draw_1,0.8720510601997375,0.8706396818161011,0.8753173351287842,0.5734744071960449,0.7142561078071594,0.9299480319023132,0.9408066868782043,0.872259795665741,348,0.9208812713623047,0.9738714694976807,0.1521623581647873,0.0843333899974823
pythia-70m,between,medium/draw_2,very_high/draw_2,0.8938705921173096,0.8790502548217773,0.8845378756523132,0.6184854507446289,0.668049156665802,0.911931037902832,0.897386372089386,0.8981868624687195,341,0.9251850247383118,0.9774758815765381,0.14656034111976624,0.08324429392814636
pythia-70m,other,medium/draw_2,very_high/draw_3,0.8866504430770874,0.8750038146972656,0.8832221627235413,0.5192140340805054,0.6771851778030396,0.9135540723800659,0.9354775547981262,0.8887296915054321,344,0.9260978102684021,0.9776893258094788,0.14708973467350006,0.08235332369804382
pythia-70m,other,medium/draw_2,control/draw_1,0.9051196575164795,0.898581326007843,0.9019305109977722,0.7137629389762878,0.7254999279975891,0.9126488566398621,0.9087290167808533,0.9081951975822449,350,0.9149305820465088,0.9721677303314209,0.15548618137836456,0.08367171883583069
pythia-70m,between,medium/draw_2,control/draw_2,0.8989539742469788,0.9027194380760193,0.9050194621086121,0.6671924591064453,0.7787430882453918,0.9450461268424988,0.9174469709396362,0.8998569846153259,341,0.9239382743835449,0.9752523899078369,0.14650478959083557,0.08118151128292084
pythia-70m,other,medium/draw_2,control/draw_3,0.9125776886940002,0.905027449131012,0.908464789390564,0.5646860599517822,0.6938337087631226,0.9298253655433655,0.9088781476020813,0.9149565696716309,348,0.9261007308959961,0.9799606204032898,0.1460305154323578,0.07577879726886749
pythia-70m,other,medium/draw_3,high/draw_1,0.9603205323219299,0.9508036375045776,0.9536844491958618,0.8735385537147522,0.7472731471061707,0.861011803150177,0.9420930743217468,0.9633257389068604,369,0.9258677363395691,0.9819427728652954,0.14232602715492249,0.06483697891235352
pythia-70m,other,medium/draw_3,high/draw_2,0.969413697719574,0.9537216424942017,0.9578147530555725,0.7599895596504211,0.7365582585334778,0.875629186630249,0.944055438041687,0.9736365675926208,363,0.9252780079841614,0.9819384813308716,0.1428612321615219,0.06583039462566376
pythia-70m,between,medium/draw_3,high/draw_3,0.9619908332824707,0.9553905725479126,0.9571104645729065,0.6817336678504944,0.6299493312835693,0.8527802228927612,0.945532500743866,0.9667273163795471,366,0.937605082988739,0.9821407794952393,0.13503150641918182,0.07367372512817383
pythia-70m,other,medium/draw_3,very_high/draw_1,0.9060487747192383,0.8914448618888855,0.8975300192832947,0.6501898765563965,0.7590304613113403,0.8136376738548279,0.9411987662315369,0.9074056148529053,360,0.9206833839416504,0.9763486981391907,0.15347424149513245,0.0794205442070961
pythia-70m,other,medium/draw_3,very_high/draw_2,0.9273976683616638,0.8995258212089539,0.9064697027206421,0.6586235761642456,0.6251795291900635,0.8009802103042603,0.8898173570632935,0.9334893822669983,349,0.9257836937904358,0.9802753925323486,0.14733438193798065,0.0768689513206482
pythia-70m,between,medium/draw_3,very_high/draw_3,0.9200234413146973,0.8945804834365845,0.9062907695770264,0.6100805401802063,0.650646448135376,0.8174686431884766,0.936704695224762,0.9232641458511353,355,0.9226288199424744,0.9803252816200256,0.14940829575061798,0.07832936197519302
pythia-70m,other,medium/draw_3,control/draw_1,0.9379743337631226,0.9207577109336853,0.9230408072471619,0.7343335151672363,0.6504036784172058,0.7829223275184631,0.9024571180343628,0.9434974789619446,362,0.9153493642807007,0.9745336174964905,0.1606348305940628,0.07999134063720703
pythia-70m,other,medium/draw_3,control/draw_2,0.9304490685462952,0.9233570098876953,0.9239174723625183,0.74660325050354,0.7158202528953552,0.82962566614151,0.9112129807472229,0.9337117671966553,350,0.9201874732971191,0.9784603118896484,0.1525140106678009,0.07423973083496094
pythia-70m,between,medium/draw_3,control/draw_3,0.9290491342544556,0.914656400680542,0.9179201722145081,0.6182084679603577,0.6584888696670532,0.8548505902290344,0.8939145803451538,0.9331228137016296,359,0.9170202612876892,0.9789934158325195,0.15272502601146698,0.07578806579113007
pythia-70m,within,high/draw_1,high/draw_2,0.984488844871521,0.9903327226638794,0.9910471439361572,0.8334556818008423,0.9517831206321716,0.9686978459358215,0.979575514793396,0.9860278964042664,368,0.9245003461837769,0.9818434715270996,0.14293153584003448,0.060882002115249634
pythia-70m,within,high/draw_1,high/draw_3,0.9846675992012024,0.9910663366317749,0.9916070699691772,0.8043003082275391,0.8837760090827942,0.9621647596359253,0.9783123731613159,0.986532986164093,378,0.9319642782211304,0.9812302589416504,0.13412737846374512,0.06460922211408615
pythia-70m,between,high/draw_1,very_high/draw_1,0.9748750925064087,0.9757837057113647,0.9762540459632874,0.7926058173179626,0.8623329997062683,0.964209794998169,0.9720581769943237,0.9760901927947998,367,0.9202098250389099,0.9785736799240112,0.14824946224689484,0.06618629395961761
pythia-70m,other,high/draw_1,very_high/draw_2,0.980863094329834,0.9800113439559937,0.9808033108711243,0.8232680559158325,0.895564079284668,0.9442110061645508,0.9537789821624756,0.9841991066932678,371,0.9282215237617493,0.9824977517127991,0.1433759182691574,0.06631483137607574
pythia-70m,other,high/draw_1,very_high/draw_3,0.9774984121322632,0.9759155511856079,0.9764942526817322,0.7225118279457092,0.8980578780174255,0.933746337890625,0.9541521072387695,0.9802191853523254,367,0.9308009147644043,0.9813401699066162,0.14051201939582825,0.06313899159431458
pythia-70m,between,high/draw_1,control/draw_1,0.9788627028465271,0.981575071811676,0.9823494553565979,0.8933584690093994,0.9049287438392639,0.9525271058082581,0.9378575086593628,0.9816427826881409,369,0.9297754764556885,0.9806650280952454,0.14331939816474915,0.06778360158205032
pythia-70m,other,high/draw_1,control/draw_2,0.9777130484580994,0.9787654280662537,0.9799985289573669,0.8330385088920593,0.9385899305343628,0.9611735939979553,0.9446017742156982,0.9792966842651367,364,0.9259846210479736,0.9805989265441895,0.14239905774593353,0.05970114469528198
pythia-70m,other,high/draw_1,control/draw_3,0.9755650162696838,0.9765559434890747,0.977544903755188,0.7774860858917236,0.9000003337860107,0.9594766497612,0.9445773959159851,0.9773744940757751,371,0.9231563210487366,0.9813233017921448,0.1459537148475647,0.06374163180589676
pythia-70m,within,high/draw_2,high/draw_3,0.9827188849449158,0.9890151023864746,0.9900290369987488,0.8762829899787903,0.9160348773002625,0.9586511850357056,0.9773010015487671,0.9840642213821411,365,0.9335084557533264,0.9795664548873901,0.13364970684051514,0.06642400473356247
pythia-70m,other,high/draw_2,very_high/draw_1,0.9533555507659912,0.9618170261383057,0.9634401798248291,0.8641288876533508,0.8681474924087524,0.9658214449882507,0.9790535569190979,0.9531920552253723,366,0.9210126996040344,0.9760755300521851,0.14883913099765778,0.07481284439563751
pythia-70m,between,high/draw_2,very_high/draw_2,0.9676569700241089,0.9690437912940979,0.9701859951019287,0.8342999219894409,0.9134514331817627,0.960860550403595,0.955106258392334,0.9691372513771057,359,0.9294100403785706,0.9793490767478943,0.14119300246238708,0.06482681632041931
pythia-70m,other,high/draw_2,very_high/draw_3,0.9647024273872375,0.9660264253616333,0.9664977192878723,0.806501567363739,0.9051652550697327,0.9654035568237305,0.9586008787155151,0.9656683802604675,356,0.9287851452827454,0.983010470867157,0.14016541838645935,0.0631486028432846
pythia-70m,other,high/draw_2,control/draw_1,0.973899245262146,0.9751713871955872,0.9766280055046082,0.8223893642425537,0.930877149105072,0.9527032971382141,0.9345399141311646,0.9763532280921936,365,0.9258257150650024,0.9754868745803833,0.14565251767635345,0.06968070566654205
pythia-70m,between,high/draw_2,control/draw_2,0.9702242612838745,0.9746465086936951,0.9764313697814941,0.8813332915306091,0.9498075842857361,0.9681350588798523,0.9364182949066162,0.9722723364830017,356,0.9272770285606384,0.9801359176635742,0.14359968900680542,0.06661903858184814
pythia-70m,other,high/draw_2,control/draw_3,0.9685229659080505,0.9740931391716003,0.9756031632423401,0.8424407243728638,0.921263575553894,0.9650241732597351,0.9341148734092712,0.9708857536315918,355,0.9258906245231628,0.9816005825996399,0.1428266316652298,0.06785167008638382
pythia-70m,other,high/draw_3,very_high/draw_1,0.9584636092185974,0.9669859409332275,0.9679746627807617,0.8562222123146057,0.918584406375885,0.9531051516532898,0.9714460372924805,0.9586756825447083,377,0.9360132217407227,0.9804150462150574,0.13950636982917786,0.07309170812368393
pythia-70m,other,high/draw_3,very_high/draw_2,0.9676621556282043,0.9709718823432922,0.9727718234062195,0.9112299084663391,0.9742704033851624,0.9362348914146423,0.9300875663757324,0.9699048399925232,380,0.9239116311073303,0.9804192781448364,0.15005452930927277,0.06919300556182861
pythia-70m,between,high/draw_3,very_high/draw_3,0.9703441262245178,0.972217857837677,0.9737293124198914,0.8034188151359558,0.9561019539833069,0.9275517463684082,0.9485234022140503,0.9722200036048889,371,0.9383529424667358,0.9812256097793579,0.13266421854496002,0.0675802156329155
pythia-70m,other,high/draw_3,control/draw_1,0.9774503707885742,0.9804554581642151,0.9811346530914307,0.8544667959213257,0.9399707317352295,0.9337859749794006,0.9238433837890625,0.9805794954299927,387,0.9271565079689026,0.9779281616210938,0.14783455431461334,0.07010109722614288
pythia-70m,other,high/draw_3,control/draw_2,0.9746013283729553,0.9796188473701477,0.9807363152503967,0.8218146562576294,0.9318062663078308,0.951262891292572,0.9417139887809753,0.9769076704978943,367,0.9316762089729309,0.9800854921340942,0.14028911292552948,0.07218082249164581
pythia-70m,between,high/draw_3,control/draw_3,0.9729346632957458,0.976626455783844,0.979142427444458,0.8224158883094788,0.9647393822669983,0.9434577822685242,0.947777271270752,0.9750241637229919,374,0.9252883791923523,0.9816301465034485,0.14767923951148987,0.07093527168035507
pythia-70m,within,very_high/draw_1,very_high/draw_2,0.9847087264060974,0.9917712211608887,0.9920504093170166,0.9317010641098022,0.9241253733634949,0.9654630422592163,0.9714516997337341,0.9865068793296814,370,0.9218283891677856,0.9804172515869141,0.14976510405540466,0.0691448375582695
pythia-70m,within,very_high/draw_1,very_high/draw_3,0.9877942204475403,0.9931734204292297,0.9932867288589478,0.9099417328834534,0.9247155785560608,0.9523195624351501,0.9745792746543884,0.989403247833252,378,0.9125432372093201,0.9798359870910645,0.15403980016708374,0.06480433791875839
pythia-70m,between,very_high/draw_1,control/draw_1,0.9728451371192932,0.9838408827781677,0.9842845797538757,0.892694354057312,0.8834936022758484,0.9650712609291077,0.9578022956848145,0.9742898344993591,373,0.9208531379699707,0.9771776795387268,0.1530664563179016,0.07505708932876587
pythia-70m,other,very_high/draw_1,control/draw_2,0.9769264459609985,0.9807483553886414,0.982108473777771,0.886208713054657,0.9021915793418884,0.9685183167457581,0.9501118063926697,0.9784214496612549,372,0.9211097359657288,0.9778727889060974,0.14798866212368011,0.06485331803560257
pythia-70m,other,very_high/draw_1,control/draw_3,0.967125415802002,0.9742136001586914,0.9752306342124939,0.9016871452331543,0.9367181062698364,0.961768388748169,0.9570411443710327,0.9680075645446777,363,0.9188133478164673,0.9798963665962219,0.14910532534122467,0.06658551841974258
pythia-70m,within,very_high/draw_2,very_high/draw_3,0.9855582118034363,0.9914321899414062,0.9909451007843018,0.8994886875152588,0.9598846435546875,0.9826294183731079,0.9630101323127747,0.9871456623077393,378,0.9259645342826843,0.98313969373703,0.14495745301246643,0.060846634209156036
pythia-70m,other,very_high/draw_2,control/draw_1,0.9809542298316956,0.9859107732772827,0.9866476655006409,0.8997217416763306,0.947614848613739,0.9556179642677307,0.9702269434928894,0.9822288155555725,381,0.9254747629165649,0.9774404764175415,0.14538322389125824,0.06421206891536713
pythia-70m,between,very_high/draw_2,control/draw_2,0.9812893867492676,0.98451167345047,0.9861202836036682,0.8681862354278564,0.9327425360679626,0.9555320143699646,0.9242338538169861,0.9851972460746765,368,0.9301429390907288,0.9759960770606995,0.14348450303077698,0.0735098198056221
pythia-70m,other,very_high/draw_2,control/draw_3,0.9722519516944885,0.9768078327178955,0.9781807065010071,0.8952624201774597,0.9720893502235413,0.9484493732452393,0.9507967829704285,0.9748370051383972,373,0.9199743866920471,0.982374370098114,0.15023189783096313,0.06719811260700226
pythia-70m,other,very_high/draw_3,control/draw_1,0.9814894199371338,0.9873108863830566,0.9873855710029602,0.8320600390434265,0.9600234627723694,0.9400390386581421,0.9735612869262695,0.9828229546546936,371,0.9214388132095337,0.978672444820404,0.14938722550868988,0.06365100294351578
pythia-70m,other,very_high/draw_3,control/draw_2,0.9863001108169556,0.9862169027328491,0.9880818128585815,0.9122742414474487,0.94237220287323,0.9526219367980957,0.970848023891449,0.9880098700523376,375,0.9218486547470093,0.9801434874534607,0.14407603442668915,0.062415577471256256
pythia-70m,between,very_high/draw_3,control/draw_3,0.9775967597961426,0.980434238910675,0.9815799593925476,0.9119001626968384,0.9528844952583313,0.938953697681427,0.9400224089622498,0.9800371527671814,368,0.9233378767967224,0.9820235967636108,0.14588037133216858,0.06532211601734161
pythia-70m,within,control/draw_1,control/draw_2,0.9854130744934082,0.9925361275672913,0.9928712844848633,0.8923063278198242,0.9541930556297302,0.96795254945755,0.9549524784088135,0.987473726272583,371,0.9274891018867493,0.9793899059295654,0.13746404647827148,0.06624050438404083
pythia-70m,within,control/draw_1,control/draw_3,0.9744744896888733,0.9823758602142334,0.9832247495651245,0.8779293298721313,0.949946939945221,0.9750596284866333,0.9513570666313171,0.9762169122695923,373,0.9216443300247192,0.9795483946800232,0.1448504775762558,0.06749789416790009
pythia-70m,within,control/draw_2,control/draw_3,0.9800028800964355,0.9839770793914795,0.9855446219444275,0.9162399172782898,0.9506893157958984,0.9658296704292297,0.9271612763404846,0.9819286465644836,361,0.916631817817688,0.9787115454673767,0.14739221334457397,0.06283894926309586
pythia-160m,within,low/draw_1,low/draw_2,0.9964525103569031,0.9977768063545227,0.9978157877922058,0.987145185470581,0.9901681542396545,0.9878214001655579,0.9956637620925903,0.9967553615570068,1141,0.9528598785400391,0.9921613931655884,0.11325860768556595,0.03781674802303314
pythia-160m,within,low/draw_1,low/draw_3,0.9966558218002319,0.9976356029510498,0.9978013038635254,0.9826318025588989,0.9936225414276123,0.990435004234314,0.9942265152931213,0.9970524311065674,1085,0.9504066109657288,0.9915457367897034,0.11762164533138275,0.03842729330062866
pythia-160m,between,low/draw_1,medium/draw_1,0.9928180575370789,0.9945801496505737,0.994716465473175,0.9689368009567261,0.9841602444648743,0.9855086803436279,0.9894948601722717,0.9933065176010132,1083,0.9445160627365112,0.9907904863357544,0.12626054883003235,0.043567508459091187
pythia-160m,other,low/draw_1,medium/draw_2,0.9948353171348572,0.9959573745727539,0.9959524869918823,0.9737899899482727,0.9873144626617432,0.9885707497596741,0.9913999438285828,0.9954779148101807,1119,0.9428699016571045,0.9894070029258728,0.12638233602046967,0.043968986719846725
pythia-160m,other,low/draw_1,medium/draw_3,0.9945727586746216,0.995925784111023,0.9960475564002991,0.9574089050292969,0.9845286011695862,0.9864993691444397,0.9893496036529541,0.9952040314674377,1057,0.9511070847511292,0.9905612468719482,0.12188377231359482,0.045508306473493576
pythia-160m,between,low/draw_1,high/draw_1,0.9787847399711609,0.9833047389984131,0.9832643866539001,0.9448919892311096,0.9717513918876648,0.9728812575340271,0.9842866063117981,0.9791672825813293,1004,0.9397872090339661,0.9872639775276184,0.13367027044296265,0.05185385048389435
pythia-160m,other,low/draw_1,high/draw_2,0.9818767309188843,0.9851999878883362,0.9853126406669617,0.9557213187217712,0.9708810448646545,0.9740231037139893,0.9835471510887146,0.9823805689811707,1031,0.938830554485321,0.9872146844863892,0.13633489608764648,0.051396746188402176
pythia-160m,other,low/draw_1,high/draw_3,0.9785379767417908,0.9835776686668396,0.9836501479148865,0.9521995782852173,0.9766848087310791,0.9734146595001221,0.9813963770866394,0.978834331035614,1007,0.9436410665512085,0.987928032875061,0.1332450807094574,0.05124141648411751
pythia-160m,between,low/draw_1,very_high/draw_1,0.9629436731338501,0.9728702902793884,0.9729452729225159,0.9292973279953003,0.9590904116630554,0.9618139863014221,0.9714944362640381,0.9626922011375427,962,0.9291257262229919,0.982980489730835,0.14700311422348022,0.059563297778367996
pythia-160m,other,low/draw_1,very_high/draw_2,0.9661124348640442,0.9734072685241699,0.9735679030418396,0.9299311637878418,0.9685432314872742,0.9604644775390625,0.9726819396018982,0.9661573767662048,957,0.9369499087333679,0.9860866665840149,0.13869915902614594,0.05610394850373268
pythia-160m,other,low/draw_1,very_high/draw_3,0.96384197473526,0.9724655151367188,0.9723818302154541,0.9412780404090881,0.9639065861701965,0.9576750993728638,0.9696235060691833,0.96413654088974,965,0.9339796900749207,0.9854525923728943,0.14557962119579315,0.05701646953821182
pythia-160m,between,low/draw_1,control/draw_1,0.976881206035614,0.9811325669288635,0.9812356233596802,0.9460800290107727,0.9683496952056885,0.9659498333930969,0.9725726246833801,0.9776648879051208,1039,0.9349141120910645,0.9855068922042847,0.14389578998088837,0.055419206619262695
pythia-160m,other,low/draw_1,control/draw_2,0.9769786596298218,0.9819671511650085,0.9818789958953857,0.9500107765197754,0.96806401014328,0.9641592502593994,0.9666889905929565,0.9778929352760315,1029,0.9375147223472595,0.9850896596908569,0.14204999804496765,0.0569198839366436
pythia-160m,other,low/draw_1,control/draw_3,0.974913477897644,0.9806442856788635,0.9804885983467102,0.9399024248123169,0.9694046974182129,0.9671235680580139,0.9743431806564331,0.9753026962280273,984,0.937231183052063,0.9860553741455078,0.13845263421535492,0.053644001483917236
pythia-160m,within,low/draw_2,low/draw_3,0.9963889718055725,0.997522234916687,0.9975216388702393,0.9816942811012268,0.9910208582878113,0.9914712905883789,0.9956914782524109,0.9966279864311218,1092,0.9545668363571167,0.9917449951171875,0.10954438149929047,0.03688588738441467
pythia-160m,other,low/draw_2,medium/draw_1,0.9906357526779175,0.9936909675598145,0.9937093257904053,0.9607080817222595,0.9839080572128296,0.987337589263916,0.9906476736068726,0.9908657073974609,1079,0.9486688375473022,0.9908567667007446,0.11847895383834839,0.044228870421648026
pythia-160m,between,low/draw_2,medium/draw_2,0.9930648803710938,0.9945513010025024,0.994757354259491,0.9684897661209106,0.984744131565094,0.9899570345878601,0.9911670684814453,0.9935523867607117,1141,0.9449988007545471,0.9888936281204224,0.12415378540754318,0.043454404920339584
pythia-160m,other,low/draw_2,medium/draw_3,0.9926100969314575,0.994638204574585,0.9948543906211853,0.9481881856918335,0.9808419346809387,0.9810273051261902,0.989347517490387,0.9932382106781006,1066,0.9538654088973999,0.9897516965866089,0.11968108266592026,0.048014573752880096
pythia-160m,other,low/draw_2,high/draw_1,0.9756093621253967,0.9816728234291077,0.981872022151947,0.9307405948638916,0.9723301529884338,0.9726831912994385,0.9855820536613464,0.9757530093193054,1021,0.9436107873916626,0.987360954284668,0.12787137925624847,0.05145544558763504
pythia-160m,between,low/draw_2,high/draw_2,0.9796398878097534,0.9841462969779968,0.9844755530357361,0.9465355277061462,0.9701198935508728,0.9742938876152039,0.9848169088363647,0.9798899292945862,1028,0.9413997530937195,0.9876461625099182,0.13346464931964874,0.05191327631473541
pythia-160m,other,low/draw_2,high/draw_3,0.976011335849762,0.9825426340103149,0.982801079750061,0.9408854842185974,0.9766768217086792,0.9753898978233337,0.9828680157661438,0.9760562777519226,1019,0.9423014521598816,0.9861057996749878,0.13302206993103027,0.054710451513528824
pythia-160m,other,low/draw_2,very_high/draw_1,0.9604101181030273,0.9719026684761047,0.9722023010253906,0.914440393447876,0.9599184393882751,0.9579789042472839,0.9723430275917053,0.9600350856781006,967,0.939210832118988,0.9824049472808838,0.13594189286231995,0.06147297844290733
pythia-160m,between,low/draw_2,very_high/draw_2,0.9640257954597473,0.9725930094718933,0.9730434417724609,0.91322261095047,0.9698197841644287,0.957097053527832,0.9739288687705994,0.9639876484870911,953,0.9440190196037292,0.9854826331138611,0.133170023560524,0.05762659013271332
pythia-160m,other,low/draw_2,very_high/draw_3,0.961101233959198,0.9711259603500366,0.9713704586029053,0.9289885759353638,0.9658017754554749,0.9571187496185303,0.970259428024292,0.9611638784408569,954,0.9364161491394043,0.9846508502960205,0.1412338763475418,0.058815453201532364
pythia-160m,other,low/draw_2,control/draw_1,0.9752455949783325,0.9802642464637756,0.9804291725158691,0.9272481203079224,0.9642751812934875,0.9639797210693359,0.9722470641136169,0.9760810136795044,1053,0.9380382299423218,0.9836270809173584,0.13916216790676117,0.057672031223773956
pythia-160m,between,low/draw_2,control/draw_2,0.9751946330070496,0.9811549782752991,0.9812481999397278,0.936424970626831,0.9650436043739319,0.9583638310432434,0.9680017232894897,0.9760662317276001,1039,0.9401970505714417,0.983847975730896,0.13718773424625397,0.05864943563938141
pythia-160m,other,low/draw_2,control/draw_3,0.9733594059944153,0.9800846576690674,0.9801388382911682,0.925506591796875,0.9693037271499634,0.962579071521759,0.9754933714866638,0.9737343192100525,1001,0.9337065815925598,0.9848083257675171,0.14305855333805084,0.05696374177932739
pythia-160m,other,low/draw_3,medium/draw_1,0.9911866784095764,0.9935704469680786,0.9937828779220581,0.9683202505111694,0.9890998005867004,0.9900141358375549,0.9902991652488708,0.9913991093635559,1090,0.9483846426010132,0.990267813205719,0.12032488733530045,0.04440617188811302
pythia-160m,other,low/draw_3,medium/draw_2,0.9938463568687439,0.9950896501541138,0.9954158663749695,0.9724147319793701,0.9907366633415222,0.9915506839752197,0.9904928207397461,0.9944072365760803,1092,0.942888081073761,0.9884077310562134,0.12937545776367188,0.044940657913684845
pythia-160m,between,low/draw_3,medium/draw_3,0.9920926690101624,0.9945298433303833,0.9947690963745117,0.9672286510467529,0.9888219237327576,0.9892284870147705,0.9907326698303223,0.9924132823944092,1137,0.949316143989563,0.9888001680374146,0.12507930397987366,0.04653038829565048
pythia-160m,other,low/draw_3,high/draw_1,0.9759849905967712,0.981196939945221,0.98145991563797,0.941238284111023,0.9800451993942261,0.9797856211662292,0.9827237725257874,0.9762079119682312,1016,0.9457992315292358,0.9874852895736694,0.12805120646953583,0.051523029804229736
pythia-160m,other,low/draw_3,high/draw_2,0.9797145128250122,0.9836910963058472,0.9840246438980103,0.954497218132019,0.9776126146316528,0.9790958762168884,0.9834296703338623,0.9799401760101318,1037,0.9431168437004089,0.9863966703414917,0.1342165470123291,0.051559679210186005
pythia-160m,between,low/draw_3,high/draw_3,0.9760022163391113,0.9816471338272095,0.981963574886322,0.9520151615142822,0.9822092652320862,0.979626476764679,0.9812734127044678,0.9761144518852234,1062,0.9401624202728271,0.9862692356109619,0.13838258385658264,0.05422252416610718
pythia-160m,other,low/draw_3,very_high/draw_1,0.9612167477607727,0.9712456464767456,0.9717079401016235,0.9227643609046936,0.9689576029777527,0.9678593277931213,0.9713724851608276,0.9607729911804199,971,0.9413657784461975,0.9820407629013062,0.13588909804821014,0.06068304553627968
pythia-160m,other,low/draw_3,very_high/draw_2,0.9649065732955933,0.9722373485565186,0.972736656665802,0.9195576310157776,0.9755412936210632,0.9670805931091309,0.970869779586792,0.9650288224220276,951,0.9405715465545654,0.9838899374008179,0.13662126660346985,0.05813679099082947
pythia-160m,between,low/draw_3,very_high/draw_3,0.9616141319274902,0.9703325629234314,0.9708158373832703,0.9338876008987427,0.9720184206962585,0.9666286110877991,0.9695887565612793,0.9616183042526245,964,0.9351639151573181,0.9830353260040283,0.1429443359375,0.05918901413679123
pythia-160m,other,low/draw_3,control/draw_1,0.9747090935707092,0.9798989295959473,0.9801754951477051,0.9427967667579651,0.9753865599632263,0.9741379022598267,0.9700337052345276,0.9754189252853394,993,0.9362331032752991,0.982879638671875,0.14048729836940765,0.05657427757978439
pythia-160m,other,low/draw_3,control/draw_2,0.9753257632255554,0.9811528325080872,0.9813034534454346,0.9418928623199463,0.9752588868141174,0.9710906744003296,0.9686452150344849,0.9758712649345398,991,0.9393854737281799,0.9831192493438721,0.13785304129123688,0.05719960480928421
pythia-160m,between,low/draw_3,control/draw_3,0.9728050231933594,0.9794291853904724,0.9796367883682251,0.9311362504959106,0.977232038974762,0.9726301431655884,0.973383903503418,0.9730762243270874,984,0.9352014064788818,0.9836732149124146,0.1416977494955063,0.057102154940366745
pythia-160m,within,medium/draw_1,medium/draw_2,0.9952277541160583,0.9973973631858826,0.997478723526001,0.9826910495758057,0.9933615326881409,0.9941225051879883,0.9960368275642395,0.9953518509864807,1100,0.9456372261047363,0.9912742972373962,0.12221112102270126,0.04067812114953995
pythia-160m,within,medium/draw_1,medium/draw_3,0.9952293038368225,0.9967842102050781,0.9967842102050781,0.975156307220459,0.9914505481719971,0.9921521544456482,0.9957728385925293,0.9953662753105164,1089,0.9495195150375366,0.9911326766014099,0.12053322792053223,0.03881198167800903
pythia-160m,between,medium/draw_1,high/draw_1,0.991154670715332,0.9936603307723999,0.9934885501861572,0.9813323616981506,0.9888589978218079,0.9878830313682556,0.9937015175819397,0.9914146065711975,1015,0.9448856711387634,0.9904439449310303,0.1246677115559578,0.04284042865037918
pythia-160m,other,medium/draw_1,high/draw_2,0.9914916753768921,0.9937811493873596,0.9936882853507996,0.9770497679710388,0.98786860704422,0.9874724745750427,0.9928109049797058,0.9917055368423462,1033,0.9432356357574463,0.9891124367713928,0.12681785225868225,0.043329961597919464
pythia-160m,other,medium/draw_1,high/draw_3,0.9905542135238647,0.9935061931610107,0.9934275150299072,0.9794088006019592,0.9898960590362549,0.9877537488937378,0.9921427369117737,0.9907479286193848,1029,0.9466537237167358,0.9902291297912598,0.12531012296676636,0.0436914786696434
pythia-160m,between,medium/draw_1,very_high/draw_1,0.9756061434745789,0.9828187823295593,0.9829167723655701,0.964839518070221,0.9816632270812988,0.9772055149078369,0.986903190612793,0.9749957919120789,993,0.9333740472793579,0.9860929250717163,0.14192892611026764,0.049615420401096344
pythia-160m,other,medium/draw_1,very_high/draw_2,0.9778487086296082,0.9836977124214172,0.9838711619377136,0.958740234375,0.9840337634086609,0.9770995378494263,0.9846601486206055,0.9776802659034729,958,0.9430146813392639,0.9874020218849182,0.1309564858675003,0.04982445389032364
pythia-160m,other,medium/draw_1,very_high/draw_3,0.9772801995277405,0.9833245873451233,0.9834384918212891,0.9655465483665466,0.9821959733963013,0.9773788452148438,0.9841039776802063,0.9771637916564941,974,0.9342907071113586,0.9875453114509583,0.1426793336868286,0.04973075911402702
pythia-160m,between,medium/draw_1,control/draw_1,0.984289288520813,0.9886777400970459,0.988716185092926,0.9696263074874878,0.9861485362052917,0.9832454323768616,0.9863247275352478,0.984375536441803,1017,0.9328332543373108,0.9866243600845337,0.13959649205207825,0.050224870443344116
pythia-160m,other,medium/draw_1,control/draw_2,0.9865832328796387,0.9901558756828308,0.9899922609329224,0.9686660766601562,0.9856526255607605,0.9792826175689697,0.9843246340751648,0.9869053363800049,1008,0.9390355348587036,0.9867428541183472,0.13492931425571442,0.04856032878160477
pythia-160m,other,medium/draw_1,control/draw_3,0.984856903553009,0.9893605709075928,0.989237904548645,0.9656163454055786,0.985395610332489,0.9835403561592102,0.9883537888526917,0.9848102331161499,990,0.9327061176300049,0.9875904321670532,0.13952022790908813,0.04653220623731613
pythia-160m,within,medium/draw_2,medium/draw_3,0.9955092072486877,0.9975369572639465,0.9975461363792419,0.9772869348526001,0.9936708211898804,0.9915375113487244,0.9954385757446289,0.9957594275474548,1088,0.9490220546722412,0.9898905754089355,0.12093053013086319,0.042666852474212646
pythia-160m,other,medium/draw_2,high/draw_1,0.9859017133712769,0.9907519817352295,0.9906173348426819,0.9705697894096375,0.9887205958366394,0.9881073236465454,0.9924607276916504,0.9856132864952087,1030,0.9397789239883423,0.989259660243988,0.13032114505767822,0.04590539634227753
pythia-160m,between,medium/draw_2,high/draw_2,0.988723874092102,0.9922983050346375,0.9922606348991394,0.9776217937469482,0.9887248277664185,0.9894492030143738,0.9912615418434143,0.9886054396629333,1050,0.938213050365448,0.9880014061927795,0.13231946527957916,0.04633506387472153
pythia-160m,other,medium/draw_2,high/draw_3,0.9861453771591187,0.9908568263053894,0.9909695386886597,0.9787862300872803,0.9911099672317505,0.98934406042099,0.9907708168029785,0.9858455657958984,1062,0.9394369125366211,0.989084780216217,0.13437190651893616,0.04700803384184837
pythia-160m,other,medium/draw_2,very_high/draw_1,0.9719319343566895,0.9813174605369568,0.9814410209655762,0.9570738673210144,0.9787607789039612,0.9785264134407043,0.9845646023750305,0.9711804986000061,997,0.9313216805458069,0.9841561317443848,0.14423014223575592,0.05504164844751358
pythia-160m,between,medium/draw_2,very_high/draw_2,0.9747596383094788,0.9821208119392395,0.9823086261749268,0.9570168256759644,0.983427107334137,0.9773734211921692,0.9827719926834106,0.9743079543113708,972,0.9401123523712158,0.9859355688095093,0.13509830832481384,0.05310472100973129
pythia-160m,other,medium/draw_2,very_high/draw_3,0.9728992581367493,0.9811986684799194,0.9812414050102234,0.9629659056663513,0.982157289981842,0.9768660664558411,0.9818481802940369,0.9723015427589417,971,0.9296613335609436,0.9852961301803589,0.14586830139160156,0.05482208728790283
pythia-160m,other,medium/draw_2,control/draw_1,0.9846311807632446,0.9889037013053894,0.9891140460968018,0.966839075088501,0.9853789210319519,0.9824733138084412,0.9854953289031982,0.9847452640533447,1059,0.9368906617164612,0.9859360456466675,0.13887590169906616,0.05175530165433884
pythia-160m,between,medium/draw_2,control/draw_2,0.9848453402519226,0.9900438189506531,0.9900088310241699,0.972135603427887,0.9845215082168579,0.9799016118049622,0.9821867942810059,0.9852768182754517,1053,0.9396429061889648,0.9861915111541748,0.13673225045204163,0.05294591933488846
pythia-160m,other,medium/draw_2,control/draw_3,0.9835705161094666,0.9889281392097473,0.9888697862625122,0.9628254175186157,0.985253095626831,0.9826443195343018,0.9863957762718201,0.9835754036903381,1006,0.9310962557792664,0.9866899251937866,0.14355067908763885,0.04955769330263138
pythia-160m,other,medium/draw_3,high/draw_1,0.9862009286880493,0.9897468090057373,0.9897492527961731,0.9703174829483032,0.9901401400566101,0.9874280691146851,0.9915996193885803,0.9861778020858765,1005,0.9458112120628357,0.9894848465919495,0.12336169183254242,0.04437609761953354
pythia-160m,other,medium/draw_3,high/draw_2,0.9888325333595276,0.9914812445640564,0.9916110038757324,0.9704143404960632,0.9885886907577515,0.987101674079895,0.9902859330177307,0.9889724850654602,1039,0.9490107893943787,0.9892605543136597,0.12449703365564346,0.04429451748728752
pythia-160m,between,medium/draw_3,high/draw_3,0.9853439331054688,0.9894295930862427,0.9895263314247131,0.9706641435623169,0.9893670678138733,0.9851082563400269,0.9902822971343994,0.9852515459060669,1092,0.9449750185012817,0.9892212748527527,0.1289801299571991,0.04623403400182724
pythia-160m,other,medium/draw_3,very_high/draw_1,0.9716170430183411,0.9800389409065247,0.9801303744316101,0.9547224044799805,0.9802695512771606,0.9797322750091553,0.9836583137512207,0.9708146452903748,987,0.9414369463920593,0.9860987663269043,0.13512910902500153,0.05159594863653183
pythia-160m,other,medium/draw_3,very_high/draw_2,0.9723983407020569,0.9796835780143738,0.9799544215202332,0.9510749578475952,0.9831455945968628,0.9781440496444702,0.9816148281097412,0.9718769788742065,940,0.9453123807907104,0.9868570566177368,0.12963400781154633,0.05094648897647858
pythia-160m,between,medium/draw_3,very_high/draw_3,0.9716407060623169,0.9793441891670227,0.9793877601623535,0.9585170149803162,0.9821120500564575,0.9790763854980469,0.980387270450592,0.9712157845497131,980,0.9451658725738525,0.9879300594329834,0.13282489776611328,0.050768062472343445
pythia-160m,other,medium/draw_3,control/draw_1,0.9834976196289062,0.9878200888633728,0.9879820942878723,0.966894268989563,0.9868289232254028,0.9843931198120117,0.9842246174812317,0.9835692644119263,1002,0.9450415372848511,0.9877697825431824,0.1314505636692047,0.04982711002230644
pythia-160m,other,medium/draw_3,control/draw_2,0.9842311143875122,0.9888536334037781,0.9888986945152283,0.9604828357696533,0.9838447570800781,0.9828261733055115,0.9826423525810242,0.9844364523887634,1004,0.9486196041107178,0.9871962666511536,0.12750832736492157,0.0513068288564682
pythia-160m,between,medium/draw_3,control/draw_3,0.9823260307312012,0.9874983429908752,0.9875060319900513,0.9587041735649109,0.9865926504135132,0.9840702414512634,0.986190676689148,0.9821707606315613,999,0.9417154788970947,0.9883410334587097,0.13288073241710663,0.0466732494533062
pythia-160m,within,high/draw_1,high/draw_2,0.9944503903388977,0.9964993000030518,0.9965692162513733,0.9778579473495483,0.9899470806121826,0.9945572018623352,0.9950915575027466,0.9946095943450928,1042,0.9489690065383911,0.9902082085609436,0.12082049995660782,0.04102043807506561
pythia-160m,within,high/draw_1,high/draw_3,0.9959973692893982,0.9977307319641113,0.9976853728294373,0.9822818040847778,0.9881492853164673,0.993586003780365,0.9951289892196655,0.9962833523750305,998,0.9481083750724792,0.9906620979309082,0.12210176140069962,0.04096166044473648
pythia-160m,between,high/draw_1,very_high/draw_1,0.9863683581352234,0.9910249710083008,0.9912605285644531,0.9824938774108887,0.9873883128166199,0.988254725933075,0.9916225075721741,0.9862788915634155,968,0.9403770565986633,0.9873613119125366,0.12834061682224274,0.046411797404289246
pythia-160m,other,high/draw_1,very_high/draw_2,0.9885344505310059,0.9922617077827454,0.9924896359443665,0.9734655618667603,0.9866188168525696,0.9899749755859375,0.9912023544311523,0.9885437488555908,932,0.9472795128822327,0.9883673787117004,0.12338174134492874,0.045432403683662415
pythia-160m,other,high/draw_1,very_high/draw_3,0.9879827499389648,0.9920185804367065,0.9923048615455627,0.9763343930244446,0.9866665005683899,0.9910582304000854,0.9890498518943787,0.9879359602928162,951,0.9399595260620117,0.9877138733863831,0.12752877175807953,0.044937171041965485
pythia-160m,between,high/draw_1,control/draw_1,0.9869270324707031,0.9913621544837952,0.9915679097175598,0.9792342782020569,0.9875954389572144,0.9902564287185669,0.9915580153465271,0.9867501258850098,986,0.9376064538955688,0.9873072504997253,0.13032104074954987,0.04849880933761597
pythia-160m,other,high/draw_1,control/draw_2,0.9903088212013245,0.9929965138435364,0.9930949807167053,0.9755347371101379,0.9870749711990356,0.9886528849601746,0.987680196762085,0.9909142851829529,975,0.945126473903656,0.987934947013855,0.12471052259206772,0.04581437259912491
pythia-160m,other,high/draw_1,control/draw_3,0.9892301559448242,0.9927731156349182,0.9929664731025696,0.9805234670639038,0.9893167614936829,0.9890749454498291,0.9936512112617493,0.9891912341117859,965,0.9413124322891235,0.9885940551757812,0.12630890309810638,0.043610140681266785
pythia-160m,within,high/draw_2,high/draw_3,0.9947561621665955,0.9969000816345215,0.9969348311424255,0.9758785963058472,0.9919732809066772,0.9932010769844055,0.9957011342048645,0.9948842525482178,1040,0.9478830099105835,0.9899322986602783,0.12310556322336197,0.04186084866523743
pythia-160m,other,high/draw_2,very_high/draw_1,0.9881855845451355,0.9928510189056396,0.9928593635559082,0.9648547172546387,0.9849916100502014,0.9873087406158447,0.9923836588859558,0.9881846904754639,978,0.9444136023521423,0.9864924550056458,0.12449312210083008,0.04685186967253685
pythia-160m,between,high/draw_2,very_high/draw_2,0.9895452260971069,0.9934517741203308,0.9935061931610107,0.9642956256866455,0.9862109422683716,0.9867319464683533,0.9926368594169617,0.9896357655525208,989,0.9449966549873352,0.9872714877128601,0.12484075874090195,0.04662146791815758
pythia-160m,other,high/draw_2,very_high/draw_3,0.9892174005508423,0.9932836890220642,0.9932328462600708,0.9646276235580444,0.9892043471336365,0.9888056516647339,0.9912845492362976,0.9892263412475586,977,0.9409577250480652,0.9865252375602722,0.12966302037239075,0.04722847789525986
pythia-160m,other,high/draw_2,control/draw_1,0.991604208946228,0.9946854114532471,0.9947161674499512,0.9700044989585876,0.9895992279052734,0.9890536665916443,0.9914355874061584,0.9918391108512878,1024,0.944593071937561,0.9872598648071289,0.12679828703403473,0.04893705993890762
pythia-160m,between,high/draw_2,control/draw_2,0.9928109645843506,0.9951640367507935,0.9951611757278442,0.9744343757629395,0.9880543947219849,0.9867891669273376,0.9906050562858582,0.9933496117591858,997,0.9422414898872375,0.9878906607627869,0.12750670313835144,0.045519426465034485
pythia-160m,other,high/draw_2,control/draw_3,0.9919877648353577,0.99476158618927,0.9946585893630981,0.9731602072715759,0.987667441368103,0.9873569011688232,0.9918680787086487,0.9923152923583984,979,0.9404624104499817,0.988313615322113,0.12784665822982788,0.0450591966509819
pythia-160m,other,high/draw_3,very_high/draw_1,0.9876824617385864,0.9921756386756897,0.9922502040863037,0.9714959263801575,0.9842554926872253,0.9875088930130005,0.9924305081367493,0.9876232147216797,987,0.9417900443077087,0.9877127408981323,0.13092955946922302,0.04637761786580086
pythia-160m,other,high/draw_3,very_high/draw_2,0.9897648692131042,0.9934395551681519,0.9934738278388977,0.9731972813606262,0.9874545931816101,0.987804651260376,0.9931004643440247,0.9897089004516602,958,0.9422563314437866,0.9883140921592712,0.1298854798078537,0.04630303010344505
pythia-160m,between,high/draw_3,very_high/draw_3,0.9894187450408936,0.9931870698928833,0.9931488633155823,0.9750095009803772,0.9881041049957275,0.9875391125679016,0.9915027618408203,0.9894456267356873,963,0.94491046667099,0.9886487722396851,0.1272643804550171,0.045162491500377655
pythia-160m,other,high/draw_3,control/draw_1,0.9888548254966736,0.9924697875976562,0.992572009563446,0.9763860702514648,0.9878078103065491,0.98826664686203,0.9917577505111694,0.988772451877594,1004,0.9379580020904541,0.987847089767456,0.13372518122196198,0.047110818326473236
pythia-160m,other,high/draw_3,control/draw_2,0.9923015236854553,0.9941793084144592,0.9942692518234253,0.9799976944923401,0.987472414970398,0.9856916666030884,0.9898748397827148,0.9928861856460571,988,0.9474192261695862,0.9879544377326965,0.1261235922574997,0.046529196202754974
pythia-160m,between,high/draw_3,control/draw_3,0.9913803339004517,0.9938998818397522,0.9938884377479553,0.972411572933197,0.9871059656143188,0.9876048564910889,0.9921828508377075,0.9915921688079834,979,0.9419664740562439,0.9893909692764282,0.1300084888935089,0.04267589747905731
pythia-160m,within,very_high/draw_1,very_high/draw_2,0.9941414594650269,0.9966233968734741,0.9967262744903564,0.9768347144126892,0.9910561442375183,0.9889266490936279,0.9940342307090759,0.9944221377372742,999,0.9461858868598938,0.9894234538078308,0.12269285321235657,0.044226065278053284
pythia-160m,within,very_high/draw_1,very_high/draw_3,0.9942925572395325,0.9965813159942627,0.9966683387756348,0.9804474115371704,0.9890130162239075,0.991360604763031,0.9945793747901917,0.9946612119674683,973,0.9485810399055481,0.9901386499404907,0.11771837621927261,0.042364250868558884
pythia-160m,between,very_high/draw_1,control/draw_1,0.9865682721138,0.9914872646331787,0.9917002320289612,0.9710680246353149,0.9887736439704895,0.9885117411613464,0.9918349981307983,0.9863333106040955,991,0.9420096278190613,0.9893954396247864,0.12475870549678802,0.04539649188518524
pythia-160m,other,very_high/draw_1,control/draw_2,0.9869737029075623,0.991157591342926,0.9913643598556519,0.9704121947288513,0.9853694438934326,0.9883983135223389,0.9920583963394165,0.9867905378341675,995,0.9387908577919006,0.9868022203445435,0.13046641647815704,0.04606960341334343
pythia-160m,other,very_high/draw_1,control/draw_3,0.9888951182365417,0.9923239946365356,0.9926705956459045,0.9719349145889282,0.987334132194519,0.9863183498382568,0.9927771091461182,0.9888253211975098,974,0.9414951205253601,0.9879563450813293,0.1263977289199829,0.04369347542524338
pythia-160m,within,very_high/draw_2,very_high/draw_3,0.9954720735549927,0.9975113868713379,0.9975515007972717,0.983056902885437,0.988158643245697,0.9925072193145752,0.9943065643310547,0.9958295822143555,944,0.9485082030296326,0.9906061887741089,0.120253786444664,0.04260145500302315
pythia-160m,other,very_high/draw_2,control/draw_1,0.9889479279518127,0.9925159811973572,0.9928387403488159,0.9680496454238892,0.9870312213897705,0.9892169833183289,0.9919537305831909,0.9888558387756348,988,0.9384426474571228,0.988821804523468,0.12997257709503174,0.04632174223661423
pythia-160m,between,very_high/draw_2,control/draw_2,0.9906104207038879,0.9931424260139465,0.9934782981872559,0.9708415865898132,0.9872282147407532,0.9884299039840698,0.9894216060638428,0.9910500049591064,968,0.9430952668190002,0.9874206781387329,0.1253303438425064,0.0458686426281929
pythia-160m,other,very_high/draw_2,control/draw_3,0.9902524352073669,0.9928287863731384,0.9931650757789612,0.9633870124816895,0.9885127544403076,0.9875285029411316,0.9915485382080078,0.9904103875160217,967,0.9438847303390503,0.988402247428894,0.12585313618183136,0.04509254917502403
pythia-160m,other,very_high/draw_3,control/draw_1,0.9886016249656677,0.991953432559967,0.9922887682914734,0.9732949733734131,0.9867581725120544,0.9899259209632874,0.9910283088684082,0.988618016242981,983,0.9418545961380005,0.9888136386871338,0.12469751387834549,0.04440191388130188
pythia-160m,other,very_high/draw_3,control/draw_2,0.9890644550323486,0.9920517802238464,0.9924152493476868,0.971904993057251,0.9842664003372192,0.9893344640731812,0.9896429181098938,0.9894940257072449,978,0.93870609998703,0.9874472618103027,0.13207288086414337,0.04858086258172989
pythia-160m,between,very_high/draw_3,control/draw_3,0.9901701807975769,0.9924736618995667,0.9928072690963745,0.967372477054596,0.9859620928764343,0.9870625138282776,0.9911526441574097,0.9904952645301819,973,0.9445952773094177,0.9890093803405762,0.12359002977609634,0.043148286640644073
pythia-160m,within,control/draw_1,control/draw_2,0.9950156211853027,0.9977235794067383,0.9977591633796692,0.9794487953186035,0.9912534952163696,0.9919804334640503,0.9918546080589294,0.9955182075500488,1057,0.9443835616111755,0.987884521484375,0.1223704069852829,0.04694711044430733
pythia-160m,within,control/draw_1,control/draw_3,0.9958471059799194,0.9974644184112549,0.9975433945655823,0.9775455594062805,0.9909308552742004,0.9928238391876221,0.9946679472923279,0.9961293935775757,1007,0.9454278945922852,0.9894652366638184,0.11961454153060913,0.041464947164058685
pythia-160m,within,control/draw_2,control/draw_3,0.995558500289917,0.9973540902137756,0.997462272644043,0.9747498631477356,0.9901461601257324,0.9916159510612488,0.9910014867782593,0.9960448145866394,989,0.9452589154243469,0.9886115789413452,0.12210167199373245,0.04420941323041916
pythia-410m,within,low/draw_1,low/draw_2,0.9961845278739929,0.998375415802002,0.9983863830566406,0.9953619241714478,0.99663907289505,0.9965243339538574,0.9974311590194702,0.9960870146751404,2592,0.9639231562614441,0.993177056312561,0.08975783735513687,0.034859783947467804
pythia-410m,within,low/draw_1,low/draw_3,0.996160626411438,0.9984126091003418,0.9984788298606873,0.9946541786193848,0.9971300959587097,0.9972104430198669,0.9973639249801636,0.9959812760353088,2496,0.9627931118011475,0.9921098947525024,0.09145240485668182,0.03680284321308136
pythia-410m,between,low/draw_1,medium/draw_1,0.9925139546394348,0.9959323406219482,0.9960331320762634,0.9823423027992249,0.993240475654602,0.9940655827522278,0.9963430166244507,0.9921218156814575,2352,0.9609028100967407,0.991452157497406,0.09905217587947845,0.0410773903131485
pythia-410m,other,low/draw_1,medium/draw_2,0.9913431406021118,0.9954291582107544,0.9955937266349792,0.9876589775085449,0.9941550493240356,0.9940354824066162,0.9954292178153992,0.990821897983551,2392,0.9600328207015991,0.991091251373291,0.09852997213602066,0.04167978838086128
pythia-410m,other,low/draw_1,medium/draw_3,0.9915280938148499,0.9954349994659424,0.9956178069114685,0.9902467131614685,0.9939044117927551,0.9939321279525757,0.9959996342658997,0.9908328652381897,2444,0.9572882056236267,0.9910290241241455,0.1023901179432869,0.04183610528707504
pythia-410m,between,low/draw_1,high/draw_1,0.9761995077133179,0.9853689670562744,0.9859763383865356,0.9665261507034302,0.9817473888397217,0.9856125712394714,0.9881357550621033,0.9744038581848145,2225,0.9538792371749878,0.9876729249954224,0.11204662173986435,0.0513848215341568
pythia-410m,other,low/draw_1,high/draw_2,0.9749773144721985,0.9851837754249573,0.9858714938163757,0.9628974795341492,0.9814743399620056,0.9834712743759155,0.989335834980011,0.973105251789093,2214,0.954666018486023,0.987106204032898,0.11253702640533447,0.05367506295442581
pythia-410m,other,low/draw_1,high/draw_3,0.9752048850059509,0.9852171540260315,0.9859865307807922,0.9678747653961182,0.981439471244812,0.9856489300727844,0.9880564212799072,0.9733449816703796,2178,0.9562103748321533,0.986914873123169,0.11011441051959991,0.05186794698238373
pythia-410m,between,low/draw_1,very_high/draw_1,0.9393131732940674,0.9649468660354614,0.9660972356796265,0.9282218813896179,0.9671404957771301,0.9697160720825195,0.9782495498657227,0.9329703450202942,2069,0.9485764503479004,0.9820576906204224,0.1255928874015808,0.06857632100582123
pythia-410m,other,low/draw_1,very_high/draw_2,0.9406439065933228,0.9657068252563477,0.966821014881134,0.9255847930908203,0.9680536985397339,0.9703874588012695,0.9788172841072083,0.9346747398376465,2135,0.9475920796394348,0.9820592403411865,0.1256660670042038,0.0677826777100563
pythia-410m,other,low/draw_1,very_high/draw_3,0.9275999665260315,0.9603198766708374,0.9617475271224976,0.9242594838142395,0.9651829600334167,0.9715509414672852,0.9791392683982849,0.918955385684967,2081,0.9451590180397034,0.9813584685325623,0.12941567599773407,0.07141008973121643
pythia-410m,between,low/draw_1,control/draw_1,0.9552306532859802,0.9738205671310425,0.9748093485832214,0.9625407457351685,0.9725258350372314,0.975753903388977,0.9825266003608704,0.9505826830863953,2135,0.9484070539474487,0.9842749238014221,0.12138180434703827,0.06203632429242134
pythia-410m,other,low/draw_1,control/draw_2,0.9551957845687866,0.9737315773963928,0.9746413826942444,0.9569655060768127,0.9704868793487549,0.9724414944648743,0.9759393930435181,0.952796995639801,2129,0.9490318298339844,0.9827122688293457,0.12466143816709518,0.06590162217617035
pythia-410m,other,low/draw_1,control/draw_3,0.9508265852928162,0.9716875553131104,0.9728999137878418,0.9587867856025696,0.9752965569496155,0.9735264778137207,0.9799461960792542,0.9459683299064636,2179,0.9488655924797058,0.9847144484519958,0.12455279380083084,0.06109554320573807
pythia-410m,within,low/draw_2,low/draw_3,0.9956113696098328,0.9984093904495239,0.9983519911766052,0.9939990043640137,0.9968874454498291,0.9973741769790649,0.9971963763237,0.995512068271637,2470,0.964198112487793,0.9919847846031189,0.09106805920600891,0.03840707242488861
pythia-410m,other,low/draw_2,medium/draw_1,0.9922289252281189,0.9960420727729797,0.9961814880371094,0.9835458993911743,0.9925472140312195,0.993160605430603,0.9954591393470764,0.9921113848686218,2316,0.9596139192581177,0.9904541373252869,0.10067746043205261,0.04385048896074295
pythia-410m,between,low/draw_2,medium/draw_2,0.9917237758636475,0.9954977631568909,0.995707631111145,0.9883655309677124,0.9942875504493713,0.9941447973251343,0.9950517416000366,0.9912273287773132,2336,0.9595605731010437,0.9913603663444519,0.10083914548158646,0.040994636714458466
pythia-410m,other,low/draw_2,medium/draw_3,0.9915329217910767,0.9955242276191711,0.9957340359687805,0.9896247386932373,0.9922198057174683,0.9937650561332703,0.9957141876220703,0.9910094738006592,2395,0.9581888318061829,0.9908502101898193,0.10065268725156784,0.04170386493206024
pythia-410m,other,low/draw_2,high/draw_1,0.975019633769989,0.9851862788200378,0.9858395457267761,0.9684880375862122,0.9807161688804626,0.9845303297042847,0.9864973425865173,0.9734321236610413,2198,0.9520178437232971,0.9869663119316101,0.11430665850639343,0.05404839664697647
pythia-410m,between,low/draw_2,high/draw_2,0.9731128811836243,0.9844783544540405,0.9852526783943176,0.9647472500801086,0.980440080165863,0.9815483689308167,0.9878643155097961,0.971268355846405,2227,0.9510300159454346,0.9855961799621582,0.11694633215665817,0.05658034607768059
pythia-410m,other,low/draw_2,high/draw_3,0.9739788174629211,0.9847893118858337,0.9855937957763672,0.9698445200920105,0.9799015522003174,0.9850369691848755,0.9866140484809875,0.9722633361816406,2181,0.9560544490814209,0.9869276285171509,0.11052875965833664,0.05235674977302551
pythia-410m,other,low/draw_2,very_high/draw_1,0.938376247882843,0.9648100137710571,0.9660444259643555,0.9322799444198608,0.967400312423706,0.9670100808143616,0.977310299873352,0.9319196343421936,2025,0.9464014768600464,0.9827015995979309,0.12757499516010284,0.06731870025396347
pythia-410m,between,low/draw_2,very_high/draw_2,0.939032793045044,0.9652643203735352,0.9663931727409363,0.9291515946388245,0.9682300090789795,0.9689315557479858,0.9776191711425781,0.9326691031455994,2114,0.9436194896697998,0.9820577502250671,0.1315310150384903,0.06838589161634445
pythia-410m,other,low/draw_2,very_high/draw_3,0.9263604283332825,0.9601958394050598,0.9616782665252686,0.9278867840766907,0.9656268358230591,0.9690772891044617,0.9780068397521973,0.9174371957778931,2082,0.9434971213340759,0.9814088344573975,0.13181917369365692,0.07094009220600128
pythia-410m,other,low/draw_2,control/draw_1,0.9532442092895508,0.9731103181838989,0.9740542769432068,0.9639192223548889,0.9715963006019592,0.9742742776870728,0.9809449911117554,0.9483222961425781,2107,0.9489317536354065,0.9835801124572754,0.12415207177400589,0.06411463767290115
pythia-410m,between,low/draw_2,control/draw_2,0.9525055289268494,0.9725300669670105,0.9734412431716919,0.9580854177474976,0.9685797095298767,0.9708794355392456,0.9732767343521118,0.9502686858177185,2132,0.9472776651382446,0.9823586940765381,0.12647949159145355,0.06634554266929626
pythia-410m,other,low/draw_2,control/draw_3,0.9494637846946716,0.9710485935211182,0.9723700881004333,0.9599748253822327,0.9746801257133484,0.9723544716835022,0.9773358106613159,0.9448052644729614,2154,0.9454402923583984,0.9842766523361206,0.1286201775074005,0.06313088536262512
pythia-410m,other,low/draw_3,medium/draw_1,0.9917981028556824,0.9953789710998535,0.9955824017524719,0.9825639724731445,0.9920052886009216,0.9937251806259155,0.9955620765686035,0.9913978576660156,2397,0.9608181118965149,0.9905270338058472,0.09854823350906372,0.04142461344599724
pythia-410m,other,low/draw_3,medium/draw_2,0.9906989932060242,0.9950429201126099,0.995254635810852,0.985896646976471,0.9929152131080627,0.9941605925559998,0.9941779375076294,0.990399956703186,2407,0.9619448781013489,0.9908782243728638,0.09716286510229111,0.04175730049610138
pythia-410m,between,low/draw_3,medium/draw_3,0.9908326268196106,0.994992196559906,0.9952019453048706,0.9902042746543884,0.9928708076477051,0.9936709403991699,0.9955645203590393,0.990147590637207,2482,0.9566106200218201,0.9902150630950928,0.10302354395389557,0.04211416095495224
pythia-410m,other,low/draw_3,high/draw_1,0.97414630651474,0.9839857816696167,0.9846457242965698,0.9679542183876038,0.9805196523666382,0.9843212366104126,0.9871973991394043,0.9721270799636841,2236,0.9550265669822693,0.9877326488494873,0.1118864193558693,0.05030883848667145
pythia-410m,other,low/draw_3,high/draw_2,0.972241222858429,0.9832193851470947,0.9840254187583923,0.9646744132041931,0.980390727519989,0.981332540512085,0.9888770580291748,0.9700373411178589,2301,0.9568737745285034,0.9874731302261353,0.11124051362276077,0.052434295415878296
pythia-410m,between,low/draw_3,high/draw_3,0.9736486077308655,0.984161376953125,0.9848969578742981,0.968197762966156,0.9800487160682678,0.9841596484184265,0.9862132668495178,0.971795916557312,2231,0.9559469819068909,0.9870618581771851,0.10981926321983337,0.05173816904425621
pythia-410m,other,low/draw_3,very_high/draw_1,0.9353184103965759,0.9623662829399109,0.9634845852851868,0.9288856983184814,0.968265950679779,0.9671461582183838,0.9774333238601685,0.9285231232643127,2077,0.9515433311462402,0.9825481176376343,0.12220140546560287,0.06686029583215714
pythia-410m,other,low/draw_3,very_high/draw_2,0.9366952180862427,0.963396430015564,0.9643942713737488,0.9272192716598511,0.9690613150596619,0.9682096838951111,0.9774885773658752,0.9304023385047913,2207,0.9463804364204407,0.9812592267990112,0.1284225583076477,0.06942814588546753
pythia-410m,between,low/draw_3,very_high/draw_3,0.9227041602134705,0.9574105143547058,0.9587710499763489,0.9253088235855103,0.9670538306236267,0.9693147540092468,0.9788448810577393,0.9133903384208679,2154,0.9428420662879944,0.9814309477806091,0.13113254308700562,0.06903314590454102
pythia-410m,other,low/draw_3,control/draw_1,0.9517277479171753,0.9717149138450623,0.9726066589355469,0.9624444246292114,0.9723443984985352,0.9733911752700806,0.9813778400421143,0.9468214511871338,2220,0.9507579207420349,0.9836946129798889,0.12160111218690872,0.06196441501379013
pythia-410m,other,low/draw_3,control/draw_2,0.9517109394073486,0.9716471433639526,0.9724249839782715,0.956717848777771,0.9694638252258301,0.9698227047920227,0.974430501461029,0.9489125609397888,2219,0.9457180500030518,0.9821323156356812,0.12639443576335907,0.06571546196937561
pythia-410m,between,low/draw_3,control/draw_3,0.9468213319778442,0.969386875629425,0.9704762101173401,0.9561883211135864,0.9755662679672241,0.971202552318573,0.9780791997909546,0.9415668845176697,2382,0.9477406740188599,0.9837876558303833,0.12628616392612457,0.06153981387615204
pythia-410m,within,medium/draw_1,medium/draw_2,0.9953935146331787,0.9981427192687988,0.9981685280799866,0.9939322471618652,0.9965876936912537,0.9970260858535767,0.9968947172164917,0.99537593126297,2340,0.9638421535491943,0.9931806325912476,0.09133647382259369,0.035626787692308426
pythia-410m,within,medium/draw_1,medium/draw_3,0.996095597743988,0.998307466506958,0.9983735084533691,0.9926032423973083,0.9960476756095886,0.9964406490325928,0.9976897835731506,0.9959775805473328,2379,0.9626370668411255,0.9927568435668945,0.09142633527517319,0.03492645174264908
pythia-410m,between,medium/draw_1,high/draw_1,0.9869539141654968,0.9926223158836365,0.9929444193840027,0.990941047668457,0.9922343492507935,0.9930490255355835,0.9938269853591919,0.9856694340705872,2217,0.9601768851280212,0.9913906455039978,0.1017625629901886,0.039359208196401596
pythia-410m,other,medium/draw_1,high/draw_2,0.9860319495201111,0.9921849966049194,0.9926087260246277,0.9890813827514648,0.9914722442626953,0.9902227520942688,0.994306206703186,0.9847874045372009,2215,0.9599137902259827,0.9906886219978333,0.10167443007230759,0.04267821088433266
pythia-410m,other,medium/draw_1,high/draw_3,0.9863439798355103,0.9924034476280212,0.992863655090332,0.9908799529075623,0.9919065833091736,0.9925703406333923,0.992700457572937,0.9851746559143066,2189,0.9571577310562134,0.9901111125946045,0.10246429592370987,0.04198766499757767
pythia-410m,between,medium/draw_1,very_high/draw_1,0.955973744392395,0.9754361510276794,0.9763065576553345,0.9695206880569458,0.9803091883659363,0.9786503911018372,0.985146164894104,0.9508492946624756,2037,0.9504628777503967,0.9864459037780762,0.11720909923315048,0.05603513494133949
pythia-410m,other,medium/draw_1,very_high/draw_2,0.9571210741996765,0.9759887456893921,0.9769487977027893,0.9687924981117249,0.9806473851203918,0.9791815280914307,0.9847757816314697,0.9525032043457031,2150,0.9502808451652527,0.9845983982086182,0.12080097943544388,0.06029225513339043
pythia-410m,other,medium/draw_1,very_high/draw_3,0.9463074803352356,0.9716395735740662,0.9726675152778625,0.9658686518669128,0.9780563116073608,0.979063093662262,0.986048698425293,0.939428985118866,2054,0.951310932636261,0.9851101040840149,0.11856862902641296,0.05982739478349686
pythia-410m,between,medium/draw_1,control/draw_1,0.9655943512916565,0.9807599782943726,0.9814422130584717,0.985533595085144,0.9839665293693542,0.9826205968856812,0.9885061979293823,0.9614171385765076,2331,0.9523360133171082,0.9870833158493042,0.11688756197690964,0.05396934598684311
pythia-410m,other,medium/draw_1,control/draw_2,0.9661903381347656,0.9801896214485168,0.9808617234230042,0.9830306172370911,0.9819181561470032,0.9797468185424805,0.9817801117897034,0.9638962745666504,2112,0.9536945223808289,0.9866877794265747,0.11215031147003174,0.053691212087869644
pythia-410m,other,medium/draw_1,control/draw_3,0.9657942056655884,0.9803855419158936,0.9813098311424255,0.9840739369392395,0.9862945079803467,0.9819870591163635,0.9867063164710999,0.9619931578636169,2131,0.9520336389541626,0.9890979528427124,0.11404560506343842,0.04819905757904053
pythia-410m,within,medium/draw_2,medium/draw_3,0.9955665469169617,0.9982219934463501,0.9982936978340149,0.9934815168380737,0.9953231811523438,0.9964237809181213,0.996803879737854,0.9956508278846741,2367,0.9632279872894287,0.9932149648666382,0.09152371436357498,0.036040280014276505
pythia-410m,other,medium/draw_2,high/draw_1,0.9854770302772522,0.9924131035804749,0.9926842451095581,0.987750232219696,0.9898929595947266,0.9930442571640015,0.9940557479858398,0.9842261075973511,2312,0.9637019038200378,0.9915798902511597,0.09472447633743286,0.04224085062742233
pythia-410m,between,medium/draw_2,high/draw_2,0.9852056503295898,0.992218017578125,0.9925677180290222,0.9843643307685852,0.9890273213386536,0.9904108643531799,0.9935333132743835,0.9842049479484558,2197,0.9614344239234924,0.9905165433883667,0.09872182458639145,0.04527842998504639
pythia-410m,other,medium/draw_2,high/draw_3,0.9857195615768433,0.9926047325134277,0.9929839968681335,0.9880068302154541,0.98891681432724,0.9929072260856628,0.9940401315689087,0.9846290946006775,2145,0.9627188444137573,0.9903029203414917,0.09659615159034729,0.04279105365276337
pythia-410m,other,medium/draw_2,very_high/draw_1,0.9550567865371704,0.9751032590866089,0.9759225249290466,0.9613034129142761,0.9770128726959229,0.9779521822929382,0.9850888848304749,0.9497637748718262,2020,0.9524431824684143,0.9857429265975952,0.11748138815164566,0.058402903378009796
pythia-410m,between,medium/draw_2,very_high/draw_2,0.9562040567398071,0.9755620956420898,0.9764302968978882,0.9602147340774536,0.9768968224525452,0.9795007705688477,0.9860206246376038,0.9510049223899841,2142,0.9527925848960876,0.984721839427948,0.11478231102228165,0.058419302105903625
pythia-410m,other,medium/draw_2,very_high/draw_3,0.9446831941604614,0.9709730744361877,0.9719566106796265,0.9581413269042969,0.9745874404907227,0.9785827994346619,0.9848327040672302,0.9372912645339966,2053,0.950900137424469,0.9844728708267212,0.11964991688728333,0.062147025018930435
pythia-410m,other,medium/draw_2,control/draw_1,0.9665970802307129,0.9821101427078247,0.982644259929657,0.9825857877731323,0.9796801209449768,0.9836935997009277,0.9893873929977417,0.9623995423316956,2138,0.955030620098114,0.9868757724761963,0.11101701855659485,0.054338935762643814
pythia-410m,between,medium/draw_2,control/draw_2,0.9666014313697815,0.9813504815101624,0.9819619059562683,0.9793417453765869,0.9767700433731079,0.9808579087257385,0.983208417892456,0.9648438096046448,2080,0.952326238155365,0.9867428541183472,0.11475905030965805,0.05535642057657242
pythia-410m,other,medium/draw_2,control/draw_3,0.966008186340332,0.981488049030304,0.9823503494262695,0.9811409711837769,0.9827051162719727,0.9826626181602478,0.9870931506156921,0.9624426960945129,2145,0.9544521570205688,0.9883980751037598,0.11147260665893555,0.05166500806808472
pythia-410m,other,medium/draw_3,high/draw_1,0.9883972406387329,0.9935058951377869,0.9937736988067627,0.9842022657394409,0.9922690391540527,0.9929086565971375,0.9942350387573242,0.9875445365905762,2220,0.9615707397460938,0.9918145537376404,0.09584474563598633,0.03883015364408493
pythia-410m,other,medium/draw_3,high/draw_2,0.9871076941490173,0.9929641485214233,0.9932602643966675,0.9826366305351257,0.9920713305473328,0.9914032816886902,0.9948284029960632,0.9861018657684326,2257,0.9589301943778992,0.9908829927444458,0.10130967944860458,0.04197130352258682
pythia-410m,between,medium/draw_3,high/draw_3,0.9881711006164551,0.9934629201889038,0.9938293099403381,0.9846774339675903,0.9921219348907471,0.9938467144966125,0.9935294985771179,0.9874014854431152,2271,0.9582253098487854,0.9906806945800781,0.09853404015302658,0.03923048824071884
pythia-410m,other,medium/draw_3,very_high/draw_1,0.9586312174797058,0.97678542137146,0.9775847792625427,0.9553349018096924,0.9811122417449951,0.9782999753952026,0.9866904020309448,0.9540807604789734,2106,0.9501069784164429,0.9855881929397583,0.11937877535820007,0.05724825710058212
pythia-410m,other,medium/draw_3,very_high/draw_2,0.9583470821380615,0.9768010973930359,0.9776273965835571,0.9541390538215637,0.980599582195282,0.9802177548408508,0.986443817615509,0.9539121985435486,2169,0.9537670612335205,0.9855164885520935,0.11614349484443665,0.05845727026462555
pythia-410m,between,medium/draw_3,very_high/draw_3,0.9480594992637634,0.9726324081420898,0.9735927581787109,0.9522132873535156,0.9790521264076233,0.9785535335540771,0.9872138500213623,0.9416444897651672,2134,0.9518342018127441,0.985180139541626,0.11755106598138809,0.05958246439695358
pythia-410m,other,medium/draw_3,control/draw_1,0.9689122438430786,0.9829435348510742,0.9834865927696228,0.9785309433937073,0.9847714304924011,0.9856677055358887,0.9901241660118103,0.965110182762146,2181,0.9564149379730225,0.9879822731018066,0.10885178297758102,0.05142820626497269
pythia-410m,other,medium/draw_3,control/draw_2,0.969373881816864,0.9825868010520935,0.9831018447875977,0.9745956659317017,0.9830036163330078,0.9836892485618591,0.9835540056228638,0.9676266312599182,2176,0.9555440545082092,0.9871456623077393,0.11290601640939713,0.053888946771621704
pythia-410m,between,medium/draw_3,control/draw_3,0.9681171178817749,0.9823237061500549,0.9830837249755859,0.975155234336853,0.9867576956748962,0.9848225712776184,0.9871699213981628,0.9648329615592957,2215,0.9504340291023254,0.9885942339897156,0.1155211478471756,0.04906019568443298
pythia-410m,within,high/draw_1,high/draw_2,0.994511604309082,0.9974766969680786,0.9975882172584534,0.9952498078346252,0.9970554709434509,0.9960920214653015,0.9974203109741211,0.9940829873085022,2132,0.9663878083229065,0.9932044744491577,0.08721979707479477,0.03401809558272362
pythia-410m,within,high/draw_1,high/draw_3,0.9952830672264099,0.9978649616241455,0.9979704022407532,0.994246244430542,0.9968154430389404,0.9968671798706055,0.9976445436477661,0.9949551820755005,2080,0.9703532457351685,0.9943848252296448,0.08081186562776566,0.03145815059542656
pythia-410m,between,high/draw_1,very_high/draw_1,0.9814134240150452,0.9903486371040344,0.9907937049865723,0.9840962886810303,0.9915965795516968,0.9908791780471802,0.9928127527236938,0.979587733745575,1967,0.9619522094726562,0.990570068359375,0.09812401235103607,0.04492529481649399
pythia-410m,other,high/draw_1,very_high/draw_2,0.9808816313743591,0.990113377571106,0.9906578063964844,0.9831548929214478,0.9903841614723206,0.9912153482437134,0.9933336973190308,0.9792381525039673,2083,0.9579831957817078,0.9896193742752075,0.1045987457036972,0.04697156697511673
pythia-410m,other,high/draw_1,very_high/draw_3,0.9736401438713074,0.9872686862945557,0.9877527356147766,0.9815398454666138,0.9890111088752747,0.9908421039581299,0.9929479956626892,0.9706085324287415,2028,0.9564440846443176,0.9898603558540344,0.10423041135072708,0.04759238660335541
pythia-410m,between,high/draw_1,control/draw_1,0.9839622378349304,0.991706371307373,0.9920234084129333,0.9902225732803345,0.992637574672699,0.9919136762619019,0.9952630400657654,0.9821404814720154,2094,0.9587018489837646,0.9910671710968018,0.10083024203777313,0.04305421561002731
pythia-410m,other,high/draw_1,control/draw_2,0.9836820363998413,0.9905127882957458,0.990831196308136,0.9893314242362976,0.9902492165565491,0.9892945885658264,0.9912164807319641,0.9828937649726868,2048,0.9566372632980347,0.990505039691925,0.10249315202236176,0.04295479506254196
pythia-410m,other,high/draw_1,control/draw_3,0.9842836260795593,0.9913721680641174,0.9917845129966736,0.9875532388687134,0.9924504160881042,0.9910882711410522,0.994166910648346,0.9826931357383728,2070,0.9608319401741028,0.9919166564941406,0.09728679805994034,0.038623154163360596
pythia-410m,within,high/draw_2,high/draw_3,0.9933825135231018,0.9971766471862793,0.9971931576728821,0.9938295483589172,0.9964736104011536,0.9957677721977234,0.9968008399009705,0.9928810000419617,2109,0.9659773707389832,0.9924989938735962,0.08633304387331009,0.03531047701835632
pythia-410m,other,high/draw_2,very_high/draw_1,0.9808560013771057,0.990022599697113,0.9904744029045105,0.9862058758735657,0.9922518730163574,0.9908032417297363,0.9936872124671936,0.9785105586051941,2163,0.9608002305030823,0.9895014762878418,0.10126641392707825,0.04561007022857666
pythia-410m,between,high/draw_2,very_high/draw_2,0.9811992049217224,0.9901538491249084,0.9907430410385132,0.9851648807525635,0.9916676878929138,0.9917525053024292,0.9936894774436951,0.9790880084037781,2080,0.9572423100471497,0.9881499409675598,0.10341264307498932,0.04771874099969864
pythia-410m,other,high/draw_2,very_high/draw_3,0.9760660529136658,0.9880837202072144,0.988555908203125,0.9847492575645447,0.990738570690155,0.9903743863105774,0.9947680234909058,0.9728774428367615,2048,0.9569938778877258,0.9890455007553101,0.10314890742301941,0.04664287716150284
pythia-410m,other,high/draw_2,control/draw_1,0.9843955636024475,0.9918714761734009,0.9922623038291931,0.9904726147651672,0.9932960867881775,0.9940643310546875,0.9945266842842102,0.9824360013008118,2086,0.9642083048820496,0.9907323718070984,0.09283015877008438,0.041206926107406616
pythia-410m,between,high/draw_2,control/draw_2,0.9835422039031982,0.9908059239387512,0.9912040829658508,0.9910060167312622,0.9912546277046204,0.9921800494194031,0.9900341033935547,0.9825236201286316,2080,0.9616144299507141,0.9904453158378601,0.09699492901563644,0.042734939604997635
pythia-410m,other,high/draw_2,control/draw_3,0.9858672618865967,0.9922056198120117,0.9927994012832642,0.9888520240783691,0.9936807155609131,0.9932119250297546,0.9931387305259705,0.9845066666603088,2103,0.9612832069396973,0.9917694926261902,0.09657612442970276,0.03870485723018646
pythia-410m,other,high/draw_3,very_high/draw_1,0.981319010257721,0.9901476502418518,0.9904850125312805,0.98317551612854,0.9905937910079956,0.988762617111206,0.9929876327514648,0.9795224666595459,1953,0.9588786363601685,0.9897850155830383,0.10078258067369461,0.04634980857372284
pythia-410m,other,high/draw_3,very_high/draw_2,0.98175048828125,0.9903282523155212,0.9907069206237793,0.9828675389289856,0.990128219127655,0.9913355112075806,0.9941688776016235,0.980168879032135,2060,0.9577582478523254,0.98943692445755,0.10272891074419022,0.04570271819829941
pythia-410m,between,high/draw_3,very_high/draw_3,0.9735553860664368,0.9870111346244812,0.9872363209724426,0.9801336526870728,0.9885876178741455,0.9887059330940247,0.9922624230384827,0.9706653952598572,1985,0.959134578704834,0.989963948726654,0.09877388924360275,0.04688523709774017
pythia-410m,other,high/draw_3,control/draw_1,0.9833584427833557,0.9919388294219971,0.9920660257339478,0.9905266165733337,0.9931073188781738,0.991596519947052,0.9949561357498169,0.9814152717590332,2076,0.9629957675933838,0.9906508922576904,0.0946502685546875,0.04393615573644638
pythia-410m,other,high/draw_3,control/draw_2,0.9852545857429504,0.9913451075553894,0.9915582537651062,0.9909679889678955,0.9912277460098267,0.9901559948921204,0.9918290376663208,0.9844169616699219,2007,0.9621869325637817,0.9912925958633423,0.09505259990692139,0.040615878999233246
pythia-410m,between,high/draw_3,control/draw_3,0.98483806848526,0.9917588233947754,0.9920988082885742,0.9893245100975037,0.9926429390907288,0.9920176267623901,0.9937726259231567,0.9832454919815063,2074,0.9607111811637878,0.9913262128829956,0.0963909924030304,0.03929220139980316
pythia-410m,within,very_high/draw_1,very_high/draw_2,0.993761420249939,0.9974618554115295,0.9975313544273376,0.9943851232528687,0.9969119429588318,0.9963206052780151,0.9970378279685974,0.9932156205177307,2025,0.9655226469039917,0.9930291175842285,0.08939657360315323,0.036206651479005814
pythia-410m,within,very_high/draw_1,very_high/draw_3,0.9913920164108276,0.9965198636054993,0.9966041445732117,0.9953472018241882,0.9968833923339844,0.9968741536140442,0.9971036911010742,0.9902850389480591,1958,0.9640931487083435,0.9929454922676086,0.08919115364551544,0.034272074699401855
pythia-410m,between,very_high/draw_1,control/draw_1,0.9861669540405273,0.9917036294937134,0.9918869137763977,0.9812804460525513,0.9925216436386108,0.9908024072647095,0.9937041401863098,0.9849283695220947,1965,0.963632345199585,0.9915710687637329,0.09145340323448181,0.03938477858901024
pythia-410m,other,very_high/draw_1,control/draw_2,0.984891951084137,0.9905557632446289,0.9907529354095459,0.9850977063179016,0.9905298948287964,0.9880874752998352,0.9901632070541382,0.9843519926071167,1974,0.9639989137649536,0.9915788173675537,0.0916079431772232,0.039778463542461395
pythia-410m,other,very_high/draw_1,control/draw_3,0.9874733090400696,0.9920356869697571,0.9923869967460632,0.9805670380592346,0.992407500743866,0.9891113638877869,0.9923498034477234,0.9868994951248169,1960,0.9576494693756104,0.9911694526672363,0.09838411211967468,0.038944341242313385
pythia-410m,within,very_high/draw_2,very_high/draw_3,0.9912046194076538,0.9963930249214172,0.9965136051177979,0.9948278665542603,0.9965296387672424,0.9959484934806824,0.996019184589386,0.9901605844497681,2056,0.964289128780365,0.9922165870666504,0.09153000265359879,0.03817281126976013
pythia-410m,other,very_high/draw_2,control/draw_1,0.9858683943748474,0.9917754530906677,0.9920142292976379,0.9817444086074829,0.9919036626815796,0.9915407299995422,0.994236946105957,0.9845251441001892,2073,0.9617255926132202,0.9908182621002197,0.09492091834545135,0.04104900360107422
pythia-410m,between,very_high/draw_2,control/draw_2,0.9843662977218628,0.9903809428215027,0.9905901551246643,0.9847273230552673,0.9899100661277771,0.9894272685050964,0.991935133934021,0.9838697910308838,2089,0.9592496156692505,0.9907130002975464,0.09923121333122253,0.042144082486629486
pythia-410m,other,very_high/draw_2,control/draw_3,0.987481415271759,0.9922260642051697,0.9925907850265503,0.9813599586486816,0.9921464920043945,0.9909771084785461,0.9926245212554932,0.9871247410774231,2083,0.9564403891563416,0.9899832010269165,0.10086047649383545,0.042492907494306564
pythia-410m,other,very_high/draw_3,control/draw_1,0.980129063129425,0.9889304637908936,0.9892272353172302,0.9807663559913635,0.9907427430152893,0.9899374842643738,0.9929148554801941,0.9779090285301208,2018,0.9640018343925476,0.991775631904602,0.09217334538698196,0.03983491659164429
pythia-410m,other,very_high/draw_3,control/draw_2,0.9771710634231567,0.9871104955673218,0.9873465299606323,0.9844184517860413,0.9884528517723083,0.9869757890701294,0.9894382953643799,0.9755344390869141,2172,0.9624909162521362,0.9909956455230713,0.09547336399555206,0.041504740715026855
pythia-410m,between,very_high/draw_3,control/draw_3,0.9852040410041809,0.9908273816108704,0.9912669062614441,0.9792636632919312,0.9907601475715637,0.987776517868042,0.9919212460517883,0.984623908996582,2029,0.9572418332099915,0.990796685218811,0.09852010011672974,0.041038259863853455
pythia-410m,within,control/draw_1,control/draw_2,0.9927424788475037,0.9969722032546997,0.9970259070396423,0.9939754605293274,0.9965502023696899,0.9962591528892517,0.9959571957588196,0.992717444896698,2036,0.9689902663230896,0.9928766489028931,0.0836922824382782,0.03612912446260452
pythia-410m,within,control/draw_1,control/draw_3,0.9924063086509705,0.9968134164810181,0.9970279335975647,0.9929892420768738,0.9960821866989136,0.9956300258636475,0.9969227910041809,0.9918185472488403,2063,0.9636005163192749,0.9928416013717651,0.09028168022632599,0.03600426763296127
pythia-410m,within,control/draw_2,control/draw_3,0.9912295341491699,0.9961229562759399,0.9962818622589111,0.9924673438072205,0.9956871867179871,0.9959303140640259,0.9965309500694275,0.9904728531837463,2071,0.9643646478652954,0.9929414391517639,0.0880902037024498,0.035523563623428345
pythia-1b,within,low/draw_1,low/draw_2,0.9960365891456604,0.9984619617462158,0.9985817670822144,0.9966508150100708,0.9959087371826172,0.997058629989624,0.9952560067176819,0.9963677525520325,681,0.9737892746925354,0.9952073097229004,0.07227394729852676,0.03114594705402851
pythia-1b,within,low/draw_1,low/draw_3,0.9964309334754944,0.9985708594322205,0.9984784126281738,0.9967362880706787,0.996204674243927,0.9964889883995056,0.9948407411575317,0.996583878993988,631,0.9737361073493958,0.9949859976768494,0.07126284390687943,0.031576428562402725
pythia-1b,between,low/draw_1,medium/draw_1,0.9903875589370728,0.994002103805542,0.9945164322853088,0.9846134781837463,0.9905053377151489,0.991243302822113,0.9917325973510742,0.9905951619148254,600,0.9675343036651611,0.9918807148933411,0.08753630518913269,0.045175306499004364
pythia-1b,other,low/draw_1,medium/draw_2,0.990923285484314,0.9942839741706848,0.9947324991226196,0.987660825252533,0.9883506894111633,0.9926167726516724,0.992194652557373,0.9911467432975769,640,0.9692182540893555,0.9932481646537781,0.0894949659705162,0.04215405136346817
pythia-1b,other,low/draw_1,medium/draw_3,0.9891262650489807,0.993274986743927,0.9936541318893433,0.9871454238891602,0.9918724894523621,0.9926928281784058,0.9907072186470032,0.9888349175453186,595,0.9697902798652649,0.99309241771698,0.08595682680606842,0.04220805689692497
pythia-1b,between,low/draw_1,high/draw_1,0.9652339816093445,0.9772363901138306,0.9782253503799438,0.9517723917961121,0.9688336253166199,0.9713107347488403,0.9790960550308228,0.9639296531677246,615,0.9499921798706055,0.9861853718757629,0.12512700259685516,0.06277331709861755
pythia-1b,other,low/draw_1,high/draw_2,0.965576708316803,0.9769188165664673,0.9776952862739563,0.9548321962356567,0.9688486456871033,0.9715356230735779,0.9772788882255554,0.96462082862854,619,0.9598066210746765,0.9877102375030518,0.11004959046840668,0.06017650291323662
pythia-1b,other,low/draw_1,high/draw_3,0.9625452160835266,0.9756441712379456,0.9768276214599609,0.9548010230064392,0.9703093767166138,0.9723073244094849,0.9789183139801025,0.9603773355484009,591,0.9585002064704895,0.9887270927429199,0.1137109249830246,0.05996345728635788
pythia-1b,between,low/draw_1,very_high/draw_1,0.8967427015304565,0.9392467141151428,0.940083920955658,0.9237226843833923,0.9431509971618652,0.9596899747848511,0.963454008102417,0.8850457072257996,544,0.9522944092750549,0.9853083491325378,0.12218057364225388,0.06667982786893845
pythia-1b,other,low/draw_1,very_high/draw_2,0.9018651843070984,0.9396264553070068,0.9400914907455444,0.9147757291793823,0.9278250336647034,0.9454344511032104,0.9585852026939392,0.8935180902481079,585,0.9506694078445435,0.9835186004638672,0.12736156582832336,0.07302786409854889
pythia-1b,other,low/draw_1,very_high/draw_3,0.880346953868866,0.9308946132659912,0.9320029616355896,0.9190267324447632,0.9355406165122986,0.95014888048172,0.9608119130134583,0.8663153052330017,546,0.948256254196167,0.9827312231063843,0.1268208771944046,0.07309558242559433
pythia-1b,between,low/draw_1,control/draw_1,0.9199917912483215,0.9545669555664062,0.9561910629272461,0.9574657678604126,0.9608982801437378,0.9625076651573181,0.967019259929657,0.9111247062683105,613,0.9596870541572571,0.9855360388755798,0.11733005940914154,0.06811469793319702
pythia-1b,other,low/draw_1,control/draw_2,0.9261497855186462,0.957416296005249,0.9592999219894409,0.9520339369773865,0.9619091153144836,0.962881326675415,0.9696512818336487,0.9183349013328552,562,0.9530377984046936,0.9853847026824951,0.12487652152776718,0.06733374297618866
pythia-1b,other,low/draw_1,control/draw_3,0.9170190095901489,0.9530981779098511,0.9546747803688049,0.9540652632713318,0.9539068341255188,0.954958438873291,0.96934974193573,0.9081810116767883,580,0.9468628168106079,0.9829756021499634,0.131395623087883,0.07475253939628601
pythia-1b,within,low/draw_2,low/draw_3,0.9956687092781067,0.9981808066368103,0.9981092810630798,0.9958849549293518,0.9974671006202698,0.9968972206115723,0.9953482151031494,0.9958464503288269,617,0.9792807102203369,0.9947295188903809,0.06874380260705948,0.03308374434709549
pythia-1b,other,low/draw_2,medium/draw_1,0.9909464120864868,0.994581401348114,0.9952071309089661,0.9836284518241882,0.9920963048934937,0.9929314851760864,0.9921305179595947,0.9907938838005066,599,0.9726153016090393,0.9922242164611816,0.0824018344283104,0.042104125022888184
pythia-1b,between,low/draw_2,medium/draw_2,0.9902390837669373,0.9946389198303223,0.9951341152191162,0.9861599802970886,0.9896919131278992,0.9937244653701782,0.9953539967536926,0.9897725582122803,644,0.9696046113967896,0.9921176433563232,0.08829484134912491,0.04416242241859436
pythia-1b,other,low/draw_2,medium/draw_3,0.9888362288475037,0.993771493434906,0.9941357970237732,0.9871363043785095,0.9931430816650391,0.9944198131561279,0.9934768676757812,0.988024890422821,599,0.9722686409950256,0.9934895038604736,0.0828203409910202,0.03971804678440094
pythia-1b,other,low/draw_2,high/draw_1,0.9629248380661011,0.9773620367050171,0.9785239696502686,0.9493464827537537,0.9705942869186401,0.9742004871368408,0.9845752716064453,0.9601471424102783,622,0.9557724595069885,0.9868202805519104,0.11596988886594772,0.06112445890903473
pythia-1b,between,low/draw_2,high/draw_2,0.9631461501121521,0.9770474433898926,0.9779633283615112,0.9530431032180786,0.971503496170044,0.9761742353439331,0.981291651725769,0.960503339767456,625,0.9585158228874207,0.9881603717803955,0.11269936710596085,0.05849723145365715
pythia-1b,other,low/draw_2,high/draw_3,0.9602607488632202,0.9762280583381653,0.9775918126106262,0.9528096914291382,0.9721173048019409,0.9759371876716614,0.9842126369476318,0.9567375183105469,582,0.9573051929473877,0.9879323244094849,0.11345528066158295,0.061555154621601105
pythia-1b,other,low/draw_2,very_high/draw_1,0.8905476331710815,0.9392139315605164,0.9402897953987122,0.9207172989845276,0.9510422348976135,0.9619024395942688,0.9734651446342468,0.8752613067626953,542,0.9536487460136414,0.9845243096351624,0.12510472536087036,0.07087308913469315
pythia-1b,between,low/draw_2,very_high/draw_2,0.8968428373336792,0.9395781755447388,0.9402816295623779,0.9125537276268005,0.9377617239952087,0.9499765634536743,0.9696299433708191,0.8840506076812744,583,0.9469493627548218,0.9829432368278503,0.13395167887210846,0.07371380925178528
pythia-1b,other,low/draw_2,very_high/draw_3,0.874347984790802,0.9308359026908875,0.9322535395622253,0.9161955118179321,0.945070207118988,0.9537677764892578,0.9707580804824829,0.8560982942581177,540,0.9531170725822449,0.9827332496643066,0.12333834916353226,0.07284578680992126
pythia-1b,other,low/draw_2,control/draw_1,0.9174260497093201,0.954809844493866,0.9568944573402405,0.9576458930969238,0.9628905057907104,0.967849850654602,0.9708502292633057,0.9063755869865417,617,0.9533511400222778,0.9844828248023987,0.12545962631702423,0.06939708441495895
pythia-1b,between,low/draw_2,control/draw_2,0.9228112697601318,0.9570562243461609,0.9593318104743958,0.952248215675354,0.9614775776863098,0.9671511650085449,0.9715911746025085,0.9133881330490112,553,0.9559147357940674,0.9847680926322937,0.12166373431682587,0.06867094337940216
pythia-1b,other,low/draw_2,control/draw_3,0.9158356189727783,0.9536349177360535,0.9555123448371887,0.9533776640892029,0.9589647054672241,0.9607483148574829,0.9734097719192505,0.9044778347015381,587,0.9493599534034729,0.9836181402206421,0.13233186304569244,0.07183986902236938
pythia-1b,other,low/draw_3,medium/draw_1,0.9888415932655334,0.9938852787017822,0.994154691696167,0.9839491248130798,0.9917253851890564,0.9931167364120483,0.9905180335044861,0.9886844158172607,599,0.9700316190719604,0.9906468391418457,0.0892811119556427,0.04903262108564377
pythia-1b,other,low/draw_3,medium/draw_2,0.9887050986289978,0.9938352108001709,0.9941401481628418,0.9861012101173401,0.9896828532218933,0.9942895174026489,0.9925407767295837,0.9882665276527405,641,0.9652122259140015,0.9912863373756409,0.09648539125919342,0.046622853726148605
pythia-1b,between,low/draw_3,medium/draw_3,0.9876941442489624,0.9934110045433044,0.9935774207115173,0.9866886734962463,0.9921578764915466,0.9936792254447937,0.993097722530365,0.9868282079696655,591,0.9708095788955688,0.9910926222801208,0.0886165201663971,0.04774976521730423
pythia-1b,other,low/draw_3,high/draw_1,0.9615240097045898,0.9757453799247742,0.9767888784408569,0.949291467666626,0.9679892063140869,0.9735074043273926,0.9833567142486572,0.9589731097221375,627,0.9510106444358826,0.9853290915489197,0.12413910776376724,0.06426666676998138
pythia-1b,other,low/draw_3,high/draw_2,0.9617087841033936,0.9754809737205505,0.976135790348053,0.9527082443237305,0.9691735506057739,0.9753815531730652,0.9790665507316589,0.9595425724983215,566,0.9586251974105835,0.9870613813400269,0.11368117481470108,0.06271298229694366
pythia-1b,between,low/draw_3,high/draw_3,0.9583643674850464,0.9742806553840637,0.9753929972648621,0.9524796605110168,0.9699186682701111,0.97590571641922,0.9814562201499939,0.9549437165260315,604,0.9580207467079163,0.9875625371932983,0.11957386136054993,0.06225849315524101
pythia-1b,other,low/draw_3,very_high/draw_1,0.8886641263961792,0.9360630512237549,0.9374067187309265,0.9204874038696289,0.9473788738250732,0.9652188420295715,0.9694052338600159,0.8742361068725586,551,0.9540364146232605,0.984428882598877,0.12483935058116913,0.06897705793380737
pythia-1b,other,low/draw_3,very_high/draw_2,0.8950848579406738,0.9362781643867493,0.9373911619186401,0.9112364053726196,0.9335446357727051,0.9530127644538879,0.9659625291824341,0.8837652206420898,583,0.9512937068939209,0.9840594530105591,0.1266932487487793,0.07151883840560913
pythia-1b,between,low/draw_3,very_high/draw_3,0.8701478838920593,0.9267799258232117,0.9283532500267029,0.9160528779029846,0.9416358470916748,0.9563884735107422,0.965873658657074,0.8527962565422058,535,0.9506623148918152,0.980498194694519,0.12801802158355713,0.07654594630002975
pythia-1b,other,low/draw_3,control/draw_1,0.9147117733955383,0.9525411128997803,0.9542513489723206,0.9538357257843018,0.9605699777603149,0.9673829078674316,0.9696167707443237,0.9042246341705322,600,0.9593081474304199,0.9841005802154541,0.12125767767429352,0.07099325209856033
pythia-1b,other,low/draw_3,control/draw_2,0.9221134185791016,0.9556263089179993,0.9576708078384399,0.9472023844718933,0.9589805603027344,0.9670776724815369,0.9721511006355286,0.91316819190979,547,0.9546136260032654,0.9845413565635681,0.1237591952085495,0.06772877275943756
pythia-1b,between,low/draw_3,control/draw_3,0.9115800857543945,0.9506220817565918,0.9524276852607727,0.9497271180152893,0.9557063579559326,0.95957350730896,0.970565676689148,0.9010756611824036,598,0.9486114382743835,0.9817055463790894,0.13437004387378693,0.07663093507289886
pythia-1b,within,medium/draw_1,medium/draw_2,0.9960909485816956,0.998410701751709,0.9984237551689148,0.9960258603096008,0.9973927140235901,0.996816873550415,0.9954957365989685,0.9963276386260986,613,0.9782591462135315,0.9953124523162842,0.07165510952472687,0.03262680768966675
pythia-1b,within,medium/draw_1,medium/draw_3,0.9956490993499756,0.9980926513671875,0.9981245994567871,0.9952024221420288,0.9969163537025452,0.9967188835144043,0.9951780438423157,0.9957183599472046,575,0.9747223258018494,0.9946904182434082,0.0722985789179802,0.031421877443790436
pythia-1b,between,medium/draw_1,high/draw_1,0.9829750061035156,0.9898906350135803,0.9902805685997009,0.9840340614318848,0.9853662252426147,0.98532634973526,0.9896430969238281,0.9821674823760986,593,0.9600477814674377,0.9904811382293701,0.1032639741897583,0.048339493572711945
pythia-1b,other,medium/draw_1,high/draw_2,0.9828667640686035,0.9895026087760925,0.989740252494812,0.9855852127075195,0.9875284433364868,0.9874280095100403,0.9899700880050659,0.9817487001419067,559,0.9675998091697693,0.9919688701629639,0.09466248005628586,0.04431135207414627
pythia-1b,other,medium/draw_1,high/draw_3,0.9812847375869751,0.9893465042114258,0.9896764755249023,0.98565274477005,0.9861574172973633,0.9868059158325195,0.9898208975791931,0.9799619317054749,580,0.9653282165527344,0.9915734529495239,0.10024572163820267,0.04979474097490311
pythia-1b,between,medium/draw_1,very_high/draw_1,0.9219967126846313,0.9576739072799683,0.9580743312835693,0.9598003625869751,0.966273307800293,0.974994421005249,0.9773119688034058,0.9110872149467468,571,0.9622858166694641,0.9887101054191589,0.11085110157728195,0.058474089950323105
pythia-1b,other,medium/draw_1,very_high/draw_2,0.9269392490386963,0.957810640335083,0.9579061269760132,0.9537620544433594,0.9530454874038696,0.9637819528579712,0.972716748714447,0.918507993221283,547,0.9557147026062012,0.9874183535575867,0.11639180034399033,0.06212928146123886
pythia-1b,other,medium/draw_1,very_high/draw_3,0.906356930732727,0.9499305486679077,0.9507564902305603,0.9572088122367859,0.962648868560791,0.9676194787025452,0.9766759872436523,0.8922964930534363,519,0.9601210951805115,0.987406849861145,0.10973107069730759,0.0594390407204628
pythia-1b,between,medium/draw_1,control/draw_1,0.9443899393081665,0.9711558222770691,0.9719703793525696,0.9792666435241699,0.9807829856872559,0.9799248576164246,0.982413113117218,0.9362620115280151,566,0.9621886014938354,0.989004909992218,0.10806640982627869,0.05634260177612305
pythia-1b,other,medium/draw_1,control/draw_2,0.9485501050949097,0.9727698564529419,0.9737502336502075,0.9759753942489624,0.9795317649841309,0.9794774055480957,0.9832220077514648,0.9416411519050598,536,0.9635199904441833,0.9882500767707825,0.10566007345914841,0.05598750337958336
pythia-1b,other,medium/draw_1,control/draw_3,0.9424291253089905,0.9698126912117004,0.9707381129264832,0.9788782000541687,0.9775952696800232,0.973456084728241,0.9845153093338013,0.9340012669563293,545,0.9568290114402771,0.9872515201568604,0.11602175980806351,0.05855311080813408
pythia-1b,within,medium/draw_2,medium/draw_3,0.9959903955459595,0.9983968138694763,0.9984281659126282,0.9953393936157227,0.9957090020179749,0.9966047406196594,0.9965513348579407,0.9961816668510437,607,0.9780740737915039,0.9951149821281433,0.07128675282001495,0.03319872170686722
pythia-1b,other,medium/draw_2,high/draw_1,0.9835138320922852,0.9898059368133545,0.9904860854148865,0.979300320148468,0.9849573969841003,0.984990656375885,0.9916239380836487,0.9829995036125183,696,0.9636040925979614,0.9910564422607422,0.09925474971532822,0.047565072774887085
pythia-1b,between,medium/draw_2,high/draw_2,0.982853889465332,0.9893519282341003,0.9896237850189209,0.9814221262931824,0.9871287941932678,0.985986590385437,0.98997563123703,0.9822977781295776,587,0.9697721004486084,0.9927798509597778,0.09226569533348083,0.0445483922958374
pythia-1b,other,medium/draw_2,high/draw_3,0.9826772809028625,0.9895697236061096,0.9901111721992493,0.9812716841697693,0.9853403568267822,0.9867790341377258,0.9921061396598816,0.9816118478775024,603,0.9683295488357544,0.9926261305809021,0.09722042828798294,0.04518059641122818
pythia-1b,other,medium/draw_2,very_high/draw_1,0.9235907196998596,0.9584410786628723,0.9589855074882507,0.9536178708076477,0.9656777381896973,0.9776352643966675,0.9810939431190491,0.9129806160926819,567,0.9622215032577515,0.9894199967384338,0.10975595563650131,0.05603411793708801
pythia-1b,between,medium/draw_2,very_high/draw_2,0.9281554818153381,0.9584366083145142,0.9587405323982239,0.9469692707061768,0.9525195360183716,0.9660720229148865,0.9775860905647278,0.9204245209693909,585,0.9567174315452576,0.9878143072128296,0.11735899746417999,0.06260451674461365
pythia-1b,other,medium/draw_2,very_high/draw_3,0.906838059425354,0.950337827205658,0.9512211084365845,0.9510359168052673,0.9622851610183716,0.970509946346283,0.9791227579116821,0.8934304118156433,568,0.9607303142547607,0.9868679046630859,0.11425966769456863,0.06187329441308975
pythia-1b,other,medium/draw_2,control/draw_1,0.9446970820426941,0.9703335165977478,0.9712435603141785,0.9761820435523987,0.981419563293457,0.9790052175521851,0.9807687997817993,0.9374027252197266,599,0.9604893922805786,0.9895254373550415,0.10951245576143265,0.0549585297703743
pythia-1b,between,medium/draw_2,control/draw_2,0.9486509561538696,0.9716730713844299,0.9728410243988037,0.9725033044815063,0.9790818095207214,0.9789311289787292,0.9805145263671875,0.9425201416015625,575,0.9665578007698059,0.9895333647727966,0.10310270637273788,0.054183587431907654
pythia-1b,other,medium/draw_2,control/draw_3,0.9423633813858032,0.9689405560493469,0.9699327349662781,0.9751812219619751,0.977546215057373,0.971323549747467,0.9827059507369995,0.9347513914108276,592,0.9615122675895691,0.9886642694473267,0.10997097194194794,0.05689258873462677
pythia-1b,other,medium/draw_3,high/draw_1,0.9835944175720215,0.9898708462715149,0.9906098246574402,0.9790917038917542,0.9853799343109131,0.9859598278999329,0.9924344420433044,0.9828766584396362,616,0.9705632328987122,0.9916956424713135,0.09152143448591232,0.045308105647563934
pythia-1b,other,medium/draw_3,high/draw_2,0.9821598529815674,0.9890589118003845,0.9894686341285706,0.9811941385269165,0.9865484237670898,0.9875932931900024,0.9898054003715515,0.981332004070282,562,0.9707400798797607,0.9922740459442139,0.08822527527809143,0.04372763633728027
pythia-1b,between,medium/draw_3,high/draw_3,0.9816142320632935,0.989204466342926,0.9898927211761475,0.9814454913139343,0.9863004088401794,0.9874387979507446,0.9921982884407043,0.9801955223083496,570,0.970134973526001,0.9919942617416382,0.09057950228452682,0.045874014496803284
pythia-1b,other,medium/draw_3,very_high/draw_1,0.919672966003418,0.9567034244537354,0.9574604034423828,0.9540402889251709,0.9643239378929138,0.9747883677482605,0.9825620651245117,0.9085478782653809,530,0.9576685428619385,0.9881515502929688,0.11336001753807068,0.05815054476261139
pythia-1b,other,medium/draw_3,very_high/draw_2,0.9234110116958618,0.9564511179924011,0.9568799734115601,0.9474623799324036,0.9508849382400513,0.963986873626709,0.9787315726280212,0.9146268367767334,564,0.9504120945930481,0.9863071441650391,0.12110597640275955,0.06229384243488312
pythia-1b,between,medium/draw_3,very_high/draw_3,0.9000011086463928,0.9473221302032471,0.9484869241714478,0.9520289897918701,0.9592910408973694,0.9675278663635254,0.9796088933944702,0.8853963613510132,569,0.9521744847297668,0.9858632683753967,0.11908257007598877,0.06328845024108887
pythia-1b,other,medium/draw_3,control/draw_1,0.9411962628364563,0.9688705801963806,0.9700285196304321,0.9756986498832703,0.9777849316596985,0.9805144667625427,0.9834451675415039,0.9329537749290466,575,0.9631474018096924,0.9892256259918213,0.10432425886392593,0.05540002882480621
pythia-1b,other,medium/draw_3,control/draw_2,0.9459289908409119,0.9706398248672485,0.9719950556755066,0.9716847538948059,0.9768170714378357,0.9803773760795593,0.9838117361068726,0.9387972950935364,569,0.9662660956382751,0.9898309111595154,0.10406851023435593,0.054108306765556335
pythia-1b,between,medium/draw_3,control/draw_3,0.9380863904953003,0.967162549495697,0.9683094024658203,0.9743750691413879,0.973086953163147,0.9751650094985962,0.9841732978820801,0.9295422434806824,573,0.9609250426292419,0.9879791736602783,0.1097990870475769,0.05797337740659714
pythia-1b,within,high/draw_1,high/draw_2,0.9956637024879456,0.9980712532997131,0.9981836676597595,0.9966205954551697,0.9953780770301819,0.9944647550582886,0.9957312345504761,0.9957589507102966,588,0.9710133075714111,0.9940110445022583,0.0818793922662735,0.03382972627878189
pythia-1b,within,high/draw_1,high/draw_3,0.9965448379516602,0.9984741806983948,0.9986557364463806,0.9959713816642761,0.9951732158660889,0.994892418384552,0.9967862963676453,0.9967647194862366,595,0.9787207841873169,0.994970440864563,0.07078990340232849,0.03224558383226395
pythia-1b,between,high/draw_1,very_high/draw_1,0.9629786610603333,0.9817674160003662,0.9820371270179749,0.9861782193183899,0.9809539914131165,0.9833897352218628,0.9915289878845215,0.9579278826713562,561,0.9614019393920898,0.9908744096755981,0.1003306433558464,0.04826277866959572
pythia-1b,other,high/draw_1,very_high/draw_2,0.9654422998428345,0.982300341129303,0.9821779727935791,0.9820004105567932,0.9724228382110596,0.9774374961853027,0.9902188181877136,0.9620075225830078,588,0.9611420035362244,0.99066162109375,0.10202935338020325,0.05002310872077942
pythia-1b,other,high/draw_1,very_high/draw_3,0.9470633864402771,0.9746700525283813,0.9753296375274658,0.9855899810791016,0.9766266942024231,0.981288731098175,0.9905099272727966,0.9388200044631958,563,0.9599770903587341,0.989360511302948,0.10094695538282394,0.05179637670516968
pythia-1b,between,high/draw_1,control/draw_1,0.9744420051574707,0.9869796633720398,0.9872215986251831,0.9824802279472351,0.9902156591415405,0.9907769560813904,0.9899160265922546,0.9711725115776062,604,0.9673188924789429,0.9921663999557495,0.092007577419281,0.04251156002283096
pythia-1b,other,high/draw_1,control/draw_2,0.9771744012832642,0.9878090023994446,0.9881928563117981,0.9813496470451355,0.9889543652534485,0.9913251399993896,0.9900986552238464,0.9745761156082153,579,0.9720834493637085,0.9931395649909973,0.08317181468009949,0.03888821601867676
pythia-1b,other,high/draw_1,control/draw_3,0.9719401597976685,0.9861860275268555,0.9865768551826477,0.984335720539093,0.985397219657898,0.9873232245445251,0.991108775138855,0.9685489535331726,603,0.9641408920288086,0.9911867380142212,0.095326729118824,0.04585599899291992
pythia-1b,within,high/draw_2,high/draw_3,0.9943031668663025,0.9974995851516724,0.997604250907898,0.995353102684021,0.9962524175643921,0.9957848191261292,0.9968369007110596,0.9940711259841919,583,0.9758268594741821,0.9948478937149048,0.07858356833457947,0.03614011034369469
pythia-1b,other,high/draw_2,very_high/draw_1,0.9646390676498413,0.9822438359260559,0.9823988080024719,0.9850237965583801,0.984479546546936,0.9841458797454834,0.9907212853431702,0.9597833156585693,536,0.9705590605735779,0.9920715689659119,0.09016041457653046,0.04514806717634201
pythia-1b,between,high/draw_2,very_high/draw_2,0.969473659992218,0.9836000204086304,0.9833891987800598,0.9814774394035339,0.9766284227371216,0.9789882898330688,0.989165723323822,0.9665051102638245,597,0.9622765779495239,0.9912177920341492,0.09895096719264984,0.04750920087099075
pythia-1b,other,high/draw_2,very_high/draw_3,0.9527143836021423,0.9768776297569275,0.9773434400558472,0.9850150346755981,0.9828848242759705,0.9806061387062073,0.991476833820343,0.9451488256454468,536,0.9628667235374451,0.9908503890037537,0.09800536185503006,0.04654432088136673
pythia-1b,other,high/draw_2,control/draw_1,0.976428747177124,0.988107442855835,0.9884652495384216,0.98183673620224,0.9927476644515991,0.9922167658805847,0.9932170510292053,0.9729791879653931,621,0.9682654738426208,0.9922769069671631,0.08823373913764954,0.04174632579088211
pythia-1b,between,high/draw_2,control/draw_2,0.9781181812286377,0.9884840846061707,0.9889464974403381,0.9815856218338013,0.9907898306846619,0.9918737411499023,0.9915693402290344,0.9755064845085144,552,0.9747887253761292,0.9927306771278381,0.08155639469623566,0.040792305022478104
pythia-1b,other,high/draw_2,control/draw_3,0.9747304916381836,0.9877060651779175,0.9880458116531372,0.9840726852416992,0.9893770813941956,0.9897812008857727,0.9941703081130981,0.971139669418335,588,0.9654368758201599,0.9916068315505981,0.09223943203687668,0.04405533894896507
pythia-1b,other,high/draw_3,very_high/draw_1,0.9661857485771179,0.9828855395317078,0.9831353425979614,0.9843984842300415,0.987004280090332,0.9890531897544861,0.9909155368804932,0.9615326523780823,555,0.9666772484779358,0.9922322630882263,0.09466080367565155,0.045799002051353455
pythia-1b,other,high/draw_3,very_high/draw_2,0.9681105017662048,0.9831757545471191,0.9831002354621887,0.9798677563667297,0.9794051051139832,0.9854632019996643,0.9897371530532837,0.9650779366493225,630,0.9631288647651672,0.9910982251167297,0.10320831835269928,0.050224654376506805
pythia-1b,between,high/draw_3,very_high/draw_3,0.9515631198883057,0.9762681722640991,0.9768679141998291,0.983238935470581,0.9836390018463135,0.9869950413703918,0.9906556606292725,0.9441516995429993,540,0.9641013741493225,0.9912495017051697,0.09681057184934616,0.04901466891169548
pythia-1b,other,high/draw_3,control/draw_1,0.9779052734375,0.9883537888526917,0.9885233044624329,0.9848688840866089,0.9919413924217224,0.9926345348358154,0.99162757396698,0.9751677513122559,584,0.9715378880500793,0.9934282302856445,0.08905356377363205,0.0405842661857605
pythia-1b,other,high/draw_3,control/draw_2,0.9797244071960449,0.9886190891265869,0.9890029430389404,0.9834678769111633,0.9913445115089417,0.9928466081619263,0.9901586174964905,0.9774830341339111,556,0.971954345703125,0.9931939244270325,0.08576243370771408,0.03820279613137245
pythia-1b,between,high/draw_3,control/draw_3,0.9758475422859192,0.9875937104225159,0.9880515933036804,0.9865715503692627,0.988411009311676,0.9886529445648193,0.9920595288276672,0.9731918573379517,627,0.9663952589035034,0.991870641708374,0.0938759371638298,0.04670380800962448
pythia-1b,within,very_high/draw_1,very_high/draw_2,0.9931549429893494,0.9973366260528564,0.99747633934021,0.9958866238594055,0.9960797429084778,0.9941469430923462,0.9970967769622803,0.993195652961731,566,0.9724522233009338,0.9938859343528748,0.07929956912994385,0.035959817469120026
pythia-1b,within,very_high/draw_1,very_high/draw_3,0.9925108551979065,0.9969357252120972,0.9970934391021729,0.9967787265777588,0.9964611530303955,0.9951705932617188,0.9962550401687622,0.9919222593307495,539,0.9726197719573975,0.9939539432525635,0.07707994431257248,0.034426264464855194
pythia-1b,between,very_high/draw_1,control/draw_1,0.9850559234619141,0.9878174662590027,0.9878818392753601,0.9705817699432373,0.9885329008102417,0.9852381944656372,0.9880972504615784,0.9850255250930786,557,0.9714893698692322,0.9941118955612183,0.08187679946422577,0.036186810582876205
pythia-1b,other,very_high/draw_1,control/draw_2,0.9821970462799072,0.9855812191963196,0.9857792854309082,0.9711036086082458,0.9848626852035522,0.9866834878921509,0.9851654767990112,0.9820208549499512,532,0.9719173908233643,0.9935088157653809,0.08329518884420395,0.03773631900548935
pythia-1b,other,very_high/draw_1,control/draw_3,0.9830436110496521,0.9872641563415527,0.9875692129135132,0.975611686706543,0.9896221160888672,0.9785492420196533,0.9900841116905212,0.9828556776046753,555,0.9678592085838318,0.992963433265686,0.08749847114086151,0.039473772048950195
pythia-1b,within,very_high/draw_2,very_high/draw_3,0.992324948310852,0.9969789385795593,0.9971577525138855,0.9961614608764648,0.9957497715950012,0.9955743551254272,0.996142566204071,0.9916560649871826,562,0.9701692461967468,0.9935139417648315,0.08022960275411606,0.03688452020287514
pythia-1b,other,very_high/draw_2,control/draw_1,0.9848266839981079,0.9869411587715149,0.986763060092926,0.9643585681915283,0.9797715544700623,0.9829896688461304,0.9867050647735596,0.985802173614502,594,0.966404378414154,0.9931691288948059,0.08888962864875793,0.040030933916568756
pythia-1b,between,very_high/draw_2,control/draw_2,0.9821242690086365,0.9847978353500366,0.9847391843795776,0.9653636813163757,0.9751943349838257,0.9840463995933533,0.9835636019706726,0.9833710193634033,553,0.9727905988693237,0.9933416247367859,0.082056924700737,0.037181317806243896
pythia-1b,other,very_high/draw_2,control/draw_3,0.9852728843688965,0.9875598549842834,0.9875797629356384,0.9707937836647034,0.9814913272857666,0.9775426387786865,0.9878364205360413,0.9863231182098389,626,0.9589563012123108,0.9918608665466309,0.09745834022760391,0.04110982269048691
pythia-1b,other,very_high/draw_3,control/draw_1,0.9779809713363647,0.9841880202293396,0.984565258026123,0.9679059386253357,0.9843824505805969,0.985252857208252,0.989342987537384,0.97646164894104,556,0.9653367400169373,0.992723822593689,0.08801671862602234,0.0408741757273674
pythia-1b,other,very_high/draw_3,control/draw_2,0.9726307392120361,0.9807993769645691,0.9813212156295776,0.9682647585868835,0.9792923331260681,0.9862365126609802,0.9860527515411377,0.9707773923873901,568,0.9671065807342529,0.9916592836380005,0.0858798548579216,0.04254034161567688
pythia-1b,between,very_high/draw_3,control/draw_3,0.9793762564659119,0.9851046204566956,0.9855920076370239,0.972980260848999,0.9873243570327759,0.9785531759262085,0.9908638596534729,0.9783455729484558,542,0.9731583595275879,0.99251389503479,0.08238321542739868,0.041432954370975494
pythia-1b,within,control/draw_1,control/draw_2,0.99460768699646,0.9975739121437073,0.9975575804710388,0.995622456073761,0.99623042345047,0.9969303607940674,0.9964998364448547,0.9943250417709351,560,0.9800238609313965,0.995366096496582,0.07011795789003372,0.031434349715709686
pythia-1b,within,control/draw_1,control/draw_3,0.9950312376022339,0.9979192018508911,0.9980311989784241,0.9951416254043579,0.9958456754684448,0.9950717091560364,0.9974058866500854,0.9949222207069397,586,0.9742512702941895,0.9943162202835083,0.07573238015174866,0.03335542231798172
pythia-1b,within,control/draw_2,control/draw_3,0.9934262037277222,0.997216522693634,0.9973438382148743,0.9946393966674805,0.9936084151268005,0.9946724772453308,0.9959940314292908,0.9935323596000671,563,0.9788115620613098,0.9945144653320312,0.0704743042588234,0.03477821126580238
pythia-1.4b,within,low/draw_1,low/draw_2,0.996475100517273,0.9982068538665771,0.9983065128326416,0.9892434477806091,0.9954326748847961,0.9964606165885925,0.9969663619995117,0.9966004490852356,1450,0.9711194038391113,0.9957167506217957,0.07738149166107178,0.029320664703845978
pythia-1.4b,within,low/draw_1,low/draw_3,0.9964812397956848,0.9981980323791504,0.9982876181602478,0.9908118844032288,0.9946192502975464,0.9956722855567932,0.9965391159057617,0.9966470003128052,1586,0.9640102982521057,0.9947398900985718,0.0885874554514885,0.03159370273351669
pythia-1.4b,between,low/draw_1,medium/draw_1,0.9881035685539246,0.9922530055046082,0.992677628993988,0.9832383394241333,0.986829936504364,0.9896087646484375,0.9919174909591675,0.98795086145401,1364,0.9572614431381226,0.9923921823501587,0.09975003451108932,0.04035709798336029
pythia-1.4b,other,low/draw_1,medium/draw_2,0.9899541735649109,0.9935051202774048,0.9940171241760254,0.9840884804725647,0.9875482320785522,0.9913517236709595,0.9935411214828491,0.9900041222572327,1388,0.9652621746063232,0.9935609102249146,0.08911144733428955,0.03795044124126434
pythia-1.4b,other,low/draw_1,medium/draw_3,0.9882836937904358,0.9925032258033752,0.9929447770118713,0.9809868931770325,0.9882583618164062,0.9909364581108093,0.9930187463760376,0.9879336357116699,1383,0.9662575125694275,0.9931482672691345,0.09058766067028046,0.04003670811653137
pythia-1.4b,between,low/draw_1,high/draw_1,0.9649558067321777,0.9772055149078369,0.9780601859092712,0.9609281420707703,0.9709702730178833,0.980114221572876,0.9859089851379395,0.9637956619262695,1243,0.9554974436759949,0.98976731300354,0.1073167473077774,0.05273624509572983
pythia-1.4b,other,low/draw_1,high/draw_2,0.9607720375061035,0.9746760725975037,0.975807785987854,0.955684244632721,0.9708288311958313,0.9805337190628052,0.9826914072036743,0.9596459865570068,1343,0.9528822898864746,0.9886515140533447,0.11221406608819962,0.05413328856229782
pythia-1.4b,other,low/draw_1,high/draw_3,0.9572717547416687,0.9736230373382568,0.9743920564651489,0.9573476314544678,0.9727457761764526,0.981108546257019,0.9860338568687439,0.9546135067939758,1208,0.9568197727203369,0.9896209239959717,0.10666538029909134,0.05205797776579857
pythia-1.4b,between,low/draw_1,very_high/draw_1,0.9035325646400452,0.9434582591056824,0.9449469447135925,0.9325448274612427,0.957304835319519,0.9699218273162842,0.9743031859397888,0.8953573703765869,1104,0.9461042881011963,0.9858145713806152,0.12100471556186676,0.06352885067462921
pythia-1.4b,other,low/draw_1,very_high/draw_2,0.8944529891014099,0.9398959279060364,0.9411564469337463,0.9142153859138489,0.9505785703659058,0.962761640548706,0.9706491231918335,0.8883024454116821,1135,0.9534977674484253,0.9804854393005371,0.11630453169345856,0.07103024423122406
pythia-1.4b,other,low/draw_1,very_high/draw_3,0.8761729001998901,0.9294917583465576,0.9310569167137146,0.9255917072296143,0.9568518400192261,0.9676359295845032,0.9730573296546936,0.8633958101272583,1193,0.9472612142562866,0.9850301146507263,0.1251934915781021,0.06559042632579803
pythia-1.4b,between,low/draw_1,control/draw_1,0.9257662296295166,0.9571048617362976,0.9589277505874634,0.9530110955238342,0.9664456844329834,0.9738210439682007,0.9801116585731506,0.9187896847724915,1327,0.9485006928443909,0.9870277047157288,0.12003278732299805,0.058096617460250854
pythia-1.4b,other,low/draw_1,control/draw_2,0.9275414943695068,0.9580312371253967,0.9599522948265076,0.9518570303916931,0.96567702293396,0.9750583171844482,0.9798498153686523,0.921181857585907,1238,0.9529536366462708,0.9881893396377563,0.11283472925424576,0.05785561352968216
pythia-1.4b,other,low/draw_1,control/draw_3,0.9103804230690002,0.9496470093727112,0.9514200091362,0.9535217881202698,0.9667804837226868,0.9727346897125244,0.9800214171409607,0.9012396931648254,1179,0.9505143165588379,0.9870741367340088,0.11610887944698334,0.056189119815826416
pythia-1.4b,within,low/draw_2,low/draw_3,0.9964430928230286,0.9981400966644287,0.9981249570846558,0.9915006756782532,0.9949806332588196,0.9964454770088196,0.9966881275177002,0.9965794682502747,1471,0.9715011119842529,0.9954490661621094,0.07705952972173691,0.03037865459918976
pythia-1.4b,other,low/draw_2,medium/draw_1,0.9875494837760925,0.9920217394828796,0.9924269914627075,0.9789578914642334,0.9907001256942749,0.9911851286888123,0.9915526509284973,0.9871985912322998,1454,0.9605835676193237,0.9926053285598755,0.09753644466400146,0.039708785712718964
pythia-1.4b,between,low/draw_2,medium/draw_2,0.9901160597801208,0.9938172101974487,0.9941859841346741,0.9773387908935547,0.9902847409248352,0.9921375513076782,0.9932481050491333,0.9901539087295532,1377,0.967438280582428,0.9933819770812988,0.08541147410869598,0.03836445510387421
pythia-1.4b,other,low/draw_2,medium/draw_3,0.9884697198867798,0.9928820133209229,0.9931333661079407,0.9738801717758179,0.9915050268173218,0.9919384121894836,0.9930928945541382,0.9881417155265808,1493,0.9665714502334595,0.9932098388671875,0.09010908007621765,0.04118584468960762
pythia-1.4b,other,low/draw_2,high/draw_1,0.9642153382301331,0.9772686958312988,0.9780325889587402,0.9469104409217834,0.977535605430603,0.9819784164428711,0.9856183528900146,0.962802529335022,1224,0.9590920805931091,0.9894301295280457,0.10628996044397354,0.05390613526105881
pythia-1.4b,between,low/draw_2,high/draw_2,0.9604325890541077,0.9749525785446167,0.9760846495628357,0.940494954586029,0.9766836166381836,0.9824645519256592,0.9821315407752991,0.9590907096862793,1241,0.9558073878288269,0.9888429641723633,0.10734616965055466,0.05320952832698822
pythia-1.4b,other,low/draw_2,high/draw_3,0.956753671169281,0.9739454984664917,0.9746059775352478,0.9444003105163574,0.9783111810684204,0.9831355214118958,0.9856653809547424,0.9539174437522888,1257,0.959784209728241,0.9894503355026245,0.10661564767360687,0.05407850071787834
pythia-1.4b,other,low/draw_2,very_high/draw_1,0.9039239287376404,0.9442498683929443,0.9457296133041382,0.9167307615280151,0.9647666215896606,0.9724115133285522,0.9739360213279724,0.8953572511672974,1097,0.9518860578536987,0.9858471751213074,0.11763549596071243,0.06411102414131165
pythia-1.4b,between,low/draw_2,very_high/draw_2,0.8945971131324768,0.9407328963279724,0.9419084787368774,0.893964946269989,0.9600353240966797,0.9657618403434753,0.9698663353919983,0.8878635764122009,1213,0.9514206647872925,0.9808233976364136,0.11905747652053833,0.07096006721258163
pythia-1.4b,other,low/draw_2,very_high/draw_3,0.8766226172447205,0.9303308725357056,0.9319812655448914,0.9079081416130066,0.9651472568511963,0.9707781672477722,0.9728227257728577,0.8634032011032104,1153,0.9487946033477783,0.9850228428840637,0.12235112488269806,0.0650378167629242
pythia-1.4b,other,low/draw_2,control/draw_1,0.9250356554985046,0.9573436975479126,0.9590829014778137,0.9437026381492615,0.9702588319778442,0.9748635292053223,0.9799167513847351,0.9177512526512146,1239,0.9536498188972473,0.9877722263336182,0.11249998211860657,0.0569719523191452
pythia-1.4b,between,low/draw_2,control/draw_2,0.9270763397216797,0.9580574631690979,0.9599700570106506,0.9420434236526489,0.9697693586349487,0.9760496616363525,0.9793553948402405,0.920406699180603,1245,0.9599978923797607,0.9885407090187073,0.10602390021085739,0.057503968477249146
pythia-1.4b,other,low/draw_2,control/draw_3,0.9108741283416748,0.9504413604736328,0.9522676467895508,0.9439263343811035,0.9714071750640869,0.9741430878639221,0.9807146787643433,0.9013854265213013,1242,0.9530512690544128,0.9875761270523071,0.11467468738555908,0.055143244564533234
pythia-1.4b,other,low/draw_3,medium/draw_1,0.9873449802398682,0.9920374751091003,0.9923855066299438,0.9830617904663086,0.9880629777908325,0.9920817613601685,0.9921037554740906,0.9870454668998718,1385,0.9578295350074768,0.9924132823944092,0.09874758124351501,0.03926577419042587
pythia-1.4b,other,low/draw_3,medium/draw_2,0.9893491864204407,0.9934383630752563,0.9937471747398376,0.9819278717041016,0.9898548722267151,0.9924697279930115,0.9933127760887146,0.989419162273407,1420,0.9628857970237732,0.9929322004318237,0.09454181045293808,0.038132958114147186
pythia-1.4b,between,low/draw_3,medium/draw_3,0.9881317615509033,0.9926066398620605,0.9928919672966003,0.9788570404052734,0.9902017116546631,0.992418110370636,0.9930648803710938,0.987771213054657,1417,0.9635667204856873,0.9927120804786682,0.09460044652223587,0.039460547268390656
pythia-1.4b,other,low/draw_3,high/draw_1,0.9636127948760986,0.9768785834312439,0.9776844382286072,0.954245388507843,0.9737752079963684,0.9830430746078491,0.9863404035568237,0.9624680876731873,1278,0.9565148949623108,0.9896111488342285,0.10916345566511154,0.052750132977962494
pythia-1.4b,other,low/draw_3,high/draw_2,0.9588444828987122,0.9740360379219055,0.975284993648529,0.9482640027999878,0.9734885692596436,0.9833800792694092,0.982897937297821,0.9577615857124329,1371,0.9494264125823975,0.9888660907745361,0.11695393174886703,0.053496330976486206
pythia-1.4b,between,low/draw_3,high/draw_3,0.9556816220283508,0.9731068015098572,0.9739161133766174,0.9511284232139587,0.974622905254364,0.9836985468864441,0.986054003238678,0.953061580657959,1241,0.9567558169364929,0.9892004132270813,0.10998576879501343,0.05289476364850998
pythia-1.4b,other,low/draw_3,very_high/draw_1,0.9022161364555359,0.9428899884223938,0.9444262385368347,0.92369544506073,0.9601281881332397,0.9735091924667358,0.975676417350769,0.8941728472709656,1141,0.9445088505744934,0.9861404299736023,0.12558744847774506,0.06255637109279633
pythia-1.4b,other,low/draw_3,very_high/draw_2,0.8919673562049866,0.9390560984611511,0.9403825402259827,0.9030454158782959,0.9539613127708435,0.9687546491622925,0.972585141658783,0.8857365250587463,1134,0.9488008618354797,0.9814146161079407,0.12188981473445892,0.06836690753698349
pythia-1.4b,between,low/draw_3,very_high/draw_3,0.8730561137199402,0.9281625747680664,0.9298605918884277,0.9161059260368347,0.9596964716911316,0.9721172451972961,0.9745312929153442,0.8601366877555847,1210,0.948418140411377,0.9854524731636047,0.12327883392572403,0.06279223412275314
pythia-1.4b,other,low/draw_3,control/draw_1,0.9223077297210693,0.9552993774414062,0.9571947455406189,0.948765754699707,0.9683122038841248,0.9750966429710388,0.9806146025657654,0.9150627851486206,1325,0.9492543339729309,0.9876314997673035,0.1205492839217186,0.0563800185918808
pythia-1.4b,other,low/draw_3,control/draw_2,0.9246221780776978,0.9563962817192078,0.9584592580795288,0.9482148289680481,0.9662702679634094,0.9766020774841309,0.9796290993690491,0.918094277381897,1225,0.9540660977363586,0.9877112507820129,0.1134093776345253,0.05772966146469116
pythia-1.4b,between,low/draw_3,control/draw_3,0.9069092869758606,0.9477967023849487,0.9496616125106812,0.9489244818687439,0.9670337438583374,0.9745163321495056,0.9803671836853027,0.8976401090621948,1178,0.9506509304046631,0.9872316122055054,0.11626899242401123,0.05521894246339798
pythia-1.4b,within,medium/draw_1,medium/draw_2,0.9947887063026428,0.9973036646842957,0.9974102973937988,0.9926449656486511,0.9943157434463501,0.9955214262008667,0.9955479502677917,0.994800865650177,1336,0.9682220816612244,0.9944787621498108,0.08096379786729813,0.03241244703531265
pythia-1.4b,within,medium/draw_1,medium/draw_3,0.9945135116577148,0.9973613023757935,0.9974520802497864,0.991938591003418,0.9949036240577698,0.995947003364563,0.9963999390602112,0.9943782091140747,1475,0.9664739370346069,0.9945650100708008,0.08366397023200989,0.031493209302425385
pythia-1.4b,between,medium/draw_1,high/draw_1,0.9856101274490356,0.9919442534446716,0.9921724200248718,0.9823998808860779,0.9909080862998962,0.9929777979850769,0.9940712451934814,0.9851775169372559,1252,0.9636244177818298,0.992332935333252,0.09212473034858704,0.03945992514491081
pythia-1.4b,other,medium/draw_1,high/draw_2,0.9837501645088196,0.9908393025398254,0.9912257790565491,0.9798086881637573,0.9897655248641968,0.993812084197998,0.992710292339325,0.9835226535797119,1248,0.9633886814117432,0.992865800857544,0.09096664190292358,0.038103196769952774
pythia-1.4b,other,medium/draw_1,high/draw_3,0.9804349541664124,0.9892619848251343,0.9896031022071838,0.9818574786186218,0.9897796511650085,0.9920921921730042,0.993042528629303,0.9791630506515503,1218,0.9669387936592102,0.9927228689193726,0.08880545198917389,0.0395677387714386
pythia-1.4b,between,medium/draw_1,very_high/draw_1,0.9397022724151611,0.9670041799545288,0.967796802520752,0.9626504182815552,0.9806179404258728,0.9848825335502625,0.9853346943855286,0.9339106678962708,1126,0.9554341435432434,0.9895282983779907,0.10851278156042099,0.0516975000500679
pythia-1.4b,other,medium/draw_1,very_high/draw_2,0.9321531057357788,0.9646843075752258,0.9650953412055969,0.9450418949127197,0.9771762490272522,0.9828717708587646,0.9843566417694092,0.9280551075935364,1194,0.9599247574806213,0.9856375455856323,0.10492798686027527,0.058586377650499344
pythia-1.4b,other,medium/draw_1,very_high/draw_3,0.9169395565986633,0.9559270143508911,0.9567661285400391,0.9559957385063171,0.9803317785263062,0.9844999313354492,0.9855770468711853,0.9071058630943298,1149,0.952428936958313,0.9885864853858948,0.11153484135866165,0.05323296785354614
pythia-1.4b,between,medium/draw_1,control/draw_1,0.9557855129241943,0.9762373566627502,0.9772002100944519,0.977994441986084,0.9835073351860046,0.9841108918190002,0.9890885949134827,0.95110684633255,1261,0.9571503400802612,0.9905256628990173,0.10406626015901566,0.04589270055294037
pythia-1.4b,other,medium/draw_1,control/draw_2,0.9572625160217285,0.9768263697624207,0.9778261184692383,0.9761884808540344,0.9843948483467102,0.9854461550712585,0.9865224361419678,0.953212559223175,1237,0.9628639817237854,0.9917476177215576,0.0958372950553894,0.04596441984176636
pythia-1.4b,other,medium/draw_1,control/draw_3,0.9439267516136169,0.9706196188926697,0.9715217351913452,0.9780337810516357,0.9844738841056824,0.9837612509727478,0.9884508848190308,0.9375482797622681,1239,0.9520343542098999,0.9901972413063049,0.10894282907247543,0.0453808419406414
pythia-1.4b,within,medium/draw_2,medium/draw_3,0.9958509206771851,0.9979192018508911,0.998001217842102,0.9923608303070068,0.9952613115310669,0.995751142501831,0.9964045286178589,0.9959800839424133,1378,0.9725037217140198,0.9951785802841187,0.07582654803991318,0.030278407037258148
pythia-1.4b,other,medium/draw_2,high/draw_1,0.9851265549659729,0.9912334680557251,0.9914162158966064,0.983959436416626,0.9897751808166504,0.9922050833702087,0.9930064678192139,0.9845547676086426,1347,0.9659051299095154,0.9929302334785461,0.09093429148197174,0.0412471666932106
pythia-1.4b,between,medium/draw_2,high/draw_2,0.9824883937835693,0.9895567893981934,0.9900230169296265,0.981295645236969,0.9893850684165955,0.992364764213562,0.990935206413269,0.9820671677589417,1266,0.9638646841049194,0.9927145838737488,0.09232572466135025,0.03919604420661926
pythia-1.4b,other,medium/draw_2,high/draw_3,0.9796964526176453,0.9886130690574646,0.9887948036193848,0.9826521277427673,0.9895086288452148,0.9912339448928833,0.9932496547698975,0.9780918955802917,1327,0.9667591452598572,0.9927369952201843,0.09204882383346558,0.04181946441531181
pythia-1.4b,other,medium/draw_2,very_high/draw_1,0.9379276037216187,0.9657168388366699,0.966421902179718,0.9646885991096497,0.9797384142875671,0.9838812947273254,0.9836506843566895,0.931613564491272,1229,0.9614593386650085,0.989737868309021,0.10213564336299896,0.05178475379943848
pythia-1.4b,between,medium/draw_2,very_high/draw_2,0.928367018699646,0.9619135856628418,0.9624432325363159,0.9486812353134155,0.9735157489776611,0.9785633683204651,0.980424702167511,0.9238147735595703,1127,0.9611914157867432,0.9844762086868286,0.10421452671289444,0.061243824660778046
pythia-1.4b,other,medium/draw_2,very_high/draw_3,0.9128866195678711,0.9532245993614197,0.9540553092956543,0.9590231776237488,0.9787838459014893,0.9814267754554749,0.9822423458099365,0.902441680431366,1113,0.9637506008148193,0.9898751974105835,0.099196657538414,0.05158836394548416
pythia-1.4b,other,medium/draw_2,control/draw_1,0.9552030563354492,0.9762228727340698,0.9770881533622742,0.976800799369812,0.9851941466331482,0.985864520072937,0.9896488785743713,0.9501842260360718,1248,0.9632516503334045,0.9918185472488403,0.09596730023622513,0.04364393278956413
pythia-1.4b,between,medium/draw_2,control/draw_2,0.9566993713378906,0.9765117764472961,0.977666437625885,0.97630774974823,0.9833361506462097,0.9864272475242615,0.9887048602104187,0.9521610140800476,1297,0.963828980922699,0.9912749528884888,0.09752871096134186,0.047583263367414474
pythia-1.4b,other,medium/draw_2,control/draw_3,0.9424715638160706,0.9700809121131897,0.9710355997085571,0.9782679080963135,0.9844558238983154,0.9854350686073303,0.9890744686126709,0.9355139136314392,1140,0.9609798192977905,0.9907565116882324,0.09913112968206406,0.044138580560684204
pythia-1.4b,other,medium/draw_3,high/draw_1,0.9859127402305603,0.9919207692146301,0.992110550403595,0.9857621788978577,0.9891654849052429,0.991943359375,0.9937196373939514,0.9858778119087219,1254,0.9649965763092041,0.9932777881622314,0.08871054649353027,0.03870326280593872
pythia-1.4b,other,medium/draw_3,high/draw_2,0.9823760986328125,0.9901952147483826,0.9906448125839233,0.9830636382102966,0.9880561828613281,0.9927312135696411,0.9920405745506287,0.98239666223526,1259,0.9647029638290405,0.9926896095275879,0.08811848610639572,0.039156921207904816
pythia-1.4b,between,medium/draw_3,high/draw_3,0.9820563197135925,0.9898154735565186,0.9901471734046936,0.9853057265281677,0.9890377521514893,0.9921021461486816,0.9938783049583435,0.9811294674873352,1257,0.9710463881492615,0.9934049844741821,0.08510386943817139,0.03928050398826599
pythia-1.4b,other,medium/draw_3,very_high/draw_1,0.9414178729057312,0.9677183628082275,0.9683399796485901,0.9682499170303345,0.9781352281570435,0.9846435785293579,0.9843536019325256,0.936561107635498,1129,0.9637500047683716,0.9903167486190796,0.09653030335903168,0.05046314001083374
pythia-1.4b,other,medium/draw_3,very_high/draw_2,0.9302509427070618,0.9643969535827637,0.9646713137626648,0.9519836902618408,0.9730360507965088,0.9798315763473511,0.9817095994949341,0.9272344708442688,1221,0.9593914747238159,0.9848052263259888,0.10462245345115662,0.060871370136737823
pythia-1.4b,between,medium/draw_3,very_high/draw_3,0.9172763228416443,0.9558888077735901,0.9565948247909546,0.9628254175186157,0.9771474003791809,0.9823996424674988,0.983642041683197,0.908447802066803,1166,0.9615486860275269,0.9892348051071167,0.10115757584571838,0.05285944789648056
pythia-1.4b,other,medium/draw_3,control/draw_1,0.9562361836433411,0.9762195348739624,0.9770852327346802,0.9780734181404114,0.9820934534072876,0.9852421283721924,0.9894353151321411,0.9519104957580566,1257,0.9645633697509766,0.9921185374259949,0.09404651820659637,0.04272841662168503
pythia-1.4b,other,medium/draw_3,control/draw_2,0.957194983959198,0.9762200117111206,0.9773638248443604,0.9773750901222229,0.9806572198867798,0.9860230088233948,0.9871468544006348,0.9534080028533936,1258,0.9680606722831726,0.9916734099388123,0.09013955295085907,0.045972634106874466
pythia-1.4b,between,medium/draw_3,control/draw_3,0.9437974095344543,0.9702964425086975,0.9711623787879944,0.9795734882354736,0.9812889099121094,0.9845293760299683,0.9885019063949585,0.9378705024719238,1247,0.9609416127204895,0.9913954734802246,0.09935839474201202,0.044420912861824036
pythia-1.4b,within,high/draw_1,high/draw_2,0.9950460195541382,0.9978452920913696,0.9979212284088135,0.9944539070129395,0.9949433207511902,0.9968253970146179,0.9964058995246887,0.9950838088989258,1179,0.9684718251228333,0.994779109954834,0.07846996933221817,0.030347555875778198
pythia-1.4b,within,high/draw_1,high/draw_3,0.9947279691696167,0.9976722598075867,0.9977331757545471,0.9943197965621948,0.9950581192970276,0.99582439661026,0.9967216849327087,0.9946059584617615,1291,0.9720485210418701,0.9951285123825073,0.07612751424312592,0.03040085732936859
pythia-1.4b,between,high/draw_1,very_high/draw_1,0.9712855815887451,0.9855060577392578,0.9860464334487915,0.9862861633300781,0.9914373755455017,0.992408037185669,0.9927271008491516,0.9678655862808228,1195,0.9673715829849243,0.9929294586181641,0.08633961528539658,0.039954476058483124
pythia-1.4b,other,high/draw_1,very_high/draw_2,0.9613696336746216,0.9818239212036133,0.9821968674659729,0.9760398268699646,0.9874594807624817,0.9889014959335327,0.99056476354599,0.9583640694618225,1104,0.9656321406364441,0.9882633090019226,0.09017901122570038,0.0485043041408062
pythia-1.4b,other,high/draw_1,very_high/draw_3,0.951193630695343,0.9760626554489136,0.9766903519630432,0.9830710291862488,0.9900895953178406,0.9919047355651855,0.9920991659164429,0.9440596103668213,1113,0.9702690243721008,0.9926773309707642,0.0834774598479271,0.04035699740052223
pythia-1.4b,between,high/draw_1,control/draw_1,0.9808099865913391,0.9899261593818665,0.9905496835708618,0.986749529838562,0.9912286400794983,0.9916828274726868,0.9935935139656067,0.9789111614227295,1186,0.9706542491912842,0.9936150908470154,0.0804675742983818,0.035808563232421875
pythia-1.4b,other,high/draw_1,control/draw_2,0.9804041385650635,0.9891275763511658,0.9898048043251038,0.9866869449615479,0.9910454154014587,0.9916774034500122,0.9912459850311279,0.9788720011711121,1294,0.9663866758346558,0.993593692779541,0.08535831421613693,0.0376359224319458
pythia-1.4b,other,high/draw_1,control/draw_3,0.9703361392021179,0.98549485206604,0.9860690236091614,0.9890650510787964,0.9917363524436951,0.9911717772483826,0.9932739734649658,0.9665732383728027,1112,0.9646353721618652,0.9929160475730896,0.08855225890874863,0.037412047386169434
pythia-1.4b,within,high/draw_2,high/draw_3,0.9935641884803772,0.9974058866500854,0.997582733631134,0.9951239824295044,0.9960230588912964,0.9959127306938171,0.9956170320510864,0.9936183094978333,1152,0.9714950919151306,0.9948318004608154,0.0749957337975502,0.03082834929227829
pythia-1.4b,other,high/draw_2,very_high/draw_1,0.9741347432136536,0.987640380859375,0.987973153591156,0.9898462295532227,0.9933608174324036,0.9929580092430115,0.9931161999702454,0.9707859754562378,1085,0.9653809666633606,0.9932464361190796,0.08521593362092972,0.03948574513196945
pythia-1.4b,between,high/draw_2,very_high/draw_2,0.9672953486442566,0.9850180149078369,0.9849564433097839,0.9816354513168335,0.9896166920661926,0.9892739057540894,0.9924233555793762,0.9640619158744812,1070,0.9665347933769226,0.9890812635421753,0.08706390857696533,0.045727215707302094
pythia-1.4b,other,high/draw_2,very_high/draw_3,0.9581533670425415,0.9800969958305359,0.9804534316062927,0.9868206977844238,0.9915249943733215,0.9919966459274292,0.9940889477729797,0.9514447450637817,1179,0.9633784890174866,0.9924383759498596,0.09130891412496567,0.04117994010448456
pythia-1.4b,other,high/draw_2,control/draw_1,0.9832771420478821,0.9912598729133606,0.9917237162590027,0.9861605167388916,0.9921425580978394,0.9917305707931519,0.9931949973106384,0.9819214344024658,1256,0.9661937952041626,0.9932990670204163,0.08443140238523483,0.036599501967430115
pythia-1.4b,between,high/draw_2,control/draw_2,0.9825397729873657,0.990261971950531,0.9907733798027039,0.9869056344032288,0.9932873249053955,0.9921431541442871,0.9894566535949707,0.9817690253257751,1155,0.9679026007652283,0.9939267635345459,0.08109337091445923,0.036640822887420654
pythia-1.4b,other,high/draw_2,control/draw_3,0.9753472805023193,0.9880868196487427,0.988519549369812,0.988358199596405,0.9931675791740417,0.9914968609809875,0.993171751499176,0.9722203016281128,1114,0.9637282490730286,0.9929665327072144,0.08698954433202744,0.03708063066005707
pythia-1.4b,other,high/draw_3,very_high/draw_1,0.9785323143005371,0.9891471266746521,0.9893839955329895,0.9898349046707153,0.9923779368400574,0.9926946759223938,0.9920018315315247,0.9766421318054199,1192,0.9647015929222107,0.992983341217041,0.08855017274618149,0.03862061724066734
pythia-1.4b,other,high/draw_3,very_high/draw_2,0.9677181839942932,0.9860042333602905,0.9861419796943665,0.9782148003578186,0.9882521033287048,0.9882665872573853,0.9893764853477478,0.9671948552131653,1066,0.966783344745636,0.9880101084709167,0.0877406969666481,0.0493372343480587
pythia-1.4b,between,high/draw_3,very_high/draw_3,0.962062656879425,0.9813444018363953,0.9816165566444397,0.9867866635322571,0.9904748201370239,0.9917488098144531,0.9910875558853149,0.9575017094612122,1102,0.9652146100997925,0.992430567741394,0.09020809829235077,0.04033155366778374
pythia-1.4b,other,high/draw_3,control/draw_1,0.9845606684684753,0.9914742112159729,0.9919566512107849,0.9871615171432495,0.9911878705024719,0.9915869832038879,0.994205117225647,0.9833301901817322,1186,0.9661991000175476,0.9928267002105713,0.08558103442192078,0.037198230624198914
pythia-1.4b,other,high/draw_3,control/draw_2,0.9843277931213379,0.9904202222824097,0.9910060167312622,0.9861817359924316,0.9918651580810547,0.9914799332618713,0.992244303226471,0.9832661151885986,1285,0.9669638872146606,0.9939000010490417,0.08466232568025589,0.035836972296237946
pythia-1.4b,between,high/draw_3,control/draw_3,0.976852297782898,0.9883507490158081,0.9887544512748718,0.989597737789154,0.9920797944068909,0.9911064505577087,0.9942004680633545,0.9743229150772095,1085,0.969933032989502,0.9938892126083374,0.0823536217212677,0.035673320293426514
pythia-1.4b,within,very_high/draw_1,very_high/draw_2,0.9851177930831909,0.9951589107513428,0.9951128363609314,0.9903898239135742,0.9947945475578308,0.9914966821670532,0.9949947595596313,0.9849734902381897,1031,0.9689037203788757,0.9909456968307495,0.07934670150279999,0.038477249443531036
pythia-1.4b,within,very_high/draw_1,very_high/draw_3,0.9890987873077393,0.9951935410499573,0.995337188243866,0.9947373867034912,0.9960331320762634,0.9951839447021484,0.9964204430580139,0.9878602027893066,1072,0.9703842997550964,0.9946191310882568,0.07699687778949738,0.03162515163421631
pythia-1.4b,between,very_high/draw_1,control/draw_1,0.98493891954422,0.9902569651603699,0.9906721115112305,0.9778811931610107,0.9887387752532959,0.9913628697395325,0.9927399754524231,0.9845743179321289,1115,0.9669559597969055,0.9940212965011597,0.08258092403411865,0.03625025600194931
pythia-1.4b,other,very_high/draw_1,control/draw_2,0.9840288162231445,0.9884196519851685,0.9888052940368652,0.9793078899383545,0.9901034832000732,0.9907289147377014,0.9888820648193359,0.9838557839393616,1194,0.9686679244041443,0.9946417808532715,0.08198688924312592,0.033186331391334534
pythia-1.4b,other,very_high/draw_1,control/draw_3,0.9876454472541809,0.9922789335250854,0.9926375150680542,0.98420250415802,0.9910112619400024,0.9919241666793823,0.9926870465278625,0.987202525138855,1053,0.967582643032074,0.9939378499984741,0.08263201266527176,0.03548392653465271
pythia-1.4b,within,very_high/draw_2,very_high/draw_3,0.984038770198822,0.9948667883872986,0.9949831962585449,0.9920561909675598,0.995633065700531,0.993295431137085,0.9964486360549927,0.9826557636260986,1095,0.9696836471557617,0.9912385940551758,0.07741448283195496,0.03737145662307739
pythia-1.4b,other,very_high/draw_2,control/draw_1,0.9777044057846069,0.987328290939331,0.9874793291091919,0.9628733396530151,0.980858564376831,0.982168972492218,0.9902920722961426,0.9796597361564636,1135,0.9711115956306458,0.9901702404022217,0.08010262995958328,0.04326236993074417
pythia-1.4b,between,very_high/draw_2,control/draw_2,0.9763691425323486,0.9854633212089539,0.9856460094451904,0.9705678224563599,0.9857231378555298,0.9825254678726196,0.9849715232849121,0.979080080986023,1099,0.9729601740837097,0.9901965260505676,0.07533297687768936,0.04135775566101074
pythia-1.4b,other,very_high/draw_2,control/draw_3,0.9803959131240845,0.9898478984832764,0.9898605942726135,0.9698072075843811,0.9850194454193115,0.9839785695075989,0.9894556999206543,0.981827437877655,1163,0.9658948183059692,0.989529013633728,0.08701600134372711,0.043183766305446625
pythia-1.4b,other,very_high/draw_3,control/draw_1,0.9770044684410095,0.9853835701942444,0.9857777953147888,0.9718718528747559,0.985762357711792,0.9893245100975037,0.9911680221557617,0.9756027460098267,1232,0.9692589044570923,0.9938311576843262,0.08062690496444702,0.0366358757019043
pythia-1.4b,other,very_high/draw_3,control/draw_2,0.9740564227104187,0.982792854309082,0.9831472039222717,0.9767870306968689,0.988493025302887,0.9893789291381836,0.9859932065010071,0.9727857708930969,1139,0.9722496271133423,0.9946533441543579,0.07781635224819183,0.0348416343331337
pythia-1.4b,between,very_high/draw_3,control/draw_3,0.9856114983558655,0.9902106523513794,0.9904992580413818,0.980948805809021,0.9887124300003052,0.9901491403579712,0.9912229180335999,0.9851498603820801,1100,0.969474196434021,0.9939610362052917,0.08068466931581497,0.035245075821876526
pythia-1.4b,within,control/draw_1,control/draw_2,0.9941145181655884,0.9968433380126953,0.9971076250076294,0.9905408620834351,0.9944554567337036,0.9945537447929382,0.995357871055603,0.9942372441291809,1198,0.9718412756919861,0.9954897165298462,0.07324864715337753,0.029275108128786087
pythia-1.4b,within,control/draw_1,control/draw_3,0.992110550403595,0.9962235689163208,0.9964101314544678,0.9911671876907349,0.9949439764022827,0.9953341484069824,0.9963549375534058,0.9916639924049377,1163,0.9714686274528503,0.994753360748291,0.07748986780643463,0.03128647059202194
pythia-1.4b,within,control/draw_2,control/draw_3,0.990458607673645,0.9949458837509155,0.9951938986778259,0.9910205006599426,0.9951716065406799,0.9953745007514954,0.9947217702865601,0.9900612235069275,1137,0.9719619154930115,0.9947044849395752,0.07667854428291321,0.030393093824386597
