node,node_type,layer,in_degree,out_degree,total_degree,model,band,draw
embed,embed,-1,0,17,17,pythia-70m,low,draw_1
M4,mlp,4,33,7,40,pythia-70m,low,draw_1
A0.0,attn,0,1,6,7,pythia-70m,low,draw_1
A0.1,attn,0,1,12,13,pythia-70m,low,draw_1
A0.2,attn,0,1,8,9,pythia-70m,low,draw_1
A0.3,attn,0,1,20,21,pythia-70m,low,draw_1
A0.4,attn,0,1,12,13,pythia-70m,low,draw_1
A0.5,attn,0,1,15,16,pythia-70m,low,draw_1
A0.7,attn,0,1,15,16,pythia-70m,low,draw_1
M0,mlp,0,1,36,37,pythia-70m,low,draw_1
A1.0,attn,1,0,5,5,pythia-70m,low,draw_1
A1.1,attn,1,4,13,17,pythia-70m,low,draw_1
A1.2,attn,1,3,10,13,pythia-70m,low,draw_1
A1.3,attn,1,6,12,18,pythia-70m,low,draw_1
A1.5,attn,1,0,4,4,pythia-70m,low,draw_1
A1.6,attn,1,1,7,8,pythia-70m,low,draw_1
M1,mlp,1,10,26,36,pythia-70m,low,draw_1
A2.0,attn,2,3,5,8,pythia-70m,low,draw_1
A2.1,attn,2,5,14,19,pythia-70m,low,draw_1
A2.2,attn,2,5,7,12,pythia-70m,low,draw_1
A2.3,attn,2,4,8,12,pythia-70m,low,draw_1
A2.4,attn,2,5,9,14,pythia-70m,low,draw_1
A2.5,attn,2,3,5,8,pythia-70m,low,draw_1
A2.6,attn,2,8,10,18,pythia-70m,low,draw_1
A2.7,attn,2,10,10,20,pythia-70m,low,draw_1
M2,mlp,2,13,19,32,pythia-70m,low,draw_1
A3.0,attn,3,8,3,11,pythia-70m,low,draw_1
A3.1,attn,3,20,8,28,pythia-70m,low,draw_1
A3.3,attn,3,20,4,24,pythia-70m,low,draw_1
A3.4,attn,3,10,6,16,pythia-70m,low,draw_1
A3.5,attn,3,13,3,16,pythia-70m,low,draw_1
A3.6,attn,3,10,6,16,pythia-70m,low,draw_1
A3.7,attn,3,1,3,4,pythia-70m,low,draw_1
M3,mlp,3,25,11,36,pythia-70m,low,draw_1
M5,mlp,5,41,1,42,pythia-70m,low,draw_1
A1.7,attn,1,0,2,2,pythia-70m,low,draw_1
A4.0,attn,4,1,2,3,pythia-70m,low,draw_1
A4.1,attn,4,0,1,1,pythia-70m,low,draw_1
A4.4,attn,4,7,2,9,pythia-70m,low,draw_1
A4.5,attn,4,4,2,6,pythia-70m,low,draw_1
A4.6,attn,4,4,2,6,pythia-70m,low,draw_1
A4.7,attn,4,11,2,13,pythia-70m,low,draw_1
R5,resid,5,50,0,50,pythia-70m,low,draw_1
A0.6,attn,0,1,2,3,pythia-70m,low,draw_1
A3.2,attn,3,3,1,4,pythia-70m,low,draw_1
A4.2,attn,4,2,1,3,pythia-70m,low,draw_1
A5.0,attn,5,5,1,6,pythia-70m,low,draw_1
A5.1,attn,5,2,1,3,pythia-70m,low,draw_1
A5.2,attn,5,5,1,6,pythia-70m,low,draw_1
A5.3,attn,5,8,1,9,pythia-70m,low,draw_1
A5.5,attn,5,0,1,1,pythia-70m,low,draw_1
A5.7,attn,5,8,1,9,pythia-70m,low,draw_1
A0.3,attn,0,1,23,24,pythia-70m,low,draw_2
A3.0,attn,3,11,4,15,pythia-70m,low,draw_2
A0.7,attn,0,1,16,17,pythia-70m,low,draw_2
M0,mlp,0,1,35,36,pythia-70m,low,draw_2
A1.1,attn,1,4,12,16,pythia-70m,low,draw_2
A1.3,attn,1,4,13,17,pythia-70m,low,draw_2
M1,mlp,1,10,29,39,pythia-70m,low,draw_2
A2.0,attn,2,3,6,9,pythia-70m,low,draw_2
A2.1,attn,2,4,13,17,pythia-70m,low,draw_2
A2.4,attn,2,4,9,13,pythia-70m,low,draw_2
A2.7,attn,2,8,11,19,pythia-70m,low,draw_2
M2,mlp,2,12,18,30,pythia-70m,low,draw_2
embed,embed,-1,0,17,17,pythia-70m,low,draw_2
A3.1,attn,3,22,9,31,pythia-70m,low,draw_2
A0.1,attn,0,1,11,12,pythia-70m,low,draw_2
A0.2,attn,0,1,9,10,pythia-70m,low,draw_2
A0.4,attn,0,1,10,11,pythia-70m,low,draw_2
A0.5,attn,0,1,15,16,pythia-70m,low,draw_2
A1.2,attn,1,3,9,12,pythia-70m,low,draw_2
A1.5,attn,1,1,6,7,pythia-70m,low,draw_2
A2.2,attn,2,4,7,11,pythia-70m,low,draw_2
A2.3,attn,2,5,7,12,pythia-70m,low,draw_2
A2.5,attn,2,6,5,11,pythia-70m,low,draw_2
A2.6,attn,2,7,12,19,pythia-70m,low,draw_2
A3.2,attn,3,3,1,4,pythia-70m,low,draw_2
A3.3,attn,3,22,4,26,pythia-70m,low,draw_2
A0.0,attn,0,1,6,7,pythia-70m,low,draw_2
A1.6,attn,1,1,6,7,pythia-70m,low,draw_2
A1.7,attn,1,0,4,4,pythia-70m,low,draw_2
A3.4,attn,3,11,7,18,pythia-70m,low,draw_2
A3.5,attn,3,11,4,15,pythia-70m,low,draw_2
A3.6,attn,3,10,7,17,pythia-70m,low,draw_2
A3.7,attn,3,2,3,5,pythia-70m,low,draw_2
A5.0,attn,5,6,1,7,pythia-70m,low,draw_2
M3,mlp,3,26,12,38,pythia-70m,low,draw_2
M4,mlp,4,35,7,42,pythia-70m,low,draw_2
A5.1,attn,5,5,1,6,pythia-70m,low,draw_2
A5.2,attn,5,5,1,6,pythia-70m,low,draw_2
A5.3,attn,5,9,1,10,pythia-70m,low,draw_2
A5.7,attn,5,7,1,8,pythia-70m,low,draw_2
A0.6,attn,0,1,5,6,pythia-70m,low,draw_2
A1.0,attn,1,1,5,6,pythia-70m,low,draw_2
A4.0,attn,4,3,2,5,pythia-70m,low,draw_2
A4.4,attn,4,9,2,11,pythia-70m,low,draw_2
A4.5,attn,4,2,2,4,pythia-70m,low,draw_2
A4.6,attn,4,5,2,7,pythia-70m,low,draw_2
A4.7,attn,4,14,2,16,pythia-70m,low,draw_2
M5,mlp,5,42,1,43,pythia-70m,low,draw_2
A4.1,attn,4,0,1,1,pythia-70m,low,draw_2
R5,resid,5,50,0,50,pythia-70m,low,draw_2
A4.2,attn,4,0,1,1,pythia-70m,low,draw_2
A5.5,attn,5,0,1,1,pythia-70m,low,draw_2
embed,embed,-1,0,17,17,pythia-70m,low,draw_3
M0,mlp,0,1,34,35,pythia-70m,low,draw_3
M5,mlp,5,43,1,44,pythia-70m,low,draw_3
A0.0,attn,0,1,8,9,pythia-70m,low,draw_3
A0.1,attn,0,1,12,13,pythia-70m,low,draw_3
A0.2,attn,0,1,6,7,pythia-70m,low,draw_3
A0.3,attn,0,1,22,23,pythia-70m,low,draw_3
A0.4,attn,0,1,10,11,pythia-70m,low,draw_3
A0.5,attn,0,1,11,12,pythia-70m,low,draw_3
A0.6,attn,0,1,3,4,pythia-70m,low,draw_3
A0.7,attn,0,1,17,18,pythia-70m,low,draw_3
A1.0,attn,1,1,5,6,pythia-70m,low,draw_3
A1.1,attn,1,3,13,16,pythia-70m,low,draw_3
A1.2,attn,1,3,13,16,pythia-70m,low,draw_3
A1.3,attn,1,6,11,17,pythia-70m,low,draw_3
A1.5,attn,1,1,4,5,pythia-70m,low,draw_3
A1.6,attn,1,1,5,6,pythia-70m,low,draw_3
A1.7,attn,1,1,7,8,pythia-70m,low,draw_3
M1,mlp,1,10,26,36,pythia-70m,low,draw_3
A2.0,attn,2,0,3,3,pythia-70m,low,draw_3
A2.1,attn,2,3,14,17,pythia-70m,low,draw_3
A2.2,attn,2,4,7,11,pythia-70m,low,draw_3
A2.3,attn,2,1,7,8,pythia-70m,low,draw_3
A2.4,attn,2,6,9,15,pythia-70m,low,draw_3
A2.5,attn,2,3,5,8,pythia-70m,low,draw_3
A2.6,attn,2,6,11,17,pythia-70m,low,draw_3
A2.7,attn,2,8,11,19,pythia-70m,low,draw_3
M2,mlp,2,13,19,32,pythia-70m,low,draw_3
A3.0,attn,3,10,4,14,pythia-70m,low,draw_3
A3.1,attn,3,21,10,31,pythia-70m,low,draw_3
A3.2,attn,3,1,3,4,pythia-70m,low,draw_3
A3.3,attn,3,21,4,25,pythia-70m,low,draw_3
A3.4,attn,3,11,8,19,pythia-70m,low,draw_3
A3.5,attn,3,12,4,16,pythia-70m,low,draw_3
A3.6,attn,3,12,6,18,pythia-70m,low,draw_3
A3.7,attn,3,1,3,4,pythia-70m,low,draw_3
M3,mlp,3,26,12,38,pythia-70m,low,draw_3
A4.0,attn,4,2,2,4,pythia-70m,low,draw_3
A4.2,attn,4,2,2,4,pythia-70m,low,draw_3
A4.4,attn,4,9,2,11,pythia-70m,low,draw_3
A4.5,attn,4,2,2,4,pythia-70m,low,draw_3
A4.6,attn,4,8,2,10,pythia-70m,low,draw_3
A4.7,attn,4,13,2,15,pythia-70m,low,draw_3
M4,mlp,4,34,7,41,pythia-70m,low,draw_3
R5,resid,5,51,0,51,pythia-70m,low,draw_3
A5.0,attn,5,6,1,7,pythia-70m,low,draw_3
A5.1,attn,5,3,1,4,pythia-70m,low,draw_3
A5.2,attn,5,7,1,8,pythia-70m,low,draw_3
A5.3,attn,5,9,1,10,pythia-70m,low,draw_3
A5.5,attn,5,0,1,1,pythia-70m,low,draw_3
A5.6,attn,5,0,1,1,pythia-70m,low,draw_3
A5.7,attn,5,8,1,9,pythia-70m,low,draw_3
embed,embed,-1,0,18,18,pythia-70m,medium,draw_1
A0.0,attn,0,1,8,9,pythia-70m,medium,draw_1
A0.1,attn,0,1,13,14,pythia-70m,medium,draw_1
A0.2,attn,0,1,7,8,pythia-70m,medium,draw_1
A0.3,attn,0,1,23,24,pythia-70m,medium,draw_1
A0.4,attn,0,1,10,11,pythia-70m,medium,draw_1
A0.5,attn,0,1,15,16,pythia-70m,medium,draw_1
A0.6,attn,0,1,2,3,pythia-70m,medium,draw_1
A0.7,attn,0,1,17,18,pythia-70m,medium,draw_1
M0,mlp,0,1,32,33,pythia-70m,medium,draw_1
A2.0,attn,2,1,3,4,pythia-70m,medium,draw_1
A2.1,attn,2,4,13,17,pythia-70m,medium,draw_1
A1.1,attn,1,3,14,17,pythia-70m,medium,draw_1
A2.2,attn,2,5,7,12,pythia-70m,medium,draw_1
M1,mlp,1,10,25,35,pythia-70m,medium,draw_1
A2.3,attn,2,4,8,12,pythia-70m,medium,draw_1
A2.4,attn,2,7,12,19,pythia-70m,medium,draw_1
A2.5,attn,2,3,5,8,pythia-70m,medium,draw_1
A2.6,attn,2,8,14,22,pythia-70m,medium,draw_1
A1.2,attn,1,3,11,14,pythia-70m,medium,draw_1
A2.7,attn,2,8,11,19,pythia-70m,medium,draw_1
A1.3,attn,1,5,10,15,pythia-70m,medium,draw_1
A5.0,attn,5,6,1,7,pythia-70m,medium,draw_1
M2,mlp,2,14,18,32,pythia-70m,medium,draw_1
M3,mlp,3,24,12,36,pythia-70m,medium,draw_1
M4,mlp,4,34,6,40,pythia-70m,medium,draw_1
A5.1,attn,5,2,1,3,pythia-70m,medium,draw_1
A5.2,attn,5,4,1,5,pythia-70m,medium,draw_1
A5.3,attn,5,4,1,5,pythia-70m,medium,draw_1
A3.6,attn,3,12,8,20,pythia-70m,medium,draw_1
A5.5,attn,5,1,1,2,pythia-70m,medium,draw_1
A5.7,attn,5,11,1,12,pythia-70m,medium,draw_1
A3.1,attn,3,22,9,31,pythia-70m,medium,draw_1
A3.3,attn,3,22,4,26,pythia-70m,medium,draw_1
A3.4,attn,3,13,7,20,pythia-70m,medium,draw_1
A4.7,attn,4,13,3,16,pythia-70m,medium,draw_1
M5,mlp,5,40,1,41,pythia-70m,medium,draw_1
A1.0,attn,1,1,5,6,pythia-70m,medium,draw_1
A1.5,attn,1,0,5,5,pythia-70m,medium,draw_1
A1.6,attn,1,2,7,9,pythia-70m,medium,draw_1
A3.0,attn,3,8,4,12,pythia-70m,medium,draw_1
A3.2,attn,3,2,3,5,pythia-70m,medium,draw_1
A3.5,attn,3,14,4,18,pythia-70m,medium,draw_1
A3.7,attn,3,0,3,3,pythia-70m,medium,draw_1
A4.2,attn,4,6,2,8,pythia-70m,medium,draw_1
A4.4,attn,4,9,2,11,pythia-70m,medium,draw_1
A4.5,attn,4,2,2,4,pythia-70m,medium,draw_1
A4.6,attn,4,8,2,10,pythia-70m,medium,draw_1
A1.7,attn,1,0,3,3,pythia-70m,medium,draw_1
R5,resid,5,50,0,50,pythia-70m,medium,draw_1
A4.0,attn,4,1,1,2,pythia-70m,medium,draw_1
A0.3,attn,0,1,24,25,pythia-70m,medium,draw_2
A3.0,attn,3,11,4,15,pythia-70m,medium,draw_2
A0.7,attn,0,1,16,17,pythia-70m,medium,draw_2
M0,mlp,0,1,33,34,pythia-70m,medium,draw_2
A1.1,attn,1,4,14,18,pythia-70m,medium,draw_2
A1.3,attn,1,6,14,20,pythia-70m,medium,draw_2
M1,mlp,1,10,27,37,pythia-70m,medium,draw_2
A2.0,attn,2,3,6,9,pythia-70m,medium,draw_2
A2.1,attn,2,5,15,20,pythia-70m,medium,draw_2
A2.4,attn,2,7,8,15,pythia-70m,medium,draw_2
A2.7,attn,2,9,9,18,pythia-70m,medium,draw_2
M2,mlp,2,13,18,31,pythia-70m,medium,draw_2
embed,embed,-1,0,17,17,pythia-70m,medium,draw_2
A3.1,attn,3,20,6,26,pythia-70m,medium,draw_2
A0.0,attn,0,1,8,9,pythia-70m,medium,draw_2
A0.1,attn,0,1,13,14,pythia-70m,medium,draw_2
A0.4,attn,0,1,11,12,pythia-70m,medium,draw_2
A0.5,attn,0,1,16,17,pythia-70m,medium,draw_2
A1.2,attn,1,5,12,17,pythia-70m,medium,draw_2
A2.2,attn,2,4,7,11,pythia-70m,medium,draw_2
A2.3,attn,2,5,7,12,pythia-70m,medium,draw_2
A2.5,attn,2,3,5,8,pythia-70m,medium,draw_2
A2.6,attn,2,8,11,19,pythia-70m,medium,draw_2
A3.2,attn,3,3,2,5,pythia-70m,medium,draw_2
A3.3,attn,3,22,3,25,pythia-70m,medium,draw_2
A0.2,attn,0,1,8,9,pythia-70m,medium,draw_2
A1.6,attn,1,1,5,6,pythia-70m,medium,draw_2
A3.4,attn,3,9,7,16,pythia-70m,medium,draw_2
A3.5,attn,3,12,4,16,pythia-70m,medium,draw_2
A3.6,attn,3,12,7,19,pythia-70m,medium,draw_2
A3.7,attn,3,1,3,4,pythia-70m,medium,draw_2
R5,resid,5,50,0,50,pythia-70m,medium,draw_2
A0.6,attn,0,1,4,5,pythia-70m,medium,draw_2
A1.0,attn,1,1,5,6,pythia-70m,medium,draw_2
A1.5,attn,1,0,4,4,pythia-70m,medium,draw_2
A1.7,attn,1,0,1,1,pythia-70m,medium,draw_2
M3,mlp,3,26,11,37,pythia-70m,medium,draw_2
A4.0,attn,4,0,2,2,pythia-70m,medium,draw_2
A4.2,attn,4,6,2,8,pythia-70m,medium,draw_2
A4.4,attn,4,7,2,9,pythia-70m,medium,draw_2
A4.5,attn,4,3,2,5,pythia-70m,medium,draw_2
A4.6,attn,4,3,2,5,pythia-70m,medium,draw_2
A4.7,attn,4,8,2,10,pythia-70m,medium,draw_2
M4,mlp,4,34,7,41,pythia-70m,medium,draw_2
A5.0,attn,5,6,1,7,pythia-70m,medium,draw_2
A5.1,attn,5,1,1,2,pythia-70m,medium,draw_2
A5.2,attn,5,6,1,7,pythia-70m,medium,draw_2
A5.3,attn,5,9,1,10,pythia-70m,medium,draw_2
A5.5,attn,5,1,1,2,pythia-70m,medium,draw_2
A5.7,attn,5,7,1,8,pythia-70m,medium,draw_2
M5,mlp,5,42,1,43,pythia-70m,medium,draw_2
A1.4,attn,1,0,1,1,pythia-70m,medium,draw_2
embed,embed,-1,0,19,19,pythia-70m,medium,draw_3
R5,resid,5,52,0,52,pythia-70m,medium,draw_3
A0.0,attn,0,1,8,9,pythia-70m,medium,draw_3
A0.1,attn,0,1,13,14,pythia-70m,medium,draw_3
A0.2,attn,0,1,9,10,pythia-70m,medium,draw_3
A0.3,attn,0,1,22,23,pythia-70m,medium,draw_3
A0.4,attn,0,1,14,15,pythia-70m,medium,draw_3
A0.5,attn,0,1,16,17,pythia-70m,medium,draw_3
A0.6,attn,0,1,2,3,pythia-70m,medium,draw_3
A0.7,attn,0,1,18,19,pythia-70m,medium,draw_3
M0,mlp,0,1,35,36,pythia-70m,medium,draw_3
A1.0,attn,1,1,5,6,pythia-70m,medium,draw_3
A1.1,attn,1,4,12,16,pythia-70m,medium,draw_3
A1.2,attn,1,4,13,17,pythia-70m,medium,draw_3
A1.3,attn,1,5,11,16,pythia-70m,medium,draw_3
A1.4,attn,1,0,2,2,pythia-70m,medium,draw_3
A1.5,attn,1,1,4,5,pythia-70m,medium,draw_3
A1.6,attn,1,1,7,8,pythia-70m,medium,draw_3
A1.7,attn,1,1,4,5,pythia-70m,medium,draw_3
M1,mlp,1,10,27,37,pythia-70m,medium,draw_3
A2.0,attn,2,6,5,11,pythia-70m,medium,draw_3
A2.1,attn,2,3,15,18,pythia-70m,medium,draw_3
A2.2,attn,2,4,8,12,pythia-70m,medium,draw_3
A2.3,attn,2,6,9,15,pythia-70m,medium,draw_3
A2.4,attn,2,6,9,15,pythia-70m,medium,draw_3
A2.5,attn,2,5,4,9,pythia-70m,medium,draw_3
A2.6,attn,2,7,11,18,pythia-70m,medium,draw_3
A2.7,attn,2,9,11,20,pythia-70m,medium,draw_3
M2,mlp,2,14,18,32,pythia-70m,medium,draw_3
A3.0,attn,3,8,3,11,pythia-70m,medium,draw_3
A3.1,attn,3,23,8,31,pythia-70m,medium,draw_3
A3.2,attn,3,3,2,5,pythia-70m,medium,draw_3
A3.3,attn,3,23,4,27,pythia-70m,medium,draw_3
A3.4,attn,3,13,7,20,pythia-70m,medium,draw_3
A3.5,attn,3,13,3,16,pythia-70m,medium,draw_3
A3.6,attn,3,12,8,20,pythia-70m,medium,draw_3
A3.7,attn,3,3,3,6,pythia-70m,medium,draw_3
M3,mlp,3,24,10,34,pythia-70m,medium,draw_3
A4.0,attn,4,0,2,2,pythia-70m,medium,draw_3
A4.1,attn,4,1,1,2,pythia-70m,medium,draw_3
A4.2,attn,4,6,2,8,pythia-70m,medium,draw_3
A4.4,attn,4,5,2,7,pythia-70m,medium,draw_3
A4.5,attn,4,1,1,2,pythia-70m,medium,draw_3
A4.6,attn,4,1,2,3,pythia-70m,medium,draw_3
A4.7,attn,4,14,4,18,pythia-70m,medium,draw_3
M4,mlp,4,34,6,40,pythia-70m,medium,draw_3
A5.0,attn,5,6,1,7,pythia-70m,medium,draw_3
A5.1,attn,5,1,1,2,pythia-70m,medium,draw_3
A5.2,attn,5,5,1,6,pythia-70m,medium,draw_3
A5.3,attn,5,11,1,12,pythia-70m,medium,draw_3
A5.5,attn,5,0,1,1,pythia-70m,medium,draw_3
A5.7,attn,5,11,1,12,pythia-70m,medium,draw_3
M5,mlp,5,40,1,41,pythia-70m,medium,draw_3
M0,mlp,0,1,37,38,pythia-70m,high,draw_1
A5.0,attn,5,6,1,7,pythia-70m,high,draw_1
M1,mlp,1,10,29,39,pythia-70m,high,draw_1
A2.1,attn,2,4,14,18,pythia-70m,high,draw_1
M2,mlp,2,11,18,29,pythia-70m,high,draw_1
M3,mlp,3,24,10,34,pythia-70m,high,draw_1
M4,mlp,4,35,8,43,pythia-70m,high,draw_1
A5.1,attn,5,4,1,5,pythia-70m,high,draw_1
A5.2,attn,5,8,1,9,pythia-70m,high,draw_1
A3.1,attn,3,24,9,33,pythia-70m,high,draw_1
A3.6,attn,3,13,9,22,pythia-70m,high,draw_1
A5.3,attn,5,11,1,12,pythia-70m,high,draw_1
A2.6,attn,2,8,12,20,pythia-70m,high,draw_1
A2.7,attn,2,9,11,20,pythia-70m,high,draw_1
A3.5,attn,3,14,4,18,pythia-70m,high,draw_1
A5.5,attn,5,1,1,2,pythia-70m,high,draw_1
A5.7,attn,5,10,1,11,pythia-70m,high,draw_1
A3.3,attn,3,22,4,26,pythia-70m,high,draw_1
A3.4,attn,3,14,6,20,pythia-70m,high,draw_1
A4.7,attn,4,15,3,18,pythia-70m,high,draw_1
A4.0,attn,4,1,2,3,pythia-70m,high,draw_1
A4.2,attn,4,6,2,8,pythia-70m,high,draw_1
A4.4,attn,4,5,2,7,pythia-70m,high,draw_1
A4.6,attn,4,4,2,6,pythia-70m,high,draw_1
A0.3,attn,0,1,23,24,pythia-70m,high,draw_1
A0.5,attn,0,1,16,17,pythia-70m,high,draw_1
A1.1,attn,1,4,11,15,pythia-70m,high,draw_1
A2.3,attn,2,5,9,14,pythia-70m,high,draw_1
A2.4,attn,2,7,10,17,pythia-70m,high,draw_1
embed,embed,-1,0,19,19,pythia-70m,high,draw_1
A0.0,attn,0,1,7,8,pythia-70m,high,draw_1
A0.1,attn,0,1,13,14,pythia-70m,high,draw_1
A0.2,attn,0,1,6,7,pythia-70m,high,draw_1
A0.4,attn,0,1,16,17,pythia-70m,high,draw_1
A0.6,attn,0,1,2,3,pythia-70m,high,draw_1
A0.7,attn,0,1,17,18,pythia-70m,high,draw_1
A1.0,attn,1,0,3,3,pythia-70m,high,draw_1
A1.2,attn,1,4,15,19,pythia-70m,high,draw_1
A1.3,attn,1,6,11,17,pythia-70m,high,draw_1
A1.5,attn,1,1,6,7,pythia-70m,high,draw_1
A1.6,attn,1,1,7,8,pythia-70m,high,draw_1
A2.0,attn,2,4,6,10,pythia-70m,high,draw_1
A2.2,attn,2,4,7,11,pythia-70m,high,draw_1
M5,mlp,5,40,1,41,pythia-70m,high,draw_1
A2.5,attn,2,3,4,7,pythia-70m,high,draw_1
A3.0,attn,3,10,3,13,pythia-70m,high,draw_1
A3.2,attn,3,1,3,4,pythia-70m,high,draw_1
A3.7,attn,3,3,3,6,pythia-70m,high,draw_1
A4.5,attn,4,0,2,2,pythia-70m,high,draw_1
A1.7,attn,1,1,4,5,pythia-70m,high,draw_1
R5,resid,5,52,0,52,pythia-70m,high,draw_1
A4.1,attn,4,0,1,1,pythia-70m,high,draw_1
A5.4,attn,5,0,1,1,pythia-70m,high,draw_1
A0.3,attn,0,1,20,21,pythia-70m,high,draw_2
A3.0,attn,3,10,3,13,pythia-70m,high,draw_2
A0.7,attn,0,1,21,22,pythia-70m,high,draw_2
M0,mlp,0,1,34,35,pythia-70m,high,draw_2
A1.3,attn,1,7,13,20,pythia-70m,high,draw_2
M1,mlp,1,10,24,34,pythia-70m,high,draw_2
A2.1,attn,2,5,14,19,pythia-70m,high,draw_2
A2.2,attn,2,5,8,13,pythia-70m,high,draw_2
A2.4,attn,2,6,9,15,pythia-70m,high,draw_2
A2.7,attn,2,11,12,23,pythia-70m,high,draw_2
M2,mlp,2,12,16,28,pythia-70m,high,draw_2
embed,embed,-1,0,18,18,pythia-70m,high,draw_2
A3.1,attn,3,24,10,34,pythia-70m,high,draw_2
A0.1,attn,0,1,16,17,pythia-70m,high,draw_2
A0.2,attn,0,1,8,9,pythia-70m,high,draw_2
A0.4,attn,0,1,12,13,pythia-70m,high,draw_2
A0.5,attn,0,1,18,19,pythia-70m,high,draw_2
A1.1,attn,1,6,13,19,pythia-70m,high,draw_2
A1.2,attn,1,5,13,18,pythia-70m,high,draw_2
A1.4,attn,1,0,1,1,pythia-70m,high,draw_2
A1.5,attn,1,1,5,6,pythia-70m,high,draw_2
A1.7,attn,1,2,3,5,pythia-70m,high,draw_2
A2.0,attn,2,3,6,9,pythia-70m,high,draw_2
A2.3,attn,2,4,9,13,pythia-70m,high,draw_2
A2.5,attn,2,1,5,6,pythia-70m,high,draw_2
A2.6,attn,2,9,11,20,pythia-70m,high,draw_2
A3.2,attn,3,2,2,4,pythia-70m,high,draw_2
A3.3,attn,3,23,3,26,pythia-70m,high,draw_2
A0.0,attn,0,1,9,10,pythia-70m,high,draw_2
A3.4,attn,3,14,6,20,pythia-70m,high,draw_2
A1.6,attn,1,1,6,7,pythia-70m,high,draw_2
A3.5,attn,3,14,4,18,pythia-70m,high,draw_2
A3.6,attn,3,11,8,19,pythia-70m,high,draw_2
A3.7,attn,3,2,3,5,pythia-70m,high,draw_2
M5,mlp,5,40,1,41,pythia-70m,high,draw_2
A1.0,attn,1,0,4,4,pythia-70m,high,draw_2
M3,mlp,3,23,9,32,pythia-70m,high,draw_2
A4.0,attn,4,1,2,3,pythia-70m,high,draw_2
A4.2,attn,4,6,2,8,pythia-70m,high,draw_2
A4.5,attn,4,1,2,3,pythia-70m,high,draw_2
A4.6,attn,4,2,2,4,pythia-70m,high,draw_2
A4.7,attn,4,14,3,17,pythia-70m,high,draw_2
M4,mlp,4,33,7,40,pythia-70m,high,draw_2
A5.0,attn,5,7,1,8,pythia-70m,high,draw_2
A5.1,attn,5,2,1,3,pythia-70m,high,draw_2
A5.2,attn,5,8,1,9,pythia-70m,high,draw_2
A5.3,attn,5,9,1,10,pythia-70m,high,draw_2
A5.7,attn,5,10,1,11,pythia-70m,high,draw_2
A4.4,attn,4,1,1,2,pythia-70m,high,draw_2
A0.6,attn,0,1,2,3,pythia-70m,high,draw_2
R5,resid,5,51,0,51,pythia-70m,high,draw_2
A4.1,attn,4,0,1,1,pythia-70m,high,draw_2
A5.5,attn,5,0,1,1,pythia-70m,high,draw_2
A0.3,attn,0,1,22,23,pythia-70m,high,draw_3
A3.0,attn,3,12,4,16,pythia-70m,high,draw_3
A0.4,attn,0,1,15,16,pythia-70m,high,draw_3
A0.5,attn,0,1,18,19,pythia-70m,high,draw_3
M0,mlp,0,1,38,39,pythia-70m,high,draw_3
A1.2,attn,1,5,14,19,pythia-70m,high,draw_3
A1.3,attn,1,8,15,23,pythia-70m,high,draw_3
M1,mlp,1,10,26,36,pythia-70m,high,draw_3
A2.1,attn,2,5,15,20,pythia-70m,high,draw_3
A2.4,attn,2,9,10,19,pythia-70m,high,draw_3
A2.6,attn,2,10,13,23,pythia-70m,high,draw_3
A2.7,attn,2,9,11,20,pythia-70m,high,draw_3
M2,mlp,2,15,19,34,pythia-70m,high,draw_3
embed,embed,-1,0,20,20,pythia-70m,high,draw_3
A3.1,attn,3,23,9,32,pythia-70m,high,draw_3
A0.0,attn,0,1,9,10,pythia-70m,high,draw_3
A0.1,attn,0,1,13,14,pythia-70m,high,draw_3
A0.7,attn,0,1,19,20,pythia-70m,high,draw_3
A1.1,attn,1,4,13,17,pythia-70m,high,draw_3
A1.6,attn,1,1,8,9,pythia-70m,high,draw_3
A1.7,attn,1,1,7,8,pythia-70m,high,draw_3
A2.0,attn,2,3,4,7,pythia-70m,high,draw_3
A2.2,attn,2,3,7,10,pythia-70m,high,draw_3
A2.3,attn,2,8,9,17,pythia-70m,high,draw_3
A2.5,attn,2,4,5,9,pythia-70m,high,draw_3
A3.2,attn,3,1,2,3,pythia-70m,high,draw_3
A3.3,attn,3,21,4,25,pythia-70m,high,draw_3
A3.4,attn,3,14,6,20,pythia-70m,high,draw_3
A3.5,attn,3,15,4,19,pythia-70m,high,draw_3
A3.6,attn,3,14,7,21,pythia-70m,high,draw_3
A3.7,attn,3,3,3,6,pythia-70m,high,draw_3
R5,resid,5,52,0,52,pythia-70m,high,draw_3
A0.2,attn,0,1,7,8,pythia-70m,high,draw_3
A0.6,attn,0,1,3,4,pythia-70m,high,draw_3
A1.0,attn,1,0,5,5,pythia-70m,high,draw_3
A1.5,attn,1,1,6,7,pythia-70m,high,draw_3
M3,mlp,3,24,12,36,pythia-70m,high,draw_3
A4.0,attn,4,2,2,4,pythia-70m,high,draw_3
A4.1,attn,4,1,1,2,pythia-70m,high,draw_3
A4.2,attn,4,8,2,10,pythia-70m,high,draw_3
A4.4,attn,4,3,2,5,pythia-70m,high,draw_3
A4.5,attn,4,0,2,2,pythia-70m,high,draw_3
A4.6,attn,4,4,2,6,pythia-70m,high,draw_3
A4.7,attn,4,15,2,17,pythia-70m,high,draw_3
M4,mlp,4,35,8,43,pythia-70m,high,draw_3
A5.0,attn,5,4,1,5,pythia-70m,high,draw_3
A5.1,attn,5,2,1,3,pythia-70m,high,draw_3
A5.2,attn,5,9,1,10,pythia-70m,high,draw_3
A5.3,attn,5,11,1,12,pythia-70m,high,draw_3
A5.4,attn,5,0,1,1,pythia-70m,high,draw_3
A5.5,attn,5,3,1,4,pythia-70m,high,draw_3
A5.7,attn,5,8,1,9,pythia-70m,high,draw_3
M5,mlp,5,42,1,43,pythia-70m,high,draw_3
M0,mlp,0,1,36,37,pythia-70m,very_high,draw_1
A5.0,attn,5,6,1,7,pythia-70m,very_high,draw_1
M1,mlp,1,10,25,35,pythia-70m,very_high,draw_1
A2.1,attn,2,6,18,24,pythia-70m,very_high,draw_1
M2,mlp,2,13,17,30,pythia-70m,very_high,draw_1
M3,mlp,3,25,9,34,pythia-70m,very_high,draw_1
M4,mlp,4,34,7,41,pythia-70m,very_high,draw_1
A5.1,attn,5,3,1,4,pythia-70m,very_high,draw_1
A5.2,attn,5,5,1,6,pythia-70m,very_high,draw_1
A3.1,attn,3,23,10,33,pythia-70m,very_high,draw_1
A5.3,attn,5,5,1,6,pythia-70m,very_high,draw_1
A5.5,attn,5,3,1,4,pythia-70m,very_high,draw_1
A5.7,attn,5,11,1,12,pythia-70m,very_high,draw_1
A2.4,attn,2,9,10,19,pythia-70m,very_high,draw_1
A3.3,attn,3,22,5,27,pythia-70m,very_high,draw_1
A3.4,attn,3,16,6,22,pythia-70m,very_high,draw_1
A3.6,attn,3,11,5,16,pythia-70m,very_high,draw_1
A0.3,attn,0,1,24,25,pythia-70m,very_high,draw_1
A3.0,attn,3,14,5,19,pythia-70m,very_high,draw_1
A0.7,attn,0,1,20,21,pythia-70m,very_high,draw_1
A1.1,attn,1,4,13,17,pythia-70m,very_high,draw_1
A1.2,attn,1,6,16,22,pythia-70m,very_high,draw_1
A1.3,attn,1,7,14,21,pythia-70m,very_high,draw_1
A2.0,attn,2,5,8,13,pythia-70m,very_high,draw_1
A2.2,attn,2,3,8,11,pythia-70m,very_high,draw_1
A2.3,attn,2,7,9,16,pythia-70m,very_high,draw_1
A2.7,attn,2,10,10,20,pythia-70m,very_high,draw_1
embed,embed,-1,0,18,18,pythia-70m,very_high,draw_1
A0.0,attn,0,1,10,11,pythia-70m,very_high,draw_1
A0.1,attn,0,1,14,15,pythia-70m,very_high,draw_1
A0.4,attn,0,1,14,15,pythia-70m,very_high,draw_1
A0.5,attn,0,1,17,18,pythia-70m,very_high,draw_1
A1.5,attn,1,1,7,8,pythia-70m,very_high,draw_1
A1.7,attn,1,1,7,8,pythia-70m,very_high,draw_1
A2.5,attn,2,3,5,8,pythia-70m,very_high,draw_1
A2.6,attn,2,10,12,22,pythia-70m,very_high,draw_1
A3.2,attn,3,2,3,5,pythia-70m,very_high,draw_1
A1.6,attn,1,2,6,8,pythia-70m,very_high,draw_1
A3.5,attn,3,12,3,15,pythia-70m,very_high,draw_1
A3.7,attn,3,2,3,5,pythia-70m,very_high,draw_1
A4.0,attn,4,1,2,3,pythia-70m,very_high,draw_1
A4.1,attn,4,6,2,8,pythia-70m,very_high,draw_1
A4.2,attn,4,8,2,10,pythia-70m,very_high,draw_1
A4.7,attn,4,15,2,17,pythia-70m,very_high,draw_1
A1.0,attn,1,1,4,5,pythia-70m,very_high,draw_1
M5,mlp,5,41,1,42,pythia-70m,very_high,draw_1
A4.5,attn,4,0,2,2,pythia-70m,very_high,draw_1
A4.6,attn,4,0,2,2,pythia-70m,very_high,draw_1
R5,resid,5,52,0,52,pythia-70m,very_high,draw_1
A0.2,attn,0,1,2,3,pythia-70m,very_high,draw_1
A0.6,attn,0,1,2,3,pythia-70m,very_high,draw_1
A4.4,attn,4,0,1,1,pythia-70m,very_high,draw_1
A5.4,attn,5,0,1,1,pythia-70m,very_high,draw_1
A1.4,attn,1,0,1,1,pythia-70m,very_high,draw_1
A0.0,attn,0,1,6,7,pythia-70m,very_high,draw_2
A1.1,attn,1,7,12,19,pythia-70m,very_high,draw_2
A0.1,attn,0,1,17,18,pythia-70m,very_high,draw_2
A0.3,attn,0,1,23,24,pythia-70m,very_high,draw_2
A0.4,attn,0,1,16,17,pythia-70m,very_high,draw_2
A0.5,attn,0,1,18,19,pythia-70m,very_high,draw_2
A0.7,attn,0,1,19,20,pythia-70m,very_high,draw_2
M0,mlp,0,1,37,38,pythia-70m,very_high,draw_2
embed,embed,-1,0,18,18,pythia-70m,very_high,draw_2
A1.2,attn,1,6,15,21,pythia-70m,very_high,draw_2
A1.3,attn,1,6,12,18,pythia-70m,very_high,draw_2
A1.5,attn,1,1,9,10,pythia-70m,very_high,draw_2
A1.6,attn,1,1,7,8,pythia-70m,very_high,draw_2
A1.7,attn,1,1,9,10,pythia-70m,very_high,draw_2
A5.0,attn,5,5,1,6,pythia-70m,very_high,draw_2
M1,mlp,1,10,24,34,pythia-70m,very_high,draw_2
A2.1,attn,2,6,16,22,pythia-70m,very_high,draw_2
M3,mlp,3,24,9,33,pythia-70m,very_high,draw_2
M4,mlp,4,34,8,42,pythia-70m,very_high,draw_2
A5.1,attn,5,2,1,3,pythia-70m,very_high,draw_2
A5.2,attn,5,9,1,10,pythia-70m,very_high,draw_2
M2,mlp,2,12,17,29,pythia-70m,very_high,draw_2
A3.1,attn,3,22,8,30,pythia-70m,very_high,draw_2
A3.6,attn,3,13,7,20,pythia-70m,very_high,draw_2
A4.7,attn,4,13,3,16,pythia-70m,very_high,draw_2
A5.3,attn,5,5,1,6,pythia-70m,very_high,draw_2
A5.5,attn,5,3,1,4,pythia-70m,very_high,draw_2
A5.7,attn,5,8,1,9,pythia-70m,very_high,draw_2
A3.3,attn,3,21,4,25,pythia-70m,very_high,draw_2
A3.4,attn,3,17,6,23,pythia-70m,very_high,draw_2
A0.2,attn,0,1,4,5,pythia-70m,very_high,draw_2
A0.6,attn,0,1,2,3,pythia-70m,very_high,draw_2
A1.0,attn,1,0,5,5,pythia-70m,very_high,draw_2
A2.0,attn,2,4,6,10,pythia-70m,very_high,draw_2
A2.2,attn,2,3,7,10,pythia-70m,very_high,draw_2
A2.3,attn,2,5,8,13,pythia-70m,very_high,draw_2
A2.4,attn,2,9,10,19,pythia-70m,very_high,draw_2
A2.6,attn,2,11,12,23,pythia-70m,very_high,draw_2
A2.7,attn,2,11,10,21,pythia-70m,very_high,draw_2
M5,mlp,5,39,1,40,pythia-70m,very_high,draw_2
A2.5,attn,2,2,4,6,pythia-70m,very_high,draw_2
A3.0,attn,3,13,4,17,pythia-70m,very_high,draw_2
A3.5,attn,3,15,3,18,pythia-70m,very_high,draw_2
A3.7,attn,3,3,3,6,pythia-70m,very_high,draw_2
A4.0,attn,4,4,2,6,pythia-70m,very_high,draw_2
A4.2,attn,4,9,2,11,pythia-70m,very_high,draw_2
A4.5,attn,4,0,2,2,pythia-70m,very_high,draw_2
R5,resid,5,52,0,52,pythia-70m,very_high,draw_2
A3.2,attn,3,0,1,1,pythia-70m,very_high,draw_2
A4.1,attn,4,1,1,2,pythia-70m,very_high,draw_2
A4.4,attn,4,1,1,2,pythia-70m,very_high,draw_2
A4.6,attn,4,0,1,1,pythia-70m,very_high,draw_2
A5.4,attn,5,0,1,1,pythia-70m,very_high,draw_2
A1.4,attn,1,0,1,1,pythia-70m,very_high,draw_2
A3.1,attn,3,24,8,32,pythia-70m,very_high,draw_3
A4.0,attn,4,1,2,3,pythia-70m,very_high,draw_3
M1,mlp,1,10,25,35,pythia-70m,very_high,draw_3
A4.1,attn,4,2,1,3,pythia-70m,very_high,draw_3
A3.3,attn,3,20,5,25,pythia-70m,very_high,draw_3
M0,mlp,0,1,32,33,pythia-70m,very_high,draw_3
A4.2,attn,4,9,2,11,pythia-70m,very_high,draw_3
A2.1,attn,2,7,16,23,pythia-70m,very_high,draw_3
A2.4,attn,2,8,10,18,pythia-70m,very_high,draw_3
A2.6,attn,2,10,14,24,pythia-70m,very_high,draw_3
M2,mlp,2,14,16,30,pythia-70m,very_high,draw_3
A3.4,attn,3,16,7,23,pythia-70m,very_high,draw_3
A3.6,attn,3,10,8,18,pythia-70m,very_high,draw_3
A4.4,attn,4,2,1,3,pythia-70m,very_high,draw_3
A0.7,attn,0,1,21,22,pythia-70m,very_high,draw_3
A4.7,attn,4,14,3,17,pythia-70m,very_high,draw_3
A2.0,attn,2,5,7,12,pythia-70m,very_high,draw_3
A2.7,attn,2,10,10,20,pythia-70m,very_high,draw_3
A3.0,attn,3,14,4,18,pythia-70m,very_high,draw_3
M3,mlp,3,24,7,31,pythia-70m,very_high,draw_3
A0.0,attn,0,1,7,8,pythia-70m,very_high,draw_3
A0.1,attn,0,1,17,18,pythia-70m,very_high,draw_3
A0.3,attn,0,1,23,24,pythia-70m,very_high,draw_3
A0.4,attn,0,1,14,15,pythia-70m,very_high,draw_3
A0.5,attn,0,1,15,16,pythia-70m,very_high,draw_3
A1.0,attn,1,3,5,8,pythia-70m,very_high,draw_3
A1.1,attn,1,4,16,20,pythia-70m,very_high,draw_3
A1.2,attn,1,7,16,23,pythia-70m,very_high,draw_3
A1.3,attn,1,6,13,19,pythia-70m,very_high,draw_3
A1.5,attn,1,1,9,10,pythia-70m,very_high,draw_3
A1.6,attn,1,1,6,7,pythia-70m,very_high,draw_3
embed,embed,-1,0,18,18,pythia-70m,very_high,draw_3
A0.2,attn,0,1,6,7,pythia-70m,very_high,draw_3
A0.6,attn,0,1,2,3,pythia-70m,very_high,draw_3
M4,mlp,4,33,7,40,pythia-70m,very_high,draw_3
A2.2,attn,2,4,7,11,pythia-70m,very_high,draw_3
A2.3,attn,2,7,8,15,pythia-70m,very_high,draw_3
A2.5,attn,2,1,4,5,pythia-70m,very_high,draw_3
A3.5,attn,3,13,3,16,pythia-70m,very_high,draw_3
A3.7,attn,3,4,3,7,pythia-70m,very_high,draw_3
R5,resid,5,52,0,52,pythia-70m,very_high,draw_3
A1.7,attn,1,0,4,4,pythia-70m,very_high,draw_3
A3.2,attn,3,0,2,2,pythia-70m,very_high,draw_3
A4.5,attn,4,0,2,2,pythia-70m,very_high,draw_3
A4.6,attn,4,0,2,2,pythia-70m,very_high,draw_3
A5.0,attn,5,6,1,7,pythia-70m,very_high,draw_3
A5.1,attn,5,1,1,2,pythia-70m,very_high,draw_3
A5.2,attn,5,6,1,7,pythia-70m,very_high,draw_3
A5.3,attn,5,4,1,5,pythia-70m,very_high,draw_3
A5.4,attn,5,0,1,1,pythia-70m,very_high,draw_3
A5.5,attn,5,4,1,5,pythia-70m,very_high,draw_3
A5.7,attn,5,10,1,11,pythia-70m,very_high,draw_3
M5,mlp,5,41,1,42,pythia-70m,very_high,draw_3
A1.4,attn,1,0,1,1,pythia-70m,very_high,draw_3
A0.3,attn,0,1,23,24,pythia-70m,control,draw_1
A1.1,attn,1,5,15,20,pythia-70m,control,draw_1
A0.4,attn,0,1,17,18,pythia-70m,control,draw_1
A0.5,attn,0,1,18,19,pythia-70m,control,draw_1
A0.7,attn,0,1,24,25,pythia-70m,control,draw_1
M0,mlp,0,1,37,38,pythia-70m,control,draw_1
A1.2,attn,1,3,14,17,pythia-70m,control,draw_1
A0.1,attn,0,1,16,17,pythia-70m,control,draw_1
A1.3,attn,1,6,15,21,pythia-70m,control,draw_1
A1.5,attn,1,1,7,8,pythia-70m,control,draw_1
A0.0,attn,0,1,9,10,pythia-70m,control,draw_1
A1.6,attn,1,3,7,10,pythia-70m,control,draw_1
A1.7,attn,1,1,3,4,pythia-70m,control,draw_1
embed,embed,-1,0,17,17,pythia-70m,control,draw_1
A0.2,attn,0,1,5,6,pythia-70m,control,draw_1
A0.6,attn,0,1,4,5,pythia-70m,control,draw_1
A3.0,attn,3,14,4,18,pythia-70m,control,draw_1
M1,mlp,1,10,26,36,pythia-70m,control,draw_1
A2.0,attn,2,11,8,19,pythia-70m,control,draw_1
A2.1,attn,2,7,16,23,pythia-70m,control,draw_1
A2.3,attn,2,8,9,17,pythia-70m,control,draw_1
A2.4,attn,2,9,10,19,pythia-70m,control,draw_1
A2.7,attn,2,9,13,22,pythia-70m,control,draw_1
M2,mlp,2,14,17,31,pythia-70m,control,draw_1
A3.1,attn,3,20,8,28,pythia-70m,control,draw_1
A2.2,attn,2,4,7,11,pythia-70m,control,draw_1
A2.6,attn,2,10,12,22,pythia-70m,control,draw_1
A3.2,attn,3,1,1,2,pythia-70m,control,draw_1
A3.3,attn,3,22,5,27,pythia-70m,control,draw_1
A3.4,attn,3,13,6,19,pythia-70m,control,draw_1
A3.5,attn,3,16,3,19,pythia-70m,control,draw_1
A3.6,attn,3,12,7,19,pythia-70m,control,draw_1
A3.7,attn,3,4,3,7,pythia-70m,control,draw_1
M5,mlp,5,39,1,40,pythia-70m,control,draw_1
A1.0,attn,1,0,5,5,pythia-70m,control,draw_1
A2.5,attn,2,2,4,6,pythia-70m,control,draw_1
M3,mlp,3,24,11,35,pythia-70m,control,draw_1
A4.0,attn,4,2,2,4,pythia-70m,control,draw_1
A4.2,attn,4,11,2,13,pythia-70m,control,draw_1
A4.5,attn,4,1,2,3,pythia-70m,control,draw_1
A4.6,attn,4,2,2,4,pythia-70m,control,draw_1
A4.7,attn,4,16,3,19,pythia-70m,control,draw_1
M4,mlp,4,34,8,42,pythia-70m,control,draw_1
A4.1,attn,4,2,1,3,pythia-70m,control,draw_1
A4.4,attn,4,1,1,2,pythia-70m,control,draw_1
R5,resid,5,52,0,52,pythia-70m,control,draw_1
A5.0,attn,5,5,1,6,pythia-70m,control,draw_1
A5.1,attn,5,2,1,3,pythia-70m,control,draw_1
A5.2,attn,5,12,1,13,pythia-70m,control,draw_1
A5.3,attn,5,9,1,10,pythia-70m,control,draw_1
A5.4,attn,5,0,1,1,pythia-70m,control,draw_1
A5.5,attn,5,3,1,4,pythia-70m,control,draw_1
A5.7,attn,5,6,1,7,pythia-70m,control,draw_1
A0.1,attn,0,1,16,17,pythia-70m,control,draw_2
M2,mlp,2,13,16,29,pythia-70m,control,draw_2
A0.2,attn,0,1,6,7,pythia-70m,control,draw_2
A0.3,attn,0,1,22,23,pythia-70m,control,draw_2
A0.4,attn,0,1,15,16,pythia-70m,control,draw_2
A0.5,attn,0,1,16,17,pythia-70m,control,draw_2
A0.7,attn,0,1,19,20,pythia-70m,control,draw_2
M0,mlp,0,1,31,32,pythia-70m,control,draw_2
A1.2,attn,1,5,14,19,pythia-70m,control,draw_2
A1.3,attn,1,6,14,20,pythia-70m,control,draw_2
A1.5,attn,1,1,8,9,pythia-70m,control,draw_2
A1.6,attn,1,1,7,8,pythia-70m,control,draw_2
A1.7,attn,1,0,6,6,pythia-70m,control,draw_2
M1,mlp,1,10,24,34,pythia-70m,control,draw_2
A4.0,attn,4,2,2,4,pythia-70m,control,draw_2
A3.1,attn,3,22,9,31,pythia-70m,control,draw_2
A3.3,attn,3,22,5,27,pythia-70m,control,draw_2
A4.1,attn,4,1,1,2,pythia-70m,control,draw_2
A4.2,attn,4,10,2,12,pythia-70m,control,draw_2
A2.1,attn,2,5,15,20,pythia-70m,control,draw_2
A2.4,attn,2,9,9,18,pythia-70m,control,draw_2
A2.6,attn,2,10,14,24,pythia-70m,control,draw_2
A2.7,attn,2,9,13,22,pythia-70m,control,draw_2
A3.4,attn,3,18,6,24,pythia-70m,control,draw_2
A3.6,attn,3,11,8,19,pythia-70m,control,draw_2
M3,mlp,3,25,9,34,pythia-70m,control,draw_2
A4.5,attn,4,1,2,3,pythia-70m,control,draw_2
embed,embed,-1,0,18,18,pythia-70m,control,draw_2
A4.7,attn,4,15,2,17,pythia-70m,control,draw_2
A3.0,attn,3,13,4,17,pythia-70m,control,draw_2
A0.0,attn,0,1,7,8,pythia-70m,control,draw_2
A1.0,attn,1,0,3,3,pythia-70m,control,draw_2
A1.1,attn,1,4,14,18,pythia-70m,control,draw_2
A2.0,attn,2,1,6,7,pythia-70m,control,draw_2
A2.2,attn,2,4,7,11,pythia-70m,control,draw_2
A2.3,attn,2,6,9,15,pythia-70m,control,draw_2
A2.5,attn,2,3,4,7,pythia-70m,control,draw_2
A5.0,attn,5,6,1,7,pythia-70m,control,draw_2
M4,mlp,4,32,7,39,pythia-70m,control,draw_2
A5.1,attn,5,2,1,3,pythia-70m,control,draw_2
A5.2,attn,5,8,1,9,pythia-70m,control,draw_2
A5.3,attn,5,3,1,4,pythia-70m,control,draw_2
A5.5,attn,5,1,1,2,pythia-70m,control,draw_2
A5.7,attn,5,11,1,12,pythia-70m,control,draw_2
M5,mlp,5,40,1,41,pythia-70m,control,draw_2
A3.5,attn,3,15,3,18,pythia-70m,control,draw_2
A3.7,attn,3,5,3,8,pythia-70m,control,draw_2
A4.6,attn,4,0,2,2,pythia-70m,control,draw_2
A0.6,attn,0,1,2,3,pythia-70m,control,draw_2
A1.4,attn,1,0,1,1,pythia-70m,control,draw_2
R5,resid,5,51,0,51,pythia-70m,control,draw_2
A3.2,attn,3,0,1,1,pythia-70m,control,draw_2
A4.4,attn,4,0,1,1,pythia-70m,control,draw_2
M0,mlp,0,1,37,38,pythia-70m,control,draw_3
A5.0,attn,5,5,1,6,pythia-70m,control,draw_3
A2.1,attn,2,4,15,19,pythia-70m,control,draw_3
M2,mlp,2,14,19,33,pythia-70m,control,draw_3
M3,mlp,3,26,9,35,pythia-70m,control,draw_3
M4,mlp,4,36,7,43,pythia-70m,control,draw_3
A5.1,attn,5,1,1,2,pythia-70m,control,draw_3
A5.2,attn,5,9,1,10,pythia-70m,control,draw_3
M1,mlp,1,10,25,35,pythia-70m,control,draw_3
A3.1,attn,3,22,10,32,pythia-70m,control,draw_3
A3.6,attn,3,15,8,23,pythia-70m,control,draw_3
A4.7,attn,4,16,4,20,pythia-70m,control,draw_3
A5.3,attn,5,2,1,3,pythia-70m,control,draw_3
A5.5,attn,5,5,1,6,pythia-70m,control,draw_3
A5.7,attn,5,9,1,10,pythia-70m,control,draw_3
A3.3,attn,3,18,4,22,pythia-70m,control,draw_3
embed,embed,-1,0,17,17,pythia-70m,control,draw_3
A0.0,attn,0,1,8,9,pythia-70m,control,draw_3
A0.1,attn,0,1,17,18,pythia-70m,control,draw_3
A0.2,attn,0,1,6,7,pythia-70m,control,draw_3
A0.3,attn,0,1,23,24,pythia-70m,control,draw_3
A0.4,attn,0,1,16,17,pythia-70m,control,draw_3
A0.5,attn,0,1,14,15,pythia-70m,control,draw_3
A0.6,attn,0,1,5,6,pythia-70m,control,draw_3
A0.7,attn,0,1,19,20,pythia-70m,control,draw_3
A1.0,attn,1,0,5,5,pythia-70m,control,draw_3
A1.1,attn,1,7,12,19,pythia-70m,control,draw_3
A1.2,attn,1,3,13,16,pythia-70m,control,draw_3
A1.3,attn,1,6,15,21,pythia-70m,control,draw_3
A1.5,attn,1,1,8,9,pythia-70m,control,draw_3
A1.6,attn,1,1,7,8,pythia-70m,control,draw_3
A2.0,attn,2,6,8,14,pythia-70m,control,draw_3
A2.2,attn,2,5,8,13,pythia-70m,control,draw_3
A2.3,attn,2,6,9,15,pythia-70m,control,draw_3
A2.4,attn,2,7,9,16,pythia-70m,control,draw_3
A2.5,attn,2,2,4,6,pythia-70m,control,draw_3
A2.6,attn,2,9,12,21,pythia-70m,control,draw_3
A2.7,attn,2,9,10,19,pythia-70m,control,draw_3
A3.0,attn,3,13,3,16,pythia-70m,control,draw_3
A1.7,attn,1,1,5,6,pythia-70m,control,draw_3
A3.4,attn,3,15,6,21,pythia-70m,control,draw_3
A3.5,attn,3,16,3,19,pythia-70m,control,draw_3
A3.7,attn,3,4,3,7,pythia-70m,control,draw_3
M5,mlp,5,42,1,43,pythia-70m,control,draw_3
A3.2,attn,3,0,3,3,pythia-70m,control,draw_3
A4.0,attn,4,3,2,5,pythia-70m,control,draw_3
A4.2,attn,4,6,2,8,pythia-70m,control,draw_3
A4.4,attn,4,5,2,7,pythia-70m,control,draw_3
A4.5,attn,4,1,2,3,pythia-70m,control,draw_3
A4.6,attn,4,2,2,4,pythia-70m,control,draw_3
A4.1,attn,4,1,1,2,pythia-70m,control,draw_3
A4.3,attn,4,1,1,2,pythia-70m,control,draw_3
R5,resid,5,53,0,53,pythia-70m,control,draw_3
A5.4,attn,5,0,1,1,pythia-70m,control,draw_3
embed,embed,-1,0,14,14,pythia-160m,low,draw_1
R11,resid,11,127,0,127,pythia-160m,low,draw_1
A0.0,attn,0,1,19,20,pythia-160m,low,draw_1
A0.1,attn,0,1,4,5,pythia-160m,low,draw_1
A0.2,attn,0,1,20,21,pythia-160m,low,draw_1
A0.3,attn,0,1,11,12,pythia-160m,low,draw_1
A0.4,attn,0,1,12,13,pythia-160m,low,draw_1
A0.6,attn,0,0,7,7,pythia-160m,low,draw_1
A0.7,attn,0,1,38,39,pythia-160m,low,draw_1
A0.8,attn,0,1,18,19,pythia-160m,low,draw_1
A0.9,attn,0,0,1,1,pythia-160m,low,draw_1
A0.10,attn,0,0,5,5,pythia-160m,low,draw_1
M0,mlp,0,1,71,72,pythia-160m,low,draw_1
A1.0,attn,1,1,4,5,pythia-160m,low,draw_1
A1.1,attn,1,2,7,9,pythia-160m,low,draw_1
A1.2,attn,1,2,15,17,pythia-160m,low,draw_1
A1.3,attn,1,0,6,6,pythia-160m,low,draw_1
A1.6,attn,1,1,11,12,pythia-160m,low,draw_1
A1.7,attn,1,0,6,6,pythia-160m,low,draw_1
A1.10,attn,1,4,28,32,pythia-160m,low,draw_1
A1.11,attn,1,0,5,5,pythia-160m,low,draw_1
M1,mlp,1,8,38,46,pythia-160m,low,draw_1
A2.1,attn,2,0,2,2,pythia-160m,low,draw_1
A2.3,attn,2,2,11,13,pythia-160m,low,draw_1
A2.4,attn,2,1,6,7,pythia-160m,low,draw_1
A2.6,attn,2,3,17,20,pythia-160m,low,draw_1
A2.7,attn,2,1,7,8,pythia-160m,low,draw_1
A2.8,attn,2,3,26,29,pythia-160m,low,draw_1
A2.10,attn,2,0,8,8,pythia-160m,low,draw_1
A2.11,attn,2,1,17,18,pythia-160m,low,draw_1
M2,mlp,2,10,49,59,pythia-160m,low,draw_1
A3.0,attn,3,4,20,24,pythia-160m,low,draw_1
A3.1,attn,3,3,22,25,pythia-160m,low,draw_1
A3.2,attn,3,5,34,39,pythia-160m,low,draw_1
A3.3,attn,3,4,14,18,pythia-160m,low,draw_1
A3.4,attn,3,5,29,34,pythia-160m,low,draw_1
A3.6,attn,3,1,4,5,pythia-160m,low,draw_1
A3.7,attn,3,1,5,6,pythia-160m,low,draw_1
A3.8,attn,3,7,17,24,pythia-160m,low,draw_1
A3.9,attn,3,2,10,12,pythia-160m,low,draw_1
A3.10,attn,3,2,8,10,pythia-160m,low,draw_1
M3,mlp,3,17,38,55,pythia-160m,low,draw_1
A4.0,attn,4,3,9,12,pythia-160m,low,draw_1
A4.1,attn,4,3,8,11,pythia-160m,low,draw_1
A4.2,attn,4,3,14,17,pythia-160m,low,draw_1
A4.4,attn,4,2,5,7,pythia-160m,low,draw_1
A4.5,attn,4,6,19,25,pythia-160m,low,draw_1
A4.6,attn,4,11,32,43,pythia-160m,low,draw_1
A4.7,attn,4,6,10,16,pythia-160m,low,draw_1
A4.8,attn,4,6,17,23,pythia-160m,low,draw_1
A4.9,attn,4,9,10,19,pythia-160m,low,draw_1
A4.10,attn,4,26,38,64,pythia-160m,low,draw_1
A4.11,attn,4,12,34,46,pythia-160m,low,draw_1
M4,mlp,4,20,29,49,pythia-160m,low,draw_1
A5.0,attn,5,38,27,65,pythia-160m,low,draw_1
A5.1,attn,5,20,28,48,pythia-160m,low,draw_1
A5.2,attn,5,7,10,17,pythia-160m,low,draw_1
A5.3,attn,5,2,5,7,pythia-160m,low,draw_1
A5.4,attn,5,3,4,7,pythia-160m,low,draw_1
A5.5,attn,5,3,11,14,pythia-160m,low,draw_1
A5.6,attn,5,36,16,52,pythia-160m,low,draw_1
A5.7,attn,5,16,6,22,pythia-160m,low,draw_1
A5.8,attn,5,7,15,22,pythia-160m,low,draw_1
A5.10,attn,5,24,25,49,pythia-160m,low,draw_1
A5.11,attn,5,10,17,27,pythia-160m,low,draw_1
M5,mlp,5,34,29,63,pythia-160m,low,draw_1
A6.0,attn,6,0,4,4,pythia-160m,low,draw_1
A6.1,attn,6,3,6,9,pythia-160m,low,draw_1
A6.2,attn,6,2,5,7,pythia-160m,low,draw_1
A6.3,attn,6,16,21,37,pythia-160m,low,draw_1
A6.4,attn,6,1,4,5,pythia-160m,low,draw_1
A6.5,attn,6,14,12,26,pythia-160m,low,draw_1
A6.6,attn,6,18,15,33,pythia-160m,low,draw_1
A6.7,attn,6,8,6,14,pythia-160m,low,draw_1
A6.8,attn,6,5,7,12,pythia-160m,low,draw_1
A6.10,attn,6,1,7,8,pythia-160m,low,draw_1
A6.11,attn,6,31,30,61,pythia-160m,low,draw_1
M6,mlp,6,35,18,53,pythia-160m,low,draw_1
A7.0,attn,7,0,5,5,pythia-160m,low,draw_1
A7.1,attn,7,0,2,2,pythia-160m,low,draw_1
A7.2,attn,7,1,5,6,pythia-160m,low,draw_1
A7.3,attn,7,9,11,20,pythia-160m,low,draw_1
A7.4,attn,7,12,15,27,pythia-160m,low,draw_1
A7.7,attn,7,20,18,38,pythia-160m,low,draw_1
A7.8,attn,7,15,6,21,pythia-160m,low,draw_1
A7.11,attn,7,11,9,20,pythia-160m,low,draw_1
M7,mlp,7,50,25,75,pythia-160m,low,draw_1
A8.1,attn,8,9,3,12,pythia-160m,low,draw_1
A8.2,attn,8,37,4,41,pythia-160m,low,draw_1
A8.3,attn,8,2,2,4,pythia-160m,low,draw_1
A8.4,attn,8,5,4,9,pythia-160m,low,draw_1
A8.7,attn,8,10,3,13,pythia-160m,low,draw_1
A8.8,attn,8,25,5,30,pythia-160m,low,draw_1
A8.10,attn,8,28,5,33,pythia-160m,low,draw_1
A8.11,attn,8,31,4,35,pythia-160m,low,draw_1
M8,mlp,8,65,22,87,pythia-160m,low,draw_1
A9.0,attn,9,3,3,6,pythia-160m,low,draw_1
A9.1,attn,9,7,2,9,pythia-160m,low,draw_1
A9.2,attn,9,13,2,15,pythia-160m,low,draw_1
A9.3,attn,9,4,3,7,pythia-160m,low,draw_1
A9.4,attn,9,16,3,19,pythia-160m,low,draw_1
A9.5,attn,9,3,3,6,pythia-160m,low,draw_1
A9.6,attn,9,19,2,21,pythia-160m,low,draw_1
A9.7,attn,9,27,3,30,pythia-160m,low,draw_1
A9.8,attn,9,28,3,31,pythia-160m,low,draw_1
A9.9,attn,9,19,3,22,pythia-160m,low,draw_1
M9,mlp,9,74,11,85,pythia-160m,low,draw_1
A10.0,attn,10,1,1,2,pythia-160m,low,draw_1
A10.1,attn,10,20,2,22,pythia-160m,low,draw_1
A10.5,attn,10,4,2,6,pythia-160m,low,draw_1
A10.6,attn,10,12,1,13,pythia-160m,low,draw_1
A10.7,attn,10,3,1,4,pythia-160m,low,draw_1
A10.8,attn,10,0,1,1,pythia-160m,low,draw_1
A10.9,attn,10,5,2,7,pythia-160m,low,draw_1
A10.10,attn,10,6,2,8,pythia-160m,low,draw_1
A10.11,attn,10,2,1,3,pythia-160m,low,draw_1
M10,mlp,10,88,3,91,pythia-160m,low,draw_1
A11.0,attn,11,2,1,3,pythia-160m,low,draw_1
A11.2,attn,11,0,1,1,pythia-160m,low,draw_1
A11.4,attn,11,0,1,1,pythia-160m,low,draw_1
A11.5,attn,11,1,1,2,pythia-160m,low,draw_1
A11.6,attn,11,1,1,2,pythia-160m,low,draw_1
A11.7,attn,11,1,1,2,pythia-160m,low,draw_1
A11.8,attn,11,3,1,4,pythia-160m,low,draw_1
A11.9,attn,11,0,1,1,pythia-160m,low,draw_1
A11.10,attn,11,3,1,4,pythia-160m,low,draw_1
A11.11,attn,11,5,1,6,pythia-160m,low,draw_1
M11,mlp,11,94,1,95,pythia-160m,low,draw_1
A1.8,attn,1,0,2,2,pythia-160m,low,draw_1
A1.5,attn,1,1,3,4,pythia-160m,low,draw_1
A2.0,attn,2,1,2,3,pythia-160m,low,draw_1
A2.5,attn,2,0,1,1,pythia-160m,low,draw_1
A3.5,attn,3,0,1,1,pythia-160m,low,draw_1
A0.5,attn,0,0,1,1,pythia-160m,low,draw_1
A2.2,attn,2,0,1,1,pythia-160m,low,draw_1
A8.0,attn,8,1,1,2,pythia-160m,low,draw_1
A6.9,attn,6,0,1,1,pythia-160m,low,draw_1
embed,embed,-1,0,16,16,pythia-160m,low,draw_2
A0.0,attn,0,1,19,20,pythia-160m,low,draw_2
A0.2,attn,0,1,20,21,pythia-160m,low,draw_2
A0.3,attn,0,1,16,17,pythia-160m,low,draw_2
A0.4,attn,0,1,13,14,pythia-160m,low,draw_2
A0.6,attn,0,1,3,4,pythia-160m,low,draw_2
A0.7,attn,0,1,39,40,pythia-160m,low,draw_2
A0.8,attn,0,1,19,20,pythia-160m,low,draw_2
M10,mlp,10,88,2,90,pythia-160m,low,draw_2
M0,mlp,0,1,74,75,pythia-160m,low,draw_2
A1.2,attn,1,2,20,22,pythia-160m,low,draw_2
A1.5,attn,1,2,6,8,pythia-160m,low,draw_2
A1.6,attn,1,4,12,16,pythia-160m,low,draw_2
A1.7,attn,1,1,8,9,pythia-160m,low,draw_2
A1.10,attn,1,6,28,34,pythia-160m,low,draw_2
A1.11,attn,1,0,3,3,pythia-160m,low,draw_2
M1,mlp,1,8,36,44,pythia-160m,low,draw_2
A2.1,attn,2,0,4,4,pythia-160m,low,draw_2
A2.6,attn,2,4,17,21,pythia-160m,low,draw_2
A2.7,attn,2,2,10,12,pythia-160m,low,draw_2
A2.8,attn,2,7,26,33,pythia-160m,low,draw_2
A2.10,attn,2,1,10,11,pythia-160m,low,draw_2
A2.11,attn,2,1,13,14,pythia-160m,low,draw_2
M2,mlp,2,11,48,59,pythia-160m,low,draw_2
A3.0,attn,3,5,20,25,pythia-160m,low,draw_2
A3.1,attn,3,3,19,22,pythia-160m,low,draw_2
A3.2,attn,3,6,28,34,pythia-160m,low,draw_2
A3.3,attn,3,4,13,17,pythia-160m,low,draw_2
A3.4,attn,3,4,28,32,pythia-160m,low,draw_2
A3.6,attn,3,1,5,6,pythia-160m,low,draw_2
A3.8,attn,3,10,18,28,pythia-160m,low,draw_2
A3.9,attn,3,1,13,14,pythia-160m,low,draw_2
A3.10,attn,3,0,11,11,pythia-160m,low,draw_2
M3,mlp,3,17,36,53,pythia-160m,low,draw_2
A4.0,attn,4,2,11,13,pythia-160m,low,draw_2
A4.1,attn,4,1,9,10,pythia-160m,low,draw_2
A4.2,attn,4,5,10,15,pythia-160m,low,draw_2
A4.5,attn,4,5,17,22,pythia-160m,low,draw_2
A4.6,attn,4,8,31,39,pythia-160m,low,draw_2
A4.7,attn,4,5,9,14,pythia-160m,low,draw_2
A4.8,attn,4,7,19,26,pythia-160m,low,draw_2
A4.9,attn,4,8,9,17,pythia-160m,low,draw_2
A4.10,attn,4,20,35,55,pythia-160m,low,draw_2
A4.11,attn,4,13,40,53,pythia-160m,low,draw_2
M4,mlp,4,23,26,49,pythia-160m,low,draw_2
A5.0,attn,5,40,27,67,pythia-160m,low,draw_2
A5.1,attn,5,19,34,53,pythia-160m,low,draw_2
A5.2,attn,5,5,6,11,pythia-160m,low,draw_2
A5.5,attn,5,3,13,16,pythia-160m,low,draw_2
A5.6,attn,5,39,24,63,pythia-160m,low,draw_2
A5.7,attn,5,15,6,21,pythia-160m,low,draw_2
A5.8,attn,5,6,13,19,pythia-160m,low,draw_2
A5.10,attn,5,22,27,49,pythia-160m,low,draw_2
A5.11,attn,5,4,17,21,pythia-160m,low,draw_2
M5,mlp,5,29,25,54,pythia-160m,low,draw_2
A6.1,attn,6,5,5,10,pythia-160m,low,draw_2
A6.2,attn,6,8,11,19,pythia-160m,low,draw_2
A6.3,attn,6,19,22,41,pythia-160m,low,draw_2
A6.5,attn,6,9,10,19,pythia-160m,low,draw_2
A6.6,attn,6,18,15,33,pythia-160m,low,draw_2
A6.7,attn,6,9,9,18,pythia-160m,low,draw_2
A6.8,attn,6,7,8,15,pythia-160m,low,draw_2
A6.10,attn,6,3,6,9,pythia-160m,low,draw_2
A6.11,attn,6,37,28,65,pythia-160m,low,draw_2
M6,mlp,6,38,23,61,pythia-160m,low,draw_2
A7.0,attn,7,2,5,7,pythia-160m,low,draw_2
A7.2,attn,7,3,6,9,pythia-160m,low,draw_2
A7.3,attn,7,12,13,25,pythia-160m,low,draw_2
A7.4,attn,7,8,15,23,pythia-160m,low,draw_2
A7.7,attn,7,21,16,37,pythia-160m,low,draw_2
A7.8,attn,7,19,8,27,pythia-160m,low,draw_2
A7.11,attn,7,17,12,29,pythia-160m,low,draw_2
M7,mlp,7,51,23,74,pythia-160m,low,draw_2
A8.2,attn,8,31,5,36,pythia-160m,low,draw_2
A8.3,attn,8,4,4,8,pythia-160m,low,draw_2
A8.4,attn,8,5,4,9,pythia-160m,low,draw_2
A8.7,attn,8,9,4,13,pythia-160m,low,draw_2
A8.8,attn,8,17,4,21,pythia-160m,low,draw_2
A8.10,attn,8,25,5,30,pythia-160m,low,draw_2
A8.11,attn,8,32,7,39,pythia-160m,low,draw_2
M8,mlp,8,64,19,83,pythia-160m,low,draw_2
A9.0,attn,9,1,3,4,pythia-160m,low,draw_2
A9.3,attn,9,5,3,8,pythia-160m,low,draw_2
A9.4,attn,9,20,3,23,pythia-160m,low,draw_2
A9.5,attn,9,2,3,5,pythia-160m,low,draw_2
A9.6,attn,9,22,3,25,pythia-160m,low,draw_2
A9.7,attn,9,20,3,23,pythia-160m,low,draw_2
A9.8,attn,9,31,3,34,pythia-160m,low,draw_2
M9,mlp,9,74,12,86,pythia-160m,low,draw_2
A1.0,attn,1,0,5,5,pythia-160m,low,draw_2
A1.9,attn,1,0,1,1,pythia-160m,low,draw_2
A2.0,attn,2,0,2,2,pythia-160m,low,draw_2
A2.4,attn,2,1,6,7,pythia-160m,low,draw_2
A1.3,attn,1,0,3,3,pythia-160m,low,draw_2
A4.4,attn,4,1,4,5,pythia-160m,low,draw_2
A5.4,attn,5,0,5,5,pythia-160m,low,draw_2
A2.3,attn,2,1,8,9,pythia-160m,low,draw_2
A3.7,attn,3,0,6,6,pythia-160m,low,draw_2
A6.4,attn,6,0,2,2,pythia-160m,low,draw_2
A7.1,attn,7,0,2,2,pythia-160m,low,draw_2
A8.1,attn,8,5,3,8,pythia-160m,low,draw_2
A0.10,attn,0,0,4,4,pythia-160m,low,draw_2
A1.1,attn,1,0,4,4,pythia-160m,low,draw_2
A0.9,attn,0,0,2,2,pythia-160m,low,draw_2
A4.3,attn,4,1,3,4,pythia-160m,low,draw_2
A2.5,attn,2,1,2,3,pythia-160m,low,draw_2
A6.9,attn,6,0,1,1,pythia-160m,low,draw_2
A10.1,attn,10,28,2,30,pythia-160m,low,draw_2
A9.9,attn,9,20,3,23,pythia-160m,low,draw_2
A10.5,attn,10,3,2,5,pythia-160m,low,draw_2
A10.6,attn,10,16,1,17,pythia-160m,low,draw_2
A6.0,attn,6,0,4,4,pythia-160m,low,draw_2
A10.8,attn,10,1,2,3,pythia-160m,low,draw_2
A10.9,attn,10,5,2,7,pythia-160m,low,draw_2
A10.10,attn,10,17,1,18,pythia-160m,low,draw_2
A10.11,attn,10,1,1,2,pythia-160m,low,draw_2
M11,mlp,11,98,1,99,pythia-160m,low,draw_2
A2.9,attn,2,0,1,1,pythia-160m,low,draw_2
A8.0,attn,8,1,1,2,pythia-160m,low,draw_2
A9.1,attn,9,5,2,7,pythia-160m,low,draw_2
A10.7,attn,10,0,2,2,pythia-160m,low,draw_2
A5.3,attn,5,0,2,2,pythia-160m,low,draw_2
A11.0,attn,11,4,1,5,pythia-160m,low,draw_2
A11.5,attn,11,1,1,2,pythia-160m,low,draw_2
A11.6,attn,11,2,1,3,pythia-160m,low,draw_2
A11.8,attn,11,1,1,2,pythia-160m,low,draw_2
A11.10,attn,11,4,1,5,pythia-160m,low,draw_2
A11.11,attn,11,4,1,5,pythia-160m,low,draw_2
A3.11,attn,3,0,1,1,pythia-160m,low,draw_2
A9.2,attn,9,13,1,14,pythia-160m,low,draw_2
R11,resid,11,126,0,126,pythia-160m,low,draw_2
A7.9,attn,7,0,1,1,pythia-160m,low,draw_2
A11.2,attn,11,0,1,1,pythia-160m,low,draw_2
A11.7,attn,11,0,1,1,pythia-160m,low,draw_2
A11.9,attn,11,0,1,1,pythia-160m,low,draw_2
embed,embed,-1,0,19,19,pythia-160m,low,draw_3
M6,mlp,6,40,15,55,pythia-160m,low,draw_3
A0.0,attn,0,1,17,18,pythia-160m,low,draw_3
A0.2,attn,0,1,23,24,pythia-160m,low,draw_3
A0.3,attn,0,1,13,14,pythia-160m,low,draw_3
A0.6,attn,0,1,8,9,pythia-160m,low,draw_3
A0.7,attn,0,1,30,31,pythia-160m,low,draw_3
A0.8,attn,0,1,15,16,pythia-160m,low,draw_3
A0.10,attn,0,0,3,3,pythia-160m,low,draw_3
M0,mlp,0,1,79,80,pythia-160m,low,draw_3
A1.3,attn,1,0,4,4,pythia-160m,low,draw_3
A1.5,attn,1,0,4,4,pythia-160m,low,draw_3
M1,mlp,1,8,36,44,pythia-160m,low,draw_3
A2.8,attn,2,6,30,36,pythia-160m,low,draw_3
M2,mlp,2,13,49,62,pythia-160m,low,draw_3
A3.0,attn,3,6,15,21,pythia-160m,low,draw_3
A3.1,attn,3,2,20,22,pythia-160m,low,draw_3
A3.2,attn,3,4,26,30,pythia-160m,low,draw_3
A3.3,attn,3,5,12,17,pythia-160m,low,draw_3
A3.4,attn,3,4,22,26,pythia-160m,low,draw_3
A3.7,attn,3,0,5,5,pythia-160m,low,draw_3
A3.8,attn,3,11,20,31,pythia-160m,low,draw_3
A3.10,attn,3,0,6,6,pythia-160m,low,draw_3
M3,mlp,3,12,40,52,pythia-160m,low,draw_3
A4.0,attn,4,3,10,13,pythia-160m,low,draw_3
A4.1,attn,4,5,8,13,pythia-160m,low,draw_3
A4.2,attn,4,3,9,12,pythia-160m,low,draw_3
A4.5,attn,4,6,16,22,pythia-160m,low,draw_3
A4.6,attn,4,11,31,42,pythia-160m,low,draw_3
A4.8,attn,4,7,23,30,pythia-160m,low,draw_3
A4.10,attn,4,17,31,48,pythia-160m,low,draw_3
A4.11,attn,4,10,37,47,pythia-160m,low,draw_3
M4,mlp,4,23,28,51,pythia-160m,low,draw_3
A5.0,attn,5,38,31,69,pythia-160m,low,draw_3
A5.1,attn,5,18,28,46,pythia-160m,low,draw_3
A5.4,attn,5,0,5,5,pythia-160m,low,draw_3
A5.5,attn,5,2,13,15,pythia-160m,low,draw_3
A5.8,attn,5,5,17,22,pythia-160m,low,draw_3
A5.10,attn,5,16,20,36,pythia-160m,low,draw_3
A5.11,attn,5,5,17,22,pythia-160m,low,draw_3
M5,mlp,5,33,27,60,pythia-160m,low,draw_3
A10.1,attn,10,25,2,27,pythia-160m,low,draw_3
A6.3,attn,6,22,21,43,pythia-160m,low,draw_3
A6.8,attn,6,7,7,14,pythia-160m,low,draw_3
A6.11,attn,6,31,27,58,pythia-160m,low,draw_3
A7.0,attn,7,0,6,6,pythia-160m,low,draw_3
A7.4,attn,7,12,14,26,pythia-160m,low,draw_3
A7.7,attn,7,18,19,37,pythia-160m,low,draw_3
A7.11,attn,7,10,13,23,pythia-160m,low,draw_3
M7,mlp,7,54,20,74,pythia-160m,low,draw_3
A8.2,attn,8,35,6,41,pythia-160m,low,draw_3
A8.10,attn,8,26,5,31,pythia-160m,low,draw_3
M8,mlp,8,63,19,82,pythia-160m,low,draw_3
A9.6,attn,9,18,3,21,pythia-160m,low,draw_3
A10.5,attn,10,4,2,6,pythia-160m,low,draw_3
A10.6,attn,10,18,1,19,pythia-160m,low,draw_3
A5.6,attn,5,31,17,48,pythia-160m,low,draw_3
A6.6,attn,6,12,16,28,pythia-160m,low,draw_3
A7.3,attn,7,8,8,16,pythia-160m,low,draw_3
A8.11,attn,8,27,6,33,pythia-160m,low,draw_3
M9,mlp,9,72,8,80,pythia-160m,low,draw_3
A10.7,attn,10,2,2,4,pythia-160m,low,draw_3
A10.8,attn,10,3,1,4,pythia-160m,low,draw_3
A10.9,attn,10,2,2,4,pythia-160m,low,draw_3
A10.10,attn,10,7,1,8,pythia-160m,low,draw_3
A10.11,attn,10,4,2,6,pythia-160m,low,draw_3
A1.0,attn,1,1,3,4,pythia-160m,low,draw_3
A1.1,attn,1,1,3,4,pythia-160m,low,draw_3
A0.4,attn,0,1,13,14,pythia-160m,low,draw_3
A1.2,attn,1,2,13,15,pythia-160m,low,draw_3
A1.6,attn,1,1,11,12,pythia-160m,low,draw_3
A1.7,attn,1,1,11,12,pythia-160m,low,draw_3
A1.10,attn,1,6,25,31,pythia-160m,low,draw_3
M10,mlp,10,86,4,90,pythia-160m,low,draw_3
A2.6,attn,2,4,20,24,pythia-160m,low,draw_3
A2.7,attn,2,0,5,5,pythia-160m,low,draw_3
A2.10,attn,2,1,10,11,pythia-160m,low,draw_3
A2.11,attn,2,1,11,12,pythia-160m,low,draw_3
A3.6,attn,3,2,4,6,pythia-160m,low,draw_3
A3.9,attn,3,2,11,13,pythia-160m,low,draw_3
A4.7,attn,4,3,9,12,pythia-160m,low,draw_3
A4.9,attn,4,6,8,14,pythia-160m,low,draw_3
A5.3,attn,5,0,3,3,pythia-160m,low,draw_3
A5.7,attn,5,10,5,15,pythia-160m,low,draw_3
A6.1,attn,6,7,6,13,pythia-160m,low,draw_3
A6.2,attn,6,6,12,18,pythia-160m,low,draw_3
A6.4,attn,6,0,3,3,pythia-160m,low,draw_3
A6.5,attn,6,9,10,19,pythia-160m,low,draw_3
A6.7,attn,6,6,7,13,pythia-160m,low,draw_3
A6.10,attn,6,5,6,11,pythia-160m,low,draw_3
A7.2,attn,7,0,3,3,pythia-160m,low,draw_3
A7.8,attn,7,18,7,25,pythia-160m,low,draw_3
A8.7,attn,8,11,4,15,pythia-160m,low,draw_3
A8.8,attn,8,19,4,23,pythia-160m,low,draw_3
A9.0,attn,9,4,3,7,pythia-160m,low,draw_3
A9.1,attn,9,2,3,5,pythia-160m,low,draw_3
A9.3,attn,9,2,3,5,pythia-160m,low,draw_3
A9.5,attn,9,4,3,7,pythia-160m,low,draw_3
A9.7,attn,9,34,3,37,pythia-160m,low,draw_3
A9.8,attn,9,27,3,30,pythia-160m,low,draw_3
A9.9,attn,9,24,3,27,pythia-160m,low,draw_3
A2.4,attn,2,1,6,7,pythia-160m,low,draw_3
A3.5,attn,3,0,3,3,pythia-160m,low,draw_3
A5.2,attn,5,6,7,13,pythia-160m,low,draw_3
A0.9,attn,0,1,2,3,pythia-160m,low,draw_3
A0.1,attn,0,0,1,1,pythia-160m,low,draw_3
A2.3,attn,2,2,8,10,pythia-160m,low,draw_3
A2.0,attn,2,1,2,3,pythia-160m,low,draw_3
A9.2,attn,9,11,1,12,pythia-160m,low,draw_3
A9.4,attn,9,8,2,10,pythia-160m,low,draw_3
A11.0,attn,11,4,1,5,pythia-160m,low,draw_3
A11.2,attn,11,1,1,2,pythia-160m,low,draw_3
A11.8,attn,11,1,1,2,pythia-160m,low,draw_3
A11.11,attn,11,3,1,4,pythia-160m,low,draw_3
M11,mlp,11,95,1,96,pythia-160m,low,draw_3
A6.0,attn,6,0,4,4,pythia-160m,low,draw_3
A8.0,attn,8,1,1,2,pythia-160m,low,draw_3
A8.1,attn,8,2,3,5,pythia-160m,low,draw_3
A8.3,attn,8,0,3,3,pythia-160m,low,draw_3
A8.4,attn,8,8,3,11,pythia-160m,low,draw_3
A1.11,attn,1,0,2,2,pythia-160m,low,draw_3
A4.4,attn,4,0,3,3,pythia-160m,low,draw_3
A6.9,attn,6,0,1,1,pythia-160m,low,draw_3
A7.1,attn,7,1,1,2,pythia-160m,low,draw_3
R11,resid,11,125,0,125,pythia-160m,low,draw_3
A7.9,attn,7,0,1,1,pythia-160m,low,draw_3
A11.5,attn,11,0,1,1,pythia-160m,low,draw_3
A11.6,attn,11,0,1,1,pythia-160m,low,draw_3
A11.7,attn,11,0,1,1,pythia-160m,low,draw_3
A11.9,attn,11,0,1,1,pythia-160m,low,draw_3
A2.9,attn,2,0,1,1,pythia-160m,low,draw_3
A2.1,attn,2,0,1,1,pythia-160m,low,draw_3
A4.3,attn,4,0,1,1,pythia-160m,low,draw_3
A0.2,attn,0,1,21,22,pythia-160m,medium,draw_1
M6,mlp,6,35,21,56,pythia-160m,medium,draw_1
A0.3,attn,0,1,12,13,pythia-160m,medium,draw_1
A0.6,attn,0,1,6,7,pythia-160m,medium,draw_1
A0.9,attn,0,0,8,8,pythia-160m,medium,draw_1
A0.10,attn,0,1,6,7,pythia-160m,medium,draw_1
M0,mlp,0,1,79,80,pythia-160m,medium,draw_1
A1.3,attn,1,1,6,7,pythia-160m,medium,draw_1
A1.6,attn,1,1,10,11,pythia-160m,medium,draw_1
M1,mlp,1,8,31,39,pythia-160m,medium,draw_1
A2.10,attn,2,1,9,10,pythia-160m,medium,draw_1
A2.11,attn,2,1,14,15,pythia-160m,medium,draw_1
M2,mlp,2,16,44,60,pythia-160m,medium,draw_1
A3.0,attn,3,4,17,21,pythia-160m,medium,draw_1
A3.1,attn,3,3,15,18,pythia-160m,medium,draw_1
A3.2,attn,3,7,26,33,pythia-160m,medium,draw_1
A3.4,attn,3,7,26,33,pythia-160m,medium,draw_1
A3.7,attn,3,1,7,8,pythia-160m,medium,draw_1
A3.8,attn,3,5,21,26,pythia-160m,medium,draw_1
A3.10,attn,3,1,8,9,pythia-160m,medium,draw_1
M3,mlp,3,14,42,56,pythia-160m,medium,draw_1
A4.2,attn,4,1,8,9,pythia-160m,medium,draw_1
A4.5,attn,4,5,16,21,pythia-160m,medium,draw_1
A4.6,attn,4,10,31,41,pythia-160m,medium,draw_1
A4.8,attn,4,7,26,33,pythia-160m,medium,draw_1
A4.10,attn,4,22,38,60,pythia-160m,medium,draw_1
A4.11,attn,4,8,39,47,pythia-160m,medium,draw_1
M4,mlp,4,25,26,51,pythia-160m,medium,draw_1
A5.0,attn,5,41,30,71,pythia-160m,medium,draw_1
A5.1,attn,5,21,29,50,pythia-160m,medium,draw_1
A5.3,attn,5,0,6,6,pythia-160m,medium,draw_1
A5.5,attn,5,4,10,14,pythia-160m,medium,draw_1
A5.8,attn,5,4,14,18,pythia-160m,medium,draw_1
A5.10,attn,5,22,22,44,pythia-160m,medium,draw_1
A5.11,attn,5,7,15,22,pythia-160m,medium,draw_1
M5,mlp,5,28,25,53,pythia-160m,medium,draw_1
A0.4,attn,0,1,13,14,pythia-160m,medium,draw_1
A0.7,attn,0,1,35,36,pythia-160m,medium,draw_1
A0.8,attn,0,1,14,15,pythia-160m,medium,draw_1
A1.0,attn,1,1,5,6,pythia-160m,medium,draw_1
A1.2,attn,1,2,17,19,pythia-160m,medium,draw_1
A1.5,attn,1,0,5,5,pythia-160m,medium,draw_1
A1.10,attn,1,6,29,35,pythia-160m,medium,draw_1
A2.4,attn,2,1,8,9,pythia-160m,medium,draw_1
A2.6,attn,2,6,22,28,pythia-160m,medium,draw_1
embed,embed,-1,0,19,19,pythia-160m,medium,draw_1
M11,mlp,11,98,1,99,pythia-160m,medium,draw_1
A0.0,attn,0,1,18,19,pythia-160m,medium,draw_1
A1.7,attn,1,0,10,10,pythia-160m,medium,draw_1
A2.3,attn,2,0,9,9,pythia-160m,medium,draw_1
A2.5,attn,2,0,1,1,pythia-160m,medium,draw_1
A2.8,attn,2,6,20,26,pythia-160m,medium,draw_1
A2.9,attn,2,1,4,5,pythia-160m,medium,draw_1
A3.3,attn,3,6,13,19,pythia-160m,medium,draw_1
A3.9,attn,3,2,6,8,pythia-160m,medium,draw_1
A4.0,attn,4,0,9,9,pythia-160m,medium,draw_1
A4.3,attn,4,0,2,2,pythia-160m,medium,draw_1
A4.7,attn,4,2,8,10,pythia-160m,medium,draw_1
A4.9,attn,4,6,5,11,pythia-160m,medium,draw_1
A5.2,attn,5,2,8,10,pythia-160m,medium,draw_1
A5.4,attn,5,2,4,6,pythia-160m,medium,draw_1
A5.6,attn,5,36,18,54,pythia-160m,medium,draw_1
A5.7,attn,5,10,5,15,pythia-160m,medium,draw_1
A6.0,attn,6,1,6,7,pythia-160m,medium,draw_1
A6.1,attn,6,3,5,8,pythia-160m,medium,draw_1
A6.3,attn,6,21,25,46,pythia-160m,medium,draw_1
A6.5,attn,6,5,9,14,pythia-160m,medium,draw_1
A6.6,attn,6,15,11,26,pythia-160m,medium,draw_1
A6.7,attn,6,6,5,11,pythia-160m,medium,draw_1
A6.8,attn,6,2,8,10,pythia-160m,medium,draw_1
A6.10,attn,6,2,7,9,pythia-160m,medium,draw_1
A6.11,attn,6,32,28,60,pythia-160m,medium,draw_1
A7.0,attn,7,0,5,5,pythia-160m,medium,draw_1
A7.2,attn,7,3,6,9,pythia-160m,medium,draw_1
A7.3,attn,7,13,14,27,pythia-160m,medium,draw_1
A7.4,attn,7,14,17,31,pythia-160m,medium,draw_1
A7.7,attn,7,22,19,41,pythia-160m,medium,draw_1
A7.8,attn,7,20,7,27,pythia-160m,medium,draw_1
A7.11,attn,7,11,11,22,pythia-160m,medium,draw_1
M7,mlp,7,49,26,75,pythia-160m,medium,draw_1
A8.0,attn,8,4,1,5,pythia-160m,medium,draw_1
A8.1,attn,8,6,4,10,pythia-160m,medium,draw_1
A8.2,attn,8,29,5,34,pythia-160m,medium,draw_1
A8.3,attn,8,3,3,6,pythia-160m,medium,draw_1
A8.4,attn,8,9,2,11,pythia-160m,medium,draw_1
A8.7,attn,8,9,4,13,pythia-160m,medium,draw_1
A8.8,attn,8,10,4,14,pythia-160m,medium,draw_1
A8.10,attn,8,22,5,27,pythia-160m,medium,draw_1
A8.11,attn,8,31,8,39,pythia-160m,medium,draw_1
M8,mlp,8,60,17,77,pythia-160m,medium,draw_1
A9.0,attn,9,1,3,4,pythia-160m,medium,draw_1
A9.1,attn,9,0,2,2,pythia-160m,medium,draw_1
A9.2,attn,9,13,3,16,pythia-160m,medium,draw_1
A9.3,attn,9,5,2,7,pythia-160m,medium,draw_1
A9.4,attn,9,8,2,10,pythia-160m,medium,draw_1
A9.5,attn,9,3,3,6,pythia-160m,medium,draw_1
A9.7,attn,9,26,3,29,pythia-160m,medium,draw_1
A9.8,attn,9,31,2,33,pythia-160m,medium,draw_1
A9.9,attn,9,28,3,31,pythia-160m,medium,draw_1
M9,mlp,9,74,11,85,pythia-160m,medium,draw_1
A10.1,attn,10,31,2,33,pythia-160m,medium,draw_1
A10.5,attn,10,6,2,8,pythia-160m,medium,draw_1
A10.9,attn,10,1,2,3,pythia-160m,medium,draw_1
M10,mlp,10,87,4,91,pythia-160m,medium,draw_1
A1.1,attn,1,2,5,7,pythia-160m,medium,draw_1
A0.1,attn,0,1,3,4,pythia-160m,medium,draw_1
A1.11,attn,1,1,5,6,pythia-160m,medium,draw_1
A3.6,attn,3,2,3,5,pythia-160m,medium,draw_1
A4.1,attn,4,2,7,9,pythia-160m,medium,draw_1
A4.4,attn,4,2,3,5,pythia-160m,medium,draw_1
A2.1,attn,2,0,2,2,pythia-160m,medium,draw_1
A6.2,attn,6,3,7,10,pythia-160m,medium,draw_1
A2.7,attn,2,0,4,4,pythia-160m,medium,draw_1
A6.4,attn,6,1,4,5,pythia-160m,medium,draw_1
A3.11,attn,3,0,1,1,pythia-160m,medium,draw_1
A1.8,attn,1,0,1,1,pythia-160m,medium,draw_1
A9.6,attn,9,16,2,18,pythia-160m,medium,draw_1
A10.6,attn,10,20,1,21,pythia-160m,medium,draw_1
A10.7,attn,10,9,1,10,pythia-160m,medium,draw_1
A10.8,attn,10,5,1,6,pythia-160m,medium,draw_1
A10.10,attn,10,6,1,7,pythia-160m,medium,draw_1
A10.11,attn,10,12,1,13,pythia-160m,medium,draw_1
A3.5,attn,3,0,2,2,pythia-160m,medium,draw_1
A7.1,attn,7,0,2,2,pythia-160m,medium,draw_1
A2.0,attn,2,0,2,2,pythia-160m,medium,draw_1
A11.0,attn,11,2,1,3,pythia-160m,medium,draw_1
A11.5,attn,11,1,1,2,pythia-160m,medium,draw_1
A11.6,attn,11,2,1,3,pythia-160m,medium,draw_1
A11.7,attn,11,1,1,2,pythia-160m,medium,draw_1
A11.8,attn,11,3,1,4,pythia-160m,medium,draw_1
A11.9,attn,11,2,1,3,pythia-160m,medium,draw_1
A11.11,attn,11,3,1,4,pythia-160m,medium,draw_1
R11,resid,11,128,0,128,pythia-160m,medium,draw_1
A11.2,attn,11,0,1,1,pythia-160m,medium,draw_1
A11.4,attn,11,0,1,1,pythia-160m,medium,draw_1
A11.10,attn,11,0,1,1,pythia-160m,medium,draw_1
embed,embed,-1,0,17,17,pythia-160m,medium,draw_2
M0,mlp,0,1,73,74,pythia-160m,medium,draw_2
A5.1,attn,5,18,29,47,pythia-160m,medium,draw_2
A8.0,attn,8,2,1,3,pythia-160m,medium,draw_2
M7,mlp,7,54,26,80,pythia-160m,medium,draw_2
A3.4,attn,3,9,27,36,pythia-160m,medium,draw_2
A8.1,attn,8,7,4,11,pythia-160m,medium,draw_2
M3,mlp,3,14,42,56,pythia-160m,medium,draw_2
A4.10,attn,4,26,41,67,pythia-160m,medium,draw_2
A5.6,attn,5,38,20,58,pythia-160m,medium,draw_2
A5.10,attn,5,23,29,52,pythia-160m,medium,draw_2
A6.11,attn,6,42,29,71,pythia-160m,medium,draw_2
A0.7,attn,0,1,37,38,pythia-160m,medium,draw_2
A8.2,attn,8,31,6,37,pythia-160m,medium,draw_2
A1.10,attn,1,4,25,29,pythia-160m,medium,draw_2
M1,mlp,1,9,41,50,pythia-160m,medium,draw_2
A2.3,attn,2,2,15,17,pythia-160m,medium,draw_2
A2.8,attn,2,9,30,39,pythia-160m,medium,draw_2
M2,mlp,2,9,49,58,pythia-160m,medium,draw_2
A3.2,attn,3,5,28,33,pythia-160m,medium,draw_2
A3.3,attn,3,5,18,23,pythia-160m,medium,draw_2
A4.6,attn,4,11,28,39,pythia-160m,medium,draw_2
A4.11,attn,4,13,34,47,pythia-160m,medium,draw_2
M4,mlp,4,23,25,48,pythia-160m,medium,draw_2
A5.0,attn,5,44,29,73,pythia-160m,medium,draw_2
A5.5,attn,5,5,16,21,pythia-160m,medium,draw_2
A5.11,attn,5,13,20,33,pythia-160m,medium,draw_2
A6.0,attn,6,0,5,5,pythia-160m,medium,draw_2
A6.6,attn,6,13,12,25,pythia-160m,medium,draw_2
A6.7,attn,6,10,10,20,pythia-160m,medium,draw_2
A6.8,attn,6,7,11,18,pythia-160m,medium,draw_2
M6,mlp,6,39,23,62,pythia-160m,medium,draw_2
A7.2,attn,7,0,6,6,pythia-160m,medium,draw_2
A7.3,attn,7,12,12,24,pythia-160m,medium,draw_2
A7.4,attn,7,21,17,38,pythia-160m,medium,draw_2
A7.7,attn,7,24,20,44,pythia-160m,medium,draw_2
A7.8,attn,7,21,8,29,pythia-160m,medium,draw_2
A8.3,attn,8,1,3,4,pythia-160m,medium,draw_2
A8.4,attn,8,5,4,9,pythia-160m,medium,draw_2
A8.7,attn,8,9,3,12,pythia-160m,medium,draw_2
M5,mlp,5,36,24,60,pythia-160m,medium,draw_2
A6.3,attn,6,16,20,36,pythia-160m,medium,draw_2
A8.8,attn,8,11,4,15,pythia-160m,medium,draw_2
A0.6,attn,0,1,9,10,pythia-160m,medium,draw_2
A8.10,attn,8,21,5,26,pythia-160m,medium,draw_2
A4.8,attn,4,10,22,32,pythia-160m,medium,draw_2
A5.8,attn,5,4,16,20,pythia-160m,medium,draw_2
A0.4,attn,0,1,16,17,pythia-160m,medium,draw_2
A8.11,attn,8,35,8,43,pythia-160m,medium,draw_2
A1.2,attn,1,2,16,18,pythia-160m,medium,draw_2
A2.10,attn,2,1,8,9,pythia-160m,medium,draw_2
A3.1,attn,3,2,18,20,pythia-160m,medium,draw_2
A3.8,attn,3,5,21,26,pythia-160m,medium,draw_2
A3.10,attn,3,0,12,12,pythia-160m,medium,draw_2
A4.5,attn,4,6,15,21,pythia-160m,medium,draw_2
A7.11,attn,7,11,9,20,pythia-160m,medium,draw_2
A11.0,attn,11,4,1,5,pythia-160m,medium,draw_2
M8,mlp,8,62,22,84,pythia-160m,medium,draw_2
M10,mlp,10,85,4,89,pythia-160m,medium,draw_2
A11.2,attn,11,1,1,2,pythia-160m,medium,draw_2
M9,mlp,9,75,11,86,pythia-160m,medium,draw_2
A11.5,attn,11,1,1,2,pythia-160m,medium,draw_2
A11.7,attn,11,2,1,3,pythia-160m,medium,draw_2
A11.8,attn,11,3,1,4,pythia-160m,medium,draw_2
A11.11,attn,11,5,1,6,pythia-160m,medium,draw_2
A0.0,attn,0,1,15,16,pythia-160m,medium,draw_2
A0.2,attn,0,1,22,23,pythia-160m,medium,draw_2
A0.3,attn,0,1,14,15,pythia-160m,medium,draw_2
A0.8,attn,0,1,14,15,pythia-160m,medium,draw_2
A0.9,attn,0,0,6,6,pythia-160m,medium,draw_2
A1.1,attn,1,1,12,13,pythia-160m,medium,draw_2
A1.7,attn,1,1,11,12,pythia-160m,medium,draw_2
A3.0,attn,3,5,19,24,pythia-160m,medium,draw_2
A3.9,attn,3,1,9,10,pythia-160m,medium,draw_2
A4.0,attn,4,2,12,14,pythia-160m,medium,draw_2
A4.2,attn,4,3,10,13,pythia-160m,medium,draw_2
A4.9,attn,4,4,10,14,pythia-160m,medium,draw_2
A5.2,attn,5,5,8,13,pythia-160m,medium,draw_2
A5.3,attn,5,1,3,4,pythia-160m,medium,draw_2
A5.7,attn,5,10,4,14,pythia-160m,medium,draw_2
A6.2,attn,6,2,9,11,pythia-160m,medium,draw_2
A6.5,attn,6,3,7,10,pythia-160m,medium,draw_2
A6.10,attn,6,4,7,11,pythia-160m,medium,draw_2
A7.0,attn,7,0,3,3,pythia-160m,medium,draw_2
A0.10,attn,0,1,9,10,pythia-160m,medium,draw_2
A1.5,attn,1,0,4,4,pythia-160m,medium,draw_2
A1.6,attn,1,1,10,11,pythia-160m,medium,draw_2
A1.11,attn,1,0,4,4,pythia-160m,medium,draw_2
A2.0,attn,2,0,3,3,pythia-160m,medium,draw_2
A2.6,attn,2,4,22,26,pythia-160m,medium,draw_2
A2.11,attn,2,1,14,15,pythia-160m,medium,draw_2
A3.6,attn,3,1,8,9,pythia-160m,medium,draw_2
A4.1,attn,4,3,9,12,pythia-160m,medium,draw_2
A5.4,attn,5,1,3,4,pythia-160m,medium,draw_2
A6.1,attn,6,2,5,7,pythia-160m,medium,draw_2
A6.4,attn,6,1,4,5,pythia-160m,medium,draw_2
A9.0,attn,9,2,3,5,pythia-160m,medium,draw_2
A9.2,attn,9,28,2,30,pythia-160m,medium,draw_2
A9.4,attn,9,11,3,14,pythia-160m,medium,draw_2
A9.6,attn,9,14,2,16,pythia-160m,medium,draw_2
A9.8,attn,9,32,3,35,pythia-160m,medium,draw_2
A9.9,attn,9,29,3,32,pythia-160m,medium,draw_2
A3.5,attn,3,0,3,3,pythia-160m,medium,draw_2
A3.7,attn,3,3,6,9,pythia-160m,medium,draw_2
A7.1,attn,7,0,2,2,pythia-160m,medium,draw_2
A2.4,attn,2,0,6,6,pythia-160m,medium,draw_2
A9.1,attn,9,6,2,8,pythia-160m,medium,draw_2
A9.3,attn,9,6,2,8,pythia-160m,medium,draw_2
A9.5,attn,9,4,3,7,pythia-160m,medium,draw_2
A9.7,attn,9,31,2,33,pythia-160m,medium,draw_2
A2.9,attn,2,0,1,1,pythia-160m,medium,draw_2
A0.5,attn,0,0,1,1,pythia-160m,medium,draw_2
A1.0,attn,1,0,3,3,pythia-160m,medium,draw_2
A1.8,attn,1,0,1,1,pythia-160m,medium,draw_2
A4.7,attn,4,5,8,13,pythia-160m,medium,draw_2
A4.3,attn,4,0,1,1,pythia-160m,medium,draw_2
A4.4,attn,4,1,4,5,pythia-160m,medium,draw_2
A0.1,attn,0,0,1,1,pythia-160m,medium,draw_2
A2.7,attn,2,1,4,5,pythia-160m,medium,draw_2
R11,resid,11,125,0,125,pythia-160m,medium,draw_2
A1.3,attn,1,0,2,2,pythia-160m,medium,draw_2
A10.1,attn,10,26,2,28,pythia-160m,medium,draw_2
A10.5,attn,10,3,2,5,pythia-160m,medium,draw_2
A10.6,attn,10,14,1,15,pythia-160m,medium,draw_2
A10.7,attn,10,9,1,10,pythia-160m,medium,draw_2
A10.8,attn,10,8,1,9,pythia-160m,medium,draw_2
A10.9,attn,10,2,2,4,pythia-160m,medium,draw_2
A10.10,attn,10,13,1,14,pythia-160m,medium,draw_2
A10.11,attn,10,4,1,5,pythia-160m,medium,draw_2
A11.4,attn,11,0,1,1,pythia-160m,medium,draw_2
A11.6,attn,11,0,1,1,pythia-160m,medium,draw_2
A11.9,attn,11,0,1,1,pythia-160m,medium,draw_2
M11,mlp,11,95,1,96,pythia-160m,medium,draw_2
A5.9,attn,5,0,1,1,pythia-160m,medium,draw_2
A0.7,attn,0,1,38,39,pythia-160m,medium,draw_3
A3.0,attn,3,5,15,20,pythia-160m,medium,draw_3
M0,mlp,0,1,77,78,pythia-160m,medium,draw_3
A1.10,attn,1,3,33,36,pythia-160m,medium,draw_3
M1,mlp,1,8,48,56,pythia-160m,medium,draw_3
M2,mlp,2,10,51,61,pythia-160m,medium,draw_3
A3.2,attn,3,4,27,31,pythia-160m,medium,draw_3
A0.0,attn,0,1,17,18,pythia-160m,medium,draw_3
A3.3,attn,3,4,13,17,pythia-160m,medium,draw_3
A2.8,attn,2,7,34,41,pythia-160m,medium,draw_3
A3.4,attn,3,6,26,32,pythia-160m,medium,draw_3
A2.6,attn,2,3,19,22,pythia-160m,medium,draw_3
A3.5,attn,3,2,4,6,pythia-160m,medium,draw_3
A3.6,attn,3,2,3,5,pythia-160m,medium,draw_3
A3.7,attn,3,2,6,8,pythia-160m,medium,draw_3
A3.8,attn,3,4,26,30,pythia-160m,medium,draw_3
A3.9,attn,3,1,9,10,pythia-160m,medium,draw_3
A3.10,attn,3,1,7,8,pythia-160m,medium,draw_3
M8,mlp,8,67,21,88,pythia-160m,medium,draw_3
A0.2,attn,0,1,20,21,pythia-160m,medium,draw_3
A0.3,attn,0,1,9,10,pythia-160m,medium,draw_3
A0.5,attn,0,0,1,1,pythia-160m,medium,draw_3
A0.9,attn,0,0,7,7,pythia-160m,medium,draw_3
A0.10,attn,0,0,8,8,pythia-160m,medium,draw_3
A1.0,attn,1,1,6,7,pythia-160m,medium,draw_3
A1.2,attn,1,1,16,17,pythia-160m,medium,draw_3
A2.3,attn,2,2,8,10,pythia-160m,medium,draw_3
A2.4,attn,2,1,7,8,pythia-160m,medium,draw_3
A2.7,attn,2,0,5,5,pythia-160m,medium,draw_3
A2.10,attn,2,2,12,14,pythia-160m,medium,draw_3
A2.11,attn,2,2,14,16,pythia-160m,medium,draw_3
A3.1,attn,3,0,15,15,pythia-160m,medium,draw_3
M3,mlp,3,13,43,56,pythia-160m,medium,draw_3
A4.0,attn,4,1,10,11,pythia-160m,medium,draw_3
A4.1,attn,4,4,12,16,pythia-160m,medium,draw_3
A4.2,attn,4,4,11,15,pythia-160m,medium,draw_3
A4.5,attn,4,4,10,14,pythia-160m,medium,draw_3
A4.6,attn,4,12,29,41,pythia-160m,medium,draw_3
A4.7,attn,4,3,10,13,pythia-160m,medium,draw_3
A4.8,attn,4,8,24,32,pythia-160m,medium,draw_3
A4.9,attn,4,6,8,14,pythia-160m,medium,draw_3
A4.10,attn,4,27,32,59,pythia-160m,medium,draw_3
A4.11,attn,4,11,40,51,pythia-160m,medium,draw_3
M4,mlp,4,28,24,52,pythia-160m,medium,draw_3
A5.0,attn,5,41,31,72,pythia-160m,medium,draw_3
A5.1,attn,5,22,33,55,pythia-160m,medium,draw_3
A5.2,attn,5,3,7,10,pythia-160m,medium,draw_3
A5.5,attn,5,3,15,18,pythia-160m,medium,draw_3
A5.6,attn,5,27,15,42,pythia-160m,medium,draw_3
A5.7,attn,5,12,5,17,pythia-160m,medium,draw_3
A5.8,attn,5,4,18,22,pythia-160m,medium,draw_3
A5.10,attn,5,18,25,43,pythia-160m,medium,draw_3
A5.11,attn,5,6,15,21,pythia-160m,medium,draw_3
M5,mlp,5,32,25,57,pythia-160m,medium,draw_3
A6.0,attn,6,2,8,10,pythia-160m,medium,draw_3
A6.1,attn,6,9,7,16,pythia-160m,medium,draw_3
A6.3,attn,6,29,23,52,pythia-160m,medium,draw_3
A6.5,attn,6,13,14,27,pythia-160m,medium,draw_3
A6.6,attn,6,19,12,31,pythia-160m,medium,draw_3
A6.7,attn,6,6,7,13,pythia-160m,medium,draw_3
A6.8,attn,6,9,9,18,pythia-160m,medium,draw_3
A6.10,attn,6,2,5,7,pythia-160m,medium,draw_3
A6.11,attn,6,27,28,55,pythia-160m,medium,draw_3
M6,mlp,6,34,20,54,pythia-160m,medium,draw_3
A7.0,attn,7,3,4,7,pythia-160m,medium,draw_3
A7.2,attn,7,2,3,5,pythia-160m,medium,draw_3
A7.3,attn,7,7,10,17,pythia-160m,medium,draw_3
A7.4,attn,7,12,14,26,pythia-160m,medium,draw_3
A7.7,attn,7,23,21,44,pythia-160m,medium,draw_3
A7.8,attn,7,22,6,28,pythia-160m,medium,draw_3
A7.11,attn,7,14,14,28,pythia-160m,medium,draw_3
M7,mlp,7,45,23,68,pythia-160m,medium,draw_3
embed,embed,-1,0,15,15,pythia-160m,medium,draw_3
A0.4,attn,0,1,11,12,pythia-160m,medium,draw_3
A0.6,attn,0,1,4,5,pythia-160m,medium,draw_3
A1.6,attn,1,1,9,10,pythia-160m,medium,draw_3
A0.8,attn,0,1,13,14,pythia-160m,medium,draw_3
A1.7,attn,1,1,7,8,pythia-160m,medium,draw_3
A1.8,attn,1,1,4,5,pythia-160m,medium,draw_3
A2.9,attn,2,0,2,2,pythia-160m,medium,draw_3
M11,mlp,11,96,1,97,pythia-160m,medium,draw_3
A1.1,attn,1,0,2,2,pythia-160m,medium,draw_3
A5.3,attn,5,0,5,5,pythia-160m,medium,draw_3
A5.4,attn,5,3,4,7,pythia-160m,medium,draw_3
A6.4,attn,6,1,4,5,pythia-160m,medium,draw_3
A8.0,attn,8,1,1,2,pythia-160m,medium,draw_3
A8.1,attn,8,3,4,7,pythia-160m,medium,draw_3
A8.2,attn,8,29,6,35,pythia-160m,medium,draw_3
A8.3,attn,8,0,3,3,pythia-160m,medium,draw_3
A8.4,attn,8,13,3,16,pythia-160m,medium,draw_3
A8.7,attn,8,8,4,12,pythia-160m,medium,draw_3
A8.8,attn,8,18,5,23,pythia-160m,medium,draw_3
A8.10,attn,8,21,4,25,pythia-160m,medium,draw_3
A8.11,attn,8,32,6,38,pythia-160m,medium,draw_3
A9.0,attn,9,1,4,5,pythia-160m,medium,draw_3
A9.2,attn,9,16,2,18,pythia-160m,medium,draw_3
A9.3,attn,9,6,2,8,pythia-160m,medium,draw_3
A9.5,attn,9,9,3,12,pythia-160m,medium,draw_3
A9.7,attn,9,30,3,33,pythia-160m,medium,draw_3
A9.8,attn,9,32,3,35,pythia-160m,medium,draw_3
A9.9,attn,9,24,3,27,pythia-160m,medium,draw_3
M9,mlp,9,76,10,86,pythia-160m,medium,draw_3
A10.1,attn,10,25,2,27,pythia-160m,medium,draw_3
A10.5,attn,10,2,2,4,pythia-160m,medium,draw_3
A10.6,attn,10,17,2,19,pythia-160m,medium,draw_3
A10.7,attn,10,12,2,14,pythia-160m,medium,draw_3
A10.9,attn,10,3,2,5,pythia-160m,medium,draw_3
A10.10,attn,10,11,2,13,pythia-160m,medium,draw_3
A10.11,attn,10,7,2,9,pythia-160m,medium,draw_3
M10,mlp,10,82,3,85,pythia-160m,medium,draw_3
R11,resid,11,124,0,124,pythia-160m,medium,draw_3
A1.3,attn,1,0,4,4,pythia-160m,medium,draw_3
A1.11,attn,1,0,2,2,pythia-160m,medium,draw_3
A2.1,attn,2,1,1,2,pythia-160m,medium,draw_3
A4.4,attn,4,2,3,5,pythia-160m,medium,draw_3
A6.2,attn,6,6,10,16,pythia-160m,medium,draw_3
A9.1,attn,9,1,2,3,pythia-160m,medium,draw_3
A9.4,attn,9,8,1,9,pythia-160m,medium,draw_3
A9.6,attn,9,22,2,24,pythia-160m,medium,draw_3
A10.8,attn,10,5,1,6,pythia-160m,medium,draw_3
A11.0,attn,11,3,1,4,pythia-160m,medium,draw_3
A11.2,attn,11,0,1,1,pythia-160m,medium,draw_3
A11.4,attn,11,0,1,1,pythia-160m,medium,draw_3
A11.5,attn,11,0,1,1,pythia-160m,medium,draw_3
A11.6,attn,11,0,1,1,pythia-160m,medium,draw_3
A11.7,attn,11,0,1,1,pythia-160m,medium,draw_3
A11.8,attn,11,5,1,6,pythia-160m,medium,draw_3
A11.9,attn,11,0,1,1,pythia-160m,medium,draw_3
A11.10,attn,11,0,1,1,pythia-160m,medium,draw_3
A11.11,attn,11,4,1,5,pythia-160m,medium,draw_3
A2.0,attn,2,0,1,1,pythia-160m,medium,draw_3
A1.5,attn,1,0,1,1,pythia-160m,medium,draw_3
A4.3,attn,4,0,1,1,pythia-160m,medium,draw_3
embed,embed,-1,0,16,16,pythia-160m,high,draw_1
M1,mlp,1,9,37,46,pythia-160m,high,draw_1
A0.0,attn,0,1,20,21,pythia-160m,high,draw_1
A0.2,attn,0,1,18,19,pythia-160m,high,draw_1
A0.3,attn,0,1,11,12,pythia-160m,high,draw_1
A0.4,attn,0,1,14,15,pythia-160m,high,draw_1
A0.8,attn,0,1,16,17,pythia-160m,high,draw_1
A0.9,attn,0,0,5,5,pythia-160m,high,draw_1
A0.10,attn,0,1,4,5,pythia-160m,high,draw_1
M0,mlp,0,1,69,70,pythia-160m,high,draw_1
M5,mlp,5,31,24,55,pythia-160m,high,draw_1
A11.0,attn,11,1,1,2,pythia-160m,high,draw_1
A4.2,attn,4,2,9,11,pythia-160m,high,draw_1
A11.4,attn,11,1,1,2,pythia-160m,high,draw_1
M8,mlp,8,66,15,81,pythia-160m,high,draw_1
A11.6,attn,11,2,1,3,pythia-160m,high,draw_1
M9,mlp,9,71,9,80,pythia-160m,high,draw_1
M3,mlp,3,17,36,53,pythia-160m,high,draw_1
A11.8,attn,11,5,1,6,pythia-160m,high,draw_1
M4,mlp,4,21,27,48,pythia-160m,high,draw_1
A5.1,attn,5,18,32,50,pythia-160m,high,draw_1
A7.7,attn,7,23,17,40,pythia-160m,high,draw_1
M7,mlp,7,47,18,65,pythia-160m,high,draw_1
A11.11,attn,11,3,1,4,pythia-160m,high,draw_1
A5.0,attn,5,42,25,67,pythia-160m,high,draw_1
A0.6,attn,0,1,8,9,pythia-160m,high,draw_1
A0.7,attn,0,1,30,31,pythia-160m,high,draw_1
A1.1,attn,1,1,5,6,pythia-160m,high,draw_1
A1.2,attn,1,1,15,16,pythia-160m,high,draw_1
A1.4,attn,1,0,2,2,pythia-160m,high,draw_1
A1.5,attn,1,2,7,9,pythia-160m,high,draw_1
A1.7,attn,1,0,9,9,pythia-160m,high,draw_1
A1.8,attn,1,0,2,2,pythia-160m,high,draw_1
A1.10,attn,1,4,24,28,pythia-160m,high,draw_1
A2.2,attn,2,0,2,2,pythia-160m,high,draw_1
A2.3,attn,2,2,12,14,pythia-160m,high,draw_1
A2.6,attn,2,4,18,22,pythia-160m,high,draw_1
A2.7,attn,2,0,6,6,pythia-160m,high,draw_1
A2.8,attn,2,4,26,30,pythia-160m,high,draw_1
A2.10,attn,2,1,9,10,pythia-160m,high,draw_1
A2.11,attn,2,2,17,19,pythia-160m,high,draw_1
M2,mlp,2,14,46,60,pythia-160m,high,draw_1
A3.0,attn,3,5,19,24,pythia-160m,high,draw_1
A3.1,attn,3,2,18,20,pythia-160m,high,draw_1
A3.2,attn,3,6,29,35,pythia-160m,high,draw_1
A3.3,attn,3,5,14,19,pythia-160m,high,draw_1
A3.4,attn,3,4,19,23,pythia-160m,high,draw_1
A3.6,attn,3,1,4,5,pythia-160m,high,draw_1
A3.8,attn,3,6,16,22,pythia-160m,high,draw_1
A3.9,attn,3,1,11,12,pythia-160m,high,draw_1
A3.10,attn,3,1,10,11,pythia-160m,high,draw_1
A4.0,attn,4,2,10,12,pythia-160m,high,draw_1
A4.5,attn,4,2,13,15,pythia-160m,high,draw_1
A4.6,attn,4,11,23,34,pythia-160m,high,draw_1
A4.7,attn,4,1,7,8,pythia-160m,high,draw_1
A4.9,attn,4,3,5,8,pythia-160m,high,draw_1
A4.8,attn,4,7,22,29,pythia-160m,high,draw_1
A4.10,attn,4,27,29,56,pythia-160m,high,draw_1
A4.11,attn,4,8,33,41,pythia-160m,high,draw_1
A5.2,attn,5,3,6,9,pythia-160m,high,draw_1
A5.4,attn,5,2,3,5,pythia-160m,high,draw_1
A5.5,attn,5,4,13,17,pythia-160m,high,draw_1
A5.6,attn,5,26,19,45,pythia-160m,high,draw_1
A4.4,attn,4,2,4,6,pythia-160m,high,draw_1
A5.7,attn,5,14,5,19,pythia-160m,high,draw_1
A5.8,attn,5,7,20,27,pythia-160m,high,draw_1
A5.10,attn,5,21,22,43,pythia-160m,high,draw_1
A5.11,attn,5,2,15,17,pythia-160m,high,draw_1
A6.1,attn,6,7,5,12,pythia-160m,high,draw_1
A6.2,attn,6,5,10,15,pythia-160m,high,draw_1
A6.3,attn,6,22,21,43,pythia-160m,high,draw_1
A6.4,attn,6,1,5,6,pythia-160m,high,draw_1
A6.5,attn,6,8,11,19,pythia-160m,high,draw_1
A6.6,attn,6,13,14,27,pythia-160m,high,draw_1
A6.7,attn,6,5,5,10,pythia-160m,high,draw_1
A6.8,attn,6,6,5,11,pythia-160m,high,draw_1
A6.10,attn,6,3,4,7,pythia-160m,high,draw_1
A6.11,attn,6,30,21,51,pythia-160m,high,draw_1
A1.3,attn,1,0,2,2,pythia-160m,high,draw_1
A4.1,attn,4,2,4,6,pythia-160m,high,draw_1
A1.6,attn,1,1,13,14,pythia-160m,high,draw_1
A10.0,attn,10,1,1,2,pythia-160m,high,draw_1
A10.1,attn,10,8,2,10,pythia-160m,high,draw_1
A7.4,attn,7,12,14,26,pythia-160m,high,draw_1
A8.2,attn,8,27,6,33,pythia-160m,high,draw_1
A10.5,attn,10,2,2,4,pythia-160m,high,draw_1
A10.6,attn,10,25,2,27,pythia-160m,high,draw_1
M6,mlp,6,35,22,57,pythia-160m,high,draw_1
A7.3,attn,7,6,10,16,pythia-160m,high,draw_1
A7.11,attn,7,11,12,23,pythia-160m,high,draw_1
A10.7,attn,10,2,1,3,pythia-160m,high,draw_1
A10.8,attn,10,7,1,8,pythia-160m,high,draw_1
A8.10,attn,8,15,5,20,pythia-160m,high,draw_1
A10.9,attn,10,3,2,5,pythia-160m,high,draw_1
A10.10,attn,10,1,1,2,pythia-160m,high,draw_1
R11,resid,11,126,0,126,pythia-160m,high,draw_1
A1.0,attn,1,0,5,5,pythia-160m,high,draw_1
A2.0,attn,2,0,2,2,pythia-160m,high,draw_1
A2.1,attn,2,0,3,3,pythia-160m,high,draw_1
A2.4,attn,2,1,5,6,pythia-160m,high,draw_1
A3.5,attn,3,0,2,2,pythia-160m,high,draw_1
A3.7,attn,3,0,3,3,pythia-160m,high,draw_1
A4.3,attn,4,0,1,1,pythia-160m,high,draw_1
A5.3,attn,5,0,3,3,pythia-160m,high,draw_1
A6.0,attn,6,0,5,5,pythia-160m,high,draw_1
A7.0,attn,7,1,5,6,pythia-160m,high,draw_1
A7.1,attn,7,2,2,4,pythia-160m,high,draw_1
A7.2,attn,7,2,7,9,pythia-160m,high,draw_1
A7.8,attn,7,16,6,22,pythia-160m,high,draw_1
A8.1,attn,8,5,2,7,pythia-160m,high,draw_1
A8.3,attn,8,3,3,6,pythia-160m,high,draw_1
A8.4,attn,8,7,2,9,pythia-160m,high,draw_1
A8.7,attn,8,12,4,16,pythia-160m,high,draw_1
A8.8,attn,8,9,3,12,pythia-160m,high,draw_1
A8.11,attn,8,31,5,36,pythia-160m,high,draw_1
A9.0,attn,9,4,3,7,pythia-160m,high,draw_1
A9.1,attn,9,3,1,4,pythia-160m,high,draw_1
A9.2,attn,9,22,2,24,pythia-160m,high,draw_1
A9.3,attn,9,6,2,8,pythia-160m,high,draw_1
A9.4,attn,9,1,2,3,pythia-160m,high,draw_1
A9.5,attn,9,4,3,7,pythia-160m,high,draw_1
A9.6,attn,9,15,3,18,pythia-160m,high,draw_1
A9.7,attn,9,22,3,25,pythia-160m,high,draw_1
A9.8,attn,9,30,3,33,pythia-160m,high,draw_1
A9.9,attn,9,27,2,29,pythia-160m,high,draw_1
A10.11,attn,10,0,2,2,pythia-160m,high,draw_1
M10,mlp,10,79,2,81,pythia-160m,high,draw_1
A11.2,attn,11,0,1,1,pythia-160m,high,draw_1
A11.7,attn,11,0,1,1,pythia-160m,high,draw_1
A11.9,attn,11,0,1,1,pythia-160m,high,draw_1
M11,mlp,11,94,1,95,pythia-160m,high,draw_1
A2.9,attn,2,0,2,2,pythia-160m,high,draw_1
A8.0,attn,8,4,1,5,pythia-160m,high,draw_1
A3.11,attn,3,0,2,2,pythia-160m,high,draw_1
M0,mlp,0,1,71,72,pythia-160m,high,draw_2
A10.1,attn,10,5,2,7,pythia-160m,high,draw_2
M2,mlp,2,16,50,66,pythia-160m,high,draw_2
A5.1,attn,5,17,31,48,pythia-160m,high,draw_2
A6.11,attn,6,39,22,61,pythia-160m,high,draw_2
A7.4,attn,7,9,12,21,pythia-160m,high,draw_2
M7,mlp,7,47,21,68,pythia-160m,high,draw_2
A10.5,attn,10,3,2,5,pythia-160m,high,draw_2
M8,mlp,8,65,17,82,pythia-160m,high,draw_2
M9,mlp,9,71,8,79,pythia-160m,high,draw_2
A0.7,attn,0,1,31,32,pythia-160m,high,draw_2
A10.6,attn,10,26,2,28,pythia-160m,high,draw_2
A1.10,attn,1,5,30,35,pythia-160m,high,draw_2
M1,mlp,1,9,42,51,pythia-160m,high,draw_2
A2.8,attn,2,8,32,40,pythia-160m,high,draw_2
A3.0,attn,3,6,21,27,pythia-160m,high,draw_2
A3.2,attn,3,4,31,35,pythia-160m,high,draw_2
M3,mlp,3,16,39,55,pythia-160m,high,draw_2
A4.8,attn,4,9,28,37,pythia-160m,high,draw_2
A4.10,attn,4,28,36,64,pythia-160m,high,draw_2
M4,mlp,4,23,24,47,pythia-160m,high,draw_2
A5.0,attn,5,40,28,68,pythia-160m,high,draw_2
A5.5,attn,5,3,11,14,pythia-160m,high,draw_2
A5.6,attn,5,35,17,52,pythia-160m,high,draw_2
A5.10,attn,5,21,24,45,pythia-160m,high,draw_2
A6.3,attn,6,23,17,40,pythia-160m,high,draw_2
A6.6,attn,6,17,14,31,pythia-160m,high,draw_2
A7.7,attn,7,23,18,41,pythia-160m,high,draw_2
A7.11,attn,7,20,15,35,pythia-160m,high,draw_2
A8.2,attn,8,27,5,32,pythia-160m,high,draw_2
A10.7,attn,10,6,1,7,pythia-160m,high,draw_2
A10.8,attn,10,4,1,5,pythia-160m,high,draw_2
A10.9,attn,10,2,2,4,pythia-160m,high,draw_2
A0.2,attn,0,1,24,25,pythia-160m,high,draw_2
A10.10,attn,10,6,1,7,pythia-160m,high,draw_2
A4.11,attn,4,8,34,42,pythia-160m,high,draw_2
A10.11,attn,10,7,1,8,pythia-160m,high,draw_2
M6,mlp,6,45,18,63,pythia-160m,high,draw_2
M5,mlp,5,31,30,61,pythia-160m,high,draw_2
A11.0,attn,11,2,1,3,pythia-160m,high,draw_2
A11.8,attn,11,2,1,3,pythia-160m,high,draw_2
A11.11,attn,11,2,1,3,pythia-160m,high,draw_2
embed,embed,-1,0,16,16,pythia-160m,high,draw_2
M10,mlp,10,80,2,82,pythia-160m,high,draw_2
A0.0,attn,0,1,23,24,pythia-160m,high,draw_2
A0.3,attn,0,1,10,11,pythia-160m,high,draw_2
A0.4,attn,0,1,14,15,pythia-160m,high,draw_2
A0.8,attn,0,1,18,19,pythia-160m,high,draw_2
A1.1,attn,1,0,6,6,pythia-160m,high,draw_2
A1.2,attn,1,4,12,16,pythia-160m,high,draw_2
A1.3,attn,1,1,5,6,pythia-160m,high,draw_2
A1.6,attn,1,3,10,13,pythia-160m,high,draw_2
A1.7,attn,1,2,12,14,pythia-160m,high,draw_2
A1.8,attn,1,0,4,4,pythia-160m,high,draw_2
A2.0,attn,2,1,5,6,pythia-160m,high,draw_2
A2.6,attn,2,3,16,19,pythia-160m,high,draw_2
A2.7,attn,2,2,4,6,pythia-160m,high,draw_2
A3.1,attn,3,6,18,24,pythia-160m,high,draw_2
A3.3,attn,3,7,15,22,pythia-160m,high,draw_2
A3.4,attn,3,4,23,27,pythia-160m,high,draw_2
A3.6,attn,3,2,6,8,pythia-160m,high,draw_2
A3.8,attn,3,8,19,27,pythia-160m,high,draw_2
A3.9,attn,3,0,11,11,pythia-160m,high,draw_2
A4.0,attn,4,3,14,17,pythia-160m,high,draw_2
A4.2,attn,4,4,11,15,pythia-160m,high,draw_2
A4.5,attn,4,7,14,21,pythia-160m,high,draw_2
A4.6,attn,4,10,25,35,pythia-160m,high,draw_2
A4.7,attn,4,7,12,19,pythia-160m,high,draw_2
A4.9,attn,4,2,10,12,pythia-160m,high,draw_2
A5.2,attn,5,4,7,11,pythia-160m,high,draw_2
A5.7,attn,5,12,6,18,pythia-160m,high,draw_2
A5.8,attn,5,6,18,24,pythia-160m,high,draw_2
A5.11,attn,5,8,16,24,pythia-160m,high,draw_2
A6.0,attn,6,2,7,9,pythia-160m,high,draw_2
A6.1,attn,6,8,6,14,pythia-160m,high,draw_2
A6.2,attn,6,8,11,19,pythia-160m,high,draw_2
A6.5,attn,6,10,12,22,pythia-160m,high,draw_2
A6.7,attn,6,7,6,13,pythia-160m,high,draw_2
A6.8,attn,6,8,8,16,pythia-160m,high,draw_2
A6.10,attn,6,7,7,14,pythia-160m,high,draw_2
A7.2,attn,7,3,3,6,pythia-160m,high,draw_2
A7.3,attn,7,5,8,13,pythia-160m,high,draw_2
A7.8,attn,7,15,8,23,pythia-160m,high,draw_2
A8.1,attn,8,2,2,4,pythia-160m,high,draw_2
A8.8,attn,8,13,4,17,pythia-160m,high,draw_2
A8.10,attn,8,15,4,19,pythia-160m,high,draw_2
A8.11,attn,8,40,7,47,pythia-160m,high,draw_2
A9.1,attn,9,1,2,3,pythia-160m,high,draw_2
A9.2,attn,9,29,2,31,pythia-160m,high,draw_2
A9.5,attn,9,5,3,8,pythia-160m,high,draw_2
A9.6,attn,9,10,2,12,pythia-160m,high,draw_2
A9.8,attn,9,24,3,27,pythia-160m,high,draw_2
A0.5,attn,0,0,1,1,pythia-160m,high,draw_2
A1.0,attn,1,0,5,5,pythia-160m,high,draw_2
A1.4,attn,1,0,3,3,pythia-160m,high,draw_2
A1.5,attn,1,1,5,6,pythia-160m,high,draw_2
A2.1,attn,2,0,4,4,pythia-160m,high,draw_2
A2.3,attn,2,1,13,14,pythia-160m,high,draw_2
A2.9,attn,2,0,6,6,pythia-160m,high,draw_2
A2.11,attn,2,1,10,11,pythia-160m,high,draw_2
A3.10,attn,3,1,7,8,pythia-160m,high,draw_2
A4.1,attn,4,3,5,8,pythia-160m,high,draw_2
A0.6,attn,0,1,11,12,pythia-160m,high,draw_2
A4.3,attn,4,1,3,4,pythia-160m,high,draw_2
A4.4,attn,4,1,4,5,pythia-160m,high,draw_2
A3.7,attn,3,0,5,5,pythia-160m,high,draw_2
A2.4,attn,2,1,3,4,pythia-160m,high,draw_2
A2.10,attn,2,1,5,6,pythia-160m,high,draw_2
A5.3,attn,5,0,2,2,pythia-160m,high,draw_2
A5.4,attn,5,0,4,4,pythia-160m,high,draw_2
A8.3,attn,8,4,3,7,pythia-160m,high,draw_2
A8.7,attn,8,6,3,9,pythia-160m,high,draw_2
A9.0,attn,9,2,2,4,pythia-160m,high,draw_2
A9.3,attn,9,4,2,6,pythia-160m,high,draw_2
A9.4,attn,9,4,2,6,pythia-160m,high,draw_2
A7.0,attn,7,3,4,7,pythia-160m,high,draw_2
A9.7,attn,9,30,2,32,pythia-160m,high,draw_2
A9.9,attn,9,25,2,27,pythia-160m,high,draw_2
A1.11,attn,1,0,5,5,pythia-160m,high,draw_2
A8.0,attn,8,5,1,6,pythia-160m,high,draw_2
A8.4,attn,8,6,2,8,pythia-160m,high,draw_2
A3.5,attn,3,0,2,2,pythia-160m,high,draw_2
A0.10,attn,0,0,6,6,pythia-160m,high,draw_2
A6.4,attn,6,0,2,2,pythia-160m,high,draw_2
A7.1,attn,7,0,1,1,pythia-160m,high,draw_2
A0.9,attn,0,1,3,4,pythia-160m,high,draw_2
A3.11,attn,3,0,2,2,pythia-160m,high,draw_2
M11,mlp,11,91,1,92,pythia-160m,high,draw_2
A7.5,attn,7,0,2,2,pythia-160m,high,draw_2
R11,resid,11,125,0,125,pythia-160m,high,draw_2
A11.2,attn,11,0,1,1,pythia-160m,high,draw_2
A11.4,attn,11,0,1,1,pythia-160m,high,draw_2
A11.6,attn,11,0,1,1,pythia-160m,high,draw_2
A11.7,attn,11,0,1,1,pythia-160m,high,draw_2
A11.9,attn,11,0,1,1,pythia-160m,high,draw_2
A2.2,attn,2,0,1,1,pythia-160m,high,draw_2
A0.1,attn,0,1,1,2,pythia-160m,high,draw_2
A1.9,attn,1,0,1,1,pythia-160m,high,draw_2
A0.0,attn,0,1,19,20,pythia-160m,high,draw_3
A6.1,attn,6,9,6,15,pythia-160m,high,draw_3
M0,mlp,0,1,72,73,pythia-160m,high,draw_3
M2,mlp,2,12,41,53,pythia-160m,high,draw_3
M3,mlp,3,13,42,55,pythia-160m,high,draw_3
A4.8,attn,4,7,25,32,pythia-160m,high,draw_3
M4,mlp,4,24,24,48,pythia-160m,high,draw_3
A5.1,attn,5,16,29,45,pythia-160m,high,draw_3
A5.11,attn,5,7,16,23,pythia-160m,high,draw_3
M5,mlp,5,39,23,62,pythia-160m,high,draw_3
M1,mlp,1,7,39,46,pythia-160m,high,draw_3
A6.2,attn,6,3,7,10,pythia-160m,high,draw_3
A3.2,attn,3,6,29,35,pythia-160m,high,draw_3
A5.10,attn,5,17,25,42,pythia-160m,high,draw_3
A0.7,attn,0,1,30,31,pythia-160m,high,draw_3
A6.3,attn,6,22,18,40,pythia-160m,high,draw_3
A1.10,attn,1,6,29,35,pythia-160m,high,draw_3
A2.11,attn,2,3,13,16,pythia-160m,high,draw_3
A3.1,attn,3,3,16,19,pythia-160m,high,draw_3
A3.3,attn,3,2,15,17,pythia-160m,high,draw_3
A3.4,attn,3,7,21,28,pythia-160m,high,draw_3
A3.8,attn,3,4,20,24,pythia-160m,high,draw_3
A3.10,attn,3,1,6,7,pythia-160m,high,draw_3
A4.6,attn,4,11,29,40,pythia-160m,high,draw_3
A4.10,attn,4,26,31,57,pythia-160m,high,draw_3
A5.0,attn,5,37,27,64,pythia-160m,high,draw_3
A5.6,attn,5,31,15,46,pythia-160m,high,draw_3
A6.4,attn,6,1,6,7,pythia-160m,high,draw_3
A6.5,attn,6,12,13,25,pythia-160m,high,draw_3
A4.11,attn,4,11,33,44,pythia-160m,high,draw_3
A5.5,attn,5,2,12,14,pythia-160m,high,draw_3
A5.8,attn,5,4,16,20,pythia-160m,high,draw_3
A0.2,attn,0,1,22,23,pythia-160m,high,draw_3
A6.6,attn,6,17,13,30,pythia-160m,high,draw_3
A0.4,attn,0,1,11,12,pythia-160m,high,draw_3
A2.6,attn,2,5,24,29,pythia-160m,high,draw_3
A2.8,attn,2,6,31,37,pythia-160m,high,draw_3
A6.7,attn,6,9,5,14,pythia-160m,high,draw_3
A6.8,attn,6,6,5,11,pythia-160m,high,draw_3
A6.10,attn,6,7,6,13,pythia-160m,high,draw_3
A6.11,attn,6,28,27,55,pythia-160m,high,draw_3
A0.8,attn,0,1,20,21,pythia-160m,high,draw_3
A2.0,attn,2,0,3,3,pythia-160m,high,draw_3
A2.3,attn,2,1,8,9,pythia-160m,high,draw_3
A4.1,attn,4,5,10,15,pythia-160m,high,draw_3
A4.5,attn,4,4,13,17,pythia-160m,high,draw_3
A4.7,attn,4,3,9,12,pythia-160m,high,draw_3
A5.2,attn,5,3,5,8,pythia-160m,high,draw_3
A5.4,attn,5,2,3,5,pythia-160m,high,draw_3
A3.0,attn,3,4,18,22,pythia-160m,high,draw_3
A1.2,attn,1,2,14,16,pythia-160m,high,draw_3
A3.7,attn,3,3,5,8,pythia-160m,high,draw_3
A1.6,attn,1,2,9,11,pythia-160m,high,draw_3
A3.9,attn,3,1,11,12,pythia-160m,high,draw_3
M6,mlp,6,35,24,59,pythia-160m,high,draw_3
A2.10,attn,2,1,10,11,pythia-160m,high,draw_3
A4.0,attn,4,1,10,11,pythia-160m,high,draw_3
M7,mlp,7,48,21,69,pythia-160m,high,draw_3
A0.1,attn,0,0,1,1,pythia-160m,high,draw_3
A0.9,attn,0,0,4,4,pythia-160m,high,draw_3
A1.1,attn,1,2,9,11,pythia-160m,high,draw_3
A1.7,attn,1,1,9,10,pythia-160m,high,draw_3
A4.2,attn,4,2,7,9,pythia-160m,high,draw_3
A4.9,attn,4,1,6,7,pythia-160m,high,draw_3
A5.7,attn,5,11,7,18,pythia-160m,high,draw_3
A10.0,attn,10,2,1,3,pythia-160m,high,draw_3
A7.7,attn,7,21,16,37,pythia-160m,high,draw_3
A10.1,attn,10,10,2,12,pythia-160m,high,draw_3
A7.4,attn,7,6,13,19,pythia-160m,high,draw_3
A8.2,attn,8,26,5,31,pythia-160m,high,draw_3
M8,mlp,8,65,18,83,pythia-160m,high,draw_3
A10.5,attn,10,2,2,4,pythia-160m,high,draw_3
A10.6,attn,10,24,2,26,pythia-160m,high,draw_3
A7.11,attn,7,17,12,29,pythia-160m,high,draw_3
A8.11,attn,8,35,6,41,pythia-160m,high,draw_3
M9,mlp,9,75,8,83,pythia-160m,high,draw_3
A10.7,attn,10,8,1,9,pythia-160m,high,draw_3
A10.8,attn,10,10,1,11,pythia-160m,high,draw_3
A7.3,attn,7,9,7,16,pythia-160m,high,draw_3
A10.9,attn,10,3,2,5,pythia-160m,high,draw_3
A10.10,attn,10,2,2,4,pythia-160m,high,draw_3
A10.11,attn,10,3,1,4,pythia-160m,high,draw_3
embed,embed,-1,0,15,15,pythia-160m,high,draw_3
R11,resid,11,126,0,126,pythia-160m,high,draw_3
A0.3,attn,0,1,10,11,pythia-160m,high,draw_3
A0.6,attn,0,0,6,6,pythia-160m,high,draw_3
A1.0,attn,1,0,4,4,pythia-160m,high,draw_3
A1.3,attn,1,1,6,7,pythia-160m,high,draw_3
A1.11,attn,1,0,3,3,pythia-160m,high,draw_3
A2.1,attn,2,0,1,1,pythia-160m,high,draw_3
A2.4,attn,2,1,6,7,pythia-160m,high,draw_3
A2.7,attn,2,1,7,8,pythia-160m,high,draw_3
A3.5,attn,3,0,2,2,pythia-160m,high,draw_3
A3.6,attn,3,0,4,4,pythia-160m,high,draw_3
A4.4,attn,4,1,2,3,pythia-160m,high,draw_3
A5.3,attn,5,0,1,1,pythia-160m,high,draw_3
A6.0,attn,6,0,7,7,pythia-160m,high,draw_3
A7.0,attn,7,0,2,2,pythia-160m,high,draw_3
A7.2,attn,7,6,5,11,pythia-160m,high,draw_3
A7.5,attn,7,0,1,1,pythia-160m,high,draw_3
A7.8,attn,7,20,8,28,pythia-160m,high,draw_3
A8.1,attn,8,5,3,8,pythia-160m,high,draw_3
A8.3,attn,8,0,2,2,pythia-160m,high,draw_3
A8.4,attn,8,4,3,7,pythia-160m,high,draw_3
A8.7,attn,8,7,5,12,pythia-160m,high,draw_3
A8.8,attn,8,11,4,15,pythia-160m,high,draw_3
A8.10,attn,8,10,4,14,pythia-160m,high,draw_3
A9.0,attn,9,0,3,3,pythia-160m,high,draw_3
A9.1,attn,9,1,2,3,pythia-160m,high,draw_3
A9.2,attn,9,20,2,22,pythia-160m,high,draw_3
A9.3,attn,9,5,2,7,pythia-160m,high,draw_3
A9.4,attn,9,3,1,4,pythia-160m,high,draw_3
A9.5,attn,9,1,3,4,pythia-160m,high,draw_3
A9.6,attn,9,12,2,14,pythia-160m,high,draw_3
A9.7,attn,9,29,3,32,pythia-160m,high,draw_3
A9.8,attn,9,31,3,34,pythia-160m,high,draw_3
A9.9,attn,9,30,3,33,pythia-160m,high,draw_3
A10.2,attn,10,0,1,1,pythia-160m,high,draw_3
M10,mlp,10,79,5,84,pythia-160m,high,draw_3
A11.0,attn,11,3,1,4,pythia-160m,high,draw_3
A11.2,attn,11,1,1,2,pythia-160m,high,draw_3
A11.4,attn,11,1,1,2,pythia-160m,high,draw_3
A11.6,attn,11,1,1,2,pythia-160m,high,draw_3
A11.7,attn,11,0,1,1,pythia-160m,high,draw_3
A11.8,attn,11,6,1,7,pythia-160m,high,draw_3
A11.9,attn,11,0,1,1,pythia-160m,high,draw_3
A11.11,attn,11,1,1,2,pythia-160m,high,draw_3
M11,mlp,11,88,1,89,pythia-160m,high,draw_3
A0.10,attn,0,0,2,2,pythia-160m,high,draw_3
A2.9,attn,2,0,3,3,pythia-160m,high,draw_3
A8.0,attn,8,2,1,3,pythia-160m,high,draw_3
A1.5,attn,1,0,1,1,pythia-160m,high,draw_3
A2.2,attn,2,0,1,1,pythia-160m,high,draw_3
A4.3,attn,4,0,1,1,pythia-160m,high,draw_3
embed,embed,-1,0,14,14,pythia-160m,very_high,draw_1
R11,resid,11,124,0,124,pythia-160m,very_high,draw_1
A0.0,attn,0,1,18,19,pythia-160m,very_high,draw_1
A0.2,attn,0,1,20,21,pythia-160m,very_high,draw_1
A0.3,attn,0,1,6,7,pythia-160m,very_high,draw_1
A0.4,attn,0,1,14,15,pythia-160m,very_high,draw_1
A0.6,attn,0,1,6,7,pythia-160m,very_high,draw_1
A0.7,attn,0,1,31,32,pythia-160m,very_high,draw_1
A0.8,attn,0,1,17,18,pythia-160m,very_high,draw_1
A0.9,attn,0,0,4,4,pythia-160m,very_high,draw_1
M0,mlp,0,1,75,76,pythia-160m,very_high,draw_1
A1.0,attn,1,1,6,7,pythia-160m,very_high,draw_1
A1.1,attn,1,3,6,9,pythia-160m,very_high,draw_1
A1.2,attn,1,3,17,20,pythia-160m,very_high,draw_1
A1.3,attn,1,0,5,5,pythia-160m,very_high,draw_1
A1.5,attn,1,0,7,7,pythia-160m,very_high,draw_1
A1.6,attn,1,1,10,11,pythia-160m,very_high,draw_1
A1.7,attn,1,0,9,9,pythia-160m,very_high,draw_1
A1.10,attn,1,4,28,32,pythia-160m,very_high,draw_1
A1.11,attn,1,1,7,8,pythia-160m,very_high,draw_1
M1,mlp,1,9,45,54,pythia-160m,very_high,draw_1
A2.0,attn,2,1,5,6,pythia-160m,very_high,draw_1
A2.1,attn,2,1,7,8,pythia-160m,very_high,draw_1
A2.3,attn,2,2,12,14,pythia-160m,very_high,draw_1
A2.4,attn,2,0,4,4,pythia-160m,very_high,draw_1
A2.6,attn,2,6,22,28,pythia-160m,very_high,draw_1
A2.7,attn,2,1,7,8,pythia-160m,very_high,draw_1
A2.8,attn,2,10,32,42,pythia-160m,very_high,draw_1
A2.9,attn,2,2,5,7,pythia-160m,very_high,draw_1
A2.10,attn,2,0,9,9,pythia-160m,very_high,draw_1
A2.11,attn,2,2,10,12,pythia-160m,very_high,draw_1
M2,mlp,2,11,45,56,pythia-160m,very_high,draw_1
A3.0,attn,3,5,15,20,pythia-160m,very_high,draw_1
A3.1,attn,3,2,19,21,pythia-160m,very_high,draw_1
A3.2,attn,3,7,28,35,pythia-160m,very_high,draw_1
A3.3,attn,3,6,15,21,pythia-160m,very_high,draw_1
A3.4,attn,3,9,21,30,pythia-160m,very_high,draw_1
A3.5,attn,3,2,7,9,pythia-160m,very_high,draw_1
A3.6,attn,3,2,7,9,pythia-160m,very_high,draw_1
A3.7,attn,3,1,4,5,pythia-160m,very_high,draw_1
A3.8,attn,3,7,18,25,pythia-160m,very_high,draw_1
A3.9,attn,3,4,13,17,pythia-160m,very_high,draw_1
A3.10,attn,3,1,7,8,pythia-160m,very_high,draw_1
M3,mlp,3,18,39,57,pythia-160m,very_high,draw_1
A4.0,attn,4,2,10,12,pythia-160m,very_high,draw_1
A4.1,attn,4,2,6,8,pythia-160m,very_high,draw_1
A4.2,attn,4,1,9,10,pythia-160m,very_high,draw_1
A4.4,attn,4,2,5,7,pythia-160m,very_high,draw_1
A4.5,attn,4,5,16,21,pythia-160m,very_high,draw_1
A4.6,attn,4,10,26,36,pythia-160m,very_high,draw_1
A4.7,attn,4,5,8,13,pythia-160m,very_high,draw_1
A4.8,attn,4,14,25,39,pythia-160m,very_high,draw_1
A4.9,attn,4,2,5,7,pythia-160m,very_high,draw_1
A4.10,attn,4,28,29,57,pythia-160m,very_high,draw_1
A4.11,attn,4,10,33,43,pythia-160m,very_high,draw_1
M4,mlp,4,29,23,52,pythia-160m,very_high,draw_1
A5.0,attn,5,40,18,58,pythia-160m,very_high,draw_1
A5.1,attn,5,23,30,53,pythia-160m,very_high,draw_1
A5.2,attn,5,1,6,7,pythia-160m,very_high,draw_1
A5.3,attn,5,1,3,4,pythia-160m,very_high,draw_1
A5.4,attn,5,0,2,2,pythia-160m,very_high,draw_1
A5.5,attn,5,3,8,11,pythia-160m,very_high,draw_1
A5.6,attn,5,35,15,50,pythia-160m,very_high,draw_1
A5.7,attn,5,14,5,19,pythia-160m,very_high,draw_1
A5.8,attn,5,12,19,31,pythia-160m,very_high,draw_1
A5.10,attn,5,14,16,30,pythia-160m,very_high,draw_1
A5.11,attn,5,8,14,22,pythia-160m,very_high,draw_1
M5,mlp,5,29,23,52,pythia-160m,very_high,draw_1
A6.0,attn,6,5,9,14,pythia-160m,very_high,draw_1
A6.1,attn,6,6,6,12,pythia-160m,very_high,draw_1
A6.2,attn,6,3,5,8,pythia-160m,very_high,draw_1
A6.3,attn,6,17,19,36,pythia-160m,very_high,draw_1
A6.4,attn,6,3,5,8,pythia-160m,very_high,draw_1
A6.5,attn,6,4,9,13,pythia-160m,very_high,draw_1
A6.6,attn,6,17,13,30,pythia-160m,very_high,draw_1
A6.7,attn,6,3,4,7,pythia-160m,very_high,draw_1
A6.8,attn,6,4,7,11,pythia-160m,very_high,draw_1
A6.10,attn,6,4,6,10,pythia-160m,very_high,draw_1
A6.11,attn,6,25,21,46,pythia-160m,very_high,draw_1
M6,mlp,6,35,19,54,pythia-160m,very_high,draw_1
A7.0,attn,7,0,2,2,pythia-160m,very_high,draw_1
A7.2,attn,7,3,4,7,pythia-160m,very_high,draw_1
A7.3,attn,7,10,7,17,pythia-160m,very_high,draw_1
A7.4,attn,7,8,11,19,pythia-160m,very_high,draw_1
A7.7,attn,7,17,15,32,pythia-160m,very_high,draw_1
A7.8,attn,7,20,5,25,pythia-160m,very_high,draw_1
A7.9,attn,7,0,1,1,pythia-160m,very_high,draw_1
A7.11,attn,7,20,13,33,pythia-160m,very_high,draw_1
M7,mlp,7,47,23,70,pythia-160m,very_high,draw_1
A8.0,attn,8,2,2,4,pythia-160m,very_high,draw_1
A8.1,attn,8,0,2,2,pythia-160m,very_high,draw_1
A8.2,attn,8,25,4,29,pythia-160m,very_high,draw_1
A8.4,attn,8,7,3,10,pythia-160m,very_high,draw_1
A8.7,attn,8,7,4,11,pythia-160m,very_high,draw_1
A8.8,attn,8,11,3,14,pythia-160m,very_high,draw_1
A8.10,attn,8,5,4,9,pythia-160m,very_high,draw_1
A8.11,attn,8,39,7,46,pythia-160m,very_high,draw_1
M8,mlp,8,66,13,79,pythia-160m,very_high,draw_1
A9.1,attn,9,1,1,2,pythia-160m,very_high,draw_1
A9.2,attn,9,30,3,33,pythia-160m,very_high,draw_1
A9.3,attn,9,8,2,10,pythia-160m,very_high,draw_1
A9.5,attn,9,3,3,6,pythia-160m,very_high,draw_1
A9.6,attn,9,11,2,13,pythia-160m,very_high,draw_1
A9.7,attn,9,21,3,24,pythia-160m,very_high,draw_1
A9.8,attn,9,14,3,17,pythia-160m,very_high,draw_1
A9.9,attn,9,23,2,25,pythia-160m,very_high,draw_1
M9,mlp,9,75,8,83,pythia-160m,very_high,draw_1
A10.0,attn,10,0,1,1,pythia-160m,very_high,draw_1
A10.1,attn,10,2,1,3,pythia-160m,very_high,draw_1
A10.5,attn,10,2,2,4,pythia-160m,very_high,draw_1
A10.6,attn,10,20,1,21,pythia-160m,very_high,draw_1
A10.7,attn,10,1,1,2,pythia-160m,very_high,draw_1
A10.8,attn,10,3,1,4,pythia-160m,very_high,draw_1
A10.9,attn,10,6,2,8,pythia-160m,very_high,draw_1
A10.11,attn,10,2,1,3,pythia-160m,very_high,draw_1
M10,mlp,10,75,4,79,pythia-160m,very_high,draw_1
A11.0,attn,11,2,1,3,pythia-160m,very_high,draw_1
A11.2,attn,11,0,1,1,pythia-160m,very_high,draw_1
A11.4,attn,11,0,1,1,pythia-160m,very_high,draw_1
A11.6,attn,11,0,1,1,pythia-160m,very_high,draw_1
A11.7,attn,11,2,1,3,pythia-160m,very_high,draw_1
A11.8,attn,11,4,1,5,pythia-160m,very_high,draw_1
A11.9,attn,11,0,1,1,pythia-160m,very_high,draw_1
A11.11,attn,11,5,1,6,pythia-160m,very_high,draw_1
M11,mlp,11,88,1,89,pythia-160m,very_high,draw_1
A2.2,attn,2,0,2,2,pythia-160m,very_high,draw_1
A4.3,attn,4,1,2,3,pythia-160m,very_high,draw_1
A0.5,attn,0,0,1,1,pythia-160m,very_high,draw_1
A1.4,attn,1,0,1,1,pythia-160m,very_high,draw_1
A1.8,attn,1,0,2,2,pythia-160m,very_high,draw_1
A8.9,attn,8,2,1,3,pythia-160m,very_high,draw_1
A0.1,attn,0,0,1,1,pythia-160m,very_high,draw_1
A6.9,attn,6,0,1,1,pythia-160m,very_high,draw_1
A8.3,attn,8,0,1,1,pythia-160m,very_high,draw_1
M0,mlp,0,1,69,70,pythia-160m,very_high,draw_2
A1.1,attn,1,1,4,5,pythia-160m,very_high,draw_2
A0.4,attn,0,1,10,11,pythia-160m,very_high,draw_2
A1.2,attn,1,3,17,20,pythia-160m,very_high,draw_2
A0.7,attn,0,1,28,29,pythia-160m,very_high,draw_2
A0.0,attn,0,1,21,22,pythia-160m,very_high,draw_2
A1.3,attn,1,2,6,8,pythia-160m,very_high,draw_2
A1.6,attn,1,1,9,10,pythia-160m,very_high,draw_2
A0.2,attn,0,1,18,19,pythia-160m,very_high,draw_2
A1.7,attn,1,2,6,8,pythia-160m,very_high,draw_2
embed,embed,-1,0,19,19,pythia-160m,very_high,draw_2
A1.10,attn,1,5,28,33,pythia-160m,very_high,draw_2
A0.6,attn,0,1,9,10,pythia-160m,very_high,draw_2
M8,mlp,8,65,14,79,pythia-160m,very_high,draw_2
A0.3,attn,0,1,10,11,pythia-160m,very_high,draw_2
A0.8,attn,0,1,15,16,pythia-160m,very_high,draw_2
M1,mlp,1,8,34,42,pythia-160m,very_high,draw_2
A2.3,attn,2,1,13,14,pythia-160m,very_high,draw_2
A2.7,attn,2,0,5,5,pythia-160m,very_high,draw_2
A2.8,attn,2,6,28,34,pythia-160m,very_high,draw_2
A2.11,attn,2,2,8,10,pythia-160m,very_high,draw_2
M2,mlp,2,15,46,61,pythia-160m,very_high,draw_2
A3.0,attn,3,4,18,22,pythia-160m,very_high,draw_2
A3.1,attn,3,4,19,23,pythia-160m,very_high,draw_2
A3.2,attn,3,8,31,39,pythia-160m,very_high,draw_2
A3.3,attn,3,7,13,20,pythia-160m,very_high,draw_2
A3.4,attn,3,6,25,31,pythia-160m,very_high,draw_2
A3.5,attn,3,0,6,6,pythia-160m,very_high,draw_2
A3.6,attn,3,2,7,9,pythia-160m,very_high,draw_2
A3.8,attn,3,10,17,27,pythia-160m,very_high,draw_2
A3.9,attn,3,2,13,15,pythia-160m,very_high,draw_2
A3.10,attn,3,2,9,11,pythia-160m,very_high,draw_2
M3,mlp,3,21,38,59,pythia-160m,very_high,draw_2
A4.0,attn,4,4,11,15,pythia-160m,very_high,draw_2
A4.6,attn,4,10,22,32,pythia-160m,very_high,draw_2
A4.7,attn,4,6,10,16,pythia-160m,very_high,draw_2
A4.8,attn,4,11,27,38,pythia-160m,very_high,draw_2
A4.10,attn,4,34,31,65,pythia-160m,very_high,draw_2
A4.11,attn,4,10,33,43,pythia-160m,very_high,draw_2
M4,mlp,4,21,21,42,pythia-160m,very_high,draw_2
A5.0,attn,5,38,21,59,pythia-160m,very_high,draw_2
A5.1,attn,5,17,22,39,pythia-160m,very_high,draw_2
A5.2,attn,5,3,6,9,pythia-160m,very_high,draw_2
A5.5,attn,5,0,6,6,pythia-160m,very_high,draw_2
A5.6,attn,5,21,13,34,pythia-160m,very_high,draw_2
A5.7,attn,5,14,7,21,pythia-160m,very_high,draw_2
A5.8,attn,5,7,16,23,pythia-160m,very_high,draw_2
A5.10,attn,5,22,20,42,pythia-160m,very_high,draw_2
A5.11,attn,5,9,14,23,pythia-160m,very_high,draw_2
M5,mlp,5,30,21,51,pythia-160m,very_high,draw_2
A6.0,attn,6,3,7,10,pythia-160m,very_high,draw_2
A6.2,attn,6,2,8,10,pythia-160m,very_high,draw_2
A6.3,attn,6,14,16,30,pythia-160m,very_high,draw_2
A6.4,attn,6,4,5,9,pythia-160m,very_high,draw_2
A6.5,attn,6,9,8,17,pythia-160m,very_high,draw_2
A6.6,attn,6,10,10,20,pythia-160m,very_high,draw_2
A6.7,attn,6,4,6,10,pythia-160m,very_high,draw_2
A6.8,attn,6,5,6,11,pythia-160m,very_high,draw_2
A6.10,attn,6,4,7,11,pythia-160m,very_high,draw_2
A6.11,attn,6,32,20,52,pythia-160m,very_high,draw_2
M6,mlp,6,34,18,52,pythia-160m,very_high,draw_2
A7.0,attn,7,0,2,2,pythia-160m,very_high,draw_2
A7.2,attn,7,2,3,5,pythia-160m,very_high,draw_2
A7.3,attn,7,8,12,20,pythia-160m,very_high,draw_2
A7.4,attn,7,9,12,21,pythia-160m,very_high,draw_2
A7.7,attn,7,15,16,31,pythia-160m,very_high,draw_2
A7.8,attn,7,14,6,20,pythia-160m,very_high,draw_2
A7.9,attn,7,1,2,3,pythia-160m,very_high,draw_2
A7.11,attn,7,18,13,31,pythia-160m,very_high,draw_2
M7,mlp,7,44,19,63,pythia-160m,very_high,draw_2
A4.5,attn,4,7,16,23,pythia-160m,very_high,draw_2
A4.1,attn,4,1,6,7,pythia-160m,very_high,draw_2
A4.2,attn,4,2,6,8,pythia-160m,very_high,draw_2
A0.5,attn,0,1,3,4,pythia-160m,very_high,draw_2
A2.6,attn,2,5,16,21,pythia-160m,very_high,draw_2
A0.9,attn,0,1,2,3,pythia-160m,very_high,draw_2
A1.5,attn,1,0,5,5,pythia-160m,very_high,draw_2
A1.11,attn,1,0,3,3,pythia-160m,very_high,draw_2
A2.0,attn,2,0,5,5,pythia-160m,very_high,draw_2
A2.4,attn,2,0,6,6,pythia-160m,very_high,draw_2
A2.9,attn,2,0,5,5,pythia-160m,very_high,draw_2
A2.10,attn,2,1,5,6,pythia-160m,very_high,draw_2
A9.2,attn,9,32,3,35,pythia-160m,very_high,draw_2
A8.2,attn,8,24,5,29,pythia-160m,very_high,draw_2
A9.3,attn,9,5,2,7,pythia-160m,very_high,draw_2
A9.6,attn,9,8,1,9,pythia-160m,very_high,draw_2
A9.7,attn,9,17,3,20,pythia-160m,very_high,draw_2
A9.8,attn,9,20,3,23,pythia-160m,very_high,draw_2
A8.11,attn,8,33,6,39,pythia-160m,very_high,draw_2
A9.9,attn,9,26,2,28,pythia-160m,very_high,draw_2
M10,mlp,10,79,4,83,pythia-160m,very_high,draw_2
A1.0,attn,1,0,6,6,pythia-160m,very_high,draw_2
A1.8,attn,1,0,2,2,pythia-160m,very_high,draw_2
A3.7,attn,3,2,4,6,pythia-160m,very_high,draw_2
A5.3,attn,5,0,3,3,pythia-160m,very_high,draw_2
A6.1,attn,6,4,5,9,pythia-160m,very_high,draw_2
A8.7,attn,8,6,4,10,pythia-160m,very_high,draw_2
A8.8,attn,8,8,4,12,pythia-160m,very_high,draw_2
A8.10,attn,8,1,3,4,pythia-160m,very_high,draw_2
A9.5,attn,9,0,3,3,pythia-160m,very_high,draw_2
M9,mlp,9,70,8,78,pythia-160m,very_high,draw_2
A4.9,attn,4,0,4,4,pythia-160m,very_high,draw_2
A8.1,attn,8,3,2,5,pythia-160m,very_high,draw_2
A8.3,attn,8,2,2,4,pythia-160m,very_high,draw_2
A8.4,attn,8,12,3,15,pythia-160m,very_high,draw_2
R11,resid,11,124,0,124,pythia-160m,very_high,draw_2
A2.1,attn,2,0,2,2,pythia-160m,very_high,draw_2
A4.4,attn,4,0,3,3,pythia-160m,very_high,draw_2
A5.4,attn,5,3,2,5,pythia-160m,very_high,draw_2
A7.5,attn,7,0,2,2,pythia-160m,very_high,draw_2
A9.1,attn,9,0,1,1,pythia-160m,very_high,draw_2
A10.0,attn,10,9,1,10,pythia-160m,very_high,draw_2
A10.1,attn,10,0,1,1,pythia-160m,very_high,draw_2
A10.3,attn,10,0,1,1,pythia-160m,very_high,draw_2
A10.5,attn,10,0,2,2,pythia-160m,very_high,draw_2
A10.6,attn,10,10,1,11,pythia-160m,very_high,draw_2
A10.7,attn,10,0,1,1,pythia-160m,very_high,draw_2
A10.8,attn,10,6,1,7,pythia-160m,very_high,draw_2
A10.9,attn,10,6,2,8,pythia-160m,very_high,draw_2
A10.11,attn,10,3,1,4,pythia-160m,very_high,draw_2
A11.0,attn,11,3,1,4,pythia-160m,very_high,draw_2
A11.2,attn,11,1,1,2,pythia-160m,very_high,draw_2
A11.4,attn,11,0,1,1,pythia-160m,very_high,draw_2
A11.6,attn,11,1,1,2,pythia-160m,very_high,draw_2
A11.7,attn,11,1,1,2,pythia-160m,very_high,draw_2
A11.8,attn,11,5,1,6,pythia-160m,very_high,draw_2
A11.9,attn,11,0,1,1,pythia-160m,very_high,draw_2
A11.11,attn,11,4,1,5,pythia-160m,very_high,draw_2
M11,mlp,11,85,1,86,pythia-160m,very_high,draw_2
A0.10,attn,0,1,3,4,pythia-160m,very_high,draw_2
A2.2,attn,2,0,1,1,pythia-160m,very_high,draw_2
A4.3,attn,4,0,1,1,pythia-160m,very_high,draw_2
A8.0,attn,8,0,1,1,pythia-160m,very_high,draw_2
M0,mlp,0,1,67,68,pythia-160m,very_high,draw_3
A4.0,attn,4,1,8,9,pythia-160m,very_high,draw_3
A1.10,attn,1,6,26,32,pythia-160m,very_high,draw_3
A4.1,attn,4,2,4,6,pythia-160m,very_high,draw_3
M1,mlp,1,11,43,54,pythia-160m,very_high,draw_3
A2.8,attn,2,8,32,40,pythia-160m,very_high,draw_3
A4.2,attn,4,3,12,15,pythia-160m,very_high,draw_3
A3.1,attn,3,6,20,26,pythia-160m,very_high,draw_3
A3.2,attn,3,10,30,40,pythia-160m,very_high,draw_3
A0.7,attn,0,1,37,38,pythia-160m,very_high,draw_3
A4.4,attn,4,3,4,7,pythia-160m,very_high,draw_3
M3,mlp,3,15,31,46,pythia-160m,very_high,draw_3
embed,embed,-1,0,19,19,pythia-160m,very_high,draw_3
A4.5,attn,4,9,14,23,pythia-160m,very_high,draw_3
A0.8,attn,0,1,21,22,pythia-160m,very_high,draw_3
A2.6,attn,2,5,18,23,pythia-160m,very_high,draw_3
A2.11,attn,2,1,11,12,pythia-160m,very_high,draw_3
M2,mlp,2,11,48,59,pythia-160m,very_high,draw_3
A0.2,attn,0,1,21,22,pythia-160m,very_high,draw_3
A4.6,attn,4,12,27,39,pythia-160m,very_high,draw_3
A3.0,attn,3,6,20,26,pythia-160m,very_high,draw_3
A3.4,attn,3,8,26,34,pythia-160m,very_high,draw_3
A3.8,attn,3,11,17,28,pythia-160m,very_high,draw_3
A4.7,attn,4,4,6,10,pythia-160m,very_high,draw_3
A4.8,attn,4,10,22,32,pythia-160m,very_high,draw_3
A1.1,attn,1,2,8,10,pythia-160m,very_high,draw_3
A4.9,attn,4,1,4,5,pythia-160m,very_high,draw_3
A4.10,attn,4,26,29,55,pythia-160m,very_high,draw_3
A0.3,attn,0,1,6,7,pythia-160m,very_high,draw_3
A1.2,attn,1,3,18,21,pythia-160m,very_high,draw_3
A1.4,attn,1,0,2,2,pythia-160m,very_high,draw_3
A2.0,attn,2,0,6,6,pythia-160m,very_high,draw_3
A2.1,attn,2,2,7,9,pythia-160m,very_high,draw_3
A2.3,attn,2,1,9,10,pythia-160m,very_high,draw_3
A2.9,attn,2,0,5,5,pythia-160m,very_high,draw_3
A2.10,attn,2,2,9,11,pythia-160m,very_high,draw_3
A3.3,attn,3,6,15,21,pythia-160m,very_high,draw_3
A3.5,attn,3,0,5,5,pythia-160m,very_high,draw_3
A4.11,attn,4,13,28,41,pythia-160m,very_high,draw_3
A7.3,attn,7,5,9,14,pythia-160m,very_high,draw_3
A7.4,attn,7,4,10,14,pythia-160m,very_high,draw_3
A6.3,attn,6,27,21,48,pythia-160m,very_high,draw_3
A6.11,attn,6,26,20,46,pythia-160m,very_high,draw_3
M6,mlp,6,30,15,45,pythia-160m,very_high,draw_3
A7.5,attn,7,1,2,3,pythia-160m,very_high,draw_3
A7.7,attn,7,14,15,29,pythia-160m,very_high,draw_3
M4,mlp,4,25,21,46,pythia-160m,very_high,draw_3
A5.0,attn,5,38,23,61,pythia-160m,very_high,draw_3
A5.1,attn,5,17,24,41,pythia-160m,very_high,draw_3
A5.8,attn,5,3,17,20,pythia-160m,very_high,draw_3
A5.10,attn,5,19,21,40,pythia-160m,very_high,draw_3
A6.2,attn,6,3,5,8,pythia-160m,very_high,draw_3
A7.8,attn,7,29,6,35,pythia-160m,very_high,draw_3
A5.6,attn,5,35,15,50,pythia-160m,very_high,draw_3
A5.11,attn,5,7,12,19,pythia-160m,very_high,draw_3
M5,mlp,5,33,24,57,pythia-160m,very_high,draw_3
A6.0,attn,6,2,7,9,pythia-160m,very_high,draw_3
A6.6,attn,6,17,7,24,pythia-160m,very_high,draw_3
A7.9,attn,7,1,1,2,pythia-160m,very_high,draw_3
A7.11,attn,7,14,13,27,pythia-160m,very_high,draw_3
A6.5,attn,6,9,6,15,pythia-160m,very_high,draw_3
R11,resid,11,124,0,124,pythia-160m,very_high,draw_3
A0.0,attn,0,1,23,24,pythia-160m,very_high,draw_3
A0.4,attn,0,1,13,14,pythia-160m,very_high,draw_3
A0.6,attn,0,1,7,8,pythia-160m,very_high,draw_3
A0.9,attn,0,1,6,7,pythia-160m,very_high,draw_3
A1.0,attn,1,0,5,5,pythia-160m,very_high,draw_3
A1.6,attn,1,0,8,8,pythia-160m,very_high,draw_3
A1.7,attn,1,2,6,8,pythia-160m,very_high,draw_3
A1.11,attn,1,0,4,4,pythia-160m,very_high,draw_3
A2.4,attn,2,1,6,7,pythia-160m,very_high,draw_3
A2.7,attn,2,0,4,4,pythia-160m,very_high,draw_3
A3.6,attn,3,3,6,9,pythia-160m,very_high,draw_3
A3.7,attn,3,4,6,10,pythia-160m,very_high,draw_3
A3.9,attn,3,3,14,17,pythia-160m,very_high,draw_3
A3.10,attn,3,0,5,5,pythia-160m,very_high,draw_3
A5.2,attn,5,0,4,4,pythia-160m,very_high,draw_3
A5.3,attn,5,0,4,4,pythia-160m,very_high,draw_3
A5.4,attn,5,4,3,7,pythia-160m,very_high,draw_3
A5.5,attn,5,0,9,9,pythia-160m,very_high,draw_3
A5.7,attn,5,20,6,26,pythia-160m,very_high,draw_3
A6.1,attn,6,6,6,12,pythia-160m,very_high,draw_3
A6.4,attn,6,3,6,9,pythia-160m,very_high,draw_3
A6.7,attn,6,5,3,8,pythia-160m,very_high,draw_3
A6.8,attn,6,4,6,10,pythia-160m,very_high,draw_3
A6.10,attn,6,4,6,10,pythia-160m,very_high,draw_3
A7.0,attn,7,0,2,2,pythia-160m,very_high,draw_3
A7.2,attn,7,0,2,2,pythia-160m,very_high,draw_3
M7,mlp,7,45,20,65,pythia-160m,very_high,draw_3
A8.1,attn,8,0,1,1,pythia-160m,very_high,draw_3
A8.2,attn,8,18,3,21,pythia-160m,very_high,draw_3
A8.4,attn,8,7,2,9,pythia-160m,very_high,draw_3
A8.7,attn,8,7,4,11,pythia-160m,very_high,draw_3
A8.8,attn,8,9,4,13,pythia-160m,very_high,draw_3
A8.9,attn,8,0,1,1,pythia-160m,very_high,draw_3
A8.10,attn,8,4,4,8,pythia-160m,very_high,draw_3
A8.11,attn,8,24,5,29,pythia-160m,very_high,draw_3
M8,mlp,8,60,18,78,pythia-160m,very_high,draw_3
A9.1,attn,9,3,1,4,pythia-160m,very_high,draw_3
A9.2,attn,9,28,5,33,pythia-160m,very_high,draw_3
A9.3,attn,9,6,2,8,pythia-160m,very_high,draw_3
A9.5,attn,9,1,2,3,pythia-160m,very_high,draw_3
A9.6,attn,9,17,3,20,pythia-160m,very_high,draw_3
A9.7,attn,9,13,3,16,pythia-160m,very_high,draw_3
A9.8,attn,9,21,2,23,pythia-160m,very_high,draw_3
A9.9,attn,9,23,2,25,pythia-160m,very_high,draw_3
M9,mlp,9,73,8,81,pythia-160m,very_high,draw_3
A10.0,attn,10,1,1,2,pythia-160m,very_high,draw_3
A10.1,attn,10,2,1,3,pythia-160m,very_high,draw_3
A10.5,attn,10,2,2,4,pythia-160m,very_high,draw_3
A10.6,attn,10,26,1,27,pythia-160m,very_high,draw_3
A10.7,attn,10,4,1,5,pythia-160m,very_high,draw_3
A10.8,attn,10,6,1,7,pythia-160m,very_high,draw_3
A10.9,attn,10,3,2,5,pythia-160m,very_high,draw_3
A10.10,attn,10,0,1,1,pythia-160m,very_high,draw_3
A10.11,attn,10,2,1,3,pythia-160m,very_high,draw_3
M10,mlp,10,75,6,81,pythia-160m,very_high,draw_3
A11.0,attn,11,2,1,3,pythia-160m,very_high,draw_3
A11.2,attn,11,0,1,1,pythia-160m,very_high,draw_3
A11.4,attn,11,1,1,2,pythia-160m,very_high,draw_3
A11.6,attn,11,0,1,1,pythia-160m,very_high,draw_3
A11.7,attn,11,2,1,3,pythia-160m,very_high,draw_3
A11.8,attn,11,4,1,5,pythia-160m,very_high,draw_3
A11.9,attn,11,1,1,2,pythia-160m,very_high,draw_3
A11.11,attn,11,5,1,6,pythia-160m,very_high,draw_3
M11,mlp,11,80,1,81,pythia-160m,very_high,draw_3
A0.5,attn,0,1,2,3,pythia-160m,very_high,draw_3
A0.10,attn,0,1,1,2,pythia-160m,very_high,draw_3
A4.3,attn,4,0,3,3,pythia-160m,very_high,draw_3
A1.5,attn,1,0,1,1,pythia-160m,very_high,draw_3
A1.8,attn,1,2,4,6,pythia-160m,very_high,draw_3
A8.0,attn,8,1,1,2,pythia-160m,very_high,draw_3
A8.3,attn,8,1,1,2,pythia-160m,very_high,draw_3
A1.3,attn,1,0,1,1,pythia-160m,very_high,draw_3
A5.9,attn,5,0,1,1,pythia-160m,very_high,draw_3
A3.2,attn,3,7,27,34,pythia-160m,control,draw_1
A8.0,attn,8,3,1,4,pythia-160m,control,draw_1
M4,mlp,4,29,24,53,pythia-160m,control,draw_1
M7,mlp,7,49,21,70,pythia-160m,control,draw_1
M0,mlp,0,1,73,74,pythia-160m,control,draw_1
A8.2,attn,8,19,5,24,pythia-160m,control,draw_1
A1.10,attn,1,3,23,26,pythia-160m,control,draw_1
M2,mlp,2,13,41,54,pythia-160m,control,draw_1
A3.4,attn,3,6,23,29,pythia-160m,control,draw_1
M3,mlp,3,16,37,53,pythia-160m,control,draw_1
A4.8,attn,4,7,28,35,pythia-160m,control,draw_1
A4.10,attn,4,27,36,63,pythia-160m,control,draw_1
A4.11,attn,4,11,30,41,pythia-160m,control,draw_1
A5.0,attn,5,46,22,68,pythia-160m,control,draw_1
A5.1,attn,5,18,28,46,pythia-160m,control,draw_1
A5.5,attn,5,3,14,17,pythia-160m,control,draw_1
A5.6,attn,5,36,19,55,pythia-160m,control,draw_1
A5.11,attn,5,10,17,27,pythia-160m,control,draw_1
A6.11,attn,6,23,22,45,pythia-160m,control,draw_1
M6,mlp,6,40,20,60,pythia-160m,control,draw_1
A7.3,attn,7,9,10,19,pythia-160m,control,draw_1
A7.7,attn,7,22,14,36,pythia-160m,control,draw_1
M5,mlp,5,34,24,58,pythia-160m,control,draw_1
A8.3,attn,8,2,3,5,pythia-160m,control,draw_1
A0.7,attn,0,1,25,26,pythia-160m,control,draw_1
A8.4,attn,8,6,3,9,pythia-160m,control,draw_1
A5.2,attn,5,5,6,11,pythia-160m,control,draw_1
A6.3,attn,6,16,17,33,pythia-160m,control,draw_1
A8.7,attn,8,9,4,13,pythia-160m,control,draw_1
M1,mlp,1,8,39,47,pythia-160m,control,draw_1
A2.8,attn,2,7,24,31,pythia-160m,control,draw_1
A8.8,attn,8,10,3,13,pythia-160m,control,draw_1
A5.10,attn,5,21,26,47,pythia-160m,control,draw_1
A8.10,attn,8,4,4,8,pythia-160m,control,draw_1
A8.11,attn,8,35,5,40,pythia-160m,control,draw_1
A1.2,attn,1,1,19,20,pythia-160m,control,draw_1
A3.0,attn,3,7,19,26,pythia-160m,control,draw_1
A3.8,attn,3,6,17,23,pythia-160m,control,draw_1
A4.5,attn,4,6,16,22,pythia-160m,control,draw_1
A4.6,attn,4,8,25,33,pythia-160m,control,draw_1
A5.8,attn,5,6,16,22,pythia-160m,control,draw_1
A6.2,attn,6,5,7,12,pythia-160m,control,draw_1
A6.5,attn,6,9,7,16,pythia-160m,control,draw_1
A6.6,attn,6,13,6,19,pythia-160m,control,draw_1
A6.8,attn,6,5,8,13,pythia-160m,control,draw_1
A7.4,attn,7,3,8,11,pythia-160m,control,draw_1
A7.8,attn,7,18,7,25,pythia-160m,control,draw_1
A7.11,attn,7,19,13,32,pythia-160m,control,draw_1
A0.0,attn,0,1,21,22,pythia-160m,control,draw_1
A0.2,attn,0,1,17,18,pythia-160m,control,draw_1
A0.3,attn,0,1,10,11,pythia-160m,control,draw_1
A0.8,attn,0,1,21,22,pythia-160m,control,draw_1
A1.6,attn,1,2,9,11,pythia-160m,control,draw_1
A2.6,attn,2,4,17,21,pythia-160m,control,draw_1
A2.9,attn,2,1,5,6,pythia-160m,control,draw_1
A2.10,attn,2,0,8,8,pythia-160m,control,draw_1
A3.1,attn,3,5,20,25,pythia-160m,control,draw_1
A3.3,attn,3,7,15,22,pythia-160m,control,draw_1
A3.5,attn,3,0,6,6,pythia-160m,control,draw_1
A3.7,attn,3,1,4,5,pythia-160m,control,draw_1
A3.9,attn,3,1,13,14,pythia-160m,control,draw_1
A4.0,attn,4,2,12,14,pythia-160m,control,draw_1
A4.2,attn,4,2,11,13,pythia-160m,control,draw_1
A4.7,attn,4,0,8,8,pythia-160m,control,draw_1
A4.9,attn,4,1,7,8,pythia-160m,control,draw_1
A5.3,attn,5,2,5,7,pythia-160m,control,draw_1
M10,mlp,10,82,3,85,pythia-160m,control,draw_1
A0.4,attn,0,1,13,14,pythia-160m,control,draw_1
A0.6,attn,0,1,11,12,pythia-160m,control,draw_1
A1.1,attn,1,2,10,12,pythia-160m,control,draw_1
A1.5,attn,1,1,8,9,pythia-160m,control,draw_1
A1.8,attn,1,0,1,1,pythia-160m,control,draw_1
A1.11,attn,1,0,4,4,pythia-160m,control,draw_1
A2.1,attn,2,0,4,4,pythia-160m,control,draw_1
A2.7,attn,2,1,8,9,pythia-160m,control,draw_1
A2.11,attn,2,3,12,15,pythia-160m,control,draw_1
A4.1,attn,4,1,7,8,pythia-160m,control,draw_1
A4.4,attn,4,3,7,10,pythia-160m,control,draw_1
A5.7,attn,5,25,6,31,pythia-160m,control,draw_1
A6.1,attn,6,4,5,9,pythia-160m,control,draw_1
A6.4,attn,6,4,6,10,pythia-160m,control,draw_1
A6.10,attn,6,3,6,9,pythia-160m,control,draw_1
A7.2,attn,7,0,5,5,pythia-160m,control,draw_1
A8.1,attn,8,0,2,2,pythia-160m,control,draw_1
M8,mlp,8,72,17,89,pythia-160m,control,draw_1
A9.2,attn,9,26,3,29,pythia-160m,control,draw_1
A9.3,attn,9,3,3,6,pythia-160m,control,draw_1
A9.5,attn,9,4,3,7,pythia-160m,control,draw_1
A9.6,attn,9,16,3,19,pythia-160m,control,draw_1
A9.8,attn,9,20,3,23,pythia-160m,control,draw_1
A9.9,attn,9,25,3,28,pythia-160m,control,draw_1
M9,mlp,9,80,8,88,pythia-160m,control,draw_1
A11.0,attn,11,2,1,3,pythia-160m,control,draw_1
A11.7,attn,11,1,1,2,pythia-160m,control,draw_1
A11.8,attn,11,2,1,3,pythia-160m,control,draw_1
A11.9,attn,11,1,1,2,pythia-160m,control,draw_1
A11.11,attn,11,6,1,7,pythia-160m,control,draw_1
embed,embed,-1,0,20,20,pythia-160m,control,draw_1
A1.3,attn,1,1,5,6,pythia-160m,control,draw_1
A1.7,attn,1,1,7,8,pythia-160m,control,draw_1
A0.5,attn,0,1,4,5,pythia-160m,control,draw_1
A0.9,attn,0,1,6,7,pythia-160m,control,draw_1
A2.3,attn,2,1,11,12,pythia-160m,control,draw_1
A6.0,attn,6,0,6,6,pythia-160m,control,draw_1
A6.7,attn,6,7,6,13,pythia-160m,control,draw_1
A6.9,attn,6,0,1,1,pythia-160m,control,draw_1
A7.0,attn,7,1,2,3,pythia-160m,control,draw_1
A0.10,attn,0,0,4,4,pythia-160m,control,draw_1
A2.2,attn,2,0,2,2,pythia-160m,control,draw_1
A2.4,attn,2,1,7,8,pythia-160m,control,draw_1
A3.10,attn,3,1,9,10,pythia-160m,control,draw_1
A2.0,attn,2,0,5,5,pythia-160m,control,draw_1
A10.0,attn,10,2,1,3,pythia-160m,control,draw_1
A10.1,attn,10,4,2,6,pythia-160m,control,draw_1
A10.5,attn,10,2,2,4,pythia-160m,control,draw_1
A10.6,attn,10,27,1,28,pythia-160m,control,draw_1
A10.8,attn,10,8,1,9,pythia-160m,control,draw_1
A10.9,attn,10,4,2,6,pythia-160m,control,draw_1
A10.11,attn,10,3,1,4,pythia-160m,control,draw_1
A9.1,attn,9,2,2,4,pythia-160m,control,draw_1
A9.7,attn,9,19,2,21,pythia-160m,control,draw_1
A3.6,attn,3,1,7,8,pythia-160m,control,draw_1
A5.4,attn,5,3,4,7,pythia-160m,control,draw_1
R11,resid,11,126,0,126,pythia-160m,control,draw_1
A1.0,attn,1,0,1,1,pythia-160m,control,draw_1
A7.5,attn,7,0,1,1,pythia-160m,control,draw_1
A9.0,attn,9,0,1,1,pythia-160m,control,draw_1
A9.4,attn,9,0,1,1,pythia-160m,control,draw_1
A10.7,attn,10,0,1,1,pythia-160m,control,draw_1
A10.10,attn,10,0,1,1,pythia-160m,control,draw_1
A11.2,attn,11,0,1,1,pythia-160m,control,draw_1
A11.4,attn,11,0,1,1,pythia-160m,control,draw_1
A11.6,attn,11,0,1,1,pythia-160m,control,draw_1
M11,mlp,11,93,1,94,pythia-160m,control,draw_1
A7.1,attn,7,0,1,1,pythia-160m,control,draw_1
embed,embed,-1,0,20,20,pythia-160m,control,draw_2
M5,mlp,5,32,30,62,pythia-160m,control,draw_2
A0.0,attn,0,1,24,25,pythia-160m,control,draw_2
A0.1,attn,0,1,2,3,pythia-160m,control,draw_2
A0.2,attn,0,1,22,23,pythia-160m,control,draw_2
A0.7,attn,0,1,32,33,pythia-160m,control,draw_2
A0.8,attn,0,1,20,21,pythia-160m,control,draw_2
M0,mlp,0,1,76,77,pythia-160m,control,draw_2
A1.1,attn,1,2,10,12,pythia-160m,control,draw_2
A1.7,attn,1,2,7,9,pythia-160m,control,draw_2
A1.10,attn,1,3,26,29,pythia-160m,control,draw_2
M1,mlp,1,11,43,54,pythia-160m,control,draw_2
A2.4,attn,2,2,5,7,pythia-160m,control,draw_2
A2.8,attn,2,7,23,30,pythia-160m,control,draw_2
A2.9,attn,2,1,2,3,pythia-160m,control,draw_2
A2.11,attn,2,1,11,12,pythia-160m,control,draw_2
M2,mlp,2,17,49,66,pythia-160m,control,draw_2
A3.0,attn,3,5,19,24,pythia-160m,control,draw_2
A3.1,attn,3,3,21,24,pythia-160m,control,draw_2
A3.2,attn,3,5,25,30,pythia-160m,control,draw_2
A3.3,attn,3,6,12,18,pythia-160m,control,draw_2
A3.4,attn,3,4,23,27,pythia-160m,control,draw_2
A3.7,attn,3,2,5,7,pythia-160m,control,draw_2
A3.10,attn,3,1,7,8,pythia-160m,control,draw_2
M3,mlp,3,14,35,49,pythia-160m,control,draw_2
A4.1,attn,4,1,4,5,pythia-160m,control,draw_2
A4.4,attn,4,4,6,10,pythia-160m,control,draw_2
A4.6,attn,4,10,26,36,pythia-160m,control,draw_2
A4.7,attn,4,5,9,14,pythia-160m,control,draw_2
A4.8,attn,4,8,25,33,pythia-160m,control,draw_2
A4.10,attn,4,29,37,66,pythia-160m,control,draw_2
A4.11,attn,4,11,30,41,pythia-160m,control,draw_2
M4,mlp,4,26,31,57,pythia-160m,control,draw_2
A0.3,attn,0,1,11,12,pythia-160m,control,draw_2
A0.6,attn,0,0,5,5,pythia-160m,control,draw_2
A1.2,attn,1,4,17,21,pythia-160m,control,draw_2
A1.6,attn,1,2,5,7,pythia-160m,control,draw_2
A2.10,attn,2,2,6,8,pythia-160m,control,draw_2
A2.3,attn,2,2,9,11,pythia-160m,control,draw_2
A2.6,attn,2,4,16,20,pythia-160m,control,draw_2
A0.4,attn,0,1,9,10,pythia-160m,control,draw_2
A10.1,attn,10,11,2,13,pythia-160m,control,draw_2
A5.0,attn,5,40,24,64,pythia-160m,control,draw_2
A5.1,attn,5,14,29,43,pythia-160m,control,draw_2
A5.11,attn,5,6,14,20,pythia-160m,control,draw_2
A6.3,attn,6,18,17,35,pythia-160m,control,draw_2
A6.11,attn,6,29,23,52,pythia-160m,control,draw_2
M6,mlp,6,37,19,56,pythia-160m,control,draw_2
A7.7,attn,7,17,17,34,pythia-160m,control,draw_2
A8.2,attn,8,21,6,27,pythia-160m,control,draw_2
M8,mlp,8,66,17,83,pythia-160m,control,draw_2
A10.5,attn,10,4,2,6,pythia-160m,control,draw_2
M7,mlp,7,45,19,64,pythia-160m,control,draw_2
A10.6,attn,10,21,1,22,pythia-160m,control,draw_2
A5.6,attn,5,34,18,52,pythia-160m,control,draw_2
A5.10,attn,5,26,28,54,pythia-160m,control,draw_2
A6.2,attn,6,2,11,13,pythia-160m,control,draw_2
A7.3,attn,7,7,9,16,pythia-160m,control,draw_2
A7.11,attn,7,15,11,26,pythia-160m,control,draw_2
M9,mlp,9,71,8,79,pythia-160m,control,draw_2
A10.8,attn,10,6,1,7,pythia-160m,control,draw_2
A10.9,attn,10,6,2,8,pythia-160m,control,draw_2
A10.10,attn,10,4,1,5,pythia-160m,control,draw_2
A10.11,attn,10,7,1,8,pythia-160m,control,draw_2
A0.5,attn,0,1,3,4,pythia-160m,control,draw_2
A0.9,attn,0,1,4,5,pythia-160m,control,draw_2
A0.10,attn,0,1,3,4,pythia-160m,control,draw_2
A2.1,attn,2,0,8,8,pythia-160m,control,draw_2
A2.7,attn,2,0,7,7,pythia-160m,control,draw_2
A3.5,attn,3,1,8,9,pythia-160m,control,draw_2
A3.8,attn,3,9,18,27,pythia-160m,control,draw_2
A3.9,attn,3,4,11,15,pythia-160m,control,draw_2
A4.5,attn,4,6,14,20,pythia-160m,control,draw_2
A5.3,attn,5,1,5,6,pythia-160m,control,draw_2
A5.5,attn,5,4,13,17,pythia-160m,control,draw_2
A5.8,attn,5,8,18,26,pythia-160m,control,draw_2
A1.5,attn,1,0,8,8,pythia-160m,control,draw_2
A1.11,attn,1,1,4,5,pythia-160m,control,draw_2
A3.6,attn,3,2,4,6,pythia-160m,control,draw_2
A4.0,attn,4,3,12,15,pythia-160m,control,draw_2
A4.9,attn,4,4,5,9,pythia-160m,control,draw_2
A5.2,attn,5,2,5,7,pythia-160m,control,draw_2
A5.7,attn,5,14,6,20,pythia-160m,control,draw_2
A6.0,attn,6,5,6,11,pythia-160m,control,draw_2
A6.1,attn,6,6,5,11,pythia-160m,control,draw_2
A6.5,attn,6,11,8,19,pythia-160m,control,draw_2
A6.6,attn,6,10,10,20,pythia-160m,control,draw_2
A6.8,attn,6,9,6,15,pythia-160m,control,draw_2
A6.10,attn,6,2,5,7,pythia-160m,control,draw_2
A7.0,attn,7,1,2,3,pythia-160m,control,draw_2
A7.2,attn,7,0,4,4,pythia-160m,control,draw_2
A7.4,attn,7,5,7,12,pythia-160m,control,draw_2
A7.8,attn,7,17,5,22,pythia-160m,control,draw_2
A11.0,attn,11,2,1,3,pythia-160m,control,draw_2
A11.4,attn,11,1,1,2,pythia-160m,control,draw_2
A11.6,attn,11,2,1,3,pythia-160m,control,draw_2
A11.7,attn,11,2,1,3,pythia-160m,control,draw_2
A11.8,attn,11,3,1,4,pythia-160m,control,draw_2
A11.11,attn,11,3,1,4,pythia-160m,control,draw_2
A1.0,attn,1,0,4,4,pythia-160m,control,draw_2
A1.8,attn,1,1,1,2,pythia-160m,control,draw_2
A1.3,attn,1,1,4,5,pythia-160m,control,draw_2
A5.4,attn,5,3,3,6,pythia-160m,control,draw_2
A6.4,attn,6,1,4,5,pythia-160m,control,draw_2
A6.7,attn,6,10,4,14,pythia-160m,control,draw_2
A8.3,attn,8,2,3,5,pythia-160m,control,draw_2
A8.4,attn,8,5,3,8,pythia-160m,control,draw_2
A8.7,attn,8,4,2,6,pythia-160m,control,draw_2
A8.10,attn,8,13,4,17,pythia-160m,control,draw_2
A8.11,attn,8,34,6,40,pythia-160m,control,draw_2
A4.2,attn,4,3,6,9,pythia-160m,control,draw_2
R11,resid,11,125,0,125,pythia-160m,control,draw_2
A2.0,attn,2,0,3,3,pythia-160m,control,draw_2
A7.9,attn,7,0,1,1,pythia-160m,control,draw_2
A8.1,attn,8,0,2,2,pythia-160m,control,draw_2
A8.8,attn,8,6,3,9,pythia-160m,control,draw_2
A9.1,attn,9,6,3,9,pythia-160m,control,draw_2
A9.2,attn,9,26,2,28,pythia-160m,control,draw_2
A9.3,attn,9,3,3,6,pythia-160m,control,draw_2
A9.4,attn,9,0,1,1,pythia-160m,control,draw_2
A9.5,attn,9,2,3,5,pythia-160m,control,draw_2
A9.6,attn,9,30,2,32,pythia-160m,control,draw_2
A9.7,attn,9,22,2,24,pythia-160m,control,draw_2
A9.8,attn,9,15,3,18,pythia-160m,control,draw_2
A9.9,attn,9,26,3,29,pythia-160m,control,draw_2
A10.0,attn,10,0,1,1,pythia-160m,control,draw_2
A10.7,attn,10,0,1,1,pythia-160m,control,draw_2
M10,mlp,10,73,2,75,pythia-160m,control,draw_2
A11.2,attn,11,0,1,1,pythia-160m,control,draw_2
A11.9,attn,11,0,1,1,pythia-160m,control,draw_2
M11,mlp,11,85,1,86,pythia-160m,control,draw_2
A8.0,attn,8,2,1,3,pythia-160m,control,draw_2
A1.4,attn,1,0,1,1,pythia-160m,control,draw_2
A7.5,attn,7,0,1,1,pythia-160m,control,draw_2
embed,embed,-1,0,17,17,pythia-160m,control,draw_3
A0.0,attn,0,1,21,22,pythia-160m,control,draw_3
A0.2,attn,0,1,19,20,pythia-160m,control,draw_3
A0.3,attn,0,1,7,8,pythia-160m,control,draw_3
A0.4,attn,0,1,10,11,pythia-160m,control,draw_3
A0.5,attn,0,1,4,5,pythia-160m,control,draw_3
A0.6,attn,0,1,4,5,pythia-160m,control,draw_3
A0.7,attn,0,1,27,28,pythia-160m,control,draw_3
A0.8,attn,0,1,15,16,pythia-160m,control,draw_3
A0.10,attn,0,1,4,5,pythia-160m,control,draw_3
M3,mlp,3,16,35,51,pythia-160m,control,draw_3
A0.9,attn,0,0,2,2,pythia-160m,control,draw_3
M0,mlp,0,1,75,76,pythia-160m,control,draw_3
A1.2,attn,1,2,17,19,pythia-160m,control,draw_3
A1.6,attn,1,1,14,15,pythia-160m,control,draw_3
A1.8,attn,1,0,1,1,pythia-160m,control,draw_3
A1.10,attn,1,3,26,29,pythia-160m,control,draw_3
A1.11,attn,1,1,6,7,pythia-160m,control,draw_3
M1,mlp,1,8,35,43,pythia-160m,control,draw_3
A2.1,attn,2,1,6,7,pythia-160m,control,draw_3
A2.4,attn,2,1,7,8,pythia-160m,control,draw_3
A2.6,attn,2,2,21,23,pythia-160m,control,draw_3
A2.10,attn,2,1,10,11,pythia-160m,control,draw_3
M2,mlp,2,12,44,56,pythia-160m,control,draw_3
A4.6,attn,4,11,28,39,pythia-160m,control,draw_3
A9.1,attn,9,3,1,4,pythia-160m,control,draw_3
A5.1,attn,5,21,28,49,pythia-160m,control,draw_3
A6.11,attn,6,29,23,52,pythia-160m,control,draw_3
A9.2,attn,9,31,2,33,pythia-160m,control,draw_3
A2.8,attn,2,5,28,33,pythia-160m,control,draw_3
A2.9,attn,2,0,8,8,pythia-160m,control,draw_3
A3.2,attn,3,7,30,37,pythia-160m,control,draw_3
A3.8,attn,3,11,26,37,pythia-160m,control,draw_3
A4.0,attn,4,1,11,12,pythia-160m,control,draw_3
A4.5,attn,4,8,17,25,pythia-160m,control,draw_3
A4.10,attn,4,25,32,57,pythia-160m,control,draw_3
A4.11,attn,4,12,31,43,pythia-160m,control,draw_3
M4,mlp,4,23,27,50,pythia-160m,control,draw_3
A5.0,attn,5,38,21,59,pythia-160m,control,draw_3
A5.5,attn,5,4,12,16,pythia-160m,control,draw_3
A5.6,attn,5,29,12,41,pythia-160m,control,draw_3
A5.7,attn,5,17,7,24,pythia-160m,control,draw_3
A5.10,attn,5,21,25,46,pythia-160m,control,draw_3
A6.3,attn,6,15,19,34,pythia-160m,control,draw_3
A6.5,attn,6,9,7,16,pythia-160m,control,draw_3
A6.6,attn,6,14,9,23,pythia-160m,control,draw_3
M6,mlp,6,34,14,48,pythia-160m,control,draw_3
A7.2,attn,7,1,4,5,pythia-160m,control,draw_3
A7.4,attn,7,8,8,16,pythia-160m,control,draw_3
A7.7,attn,7,11,14,25,pythia-160m,control,draw_3
A7.11,attn,7,15,14,29,pythia-160m,control,draw_3
M7,mlp,7,44,22,66,pythia-160m,control,draw_3
A8.11,attn,8,37,5,42,pythia-160m,control,draw_3
M8,mlp,8,66,16,82,pythia-160m,control,draw_3
A9.3,attn,9,7,2,9,pythia-160m,control,draw_3
A3.1,attn,3,4,21,25,pythia-160m,control,draw_3
A7.8,attn,7,25,7,32,pythia-160m,control,draw_3
A4.8,attn,4,10,23,33,pythia-160m,control,draw_3
A9.4,attn,9,2,1,3,pythia-160m,control,draw_3
A9.5,attn,9,1,3,4,pythia-160m,control,draw_3
A9.6,attn,9,19,3,22,pythia-160m,control,draw_3
A6.2,attn,6,0,6,6,pythia-160m,control,draw_3
A6.10,attn,6,0,7,7,pythia-160m,control,draw_3
A9.7,attn,9,13,2,15,pythia-160m,control,draw_3
A9.8,attn,9,20,3,23,pythia-160m,control,draw_3
A3.4,attn,3,7,26,33,pythia-160m,control,draw_3
A5.11,attn,5,6,14,20,pythia-160m,control,draw_3
A9.9,attn,9,32,3,35,pythia-160m,control,draw_3
A5.8,attn,5,6,13,19,pythia-160m,control,draw_3
M5,mlp,5,34,22,56,pythia-160m,control,draw_3
A6.0,attn,6,2,6,8,pythia-160m,control,draw_3
A7.3,attn,7,5,7,12,pythia-160m,control,draw_3
A1.1,attn,1,1,7,8,pythia-160m,control,draw_3
A1.7,attn,1,1,9,10,pythia-160m,control,draw_3
A2.3,attn,2,2,12,14,pythia-160m,control,draw_3
A2.7,attn,2,0,5,5,pythia-160m,control,draw_3
A2.11,attn,2,1,11,12,pythia-160m,control,draw_3
A3.0,attn,3,3,17,20,pythia-160m,control,draw_3
A3.3,attn,3,7,12,19,pythia-160m,control,draw_3
A3.5,attn,3,0,4,4,pythia-160m,control,draw_3
A3.9,attn,3,2,10,12,pythia-160m,control,draw_3
A3.10,attn,3,0,6,6,pythia-160m,control,draw_3
A4.2,attn,4,3,10,13,pythia-160m,control,draw_3
A4.3,attn,4,1,1,2,pythia-160m,control,draw_3
A4.9,attn,4,1,6,7,pythia-160m,control,draw_3
A5.2,attn,5,1,6,7,pythia-160m,control,draw_3
A5.3,attn,5,2,5,7,pythia-160m,control,draw_3
A6.1,attn,6,5,6,11,pythia-160m,control,draw_3
A6.8,attn,6,5,6,11,pythia-160m,control,draw_3
A7.0,attn,7,0,3,3,pythia-160m,control,draw_3
A1.5,attn,1,0,4,4,pythia-160m,control,draw_3
A1.0,attn,1,0,4,4,pythia-160m,control,draw_3
A3.7,attn,3,1,3,4,pythia-160m,control,draw_3
A4.7,attn,4,2,9,11,pythia-160m,control,draw_3
A8.1,attn,8,6,2,8,pythia-160m,control,draw_3
A8.2,attn,8,28,4,32,pythia-160m,control,draw_3
A6.7,attn,6,6,3,9,pythia-160m,control,draw_3
A8.3,attn,8,2,3,5,pythia-160m,control,draw_3
A8.4,attn,8,10,3,13,pythia-160m,control,draw_3
A8.7,attn,8,12,4,16,pythia-160m,control,draw_3
A8.8,attn,8,9,3,12,pythia-160m,control,draw_3
A8.10,attn,8,9,4,13,pythia-160m,control,draw_3
A4.4,attn,4,1,4,5,pythia-160m,control,draw_3
A6.4,attn,6,4,5,9,pythia-160m,control,draw_3
A4.1,attn,4,1,4,5,pythia-160m,control,draw_3
A3.6,attn,3,2,4,6,pythia-160m,control,draw_3
M11,mlp,11,87,1,88,pythia-160m,control,draw_3
A5.4,attn,5,2,3,5,pythia-160m,control,draw_3
A7.5,attn,7,0,2,2,pythia-160m,control,draw_3
A9.0,attn,9,0,2,2,pythia-160m,control,draw_3
M9,mlp,9,79,7,86,pythia-160m,control,draw_3
A10.1,attn,10,1,2,3,pythia-160m,control,draw_3
A10.5,attn,10,3,2,5,pythia-160m,control,draw_3
A10.9,attn,10,7,2,9,pythia-160m,control,draw_3
A10.11,attn,10,4,2,6,pythia-160m,control,draw_3
M10,mlp,10,78,3,81,pythia-160m,control,draw_3
A11.0,attn,11,2,1,3,pythia-160m,control,draw_3
A11.2,attn,11,1,1,2,pythia-160m,control,draw_3
A11.7,attn,11,1,1,2,pythia-160m,control,draw_3
A11.8,attn,11,5,1,6,pythia-160m,control,draw_3
A11.11,attn,11,3,1,4,pythia-160m,control,draw_3
A2.0,attn,2,0,3,3,pythia-160m,control,draw_3
A3.11,attn,3,1,1,2,pythia-160m,control,draw_3
A10.6,attn,10,12,1,13,pythia-160m,control,draw_3
A10.10,attn,10,3,1,4,pythia-160m,control,draw_3
A7.1,attn,7,0,1,1,pythia-160m,control,draw_3
A1.3,attn,1,0,4,4,pythia-160m,control,draw_3
R11,resid,11,127,0,127,pythia-160m,control,draw_3
A8.0,attn,8,0,1,1,pythia-160m,control,draw_3
A10.0,attn,10,0,1,1,pythia-160m,control,draw_3
A10.7,attn,10,0,1,1,pythia-160m,control,draw_3
A10.8,attn,10,0,1,1,pythia-160m,control,draw_3
A11.4,attn,11,0,1,1,pythia-160m,control,draw_3
A11.6,attn,11,0,1,1,pythia-160m,control,draw_3
A11.9,attn,11,0,1,1,pythia-160m,control,draw_3
M0,mlp,0,1,148,149,pythia-410m,low,draw_1
M19,mlp,19,98,16,114,pythia-410m,low,draw_1
A1.11,attn,1,1,12,13,pythia-410m,low,draw_1
M1,mlp,1,7,49,56,pythia-410m,low,draw_1
A2.10,attn,2,2,18,20,pythia-410m,low,draw_1
M2,mlp,2,9,65,74,pythia-410m,low,draw_1
A3.1,attn,3,3,32,35,pythia-410m,low,draw_1
M3,mlp,3,14,73,87,pythia-410m,low,draw_1
A4.9,attn,4,0,4,4,pythia-410m,low,draw_1
M4,mlp,4,18,79,97,pythia-410m,low,draw_1
A5.2,attn,5,5,40,45,pythia-410m,low,draw_1
A5.3,attn,5,2,10,12,pythia-410m,low,draw_1
A5.8,attn,5,1,11,12,pythia-410m,low,draw_1
A5.9,attn,5,5,33,38,pythia-410m,low,draw_1
M5,mlp,5,23,92,115,pythia-410m,low,draw_1
A6.0,attn,6,11,63,74,pythia-410m,low,draw_1
A6.3,attn,6,6,36,42,pythia-410m,low,draw_1
A6.15,attn,6,1,9,10,pythia-410m,low,draw_1
M6,mlp,6,26,56,82,pythia-410m,low,draw_1
A7.1,attn,7,12,96,108,pythia-410m,low,draw_1
A7.2,attn,7,9,24,33,pythia-410m,low,draw_1
A7.8,attn,7,28,85,113,pythia-410m,low,draw_1
A7.14,attn,7,5,12,17,pythia-410m,low,draw_1
M7,mlp,7,25,70,95,pythia-410m,low,draw_1
A8.0,attn,8,10,50,60,pythia-410m,low,draw_1
A8.4,attn,8,8,10,18,pythia-410m,low,draw_1
A8.6,attn,8,23,38,61,pythia-410m,low,draw_1
A8.7,attn,8,7,26,33,pythia-410m,low,draw_1
A8.9,attn,8,10,48,58,pythia-410m,low,draw_1
A8.13,attn,8,13,74,87,pythia-410m,low,draw_1
A8.14,attn,8,2,18,20,pythia-410m,low,draw_1
A8.15,attn,8,5,36,41,pythia-410m,low,draw_1
M8,mlp,8,30,63,93,pythia-410m,low,draw_1
A9.0,attn,9,5,4,9,pythia-410m,low,draw_1
A9.1,attn,9,23,46,69,pythia-410m,low,draw_1
A9.4,attn,9,28,51,79,pythia-410m,low,draw_1
A9.5,attn,9,26,43,69,pythia-410m,low,draw_1
A9.6,attn,9,5,15,20,pythia-410m,low,draw_1
A9.9,attn,9,16,36,52,pythia-410m,low,draw_1
A9.12,attn,9,4,4,8,pythia-410m,low,draw_1
A9.15,attn,9,4,13,17,pythia-410m,low,draw_1
M9,mlp,9,45,56,101,pythia-410m,low,draw_1
A10.0,attn,10,28,40,68,pythia-410m,low,draw_1
A10.5,attn,10,6,13,19,pythia-410m,low,draw_1
A10.6,attn,10,4,12,16,pythia-410m,low,draw_1
A10.9,attn,10,13,46,59,pythia-410m,low,draw_1
A10.10,attn,10,12,20,32,pythia-410m,low,draw_1
A10.11,attn,10,6,8,14,pythia-410m,low,draw_1
A10.12,attn,10,17,42,59,pythia-410m,low,draw_1
A10.13,attn,10,9,18,27,pythia-410m,low,draw_1
M10,mlp,10,62,62,124,pythia-410m,low,draw_1
A11.1,attn,11,42,33,75,pythia-410m,low,draw_1
A11.2,attn,11,30,48,78,pythia-410m,low,draw_1
A11.6,attn,11,42,51,93,pythia-410m,low,draw_1
A11.13,attn,11,19,12,31,pythia-410m,low,draw_1
A11.14,attn,11,47,64,111,pythia-410m,low,draw_1
M11,mlp,11,60,51,111,pythia-410m,low,draw_1
A12.0,attn,12,15,12,27,pythia-410m,low,draw_1
A12.4,attn,12,4,16,20,pythia-410m,low,draw_1
A12.5,attn,12,46,20,66,pythia-410m,low,draw_1
A12.7,attn,12,23,9,32,pythia-410m,low,draw_1
A12.10,attn,12,4,8,12,pythia-410m,low,draw_1
A12.11,attn,12,18,26,44,pythia-410m,low,draw_1
A12.13,attn,12,66,23,89,pythia-410m,low,draw_1
M12,mlp,12,47,38,85,pythia-410m,low,draw_1
A13.0,attn,13,56,40,96,pythia-410m,low,draw_1
A13.12,attn,13,7,9,16,pythia-410m,low,draw_1
M13,mlp,13,70,37,107,pythia-410m,low,draw_1
A14.0,attn,14,21,15,36,pythia-410m,low,draw_1
A14.5,attn,14,17,10,27,pythia-410m,low,draw_1
A14.8,attn,14,20,8,28,pythia-410m,low,draw_1
A14.15,attn,14,1,6,7,pythia-410m,low,draw_1
M14,mlp,14,64,42,106,pythia-410m,low,draw_1
A15.0,attn,15,4,5,9,pythia-410m,low,draw_1
A15.4,attn,15,17,8,25,pythia-410m,low,draw_1
A15.6,attn,15,29,11,40,pythia-410m,low,draw_1
A15.11,attn,15,24,22,46,pythia-410m,low,draw_1
M15,mlp,15,70,20,90,pythia-410m,low,draw_1
A16.1,attn,16,28,8,36,pythia-410m,low,draw_1
A16.5,attn,16,32,9,41,pythia-410m,low,draw_1
A16.10,attn,16,3,5,8,pythia-410m,low,draw_1
A16.11,attn,16,3,7,10,pythia-410m,low,draw_1
A16.12,attn,16,27,6,33,pythia-410m,low,draw_1
A16.13,attn,16,21,4,25,pythia-410m,low,draw_1
A16.15,attn,16,20,7,27,pythia-410m,low,draw_1
M16,mlp,16,106,24,130,pythia-410m,low,draw_1
A17.4,attn,17,15,9,24,pythia-410m,low,draw_1
A17.6,attn,17,23,5,28,pythia-410m,low,draw_1
A17.10,attn,17,32,9,41,pythia-410m,low,draw_1
A17.11,attn,17,4,6,10,pythia-410m,low,draw_1
A17.14,attn,17,5,3,8,pythia-410m,low,draw_1
M17,mlp,17,82,28,110,pythia-410m,low,draw_1
A18.2,attn,18,6,4,10,pythia-410m,low,draw_1
A18.7,attn,18,13,4,17,pythia-410m,low,draw_1
A18.8,attn,18,41,9,50,pythia-410m,low,draw_1
A18.10,attn,18,5,2,7,pythia-410m,low,draw_1
A18.12,attn,18,22,6,28,pythia-410m,low,draw_1
A18.14,attn,18,20,6,26,pythia-410m,low,draw_1
M18,mlp,18,101,26,127,pythia-410m,low,draw_1
embed,embed,-1,0,18,18,pythia-410m,low,draw_1
A0.0,attn,0,1,15,16,pythia-410m,low,draw_1
A0.9,attn,0,1,4,5,pythia-410m,low,draw_1
A0.15,attn,0,1,8,9,pythia-410m,low,draw_1
A4.5,attn,4,0,10,10,pythia-410m,low,draw_1
A4.6,attn,4,2,7,9,pythia-410m,low,draw_1
A5.4,attn,5,0,5,5,pythia-410m,low,draw_1
A5.5,attn,5,3,16,19,pythia-410m,low,draw_1
A6.4,attn,6,0,6,6,pythia-410m,low,draw_1
A6.5,attn,6,1,6,7,pythia-410m,low,draw_1
A6.9,attn,6,2,6,8,pythia-410m,low,draw_1
A6.11,attn,6,0,4,4,pythia-410m,low,draw_1
A6.13,attn,6,10,21,31,pythia-410m,low,draw_1
A7.0,attn,7,6,28,34,pythia-410m,low,draw_1
A7.6,attn,7,0,9,9,pythia-410m,low,draw_1
A7.7,attn,7,6,14,20,pythia-410m,low,draw_1
A7.9,attn,7,2,16,18,pythia-410m,low,draw_1
A7.10,attn,7,4,14,18,pythia-410m,low,draw_1
A7.12,attn,7,1,2,3,pythia-410m,low,draw_1
A7.13,attn,7,2,12,14,pythia-410m,low,draw_1
A8.1,attn,8,1,7,8,pythia-410m,low,draw_1
A8.2,attn,8,6,27,33,pythia-410m,low,draw_1
A8.5,attn,8,5,16,21,pythia-410m,low,draw_1
A8.10,attn,8,4,13,17,pythia-410m,low,draw_1
A8.11,attn,8,8,14,22,pythia-410m,low,draw_1
A8.12,attn,8,11,30,41,pythia-410m,low,draw_1
A9.7,attn,9,2,10,12,pythia-410m,low,draw_1
A9.8,attn,9,8,19,27,pythia-410m,low,draw_1
A9.13,attn,9,13,29,42,pythia-410m,low,draw_1
A10.1,attn,10,11,9,20,pythia-410m,low,draw_1
A10.3,attn,10,35,43,78,pythia-410m,low,draw_1
A10.4,attn,10,11,7,18,pythia-410m,low,draw_1
A10.7,attn,10,7,15,22,pythia-410m,low,draw_1
A10.8,attn,10,1,3,4,pythia-410m,low,draw_1
A11.4,attn,11,17,9,26,pythia-410m,low,draw_1
A11.8,attn,11,4,6,10,pythia-410m,low,draw_1
A11.15,attn,11,20,14,34,pythia-410m,low,draw_1
A12.1,attn,12,3,9,12,pythia-410m,low,draw_1
A12.6,attn,12,4,3,7,pythia-410m,low,draw_1
A12.8,attn,12,7,3,10,pythia-410m,low,draw_1
A13.5,attn,13,6,15,21,pythia-410m,low,draw_1
A13.14,attn,13,8,9,17,pythia-410m,low,draw_1
A14.6,attn,14,2,2,4,pythia-410m,low,draw_1
A15.2,attn,15,10,3,13,pythia-410m,low,draw_1
A15.5,attn,15,7,2,9,pythia-410m,low,draw_1
A15.8,attn,15,17,4,21,pythia-410m,low,draw_1
A15.14,attn,15,6,4,10,pythia-410m,low,draw_1
R23,resid,23,282,0,282,pythia-410m,low,draw_1
A0.3,attn,0,1,6,7,pythia-410m,low,draw_1
A0.5,attn,0,1,23,24,pythia-410m,low,draw_1
A0.6,attn,0,1,5,6,pythia-410m,low,draw_1
A0.7,attn,0,1,6,7,pythia-410m,low,draw_1
A0.11,attn,0,0,2,2,pythia-410m,low,draw_1
A0.13,attn,0,1,2,3,pythia-410m,low,draw_1
A0.14,attn,0,1,19,20,pythia-410m,low,draw_1
A1.3,attn,1,0,6,6,pythia-410m,low,draw_1
A1.6,attn,1,0,5,5,pythia-410m,low,draw_1
A1.8,attn,1,2,6,8,pythia-410m,low,draw_1
A1.10,attn,1,0,7,7,pythia-410m,low,draw_1
A1.12,attn,1,0,3,3,pythia-410m,low,draw_1
A1.13,attn,1,1,6,7,pythia-410m,low,draw_1
A1.14,attn,1,0,4,4,pythia-410m,low,draw_1
A1.15,attn,1,0,8,8,pythia-410m,low,draw_1
A2.0,attn,2,0,2,2,pythia-410m,low,draw_1
A2.3,attn,2,4,4,8,pythia-410m,low,draw_1
A2.7,attn,2,0,3,3,pythia-410m,low,draw_1
A2.13,attn,2,0,1,1,pythia-410m,low,draw_1
A3.2,attn,3,2,3,5,pythia-410m,low,draw_1
A3.7,attn,3,0,7,7,pythia-410m,low,draw_1
A3.9,attn,3,0,2,2,pythia-410m,low,draw_1
A3.10,attn,3,0,3,3,pythia-410m,low,draw_1
A3.12,attn,3,0,4,4,pythia-410m,low,draw_1
A4.4,attn,4,0,1,1,pythia-410m,low,draw_1
A4.12,attn,4,1,2,3,pythia-410m,low,draw_1
A4.14,attn,4,1,6,7,pythia-410m,low,draw_1
A5.0,attn,5,0,1,1,pythia-410m,low,draw_1
A5.1,attn,5,1,3,4,pythia-410m,low,draw_1
A5.11,attn,5,1,4,5,pythia-410m,low,draw_1
A5.12,attn,5,1,5,6,pythia-410m,low,draw_1
A5.15,attn,5,1,2,3,pythia-410m,low,draw_1
A6.6,attn,6,2,6,8,pythia-410m,low,draw_1
A6.12,attn,6,1,4,5,pythia-410m,low,draw_1
A6.14,attn,6,0,2,2,pythia-410m,low,draw_1
A7.3,attn,7,1,7,8,pythia-410m,low,draw_1
A7.4,attn,7,2,10,12,pythia-410m,low,draw_1
A7.5,attn,7,0,1,1,pythia-410m,low,draw_1
A8.3,attn,8,2,7,9,pythia-410m,low,draw_1
A8.8,attn,8,2,5,7,pythia-410m,low,draw_1
A9.3,attn,9,14,19,33,pythia-410m,low,draw_1
A9.14,attn,9,1,3,4,pythia-410m,low,draw_1
A10.2,attn,10,1,3,4,pythia-410m,low,draw_1
A10.14,attn,10,6,4,10,pythia-410m,low,draw_1
A10.15,attn,10,2,4,6,pythia-410m,low,draw_1
A11.0,attn,11,2,2,4,pythia-410m,low,draw_1
A11.3,attn,11,2,1,3,pythia-410m,low,draw_1
A11.9,attn,11,1,2,3,pythia-410m,low,draw_1
A12.2,attn,12,1,1,2,pythia-410m,low,draw_1
A12.9,attn,12,5,2,7,pythia-410m,low,draw_1
A12.12,attn,12,24,15,39,pythia-410m,low,draw_1
A13.1,attn,13,3,2,5,pythia-410m,low,draw_1
A13.4,attn,13,0,1,1,pythia-410m,low,draw_1
A13.6,attn,13,1,1,2,pythia-410m,low,draw_1
A13.9,attn,13,5,1,6,pythia-410m,low,draw_1
A13.13,attn,13,1,1,2,pythia-410m,low,draw_1
A14.1,attn,14,1,6,7,pythia-410m,low,draw_1
A14.2,attn,14,25,10,35,pythia-410m,low,draw_1
A14.3,attn,14,0,1,1,pythia-410m,low,draw_1
A14.7,attn,14,3,1,4,pythia-410m,low,draw_1
A14.11,attn,14,6,5,11,pythia-410m,low,draw_1
A14.12,attn,14,1,2,3,pythia-410m,low,draw_1
A14.13,attn,14,0,1,1,pythia-410m,low,draw_1
A15.1,attn,15,2,2,4,pythia-410m,low,draw_1
A15.10,attn,15,5,2,7,pythia-410m,low,draw_1
A15.12,attn,15,12,1,13,pythia-410m,low,draw_1
A15.15,attn,15,6,9,15,pythia-410m,low,draw_1
A16.0,attn,16,5,3,8,pythia-410m,low,draw_1
A16.3,attn,16,17,8,25,pythia-410m,low,draw_1
A16.4,attn,16,21,5,26,pythia-410m,low,draw_1
A16.6,attn,16,0,3,3,pythia-410m,low,draw_1
A16.7,attn,16,22,10,32,pythia-410m,low,draw_1
A16.14,attn,16,48,14,62,pythia-410m,low,draw_1
A17.1,attn,17,14,4,18,pythia-410m,low,draw_1
A17.2,attn,17,11,3,14,pythia-410m,low,draw_1
A17.5,attn,17,10,2,12,pythia-410m,low,draw_1
A17.7,attn,17,2,1,3,pythia-410m,low,draw_1
A17.9,attn,17,20,4,24,pythia-410m,low,draw_1
A17.12,attn,17,4,1,5,pythia-410m,low,draw_1
A17.15,attn,17,9,2,11,pythia-410m,low,draw_1
A18.0,attn,18,17,4,21,pythia-410m,low,draw_1
A18.3,attn,18,0,2,2,pythia-410m,low,draw_1
A18.5,attn,18,2,3,5,pythia-410m,low,draw_1
A18.11,attn,18,26,6,32,pythia-410m,low,draw_1
A18.13,attn,18,7,2,9,pythia-410m,low,draw_1
A18.15,attn,18,5,2,7,pythia-410m,low,draw_1
A19.2,attn,19,13,3,16,pythia-410m,low,draw_1
A19.3,attn,19,1,2,3,pythia-410m,low,draw_1
A19.4,attn,19,7,3,10,pythia-410m,low,draw_1
A19.5,attn,19,4,4,8,pythia-410m,low,draw_1
A19.6,attn,19,4,1,5,pythia-410m,low,draw_1
A19.7,attn,19,16,2,18,pythia-410m,low,draw_1
A19.8,attn,19,5,3,8,pythia-410m,low,draw_1
A19.9,attn,19,17,4,21,pythia-410m,low,draw_1
A19.10,attn,19,1,3,4,pythia-410m,low,draw_1
A19.11,attn,19,3,4,7,pythia-410m,low,draw_1
A19.12,attn,19,7,3,10,pythia-410m,low,draw_1
A19.15,attn,19,50,5,55,pythia-410m,low,draw_1
A20.1,attn,20,5,1,6,pythia-410m,low,draw_1
A20.2,attn,20,15,1,16,pythia-410m,low,draw_1
A20.4,attn,20,3,1,4,pythia-410m,low,draw_1
A20.6,attn,20,3,4,7,pythia-410m,low,draw_1
A20.7,attn,20,1,1,2,pythia-410m,low,draw_1
A20.13,attn,20,4,1,5,pythia-410m,low,draw_1
A20.14,attn,20,2,4,6,pythia-410m,low,draw_1
A20.15,attn,20,5,1,6,pythia-410m,low,draw_1
M20,mlp,20,74,11,85,pythia-410m,low,draw_1
A21.0,attn,21,0,1,1,pythia-410m,low,draw_1
A21.1,attn,21,4,1,5,pythia-410m,low,draw_1
A21.2,attn,21,3,3,6,pythia-410m,low,draw_1
A21.4,attn,21,9,2,11,pythia-410m,low,draw_1
A21.5,attn,21,0,1,1,pythia-410m,low,draw_1
A21.6,attn,21,1,2,3,pythia-410m,low,draw_1
A21.7,attn,21,24,1,25,pythia-410m,low,draw_1
A21.11,attn,21,0,2,2,pythia-410m,low,draw_1
A21.12,attn,21,5,3,8,pythia-410m,low,draw_1
A21.13,attn,21,2,2,4,pythia-410m,low,draw_1
A21.14,attn,21,6,1,7,pythia-410m,low,draw_1
M21,mlp,21,93,5,98,pythia-410m,low,draw_1
A22.2,attn,22,17,2,19,pythia-410m,low,draw_1
A22.3,attn,22,3,2,5,pythia-410m,low,draw_1
A22.6,attn,22,20,2,22,pythia-410m,low,draw_1
A22.8,attn,22,1,1,2,pythia-410m,low,draw_1
A22.10,attn,22,0,1,1,pythia-410m,low,draw_1
A22.11,attn,22,22,2,24,pythia-410m,low,draw_1
A22.15,attn,22,1,1,2,pythia-410m,low,draw_1
M22,mlp,22,132,3,135,pythia-410m,low,draw_1
A23.0,attn,23,0,1,1,pythia-410m,low,draw_1
A23.1,attn,23,0,1,1,pythia-410m,low,draw_1
A23.8,attn,23,0,1,1,pythia-410m,low,draw_1
A23.11,attn,23,1,1,2,pythia-410m,low,draw_1
A23.12,attn,23,5,1,6,pythia-410m,low,draw_1
A23.13,attn,23,1,1,2,pythia-410m,low,draw_1
A23.14,attn,23,0,1,1,pythia-410m,low,draw_1
A23.15,attn,23,0,1,1,pythia-410m,low,draw_1
M23,mlp,23,179,1,180,pythia-410m,low,draw_1
A9.2,attn,9,0,3,3,pythia-410m,low,draw_1
A0.4,attn,0,1,3,4,pythia-410m,low,draw_1
A0.10,attn,0,1,2,3,pythia-410m,low,draw_1
A0.12,attn,0,1,2,3,pythia-410m,low,draw_1
A17.0,attn,17,0,1,1,pythia-410m,low,draw_1
A2.8,attn,2,2,2,4,pythia-410m,low,draw_1
A2.11,attn,2,0,1,1,pythia-410m,low,draw_1
A1.4,attn,1,2,8,10,pythia-410m,low,draw_1
A2.15,attn,2,2,2,4,pythia-410m,low,draw_1
A19.1,attn,19,2,1,3,pythia-410m,low,draw_1
A19.14,attn,19,1,1,2,pythia-410m,low,draw_1
A3.4,attn,3,0,1,1,pythia-410m,low,draw_1
A4.15,attn,4,2,3,5,pythia-410m,low,draw_1
A5.6,attn,5,0,2,2,pythia-410m,low,draw_1
A6.2,attn,6,0,2,2,pythia-410m,low,draw_1
A7.11,attn,7,1,1,2,pythia-410m,low,draw_1
A5.14,attn,5,0,1,1,pythia-410m,low,draw_1
A6.1,attn,6,0,1,1,pythia-410m,low,draw_1
A6.10,attn,6,0,5,5,pythia-410m,low,draw_1
A4.0,attn,4,1,6,7,pythia-410m,low,draw_1
A7.15,attn,7,0,1,1,pythia-410m,low,draw_1
A12.15,attn,12,0,1,1,pythia-410m,low,draw_1
A1.5,attn,1,1,1,2,pythia-410m,low,draw_1
A1.9,attn,1,0,1,1,pythia-410m,low,draw_1
A4.8,attn,4,1,2,3,pythia-410m,low,draw_1
A4.13,attn,4,2,1,3,pythia-410m,low,draw_1
A1.7,attn,1,4,1,5,pythia-410m,low,draw_1
A2.4,attn,2,0,1,1,pythia-410m,low,draw_1
A4.11,attn,4,0,1,1,pythia-410m,low,draw_1
A4.10,attn,4,0,1,1,pythia-410m,low,draw_1
A3.6,attn,3,0,1,1,pythia-410m,low,draw_1
A13.10,attn,13,0,1,1,pythia-410m,low,draw_1
A21.10,attn,21,0,1,1,pythia-410m,low,draw_1
embed,embed,-1,0,12,12,pythia-410m,low,draw_2
M0,mlp,0,1,133,134,pythia-410m,low,draw_2
A0.0,attn,0,1,17,18,pythia-410m,low,draw_2
M16,mlp,16,94,19,113,pythia-410m,low,draw_2
A1.3,attn,1,0,5,5,pythia-410m,low,draw_2
A1.6,attn,1,0,5,5,pythia-410m,low,draw_2
A1.10,attn,1,1,8,9,pythia-410m,low,draw_2
M1,mlp,1,5,47,52,pythia-410m,low,draw_2
A2.7,attn,2,0,5,5,pythia-410m,low,draw_2
M2,mlp,2,13,62,75,pythia-410m,low,draw_2
A3.7,attn,3,1,9,10,pythia-410m,low,draw_2
A3.12,attn,3,2,5,7,pythia-410m,low,draw_2
M3,mlp,3,11,70,81,pythia-410m,low,draw_2
A4.9,attn,4,2,11,13,pythia-410m,low,draw_2
M4,mlp,4,13,81,94,pythia-410m,low,draw_2
A5.1,attn,5,0,9,9,pythia-410m,low,draw_2
A5.2,attn,5,7,45,52,pythia-410m,low,draw_2
A5.9,attn,5,2,30,32,pythia-410m,low,draw_2
M5,mlp,5,16,90,106,pythia-410m,low,draw_2
A6.0,attn,6,11,64,75,pythia-410m,low,draw_2
A6.3,attn,6,5,47,52,pythia-410m,low,draw_2
A6.10,attn,6,1,6,7,pythia-410m,low,draw_2
A6.12,attn,6,1,4,5,pythia-410m,low,draw_2
A6.13,attn,6,5,24,29,pythia-410m,low,draw_2
M6,mlp,6,22,52,74,pythia-410m,low,draw_2
A7.0,attn,7,11,24,35,pythia-410m,low,draw_2
A7.1,attn,7,15,97,112,pythia-410m,low,draw_2
A7.2,attn,7,4,32,36,pythia-410m,low,draw_2
A7.3,attn,7,0,7,7,pythia-410m,low,draw_2
A7.7,attn,7,8,16,24,pythia-410m,low,draw_2
A7.8,attn,7,29,88,117,pythia-410m,low,draw_2
A7.12,attn,7,0,2,2,pythia-410m,low,draw_2
A7.13,attn,7,2,10,12,pythia-410m,low,draw_2
M7,mlp,7,29,61,90,pythia-410m,low,draw_2
A8.2,attn,8,7,32,39,pythia-410m,low,draw_2
A8.4,attn,8,4,9,13,pythia-410m,low,draw_2
A8.9,attn,8,12,47,59,pythia-410m,low,draw_2
A8.10,attn,8,6,8,14,pythia-410m,low,draw_2
A8.11,attn,8,6,15,21,pythia-410m,low,draw_2
A8.12,attn,8,6,24,30,pythia-410m,low,draw_2
A8.13,attn,8,11,80,91,pythia-410m,low,draw_2
A8.14,attn,8,4,18,22,pythia-410m,low,draw_2
A8.15,attn,8,9,38,47,pythia-410m,low,draw_2
M8,mlp,8,29,63,92,pythia-410m,low,draw_2
A9.1,attn,9,24,45,69,pythia-410m,low,draw_2
A9.4,attn,9,30,50,80,pythia-410m,low,draw_2
A9.5,attn,9,16,37,53,pythia-410m,low,draw_2
A9.6,attn,9,8,19,27,pythia-410m,low,draw_2
A9.8,attn,9,2,19,21,pythia-410m,low,draw_2
A9.9,attn,9,14,31,45,pythia-410m,low,draw_2
A9.12,attn,9,3,4,7,pythia-410m,low,draw_2
A9.13,attn,9,13,32,45,pythia-410m,low,draw_2
A9.15,attn,9,1,7,8,pythia-410m,low,draw_2
M9,mlp,9,46,49,95,pythia-410m,low,draw_2
A10.0,attn,10,26,48,74,pythia-410m,low,draw_2
A10.1,attn,10,8,9,17,pythia-410m,low,draw_2
A10.3,attn,10,36,48,84,pythia-410m,low,draw_2
A10.4,attn,10,8,11,19,pythia-410m,low,draw_2
A10.5,attn,10,6,14,20,pythia-410m,low,draw_2
A10.7,attn,10,11,13,24,pythia-410m,low,draw_2
A10.8,attn,10,1,4,5,pythia-410m,low,draw_2
A10.9,attn,10,16,42,58,pythia-410m,low,draw_2
A10.10,attn,10,19,25,44,pythia-410m,low,draw_2
A10.12,attn,10,19,37,56,pythia-410m,low,draw_2
A10.13,attn,10,16,15,31,pythia-410m,low,draw_2
M10,mlp,10,50,49,99,pythia-410m,low,draw_2
A11.1,attn,11,45,37,82,pythia-410m,low,draw_2
A11.2,attn,11,26,49,75,pythia-410m,low,draw_2
A11.4,attn,11,13,8,21,pythia-410m,low,draw_2
A11.6,attn,11,38,47,85,pythia-410m,low,draw_2
A11.9,attn,11,2,5,7,pythia-410m,low,draw_2
A11.14,attn,11,45,67,112,pythia-410m,low,draw_2
A11.15,attn,11,23,13,36,pythia-410m,low,draw_2
M11,mlp,11,63,47,110,pythia-410m,low,draw_2
A12.0,attn,12,23,12,35,pythia-410m,low,draw_2
A12.1,attn,12,6,9,15,pythia-410m,low,draw_2
A12.4,attn,12,2,13,15,pythia-410m,low,draw_2
A12.5,attn,12,36,14,50,pythia-410m,low,draw_2
A12.7,attn,12,38,7,45,pythia-410m,low,draw_2
A12.10,attn,12,6,5,11,pythia-410m,low,draw_2
A12.13,attn,12,71,24,95,pythia-410m,low,draw_2
M12,mlp,12,64,39,103,pythia-410m,low,draw_2
A13.0,attn,13,61,46,107,pythia-410m,low,draw_2
A13.5,attn,13,5,14,19,pythia-410m,low,draw_2
A13.14,attn,13,6,9,15,pythia-410m,low,draw_2
M13,mlp,13,86,37,123,pythia-410m,low,draw_2
A14.0,attn,14,13,15,28,pythia-410m,low,draw_2
A14.2,attn,14,36,13,49,pythia-410m,low,draw_2
M14,mlp,14,55,37,92,pythia-410m,low,draw_2
A15.1,attn,15,1,3,4,pythia-410m,low,draw_2
A15.4,attn,15,15,9,24,pythia-410m,low,draw_2
A15.6,attn,15,21,9,30,pythia-410m,low,draw_2
A15.8,attn,15,5,6,11,pythia-410m,low,draw_2
A15.11,attn,15,22,21,43,pythia-410m,low,draw_2
A15.12,attn,15,4,2,6,pythia-410m,low,draw_2
M15,mlp,15,70,30,100,pythia-410m,low,draw_2
A0.5,attn,0,1,21,22,pythia-410m,low,draw_2
A0.11,attn,0,0,3,3,pythia-410m,low,draw_2
A1.11,attn,1,1,9,10,pythia-410m,low,draw_2
A2.10,attn,2,3,19,22,pythia-410m,low,draw_2
A5.3,attn,5,2,13,15,pythia-410m,low,draw_2
A5.4,attn,5,1,9,10,pythia-410m,low,draw_2
A6.9,attn,6,1,5,6,pythia-410m,low,draw_2
A6.15,attn,6,2,11,13,pythia-410m,low,draw_2
A4.0,attn,4,1,5,6,pythia-410m,low,draw_2
A4.6,attn,4,1,6,7,pythia-410m,low,draw_2
A4.14,attn,4,2,8,10,pythia-410m,low,draw_2
A4.15,attn,4,2,5,7,pythia-410m,low,draw_2
M18,mlp,18,90,20,110,pythia-410m,low,draw_2
A0.14,attn,0,1,20,21,pythia-410m,low,draw_2
A1.12,attn,1,1,2,3,pythia-410m,low,draw_2
A5.5,attn,5,2,12,14,pythia-410m,low,draw_2
A7.9,attn,7,3,14,17,pythia-410m,low,draw_2
A7.10,attn,7,4,11,15,pythia-410m,low,draw_2
A7.14,attn,7,0,6,6,pythia-410m,low,draw_2
A8.0,attn,8,4,43,47,pythia-410m,low,draw_2
A8.1,attn,8,9,11,20,pythia-410m,low,draw_2
A8.3,attn,8,2,9,11,pythia-410m,low,draw_2
A8.6,attn,8,10,47,57,pythia-410m,low,draw_2
A8.7,attn,8,9,24,33,pythia-410m,low,draw_2
A10.15,attn,10,4,8,12,pythia-410m,low,draw_2
A11.8,attn,11,4,4,8,pythia-410m,low,draw_2
A12.6,attn,12,3,3,6,pythia-410m,low,draw_2
A12.11,attn,12,21,30,51,pythia-410m,low,draw_2
A14.15,attn,14,2,6,8,pythia-410m,low,draw_2
A15.5,attn,15,15,3,18,pythia-410m,low,draw_2
A16.1,attn,16,27,8,35,pythia-410m,low,draw_2
A16.7,attn,16,18,11,29,pythia-410m,low,draw_2
A16.12,attn,16,34,7,41,pythia-410m,low,draw_2
A16.15,attn,16,15,8,23,pythia-410m,low,draw_2
A17.4,attn,17,16,7,23,pythia-410m,low,draw_2
A17.9,attn,17,28,5,33,pythia-410m,low,draw_2
A17.11,attn,17,5,4,9,pythia-410m,low,draw_2
M17,mlp,17,89,29,118,pythia-410m,low,draw_2
A1.8,attn,1,1,7,8,pythia-410m,low,draw_2
A2.13,attn,2,1,3,4,pythia-410m,low,draw_2
A3.1,attn,3,4,17,21,pythia-410m,low,draw_2
A4.5,attn,4,0,5,5,pythia-410m,low,draw_2
A5.8,attn,5,0,13,13,pythia-410m,low,draw_2
A5.12,attn,5,0,3,3,pythia-410m,low,draw_2
A6.5,attn,6,3,8,11,pythia-410m,low,draw_2
A6.6,attn,6,2,5,7,pythia-410m,low,draw_2
A7.4,attn,7,1,11,12,pythia-410m,low,draw_2
A7.6,attn,7,1,10,11,pythia-410m,low,draw_2
A8.5,attn,8,6,10,16,pythia-410m,low,draw_2
A9.3,attn,9,9,17,26,pythia-410m,low,draw_2
A9.7,attn,9,7,9,16,pythia-410m,low,draw_2
A9.14,attn,9,2,6,8,pythia-410m,low,draw_2
A10.11,attn,10,4,5,9,pythia-410m,low,draw_2
A11.7,attn,11,1,1,2,pythia-410m,low,draw_2
A11.13,attn,11,15,13,28,pythia-410m,low,draw_2
A12.12,attn,12,6,13,19,pythia-410m,low,draw_2
A17.1,attn,17,15,7,22,pythia-410m,low,draw_2
A13.12,attn,13,5,8,13,pythia-410m,low,draw_2
A14.5,attn,14,9,8,17,pythia-410m,low,draw_2
A16.11,attn,16,4,7,11,pythia-410m,low,draw_2
A16.14,attn,16,58,12,70,pythia-410m,low,draw_2
A17.2,attn,17,9,2,11,pythia-410m,low,draw_2
A17.5,attn,17,12,3,15,pythia-410m,low,draw_2
A17.6,attn,17,18,6,24,pythia-410m,low,draw_2
A17.7,attn,17,6,1,7,pythia-410m,low,draw_2
A16.0,attn,16,16,5,21,pythia-410m,low,draw_2
A17.10,attn,17,31,7,38,pythia-410m,low,draw_2
A14.11,attn,14,6,7,13,pythia-410m,low,draw_2
A17.14,attn,17,2,4,6,pythia-410m,low,draw_2
A17.15,attn,17,16,2,18,pythia-410m,low,draw_2
A0.3,attn,0,1,7,8,pythia-410m,low,draw_2
M20,mlp,20,69,10,79,pythia-410m,low,draw_2
A15.0,attn,15,7,7,14,pythia-410m,low,draw_2
A16.5,attn,16,26,9,35,pythia-410m,low,draw_2
A16.10,attn,16,6,4,10,pythia-410m,low,draw_2
A18.2,attn,18,17,5,22,pythia-410m,low,draw_2
A18.8,attn,18,28,9,37,pythia-410m,low,draw_2
A19.5,attn,19,4,4,8,pythia-410m,low,draw_2
A19.9,attn,19,21,4,25,pythia-410m,low,draw_2
A19.15,attn,19,89,6,95,pythia-410m,low,draw_2
M19,mlp,19,97,12,109,pythia-410m,low,draw_2
A0.4,attn,0,0,2,2,pythia-410m,low,draw_2
A8.8,attn,8,2,5,7,pythia-410m,low,draw_2
A9.0,attn,9,5,1,6,pythia-410m,low,draw_2
A1.4,attn,1,2,8,10,pythia-410m,low,draw_2
A6.4,attn,6,0,4,4,pythia-410m,low,draw_2
A9.2,attn,9,2,4,6,pythia-410m,low,draw_2
A1.15,attn,1,2,4,6,pythia-410m,low,draw_2
A10.14,attn,10,1,2,3,pythia-410m,low,draw_2
A16.3,attn,16,24,6,30,pythia-410m,low,draw_2
A16.4,attn,16,21,4,25,pythia-410m,low,draw_2
A16.13,attn,16,21,4,25,pythia-410m,low,draw_2
A18.0,attn,18,13,5,18,pythia-410m,low,draw_2
A18.3,attn,18,2,3,5,pythia-410m,low,draw_2
A18.11,attn,18,15,6,21,pythia-410m,low,draw_2
A18.14,attn,18,22,6,28,pythia-410m,low,draw_2
A20.1,attn,20,2,1,3,pythia-410m,low,draw_2
A20.2,attn,20,13,1,14,pythia-410m,low,draw_2
A20.13,attn,20,6,4,10,pythia-410m,low,draw_2
A20.14,attn,20,3,4,7,pythia-410m,low,draw_2
A20.15,attn,20,2,1,3,pythia-410m,low,draw_2
A0.6,attn,0,1,1,2,pythia-410m,low,draw_2
A0.15,attn,0,1,6,7,pythia-410m,low,draw_2
A1.7,attn,1,1,2,3,pythia-410m,low,draw_2
A5.15,attn,5,1,3,4,pythia-410m,low,draw_2
A6.2,attn,6,0,1,1,pythia-410m,low,draw_2
A7.11,attn,7,0,2,2,pythia-410m,low,draw_2
A10.2,attn,10,0,2,2,pythia-410m,low,draw_2
A10.6,attn,10,3,6,9,pythia-410m,low,draw_2
A2.0,attn,2,1,2,3,pythia-410m,low,draw_2
A4.11,attn,4,0,1,1,pythia-410m,low,draw_2
A4.12,attn,4,0,3,3,pythia-410m,low,draw_2
A5.0,attn,5,0,3,3,pythia-410m,low,draw_2
A6.1,attn,6,0,2,2,pythia-410m,low,draw_2
A7.15,attn,7,0,3,3,pythia-410m,low,draw_2
A14.1,attn,14,1,4,5,pythia-410m,low,draw_2
A14.8,attn,14,24,6,30,pythia-410m,low,draw_2
A1.5,attn,1,0,2,2,pythia-410m,low,draw_2
A7.5,attn,7,0,2,2,pythia-410m,low,draw_2
A0.7,attn,0,1,6,7,pythia-410m,low,draw_2
A1.14,attn,1,0,4,4,pythia-410m,low,draw_2
A2.15,attn,2,0,1,1,pythia-410m,low,draw_2
A4.4,attn,4,0,5,5,pythia-410m,low,draw_2
M23,mlp,23,159,1,160,pythia-410m,low,draw_2
A3.6,attn,3,0,1,1,pythia-410m,low,draw_2
A12.2,attn,12,0,1,1,pythia-410m,low,draw_2
A13.10,attn,13,0,1,1,pythia-410m,low,draw_2
A15.2,attn,15,8,3,11,pythia-410m,low,draw_2
A15.14,attn,15,5,3,8,pythia-410m,low,draw_2
A15.15,attn,15,6,4,10,pythia-410m,low,draw_2
A16.6,attn,16,2,3,5,pythia-410m,low,draw_2
A18.7,attn,18,5,4,9,pythia-410m,low,draw_2
A18.12,attn,18,16,5,21,pythia-410m,low,draw_2
A18.15,attn,18,3,2,5,pythia-410m,low,draw_2
A19.1,attn,19,2,1,3,pythia-410m,low,draw_2
A19.2,attn,19,31,3,34,pythia-410m,low,draw_2
A19.3,attn,19,3,2,5,pythia-410m,low,draw_2
A19.7,attn,19,18,4,22,pythia-410m,low,draw_2
A19.10,attn,19,1,2,3,pythia-410m,low,draw_2
A19.14,attn,19,0,1,1,pythia-410m,low,draw_2
A20.6,attn,20,0,4,4,pythia-410m,low,draw_2
A21.2,attn,21,4,2,6,pythia-410m,low,draw_2
A21.6,attn,21,0,1,1,pythia-410m,low,draw_2
A21.7,attn,21,8,2,10,pythia-410m,low,draw_2
A21.10,attn,21,0,1,1,pythia-410m,low,draw_2
A21.12,attn,21,4,3,7,pythia-410m,low,draw_2
M21,mlp,21,90,6,96,pythia-410m,low,draw_2
A22.2,attn,22,16,2,18,pythia-410m,low,draw_2
A22.3,attn,22,0,2,2,pythia-410m,low,draw_2
A22.6,attn,22,29,2,31,pythia-410m,low,draw_2
A22.11,attn,22,18,2,20,pythia-410m,low,draw_2
M22,mlp,22,111,3,114,pythia-410m,low,draw_2
A5.7,attn,5,0,3,3,pythia-410m,low,draw_2
A6.11,attn,6,2,4,6,pythia-410m,low,draw_2
A12.8,attn,12,3,3,6,pythia-410m,low,draw_2
A12.9,attn,12,4,2,6,pythia-410m,low,draw_2
A5.11,attn,5,0,5,5,pythia-410m,low,draw_2
A6.14,attn,6,1,2,3,pythia-410m,low,draw_2
A11.11,attn,11,1,2,3,pythia-410m,low,draw_2
A12.14,attn,12,1,2,3,pythia-410m,low,draw_2
A23.1,attn,23,3,1,4,pythia-410m,low,draw_2
A23.12,attn,23,4,1,5,pythia-410m,low,draw_2
A18.5,attn,18,3,2,5,pythia-410m,low,draw_2
A19.4,attn,19,6,1,7,pythia-410m,low,draw_2
A19.6,attn,19,2,1,3,pythia-410m,low,draw_2
A19.8,attn,19,5,1,6,pythia-410m,low,draw_2
A19.11,attn,19,1,1,2,pythia-410m,low,draw_2
A19.12,attn,19,8,2,10,pythia-410m,low,draw_2
A4.2,attn,4,0,3,3,pythia-410m,low,draw_2
A13.9,attn,13,3,2,5,pythia-410m,low,draw_2
A2.9,attn,2,0,1,1,pythia-410m,low,draw_2
R23,resid,23,266,0,266,pythia-410m,low,draw_2
A0.9,attn,0,0,2,2,pythia-410m,low,draw_2
A1.13,attn,1,0,1,1,pythia-410m,low,draw_2
A3.2,attn,3,0,1,1,pythia-410m,low,draw_2
A3.4,attn,3,0,1,1,pythia-410m,low,draw_2
A5.6,attn,5,0,1,1,pythia-410m,low,draw_2
A11.0,attn,11,0,1,1,pythia-410m,low,draw_2
A12.15,attn,12,0,1,1,pythia-410m,low,draw_2
A14.13,attn,14,0,1,1,pythia-410m,low,draw_2
A15.10,attn,15,3,1,4,pythia-410m,low,draw_2
A17.0,attn,17,0,1,1,pythia-410m,low,draw_2
A18.10,attn,18,4,1,5,pythia-410m,low,draw_2
A18.13,attn,18,24,1,25,pythia-410m,low,draw_2
A20.7,attn,20,0,1,1,pythia-410m,low,draw_2
A21.0,attn,21,1,1,2,pythia-410m,low,draw_2
A21.1,attn,21,6,1,7,pythia-410m,low,draw_2
A21.4,attn,21,9,1,10,pythia-410m,low,draw_2
A21.11,attn,21,0,1,1,pythia-410m,low,draw_2
A21.13,attn,21,2,1,3,pythia-410m,low,draw_2
A21.14,attn,21,7,1,8,pythia-410m,low,draw_2
A22.7,attn,22,0,1,1,pythia-410m,low,draw_2
A22.8,attn,22,0,1,1,pythia-410m,low,draw_2
A22.13,attn,22,0,1,1,pythia-410m,low,draw_2
A23.0,attn,23,0,1,1,pythia-410m,low,draw_2
A23.11,attn,23,0,1,1,pythia-410m,low,draw_2
A23.14,attn,23,0,1,1,pythia-410m,low,draw_2
A23.15,attn,23,0,1,1,pythia-410m,low,draw_2
A3.9,attn,3,0,2,2,pythia-410m,low,draw_2
A3.8,attn,3,0,1,1,pythia-410m,low,draw_2
A4.10,attn,4,0,1,1,pythia-410m,low,draw_2
A2.8,attn,2,0,1,1,pythia-410m,low,draw_2
M4,mlp,4,18,75,93,pythia-410m,low,draw_3
A20.1,attn,20,5,2,7,pythia-410m,low,draw_3
M7,mlp,7,18,65,83,pythia-410m,low,draw_3
M18,mlp,18,99,21,120,pythia-410m,low,draw_3
A19.15,attn,19,63,4,67,pythia-410m,low,draw_3
M19,mlp,19,91,12,103,pythia-410m,low,draw_3
M5,mlp,5,15,90,105,pythia-410m,low,draw_3
A20.2,attn,20,7,1,8,pythia-410m,low,draw_3
A9.4,attn,9,24,58,82,pythia-410m,low,draw_3
A10.9,attn,10,14,52,66,pythia-410m,low,draw_3
A11.2,attn,11,24,48,72,pythia-410m,low,draw_3
A11.14,attn,11,54,57,111,pythia-410m,low,draw_3
A12.11,attn,12,29,27,56,pythia-410m,low,draw_3
A15.11,attn,15,11,9,20,pythia-410m,low,draw_3
M9,mlp,9,49,69,118,pythia-410m,low,draw_3
A20.6,attn,20,2,3,5,pythia-410m,low,draw_3
M15,mlp,15,82,27,109,pythia-410m,low,draw_3
A20.13,attn,20,4,3,7,pythia-410m,low,draw_3
A12.12,attn,12,17,20,37,pythia-410m,low,draw_3
M12,mlp,12,65,54,119,pythia-410m,low,draw_3
M14,mlp,14,49,45,94,pythia-410m,low,draw_3
A20.14,attn,20,2,3,5,pythia-410m,low,draw_3
A16.14,attn,16,51,18,69,pythia-410m,low,draw_3
M0,mlp,0,1,150,151,pythia-410m,low,draw_3
A20.15,attn,20,2,1,3,pythia-410m,low,draw_3
embed,embed,-1,0,19,19,pythia-410m,low,draw_3
M8,mlp,8,40,74,114,pythia-410m,low,draw_3
A0.0,attn,0,1,13,14,pythia-410m,low,draw_3
A0.15,attn,0,1,8,9,pythia-410m,low,draw_3
A1.6,attn,1,0,7,7,pythia-410m,low,draw_3
M1,mlp,1,7,54,61,pythia-410m,low,draw_3
A2.0,attn,2,2,6,8,pythia-410m,low,draw_3
A2.3,attn,2,0,2,2,pythia-410m,low,draw_3
A2.10,attn,2,7,17,24,pythia-410m,low,draw_3
M2,mlp,2,16,78,94,pythia-410m,low,draw_3
A3.1,attn,3,2,26,28,pythia-410m,low,draw_3
A3.2,attn,3,1,3,4,pythia-410m,low,draw_3
A3.7,attn,3,1,15,16,pythia-410m,low,draw_3
A3.12,attn,3,4,7,11,pythia-410m,low,draw_3
M3,mlp,3,11,73,84,pythia-410m,low,draw_3
A4.4,attn,4,0,4,4,pythia-410m,low,draw_3
A4.12,attn,4,0,2,2,pythia-410m,low,draw_3
A5.0,attn,5,1,8,9,pythia-410m,low,draw_3
A5.1,attn,5,0,6,6,pythia-410m,low,draw_3
A5.2,attn,5,8,47,55,pythia-410m,low,draw_3
A5.3,attn,5,0,10,10,pythia-410m,low,draw_3
A5.4,attn,5,3,9,12,pythia-410m,low,draw_3
A5.15,attn,5,0,4,4,pythia-410m,low,draw_3
A6.0,attn,6,10,82,92,pythia-410m,low,draw_3
A6.4,attn,6,3,3,6,pythia-410m,low,draw_3
A6.5,attn,6,1,5,6,pythia-410m,low,draw_3
A6.6,attn,6,1,9,10,pythia-410m,low,draw_3
A6.9,attn,6,3,10,13,pythia-410m,low,draw_3
A6.13,attn,6,6,27,33,pythia-410m,low,draw_3
M6,mlp,6,22,55,77,pythia-410m,low,draw_3
A7.0,attn,7,7,37,44,pythia-410m,low,draw_3
A7.1,attn,7,17,81,98,pythia-410m,low,draw_3
A7.3,attn,7,2,10,12,pythia-410m,low,draw_3
A7.4,attn,7,4,18,22,pythia-410m,low,draw_3
A7.6,attn,7,2,7,9,pythia-410m,low,draw_3
A7.8,attn,7,34,92,126,pythia-410m,low,draw_3
A7.10,attn,7,5,9,14,pythia-410m,low,draw_3
M16,mlp,16,88,25,113,pythia-410m,low,draw_3
A0.14,attn,0,1,25,26,pythia-410m,low,draw_3
A1.11,attn,1,1,9,10,pythia-410m,low,draw_3
A2.7,attn,2,1,5,6,pythia-410m,low,draw_3
A3.10,attn,3,0,3,3,pythia-410m,low,draw_3
A5.9,attn,5,5,27,32,pythia-410m,low,draw_3
A6.3,attn,6,4,37,41,pythia-410m,low,draw_3
A6.10,attn,6,0,5,5,pythia-410m,low,draw_3
A7.2,attn,7,9,28,37,pythia-410m,low,draw_3
A7.9,attn,7,1,18,19,pythia-410m,low,draw_3
A7.12,attn,7,2,10,12,pythia-410m,low,draw_3
A7.14,attn,7,3,11,14,pythia-410m,low,draw_3
A8.0,attn,8,8,44,52,pythia-410m,low,draw_3
A8.2,attn,8,15,41,56,pythia-410m,low,draw_3
A8.5,attn,8,5,9,14,pythia-410m,low,draw_3
A8.6,attn,8,23,62,85,pythia-410m,low,draw_3
A8.7,attn,8,13,37,50,pythia-410m,low,draw_3
A8.9,attn,8,9,52,61,pythia-410m,low,draw_3
A8.10,attn,8,1,18,19,pythia-410m,low,draw_3
A8.12,attn,8,13,31,44,pythia-410m,low,draw_3
A8.13,attn,8,10,59,69,pythia-410m,low,draw_3
A8.15,attn,8,7,42,49,pythia-410m,low,draw_3
A9.1,attn,9,23,52,75,pythia-410m,low,draw_3
A9.2,attn,9,5,8,13,pythia-410m,low,draw_3
A9.5,attn,9,28,44,72,pythia-410m,low,draw_3
A9.7,attn,9,4,8,12,pythia-410m,low,draw_3
A9.9,attn,9,16,31,47,pythia-410m,low,draw_3
A9.13,attn,9,12,24,36,pythia-410m,low,draw_3
A10.0,attn,10,40,35,75,pythia-410m,low,draw_3
A10.1,attn,10,6,19,25,pythia-410m,low,draw_3
A10.7,attn,10,17,11,28,pythia-410m,low,draw_3
A10.8,attn,10,0,5,5,pythia-410m,low,draw_3
A10.10,attn,10,20,31,51,pythia-410m,low,draw_3
A10.11,attn,10,4,4,8,pythia-410m,low,draw_3
A10.12,attn,10,10,23,33,pythia-410m,low,draw_3
A10.15,attn,10,0,4,4,pythia-410m,low,draw_3
M10,mlp,10,62,59,121,pythia-410m,low,draw_3
A11.1,attn,11,52,29,81,pythia-410m,low,draw_3
A11.6,attn,11,40,41,81,pythia-410m,low,draw_3
A11.9,attn,11,1,3,4,pythia-410m,low,draw_3
A11.13,attn,11,25,10,35,pythia-410m,low,draw_3
A11.15,attn,11,34,21,55,pythia-410m,low,draw_3
M11,mlp,11,63,44,107,pythia-410m,low,draw_3
A12.0,attn,12,24,17,41,pythia-410m,low,draw_3
A12.1,attn,12,4,8,12,pythia-410m,low,draw_3
A12.2,attn,12,2,3,5,pythia-410m,low,draw_3
A12.5,attn,12,46,32,78,pythia-410m,low,draw_3
A12.8,attn,12,4,4,8,pythia-410m,low,draw_3
A12.10,attn,12,11,6,17,pythia-410m,low,draw_3
A12.13,attn,12,59,21,80,pythia-410m,low,draw_3
A13.0,attn,13,61,44,105,pythia-410m,low,draw_3
A13.1,attn,13,2,3,5,pythia-410m,low,draw_3
A13.5,attn,13,6,18,24,pythia-410m,low,draw_3
A13.14,attn,13,5,7,12,pythia-410m,low,draw_3
M13,mlp,13,83,42,125,pythia-410m,low,draw_3
A14.0,attn,14,12,11,23,pythia-410m,low,draw_3
A14.2,attn,14,28,12,40,pythia-410m,low,draw_3
A14.6,attn,14,0,3,3,pythia-410m,low,draw_3
A14.15,attn,14,1,4,5,pythia-410m,low,draw_3
A15.5,attn,15,43,8,51,pythia-410m,low,draw_3
M17,mlp,17,96,24,120,pythia-410m,low,draw_3
A23.1,attn,23,1,1,2,pythia-410m,low,draw_3
A23.12,attn,23,4,1,5,pythia-410m,low,draw_3
A23.14,attn,23,2,1,3,pythia-410m,low,draw_3
A17.0,attn,17,3,2,5,pythia-410m,low,draw_3
A17.1,attn,17,12,4,16,pythia-410m,low,draw_3
A14.5,attn,14,14,7,21,pythia-410m,low,draw_3
A14.8,attn,14,19,5,24,pythia-410m,low,draw_3
A17.2,attn,17,4,4,8,pythia-410m,low,draw_3
A17.4,attn,17,20,8,28,pythia-410m,low,draw_3
A9.6,attn,9,10,21,31,pythia-410m,low,draw_3
A15.4,attn,15,12,8,20,pythia-410m,low,draw_3
A15.6,attn,15,15,8,23,pythia-410m,low,draw_3
A16.7,attn,16,22,8,30,pythia-410m,low,draw_3
A17.5,attn,17,6,2,8,pythia-410m,low,draw_3
A17.6,attn,17,20,7,27,pythia-410m,low,draw_3
A9.3,attn,9,18,24,42,pythia-410m,low,draw_3
A10.3,attn,10,31,50,81,pythia-410m,low,draw_3
A16.15,attn,16,15,9,24,pythia-410m,low,draw_3
A17.9,attn,17,43,6,49,pythia-410m,low,draw_3
A10.13,attn,10,9,17,26,pythia-410m,low,draw_3
A11.4,attn,11,10,11,21,pythia-410m,low,draw_3
A17.10,attn,17,36,10,46,pythia-410m,low,draw_3
A9.0,attn,9,11,8,19,pythia-410m,low,draw_3
A15.15,attn,15,11,4,15,pythia-410m,low,draw_3
A1.3,attn,1,1,8,9,pythia-410m,low,draw_3
A17.11,attn,17,21,4,25,pythia-410m,low,draw_3
A8.11,attn,8,3,21,24,pythia-410m,low,draw_3
A17.14,attn,17,2,2,4,pythia-410m,low,draw_3
A17.15,attn,17,13,4,17,pythia-410m,low,draw_3
A0.3,attn,0,1,13,14,pythia-410m,low,draw_3
A0.5,attn,0,1,20,21,pythia-410m,low,draw_3
A0.7,attn,0,1,8,9,pythia-410m,low,draw_3
A1.4,attn,1,4,17,21,pythia-410m,low,draw_3
A6.8,attn,6,0,1,1,pythia-410m,low,draw_3
A6.15,attn,6,1,9,10,pythia-410m,low,draw_3
A7.13,attn,7,0,9,9,pythia-410m,low,draw_3
A9.15,attn,9,1,6,7,pythia-410m,low,draw_3
A10.4,attn,10,10,5,15,pythia-410m,low,draw_3
A10.5,attn,10,6,15,21,pythia-410m,low,draw_3
A10.6,attn,10,7,10,17,pythia-410m,low,draw_3
A12.4,attn,12,4,10,14,pythia-410m,low,draw_3
A13.11,attn,13,0,1,1,pythia-410m,low,draw_3
A15.14,attn,15,3,2,5,pythia-410m,low,draw_3
A16.4,attn,16,11,4,15,pythia-410m,low,draw_3
A16.11,attn,16,7,7,14,pythia-410m,low,draw_3
A16.12,attn,16,30,9,39,pythia-410m,low,draw_3
A16.13,attn,16,30,3,33,pythia-410m,low,draw_3
A0.9,attn,0,0,2,2,pythia-410m,low,draw_3
A1.2,attn,1,1,2,3,pythia-410m,low,draw_3
A1.12,attn,1,1,8,9,pythia-410m,low,draw_3
A1.13,attn,1,1,5,6,pythia-410m,low,draw_3
A1.14,attn,1,1,8,9,pythia-410m,low,draw_3
A4.2,attn,4,0,5,5,pythia-410m,low,draw_3
A4.5,attn,4,1,11,12,pythia-410m,low,draw_3
A4.6,attn,4,1,5,6,pythia-410m,low,draw_3
A4.14,attn,4,2,5,7,pythia-410m,low,draw_3
A4.15,attn,4,1,4,5,pythia-410m,low,draw_3
A5.8,attn,5,2,10,12,pythia-410m,low,draw_3
A6.2,attn,6,0,1,1,pythia-410m,low,draw_3
A7.7,attn,7,3,7,10,pythia-410m,low,draw_3
A8.1,attn,8,1,10,11,pythia-410m,low,draw_3
A8.3,attn,8,2,15,17,pythia-410m,low,draw_3
A8.4,attn,8,1,7,8,pythia-410m,low,draw_3
A8.8,attn,8,4,3,7,pythia-410m,low,draw_3
A8.14,attn,8,1,16,17,pythia-410m,low,draw_3
A9.8,attn,9,5,25,30,pythia-410m,low,draw_3
A9.12,attn,9,4,7,11,pythia-410m,low,draw_3
A4.9,attn,4,0,11,11,pythia-410m,low,draw_3
A6.12,attn,6,1,7,8,pythia-410m,low,draw_3
A1.10,attn,1,1,9,10,pythia-410m,low,draw_3
A19.1,attn,19,1,1,2,pythia-410m,low,draw_3
A19.2,attn,19,21,3,24,pythia-410m,low,draw_3
A18.8,attn,18,47,9,56,pythia-410m,low,draw_3
A19.3,attn,19,5,2,7,pythia-410m,low,draw_3
A19.4,attn,19,6,2,8,pythia-410m,low,draw_3
A19.5,attn,19,3,4,7,pythia-410m,low,draw_3
A19.6,attn,19,4,1,5,pythia-410m,low,draw_3
A19.7,attn,19,24,5,29,pythia-410m,low,draw_3
A19.8,attn,19,9,3,12,pythia-410m,low,draw_3
A19.9,attn,19,19,5,24,pythia-410m,low,draw_3
A19.10,attn,19,4,2,6,pythia-410m,low,draw_3
A19.11,attn,19,1,1,2,pythia-410m,low,draw_3
A19.12,attn,19,8,5,13,pythia-410m,low,draw_3
A5.5,attn,5,4,13,17,pythia-410m,low,draw_3
A15.2,attn,15,11,3,14,pythia-410m,low,draw_3
A16.1,attn,16,28,8,36,pythia-410m,low,draw_3
A18.2,attn,18,8,4,12,pythia-410m,low,draw_3
A18.7,attn,18,5,3,8,pythia-410m,low,draw_3
A18.11,attn,18,32,5,37,pythia-410m,low,draw_3
A18.12,attn,18,37,5,42,pythia-410m,low,draw_3
A18.13,attn,18,33,4,37,pythia-410m,low,draw_3
A18.14,attn,18,25,7,32,pythia-410m,low,draw_3
A4.0,attn,4,1,4,5,pythia-410m,low,draw_3
A5.12,attn,5,1,5,6,pythia-410m,low,draw_3
A1.15,attn,1,1,6,7,pythia-410m,low,draw_3
A2.13,attn,2,0,1,1,pythia-410m,low,draw_3
A11.8,attn,11,1,4,5,pythia-410m,low,draw_3
M22,mlp,22,124,2,126,pythia-410m,low,draw_3
A9.14,attn,9,1,8,9,pythia-410m,low,draw_3
A10.2,attn,10,0,3,3,pythia-410m,low,draw_3
A13.12,attn,13,3,7,10,pythia-410m,low,draw_3
A14.7,attn,14,1,2,3,pythia-410m,low,draw_3
A15.0,attn,15,8,5,13,pythia-410m,low,draw_3
A15.10,attn,15,8,2,10,pythia-410m,low,draw_3
A16.3,attn,16,33,3,36,pythia-410m,low,draw_3
A16.5,attn,16,28,9,37,pythia-410m,low,draw_3
A18.5,attn,18,3,2,5,pythia-410m,low,draw_3
M20,mlp,20,74,6,80,pythia-410m,low,draw_3
A21.4,attn,21,3,2,5,pythia-410m,low,draw_3
A21.12,attn,21,5,3,8,pythia-410m,low,draw_3
M21,mlp,21,93,7,100,pythia-410m,low,draw_3
A2.9,attn,2,1,3,4,pythia-410m,low,draw_3
A15.1,attn,15,2,1,3,pythia-410m,low,draw_3
A15.8,attn,15,10,2,12,pythia-410m,low,draw_3
A15.12,attn,15,7,1,8,pythia-410m,low,draw_3
A0.12,attn,0,1,3,4,pythia-410m,low,draw_3
A3.4,attn,3,0,2,2,pythia-410m,low,draw_3
A6.1,attn,6,0,2,2,pythia-410m,low,draw_3
A12.6,attn,12,4,3,7,pythia-410m,low,draw_3
A12.7,attn,12,25,5,30,pythia-410m,low,draw_3
M23,mlp,23,173,1,174,pythia-410m,low,draw_3
A1.8,attn,1,1,5,6,pythia-410m,low,draw_3
A6.11,attn,6,0,3,3,pythia-410m,low,draw_3
A14.1,attn,14,2,2,4,pythia-410m,low,draw_3
A14.11,attn,14,3,6,9,pythia-410m,low,draw_3
A16.6,attn,16,1,2,3,pythia-410m,low,draw_3
A16.10,attn,16,6,4,10,pythia-410m,low,draw_3
A18.0,attn,18,25,2,27,pythia-410m,low,draw_3
A18.15,attn,18,4,3,7,pythia-410m,low,draw_3
A21.2,attn,21,5,2,7,pythia-410m,low,draw_3
A21.6,attn,21,1,2,3,pythia-410m,low,draw_3
A21.7,attn,21,11,2,13,pythia-410m,low,draw_3
A21.11,attn,21,0,1,1,pythia-410m,low,draw_3
A22.2,attn,22,21,2,23,pythia-410m,low,draw_3
A22.3,attn,22,2,2,4,pythia-410m,low,draw_3
A22.6,attn,22,25,2,27,pythia-410m,low,draw_3
A22.11,attn,22,20,2,22,pythia-410m,low,draw_3
R23,resid,23,276,0,276,pythia-410m,low,draw_3
A3.6,attn,3,0,3,3,pythia-410m,low,draw_3
A3.9,attn,3,0,2,2,pythia-410m,low,draw_3
A4.13,attn,4,1,2,3,pythia-410m,low,draw_3
A5.11,attn,5,0,5,5,pythia-410m,low,draw_3
A7.11,attn,7,0,1,1,pythia-410m,low,draw_3
A10.14,attn,10,1,4,5,pythia-410m,low,draw_3
A11.0,attn,11,0,1,1,pythia-410m,low,draw_3
A11.7,attn,11,3,3,6,pythia-410m,low,draw_3
A12.9,attn,12,7,2,9,pythia-410m,low,draw_3
A12.14,attn,12,3,2,5,pythia-410m,low,draw_3
A12.15,attn,12,2,1,3,pythia-410m,low,draw_3
A13.7,attn,13,3,1,4,pythia-410m,low,draw_3
A13.9,attn,13,2,1,3,pythia-410m,low,draw_3
A13.13,attn,13,2,1,3,pythia-410m,low,draw_3
A16.0,attn,16,2,2,4,pythia-410m,low,draw_3
A18.3,attn,18,1,1,2,pythia-410m,low,draw_3
A18.10,attn,18,4,2,6,pythia-410m,low,draw_3
A20.7,attn,20,0,1,1,pythia-410m,low,draw_3
A21.0,attn,21,0,1,1,pythia-410m,low,draw_3
A21.1,attn,21,6,1,7,pythia-410m,low,draw_3
A21.8,attn,21,0,1,1,pythia-410m,low,draw_3
A21.9,attn,21,1,1,2,pythia-410m,low,draw_3
A21.13,attn,21,2,1,3,pythia-410m,low,draw_3
A21.14,attn,21,0,1,1,pythia-410m,low,draw_3
A22.8,attn,22,3,1,4,pythia-410m,low,draw_3
A22.15,attn,22,0,1,1,pythia-410m,low,draw_3
A23.8,attn,23,0,1,1,pythia-410m,low,draw_3
A23.11,attn,23,0,1,1,pythia-410m,low,draw_3
A23.13,attn,23,0,1,1,pythia-410m,low,draw_3
A23.15,attn,23,0,1,1,pythia-410m,low,draw_3
A1.7,attn,1,1,2,3,pythia-410m,low,draw_3
A0.4,attn,0,1,3,4,pythia-410m,low,draw_3
A0.6,attn,0,1,3,4,pythia-410m,low,draw_3
A0.13,attn,0,0,1,1,pythia-410m,low,draw_3
A1.9,attn,1,0,1,1,pythia-410m,low,draw_3
A0.2,attn,0,1,1,2,pythia-410m,low,draw_3
A4.3,attn,4,0,1,1,pythia-410m,low,draw_3
A4.11,attn,4,0,1,1,pythia-410m,low,draw_3
A5.7,attn,5,0,1,1,pythia-410m,low,draw_3
A1.5,attn,1,1,1,2,pythia-410m,low,draw_3
M3,mlp,3,10,77,87,pythia-410m,medium,draw_1
A8.0,attn,8,6,36,42,pythia-410m,medium,draw_1
M5,mlp,5,21,77,98,pythia-410m,medium,draw_1
A6.0,attn,6,11,82,93,pythia-410m,medium,draw_1
A7.1,attn,7,15,83,98,pythia-410m,medium,draw_1
A7.7,attn,7,7,15,22,pythia-410m,medium,draw_1
A7.8,attn,7,36,78,114,pythia-410m,medium,draw_1
M0,mlp,0,1,133,134,pythia-410m,medium,draw_1
A8.1,attn,8,3,10,13,pythia-410m,medium,draw_1
M1,mlp,1,9,56,65,pythia-410m,medium,draw_1
A8.2,attn,8,11,35,46,pythia-410m,medium,draw_1
M2,mlp,2,12,64,76,pythia-410m,medium,draw_1
M4,mlp,4,25,75,100,pythia-410m,medium,draw_1
A6.3,attn,6,5,48,53,pythia-410m,medium,draw_1
A7.2,attn,7,4,32,36,pythia-410m,medium,draw_1
M7,mlp,7,22,64,86,pythia-410m,medium,draw_1
A8.3,attn,8,1,6,7,pythia-410m,medium,draw_1
A8.4,attn,8,4,5,9,pythia-410m,medium,draw_1
A8.5,attn,8,4,26,30,pythia-410m,medium,draw_1
A0.5,attn,0,1,17,18,pythia-410m,medium,draw_1
A8.6,attn,8,21,64,85,pythia-410m,medium,draw_1
A0.14,attn,0,1,26,27,pythia-410m,medium,draw_1
A1.15,attn,1,1,4,5,pythia-410m,medium,draw_1
A2.10,attn,2,4,21,25,pythia-410m,medium,draw_1
A3.1,attn,3,3,23,26,pythia-410m,medium,draw_1
A5.2,attn,5,8,48,56,pythia-410m,medium,draw_1
A5.3,attn,5,0,12,12,pythia-410m,medium,draw_1
A5.5,attn,5,4,22,26,pythia-410m,medium,draw_1
A5.9,attn,5,4,25,29,pythia-410m,medium,draw_1
A6.13,attn,6,4,21,25,pythia-410m,medium,draw_1
M6,mlp,6,22,57,79,pythia-410m,medium,draw_1
A7.0,attn,7,8,26,34,pythia-410m,medium,draw_1
A8.7,attn,8,10,30,40,pythia-410m,medium,draw_1
A8.9,attn,8,9,31,40,pythia-410m,medium,draw_1
A8.10,attn,8,4,17,21,pythia-410m,medium,draw_1
A8.11,attn,8,6,14,20,pythia-410m,medium,draw_1
A0.0,attn,0,1,14,15,pythia-410m,medium,draw_1
A8.12,attn,8,11,26,37,pythia-410m,medium,draw_1
A7.10,attn,7,7,11,18,pythia-410m,medium,draw_1
A8.13,attn,8,11,80,91,pythia-410m,medium,draw_1
A1.4,attn,1,3,15,18,pythia-410m,medium,draw_1
A7.4,attn,7,0,7,7,pythia-410m,medium,draw_1
A8.14,attn,8,1,12,13,pythia-410m,medium,draw_1
A8.15,attn,8,5,32,37,pythia-410m,medium,draw_1
A15.0,attn,15,6,5,11,pythia-410m,medium,draw_1
M9,mlp,9,49,59,108,pythia-410m,medium,draw_1
M10,mlp,10,56,44,100,pythia-410m,medium,draw_1
M12,mlp,12,67,37,104,pythia-410m,medium,draw_1
A13.0,attn,13,32,26,58,pythia-410m,medium,draw_1
M13,mlp,13,71,38,109,pythia-410m,medium,draw_1
A15.1,attn,15,4,2,6,pythia-410m,medium,draw_1
A15.2,attn,15,7,4,11,pythia-410m,medium,draw_1
A10.12,attn,10,4,32,36,pythia-410m,medium,draw_1
A11.14,attn,11,42,62,104,pythia-410m,medium,draw_1
M11,mlp,11,50,39,89,pythia-410m,medium,draw_1
A12.11,attn,12,9,21,30,pythia-410m,medium,draw_1
M14,mlp,14,52,36,88,pythia-410m,medium,draw_1
A15.4,attn,15,15,8,23,pythia-410m,medium,draw_1
M8,mlp,8,39,79,118,pythia-410m,medium,draw_1
A9.5,attn,9,23,61,84,pythia-410m,medium,draw_1
A9.6,attn,9,3,22,25,pythia-410m,medium,draw_1
A9.9,attn,9,18,48,66,pythia-410m,medium,draw_1
A10.3,attn,10,41,36,77,pythia-410m,medium,draw_1
A10.9,attn,10,11,49,60,pythia-410m,medium,draw_1
A11.2,attn,11,28,57,85,pythia-410m,medium,draw_1
A15.5,attn,15,18,4,22,pythia-410m,medium,draw_1
A10.10,attn,10,17,12,29,pythia-410m,medium,draw_1
A11.1,attn,11,35,29,64,pythia-410m,medium,draw_1
A11.4,attn,11,17,17,34,pythia-410m,medium,draw_1
A11.6,attn,11,48,48,96,pythia-410m,medium,draw_1
A12.12,attn,12,12,13,25,pythia-410m,medium,draw_1
A15.6,attn,15,22,6,28,pythia-410m,medium,draw_1
A9.1,attn,9,19,37,56,pythia-410m,medium,draw_1
A9.4,attn,9,37,51,88,pythia-410m,medium,draw_1
A10.0,attn,10,27,46,73,pythia-410m,medium,draw_1
A15.8,attn,15,10,3,13,pythia-410m,medium,draw_1
A15.10,attn,15,8,3,11,pythia-410m,medium,draw_1
A15.11,attn,15,25,23,48,pythia-410m,medium,draw_1
A12.5,attn,12,37,24,61,pythia-410m,medium,draw_1
A12.13,attn,12,39,15,54,pythia-410m,medium,draw_1
A13.5,attn,13,6,14,20,pythia-410m,medium,draw_1
A15.15,attn,15,1,5,6,pythia-410m,medium,draw_1
A0.3,attn,0,0,8,8,pythia-410m,medium,draw_1
A0.7,attn,0,1,11,12,pythia-410m,medium,draw_1
A1.6,attn,1,0,7,7,pythia-410m,medium,draw_1
A1.9,attn,1,0,2,2,pythia-410m,medium,draw_1
A1.11,attn,1,1,11,12,pythia-410m,medium,draw_1
A1.12,attn,1,1,7,8,pythia-410m,medium,draw_1
A2.3,attn,2,1,3,4,pythia-410m,medium,draw_1
A3.14,attn,3,0,1,1,pythia-410m,medium,draw_1
A4.4,attn,4,0,2,2,pythia-410m,medium,draw_1
A4.5,attn,4,0,9,9,pythia-410m,medium,draw_1
A4.6,attn,4,5,6,11,pythia-410m,medium,draw_1
A4.9,attn,4,3,16,19,pythia-410m,medium,draw_1
A4.10,attn,4,3,1,4,pythia-410m,medium,draw_1
A4.15,attn,4,1,3,4,pythia-410m,medium,draw_1
A0.12,attn,0,0,3,3,pythia-410m,medium,draw_1
A1.3,attn,1,1,8,9,pythia-410m,medium,draw_1
A1.8,attn,1,2,2,4,pythia-410m,medium,draw_1
A1.10,attn,1,1,6,7,pythia-410m,medium,draw_1
A1.14,attn,1,2,6,8,pythia-410m,medium,draw_1
A16.0,attn,16,9,2,11,pythia-410m,medium,draw_1
A12.10,attn,12,5,4,9,pythia-410m,medium,draw_1
A14.0,attn,14,27,12,39,pythia-410m,medium,draw_1
A16.1,attn,16,26,7,33,pythia-410m,medium,draw_1
A9.8,attn,9,5,21,26,pythia-410m,medium,draw_1
A14.2,attn,14,25,8,33,pythia-410m,medium,draw_1
A16.3,attn,16,19,4,23,pythia-410m,medium,draw_1
A16.4,attn,16,21,3,24,pythia-410m,medium,draw_1
A16.5,attn,16,25,9,34,pythia-410m,medium,draw_1
A16.7,attn,16,12,10,22,pythia-410m,medium,draw_1
A16.10,attn,16,9,4,13,pythia-410m,medium,draw_1
M15,mlp,15,73,27,100,pythia-410m,medium,draw_1
A16.11,attn,16,10,7,17,pythia-410m,medium,draw_1
A16.12,attn,16,32,8,40,pythia-410m,medium,draw_1
A12.0,attn,12,24,14,38,pythia-410m,medium,draw_1
A14.11,attn,14,7,6,13,pythia-410m,medium,draw_1
A16.13,attn,16,16,5,21,pythia-410m,medium,draw_1
A16.14,attn,16,44,12,56,pythia-410m,medium,draw_1
A6.9,attn,6,2,9,11,pythia-410m,medium,draw_1
A7.6,attn,7,1,8,9,pythia-410m,medium,draw_1
A10.5,attn,10,4,15,19,pythia-410m,medium,draw_1
A10.13,attn,10,9,16,25,pythia-410m,medium,draw_1
A11.8,attn,11,2,4,6,pythia-410m,medium,draw_1
A11.13,attn,11,32,18,50,pythia-410m,medium,draw_1
A11.15,attn,11,12,12,24,pythia-410m,medium,draw_1
A13.12,attn,13,9,8,17,pythia-410m,medium,draw_1
A14.15,attn,14,2,3,5,pythia-410m,medium,draw_1
A16.15,attn,16,15,7,22,pythia-410m,medium,draw_1
A9.7,attn,9,4,7,11,pythia-410m,medium,draw_1
A9.13,attn,9,12,22,34,pythia-410m,medium,draw_1
A14.5,attn,14,4,10,14,pythia-410m,medium,draw_1
A14.7,attn,14,3,1,4,pythia-410m,medium,draw_1
A14.8,attn,14,13,5,18,pythia-410m,medium,draw_1
A14.13,attn,14,3,1,4,pythia-410m,medium,draw_1
M20,mlp,20,69,8,77,pythia-410m,medium,draw_1
A5.8,attn,5,0,11,11,pythia-410m,medium,draw_1
A6.15,attn,6,1,8,9,pythia-410m,medium,draw_1
M16,mlp,16,101,23,124,pythia-410m,medium,draw_1
A17.1,attn,17,26,7,33,pythia-410m,medium,draw_1
A17.4,attn,17,23,7,30,pythia-410m,medium,draw_1
A17.10,attn,17,43,9,52,pythia-410m,medium,draw_1
M17,mlp,17,85,22,107,pythia-410m,medium,draw_1
A18.13,attn,18,18,5,23,pythia-410m,medium,draw_1
A18.14,attn,18,21,5,26,pythia-410m,medium,draw_1
A18.15,attn,18,1,4,5,pythia-410m,medium,draw_1
M18,mlp,18,96,20,116,pythia-410m,medium,draw_1
M19,mlp,19,100,13,113,pythia-410m,medium,draw_1
embed,embed,-1,0,14,14,pythia-410m,medium,draw_1
A3.7,attn,3,4,7,11,pythia-410m,medium,draw_1
A5.4,attn,5,0,11,11,pythia-410m,medium,draw_1
A6.4,attn,6,3,5,8,pythia-410m,medium,draw_1
A6.6,attn,6,2,7,9,pythia-410m,medium,draw_1
A6.11,attn,6,0,5,5,pythia-410m,medium,draw_1
A0.9,attn,0,0,3,3,pythia-410m,medium,draw_1
A5.0,attn,5,0,5,5,pythia-410m,medium,draw_1
A5.11,attn,5,0,4,4,pythia-410m,medium,draw_1
A6.5,attn,6,1,5,6,pythia-410m,medium,draw_1
A7.3,attn,7,0,10,10,pythia-410m,medium,draw_1
A7.14,attn,7,1,7,8,pythia-410m,medium,draw_1
A9.3,attn,9,12,10,22,pythia-410m,medium,draw_1
A9.14,attn,9,0,4,4,pythia-410m,medium,draw_1
A10.1,attn,10,7,10,17,pythia-410m,medium,draw_1
A10.7,attn,10,14,14,28,pythia-410m,medium,draw_1
A12.7,attn,12,3,6,9,pythia-410m,medium,draw_1
A5.12,attn,5,1,5,6,pythia-410m,medium,draw_1
A10.2,attn,10,1,1,2,pythia-410m,medium,draw_1
A5.1,attn,5,1,7,8,pythia-410m,medium,draw_1
A7.9,attn,7,2,13,15,pythia-410m,medium,draw_1
A7.13,attn,7,1,4,5,pythia-410m,medium,draw_1
A9.12,attn,9,5,6,11,pythia-410m,medium,draw_1
A9.15,attn,9,6,5,11,pythia-410m,medium,draw_1
A10.4,attn,10,6,7,13,pythia-410m,medium,draw_1
A10.6,attn,10,3,7,10,pythia-410m,medium,draw_1
A10.11,attn,10,5,3,8,pythia-410m,medium,draw_1
A10.14,attn,10,2,1,3,pythia-410m,medium,draw_1
A10.15,attn,10,2,5,7,pythia-410m,medium,draw_1
A1.5,attn,1,0,3,3,pythia-410m,medium,draw_1
A1.13,attn,1,1,3,4,pythia-410m,medium,draw_1
A2.8,attn,2,1,4,5,pythia-410m,medium,draw_1
A0.4,attn,0,1,2,3,pythia-410m,medium,draw_1
A0.6,attn,0,0,1,1,pythia-410m,medium,draw_1
A0.10,attn,0,1,1,2,pythia-410m,medium,draw_1
A0.15,attn,0,1,4,5,pythia-410m,medium,draw_1
A6.10,attn,6,1,4,5,pythia-410m,medium,draw_1
A12.4,attn,12,8,10,18,pythia-410m,medium,draw_1
A13.14,attn,13,9,7,16,pythia-410m,medium,draw_1
M23,mlp,23,164,1,165,pythia-410m,medium,draw_1
A8.8,attn,8,0,3,3,pythia-410m,medium,draw_1
A9.0,attn,9,6,6,12,pythia-410m,medium,draw_1
A10.8,attn,10,0,4,4,pythia-410m,medium,draw_1
A11.5,attn,11,5,2,7,pythia-410m,medium,draw_1
A11.12,attn,11,2,2,4,pythia-410m,medium,draw_1
A12.1,attn,12,7,4,11,pythia-410m,medium,draw_1
A13.1,attn,13,0,2,2,pythia-410m,medium,draw_1
A14.1,attn,14,0,4,4,pythia-410m,medium,draw_1
A16.6,attn,16,0,1,1,pythia-410m,medium,draw_1
A17.0,attn,17,1,1,2,pythia-410m,medium,draw_1
A17.2,attn,17,9,4,13,pythia-410m,medium,draw_1
A17.5,attn,17,10,2,12,pythia-410m,medium,draw_1
A17.9,attn,17,32,3,35,pythia-410m,medium,draw_1
A17.15,attn,17,23,4,27,pythia-410m,medium,draw_1
A18.0,attn,18,8,4,12,pythia-410m,medium,draw_1
A18.3,attn,18,5,4,9,pythia-410m,medium,draw_1
A18.5,attn,18,0,2,2,pythia-410m,medium,draw_1
A18.7,attn,18,8,5,13,pythia-410m,medium,draw_1
A18.8,attn,18,35,7,42,pythia-410m,medium,draw_1
A18.11,attn,18,16,5,21,pythia-410m,medium,draw_1
A19.1,attn,19,1,2,3,pythia-410m,medium,draw_1
A19.2,attn,19,12,4,16,pythia-410m,medium,draw_1
A19.3,attn,19,0,1,1,pythia-410m,medium,draw_1
A19.5,attn,19,3,4,7,pythia-410m,medium,draw_1
A19.7,attn,19,17,3,20,pythia-410m,medium,draw_1
A19.9,attn,19,28,4,32,pythia-410m,medium,draw_1
A19.10,attn,19,0,2,2,pythia-410m,medium,draw_1
A19.11,attn,19,14,2,16,pythia-410m,medium,draw_1
A19.12,attn,19,14,2,16,pythia-410m,medium,draw_1
A19.14,attn,19,0,2,2,pythia-410m,medium,draw_1
A19.15,attn,19,69,5,74,pythia-410m,medium,draw_1
A20.1,attn,20,3,2,5,pythia-410m,medium,draw_1
A20.13,attn,20,8,4,12,pythia-410m,medium,draw_1
A20.14,attn,20,2,3,5,pythia-410m,medium,draw_1
A21.1,attn,21,1,3,4,pythia-410m,medium,draw_1
A21.2,attn,21,8,2,10,pythia-410m,medium,draw_1
A21.7,attn,21,3,2,5,pythia-410m,medium,draw_1
A21.11,attn,21,0,1,1,pythia-410m,medium,draw_1
A21.12,attn,21,2,4,6,pythia-410m,medium,draw_1
M21,mlp,21,86,7,93,pythia-410m,medium,draw_1
A22.2,attn,22,13,2,15,pythia-410m,medium,draw_1
A22.3,attn,22,1,2,3,pythia-410m,medium,draw_1
A22.6,attn,22,21,2,23,pythia-410m,medium,draw_1
A22.11,attn,22,17,2,19,pythia-410m,medium,draw_1
M22,mlp,22,112,3,115,pythia-410m,medium,draw_1
A18.2,attn,18,20,1,21,pythia-410m,medium,draw_1
A18.10,attn,18,8,1,9,pythia-410m,medium,draw_1
A18.12,attn,18,34,4,38,pythia-410m,medium,draw_1
A1.2,attn,1,0,1,1,pythia-410m,medium,draw_1
A3.3,attn,3,0,2,2,pythia-410m,medium,draw_1
A3.9,attn,3,1,1,2,pythia-410m,medium,draw_1
A3.12,attn,3,2,3,5,pythia-410m,medium,draw_1
A7.12,attn,7,0,4,4,pythia-410m,medium,draw_1
A4.14,attn,4,0,3,3,pythia-410m,medium,draw_1
A12.6,attn,12,1,1,2,pythia-410m,medium,draw_1
A12.8,attn,12,2,2,4,pythia-410m,medium,draw_1
A12.9,attn,12,4,2,6,pythia-410m,medium,draw_1
A2.13,attn,2,0,3,3,pythia-410m,medium,draw_1
A12.14,attn,12,1,1,2,pythia-410m,medium,draw_1
A12.15,attn,12,1,1,2,pythia-410m,medium,draw_1
A9.2,attn,9,3,4,7,pythia-410m,medium,draw_1
A14.12,attn,14,0,1,1,pythia-410m,medium,draw_1
A3.4,attn,3,1,3,4,pythia-410m,medium,draw_1
A19.4,attn,19,15,1,16,pythia-410m,medium,draw_1
A19.6,attn,19,5,1,6,pythia-410m,medium,draw_1
A19.8,attn,19,13,1,14,pythia-410m,medium,draw_1
A13.7,attn,13,0,1,1,pythia-410m,medium,draw_1
A11.0,attn,11,1,1,2,pythia-410m,medium,draw_1
A11.9,attn,11,3,1,4,pythia-410m,medium,draw_1
A6.12,attn,6,0,4,4,pythia-410m,medium,draw_1
A4.0,attn,4,0,2,2,pythia-410m,medium,draw_1
A1.7,attn,1,0,1,1,pythia-410m,medium,draw_1
A3.10,attn,3,0,2,2,pythia-410m,medium,draw_1
R23,resid,23,264,0,264,pythia-410m,medium,draw_1
A0.13,attn,0,0,2,2,pythia-410m,medium,draw_1
A2.0,attn,2,1,2,3,pythia-410m,medium,draw_1
A2.7,attn,2,0,1,1,pythia-410m,medium,draw_1
A3.6,attn,3,0,2,2,pythia-410m,medium,draw_1
A4.11,attn,4,0,1,1,pythia-410m,medium,draw_1
A5.15,attn,5,0,2,2,pythia-410m,medium,draw_1
A6.1,attn,6,0,1,1,pythia-410m,medium,draw_1
A7.5,attn,7,0,2,2,pythia-410m,medium,draw_1
A13.4,attn,13,4,1,5,pythia-410m,medium,draw_1
A13.8,attn,13,0,1,1,pythia-410m,medium,draw_1
A13.13,attn,13,1,1,2,pythia-410m,medium,draw_1
A17.6,attn,17,2,1,3,pythia-410m,medium,draw_1
A17.7,attn,17,3,1,4,pythia-410m,medium,draw_1
A17.11,attn,17,3,1,4,pythia-410m,medium,draw_1
A17.14,attn,17,3,2,5,pythia-410m,medium,draw_1
A20.2,attn,20,14,2,16,pythia-410m,medium,draw_1
A20.3,attn,20,0,1,1,pythia-410m,medium,draw_1
A20.6,attn,20,3,3,6,pythia-410m,medium,draw_1
A20.7,attn,20,2,1,3,pythia-410m,medium,draw_1
A20.15,attn,20,9,2,11,pythia-410m,medium,draw_1
A21.0,attn,21,0,1,1,pythia-410m,medium,draw_1
A21.4,attn,21,15,1,16,pythia-410m,medium,draw_1
A21.9,attn,21,1,1,2,pythia-410m,medium,draw_1
A21.13,attn,21,2,1,3,pythia-410m,medium,draw_1
A21.14,attn,21,5,1,6,pythia-410m,medium,draw_1
A22.0,attn,22,0,1,1,pythia-410m,medium,draw_1
A22.8,attn,22,0,1,1,pythia-410m,medium,draw_1
A22.15,attn,22,2,1,3,pythia-410m,medium,draw_1
A23.1,attn,23,2,1,3,pythia-410m,medium,draw_1
A23.10,attn,23,0,1,1,pythia-410m,medium,draw_1
A23.12,attn,23,2,1,3,pythia-410m,medium,draw_1
A23.13,attn,23,0,1,1,pythia-410m,medium,draw_1
A23.15,attn,23,0,1,1,pythia-410m,medium,draw_1
A2.2,attn,2,0,1,1,pythia-410m,medium,draw_1
A2.4,attn,2,0,1,1,pythia-410m,medium,draw_1
A2.9,attn,2,1,1,2,pythia-410m,medium,draw_1
A2.15,attn,2,1,1,2,pythia-410m,medium,draw_1
A13.9,attn,13,0,1,1,pythia-410m,medium,draw_1
A5.6,attn,5,0,1,1,pythia-410m,medium,draw_1
A7.15,attn,7,0,2,2,pythia-410m,medium,draw_1
A0.0,attn,0,0,16,16,pythia-410m,medium,draw_2
M17,mlp,17,92,18,110,pythia-410m,medium,draw_2
A0.14,attn,0,1,23,24,pythia-410m,medium,draw_2
A0.15,attn,0,0,9,9,pythia-410m,medium,draw_2
M0,mlp,0,1,134,135,pythia-410m,medium,draw_2
A1.5,attn,1,0,1,1,pythia-410m,medium,draw_2
M1,mlp,1,6,49,55,pythia-410m,medium,draw_2
M2,mlp,2,8,70,78,pythia-410m,medium,draw_2
A3.1,attn,3,2,31,33,pythia-410m,medium,draw_2
M3,mlp,3,12,60,72,pythia-410m,medium,draw_2
A4.14,attn,4,0,4,4,pythia-410m,medium,draw_2
M4,mlp,4,12,71,83,pythia-410m,medium,draw_2
A5.2,attn,5,8,44,52,pythia-410m,medium,draw_2
A5.5,attn,5,2,12,14,pythia-410m,medium,draw_2
A5.8,attn,5,1,13,14,pythia-410m,medium,draw_2
A5.9,attn,5,8,32,40,pythia-410m,medium,draw_2
A5.14,attn,5,1,3,4,pythia-410m,medium,draw_2
M5,mlp,5,18,72,90,pythia-410m,medium,draw_2
A6.0,attn,6,12,82,94,pythia-410m,medium,draw_2
A6.3,attn,6,8,49,57,pythia-410m,medium,draw_2
A6.6,attn,6,0,6,6,pythia-410m,medium,draw_2
A6.13,attn,6,7,23,30,pythia-410m,medium,draw_2
A6.15,attn,6,1,9,10,pythia-410m,medium,draw_2
M6,mlp,6,21,44,65,pythia-410m,medium,draw_2
A7.1,attn,7,13,81,94,pythia-410m,medium,draw_2
A7.6,attn,7,1,14,15,pythia-410m,medium,draw_2
A7.7,attn,7,5,17,22,pythia-410m,medium,draw_2
A7.8,attn,7,32,67,99,pythia-410m,medium,draw_2
A7.9,attn,7,3,15,18,pythia-410m,medium,draw_2
A7.10,attn,7,5,14,19,pythia-410m,medium,draw_2
M7,mlp,7,26,46,72,pythia-410m,medium,draw_2
A8.2,attn,8,4,28,32,pythia-410m,medium,draw_2
A8.5,attn,8,5,11,16,pythia-410m,medium,draw_2
A8.6,attn,8,23,62,85,pythia-410m,medium,draw_2
A8.7,attn,8,9,31,40,pythia-410m,medium,draw_2
A8.9,attn,8,8,33,41,pythia-410m,medium,draw_2
A8.11,attn,8,8,15,23,pythia-410m,medium,draw_2
A8.12,attn,8,10,31,41,pythia-410m,medium,draw_2
A8.13,attn,8,8,66,74,pythia-410m,medium,draw_2
A8.15,attn,8,9,34,43,pythia-410m,medium,draw_2
M8,mlp,8,37,82,119,pythia-410m,medium,draw_2
A9.1,attn,9,21,45,66,pythia-410m,medium,draw_2
A9.4,attn,9,33,46,79,pythia-410m,medium,draw_2
A9.5,attn,9,18,49,67,pythia-410m,medium,draw_2
A9.6,attn,9,7,17,24,pythia-410m,medium,draw_2
A9.7,attn,9,2,4,6,pythia-410m,medium,draw_2
A9.8,attn,9,6,21,27,pythia-410m,medium,draw_2
A9.9,attn,9,20,33,53,pythia-410m,medium,draw_2
A9.12,attn,9,4,9,13,pythia-410m,medium,draw_2
A9.13,attn,9,12,21,33,pythia-410m,medium,draw_2
A9.15,attn,9,2,7,9,pythia-410m,medium,draw_2
M9,mlp,9,50,66,116,pythia-410m,medium,draw_2
A10.0,attn,10,27,28,55,pythia-410m,medium,draw_2
A10.3,attn,10,28,41,69,pythia-410m,medium,draw_2
A10.5,attn,10,2,12,14,pythia-410m,medium,draw_2
A10.7,attn,10,6,9,15,pythia-410m,medium,draw_2
A10.8,attn,10,1,8,9,pythia-410m,medium,draw_2
A10.9,attn,10,15,42,57,pythia-410m,medium,draw_2
A10.12,attn,10,15,37,52,pythia-410m,medium,draw_2
A10.13,attn,10,13,17,30,pythia-410m,medium,draw_2
M10,mlp,10,51,60,111,pythia-410m,medium,draw_2
A11.1,attn,11,38,37,75,pythia-410m,medium,draw_2
A11.2,attn,11,28,47,75,pythia-410m,medium,draw_2
A11.4,attn,11,6,10,16,pythia-410m,medium,draw_2
A11.6,attn,11,43,49,92,pythia-410m,medium,draw_2
A11.14,attn,11,46,67,113,pythia-410m,medium,draw_2
A11.15,attn,11,21,9,30,pythia-410m,medium,draw_2
M11,mlp,11,54,35,89,pythia-410m,medium,draw_2
A12.0,attn,12,25,19,44,pythia-410m,medium,draw_2
A12.5,attn,12,49,20,69,pythia-410m,medium,draw_2
A12.10,attn,12,8,6,14,pythia-410m,medium,draw_2
A12.11,attn,12,14,25,39,pythia-410m,medium,draw_2
A12.13,attn,12,59,16,75,pythia-410m,medium,draw_2
M12,mlp,12,55,32,87,pythia-410m,medium,draw_2
A13.0,attn,13,44,37,81,pythia-410m,medium,draw_2
A13.5,attn,13,4,10,14,pythia-410m,medium,draw_2
A13.9,attn,13,0,1,1,pythia-410m,medium,draw_2
M13,mlp,13,71,43,114,pythia-410m,medium,draw_2
A14.0,attn,14,8,11,19,pythia-410m,medium,draw_2
A14.5,attn,14,5,10,15,pythia-410m,medium,draw_2
A14.11,attn,14,6,8,14,pythia-410m,medium,draw_2
A14.15,attn,14,6,6,12,pythia-410m,medium,draw_2
M14,mlp,14,63,49,112,pythia-410m,medium,draw_2
A15.4,attn,15,10,9,19,pythia-410m,medium,draw_2
A15.6,attn,15,16,6,22,pythia-410m,medium,draw_2
M15,mlp,15,65,30,95,pythia-410m,medium,draw_2
A16.3,attn,16,27,8,35,pythia-410m,medium,draw_2
A16.4,attn,16,14,6,20,pythia-410m,medium,draw_2
A16.11,attn,16,10,5,15,pythia-410m,medium,draw_2
A16.12,attn,16,28,7,35,pythia-410m,medium,draw_2
A16.14,attn,16,57,17,74,pythia-410m,medium,draw_2
A16.15,attn,16,16,6,22,pythia-410m,medium,draw_2
M16,mlp,16,97,22,119,pythia-410m,medium,draw_2
A18.0,attn,18,11,3,14,pythia-410m,medium,draw_2
A18.2,attn,18,6,3,9,pythia-410m,medium,draw_2
A18.3,attn,18,2,1,3,pythia-410m,medium,draw_2
A18.5,attn,18,1,3,4,pythia-410m,medium,draw_2
A18.7,attn,18,4,4,8,pythia-410m,medium,draw_2
A18.8,attn,18,32,8,40,pythia-410m,medium,draw_2
A9.0,attn,9,1,9,10,pythia-410m,medium,draw_2
A9.3,attn,9,11,15,26,pythia-410m,medium,draw_2
A18.10,attn,18,1,1,2,pythia-410m,medium,draw_2
A18.11,attn,18,24,5,29,pythia-410m,medium,draw_2
A18.12,attn,18,28,6,34,pythia-410m,medium,draw_2
A10.10,attn,10,13,20,33,pythia-410m,medium,draw_2
A18.13,attn,18,12,5,17,pythia-410m,medium,draw_2
A18.14,attn,18,11,3,14,pythia-410m,medium,draw_2
A18.15,attn,18,4,3,7,pythia-410m,medium,draw_2
A11.8,attn,11,2,5,7,pythia-410m,medium,draw_2
A12.1,attn,12,4,5,9,pythia-410m,medium,draw_2
A12.3,attn,12,2,2,4,pythia-410m,medium,draw_2
A12.4,attn,12,4,9,13,pythia-410m,medium,draw_2
A0.3,attn,0,1,7,8,pythia-410m,medium,draw_2
A1.6,attn,1,0,8,8,pythia-410m,medium,draw_2
A1.11,attn,1,0,10,10,pythia-410m,medium,draw_2
A1.12,attn,1,0,7,7,pythia-410m,medium,draw_2
A1.13,attn,1,1,3,4,pythia-410m,medium,draw_2
A7.13,attn,7,0,6,6,pythia-410m,medium,draw_2
A7.14,attn,7,1,6,7,pythia-410m,medium,draw_2
A8.0,attn,8,5,42,47,pythia-410m,medium,draw_2
A8.1,attn,8,5,7,12,pythia-410m,medium,draw_2
A8.3,attn,8,2,9,11,pythia-410m,medium,draw_2
A8.10,attn,8,4,10,14,pythia-410m,medium,draw_2
A10.11,attn,10,4,7,11,pythia-410m,medium,draw_2
A11.13,attn,11,17,12,29,pythia-410m,medium,draw_2
A12.7,attn,12,13,3,16,pythia-410m,medium,draw_2
A7.0,attn,7,5,25,30,pythia-410m,medium,draw_2
A7.2,attn,7,3,26,29,pythia-410m,medium,draw_2
A7.4,attn,7,0,7,7,pythia-410m,medium,draw_2
A12.8,attn,12,3,3,6,pythia-410m,medium,draw_2
A12.9,attn,12,6,3,9,pythia-410m,medium,draw_2
A10.1,attn,10,8,14,22,pythia-410m,medium,draw_2
A12.12,attn,12,5,5,10,pythia-410m,medium,draw_2
A1.10,attn,1,1,8,9,pythia-410m,medium,draw_2
A2.10,attn,2,3,16,19,pythia-410m,medium,draw_2
A3.12,attn,3,1,9,10,pythia-410m,medium,draw_2
A6.4,attn,6,2,5,7,pythia-410m,medium,draw_2
A10.14,attn,10,1,4,5,pythia-410m,medium,draw_2
A0.11,attn,0,1,2,3,pythia-410m,medium,draw_2
A0.12,attn,0,1,1,2,pythia-410m,medium,draw_2
A1.4,attn,1,1,13,14,pythia-410m,medium,draw_2
A4.15,attn,4,1,3,4,pythia-410m,medium,draw_2
A8.4,attn,8,4,7,11,pythia-410m,medium,draw_2
A5.4,attn,5,0,6,6,pythia-410m,medium,draw_2
A8.14,attn,8,2,10,12,pythia-410m,medium,draw_2
A9.10,attn,9,1,1,2,pythia-410m,medium,draw_2
A9.14,attn,9,1,6,7,pythia-410m,medium,draw_2
A0.5,attn,0,1,16,17,pythia-410m,medium,draw_2
A6.11,attn,6,1,4,5,pythia-410m,medium,draw_2
A7.5,attn,7,2,2,4,pythia-410m,medium,draw_2
embed,embed,-1,0,12,12,pythia-410m,medium,draw_2
A1.3,attn,1,1,4,5,pythia-410m,medium,draw_2
A1.14,attn,1,0,5,5,pythia-410m,medium,draw_2
A1.15,attn,1,1,1,2,pythia-410m,medium,draw_2
A2.9,attn,2,0,2,2,pythia-410m,medium,draw_2
A3.8,attn,3,0,1,1,pythia-410m,medium,draw_2
A4.0,attn,4,1,2,3,pythia-410m,medium,draw_2
A4.5,attn,4,2,8,10,pythia-410m,medium,draw_2
A4.9,attn,4,1,15,16,pythia-410m,medium,draw_2
A6.5,attn,6,1,5,6,pythia-410m,medium,draw_2
A7.12,attn,7,1,4,5,pythia-410m,medium,draw_2
A10.15,attn,10,5,7,12,pythia-410m,medium,draw_2
A13.12,attn,13,11,9,20,pythia-410m,medium,draw_2
A13.13,attn,13,1,1,2,pythia-410m,medium,draw_2
A13.14,attn,13,4,6,10,pythia-410m,medium,draw_2
M19,mlp,19,99,18,117,pythia-410m,medium,draw_2
A5.12,attn,5,0,4,4,pythia-410m,medium,draw_2
A6.9,attn,6,3,5,8,pythia-410m,medium,draw_2
A7.3,attn,7,0,8,8,pythia-410m,medium,draw_2
A10.4,attn,10,5,9,14,pythia-410m,medium,draw_2
A11.12,attn,11,0,1,1,pythia-410m,medium,draw_2
A12.14,attn,12,0,1,1,pythia-410m,medium,draw_2
A14.2,attn,14,23,12,35,pythia-410m,medium,draw_2
A14.8,attn,14,21,8,29,pythia-410m,medium,draw_2
A15.11,attn,15,22,16,38,pythia-410m,medium,draw_2
A16.1,attn,16,22,10,32,pythia-410m,medium,draw_2
A16.5,attn,16,33,10,43,pythia-410m,medium,draw_2
A16.10,attn,16,7,2,9,pythia-410m,medium,draw_2
A16.13,attn,16,16,3,19,pythia-410m,medium,draw_2
A17.1,attn,17,18,6,24,pythia-410m,medium,draw_2
A17.4,attn,17,28,7,35,pythia-410m,medium,draw_2
A17.5,attn,17,10,4,14,pythia-410m,medium,draw_2
A17.9,attn,17,31,6,37,pythia-410m,medium,draw_2
A17.10,attn,17,37,9,46,pythia-410m,medium,draw_2
A17.14,attn,17,3,5,8,pythia-410m,medium,draw_2
M18,mlp,18,101,22,123,pythia-410m,medium,draw_2
A0.7,attn,0,1,10,11,pythia-410m,medium,draw_2
M22,mlp,22,104,2,106,pythia-410m,medium,draw_2
A5.0,attn,5,2,5,7,pythia-410m,medium,draw_2
A5.3,attn,5,1,9,10,pythia-410m,medium,draw_2
A14.13,attn,14,2,2,4,pythia-410m,medium,draw_2
A15.0,attn,15,3,4,7,pythia-410m,medium,draw_2
A16.7,attn,16,19,10,29,pythia-410m,medium,draw_2
A17.15,attn,17,12,3,15,pythia-410m,medium,draw_2
A19.5,attn,19,4,3,7,pythia-410m,medium,draw_2
A19.7,attn,19,14,3,17,pythia-410m,medium,draw_2
A19.9,attn,19,16,3,19,pythia-410m,medium,draw_2
A20.6,attn,20,4,3,7,pythia-410m,medium,draw_2
A20.15,attn,20,7,3,10,pythia-410m,medium,draw_2
M20,mlp,20,73,9,82,pythia-410m,medium,draw_2
A21.4,attn,21,17,2,19,pythia-410m,medium,draw_2
A21.12,attn,21,4,4,8,pythia-410m,medium,draw_2
M21,mlp,21,89,6,95,pythia-410m,medium,draw_2
R23,resid,23,259,0,259,pythia-410m,medium,draw_2
A1.8,attn,1,0,1,1,pythia-410m,medium,draw_2
A2.0,attn,2,0,1,1,pythia-410m,medium,draw_2
A3.6,attn,3,0,3,3,pythia-410m,medium,draw_2
A3.7,attn,3,1,10,11,pythia-410m,medium,draw_2
A3.9,attn,3,0,1,1,pythia-410m,medium,draw_2
A3.10,attn,3,0,4,4,pythia-410m,medium,draw_2
A4.6,attn,4,1,6,7,pythia-410m,medium,draw_2
A5.1,attn,5,0,6,6,pythia-410m,medium,draw_2
A5.10,attn,5,0,1,1,pythia-410m,medium,draw_2
A5.11,attn,5,0,3,3,pythia-410m,medium,draw_2
A5.15,attn,5,0,1,1,pythia-410m,medium,draw_2
A6.1,attn,6,0,2,2,pythia-410m,medium,draw_2
A6.10,attn,6,0,2,2,pythia-410m,medium,draw_2
A6.12,attn,6,0,5,5,pythia-410m,medium,draw_2
A7.11,attn,7,0,2,2,pythia-410m,medium,draw_2
A8.8,attn,8,0,1,1,pythia-410m,medium,draw_2
A9.2,attn,9,0,1,1,pythia-410m,medium,draw_2
A10.2,attn,10,2,2,4,pythia-410m,medium,draw_2
A10.6,attn,10,2,7,9,pythia-410m,medium,draw_2
A11.0,attn,11,1,3,4,pythia-410m,medium,draw_2
A11.9,attn,11,0,2,2,pythia-410m,medium,draw_2
A14.1,attn,14,1,2,3,pythia-410m,medium,draw_2
A14.6,attn,14,3,1,4,pythia-410m,medium,draw_2
A15.2,attn,15,13,4,17,pythia-410m,medium,draw_2
A15.5,attn,15,24,2,26,pythia-410m,medium,draw_2
A15.8,attn,15,6,5,11,pythia-410m,medium,draw_2
A15.10,attn,15,3,2,5,pythia-410m,medium,draw_2
A15.12,attn,15,10,1,11,pythia-410m,medium,draw_2
A15.15,attn,15,5,3,8,pythia-410m,medium,draw_2
A16.0,attn,16,3,1,4,pythia-410m,medium,draw_2
A16.6,attn,16,1,1,2,pythia-410m,medium,draw_2
A17.0,attn,17,1,1,2,pythia-410m,medium,draw_2
A17.2,attn,17,8,3,11,pythia-410m,medium,draw_2
A17.6,attn,17,8,2,10,pythia-410m,medium,draw_2
A17.11,attn,17,15,3,18,pythia-410m,medium,draw_2
A19.2,attn,19,12,2,14,pythia-410m,medium,draw_2
A19.3,attn,19,4,2,6,pythia-410m,medium,draw_2
A19.4,attn,19,9,2,11,pythia-410m,medium,draw_2
A19.6,attn,19,1,1,2,pythia-410m,medium,draw_2
A19.8,attn,19,6,3,9,pythia-410m,medium,draw_2
A19.10,attn,19,1,2,3,pythia-410m,medium,draw_2
A19.11,attn,19,15,3,18,pythia-410m,medium,draw_2
A19.12,attn,19,12,1,13,pythia-410m,medium,draw_2
A19.14,attn,19,0,2,2,pythia-410m,medium,draw_2
A19.15,attn,19,74,5,79,pythia-410m,medium,draw_2
A20.1,attn,20,8,1,9,pythia-410m,medium,draw_2
A20.2,attn,20,7,1,8,pythia-410m,medium,draw_2
A20.3,attn,20,0,1,1,pythia-410m,medium,draw_2
A20.7,attn,20,1,1,2,pythia-410m,medium,draw_2
A20.13,attn,20,11,1,12,pythia-410m,medium,draw_2
A20.14,attn,20,3,3,6,pythia-410m,medium,draw_2
A21.0,attn,21,0,1,1,pythia-410m,medium,draw_2
A21.1,attn,21,6,1,7,pythia-410m,medium,draw_2
A21.2,attn,21,4,2,6,pythia-410m,medium,draw_2
A21.7,attn,21,9,2,11,pythia-410m,medium,draw_2
A21.8,attn,21,2,1,3,pythia-410m,medium,draw_2
A21.9,attn,21,1,1,2,pythia-410m,medium,draw_2
A21.14,attn,21,4,1,5,pythia-410m,medium,draw_2
A22.2,attn,22,16,2,18,pythia-410m,medium,draw_2
A22.3,attn,22,5,2,7,pythia-410m,medium,draw_2
A22.6,attn,22,21,2,23,pythia-410m,medium,draw_2
A22.8,attn,22,0,1,1,pythia-410m,medium,draw_2
A22.11,attn,22,20,2,22,pythia-410m,medium,draw_2
A22.15,attn,22,0,1,1,pythia-410m,medium,draw_2
A23.1,attn,23,1,1,2,pythia-410m,medium,draw_2
A23.12,attn,23,3,1,4,pythia-410m,medium,draw_2
A23.13,attn,23,0,1,1,pythia-410m,medium,draw_2
A23.14,attn,23,0,1,1,pythia-410m,medium,draw_2
A23.15,attn,23,1,1,2,pythia-410m,medium,draw_2
M23,mlp,23,160,1,161,pythia-410m,medium,draw_2
A3.13,attn,3,1,1,2,pythia-410m,medium,draw_2
A4.4,attn,4,0,1,1,pythia-410m,medium,draw_2
A0.13,attn,0,1,2,3,pythia-410m,medium,draw_2
A2.2,attn,2,1,1,2,pythia-410m,medium,draw_2
A3.2,attn,3,1,2,3,pythia-410m,medium,draw_2
A5.7,attn,5,0,1,1,pythia-410m,medium,draw_2
A3.14,attn,3,0,1,1,pythia-410m,medium,draw_2
A2.13,attn,2,0,1,1,pythia-410m,medium,draw_2
A3.5,attn,3,0,1,1,pythia-410m,medium,draw_2
A3.3,attn,3,1,1,2,pythia-410m,medium,draw_2
A15.1,attn,15,1,2,3,pythia-410m,medium,draw_2
A15.14,attn,15,6,2,8,pythia-410m,medium,draw_2
A17.7,attn,17,0,1,1,pythia-410m,medium,draw_2
A3.4,attn,3,0,1,1,pythia-410m,medium,draw_2
A0.10,attn,0,0,1,1,pythia-410m,medium,draw_2
A2.3,attn,2,0,1,1,pythia-410m,medium,draw_2
A4.13,attn,4,0,2,2,pythia-410m,medium,draw_2
A5.6,attn,5,0,1,1,pythia-410m,medium,draw_2
A5.13,attn,5,0,1,1,pythia-410m,medium,draw_2
A9.11,attn,9,0,1,1,pythia-410m,medium,draw_2
A12.2,attn,12,0,1,1,pythia-410m,medium,draw_2
A15.13,attn,15,0,1,1,pythia-410m,medium,draw_2
A21.11,attn,21,0,1,1,pythia-410m,medium,draw_2
A2.14,attn,2,0,1,1,pythia-410m,medium,draw_2
A0.0,attn,0,1,11,12,pythia-410m,medium,draw_3
A5.2,attn,5,7,44,51,pythia-410m,medium,draw_3
M0,mlp,0,1,146,147,pythia-410m,medium,draw_3
A1.4,attn,1,2,14,16,pythia-410m,medium,draw_3
M2,mlp,2,12,62,74,pythia-410m,medium,draw_3
A3.1,attn,3,2,27,29,pythia-410m,medium,draw_3
M3,mlp,3,12,86,98,pythia-410m,medium,draw_3
M4,mlp,4,19,83,102,pythia-410m,medium,draw_3
A5.3,attn,5,3,10,13,pythia-410m,medium,draw_3
M1,mlp,1,5,58,63,pythia-410m,medium,draw_3
A5.4,attn,5,3,17,20,pythia-410m,medium,draw_3
A5.5,attn,5,1,19,20,pythia-410m,medium,draw_3
A5.8,attn,5,1,13,14,pythia-410m,medium,draw_3
A5.9,attn,5,4,35,39,pythia-410m,medium,draw_3
A2.10,attn,2,3,17,20,pythia-410m,medium,draw_3
A5.11,attn,5,2,5,7,pythia-410m,medium,draw_3
A5.12,attn,5,4,7,11,pythia-410m,medium,draw_3
M5,mlp,5,15,71,86,pythia-410m,medium,draw_3
A14.0,attn,14,13,9,22,pythia-410m,medium,draw_3
A6.0,attn,6,16,79,95,pythia-410m,medium,draw_3
A7.1,attn,7,18,90,108,pythia-410m,medium,draw_3
A8.6,attn,8,14,60,74,pythia-410m,medium,draw_3
M8,mlp,8,36,66,102,pythia-410m,medium,draw_3
A10.0,attn,10,24,37,61,pythia-410m,medium,draw_3
A10.3,attn,10,39,41,80,pythia-410m,medium,draw_3
A11.1,attn,11,33,36,69,pythia-410m,medium,draw_3
A11.4,attn,11,13,10,23,pythia-410m,medium,draw_3
A11.6,attn,11,45,54,99,pythia-410m,medium,draw_3
A11.14,attn,11,50,63,113,pythia-410m,medium,draw_3
M11,mlp,11,58,35,93,pythia-410m,medium,draw_3
A12.0,attn,12,19,16,35,pythia-410m,medium,draw_3
M7,mlp,7,17,80,97,pythia-410m,medium,draw_3
A14.1,attn,14,3,2,5,pythia-410m,medium,draw_3
M9,mlp,9,42,77,119,pythia-410m,medium,draw_3
A12.12,attn,12,12,11,23,pythia-410m,medium,draw_3
A14.2,attn,14,27,7,34,pythia-410m,medium,draw_3
A7.8,attn,7,32,90,122,pythia-410m,medium,draw_3
A8.7,attn,8,8,31,39,pythia-410m,medium,draw_3
A8.9,attn,8,11,51,62,pythia-410m,medium,draw_3
A9.6,attn,9,5,18,23,pythia-410m,medium,draw_3
A9.13,attn,9,14,29,43,pythia-410m,medium,draw_3
A10.9,attn,10,9,42,51,pythia-410m,medium,draw_3
A11.2,attn,11,37,52,89,pythia-410m,medium,draw_3
A12.4,attn,12,7,12,19,pythia-410m,medium,draw_3
A12.5,attn,12,61,24,85,pythia-410m,medium,draw_3
A12.13,attn,12,60,19,79,pythia-410m,medium,draw_3
M12,mlp,12,58,37,95,pythia-410m,medium,draw_3
A13.0,attn,13,54,37,91,pythia-410m,medium,draw_3
M13,mlp,13,72,38,110,pythia-410m,medium,draw_3
A14.3,attn,14,18,1,19,pythia-410m,medium,draw_3
M6,mlp,6,21,53,74,pythia-410m,medium,draw_3
A8.13,attn,8,10,63,73,pythia-410m,medium,draw_3
A9.4,attn,9,33,55,88,pythia-410m,medium,draw_3
A9.3,attn,9,12,18,30,pythia-410m,medium,draw_3
A14.5,attn,14,4,13,17,pythia-410m,medium,draw_3
A9.5,attn,9,25,52,77,pythia-410m,medium,draw_3
A14.8,attn,14,21,7,28,pythia-410m,medium,draw_3
A1.11,attn,1,0,14,14,pythia-410m,medium,draw_3
A8.10,attn,8,5,15,20,pythia-410m,medium,draw_3
A8.11,attn,8,8,17,25,pythia-410m,medium,draw_3
A8.15,attn,8,6,30,36,pythia-410m,medium,draw_3
A10.15,attn,10,4,6,10,pythia-410m,medium,draw_3
A13.12,attn,13,5,11,16,pythia-410m,medium,draw_3
A14.11,attn,14,7,9,16,pythia-410m,medium,draw_3
A14.15,attn,14,3,7,10,pythia-410m,medium,draw_3
embed,embed,-1,0,13,13,pythia-410m,medium,draw_3
R23,resid,23,271,0,271,pythia-410m,medium,draw_3
A0.3,attn,0,0,7,7,pythia-410m,medium,draw_3
A0.5,attn,0,1,17,18,pythia-410m,medium,draw_3
A0.7,attn,0,1,11,12,pythia-410m,medium,draw_3
A0.9,attn,0,0,5,5,pythia-410m,medium,draw_3
A0.14,attn,0,1,19,20,pythia-410m,medium,draw_3
A0.15,attn,0,0,5,5,pythia-410m,medium,draw_3
A1.3,attn,1,2,6,8,pythia-410m,medium,draw_3
A1.6,attn,1,0,4,4,pythia-410m,medium,draw_3
A1.8,attn,1,1,4,5,pythia-410m,medium,draw_3
A1.10,attn,1,1,9,10,pythia-410m,medium,draw_3
A1.12,attn,1,0,6,6,pythia-410m,medium,draw_3
A1.14,attn,1,1,4,5,pythia-410m,medium,draw_3
A2.0,attn,2,0,1,1,pythia-410m,medium,draw_3
A2.7,attn,2,0,5,5,pythia-410m,medium,draw_3
A2.13,attn,2,0,2,2,pythia-410m,medium,draw_3
A3.2,attn,3,0,3,3,pythia-410m,medium,draw_3
A3.3,attn,3,0,3,3,pythia-410m,medium,draw_3
A3.4,attn,3,0,2,2,pythia-410m,medium,draw_3
A3.6,attn,3,0,3,3,pythia-410m,medium,draw_3
A3.7,attn,3,3,8,11,pythia-410m,medium,draw_3
A3.9,attn,3,1,2,3,pythia-410m,medium,draw_3
A3.10,attn,3,1,4,5,pythia-410m,medium,draw_3
A3.12,attn,3,3,5,8,pythia-410m,medium,draw_3
A4.2,attn,4,0,1,1,pythia-410m,medium,draw_3
A4.5,attn,4,1,6,7,pythia-410m,medium,draw_3
A4.6,attn,4,1,5,6,pythia-410m,medium,draw_3
A4.9,attn,4,4,10,14,pythia-410m,medium,draw_3
A4.14,attn,4,1,7,8,pythia-410m,medium,draw_3
A4.15,attn,4,1,4,5,pythia-410m,medium,draw_3
A5.0,attn,5,0,3,3,pythia-410m,medium,draw_3
A5.1,attn,5,0,7,7,pythia-410m,medium,draw_3
A5.10,attn,5,0,1,1,pythia-410m,medium,draw_3
A5.14,attn,5,0,1,1,pythia-410m,medium,draw_3
A5.15,attn,5,0,5,5,pythia-410m,medium,draw_3
A6.1,attn,6,1,3,4,pythia-410m,medium,draw_3
A6.3,attn,6,7,47,54,pythia-410m,medium,draw_3
A6.5,attn,6,4,7,11,pythia-410m,medium,draw_3
A6.6,attn,6,1,8,9,pythia-410m,medium,draw_3
A6.9,attn,6,1,8,9,pythia-410m,medium,draw_3
A6.10,attn,6,0,3,3,pythia-410m,medium,draw_3
A6.11,attn,6,3,7,10,pythia-410m,medium,draw_3
A6.12,attn,6,4,4,8,pythia-410m,medium,draw_3
A6.13,attn,6,9,31,40,pythia-410m,medium,draw_3
A6.15,attn,6,2,9,11,pythia-410m,medium,draw_3
A7.0,attn,7,8,26,34,pythia-410m,medium,draw_3
A7.2,attn,7,10,27,37,pythia-410m,medium,draw_3
A7.3,attn,7,2,6,8,pythia-410m,medium,draw_3
A7.4,attn,7,3,12,15,pythia-410m,medium,draw_3
A7.5,attn,7,1,3,4,pythia-410m,medium,draw_3
A7.6,attn,7,2,13,15,pythia-410m,medium,draw_3
A7.7,attn,7,3,17,20,pythia-410m,medium,draw_3
A7.9,attn,7,2,13,15,pythia-410m,medium,draw_3
A7.10,attn,7,9,11,20,pythia-410m,medium,draw_3
A7.12,attn,7,0,5,5,pythia-410m,medium,draw_3
A7.13,attn,7,1,6,7,pythia-410m,medium,draw_3
A7.14,attn,7,3,11,14,pythia-410m,medium,draw_3
A8.0,attn,8,12,36,48,pythia-410m,medium,draw_3
A8.1,attn,8,3,7,10,pythia-410m,medium,draw_3
A8.2,attn,8,11,27,38,pythia-410m,medium,draw_3
A8.3,attn,8,2,10,12,pythia-410m,medium,draw_3
A8.4,attn,8,4,12,16,pythia-410m,medium,draw_3
A8.5,attn,8,12,18,30,pythia-410m,medium,draw_3
A8.12,attn,8,12,30,42,pythia-410m,medium,draw_3
A8.14,attn,8,4,18,22,pythia-410m,medium,draw_3
A9.0,attn,9,7,5,12,pythia-410m,medium,draw_3
A9.1,attn,9,22,37,59,pythia-410m,medium,draw_3
A9.2,attn,9,4,4,8,pythia-410m,medium,draw_3
A9.7,attn,9,2,7,9,pythia-410m,medium,draw_3
A9.8,attn,9,4,22,26,pythia-410m,medium,draw_3
A9.9,attn,9,18,25,43,pythia-410m,medium,draw_3
A9.12,attn,9,4,4,8,pythia-410m,medium,draw_3
A9.14,attn,9,4,9,13,pythia-410m,medium,draw_3
A9.15,attn,9,2,9,11,pythia-410m,medium,draw_3
A10.1,attn,10,5,11,16,pythia-410m,medium,draw_3
A10.2,attn,10,1,2,3,pythia-410m,medium,draw_3
A10.4,attn,10,12,11,23,pythia-410m,medium,draw_3
A10.5,attn,10,6,10,16,pythia-410m,medium,draw_3
A10.6,attn,10,4,9,13,pythia-410m,medium,draw_3
A10.7,attn,10,22,14,36,pythia-410m,medium,draw_3
A10.8,attn,10,2,6,8,pythia-410m,medium,draw_3
A10.10,attn,10,18,26,44,pythia-410m,medium,draw_3
A10.11,attn,10,2,4,6,pythia-410m,medium,draw_3
A10.12,attn,10,10,30,40,pythia-410m,medium,draw_3
A10.13,attn,10,8,17,25,pythia-410m,medium,draw_3
A10.14,attn,10,7,11,18,pythia-410m,medium,draw_3
M10,mlp,10,65,53,118,pythia-410m,medium,draw_3
A11.8,attn,11,0,2,2,pythia-410m,medium,draw_3
A11.9,attn,11,3,2,5,pythia-410m,medium,draw_3
A11.13,attn,11,36,10,46,pythia-410m,medium,draw_3
A11.15,attn,11,9,9,18,pythia-410m,medium,draw_3
A12.1,attn,12,9,6,15,pythia-410m,medium,draw_3
A12.2,attn,12,2,2,4,pythia-410m,medium,draw_3
A12.6,attn,12,4,1,5,pythia-410m,medium,draw_3
A12.7,attn,12,35,6,41,pythia-410m,medium,draw_3
A12.8,attn,12,3,1,4,pythia-410m,medium,draw_3
A12.9,attn,12,6,4,10,pythia-410m,medium,draw_3
A12.10,attn,12,2,4,6,pythia-410m,medium,draw_3
A12.11,attn,12,11,20,31,pythia-410m,medium,draw_3
A12.14,attn,12,3,1,4,pythia-410m,medium,draw_3
A13.1,attn,13,2,2,4,pythia-410m,medium,draw_3
A13.5,attn,13,3,12,15,pythia-410m,medium,draw_3
A13.8,attn,13,3,1,4,pythia-410m,medium,draw_3
A13.9,attn,13,1,1,2,pythia-410m,medium,draw_3
A13.13,attn,13,0,2,2,pythia-410m,medium,draw_3
A13.14,attn,13,7,8,15,pythia-410m,medium,draw_3
M14,mlp,14,59,40,99,pythia-410m,medium,draw_3
A15.0,attn,15,3,5,8,pythia-410m,medium,draw_3
A15.1,attn,15,2,2,4,pythia-410m,medium,draw_3
A15.2,attn,15,6,4,10,pythia-410m,medium,draw_3
A15.4,attn,15,13,9,22,pythia-410m,medium,draw_3
A15.5,attn,15,16,3,19,pythia-410m,medium,draw_3
A15.6,attn,15,22,9,31,pythia-410m,medium,draw_3
A15.8,attn,15,10,3,13,pythia-410m,medium,draw_3
A15.10,attn,15,3,2,5,pythia-410m,medium,draw_3
A15.11,attn,15,10,17,27,pythia-410m,medium,draw_3
A15.12,attn,15,7,1,8,pythia-410m,medium,draw_3
M15,mlp,15,71,28,99,pythia-410m,medium,draw_3
A16.0,attn,16,6,2,8,pythia-410m,medium,draw_3
A16.1,attn,16,22,8,30,pythia-410m,medium,draw_3
A16.3,attn,16,26,3,29,pythia-410m,medium,draw_3
A16.4,attn,16,22,4,26,pythia-410m,medium,draw_3
A16.5,attn,16,37,9,46,pythia-410m,medium,draw_3
A16.6,attn,16,0,3,3,pythia-410m,medium,draw_3
A16.7,attn,16,11,5,16,pythia-410m,medium,draw_3
A16.10,attn,16,9,4,13,pythia-410m,medium,draw_3
A16.11,attn,16,8,7,15,pythia-410m,medium,draw_3
A16.12,attn,16,20,8,28,pythia-410m,medium,draw_3
A16.13,attn,16,22,7,29,pythia-410m,medium,draw_3
A16.14,attn,16,50,13,63,pythia-410m,medium,draw_3
A16.15,attn,16,16,6,22,pythia-410m,medium,draw_3
M16,mlp,16,116,22,138,pythia-410m,medium,draw_3
A17.0,attn,17,2,2,4,pythia-410m,medium,draw_3
A17.1,attn,17,18,7,25,pythia-410m,medium,draw_3
A17.2,attn,17,5,2,7,pythia-410m,medium,draw_3
A17.4,attn,17,17,7,24,pythia-410m,medium,draw_3
A17.5,attn,17,5,2,7,pythia-410m,medium,draw_3
A17.6,attn,17,15,3,18,pythia-410m,medium,draw_3
A17.7,attn,17,7,1,8,pythia-410m,medium,draw_3
A17.9,attn,17,28,7,35,pythia-410m,medium,draw_3
A17.10,attn,17,23,8,31,pythia-410m,medium,draw_3
A17.11,attn,17,6,1,7,pythia-410m,medium,draw_3
A17.12,attn,17,0,1,1,pythia-410m,medium,draw_3
A17.14,attn,17,2,2,4,pythia-410m,medium,draw_3
A17.15,attn,17,16,2,18,pythia-410m,medium,draw_3
M17,mlp,17,85,24,109,pythia-410m,medium,draw_3
A18.0,attn,18,15,5,20,pythia-410m,medium,draw_3
A18.2,attn,18,16,3,19,pythia-410m,medium,draw_3
A18.3,attn,18,10,1,11,pythia-410m,medium,draw_3
A18.5,attn,18,2,1,3,pythia-410m,medium,draw_3
A18.7,attn,18,9,3,12,pythia-410m,medium,draw_3
A18.8,attn,18,30,9,39,pythia-410m,medium,draw_3
A18.10,attn,18,6,2,8,pythia-410m,medium,draw_3
A18.11,attn,18,22,3,25,pythia-410m,medium,draw_3
A18.12,attn,18,26,6,32,pythia-410m,medium,draw_3
A18.13,attn,18,13,5,18,pythia-410m,medium,draw_3
A18.14,attn,18,19,5,24,pythia-410m,medium,draw_3
A18.15,attn,18,1,1,2,pythia-410m,medium,draw_3
M18,mlp,18,100,22,122,pythia-410m,medium,draw_3
A19.2,attn,19,22,3,25,pythia-410m,medium,draw_3
A19.3,attn,19,1,2,3,pythia-410m,medium,draw_3
A19.4,attn,19,5,1,6,pythia-410m,medium,draw_3
A19.5,attn,19,0,5,5,pythia-410m,medium,draw_3
A19.6,attn,19,2,1,3,pythia-410m,medium,draw_3
A19.7,attn,19,20,3,23,pythia-410m,medium,draw_3
A19.8,attn,19,13,3,16,pythia-410m,medium,draw_3
A19.9,attn,19,19,3,22,pythia-410m,medium,draw_3
A19.10,attn,19,0,1,1,pythia-410m,medium,draw_3
A19.11,attn,19,8,1,9,pythia-410m,medium,draw_3
A19.12,attn,19,17,4,21,pythia-410m,medium,draw_3
A19.14,attn,19,3,2,5,pythia-410m,medium,draw_3
A19.15,attn,19,71,5,76,pythia-410m,medium,draw_3
M19,mlp,19,91,13,104,pythia-410m,medium,draw_3
A20.1,attn,20,3,1,4,pythia-410m,medium,draw_3
A20.2,attn,20,13,2,15,pythia-410m,medium,draw_3
A20.6,attn,20,5,4,9,pythia-410m,medium,draw_3
A20.7,attn,20,1,1,2,pythia-410m,medium,draw_3
A20.13,attn,20,8,2,10,pythia-410m,medium,draw_3
A20.14,attn,20,1,3,4,pythia-410m,medium,draw_3
A20.15,attn,20,0,1,1,pythia-410m,medium,draw_3
M20,mlp,20,75,7,82,pythia-410m,medium,draw_3
A21.0,attn,21,0,1,1,pythia-410m,medium,draw_3
A21.1,attn,21,7,1,8,pythia-410m,medium,draw_3
A21.2,attn,21,3,2,5,pythia-410m,medium,draw_3
A21.4,attn,21,9,1,10,pythia-410m,medium,draw_3
A21.6,attn,21,0,1,1,pythia-410m,medium,draw_3
A21.7,attn,21,12,3,15,pythia-410m,medium,draw_3
A21.8,attn,21,2,1,3,pythia-410m,medium,draw_3
A21.12,attn,21,8,3,11,pythia-410m,medium,draw_3
A21.13,attn,21,0,1,1,pythia-410m,medium,draw_3
A21.14,attn,21,3,1,4,pythia-410m,medium,draw_3
M21,mlp,21,85,6,91,pythia-410m,medium,draw_3
A22.0,attn,22,0,1,1,pythia-410m,medium,draw_3
A22.2,attn,22,16,2,18,pythia-410m,medium,draw_3
A22.3,attn,22,1,2,3,pythia-410m,medium,draw_3
A22.6,attn,22,14,2,16,pythia-410m,medium,draw_3
A22.8,attn,22,3,1,4,pythia-410m,medium,draw_3
A22.11,attn,22,17,2,19,pythia-410m,medium,draw_3
A22.13,attn,22,0,1,1,pythia-410m,medium,draw_3
A22.15,attn,22,0,1,1,pythia-410m,medium,draw_3
M22,mlp,22,113,4,117,pythia-410m,medium,draw_3
A23.1,attn,23,1,1,2,pythia-410m,medium,draw_3
A23.12,attn,23,3,1,4,pythia-410m,medium,draw_3
A23.13,attn,23,1,1,2,pythia-410m,medium,draw_3
A23.14,attn,23,0,1,1,pythia-410m,medium,draw_3
A23.15,attn,23,0,1,1,pythia-410m,medium,draw_3
M23,mlp,23,161,1,162,pythia-410m,medium,draw_3
A4.0,attn,4,1,3,4,pythia-410m,medium,draw_3
A6.2,attn,6,1,1,2,pythia-410m,medium,draw_3
A15.15,attn,15,3,4,7,pythia-410m,medium,draw_3
A0.4,attn,0,0,2,2,pythia-410m,medium,draw_3
A4.4,attn,4,0,2,2,pythia-410m,medium,draw_3
A4.13,attn,4,0,1,1,pythia-410m,medium,draw_3
A11.7,attn,11,1,1,2,pythia-410m,medium,draw_3
A15.14,attn,15,1,2,3,pythia-410m,medium,draw_3
A11.0,attn,11,0,1,1,pythia-410m,medium,draw_3
A0.10,attn,0,0,2,2,pythia-410m,medium,draw_3
A2.3,attn,2,0,2,2,pythia-410m,medium,draw_3
A0.11,attn,0,1,3,4,pythia-410m,medium,draw_3
A4.10,attn,4,0,1,1,pythia-410m,medium,draw_3
A1.15,attn,1,1,2,3,pythia-410m,medium,draw_3
A0.2,attn,0,1,1,2,pythia-410m,medium,draw_3
A1.13,attn,1,1,1,2,pythia-410m,medium,draw_3
A8.8,attn,8,0,1,1,pythia-410m,medium,draw_3
A12.3,attn,12,1,1,2,pythia-410m,medium,draw_3
A1.5,attn,1,0,1,1,pythia-410m,medium,draw_3
A2.9,attn,2,0,1,1,pythia-410m,medium,draw_3
A2.14,attn,2,0,1,1,pythia-410m,medium,draw_3
A3.8,attn,3,0,2,2,pythia-410m,medium,draw_3
A1.9,attn,1,0,1,1,pythia-410m,medium,draw_3
A4.8,attn,4,0,2,2,pythia-410m,medium,draw_3
A6.7,attn,6,0,1,1,pythia-410m,medium,draw_3
A19.1,attn,19,1,1,2,pythia-410m,medium,draw_3
A3.5,attn,3,0,1,1,pythia-410m,medium,draw_3
A6.14,attn,6,0,1,1,pythia-410m,medium,draw_3
A4.11,attn,4,0,1,1,pythia-410m,medium,draw_3
A14.6,attn,14,0,1,1,pythia-410m,medium,draw_3
A14.12,attn,14,0,1,1,pythia-410m,medium,draw_3
A21.9,attn,21,0,1,1,pythia-410m,medium,draw_3
A21.10,attn,21,0,1,1,pythia-410m,medium,draw_3
embed,embed,-1,0,16,16,pythia-410m,high,draw_1
R23,resid,23,258,0,258,pythia-410m,high,draw_1
A0.0,attn,0,1,12,13,pythia-410m,high,draw_1
A0.3,attn,0,1,8,9,pythia-410m,high,draw_1
A0.5,attn,0,1,21,22,pythia-410m,high,draw_1
A0.7,attn,0,1,5,6,pythia-410m,high,draw_1
A0.11,attn,0,0,1,1,pythia-410m,high,draw_1
A0.14,attn,0,1,15,16,pythia-410m,high,draw_1
A0.15,attn,0,0,5,5,pythia-410m,high,draw_1
M0,mlp,0,1,136,137,pythia-410m,high,draw_1
A1.3,attn,1,1,10,11,pythia-410m,high,draw_1
A1.4,attn,1,2,7,9,pythia-410m,high,draw_1
A1.6,attn,1,1,6,7,pythia-410m,high,draw_1
A1.9,attn,1,1,4,5,pythia-410m,high,draw_1
A1.10,attn,1,1,11,12,pythia-410m,high,draw_1
A1.11,attn,1,2,10,12,pythia-410m,high,draw_1
A1.12,attn,1,1,5,6,pythia-410m,high,draw_1
A1.13,attn,1,1,3,4,pythia-410m,high,draw_1
A1.14,attn,1,3,5,8,pythia-410m,high,draw_1
M1,mlp,1,8,51,59,pythia-410m,high,draw_1
A2.0,attn,2,1,4,5,pythia-410m,high,draw_1
A2.10,attn,2,7,13,20,pythia-410m,high,draw_1
M2,mlp,2,8,71,79,pythia-410m,high,draw_1
A3.1,attn,3,4,23,27,pythia-410m,high,draw_1
A3.3,attn,3,0,2,2,pythia-410m,high,draw_1
A3.5,attn,3,0,1,1,pythia-410m,high,draw_1
A3.7,attn,3,2,7,9,pythia-410m,high,draw_1
M3,mlp,3,14,65,79,pythia-410m,high,draw_1
A4.4,attn,4,1,4,5,pythia-410m,high,draw_1
A4.5,attn,4,2,6,8,pythia-410m,high,draw_1
A4.6,attn,4,0,7,7,pythia-410m,high,draw_1
A4.9,attn,4,1,10,11,pythia-410m,high,draw_1
A4.14,attn,4,3,6,9,pythia-410m,high,draw_1
M4,mlp,4,14,74,88,pythia-410m,high,draw_1
A5.0,attn,5,1,5,6,pythia-410m,high,draw_1
A5.1,attn,5,0,6,6,pythia-410m,high,draw_1
A5.2,attn,5,5,42,47,pythia-410m,high,draw_1
A5.3,attn,5,1,8,9,pythia-410m,high,draw_1
A5.4,attn,5,2,8,10,pythia-410m,high,draw_1
A5.5,attn,5,3,13,16,pythia-410m,high,draw_1
A5.7,attn,5,0,2,2,pythia-410m,high,draw_1
A5.8,attn,5,1,9,10,pythia-410m,high,draw_1
A5.9,attn,5,7,31,38,pythia-410m,high,draw_1
A5.10,attn,5,0,2,2,pythia-410m,high,draw_1
A5.11,attn,5,0,4,4,pythia-410m,high,draw_1
A5.12,attn,5,1,6,7,pythia-410m,high,draw_1
A5.14,attn,5,0,2,2,pythia-410m,high,draw_1
A5.15,attn,5,0,3,3,pythia-410m,high,draw_1
M5,mlp,5,17,74,91,pythia-410m,high,draw_1
A6.0,attn,6,11,80,91,pythia-410m,high,draw_1
A6.1,attn,6,0,3,3,pythia-410m,high,draw_1
A6.3,attn,6,7,54,61,pythia-410m,high,draw_1
A6.4,attn,6,1,6,7,pythia-410m,high,draw_1
A6.5,attn,6,0,7,7,pythia-410m,high,draw_1
A6.6,attn,6,0,8,8,pythia-410m,high,draw_1
A6.9,attn,6,0,7,7,pythia-410m,high,draw_1
A6.11,attn,6,1,6,7,pythia-410m,high,draw_1
A6.12,attn,6,0,6,6,pythia-410m,high,draw_1
A6.13,attn,6,6,23,29,pythia-410m,high,draw_1
A6.15,attn,6,2,10,12,pythia-410m,high,draw_1
M6,mlp,6,23,54,77,pythia-410m,high,draw_1
A7.0,attn,7,7,22,29,pythia-410m,high,draw_1
A7.1,attn,7,9,79,88,pythia-410m,high,draw_1
A7.2,attn,7,4,24,28,pythia-410m,high,draw_1
A7.3,attn,7,1,9,10,pythia-410m,high,draw_1
A7.4,attn,7,3,9,12,pythia-410m,high,draw_1
A7.5,attn,7,0,3,3,pythia-410m,high,draw_1
A7.6,attn,7,1,11,12,pythia-410m,high,draw_1
A7.7,attn,7,5,14,19,pythia-410m,high,draw_1
A7.8,attn,7,36,63,99,pythia-410m,high,draw_1
A7.9,attn,7,3,14,17,pythia-410m,high,draw_1
A7.10,attn,7,5,17,22,pythia-410m,high,draw_1
A7.12,attn,7,0,4,4,pythia-410m,high,draw_1
A7.14,attn,7,0,4,4,pythia-410m,high,draw_1
M7,mlp,7,22,60,82,pythia-410m,high,draw_1
A8.0,attn,8,5,35,40,pythia-410m,high,draw_1
A8.1,attn,8,6,13,19,pythia-410m,high,draw_1
A8.2,attn,8,7,27,34,pythia-410m,high,draw_1
A8.3,attn,8,10,9,19,pythia-410m,high,draw_1
A8.4,attn,8,3,10,13,pythia-410m,high,draw_1
A8.5,attn,8,7,7,14,pythia-410m,high,draw_1
A8.6,attn,8,13,53,66,pythia-410m,high,draw_1
A8.7,attn,8,11,28,39,pythia-410m,high,draw_1
A8.8,attn,8,2,3,5,pythia-410m,high,draw_1
A8.9,attn,8,12,34,46,pythia-410m,high,draw_1
A8.10,attn,8,4,15,19,pythia-410m,high,draw_1
A8.11,attn,8,5,19,24,pythia-410m,high,draw_1
A8.12,attn,8,14,23,37,pythia-410m,high,draw_1
A8.13,attn,8,9,58,67,pythia-410m,high,draw_1
A8.14,attn,8,3,10,13,pythia-410m,high,draw_1
A8.15,attn,8,4,25,29,pythia-410m,high,draw_1
M8,mlp,8,38,74,112,pythia-410m,high,draw_1
A9.0,attn,9,6,8,14,pythia-410m,high,draw_1
A9.1,attn,9,19,28,47,pythia-410m,high,draw_1
A9.2,attn,9,3,3,6,pythia-410m,high,draw_1
A9.3,attn,9,12,15,27,pythia-410m,high,draw_1
A9.4,attn,9,25,38,63,pythia-410m,high,draw_1
A9.5,attn,9,22,53,75,pythia-410m,high,draw_1
A9.6,attn,9,12,19,31,pythia-410m,high,draw_1
A9.7,attn,9,1,6,7,pythia-410m,high,draw_1
A9.8,attn,9,7,19,26,pythia-410m,high,draw_1
A9.9,attn,9,19,25,44,pythia-410m,high,draw_1
A9.12,attn,9,5,7,12,pythia-410m,high,draw_1
A9.13,attn,9,18,34,52,pythia-410m,high,draw_1
A9.14,attn,9,3,9,12,pythia-410m,high,draw_1
A9.15,attn,9,1,2,3,pythia-410m,high,draw_1
M9,mlp,9,46,61,107,pythia-410m,high,draw_1
A10.0,attn,10,26,31,57,pythia-410m,high,draw_1
A10.1,attn,10,0,12,12,pythia-410m,high,draw_1
A10.2,attn,10,1,4,5,pythia-410m,high,draw_1
A10.3,attn,10,30,41,71,pythia-410m,high,draw_1
A10.4,attn,10,9,4,13,pythia-410m,high,draw_1
A10.5,attn,10,1,11,12,pythia-410m,high,draw_1
A10.6,attn,10,7,6,13,pythia-410m,high,draw_1
A10.7,attn,10,14,12,26,pythia-410m,high,draw_1
A10.8,attn,10,2,2,4,pythia-410m,high,draw_1
A10.9,attn,10,13,30,43,pythia-410m,high,draw_1
A10.10,attn,10,19,17,36,pythia-410m,high,draw_1
A10.11,attn,10,1,6,7,pythia-410m,high,draw_1
A10.12,attn,10,15,25,40,pythia-410m,high,draw_1
A10.13,attn,10,10,13,23,pythia-410m,high,draw_1
A10.14,attn,10,2,3,5,pythia-410m,high,draw_1
A10.15,attn,10,4,9,13,pythia-410m,high,draw_1
M10,mlp,10,49,51,100,pythia-410m,high,draw_1
A11.0,attn,11,2,5,7,pythia-410m,high,draw_1
A11.1,attn,11,40,35,75,pythia-410m,high,draw_1
A11.2,attn,11,16,46,62,pythia-410m,high,draw_1
A11.4,attn,11,6,8,14,pythia-410m,high,draw_1
A11.6,attn,11,39,44,83,pythia-410m,high,draw_1
A11.8,attn,11,9,2,11,pythia-410m,high,draw_1
A11.9,attn,11,4,3,7,pythia-410m,high,draw_1
A11.12,attn,11,2,1,3,pythia-410m,high,draw_1
A11.13,attn,11,10,9,19,pythia-410m,high,draw_1
A11.14,attn,11,44,54,98,pythia-410m,high,draw_1
A11.15,attn,11,10,16,26,pythia-410m,high,draw_1
M11,mlp,11,50,33,83,pythia-410m,high,draw_1
A12.0,attn,12,28,16,44,pythia-410m,high,draw_1
A12.1,attn,12,2,7,9,pythia-410m,high,draw_1
A12.4,attn,12,7,7,14,pythia-410m,high,draw_1
A12.5,attn,12,53,17,70,pythia-410m,high,draw_1
A12.6,attn,12,5,3,8,pythia-410m,high,draw_1
A12.7,attn,12,4,2,6,pythia-410m,high,draw_1
A12.8,attn,12,4,4,8,pythia-410m,high,draw_1
A12.9,attn,12,3,4,7,pythia-410m,high,draw_1
A12.10,attn,12,2,4,6,pythia-410m,high,draw_1
A12.11,attn,12,16,19,35,pythia-410m,high,draw_1
A12.12,attn,12,6,3,9,pythia-410m,high,draw_1
A12.13,attn,12,57,15,72,pythia-410m,high,draw_1
A12.15,attn,12,0,1,1,pythia-410m,high,draw_1
M12,mlp,12,53,31,84,pythia-410m,high,draw_1
A13.0,attn,13,42,29,71,pythia-410m,high,draw_1
A13.5,attn,13,5,5,10,pythia-410m,high,draw_1
A13.8,attn,13,1,2,3,pythia-410m,high,draw_1
A13.12,attn,13,5,7,12,pythia-410m,high,draw_1
A13.14,attn,13,5,5,10,pythia-410m,high,draw_1
M13,mlp,13,88,35,123,pythia-410m,high,draw_1
A14.0,attn,14,16,12,28,pythia-410m,high,draw_1
A14.2,attn,14,42,9,51,pythia-410m,high,draw_1
A14.3,attn,14,7,1,8,pythia-410m,high,draw_1
A14.5,attn,14,10,6,16,pythia-410m,high,draw_1
A14.7,attn,14,1,2,3,pythia-410m,high,draw_1
A14.8,attn,14,9,10,19,pythia-410m,high,draw_1
A14.11,attn,14,3,8,11,pythia-410m,high,draw_1
A14.13,attn,14,3,1,4,pythia-410m,high,draw_1
A14.15,attn,14,6,8,14,pythia-410m,high,draw_1
M14,mlp,14,56,39,95,pythia-410m,high,draw_1
A15.0,attn,15,6,3,9,pythia-410m,high,draw_1
A15.1,attn,15,3,3,6,pythia-410m,high,draw_1
A15.2,attn,15,5,6,11,pythia-410m,high,draw_1
A15.4,attn,15,6,8,14,pythia-410m,high,draw_1
A15.5,attn,15,14,2,16,pythia-410m,high,draw_1
A15.6,attn,15,11,7,18,pythia-410m,high,draw_1
A15.8,attn,15,4,3,7,pythia-410m,high,draw_1
A15.10,attn,15,7,3,10,pythia-410m,high,draw_1
A15.11,attn,15,16,14,30,pythia-410m,high,draw_1
A15.15,attn,15,2,2,4,pythia-410m,high,draw_1
M15,mlp,15,71,23,94,pythia-410m,high,draw_1
A16.0,attn,16,5,1,6,pythia-410m,high,draw_1
A16.1,attn,16,20,7,27,pythia-410m,high,draw_1
A16.3,attn,16,20,4,24,pythia-410m,high,draw_1
A16.4,attn,16,33,5,38,pythia-410m,high,draw_1
A16.5,attn,16,24,9,33,pythia-410m,high,draw_1
A16.6,attn,16,3,1,4,pythia-410m,high,draw_1
A16.7,attn,16,12,6,18,pythia-410m,high,draw_1
A16.10,attn,16,7,3,10,pythia-410m,high,draw_1
A16.11,attn,16,11,7,18,pythia-410m,high,draw_1
A16.12,attn,16,23,6,29,pythia-410m,high,draw_1
A16.13,attn,16,21,3,24,pythia-410m,high,draw_1
A16.14,attn,16,40,8,48,pythia-410m,high,draw_1
A16.15,attn,16,5,4,9,pythia-410m,high,draw_1
M16,mlp,16,104,23,127,pythia-410m,high,draw_1
A17.0,attn,17,4,2,6,pythia-410m,high,draw_1
A17.1,attn,17,16,3,19,pythia-410m,high,draw_1
A17.2,attn,17,14,1,15,pythia-410m,high,draw_1
A17.4,attn,17,19,6,25,pythia-410m,high,draw_1
A17.5,attn,17,17,3,20,pythia-410m,high,draw_1
A17.6,attn,17,1,1,2,pythia-410m,high,draw_1
A17.7,attn,17,0,2,2,pythia-410m,high,draw_1
A17.9,attn,17,34,4,38,pythia-410m,high,draw_1
A17.10,attn,17,15,7,22,pythia-410m,high,draw_1
A17.11,attn,17,4,1,5,pythia-410m,high,draw_1
A17.14,attn,17,0,3,3,pythia-410m,high,draw_1
A17.15,attn,17,15,2,17,pythia-410m,high,draw_1
M17,mlp,17,77,20,97,pythia-410m,high,draw_1
A18.0,attn,18,12,2,14,pythia-410m,high,draw_1
A18.2,attn,18,10,2,12,pythia-410m,high,draw_1
A18.3,attn,18,3,1,4,pythia-410m,high,draw_1
A18.5,attn,18,2,1,3,pythia-410m,high,draw_1
A18.7,attn,18,4,3,7,pythia-410m,high,draw_1
A18.8,attn,18,22,8,30,pythia-410m,high,draw_1
A18.10,attn,18,0,1,1,pythia-410m,high,draw_1
A18.11,attn,18,15,7,22,pythia-410m,high,draw_1
A18.12,attn,18,24,6,30,pythia-410m,high,draw_1
A18.13,attn,18,25,4,29,pythia-410m,high,draw_1
A18.14,attn,18,9,3,12,pythia-410m,high,draw_1
A18.15,attn,18,3,2,5,pythia-410m,high,draw_1
M18,mlp,18,84,16,100,pythia-410m,high,draw_1
A19.2,attn,19,8,2,10,pythia-410m,high,draw_1
A19.3,attn,19,3,2,5,pythia-410m,high,draw_1
A19.4,attn,19,5,1,6,pythia-410m,high,draw_1
A19.5,attn,19,3,5,8,pythia-410m,high,draw_1
A19.6,attn,19,4,1,5,pythia-410m,high,draw_1
A19.7,attn,19,24,5,29,pythia-410m,high,draw_1
A19.8,attn,19,4,2,6,pythia-410m,high,draw_1
A19.9,attn,19,11,4,15,pythia-410m,high,draw_1
A19.11,attn,19,7,1,8,pythia-410m,high,draw_1
A19.12,attn,19,9,1,10,pythia-410m,high,draw_1
A19.14,attn,19,1,2,3,pythia-410m,high,draw_1
A19.15,attn,19,60,4,64,pythia-410m,high,draw_1
M19,mlp,19,75,14,89,pythia-410m,high,draw_1
A20.1,attn,20,3,1,4,pythia-410m,high,draw_1
A20.2,attn,20,15,1,16,pythia-410m,high,draw_1
A20.6,attn,20,2,3,5,pythia-410m,high,draw_1
A20.7,attn,20,0,1,1,pythia-410m,high,draw_1
A20.13,attn,20,7,1,8,pythia-410m,high,draw_1
A20.14,attn,20,1,2,3,pythia-410m,high,draw_1
A20.15,attn,20,1,1,2,pythia-410m,high,draw_1
M20,mlp,20,66,9,75,pythia-410m,high,draw_1
A21.1,attn,21,4,3,7,pythia-410m,high,draw_1
A21.2,attn,21,4,3,7,pythia-410m,high,draw_1
A21.4,attn,21,10,1,11,pythia-410m,high,draw_1
A21.7,attn,21,2,3,5,pythia-410m,high,draw_1
A21.9,attn,21,0,1,1,pythia-410m,high,draw_1
A21.12,attn,21,10,3,13,pythia-410m,high,draw_1
A21.14,attn,21,2,1,3,pythia-410m,high,draw_1
M21,mlp,21,74,7,81,pythia-410m,high,draw_1
A22.2,attn,22,5,2,7,pythia-410m,high,draw_1
A22.3,attn,22,4,2,6,pythia-410m,high,draw_1
A22.6,attn,22,16,2,18,pythia-410m,high,draw_1
A22.11,attn,22,6,2,8,pythia-410m,high,draw_1
A22.12,attn,22,0,1,1,pythia-410m,high,draw_1
A22.13,attn,22,0,1,1,pythia-410m,high,draw_1
A22.15,attn,22,2,1,3,pythia-410m,high,draw_1
M22,mlp,22,97,2,99,pythia-410m,high,draw_1
A23.1,attn,23,0,1,1,pythia-410m,high,draw_1
A23.12,attn,23,2,1,3,pythia-410m,high,draw_1
A23.13,attn,23,0,1,1,pythia-410m,high,draw_1
A23.14,attn,23,0,1,1,pythia-410m,high,draw_1
M23,mlp,23,157,1,158,pythia-410m,high,draw_1
A2.8,attn,2,1,2,3,pythia-410m,high,draw_1
A0.12,attn,0,1,3,4,pythia-410m,high,draw_1
A2.4,attn,2,0,1,1,pythia-410m,high,draw_1
A0.10,attn,0,1,2,3,pythia-410m,high,draw_1
A4.0,attn,4,0,1,1,pythia-410m,high,draw_1
A4.8,attn,4,0,1,1,pythia-410m,high,draw_1
A4.11,attn,4,1,2,3,pythia-410m,high,draw_1
A4.15,attn,4,2,5,7,pythia-410m,high,draw_1
A7.13,attn,7,0,1,1,pythia-410m,high,draw_1
A0.4,attn,0,1,2,3,pythia-410m,high,draw_1
A1.15,attn,1,2,3,5,pythia-410m,high,draw_1
A6.10,attn,6,1,3,4,pythia-410m,high,draw_1
A3.6,attn,3,1,3,4,pythia-410m,high,draw_1
A3.14,attn,3,0,1,1,pythia-410m,high,draw_1
A6.14,attn,6,0,1,1,pythia-410m,high,draw_1
A1.5,attn,1,0,1,1,pythia-410m,high,draw_1
A0.6,attn,0,1,3,4,pythia-410m,high,draw_1
A0.13,attn,0,1,1,2,pythia-410m,high,draw_1
A5.6,attn,5,0,1,1,pythia-410m,high,draw_1
A14.12,attn,14,0,1,1,pythia-410m,high,draw_1
A3.12,attn,3,2,2,4,pythia-410m,high,draw_1
A3.10,attn,3,0,3,3,pythia-410m,high,draw_1
A4.12,attn,4,0,2,2,pythia-410m,high,draw_1
A12.2,attn,12,0,1,1,pythia-410m,high,draw_1
A15.13,attn,15,0,1,1,pythia-410m,high,draw_1
A15.14,attn,15,4,1,5,pythia-410m,high,draw_1
A21.6,attn,21,0,1,1,pythia-410m,high,draw_1
A21.11,attn,21,0,1,1,pythia-410m,high,draw_1
A2.3,attn,2,0,1,1,pythia-410m,high,draw_1
A3.4,attn,3,2,1,3,pythia-410m,high,draw_1
A1.1,attn,1,0,1,1,pythia-410m,high,draw_1
A2.13,attn,2,0,1,1,pythia-410m,high,draw_1
A0.0,attn,0,1,14,15,pythia-410m,high,draw_2
M23,mlp,23,160,1,161,pythia-410m,high,draw_2
M0,mlp,0,1,117,118,pythia-410m,high,draw_2
A1.3,attn,1,1,12,13,pythia-410m,high,draw_2
A1.8,attn,1,0,2,2,pythia-410m,high,draw_2
M1,mlp,1,6,51,57,pythia-410m,high,draw_2
M2,mlp,2,10,68,78,pythia-410m,high,draw_2
A3.1,attn,3,3,22,25,pythia-410m,high,draw_2
A3.12,attn,3,0,5,5,pythia-410m,high,draw_2
M3,mlp,3,14,69,83,pythia-410m,high,draw_2
A4.9,attn,4,2,12,14,pythia-410m,high,draw_2
M4,mlp,4,11,76,87,pythia-410m,high,draw_2
A5.2,attn,5,6,40,46,pythia-410m,high,draw_2
A5.4,attn,5,0,8,8,pythia-410m,high,draw_2
A5.8,attn,5,0,9,9,pythia-410m,high,draw_2
A5.9,attn,5,2,23,25,pythia-410m,high,draw_2
A5.12,attn,5,0,5,5,pythia-410m,high,draw_2
M5,mlp,5,14,68,82,pythia-410m,high,draw_2
A6.0,attn,6,12,73,85,pythia-410m,high,draw_2
A6.3,attn,6,10,49,59,pythia-410m,high,draw_2
A6.9,attn,6,2,6,8,pythia-410m,high,draw_2
M6,mlp,6,15,51,66,pythia-410m,high,draw_2
A7.0,attn,7,10,29,39,pythia-410m,high,draw_2
A7.1,attn,7,11,89,100,pythia-410m,high,draw_2
A7.2,attn,7,6,32,38,pythia-410m,high,draw_2
A7.4,attn,7,2,8,10,pythia-410m,high,draw_2
A7.6,attn,7,3,9,12,pythia-410m,high,draw_2
A7.7,attn,7,7,12,19,pythia-410m,high,draw_2
A7.8,attn,7,36,71,107,pythia-410m,high,draw_2
A7.9,attn,7,3,14,17,pythia-410m,high,draw_2
A7.10,attn,7,4,10,14,pythia-410m,high,draw_2
A7.14,attn,7,4,13,17,pythia-410m,high,draw_2
M7,mlp,7,23,57,80,pythia-410m,high,draw_2
A8.0,attn,8,4,36,40,pythia-410m,high,draw_2
A8.1,attn,8,8,10,18,pythia-410m,high,draw_2
A8.2,attn,8,10,23,33,pythia-410m,high,draw_2
A8.3,attn,8,3,8,11,pythia-410m,high,draw_2
A8.4,attn,8,2,8,10,pythia-410m,high,draw_2
A8.6,attn,8,16,51,67,pythia-410m,high,draw_2
A8.7,attn,8,14,39,53,pythia-410m,high,draw_2
A8.9,attn,8,6,38,44,pythia-410m,high,draw_2
A8.10,attn,8,7,11,18,pythia-410m,high,draw_2
A8.11,attn,8,5,19,24,pythia-410m,high,draw_2
A8.12,attn,8,9,28,37,pythia-410m,high,draw_2
A8.13,attn,8,9,71,80,pythia-410m,high,draw_2
A8.14,attn,8,2,14,16,pythia-410m,high,draw_2
A8.15,attn,8,5,30,35,pythia-410m,high,draw_2
M8,mlp,8,29,62,91,pythia-410m,high,draw_2
A9.0,attn,9,9,8,17,pythia-410m,high,draw_2
A9.1,attn,9,22,31,53,pythia-410m,high,draw_2
A9.4,attn,9,27,48,75,pythia-410m,high,draw_2
A9.5,attn,9,20,57,77,pythia-410m,high,draw_2
A9.6,attn,9,6,16,22,pythia-410m,high,draw_2
A9.7,attn,9,2,5,7,pythia-410m,high,draw_2
A9.8,attn,9,1,22,23,pythia-410m,high,draw_2
A9.9,attn,9,6,26,32,pythia-410m,high,draw_2
A9.13,attn,9,20,33,53,pythia-410m,high,draw_2
A9.14,attn,9,1,8,9,pythia-410m,high,draw_2
M9,mlp,9,45,63,108,pythia-410m,high,draw_2
A10.0,attn,10,22,42,64,pythia-410m,high,draw_2
A10.3,attn,10,29,40,69,pythia-410m,high,draw_2
A10.4,attn,10,9,7,16,pythia-410m,high,draw_2
A10.5,attn,10,5,11,16,pythia-410m,high,draw_2
A10.7,attn,10,18,15,33,pythia-410m,high,draw_2
A10.9,attn,10,12,37,49,pythia-410m,high,draw_2
A10.10,attn,10,25,16,41,pythia-410m,high,draw_2
A10.11,attn,10,3,6,9,pythia-410m,high,draw_2
A10.13,attn,10,14,17,31,pythia-410m,high,draw_2
A10.15,attn,10,1,7,8,pythia-410m,high,draw_2
M10,mlp,10,52,51,103,pythia-410m,high,draw_2
A11.1,attn,11,39,36,75,pythia-410m,high,draw_2
A11.2,attn,11,31,47,78,pythia-410m,high,draw_2
A11.6,attn,11,29,51,80,pythia-410m,high,draw_2
A11.8,attn,11,1,2,3,pythia-410m,high,draw_2
A11.13,attn,11,16,12,28,pythia-410m,high,draw_2
A11.14,attn,11,40,60,100,pythia-410m,high,draw_2
A11.15,attn,11,14,10,24,pythia-410m,high,draw_2
M11,mlp,11,50,28,78,pythia-410m,high,draw_2
A12.0,attn,12,15,12,27,pythia-410m,high,draw_2
A12.1,attn,12,1,5,6,pythia-410m,high,draw_2
A12.4,attn,12,15,8,23,pythia-410m,high,draw_2
A12.5,attn,12,62,17,79,pythia-410m,high,draw_2
A12.9,attn,12,6,4,10,pythia-410m,high,draw_2
A12.10,attn,12,2,4,6,pythia-410m,high,draw_2
A12.11,attn,12,12,22,34,pythia-410m,high,draw_2
A12.12,attn,12,4,9,13,pythia-410m,high,draw_2
A12.13,attn,12,53,20,73,pythia-410m,high,draw_2
M12,mlp,12,63,37,100,pythia-410m,high,draw_2
A13.5,attn,13,7,9,16,pythia-410m,high,draw_2
A13.12,attn,13,12,7,19,pythia-410m,high,draw_2
A13.14,attn,13,6,5,11,pythia-410m,high,draw_2
M13,mlp,13,84,38,122,pythia-410m,high,draw_2
A14.0,attn,14,15,13,28,pythia-410m,high,draw_2
A14.2,attn,14,21,14,35,pythia-410m,high,draw_2
A14.5,attn,14,5,8,13,pythia-410m,high,draw_2
A14.8,attn,14,18,5,23,pythia-410m,high,draw_2
A14.11,attn,14,4,3,7,pythia-410m,high,draw_2
A14.15,attn,14,5,4,9,pythia-410m,high,draw_2
M14,mlp,14,51,42,93,pythia-410m,high,draw_2
A15.0,attn,15,4,4,8,pythia-410m,high,draw_2
A15.1,attn,15,5,2,7,pythia-410m,high,draw_2
A15.3,attn,15,0,1,1,pythia-410m,high,draw_2
A15.4,attn,15,14,6,20,pythia-410m,high,draw_2
A15.8,attn,15,4,2,6,pythia-410m,high,draw_2
A15.11,attn,15,14,11,25,pythia-410m,high,draw_2
A15.14,attn,15,9,3,12,pythia-410m,high,draw_2
A15.15,attn,15,0,1,1,pythia-410m,high,draw_2
M15,mlp,15,75,27,102,pythia-410m,high,draw_2
A16.1,attn,16,20,6,26,pythia-410m,high,draw_2
A16.3,attn,16,17,5,22,pythia-410m,high,draw_2
A16.5,attn,16,38,10,48,pythia-410m,high,draw_2
A16.7,attn,16,13,5,18,pythia-410m,high,draw_2
A16.10,attn,16,3,3,6,pythia-410m,high,draw_2
A16.11,attn,16,6,8,14,pythia-410m,high,draw_2
A16.12,attn,16,28,6,34,pythia-410m,high,draw_2
A16.13,attn,16,15,4,19,pythia-410m,high,draw_2
A16.14,attn,16,51,8,59,pythia-410m,high,draw_2
A16.15,attn,16,14,5,19,pythia-410m,high,draw_2
M16,mlp,16,87,22,109,pythia-410m,high,draw_2
A17.0,attn,17,2,2,4,pythia-410m,high,draw_2
A17.1,attn,17,12,5,17,pythia-410m,high,draw_2
A17.4,attn,17,10,6,16,pythia-410m,high,draw_2
A17.5,attn,17,7,2,9,pythia-410m,high,draw_2
A17.9,attn,17,36,5,41,pythia-410m,high,draw_2
A17.10,attn,17,20,9,29,pythia-410m,high,draw_2
A17.11,attn,17,19,3,22,pythia-410m,high,draw_2
M17,mlp,17,78,18,96,pythia-410m,high,draw_2
A18.0,attn,18,15,5,20,pythia-410m,high,draw_2
A18.7,attn,18,2,4,6,pythia-410m,high,draw_2
A18.8,attn,18,23,9,32,pythia-410m,high,draw_2
A18.11,attn,18,15,5,20,pythia-410m,high,draw_2
A18.12,attn,18,33,4,37,pythia-410m,high,draw_2
A18.13,attn,18,30,4,34,pythia-410m,high,draw_2
A18.15,attn,18,1,1,2,pythia-410m,high,draw_2
M18,mlp,18,89,17,106,pythia-410m,high,draw_2
A19.2,attn,19,22,2,24,pythia-410m,high,draw_2
A19.3,attn,19,3,2,5,pythia-410m,high,draw_2
A19.4,attn,19,1,2,3,pythia-410m,high,draw_2
A19.5,attn,19,5,3,8,pythia-410m,high,draw_2
A19.7,attn,19,24,3,27,pythia-410m,high,draw_2
A19.9,attn,19,15,4,19,pythia-410m,high,draw_2
A19.11,attn,19,12,2,14,pythia-410m,high,draw_2
A19.12,attn,19,9,4,13,pythia-410m,high,draw_2
A19.14,attn,19,2,2,4,pythia-410m,high,draw_2
A19.15,attn,19,41,2,43,pythia-410m,high,draw_2
M19,mlp,19,70,13,83,pythia-410m,high,draw_2
A20.2,attn,20,16,3,19,pythia-410m,high,draw_2
A20.13,attn,20,7,3,10,pythia-410m,high,draw_2
A20.14,attn,20,0,3,3,pythia-410m,high,draw_2
M20,mlp,20,54,7,61,pythia-410m,high,draw_2
A21.1,attn,21,2,2,4,pythia-410m,high,draw_2
A21.2,attn,21,4,2,6,pythia-410m,high,draw_2
A21.4,attn,21,9,2,11,pythia-410m,high,draw_2
A21.7,attn,21,9,2,11,pythia-410m,high,draw_2
A21.12,attn,21,4,4,8,pythia-410m,high,draw_2
M21,mlp,21,84,6,90,pythia-410m,high,draw_2
A22.2,attn,22,15,2,17,pythia-410m,high,draw_2
A22.6,attn,22,15,2,17,pythia-410m,high,draw_2
A22.11,attn,22,16,2,18,pythia-410m,high,draw_2
A22.12,attn,22,0,1,1,pythia-410m,high,draw_2
M22,mlp,22,98,2,100,pythia-410m,high,draw_2
A15.2,attn,15,4,3,7,pythia-410m,high,draw_2
A15.5,attn,15,8,2,10,pythia-410m,high,draw_2
A13.0,attn,13,56,36,92,pythia-410m,high,draw_2
A15.6,attn,15,23,4,27,pythia-410m,high,draw_2
A15.10,attn,15,9,2,11,pythia-410m,high,draw_2
A10.14,attn,10,4,6,10,pythia-410m,high,draw_2
A6.13,attn,6,3,14,17,pythia-410m,high,draw_2
A9.15,attn,9,0,5,5,pythia-410m,high,draw_2
A11.4,attn,11,11,12,23,pythia-410m,high,draw_2
A16.4,attn,16,33,5,38,pythia-410m,high,draw_2
A20.1,attn,20,5,3,8,pythia-410m,high,draw_2
A20.6,attn,20,3,3,6,pythia-410m,high,draw_2
A0.14,attn,0,1,13,14,pythia-410m,high,draw_2
A1.4,attn,1,1,6,7,pythia-410m,high,draw_2
A2.10,attn,2,3,13,16,pythia-410m,high,draw_2
A5.5,attn,5,0,11,11,pythia-410m,high,draw_2
A4.14,attn,4,1,6,7,pythia-410m,high,draw_2
A6.4,attn,6,1,4,5,pythia-410m,high,draw_2
A6.10,attn,6,1,3,4,pythia-410m,high,draw_2
A6.11,attn,6,1,4,5,pythia-410m,high,draw_2
A6.12,attn,6,2,7,9,pythia-410m,high,draw_2
A6.15,attn,6,1,4,5,pythia-410m,high,draw_2
A0.5,attn,0,0,12,12,pythia-410m,high,draw_2
A5.3,attn,5,2,11,13,pythia-410m,high,draw_2
A4.6,attn,4,2,7,9,pythia-410m,high,draw_2
A5.1,attn,5,0,8,8,pythia-410m,high,draw_2
A5.14,attn,5,0,3,3,pythia-410m,high,draw_2
A9.3,attn,9,5,13,18,pythia-410m,high,draw_2
A9.12,attn,9,5,5,10,pythia-410m,high,draw_2
A10.1,attn,10,4,8,12,pythia-410m,high,draw_2
A10.12,attn,10,7,16,23,pythia-410m,high,draw_2
embed,embed,-1,0,14,14,pythia-410m,high,draw_2
R23,resid,23,261,0,261,pythia-410m,high,draw_2
A0.3,attn,0,0,9,9,pythia-410m,high,draw_2
A0.4,attn,0,0,3,3,pythia-410m,high,draw_2
A0.7,attn,0,0,7,7,pythia-410m,high,draw_2
A0.9,attn,0,1,4,5,pythia-410m,high,draw_2
A1.6,attn,1,1,6,7,pythia-410m,high,draw_2
A1.9,attn,1,1,3,4,pythia-410m,high,draw_2
A1.10,attn,1,1,5,6,pythia-410m,high,draw_2
A1.11,attn,1,1,4,5,pythia-410m,high,draw_2
A1.12,attn,1,0,4,4,pythia-410m,high,draw_2
A1.13,attn,1,0,2,2,pythia-410m,high,draw_2
A1.14,attn,1,0,8,8,pythia-410m,high,draw_2
A3.6,attn,3,0,2,2,pythia-410m,high,draw_2
A3.7,attn,3,0,7,7,pythia-410m,high,draw_2
A3.10,attn,3,0,3,3,pythia-410m,high,draw_2
A4.0,attn,4,1,6,7,pythia-410m,high,draw_2
A4.4,attn,4,0,2,2,pythia-410m,high,draw_2
A4.5,attn,4,1,2,3,pythia-410m,high,draw_2
A4.11,attn,4,0,2,2,pythia-410m,high,draw_2
A4.15,attn,4,1,5,6,pythia-410m,high,draw_2
A5.0,attn,5,0,3,3,pythia-410m,high,draw_2
A5.11,attn,5,0,5,5,pythia-410m,high,draw_2
A5.15,attn,5,0,4,4,pythia-410m,high,draw_2
A6.1,attn,6,0,1,1,pythia-410m,high,draw_2
A6.5,attn,6,0,4,4,pythia-410m,high,draw_2
A6.6,attn,6,0,3,3,pythia-410m,high,draw_2
A7.3,attn,7,0,6,6,pythia-410m,high,draw_2
A7.5,attn,7,0,2,2,pythia-410m,high,draw_2
A8.5,attn,8,3,12,15,pythia-410m,high,draw_2
A8.8,attn,8,1,3,4,pythia-410m,high,draw_2
A9.2,attn,9,2,4,6,pythia-410m,high,draw_2
A10.2,attn,10,2,1,3,pythia-410m,high,draw_2
A10.6,attn,10,4,8,12,pythia-410m,high,draw_2
A10.8,attn,10,1,5,6,pythia-410m,high,draw_2
A11.0,attn,11,1,4,5,pythia-410m,high,draw_2
A11.3,attn,11,0,1,1,pythia-410m,high,draw_2
A11.9,attn,11,4,5,9,pythia-410m,high,draw_2
A12.2,attn,12,1,3,4,pythia-410m,high,draw_2
A12.6,attn,12,0,2,2,pythia-410m,high,draw_2
A12.7,attn,12,6,2,8,pythia-410m,high,draw_2
A12.8,attn,12,2,3,5,pythia-410m,high,draw_2
A12.15,attn,12,0,1,1,pythia-410m,high,draw_2
A14.7,attn,14,2,2,4,pythia-410m,high,draw_2
A14.13,attn,14,1,1,2,pythia-410m,high,draw_2
A16.0,attn,16,4,3,7,pythia-410m,high,draw_2
A16.6,attn,16,3,2,5,pythia-410m,high,draw_2
A17.2,attn,17,4,1,5,pythia-410m,high,draw_2
A17.6,attn,17,3,1,4,pythia-410m,high,draw_2
A17.7,attn,17,2,2,4,pythia-410m,high,draw_2
A17.14,attn,17,0,1,1,pythia-410m,high,draw_2
A17.15,attn,17,21,2,23,pythia-410m,high,draw_2
A18.2,attn,18,11,1,12,pythia-410m,high,draw_2
A18.3,attn,18,0,1,1,pythia-410m,high,draw_2
A18.5,attn,18,4,2,6,pythia-410m,high,draw_2
A18.10,attn,18,2,1,3,pythia-410m,high,draw_2
A18.14,attn,18,16,2,18,pythia-410m,high,draw_2
A19.6,attn,19,3,1,4,pythia-410m,high,draw_2
A19.8,attn,19,15,1,16,pythia-410m,high,draw_2
A20.3,attn,20,0,1,1,pythia-410m,high,draw_2
A20.7,attn,20,1,1,2,pythia-410m,high,draw_2
A20.15,attn,20,0,1,1,pythia-410m,high,draw_2
A21.0,attn,21,0,1,1,pythia-410m,high,draw_2
A21.6,attn,21,1,1,2,pythia-410m,high,draw_2
A21.14,attn,21,2,1,3,pythia-410m,high,draw_2
A22.3,attn,22,1,1,2,pythia-410m,high,draw_2
A22.5,attn,22,0,1,1,pythia-410m,high,draw_2
A22.10,attn,22,1,1,2,pythia-410m,high,draw_2
A22.15,attn,22,0,1,1,pythia-410m,high,draw_2
A23.1,attn,23,1,1,2,pythia-410m,high,draw_2
A23.12,attn,23,0,1,1,pythia-410m,high,draw_2
A23.13,attn,23,0,1,1,pythia-410m,high,draw_2
A23.14,attn,23,0,1,1,pythia-410m,high,draw_2
A23.15,attn,23,0,1,1,pythia-410m,high,draw_2
A9.10,attn,9,1,1,2,pythia-410m,high,draw_2
A11.5,attn,11,0,1,1,pythia-410m,high,draw_2
A2.8,attn,2,0,1,1,pythia-410m,high,draw_2
A4.10,attn,4,1,1,2,pythia-410m,high,draw_2
A1.5,attn,1,1,2,3,pythia-410m,high,draw_2
A2.0,attn,2,1,1,2,pythia-410m,high,draw_2
A1.15,attn,1,1,2,3,pythia-410m,high,draw_2
A2.9,attn,2,0,1,1,pythia-410m,high,draw_2
A3.3,attn,3,0,2,2,pythia-410m,high,draw_2
A3.8,attn,3,0,1,1,pythia-410m,high,draw_2
A7.12,attn,7,1,2,3,pythia-410m,high,draw_2
A4.12,attn,4,0,1,1,pythia-410m,high,draw_2
A14.6,attn,14,0,1,1,pythia-410m,high,draw_2
A6.14,attn,6,0,1,1,pythia-410m,high,draw_2
A0.12,attn,0,1,2,3,pythia-410m,high,draw_2
A0.15,attn,0,0,2,2,pythia-410m,high,draw_2
A11.7,attn,11,2,1,3,pythia-410m,high,draw_2
A3.9,attn,3,0,1,1,pythia-410m,high,draw_2
M0,mlp,0,1,121,122,pythia-410m,high,draw_3
A1.3,attn,1,1,10,11,pythia-410m,high,draw_3
A1.4,attn,1,1,11,12,pythia-410m,high,draw_3
A0.0,attn,0,1,11,12,pythia-410m,high,draw_3
A1.6,attn,1,2,7,9,pythia-410m,high,draw_3
A1.8,attn,1,1,4,5,pythia-410m,high,draw_3
A1.9,attn,1,1,5,6,pythia-410m,high,draw_3
A1.11,attn,1,1,10,11,pythia-410m,high,draw_3
A1.12,attn,1,1,3,4,pythia-410m,high,draw_3
A1.14,attn,1,1,7,8,pythia-410m,high,draw_3
A1.15,attn,1,1,2,3,pythia-410m,high,draw_3
M10,mlp,10,48,53,101,pythia-410m,high,draw_3
A0.4,attn,0,1,3,4,pythia-410m,high,draw_3
M1,mlp,1,5,59,64,pythia-410m,high,draw_3
M2,mlp,2,14,60,74,pythia-410m,high,draw_3
A3.7,attn,3,0,6,6,pythia-410m,high,draw_3
M3,mlp,3,6,63,69,pythia-410m,high,draw_3
A4.6,attn,4,2,7,9,pythia-410m,high,draw_3
A4.9,attn,4,0,13,13,pythia-410m,high,draw_3
M4,mlp,4,16,71,87,pythia-410m,high,draw_3
A5.2,attn,5,9,40,49,pythia-410m,high,draw_3
M5,mlp,5,18,81,99,pythia-410m,high,draw_3
A6.0,attn,6,11,74,85,pythia-410m,high,draw_3
A6.3,attn,6,10,52,62,pythia-410m,high,draw_3
A6.12,attn,6,4,5,9,pythia-410m,high,draw_3
A6.13,attn,6,3,20,23,pythia-410m,high,draw_3
A6.15,attn,6,3,11,14,pythia-410m,high,draw_3
M6,mlp,6,17,53,70,pythia-410m,high,draw_3
A7.0,attn,7,9,19,28,pythia-410m,high,draw_3
A7.1,attn,7,10,67,77,pythia-410m,high,draw_3
A7.4,attn,7,2,7,9,pythia-410m,high,draw_3
A7.8,attn,7,38,77,115,pythia-410m,high,draw_3
A7.10,attn,7,5,13,18,pythia-410m,high,draw_3
A7.14,attn,7,3,7,10,pythia-410m,high,draw_3
M7,mlp,7,21,67,88,pythia-410m,high,draw_3
A8.2,attn,8,8,23,31,pythia-410m,high,draw_3
A8.5,attn,8,4,8,12,pythia-410m,high,draw_3
A8.6,attn,8,9,47,56,pythia-410m,high,draw_3
A8.9,attn,8,7,44,51,pythia-410m,high,draw_3
A8.11,attn,8,4,12,16,pythia-410m,high,draw_3
A8.12,attn,8,3,22,25,pythia-410m,high,draw_3
A8.13,attn,8,6,47,53,pythia-410m,high,draw_3
A8.14,attn,8,4,20,24,pythia-410m,high,draw_3
A8.15,attn,8,6,32,38,pythia-410m,high,draw_3
M8,mlp,8,32,68,100,pythia-410m,high,draw_3
A9.1,attn,9,19,31,50,pythia-410m,high,draw_3
A9.3,attn,9,5,15,20,pythia-410m,high,draw_3
A9.4,attn,9,27,51,78,pythia-410m,high,draw_3
A9.5,attn,9,20,46,66,pythia-410m,high,draw_3
A9.6,attn,9,4,20,24,pythia-410m,high,draw_3
A9.8,attn,9,0,22,22,pythia-410m,high,draw_3
A9.9,attn,9,16,21,37,pythia-410m,high,draw_3
A9.13,attn,9,9,24,33,pythia-410m,high,draw_3
A9.15,attn,9,0,4,4,pythia-410m,high,draw_3
M9,mlp,9,34,60,94,pythia-410m,high,draw_3
A0.14,attn,0,0,16,16,pythia-410m,high,draw_3
A5.5,attn,5,3,12,15,pythia-410m,high,draw_3
A5.9,attn,5,6,23,29,pythia-410m,high,draw_3
A6.1,attn,6,1,1,2,pythia-410m,high,draw_3
A0.5,attn,0,1,12,13,pythia-410m,high,draw_3
A4.5,attn,4,2,6,8,pythia-410m,high,draw_3
A5.1,attn,5,0,6,6,pythia-410m,high,draw_3
A6.4,attn,6,1,2,3,pythia-410m,high,draw_3
A6.5,attn,6,1,5,6,pythia-410m,high,draw_3
A6.9,attn,6,1,3,4,pythia-410m,high,draw_3
A6.10,attn,6,2,4,6,pythia-410m,high,draw_3
A6.11,attn,6,1,5,6,pythia-410m,high,draw_3
A4.14,attn,4,0,4,4,pythia-410m,high,draw_3
M18,mlp,18,86,19,105,pythia-410m,high,draw_3
A0.3,attn,0,1,9,10,pythia-410m,high,draw_3
A3.1,attn,3,3,13,16,pythia-410m,high,draw_3
A5.3,attn,5,3,11,14,pythia-410m,high,draw_3
A7.9,attn,7,1,8,9,pythia-410m,high,draw_3
A8.0,attn,8,8,31,39,pythia-410m,high,draw_3
A8.7,attn,8,10,30,40,pythia-410m,high,draw_3
A8.10,attn,8,4,12,16,pythia-410m,high,draw_3
A9.0,attn,9,6,11,17,pythia-410m,high,draw_3
A9.14,attn,9,2,6,8,pythia-410m,high,draw_3
A10.0,attn,10,21,38,59,pythia-410m,high,draw_3
A10.3,attn,10,29,42,71,pythia-410m,high,draw_3
A10.5,attn,10,7,12,19,pythia-410m,high,draw_3
A10.7,attn,10,18,18,36,pythia-410m,high,draw_3
A10.9,attn,10,10,52,62,pythia-410m,high,draw_3
A10.10,attn,10,16,19,35,pythia-410m,high,draw_3
A10.12,attn,10,10,25,35,pythia-410m,high,draw_3
A10.13,attn,10,8,17,25,pythia-410m,high,draw_3
A10.15,attn,10,1,5,6,pythia-410m,high,draw_3
A11.1,attn,11,31,38,69,pythia-410m,high,draw_3
A11.2,attn,11,26,40,66,pythia-410m,high,draw_3
A11.4,attn,11,3,7,10,pythia-410m,high,draw_3
A11.6,attn,11,32,37,69,pythia-410m,high,draw_3
A11.14,attn,11,36,59,95,pythia-410m,high,draw_3
M11,mlp,11,51,28,79,pythia-410m,high,draw_3
A12.5,attn,12,47,19,66,pythia-410m,high,draw_3
A12.9,attn,12,9,4,13,pythia-410m,high,draw_3
A12.13,attn,12,49,19,68,pythia-410m,high,draw_3
A12.14,attn,12,0,2,2,pythia-410m,high,draw_3
M12,mlp,12,52,35,87,pythia-410m,high,draw_3
A13.12,attn,13,5,9,14,pythia-410m,high,draw_3
A13.14,attn,13,4,7,11,pythia-410m,high,draw_3
M13,mlp,13,68,33,101,pythia-410m,high,draw_3
A14.0,attn,14,24,15,39,pythia-410m,high,draw_3
A14.2,attn,14,31,6,37,pythia-410m,high,draw_3
A14.15,attn,14,6,8,14,pythia-410m,high,draw_3
M14,mlp,14,50,41,91,pythia-410m,high,draw_3
M15,mlp,15,66,25,91,pythia-410m,high,draw_3
A16.1,attn,16,26,8,34,pythia-410m,high,draw_3
A16.3,attn,16,30,5,35,pythia-410m,high,draw_3
A16.4,attn,16,13,5,18,pythia-410m,high,draw_3
A16.5,attn,16,41,9,50,pythia-410m,high,draw_3
A16.11,attn,16,9,8,17,pythia-410m,high,draw_3
A16.12,attn,16,23,8,31,pythia-410m,high,draw_3
A16.15,attn,16,16,5,21,pythia-410m,high,draw_3
M16,mlp,16,91,13,104,pythia-410m,high,draw_3
A17.1,attn,17,17,4,21,pythia-410m,high,draw_3
A17.4,attn,17,17,5,22,pythia-410m,high,draw_3
A17.5,attn,17,3,3,6,pythia-410m,high,draw_3
A17.9,attn,17,20,4,24,pythia-410m,high,draw_3
M17,mlp,17,70,15,85,pythia-410m,high,draw_3
A7.2,attn,7,7,23,30,pythia-410m,high,draw_3
A10.4,attn,10,9,6,15,pythia-410m,high,draw_3
A12.0,attn,12,17,12,29,pythia-410m,high,draw_3
A12.4,attn,12,4,7,11,pythia-410m,high,draw_3
A12.11,attn,12,6,19,25,pythia-410m,high,draw_3
A13.0,attn,13,46,40,86,pythia-410m,high,draw_3
A15.4,attn,15,18,9,27,pythia-410m,high,draw_3
A15.6,attn,15,17,6,23,pythia-410m,high,draw_3
A15.11,attn,15,15,17,32,pythia-410m,high,draw_3
A16.0,attn,16,9,2,11,pythia-410m,high,draw_3
A16.14,attn,16,47,10,57,pythia-410m,high,draw_3
A0.7,attn,0,1,3,4,pythia-410m,high,draw_3
A2.10,attn,2,4,11,15,pythia-410m,high,draw_3
A3.10,attn,3,2,6,8,pythia-410m,high,draw_3
A3.15,attn,3,0,2,2,pythia-410m,high,draw_3
A5.6,attn,5,0,1,1,pythia-410m,high,draw_3
A4.15,attn,4,1,4,5,pythia-410m,high,draw_3
A18.0,attn,18,10,3,13,pythia-410m,high,draw_3
A18.2,attn,18,4,2,6,pythia-410m,high,draw_3
A18.5,attn,18,5,1,6,pythia-410m,high,draw_3
A18.7,attn,18,3,5,8,pythia-410m,high,draw_3
A18.8,attn,18,28,9,37,pythia-410m,high,draw_3
A18.11,attn,18,15,6,21,pythia-410m,high,draw_3
A18.12,attn,18,35,7,42,pythia-410m,high,draw_3
A10.14,attn,10,6,5,11,pythia-410m,high,draw_3
A11.15,attn,11,12,11,23,pythia-410m,high,draw_3
A13.5,attn,13,3,7,10,pythia-410m,high,draw_3
A18.13,attn,18,27,3,30,pythia-410m,high,draw_3
A12.12,attn,12,10,13,23,pythia-410m,high,draw_3
A15.2,attn,15,7,5,12,pythia-410m,high,draw_3
A18.14,attn,18,10,3,13,pythia-410m,high,draw_3
embed,embed,-1,0,13,13,pythia-410m,high,draw_3
A7.7,attn,7,2,9,11,pythia-410m,high,draw_3
A10.11,attn,10,6,7,13,pythia-410m,high,draw_3
A12.1,attn,12,6,2,8,pythia-410m,high,draw_3
A1.13,attn,1,0,2,2,pythia-410m,high,draw_3
A5.4,attn,5,1,8,9,pythia-410m,high,draw_3
A5.12,attn,5,0,6,6,pythia-410m,high,draw_3
A10.6,attn,10,4,4,8,pythia-410m,high,draw_3
A11.13,attn,11,27,8,35,pythia-410m,high,draw_3
A12.6,attn,12,3,2,5,pythia-410m,high,draw_3
A12.7,attn,12,6,4,10,pythia-410m,high,draw_3
A10.1,attn,10,5,12,17,pythia-410m,high,draw_3
A12.10,attn,12,7,4,11,pythia-410m,high,draw_3
A11.0,attn,11,2,4,6,pythia-410m,high,draw_3
A11.9,attn,11,3,3,6,pythia-410m,high,draw_3
A3.12,attn,3,2,3,5,pythia-410m,high,draw_3
A5.11,attn,5,1,3,4,pythia-410m,high,draw_3
A8.4,attn,8,1,8,9,pythia-410m,high,draw_3
M19,mlp,19,90,11,101,pythia-410m,high,draw_3
A1.10,attn,1,0,6,6,pythia-410m,high,draw_3
A5.8,attn,5,1,10,11,pythia-410m,high,draw_3
A8.3,attn,8,2,8,10,pythia-410m,high,draw_3
A14.5,attn,14,7,6,13,pythia-410m,high,draw_3
A15.0,attn,15,2,5,7,pythia-410m,high,draw_3
A15.1,attn,15,3,3,6,pythia-410m,high,draw_3
A15.5,attn,15,26,3,29,pythia-410m,high,draw_3
A16.7,attn,16,12,5,17,pythia-410m,high,draw_3
A16.10,attn,16,5,4,9,pythia-410m,high,draw_3
A16.13,attn,16,15,4,19,pythia-410m,high,draw_3
A17.10,attn,17,23,6,29,pythia-410m,high,draw_3
A17.14,attn,17,4,2,6,pythia-410m,high,draw_3
A17.15,attn,17,15,3,18,pythia-410m,high,draw_3
A18.3,attn,18,0,3,3,pythia-410m,high,draw_3
A9.2,attn,9,2,2,4,pythia-410m,high,draw_3
A5.7,attn,5,0,2,2,pythia-410m,high,draw_3
A7.3,attn,7,3,5,8,pythia-410m,high,draw_3
A8.1,attn,8,4,5,9,pythia-410m,high,draw_3
A9.12,attn,9,2,5,7,pythia-410m,high,draw_3
A14.11,attn,14,9,5,14,pythia-410m,high,draw_3
A15.8,attn,15,3,4,7,pythia-410m,high,draw_3
A15.10,attn,15,10,1,11,pythia-410m,high,draw_3
A15.14,attn,15,4,1,5,pythia-410m,high,draw_3
M23,mlp,23,169,1,170,pythia-410m,high,draw_3
A4.8,attn,4,0,1,1,pythia-410m,high,draw_3
A6.6,attn,6,0,4,4,pythia-410m,high,draw_3
A7.6,attn,7,0,4,4,pythia-410m,high,draw_3
A10.2,attn,10,1,3,4,pythia-410m,high,draw_3
A10.8,attn,10,1,2,3,pythia-410m,high,draw_3
A11.5,attn,11,4,2,6,pythia-410m,high,draw_3
A12.8,attn,12,0,2,2,pythia-410m,high,draw_3
A14.7,attn,14,2,2,4,pythia-410m,high,draw_3
A14.8,attn,14,18,4,22,pythia-410m,high,draw_3
A15.13,attn,15,0,1,1,pythia-410m,high,draw_3
A16.6,attn,16,0,2,2,pythia-410m,high,draw_3
A17.0,attn,17,3,2,5,pythia-410m,high,draw_3
A17.2,attn,17,3,3,6,pythia-410m,high,draw_3
A18.15,attn,18,0,2,2,pythia-410m,high,draw_3
A19.1,attn,19,3,1,4,pythia-410m,high,draw_3
A19.2,attn,19,9,3,12,pythia-410m,high,draw_3
A19.3,attn,19,0,2,2,pythia-410m,high,draw_3
A19.5,attn,19,0,4,4,pythia-410m,high,draw_3
A19.7,attn,19,28,5,33,pythia-410m,high,draw_3
A19.9,attn,19,14,5,19,pythia-410m,high,draw_3
A19.12,attn,19,12,2,14,pythia-410m,high,draw_3
A19.14,attn,19,0,2,2,pythia-410m,high,draw_3
A19.15,attn,19,72,5,77,pythia-410m,high,draw_3
A20.2,attn,20,16,3,19,pythia-410m,high,draw_3
A20.6,attn,20,3,4,7,pythia-410m,high,draw_3
A20.7,attn,20,0,2,2,pythia-410m,high,draw_3
A20.14,attn,20,2,2,4,pythia-410m,high,draw_3
M20,mlp,20,51,5,56,pythia-410m,high,draw_3
A21.1,attn,21,5,2,7,pythia-410m,high,draw_3
A21.2,attn,21,5,2,7,pythia-410m,high,draw_3
A21.6,attn,21,1,2,3,pythia-410m,high,draw_3
A21.7,attn,21,5,2,7,pythia-410m,high,draw_3
A21.12,attn,21,2,3,5,pythia-410m,high,draw_3
M21,mlp,21,85,5,90,pythia-410m,high,draw_3
A22.2,attn,22,5,2,7,pythia-410m,high,draw_3
A22.3,attn,22,2,2,4,pythia-410m,high,draw_3
A22.6,attn,22,17,2,19,pythia-410m,high,draw_3
A22.11,attn,22,10,2,12,pythia-410m,high,draw_3
M22,mlp,22,92,2,94,pythia-410m,high,draw_3
A0.15,attn,0,1,5,6,pythia-410m,high,draw_3
A0.8,attn,0,0,1,1,pythia-410m,high,draw_3
A17.6,attn,17,7,1,8,pythia-410m,high,draw_3
A17.11,attn,17,4,1,5,pythia-410m,high,draw_3
A19.4,attn,19,3,1,4,pythia-410m,high,draw_3
A19.6,attn,19,3,1,4,pythia-410m,high,draw_3
A19.8,attn,19,9,1,10,pythia-410m,high,draw_3
A19.11,attn,19,1,1,2,pythia-410m,high,draw_3
A14.1,attn,14,6,2,8,pythia-410m,high,draw_3
A15.15,attn,15,0,1,1,pythia-410m,high,draw_3
A2.13,attn,2,0,1,1,pythia-410m,high,draw_3
A0.9,attn,0,0,2,2,pythia-410m,high,draw_3
A1.5,attn,1,0,1,1,pythia-410m,high,draw_3
A5.15,attn,5,1,2,3,pythia-410m,high,draw_3
A22.15,attn,22,1,1,2,pythia-410m,high,draw_3
R23,resid,23,257,0,257,pythia-410m,high,draw_3
A3.3,attn,3,1,3,4,pythia-410m,high,draw_3
A3.4,attn,3,0,2,2,pythia-410m,high,draw_3
A3.6,attn,3,0,2,2,pythia-410m,high,draw_3
A3.9,attn,3,0,3,3,pythia-410m,high,draw_3
A5.0,attn,5,0,1,1,pythia-410m,high,draw_3
A5.14,attn,5,0,1,1,pythia-410m,high,draw_3
A7.11,attn,7,0,1,1,pythia-410m,high,draw_3
A7.12,attn,7,0,2,2,pythia-410m,high,draw_3
A7.13,attn,7,1,2,3,pythia-410m,high,draw_3
A8.8,attn,8,1,1,2,pythia-410m,high,draw_3
A9.7,attn,9,0,1,1,pythia-410m,high,draw_3
A11.8,attn,11,5,2,7,pythia-410m,high,draw_3
A11.12,attn,11,0,1,1,pythia-410m,high,draw_3
A14.3,attn,14,4,1,5,pythia-410m,high,draw_3
A14.13,attn,14,2,1,3,pythia-410m,high,draw_3
A18.1,attn,18,0,1,1,pythia-410m,high,draw_3
A18.10,attn,18,0,1,1,pythia-410m,high,draw_3
A20.1,attn,20,8,1,9,pythia-410m,high,draw_3
A20.13,attn,20,5,1,6,pythia-410m,high,draw_3
A20.15,attn,20,0,1,1,pythia-410m,high,draw_3
A21.0,attn,21,0,1,1,pythia-410m,high,draw_3
A21.4,attn,21,7,1,8,pythia-410m,high,draw_3
A21.14,attn,21,1,1,2,pythia-410m,high,draw_3
A22.0,attn,22,0,1,1,pythia-410m,high,draw_3
A22.13,attn,22,0,1,1,pythia-410m,high,draw_3
A23.1,attn,23,0,1,1,pythia-410m,high,draw_3
A23.12,attn,23,0,1,1,pythia-410m,high,draw_3
A23.15,attn,23,0,1,1,pythia-410m,high,draw_3
A2.3,attn,2,2,2,4,pythia-410m,high,draw_3
A2.8,attn,2,0,1,1,pythia-410m,high,draw_3
A6.2,attn,6,0,2,2,pythia-410m,high,draw_3
A4.0,attn,4,0,1,1,pythia-410m,high,draw_3
A14.12,attn,14,0,1,1,pythia-410m,high,draw_3
A2.7,attn,2,0,1,1,pythia-410m,high,draw_3
A0.0,attn,0,1,13,14,pythia-410m,very_high,draw_1
M5,mlp,5,15,67,82,pythia-410m,very_high,draw_1
A0.5,attn,0,1,17,18,pythia-410m,very_high,draw_1
M0,mlp,0,1,116,117,pythia-410m,very_high,draw_1
A1.1,attn,1,0,1,1,pythia-410m,very_high,draw_1
A1.8,attn,1,1,3,4,pythia-410m,very_high,draw_1
A1.13,attn,1,1,3,4,pythia-410m,very_high,draw_1
M1,mlp,1,8,52,60,pythia-410m,very_high,draw_1
M2,mlp,2,11,60,71,pythia-410m,very_high,draw_1
A3.6,attn,3,1,3,4,pythia-410m,very_high,draw_1
A3.8,attn,3,0,2,2,pythia-410m,very_high,draw_1
M3,mlp,3,9,66,75,pythia-410m,very_high,draw_1
A4.3,attn,4,0,1,1,pythia-410m,very_high,draw_1
A4.6,attn,4,2,5,7,pythia-410m,very_high,draw_1
A4.15,attn,4,2,7,9,pythia-410m,very_high,draw_1
M4,mlp,4,11,72,83,pythia-410m,very_high,draw_1
A19.2,attn,19,9,2,11,pythia-410m,very_high,draw_1
A7.1,attn,7,11,76,87,pythia-410m,very_high,draw_1
A7.8,attn,7,30,67,97,pythia-410m,very_high,draw_1
A8.6,attn,8,16,37,53,pythia-410m,very_high,draw_1
M9,mlp,9,38,58,96,pythia-410m,very_high,draw_1
A12.13,attn,12,33,16,49,pythia-410m,very_high,draw_1
M13,mlp,13,70,31,101,pythia-410m,very_high,draw_1
A16.14,attn,16,44,7,51,pythia-410m,very_high,draw_1
M18,mlp,18,86,12,98,pythia-410m,very_high,draw_1
A9.5,attn,9,20,49,69,pythia-410m,very_high,draw_1
A19.4,attn,19,3,1,4,pythia-410m,very_high,draw_1
A11.1,attn,11,40,34,74,pythia-410m,very_high,draw_1
A11.14,attn,11,53,59,112,pythia-410m,very_high,draw_1
A19.6,attn,19,1,2,3,pythia-410m,very_high,draw_1
A19.7,attn,19,26,3,29,pythia-410m,very_high,draw_1
A5.9,attn,5,2,23,25,pythia-410m,very_high,draw_1
A6.0,attn,6,13,63,76,pythia-410m,very_high,draw_1
A6.3,attn,6,9,43,52,pythia-410m,very_high,draw_1
A8.13,attn,8,6,58,64,pythia-410m,very_high,draw_1
M8,mlp,8,35,56,91,pythia-410m,very_high,draw_1
A9.9,attn,9,8,15,23,pythia-410m,very_high,draw_1
A10.0,attn,10,21,34,55,pythia-410m,very_high,draw_1
A10.3,attn,10,33,33,66,pythia-410m,very_high,draw_1
A10.9,attn,10,11,28,39,pythia-410m,very_high,draw_1
M10,mlp,10,47,49,96,pythia-410m,very_high,draw_1
A11.2,attn,11,29,36,65,pythia-410m,very_high,draw_1
A11.6,attn,11,33,40,73,pythia-410m,very_high,draw_1
M11,mlp,11,49,33,82,pythia-410m,very_high,draw_1
M12,mlp,12,60,25,85,pythia-410m,very_high,draw_1
A13.0,attn,13,35,32,67,pythia-410m,very_high,draw_1
A13.5,attn,13,3,5,8,pythia-410m,very_high,draw_1
M14,mlp,14,46,35,81,pythia-410m,very_high,draw_1
A16.0,attn,16,7,2,9,pythia-410m,very_high,draw_1
A19.9,attn,19,11,4,15,pythia-410m,very_high,draw_1
M15,mlp,15,58,19,77,pythia-410m,very_high,draw_1
A18.11,attn,18,16,4,20,pythia-410m,very_high,draw_1
A19.11,attn,19,13,2,15,pythia-410m,very_high,draw_1
A8.7,attn,8,7,35,42,pythia-410m,very_high,draw_1
A8.9,attn,8,10,35,45,pythia-410m,very_high,draw_1
A9.13,attn,9,17,28,45,pythia-410m,very_high,draw_1
A18.0,attn,18,11,3,14,pythia-410m,very_high,draw_1
A19.12,attn,19,7,2,9,pythia-410m,very_high,draw_1
A19.14,attn,19,1,3,4,pythia-410m,very_high,draw_1
A19.15,attn,19,35,3,38,pythia-410m,very_high,draw_1
M7,mlp,7,22,53,75,pythia-410m,very_high,draw_1
A9.4,attn,9,31,36,67,pythia-410m,very_high,draw_1
A11.4,attn,11,4,9,13,pythia-410m,very_high,draw_1
A12.0,attn,12,12,12,24,pythia-410m,very_high,draw_1
A12.11,attn,12,11,15,26,pythia-410m,very_high,draw_1
A12.12,attn,12,4,7,11,pythia-410m,very_high,draw_1
A14.0,attn,14,6,8,14,pythia-410m,very_high,draw_1
A15.6,attn,15,18,5,23,pythia-410m,very_high,draw_1
A15.8,attn,15,8,3,11,pythia-410m,very_high,draw_1
A16.1,attn,16,15,4,19,pythia-410m,very_high,draw_1
A16.3,attn,16,24,7,31,pythia-410m,very_high,draw_1
A17.9,attn,17,29,5,34,pythia-410m,very_high,draw_1
A17.10,attn,17,10,6,16,pythia-410m,very_high,draw_1
A18.8,attn,18,22,6,28,pythia-410m,very_high,draw_1
A18.13,attn,18,18,7,25,pythia-410m,very_high,draw_1
A18.14,attn,18,5,2,7,pythia-410m,very_high,draw_1
embed,embed,-1,0,8,8,pythia-410m,very_high,draw_1
R23,resid,23,265,0,265,pythia-410m,very_high,draw_1
A0.3,attn,0,0,7,7,pythia-410m,very_high,draw_1
A0.4,attn,0,0,3,3,pythia-410m,very_high,draw_1
A0.7,attn,0,0,3,3,pythia-410m,very_high,draw_1
A0.9,attn,0,1,2,3,pythia-410m,very_high,draw_1
A0.14,attn,0,1,16,17,pythia-410m,very_high,draw_1
A0.15,attn,0,0,1,1,pythia-410m,very_high,draw_1
A1.3,attn,1,1,7,8,pythia-410m,very_high,draw_1
A1.4,attn,1,1,7,8,pythia-410m,very_high,draw_1
A1.6,attn,1,0,6,6,pythia-410m,very_high,draw_1
A1.9,attn,1,0,3,3,pythia-410m,very_high,draw_1
A1.10,attn,1,1,7,8,pythia-410m,very_high,draw_1
A1.11,attn,1,1,8,9,pythia-410m,very_high,draw_1
A1.12,attn,1,0,3,3,pythia-410m,very_high,draw_1
A1.14,attn,1,1,5,6,pythia-410m,very_high,draw_1
A2.0,attn,2,0,1,1,pythia-410m,very_high,draw_1
A2.7,attn,2,0,1,1,pythia-410m,very_high,draw_1
A2.10,attn,2,5,14,19,pythia-410m,very_high,draw_1
A3.1,attn,3,2,14,16,pythia-410m,very_high,draw_1
A3.3,attn,3,0,3,3,pythia-410m,very_high,draw_1
A3.4,attn,3,0,1,1,pythia-410m,very_high,draw_1
A3.7,attn,3,0,5,5,pythia-410m,very_high,draw_1
A3.10,attn,3,0,4,4,pythia-410m,very_high,draw_1
A3.12,attn,3,2,4,6,pythia-410m,very_high,draw_1
A3.15,attn,3,0,3,3,pythia-410m,very_high,draw_1
A4.4,attn,4,0,1,1,pythia-410m,very_high,draw_1
A4.5,attn,4,1,3,4,pythia-410m,very_high,draw_1
A4.9,attn,4,1,13,14,pythia-410m,very_high,draw_1
A4.11,attn,4,1,2,3,pythia-410m,very_high,draw_1
A4.14,attn,4,0,2,2,pythia-410m,very_high,draw_1
A5.0,attn,5,1,4,5,pythia-410m,very_high,draw_1
A5.1,attn,5,2,14,16,pythia-410m,very_high,draw_1
A5.2,attn,5,8,38,46,pythia-410m,very_high,draw_1
A5.3,attn,5,1,9,10,pythia-410m,very_high,draw_1
A5.4,attn,5,1,7,8,pythia-410m,very_high,draw_1
A5.5,attn,5,1,15,16,pythia-410m,very_high,draw_1
A5.8,attn,5,3,14,17,pythia-410m,very_high,draw_1
A5.11,attn,5,4,4,8,pythia-410m,very_high,draw_1
A5.12,attn,5,0,1,1,pythia-410m,very_high,draw_1
A5.14,attn,5,0,2,2,pythia-410m,very_high,draw_1
A5.15,attn,5,0,3,3,pythia-410m,very_high,draw_1
A6.4,attn,6,0,2,2,pythia-410m,very_high,draw_1
A6.5,attn,6,5,7,12,pythia-410m,very_high,draw_1
A6.6,attn,6,2,5,7,pythia-410m,very_high,draw_1
A6.9,attn,6,0,11,11,pythia-410m,very_high,draw_1
A6.10,attn,6,1,5,6,pythia-410m,very_high,draw_1
A6.11,attn,6,0,2,2,pythia-410m,very_high,draw_1
A6.12,attn,6,0,9,9,pythia-410m,very_high,draw_1
A6.13,attn,6,4,21,25,pythia-410m,very_high,draw_1
A6.14,attn,6,0,1,1,pythia-410m,very_high,draw_1
A6.15,attn,6,0,5,5,pythia-410m,very_high,draw_1
M6,mlp,6,21,58,79,pythia-410m,very_high,draw_1
A7.0,attn,7,10,26,36,pythia-410m,very_high,draw_1
A7.2,attn,7,10,24,34,pythia-410m,very_high,draw_1
A7.3,attn,7,1,7,8,pythia-410m,very_high,draw_1
A7.4,attn,7,3,7,10,pythia-410m,very_high,draw_1
A7.5,attn,7,0,2,2,pythia-410m,very_high,draw_1
A7.6,attn,7,2,8,10,pythia-410m,very_high,draw_1
A7.7,attn,7,3,7,10,pythia-410m,very_high,draw_1
A7.9,attn,7,3,13,16,pythia-410m,very_high,draw_1
A7.10,attn,7,4,16,20,pythia-410m,very_high,draw_1
A7.12,attn,7,0,1,1,pythia-410m,very_high,draw_1
A7.13,attn,7,0,2,2,pythia-410m,very_high,draw_1
A7.14,attn,7,3,5,8,pythia-410m,very_high,draw_1
A8.0,attn,8,3,37,40,pythia-410m,very_high,draw_1
A8.1,attn,8,0,5,5,pythia-410m,very_high,draw_1
A8.2,attn,8,6,21,27,pythia-410m,very_high,draw_1
A8.3,attn,8,1,5,6,pythia-410m,very_high,draw_1
A8.4,attn,8,2,6,8,pythia-410m,very_high,draw_1
A8.5,attn,8,3,9,12,pythia-410m,very_high,draw_1
A8.8,attn,8,0,3,3,pythia-410m,very_high,draw_1
A8.10,attn,8,4,11,15,pythia-410m,very_high,draw_1
A8.11,attn,8,6,9,15,pythia-410m,very_high,draw_1
A8.12,attn,8,8,26,34,pythia-410m,very_high,draw_1
A8.14,attn,8,3,12,15,pythia-410m,very_high,draw_1
A8.15,attn,8,2,31,33,pythia-410m,very_high,draw_1
A9.0,attn,9,5,7,12,pythia-410m,very_high,draw_1
A9.1,attn,9,19,32,51,pythia-410m,very_high,draw_1
A9.2,attn,9,1,4,5,pythia-410m,very_high,draw_1
A9.3,attn,9,13,15,28,pythia-410m,very_high,draw_1
A9.6,attn,9,4,17,21,pythia-410m,very_high,draw_1
A9.7,attn,9,3,5,8,pythia-410m,very_high,draw_1
A9.8,attn,9,2,18,20,pythia-410m,very_high,draw_1
A9.12,attn,9,5,4,9,pythia-410m,very_high,draw_1
A9.14,attn,9,2,3,5,pythia-410m,very_high,draw_1
A9.15,attn,9,1,5,6,pythia-410m,very_high,draw_1
A10.1,attn,10,4,9,13,pythia-410m,very_high,draw_1
A10.2,attn,10,2,2,4,pythia-410m,very_high,draw_1
A10.4,attn,10,11,6,17,pythia-410m,very_high,draw_1
A10.5,attn,10,6,8,14,pythia-410m,very_high,draw_1
A10.6,attn,10,1,1,2,pythia-410m,very_high,draw_1
A10.7,attn,10,7,9,16,pythia-410m,very_high,draw_1
A10.8,attn,10,1,4,5,pythia-410m,very_high,draw_1
A10.10,attn,10,8,16,24,pythia-410m,very_high,draw_1
A10.11,attn,10,1,6,7,pythia-410m,very_high,draw_1
A10.12,attn,10,6,16,22,pythia-410m,very_high,draw_1
A10.13,attn,10,11,16,27,pythia-410m,very_high,draw_1
A10.14,attn,10,2,5,7,pythia-410m,very_high,draw_1
A10.15,attn,10,2,3,5,pythia-410m,very_high,draw_1
A11.0,attn,11,0,2,2,pythia-410m,very_high,draw_1
A11.3,attn,11,3,2,5,pythia-410m,very_high,draw_1
A11.8,attn,11,1,3,4,pythia-410m,very_high,draw_1
A11.9,attn,11,2,3,5,pythia-410m,very_high,draw_1
A11.12,attn,11,1,1,2,pythia-410m,very_high,draw_1
A11.13,attn,11,15,11,26,pythia-410m,very_high,draw_1
A11.15,attn,11,10,8,18,pythia-410m,very_high,draw_1
A12.1,attn,12,2,3,5,pythia-410m,very_high,draw_1
A12.2,attn,12,1,1,2,pythia-410m,very_high,draw_1
A12.4,attn,12,11,7,18,pythia-410m,very_high,draw_1
A12.5,attn,12,41,14,55,pythia-410m,very_high,draw_1
A12.6,attn,12,1,3,4,pythia-410m,very_high,draw_1
A12.7,attn,12,9,2,11,pythia-410m,very_high,draw_1
A12.8,attn,12,9,4,13,pythia-410m,very_high,draw_1
A12.9,attn,12,6,2,8,pythia-410m,very_high,draw_1
A12.10,attn,12,1,3,4,pythia-410m,very_high,draw_1
A13.1,attn,13,6,1,7,pythia-410m,very_high,draw_1
A13.8,attn,13,2,1,3,pythia-410m,very_high,draw_1
A13.9,attn,13,4,1,5,pythia-410m,very_high,draw_1
A13.10,attn,13,2,1,3,pythia-410m,very_high,draw_1
A13.12,attn,13,9,8,17,pythia-410m,very_high,draw_1
A13.13,attn,13,0,1,1,pythia-410m,very_high,draw_1
A13.14,attn,13,5,5,10,pythia-410m,very_high,draw_1
A14.2,attn,14,28,10,38,pythia-410m,very_high,draw_1
A14.5,attn,14,6,7,13,pythia-410m,very_high,draw_1
A14.7,attn,14,3,1,4,pythia-410m,very_high,draw_1
A14.8,attn,14,20,5,25,pythia-410m,very_high,draw_1
A14.11,attn,14,3,4,7,pythia-410m,very_high,draw_1
A14.13,attn,14,2,1,3,pythia-410m,very_high,draw_1
A14.15,attn,14,7,11,18,pythia-410m,very_high,draw_1
A15.0,attn,15,4,3,7,pythia-410m,very_high,draw_1
A15.1,attn,15,3,2,5,pythia-410m,very_high,draw_1
A15.2,attn,15,2,4,6,pythia-410m,very_high,draw_1
A15.4,attn,15,11,7,18,pythia-410m,very_high,draw_1
A15.5,attn,15,9,3,12,pythia-410m,very_high,draw_1
A15.10,attn,15,5,3,8,pythia-410m,very_high,draw_1
A15.11,attn,15,11,10,21,pythia-410m,very_high,draw_1
A15.14,attn,15,1,2,3,pythia-410m,very_high,draw_1
A16.4,attn,16,27,6,33,pythia-410m,very_high,draw_1
A16.5,attn,16,28,9,37,pythia-410m,very_high,draw_1
A16.6,attn,16,0,2,2,pythia-410m,very_high,draw_1
A16.7,attn,16,8,2,10,pythia-410m,very_high,draw_1
A16.10,attn,16,1,2,3,pythia-410m,very_high,draw_1
A16.11,attn,16,5,7,12,pythia-410m,very_high,draw_1
A16.12,attn,16,16,5,21,pythia-410m,very_high,draw_1
A16.13,attn,16,21,3,24,pythia-410m,very_high,draw_1
A16.15,attn,16,8,4,12,pythia-410m,very_high,draw_1
M16,mlp,16,85,13,98,pythia-410m,very_high,draw_1
A17.0,attn,17,2,2,4,pythia-410m,very_high,draw_1
A17.1,attn,17,17,3,20,pythia-410m,very_high,draw_1
A17.2,attn,17,2,1,3,pythia-410m,very_high,draw_1
A17.4,attn,17,7,6,13,pythia-410m,very_high,draw_1
A17.5,attn,17,8,2,10,pythia-410m,very_high,draw_1
A17.7,attn,17,3,1,4,pythia-410m,very_high,draw_1
A17.15,attn,17,26,6,32,pythia-410m,very_high,draw_1
M17,mlp,17,84,14,98,pythia-410m,very_high,draw_1
A18.1,attn,18,1,1,2,pythia-410m,very_high,draw_1
A18.2,attn,18,1,1,2,pythia-410m,very_high,draw_1
A18.7,attn,18,3,4,7,pythia-410m,very_high,draw_1
A18.12,attn,18,34,6,40,pythia-410m,very_high,draw_1
A19.5,attn,19,0,4,4,pythia-410m,very_high,draw_1
A19.8,attn,19,0,1,1,pythia-410m,very_high,draw_1
M19,mlp,19,76,9,85,pythia-410m,very_high,draw_1
A20.1,attn,20,10,1,11,pythia-410m,very_high,draw_1
A20.2,attn,20,11,2,13,pythia-410m,very_high,draw_1
A20.6,attn,20,1,2,3,pythia-410m,very_high,draw_1
A20.7,attn,20,1,1,2,pythia-410m,very_high,draw_1
A20.13,attn,20,9,4,13,pythia-410m,very_high,draw_1
A20.14,attn,20,4,1,5,pythia-410m,very_high,draw_1
A20.15,attn,20,0,1,1,pythia-410m,very_high,draw_1
M20,mlp,20,63,6,69,pythia-410m,very_high,draw_1
A21.0,attn,21,0,1,1,pythia-410m,very_high,draw_1
A21.1,attn,21,7,3,10,pythia-410m,very_high,draw_1
A21.2,attn,21,3,2,5,pythia-410m,very_high,draw_1
A21.4,attn,21,2,1,3,pythia-410m,very_high,draw_1
A21.6,attn,21,1,2,3,pythia-410m,very_high,draw_1
A21.7,attn,21,2,1,3,pythia-410m,very_high,draw_1
A21.12,attn,21,6,3,9,pythia-410m,very_high,draw_1
A21.14,attn,21,0,1,1,pythia-410m,very_high,draw_1
M21,mlp,21,66,5,71,pythia-410m,very_high,draw_1
A22.0,attn,22,0,1,1,pythia-410m,very_high,draw_1
A22.2,attn,22,1,1,2,pythia-410m,very_high,draw_1
A22.3,attn,22,0,2,2,pythia-410m,very_high,draw_1
A22.6,attn,22,9,2,11,pythia-410m,very_high,draw_1
A22.11,attn,22,4,2,6,pythia-410m,very_high,draw_1
A22.15,attn,22,0,1,1,pythia-410m,very_high,draw_1
M22,mlp,22,96,2,98,pythia-410m,very_high,draw_1
A23.1,attn,23,1,1,2,pythia-410m,very_high,draw_1
A23.11,attn,23,0,1,1,pythia-410m,very_high,draw_1
A23.12,attn,23,0,1,1,pythia-410m,very_high,draw_1
A23.14,attn,23,0,1,1,pythia-410m,very_high,draw_1
A23.15,attn,23,0,1,1,pythia-410m,very_high,draw_1
M23,mlp,23,160,1,161,pythia-410m,very_high,draw_1
A3.5,attn,3,0,1,1,pythia-410m,very_high,draw_1
A2.5,attn,2,1,1,2,pythia-410m,very_high,draw_1
A3.9,attn,3,0,2,2,pythia-410m,very_high,draw_1
A11.7,attn,11,2,1,3,pythia-410m,very_high,draw_1
A11.10,attn,11,0,1,1,pythia-410m,very_high,draw_1
A0.12,attn,0,0,1,1,pythia-410m,very_high,draw_1
A2.8,attn,2,0,1,1,pythia-410m,very_high,draw_1
A1.5,attn,1,1,2,3,pythia-410m,very_high,draw_1
A3.11,attn,3,0,1,1,pythia-410m,very_high,draw_1
A3.14,attn,3,0,1,1,pythia-410m,very_high,draw_1
A5.13,attn,5,0,1,1,pythia-410m,very_high,draw_1
A6.1,attn,6,0,1,1,pythia-410m,very_high,draw_1
A1.15,attn,1,2,3,5,pythia-410m,very_high,draw_1
A4.0,attn,4,1,3,4,pythia-410m,very_high,draw_1
A0.11,attn,0,0,1,1,pythia-410m,very_high,draw_1
A13.11,attn,13,0,1,1,pythia-410m,very_high,draw_1
A15.13,attn,15,0,1,1,pythia-410m,very_high,draw_1
A18.15,attn,18,0,1,1,pythia-410m,very_high,draw_1
A19.3,attn,19,0,1,1,pythia-410m,very_high,draw_1
A21.11,attn,21,0,1,1,pythia-410m,very_high,draw_1
A22.14,attn,22,0,1,1,pythia-410m,very_high,draw_1
A1.7,attn,1,0,1,1,pythia-410m,very_high,draw_1
A2.2,attn,2,0,1,1,pythia-410m,very_high,draw_1
A5.6,attn,5,0,1,1,pythia-410m,very_high,draw_1
embed,embed,-1,0,15,15,pythia-410m,very_high,draw_2
A0.0,attn,0,1,13,14,pythia-410m,very_high,draw_2
A0.3,attn,0,1,6,7,pythia-410m,very_high,draw_2
A0.6,attn,0,1,1,2,pythia-410m,very_high,draw_2
A0.10,attn,0,1,1,2,pythia-410m,very_high,draw_2
A0.11,attn,0,1,1,2,pythia-410m,very_high,draw_2
A0.12,attn,0,1,2,3,pythia-410m,very_high,draw_2
A0.14,attn,0,1,21,22,pythia-410m,very_high,draw_2
A0.15,attn,0,1,5,6,pythia-410m,very_high,draw_2
A0.5,attn,0,0,14,14,pythia-410m,very_high,draw_2
A2.10,attn,2,7,18,25,pythia-410m,very_high,draw_2
M0,mlp,0,1,124,125,pythia-410m,very_high,draw_2
A1.4,attn,1,2,5,7,pythia-410m,very_high,draw_2
A1.10,attn,1,0,11,11,pythia-410m,very_high,draw_2
A1.14,attn,1,2,7,9,pythia-410m,very_high,draw_2
M1,mlp,1,11,49,60,pythia-410m,very_high,draw_2
A0.7,attn,0,0,5,5,pythia-410m,very_high,draw_2
M8,mlp,8,40,82,122,pythia-410m,very_high,draw_2
A1.3,attn,1,1,5,6,pythia-410m,very_high,draw_2
A1.6,attn,1,2,10,12,pythia-410m,very_high,draw_2
A1.9,attn,1,2,8,10,pythia-410m,very_high,draw_2
A1.11,attn,1,2,8,10,pythia-410m,very_high,draw_2
A1.15,attn,1,1,2,3,pythia-410m,very_high,draw_2
M2,mlp,2,17,63,80,pythia-410m,very_high,draw_2
A3.1,attn,3,3,30,33,pythia-410m,very_high,draw_2
M3,mlp,3,12,67,79,pythia-410m,very_high,draw_2
A4.4,attn,4,0,3,3,pythia-410m,very_high,draw_2
A4.6,attn,4,2,8,10,pythia-410m,very_high,draw_2
A4.8,attn,4,0,3,3,pythia-410m,very_high,draw_2
M4,mlp,4,19,59,78,pythia-410m,very_high,draw_2
A5.0,attn,5,1,8,9,pythia-410m,very_high,draw_2
A5.2,attn,5,9,43,52,pythia-410m,very_high,draw_2
A5.4,attn,5,1,16,17,pythia-410m,very_high,draw_2
A5.5,attn,5,2,14,16,pythia-410m,very_high,draw_2
A5.12,attn,5,0,9,9,pythia-410m,very_high,draw_2
A5.14,attn,5,1,2,3,pythia-410m,very_high,draw_2
A5.15,attn,5,0,4,4,pythia-410m,very_high,draw_2
M5,mlp,5,17,65,82,pythia-410m,very_high,draw_2
A6.0,attn,6,10,78,88,pythia-410m,very_high,draw_2
A6.1,attn,6,1,2,3,pythia-410m,very_high,draw_2
A6.3,attn,6,6,59,65,pythia-410m,very_high,draw_2
A6.9,attn,6,2,11,13,pythia-410m,very_high,draw_2
A6.10,attn,6,1,3,4,pythia-410m,very_high,draw_2
A6.11,attn,6,0,3,3,pythia-410m,very_high,draw_2
A6.13,attn,6,9,23,32,pythia-410m,very_high,draw_2
A6.15,attn,6,2,4,6,pythia-410m,very_high,draw_2
M6,mlp,6,23,51,74,pythia-410m,very_high,draw_2
A7.0,attn,7,7,22,29,pythia-410m,very_high,draw_2
A7.1,attn,7,13,78,91,pythia-410m,very_high,draw_2
A7.5,attn,7,1,2,3,pythia-410m,very_high,draw_2
A7.6,attn,7,1,15,16,pythia-410m,very_high,draw_2
A7.7,attn,7,5,11,16,pythia-410m,very_high,draw_2
A7.8,attn,7,36,73,109,pythia-410m,very_high,draw_2
M7,mlp,7,23,67,90,pythia-410m,very_high,draw_2
R23,resid,23,266,0,266,pythia-410m,very_high,draw_2
A0.4,attn,0,0,4,4,pythia-410m,very_high,draw_2
A0.9,attn,0,0,3,3,pythia-410m,very_high,draw_2
A1.8,attn,1,0,4,4,pythia-410m,very_high,draw_2
A1.12,attn,1,1,4,5,pythia-410m,very_high,draw_2
A1.13,attn,1,1,4,5,pythia-410m,very_high,draw_2
A2.3,attn,2,0,1,1,pythia-410m,very_high,draw_2
A2.7,attn,2,0,3,3,pythia-410m,very_high,draw_2
A3.3,attn,3,0,1,1,pythia-410m,very_high,draw_2
A3.4,attn,3,0,3,3,pythia-410m,very_high,draw_2
A3.6,attn,3,0,1,1,pythia-410m,very_high,draw_2
A3.7,attn,3,1,7,8,pythia-410m,very_high,draw_2
A3.9,attn,3,2,4,6,pythia-410m,very_high,draw_2
A3.10,attn,3,2,6,8,pythia-410m,very_high,draw_2
A4.5,attn,4,2,10,12,pythia-410m,very_high,draw_2
A4.9,attn,4,2,15,17,pythia-410m,very_high,draw_2
A4.14,attn,4,0,4,4,pythia-410m,very_high,draw_2
A4.15,attn,4,4,5,9,pythia-410m,very_high,draw_2
A5.1,attn,5,1,9,10,pythia-410m,very_high,draw_2
A5.3,attn,5,0,10,10,pythia-410m,very_high,draw_2
A5.6,attn,5,0,1,1,pythia-410m,very_high,draw_2
A5.8,attn,5,1,15,16,pythia-410m,very_high,draw_2
A5.9,attn,5,6,30,36,pythia-410m,very_high,draw_2
A5.11,attn,5,2,10,12,pythia-410m,very_high,draw_2
A6.4,attn,6,2,3,5,pythia-410m,very_high,draw_2
A6.5,attn,6,2,6,8,pythia-410m,very_high,draw_2
A6.6,attn,6,0,3,3,pythia-410m,very_high,draw_2
A6.12,attn,6,1,3,4,pythia-410m,very_high,draw_2
A7.2,attn,7,6,29,35,pythia-410m,very_high,draw_2
A7.3,attn,7,1,9,10,pythia-410m,very_high,draw_2
A7.4,attn,7,0,3,3,pythia-410m,very_high,draw_2
A7.9,attn,7,1,11,12,pythia-410m,very_high,draw_2
A7.10,attn,7,3,14,17,pythia-410m,very_high,draw_2
A7.12,attn,7,0,5,5,pythia-410m,very_high,draw_2
A7.13,attn,7,1,2,3,pythia-410m,very_high,draw_2
A7.14,attn,7,1,3,4,pythia-410m,very_high,draw_2
A8.0,attn,8,6,24,30,pythia-410m,very_high,draw_2
A8.1,attn,8,1,9,10,pythia-410m,very_high,draw_2
A8.2,attn,8,4,22,26,pythia-410m,very_high,draw_2
A8.3,attn,8,1,11,12,pythia-410m,very_high,draw_2
A8.4,attn,8,4,11,15,pythia-410m,very_high,draw_2
A8.5,attn,8,5,7,12,pythia-410m,very_high,draw_2
A8.6,attn,8,16,46,62,pythia-410m,very_high,draw_2
A8.7,attn,8,5,31,36,pythia-410m,very_high,draw_2
A8.8,attn,8,2,3,5,pythia-410m,very_high,draw_2
A8.9,attn,8,12,51,63,pythia-410m,very_high,draw_2
A8.10,attn,8,4,16,20,pythia-410m,very_high,draw_2
A8.11,attn,8,5,16,21,pythia-410m,very_high,draw_2
A8.12,attn,8,8,26,34,pythia-410m,very_high,draw_2
A8.13,attn,8,8,47,55,pythia-410m,very_high,draw_2
A8.14,attn,8,3,13,16,pythia-410m,very_high,draw_2
A8.15,attn,8,6,32,38,pythia-410m,very_high,draw_2
A9.0,attn,9,6,9,15,pythia-410m,very_high,draw_2
A9.1,attn,9,16,27,43,pythia-410m,very_high,draw_2
A9.2,attn,9,3,3,6,pythia-410m,very_high,draw_2
A9.3,attn,9,9,12,21,pythia-410m,very_high,draw_2
A9.4,attn,9,21,52,73,pythia-410m,very_high,draw_2
A9.5,attn,9,16,52,68,pythia-410m,very_high,draw_2
A9.6,attn,9,6,22,28,pythia-410m,very_high,draw_2
A9.7,attn,9,3,5,8,pythia-410m,very_high,draw_2
A9.8,attn,9,4,15,19,pythia-410m,very_high,draw_2
A9.9,attn,9,17,38,55,pythia-410m,very_high,draw_2
A9.12,attn,9,6,3,9,pythia-410m,very_high,draw_2
A9.13,attn,9,10,31,41,pythia-410m,very_high,draw_2
A9.14,attn,9,2,3,5,pythia-410m,very_high,draw_2
A9.15,attn,9,2,4,6,pythia-410m,very_high,draw_2
M9,mlp,9,39,81,120,pythia-410m,very_high,draw_2
A10.0,attn,10,37,38,75,pythia-410m,very_high,draw_2
A10.1,attn,10,4,12,16,pythia-410m,very_high,draw_2
A10.2,attn,10,1,2,3,pythia-410m,very_high,draw_2
A10.3,attn,10,30,35,65,pythia-410m,very_high,draw_2
A10.4,attn,10,7,5,12,pythia-410m,very_high,draw_2
A10.5,attn,10,5,5,10,pythia-410m,very_high,draw_2
A10.6,attn,10,4,5,9,pythia-410m,very_high,draw_2
A10.7,attn,10,7,10,17,pythia-410m,very_high,draw_2
A10.8,attn,10,0,6,6,pythia-410m,very_high,draw_2
A10.9,attn,10,11,42,53,pythia-410m,very_high,draw_2
A10.10,attn,10,15,14,29,pythia-410m,very_high,draw_2
A10.11,attn,10,1,6,7,pythia-410m,very_high,draw_2
A10.12,attn,10,8,18,26,pythia-410m,very_high,draw_2
A10.13,attn,10,7,17,24,pythia-410m,very_high,draw_2
A10.14,attn,10,2,5,7,pythia-410m,very_high,draw_2
A10.15,attn,10,2,5,7,pythia-410m,very_high,draw_2
M10,mlp,10,57,63,120,pythia-410m,very_high,draw_2
A11.0,attn,11,1,2,3,pythia-410m,very_high,draw_2
A11.1,attn,11,50,29,79,pythia-410m,very_high,draw_2
A11.2,attn,11,29,39,68,pythia-410m,very_high,draw_2
A11.4,attn,11,19,10,29,pythia-410m,very_high,draw_2
A11.6,attn,11,31,40,71,pythia-410m,very_high,draw_2
A11.8,attn,11,4,2,6,pythia-410m,very_high,draw_2
A11.9,attn,11,4,3,7,pythia-410m,very_high,draw_2
A11.12,attn,11,0,1,1,pythia-410m,very_high,draw_2
A11.13,attn,11,18,9,27,pythia-410m,very_high,draw_2
A11.14,attn,11,44,54,98,pythia-410m,very_high,draw_2
A11.15,attn,11,8,7,15,pythia-410m,very_high,draw_2
M11,mlp,11,49,28,77,pythia-410m,very_high,draw_2
A12.0,attn,12,29,7,36,pythia-410m,very_high,draw_2
A12.1,attn,12,2,3,5,pythia-410m,very_high,draw_2
A12.2,attn,12,1,4,5,pythia-410m,very_high,draw_2
A12.4,attn,12,4,7,11,pythia-410m,very_high,draw_2
A12.5,attn,12,36,25,61,pythia-410m,very_high,draw_2
A12.6,attn,12,4,1,5,pythia-410m,very_high,draw_2
A12.7,attn,12,12,3,15,pythia-410m,very_high,draw_2
A12.8,attn,12,7,2,9,pythia-410m,very_high,draw_2
A12.9,attn,12,6,2,8,pythia-410m,very_high,draw_2
A12.10,attn,12,4,3,7,pythia-410m,very_high,draw_2
A12.11,attn,12,11,16,27,pythia-410m,very_high,draw_2
A12.12,attn,12,6,8,14,pythia-410m,very_high,draw_2
A12.13,attn,12,48,16,64,pythia-410m,very_high,draw_2
M12,mlp,12,57,40,97,pythia-410m,very_high,draw_2
A13.0,attn,13,37,23,60,pythia-410m,very_high,draw_2
A13.1,attn,13,4,1,5,pythia-410m,very_high,draw_2
A13.5,attn,13,3,6,9,pythia-410m,very_high,draw_2
A13.9,attn,13,3,1,4,pythia-410m,very_high,draw_2
A13.10,attn,13,1,1,2,pythia-410m,very_high,draw_2
A13.12,attn,13,6,9,15,pythia-410m,very_high,draw_2
A13.14,attn,13,6,5,11,pythia-410m,very_high,draw_2
M13,mlp,13,70,32,102,pythia-410m,very_high,draw_2
A14.0,attn,14,12,9,21,pythia-410m,very_high,draw_2
A14.2,attn,14,40,13,53,pythia-410m,very_high,draw_2
A14.3,attn,14,7,1,8,pythia-410m,very_high,draw_2
A14.5,attn,14,11,9,20,pythia-410m,very_high,draw_2
A14.7,attn,14,3,2,5,pythia-410m,very_high,draw_2
A14.8,attn,14,14,5,19,pythia-410m,very_high,draw_2
A14.11,attn,14,5,8,13,pythia-410m,very_high,draw_2
A14.13,attn,14,2,1,3,pythia-410m,very_high,draw_2
A14.15,attn,14,6,10,16,pythia-410m,very_high,draw_2
M14,mlp,14,54,36,90,pythia-410m,very_high,draw_2
A15.0,attn,15,4,6,10,pythia-410m,very_high,draw_2
A15.1,attn,15,5,1,6,pythia-410m,very_high,draw_2
A15.2,attn,15,8,5,13,pythia-410m,very_high,draw_2
A15.4,attn,15,12,8,20,pythia-410m,very_high,draw_2
A15.5,attn,15,22,5,27,pythia-410m,very_high,draw_2
A15.6,attn,15,24,7,31,pythia-410m,very_high,draw_2
A15.8,attn,15,3,3,6,pythia-410m,very_high,draw_2
A15.10,attn,15,14,3,17,pythia-410m,very_high,draw_2
A15.11,attn,15,12,10,22,pythia-410m,very_high,draw_2
M15,mlp,15,76,20,96,pythia-410m,very_high,draw_2
A16.0,attn,16,2,2,4,pythia-410m,very_high,draw_2
A16.1,attn,16,28,6,34,pythia-410m,very_high,draw_2
A16.2,attn,16,1,2,3,pythia-410m,very_high,draw_2
A16.3,attn,16,14,4,18,pythia-410m,very_high,draw_2
A16.4,attn,16,33,2,35,pythia-410m,very_high,draw_2
A16.5,attn,16,36,7,43,pythia-410m,very_high,draw_2
A16.6,attn,16,2,3,5,pythia-410m,very_high,draw_2
A16.7,attn,16,5,2,7,pythia-410m,very_high,draw_2
A16.10,attn,16,3,3,6,pythia-410m,very_high,draw_2
A16.11,attn,16,13,9,22,pythia-410m,very_high,draw_2
A16.12,attn,16,30,5,35,pythia-410m,very_high,draw_2
A16.13,attn,16,28,3,31,pythia-410m,very_high,draw_2
A16.14,attn,16,28,9,37,pythia-410m,very_high,draw_2
A16.15,attn,16,6,3,9,pythia-410m,very_high,draw_2
M16,mlp,16,103,22,125,pythia-410m,very_high,draw_2
A17.0,attn,17,5,3,8,pythia-410m,very_high,draw_2
A17.1,attn,17,15,4,19,pythia-410m,very_high,draw_2
A17.2,attn,17,4,1,5,pythia-410m,very_high,draw_2
A17.4,attn,17,14,6,20,pythia-410m,very_high,draw_2
A17.5,attn,17,10,3,13,pythia-410m,very_high,draw_2
A17.9,attn,17,28,5,33,pythia-410m,very_high,draw_2
A17.10,attn,17,14,4,18,pythia-410m,very_high,draw_2
A17.11,attn,17,5,1,6,pythia-410m,very_high,draw_2
A17.15,attn,17,27,6,33,pythia-410m,very_high,draw_2
M17,mlp,17,81,15,96,pythia-410m,very_high,draw_2
A18.0,attn,18,18,2,20,pythia-410m,very_high,draw_2
A18.1,attn,18,9,1,10,pythia-410m,very_high,draw_2
A18.2,attn,18,0,2,2,pythia-410m,very_high,draw_2
A18.5,attn,18,8,1,9,pythia-410m,very_high,draw_2
A18.7,attn,18,2,4,6,pythia-410m,very_high,draw_2
A18.8,attn,18,22,8,30,pythia-410m,very_high,draw_2
A18.11,attn,18,22,5,27,pythia-410m,very_high,draw_2
A18.12,attn,18,32,7,39,pythia-410m,very_high,draw_2
A18.13,attn,18,21,5,26,pythia-410m,very_high,draw_2
A18.14,attn,18,18,2,20,pythia-410m,very_high,draw_2
A18.15,attn,18,2,2,4,pythia-410m,very_high,draw_2
M18,mlp,18,91,20,111,pythia-410m,very_high,draw_2
A19.2,attn,19,19,3,22,pythia-410m,very_high,draw_2
A19.3,attn,19,0,2,2,pythia-410m,very_high,draw_2
A19.4,attn,19,3,1,4,pythia-410m,very_high,draw_2
A19.5,attn,19,3,3,6,pythia-410m,very_high,draw_2
A19.6,attn,19,2,2,4,pythia-410m,very_high,draw_2
A19.7,attn,19,47,4,51,pythia-410m,very_high,draw_2
A19.8,attn,19,4,1,5,pythia-410m,very_high,draw_2
A19.9,attn,19,14,2,16,pythia-410m,very_high,draw_2
A19.11,attn,19,2,2,4,pythia-410m,very_high,draw_2
A19.12,attn,19,7,3,10,pythia-410m,very_high,draw_2
A19.14,attn,19,3,2,5,pythia-410m,very_high,draw_2
A19.15,attn,19,34,4,38,pythia-410m,very_high,draw_2
M19,mlp,19,84,10,94,pythia-410m,very_high,draw_2
A20.1,attn,20,5,1,6,pythia-410m,very_high,draw_2
A20.2,attn,20,17,1,18,pythia-410m,very_high,draw_2
A20.3,attn,20,0,1,1,pythia-410m,very_high,draw_2
A20.4,attn,20,0,1,1,pythia-410m,very_high,draw_2
A20.6,attn,20,0,3,3,pythia-410m,very_high,draw_2
A20.7,attn,20,3,1,4,pythia-410m,very_high,draw_2
A20.13,attn,20,4,1,5,pythia-410m,very_high,draw_2
A20.14,attn,20,0,3,3,pythia-410m,very_high,draw_2
M20,mlp,20,58,5,63,pythia-410m,very_high,draw_2
A21.0,attn,21,1,1,2,pythia-410m,very_high,draw_2
A21.1,attn,21,7,2,9,pythia-410m,very_high,draw_2
A21.2,attn,21,4,2,6,pythia-410m,very_high,draw_2
A21.4,attn,21,2,1,3,pythia-410m,very_high,draw_2
A21.6,attn,21,0,2,2,pythia-410m,very_high,draw_2
A21.7,attn,21,2,1,3,pythia-410m,very_high,draw_2
A21.12,attn,21,14,3,17,pythia-410m,very_high,draw_2
A21.14,attn,21,2,2,4,pythia-410m,very_high,draw_2
M21,mlp,21,67,6,73,pythia-410m,very_high,draw_2
A22.0,attn,22,0,1,1,pythia-410m,very_high,draw_2
A22.2,attn,22,1,2,3,pythia-410m,very_high,draw_2
A22.3,attn,22,2,2,4,pythia-410m,very_high,draw_2
A22.6,attn,22,6,2,8,pythia-410m,very_high,draw_2
A22.11,attn,22,11,2,13,pythia-410m,very_high,draw_2
A22.12,attn,22,1,1,2,pythia-410m,very_high,draw_2
A22.13,attn,22,0,1,1,pythia-410m,very_high,draw_2
A22.15,attn,22,1,1,2,pythia-410m,very_high,draw_2
M22,mlp,22,89,2,91,pythia-410m,very_high,draw_2
A23.12,attn,23,3,1,4,pythia-410m,very_high,draw_2
A23.13,attn,23,1,1,2,pythia-410m,very_high,draw_2
A23.14,attn,23,0,1,1,pythia-410m,very_high,draw_2
A23.15,attn,23,0,1,1,pythia-410m,very_high,draw_2
M23,mlp,23,156,1,157,pythia-410m,very_high,draw_2
A1.1,attn,1,0,1,1,pythia-410m,very_high,draw_2
A2.0,attn,2,0,1,1,pythia-410m,very_high,draw_2
A2.11,attn,2,0,1,1,pythia-410m,very_high,draw_2
A3.8,attn,3,1,4,5,pythia-410m,very_high,draw_2
A3.5,attn,3,0,1,1,pythia-410m,very_high,draw_2
A4.0,attn,4,1,4,5,pythia-410m,very_high,draw_2
A2.9,attn,2,0,1,1,pythia-410m,very_high,draw_2
A3.15,attn,3,0,1,1,pythia-410m,very_high,draw_2
A15.15,attn,15,0,1,1,pythia-410m,very_high,draw_2
A15.14,attn,15,6,1,7,pythia-410m,very_high,draw_2
A21.11,attn,21,0,1,1,pythia-410m,very_high,draw_2
A6.2,attn,6,0,1,1,pythia-410m,very_high,draw_2
A5.10,attn,5,0,1,1,pythia-410m,very_high,draw_2
A4.2,attn,4,0,1,1,pythia-410m,very_high,draw_2
A3.11,attn,3,0,1,1,pythia-410m,very_high,draw_2
A4.3,attn,4,0,1,1,pythia-410m,very_high,draw_2
A12.14,attn,12,0,1,1,pythia-410m,very_high,draw_2
A3.12,attn,3,0,2,2,pythia-410m,very_high,draw_2
A1.5,attn,1,0,1,1,pythia-410m,very_high,draw_2
A1.7,attn,1,1,1,2,pythia-410m,very_high,draw_2
M3,mlp,3,16,78,94,pythia-410m,very_high,draw_3
A8.0,attn,8,4,33,37,pythia-410m,very_high,draw_3
A6.0,attn,6,10,67,77,pythia-410m,very_high,draw_3
A7.1,attn,7,9,68,77,pythia-410m,very_high,draw_3
A7.8,attn,7,44,83,127,pythia-410m,very_high,draw_3
A8.1,attn,8,3,12,15,pythia-410m,very_high,draw_3
M6,mlp,6,16,46,62,pythia-410m,very_high,draw_3
M0,mlp,0,1,118,119,pythia-410m,very_high,draw_3
A8.2,attn,8,8,24,32,pythia-410m,very_high,draw_3
A3.1,attn,3,2,31,33,pythia-410m,very_high,draw_3
M5,mlp,5,22,67,89,pythia-410m,very_high,draw_3
A6.3,attn,6,9,60,69,pythia-410m,very_high,draw_3
A7.0,attn,7,12,21,33,pythia-410m,very_high,draw_3
M7,mlp,7,22,57,79,pythia-410m,very_high,draw_3
A8.3,attn,8,1,5,6,pythia-410m,very_high,draw_3
A8.4,attn,8,2,10,12,pythia-410m,very_high,draw_3
A7.10,attn,7,4,19,23,pythia-410m,very_high,draw_3
A8.5,attn,8,3,14,17,pythia-410m,very_high,draw_3
A8.6,attn,8,15,45,60,pythia-410m,very_high,draw_3
M1,mlp,1,11,56,67,pythia-410m,very_high,draw_3
A2.10,attn,2,4,13,17,pythia-410m,very_high,draw_3
M2,mlp,2,16,69,85,pythia-410m,very_high,draw_3
A4.9,attn,4,2,20,22,pythia-410m,very_high,draw_3
M4,mlp,4,13,63,76,pythia-410m,very_high,draw_3
A5.5,attn,5,5,18,23,pythia-410m,very_high,draw_3
A5.9,attn,5,13,23,36,pythia-410m,very_high,draw_3
A6.13,attn,6,7,22,29,pythia-410m,very_high,draw_3
A7.2,attn,7,6,30,36,pythia-410m,very_high,draw_3
A7.9,attn,7,6,13,19,pythia-410m,very_high,draw_3
A8.7,attn,8,10,24,34,pythia-410m,very_high,draw_3
A8.9,attn,8,9,45,54,pythia-410m,very_high,draw_3
A5.8,attn,5,1,13,14,pythia-410m,very_high,draw_3
A8.10,attn,8,6,11,17,pythia-410m,very_high,draw_3
A8.11,attn,8,5,12,17,pythia-410m,very_high,draw_3
A7.7,attn,7,5,11,16,pythia-410m,very_high,draw_3
A8.12,attn,8,11,31,42,pythia-410m,very_high,draw_3
A5.2,attn,5,8,36,44,pythia-410m,very_high,draw_3
A8.13,attn,8,9,49,58,pythia-410m,very_high,draw_3
A8.14,attn,8,1,14,15,pythia-410m,very_high,draw_3
A8.15,attn,8,7,34,41,pythia-410m,very_high,draw_3
M9,mlp,9,44,48,92,pythia-410m,very_high,draw_3
A11.0,attn,11,1,1,2,pythia-410m,very_high,draw_3
A0.0,attn,0,1,16,17,pythia-410m,very_high,draw_3
A11.1,attn,11,43,32,75,pythia-410m,very_high,draw_3
A0.14,attn,0,1,22,23,pythia-410m,very_high,draw_3
A1.11,attn,1,2,14,16,pythia-410m,very_high,draw_3
A5.4,attn,5,3,12,15,pythia-410m,very_high,draw_3
A5.7,attn,5,0,1,1,pythia-410m,very_high,draw_3
A5.12,attn,5,3,8,11,pythia-410m,very_high,draw_3
A6.5,attn,6,2,3,5,pythia-410m,very_high,draw_3
A6.9,attn,6,0,7,7,pythia-410m,very_high,draw_3
A9.1,attn,9,25,27,52,pythia-410m,very_high,draw_3
A9.4,attn,9,26,45,71,pythia-410m,very_high,draw_3
A9.13,attn,9,11,31,42,pythia-410m,very_high,draw_3
A10.3,attn,10,34,38,72,pythia-410m,very_high,draw_3
A10.9,attn,10,9,38,47,pythia-410m,very_high,draw_3
A10.10,attn,10,11,15,26,pythia-410m,very_high,draw_3
A10.11,attn,10,3,2,5,pythia-410m,very_high,draw_3
M10,mlp,10,44,39,83,pythia-410m,very_high,draw_3
A11.2,attn,11,25,31,56,pythia-410m,very_high,draw_3
M8,mlp,8,26,58,84,pythia-410m,very_high,draw_3
A9.5,attn,9,18,42,60,pythia-410m,very_high,draw_3
A9.9,attn,9,9,16,25,pythia-410m,very_high,draw_3
A11.3,attn,11,3,3,6,pythia-410m,very_high,draw_3
A11.4,attn,11,6,9,15,pythia-410m,very_high,draw_3
A10.0,attn,10,30,34,64,pythia-410m,very_high,draw_3
A11.6,attn,11,26,39,65,pythia-410m,very_high,draw_3
A9.8,attn,9,4,18,22,pythia-410m,very_high,draw_3
A11.7,attn,11,3,3,6,pythia-410m,very_high,draw_3
A11.8,attn,11,4,3,7,pythia-410m,very_high,draw_3
A11.9,attn,11,1,3,4,pythia-410m,very_high,draw_3
A11.12,attn,11,1,1,2,pythia-410m,very_high,draw_3
A11.13,attn,11,14,7,21,pythia-410m,very_high,draw_3
A0.5,attn,0,1,15,16,pythia-410m,very_high,draw_3
A11.14,attn,11,52,57,109,pythia-410m,very_high,draw_3
A1.6,attn,1,1,11,12,pythia-410m,very_high,draw_3
A3.4,attn,3,0,7,7,pythia-410m,very_high,draw_3
A3.7,attn,3,1,5,6,pythia-410m,very_high,draw_3
A4.0,attn,4,0,3,3,pythia-410m,very_high,draw_3
A5.3,attn,5,0,7,7,pythia-410m,very_high,draw_3
A6.15,attn,6,1,5,6,pythia-410m,very_high,draw_3
A10.1,attn,10,2,9,11,pythia-410m,very_high,draw_3
A10.13,attn,10,8,10,18,pythia-410m,very_high,draw_3
A10.14,attn,10,2,4,6,pythia-410m,very_high,draw_3
A11.15,attn,11,9,18,27,pythia-410m,very_high,draw_3
M16,mlp,16,83,14,97,pythia-410m,very_high,draw_3
A1.3,attn,1,1,7,8,pythia-410m,very_high,draw_3
A1.10,attn,1,2,10,12,pythia-410m,very_high,draw_3
A4.14,attn,4,1,9,10,pythia-410m,very_high,draw_3
A5.1,attn,5,0,10,10,pythia-410m,very_high,draw_3
A6.6,attn,6,0,5,5,pythia-410m,very_high,draw_3
A6.12,attn,6,2,9,11,pythia-410m,very_high,draw_3
A7.4,attn,7,1,6,7,pythia-410m,very_high,draw_3
A8.8,attn,8,0,1,1,pythia-410m,very_high,draw_3
A9.0,attn,9,3,14,17,pythia-410m,very_high,draw_3
A10.4,attn,10,18,11,29,pythia-410m,very_high,draw_3
A10.12,attn,10,6,13,19,pythia-410m,very_high,draw_3
M11,mlp,11,52,36,88,pythia-410m,very_high,draw_3
A12.0,attn,12,14,8,22,pythia-410m,very_high,draw_3
A12.5,attn,12,48,19,67,pythia-410m,very_high,draw_3
A12.12,attn,12,3,5,8,pythia-410m,very_high,draw_3
A12.13,attn,12,60,20,80,pythia-410m,very_high,draw_3
M12,mlp,12,57,33,90,pythia-410m,very_high,draw_3
A13.5,attn,13,4,6,10,pythia-410m,very_high,draw_3
A13.14,attn,13,3,5,8,pythia-410m,very_high,draw_3
M13,mlp,13,77,34,111,pythia-410m,very_high,draw_3
A14.0,attn,14,14,12,26,pythia-410m,very_high,draw_3
A14.5,attn,14,9,6,15,pythia-410m,very_high,draw_3
M14,mlp,14,56,31,87,pythia-410m,very_high,draw_3
A15.4,attn,15,6,3,9,pythia-410m,very_high,draw_3
A15.5,attn,15,18,3,21,pythia-410m,very_high,draw_3
M15,mlp,15,78,17,95,pythia-410m,very_high,draw_3
A2.7,attn,2,0,3,3,pythia-410m,very_high,draw_3
A5.11,attn,5,2,7,9,pythia-410m,very_high,draw_3
A7.3,attn,7,2,3,5,pythia-410m,very_high,draw_3
A9.6,attn,9,6,13,19,pythia-410m,very_high,draw_3
A9.7,attn,9,0,3,3,pythia-410m,very_high,draw_3
A9.14,attn,9,1,6,7,pythia-410m,very_high,draw_3
A9.15,attn,9,0,4,4,pythia-410m,very_high,draw_3
A10.2,attn,10,0,4,4,pythia-410m,very_high,draw_3
A10.5,attn,10,5,10,15,pythia-410m,very_high,draw_3
A10.7,attn,10,2,9,11,pythia-410m,very_high,draw_3
A12.4,attn,12,1,7,8,pythia-410m,very_high,draw_3
A12.10,attn,12,5,2,7,pythia-410m,very_high,draw_3
A13.0,attn,13,26,27,53,pythia-410m,very_high,draw_3
A14.8,attn,14,17,7,24,pythia-410m,very_high,draw_3
A3.6,attn,3,1,1,2,pythia-410m,very_high,draw_3
A3.8,attn,3,2,3,5,pythia-410m,very_high,draw_3
A3.9,attn,3,1,4,5,pythia-410m,very_high,draw_3
A3.12,attn,3,1,2,3,pythia-410m,very_high,draw_3
A19.1,attn,19,1,1,2,pythia-410m,very_high,draw_3
A19.2,attn,19,19,2,21,pythia-410m,very_high,draw_3
A9.3,attn,9,8,12,20,pythia-410m,very_high,draw_3
A16.14,attn,16,36,8,44,pythia-410m,very_high,draw_3
A17.1,attn,17,17,4,21,pythia-410m,very_high,draw_3
M17,mlp,17,85,18,103,pythia-410m,very_high,draw_3
M18,mlp,18,81,11,92,pythia-410m,very_high,draw_3
A19.4,attn,19,1,1,2,pythia-410m,very_high,draw_3
A19.5,attn,19,1,3,4,pythia-410m,very_high,draw_3
A19.6,attn,19,2,3,5,pythia-410m,very_high,draw_3
A19.7,attn,19,19,4,23,pythia-410m,very_high,draw_3
A12.11,attn,12,16,16,32,pythia-410m,very_high,draw_3
A15.11,attn,15,6,13,19,pythia-410m,very_high,draw_3
A19.8,attn,19,1,1,2,pythia-410m,very_high,draw_3
A19.9,attn,19,7,4,11,pythia-410m,very_high,draw_3
A19.11,attn,19,4,2,6,pythia-410m,very_high,draw_3
A18.0,attn,18,5,2,7,pythia-410m,very_high,draw_3
A19.12,attn,19,12,3,15,pythia-410m,very_high,draw_3
A19.14,attn,19,1,2,3,pythia-410m,very_high,draw_3
A19.15,attn,19,26,3,29,pythia-410m,very_high,draw_3
A15.2,attn,15,7,3,10,pythia-410m,very_high,draw_3
A15.6,attn,15,23,8,31,pythia-410m,very_high,draw_3
A16.5,attn,16,19,8,27,pythia-410m,very_high,draw_3
A16.12,attn,16,19,7,26,pythia-410m,very_high,draw_3
A18.8,attn,18,19,7,26,pythia-410m,very_high,draw_3
A18.11,attn,18,10,6,16,pythia-410m,very_high,draw_3
A18.13,attn,18,26,4,30,pythia-410m,very_high,draw_3
A18.14,attn,18,3,2,5,pythia-410m,very_high,draw_3
M22,mlp,22,104,2,106,pythia-410m,very_high,draw_3
A13.12,attn,13,5,6,11,pythia-410m,very_high,draw_3
A14.2,attn,14,25,9,34,pythia-410m,very_high,draw_3
A16.1,attn,16,25,4,29,pythia-410m,very_high,draw_3
A16.3,attn,16,17,6,23,pythia-410m,very_high,draw_3
A16.4,attn,16,27,4,31,pythia-410m,very_high,draw_3
A16.7,attn,16,8,7,15,pythia-410m,very_high,draw_3
A16.15,attn,16,5,5,10,pythia-410m,very_high,draw_3
A17.2,attn,17,4,3,7,pythia-410m,very_high,draw_3
A17.4,attn,17,12,7,19,pythia-410m,very_high,draw_3
A17.9,attn,17,24,4,28,pythia-410m,very_high,draw_3
A17.15,attn,17,41,4,45,pythia-410m,very_high,draw_3
A18.7,attn,18,2,3,5,pythia-410m,very_high,draw_3
M19,mlp,19,75,9,84,pythia-410m,very_high,draw_3
A20.1,attn,20,3,2,5,pythia-410m,very_high,draw_3
A20.2,attn,20,16,3,19,pythia-410m,very_high,draw_3
A20.6,attn,20,3,2,5,pythia-410m,very_high,draw_3
A20.13,attn,20,8,2,10,pythia-410m,very_high,draw_3
M20,mlp,20,57,4,61,pythia-410m,very_high,draw_3
A21.1,attn,21,2,3,5,pythia-410m,very_high,draw_3
A21.2,attn,21,0,3,3,pythia-410m,very_high,draw_3
A21.12,attn,21,9,3,12,pythia-410m,very_high,draw_3
M21,mlp,21,74,6,80,pythia-410m,very_high,draw_3
A2.13,attn,2,2,3,5,pythia-410m,very_high,draw_3
A4.6,attn,4,2,7,9,pythia-410m,very_high,draw_3
A7.5,attn,7,0,2,2,pythia-410m,very_high,draw_3
A7.6,attn,7,5,7,12,pythia-410m,very_high,draw_3
A6.4,attn,6,1,2,3,pythia-410m,very_high,draw_3
A6.11,attn,6,1,2,3,pythia-410m,very_high,draw_3
A1.4,attn,1,1,4,5,pythia-410m,very_high,draw_3
embed,embed,-1,0,15,15,pythia-410m,very_high,draw_3
R23,resid,23,264,0,264,pythia-410m,very_high,draw_3
A0.3,attn,0,1,5,6,pythia-410m,very_high,draw_3
A0.7,attn,0,1,6,7,pythia-410m,very_high,draw_3
A0.9,attn,0,1,4,5,pythia-410m,very_high,draw_3
A0.15,attn,0,0,3,3,pythia-410m,very_high,draw_3
A1.8,attn,1,1,2,3,pythia-410m,very_high,draw_3
A1.9,attn,1,2,8,10,pythia-410m,very_high,draw_3
A1.12,attn,1,0,4,4,pythia-410m,very_high,draw_3
A1.13,attn,1,1,3,4,pythia-410m,very_high,draw_3
A1.14,attn,1,1,8,9,pythia-410m,very_high,draw_3
A3.3,attn,3,0,1,1,pythia-410m,very_high,draw_3
A3.10,attn,3,0,4,4,pythia-410m,very_high,draw_3
A4.4,attn,4,0,2,2,pythia-410m,very_high,draw_3
A4.5,attn,4,0,5,5,pythia-410m,very_high,draw_3
A4.11,attn,4,0,2,2,pythia-410m,very_high,draw_3
A4.15,attn,4,4,5,9,pythia-410m,very_high,draw_3
A5.0,attn,5,0,2,2,pythia-410m,very_high,draw_3
A5.13,attn,5,0,1,1,pythia-410m,very_high,draw_3
A5.14,attn,5,3,2,5,pythia-410m,very_high,draw_3
A5.15,attn,5,1,4,5,pythia-410m,very_high,draw_3
A6.1,attn,6,0,1,1,pythia-410m,very_high,draw_3
A6.10,attn,6,0,4,4,pythia-410m,very_high,draw_3
A7.11,attn,7,0,3,3,pythia-410m,very_high,draw_3
A7.12,attn,7,1,2,3,pythia-410m,very_high,draw_3
A7.13,attn,7,0,2,2,pythia-410m,very_high,draw_3
A7.14,attn,7,0,2,2,pythia-410m,very_high,draw_3
A9.2,attn,9,2,4,6,pythia-410m,very_high,draw_3
A9.10,attn,9,0,1,1,pythia-410m,very_high,draw_3
A9.12,attn,9,2,5,7,pythia-410m,very_high,draw_3
A10.6,attn,10,3,3,6,pythia-410m,very_high,draw_3
A10.8,attn,10,1,2,3,pythia-410m,very_high,draw_3
A10.15,attn,10,2,4,6,pythia-410m,very_high,draw_3
A12.1,attn,12,2,3,5,pythia-410m,very_high,draw_3
A12.2,attn,12,1,2,3,pythia-410m,very_high,draw_3
A12.7,attn,12,20,3,23,pythia-410m,very_high,draw_3
A12.9,attn,12,7,2,9,pythia-410m,very_high,draw_3
A12.14,attn,12,0,1,1,pythia-410m,very_high,draw_3
A13.9,attn,13,4,1,5,pythia-410m,very_high,draw_3
A14.3,attn,14,9,1,10,pythia-410m,very_high,draw_3
A14.7,attn,14,2,2,4,pythia-410m,very_high,draw_3
A14.15,attn,14,2,5,7,pythia-410m,very_high,draw_3
A15.0,attn,15,4,2,6,pythia-410m,very_high,draw_3
A15.1,attn,15,3,3,6,pythia-410m,very_high,draw_3
A15.8,attn,15,8,2,10,pythia-410m,very_high,draw_3
A15.10,attn,15,11,3,14,pythia-410m,very_high,draw_3
A15.13,attn,15,0,2,2,pythia-410m,very_high,draw_3
A16.2,attn,16,1,1,2,pythia-410m,very_high,draw_3
A16.6,attn,16,2,2,4,pythia-410m,very_high,draw_3
A16.10,attn,16,6,2,8,pythia-410m,very_high,draw_3
A16.11,attn,16,15,5,20,pythia-410m,very_high,draw_3
A16.13,attn,16,20,2,22,pythia-410m,very_high,draw_3
A17.0,attn,17,4,2,6,pythia-410m,very_high,draw_3
A17.5,attn,17,3,2,5,pythia-410m,very_high,draw_3
A17.7,attn,17,2,1,3,pythia-410m,very_high,draw_3
A17.10,attn,17,6,2,8,pythia-410m,very_high,draw_3
A17.11,attn,17,3,2,5,pythia-410m,very_high,draw_3
A17.14,attn,17,3,1,4,pythia-410m,very_high,draw_3
A18.1,attn,18,4,1,5,pythia-410m,very_high,draw_3
A18.3,attn,18,1,1,2,pythia-410m,very_high,draw_3
A18.9,attn,18,3,1,4,pythia-410m,very_high,draw_3
A18.12,attn,18,33,4,37,pythia-410m,very_high,draw_3
A18.15,attn,18,0,2,2,pythia-410m,very_high,draw_3
A19.3,attn,19,0,2,2,pythia-410m,very_high,draw_3
A20.7,attn,20,1,1,2,pythia-410m,very_high,draw_3
A20.14,attn,20,2,3,5,pythia-410m,very_high,draw_3
A21.0,attn,21,1,1,2,pythia-410m,very_high,draw_3
A21.6,attn,21,0,2,2,pythia-410m,very_high,draw_3
A21.7,attn,21,6,2,8,pythia-410m,very_high,draw_3
A21.14,attn,21,3,1,4,pythia-410m,very_high,draw_3
A22.2,attn,22,0,2,2,pythia-410m,very_high,draw_3
A22.3,attn,22,4,2,6,pythia-410m,very_high,draw_3
A22.6,attn,22,10,2,12,pythia-410m,very_high,draw_3
A22.7,attn,22,0,1,1,pythia-410m,very_high,draw_3
A22.10,attn,22,0,1,1,pythia-410m,very_high,draw_3
A22.11,attn,22,5,2,7,pythia-410m,very_high,draw_3
A22.13,attn,22,1,1,2,pythia-410m,very_high,draw_3
A23.1,attn,23,0,1,1,pythia-410m,very_high,draw_3
A23.12,attn,23,1,1,2,pythia-410m,very_high,draw_3
A23.13,attn,23,0,1,1,pythia-410m,very_high,draw_3
A23.14,attn,23,0,1,1,pythia-410m,very_high,draw_3
M23,mlp,23,168,1,169,pythia-410m,very_high,draw_3
A1.15,attn,1,1,3,4,pythia-410m,very_high,draw_3
A14.11,attn,14,3,7,10,pythia-410m,very_high,draw_3
A2.0,attn,2,1,1,2,pythia-410m,very_high,draw_3
A2.3,attn,2,1,1,2,pythia-410m,very_high,draw_3
A0.4,attn,0,0,2,2,pythia-410m,very_high,draw_3
A0.11,attn,0,0,1,1,pythia-410m,very_high,draw_3
A0.12,attn,0,1,2,3,pythia-410m,very_high,draw_3
A1.5,attn,1,1,3,4,pythia-410m,very_high,draw_3
A2.8,attn,2,0,2,2,pythia-410m,very_high,draw_3
A3.13,attn,3,0,1,1,pythia-410m,very_high,draw_3
A12.8,attn,12,2,3,5,pythia-410m,very_high,draw_3
A0.6,attn,0,1,2,3,pythia-410m,very_high,draw_3
A1.7,attn,1,0,1,1,pythia-410m,very_high,draw_3
A0.10,attn,0,1,1,2,pythia-410m,very_high,draw_3
A3.15,attn,3,0,1,1,pythia-410m,very_high,draw_3
A3.5,attn,3,0,1,1,pythia-410m,very_high,draw_3
A4.13,attn,4,0,1,1,pythia-410m,very_high,draw_3
A9.11,attn,9,0,1,1,pythia-410m,very_high,draw_3
A15.14,attn,15,7,1,8,pythia-410m,very_high,draw_3
A15.15,attn,15,1,2,3,pythia-410m,very_high,draw_3
A4.12,attn,4,0,1,1,pythia-410m,very_high,draw_3
A12.6,attn,12,0,1,1,pythia-410m,very_high,draw_3
A13.10,attn,13,0,1,1,pythia-410m,very_high,draw_3
M3,mlp,3,10,64,74,pythia-410m,control,draw_1
A15.0,attn,15,9,5,14,pythia-410m,control,draw_1
M7,mlp,7,18,63,81,pythia-410m,control,draw_1
A8.0,attn,8,6,46,52,pythia-410m,control,draw_1
A9.5,attn,9,21,50,71,pythia-410m,control,draw_1
M9,mlp,9,42,51,93,pythia-410m,control,draw_1
M10,mlp,10,46,39,85,pythia-410m,control,draw_1
M11,mlp,11,57,38,95,pythia-410m,control,draw_1
M12,mlp,12,48,35,83,pythia-410m,control,draw_1
A14.15,attn,14,12,7,19,pythia-410m,control,draw_1
M6,mlp,6,24,55,79,pythia-410m,control,draw_1
A15.1,attn,15,1,2,3,pythia-410m,control,draw_1
M8,mlp,8,33,82,115,pythia-410m,control,draw_1
A15.2,attn,15,2,3,5,pythia-410m,control,draw_1
A15.4,attn,15,11,5,16,pythia-410m,control,draw_1
M5,mlp,5,13,76,89,pythia-410m,control,draw_1
A10.3,attn,10,30,28,58,pythia-410m,control,draw_1
A10.9,attn,10,13,37,50,pythia-410m,control,draw_1
A11.1,attn,11,36,32,68,pythia-410m,control,draw_1
A11.2,attn,11,32,54,86,pythia-410m,control,draw_1
A11.14,attn,11,41,62,103,pythia-410m,control,draw_1
A12.13,attn,12,52,15,67,pythia-410m,control,draw_1
M14,mlp,14,58,32,90,pythia-410m,control,draw_1
M0,mlp,0,1,132,133,pythia-410m,control,draw_1
A15.5,attn,15,25,3,28,pythia-410m,control,draw_1
A5.2,attn,5,7,49,56,pythia-410m,control,draw_1
A6.0,attn,6,11,70,81,pythia-410m,control,draw_1
A7.1,attn,7,12,83,95,pythia-410m,control,draw_1
A7.8,attn,7,33,69,102,pythia-410m,control,draw_1
A8.6,attn,8,19,54,73,pythia-410m,control,draw_1
A8.7,attn,8,9,34,43,pythia-410m,control,draw_1
A9.4,attn,9,33,45,78,pythia-410m,control,draw_1
A9.9,attn,9,13,34,47,pythia-410m,control,draw_1
A10.0,attn,10,26,40,66,pythia-410m,control,draw_1
A10.12,attn,10,8,20,28,pythia-410m,control,draw_1
A11.6,attn,11,25,44,69,pythia-410m,control,draw_1
A12.0,attn,12,24,16,40,pythia-410m,control,draw_1
A12.12,attn,12,5,9,14,pythia-410m,control,draw_1
A14.11,attn,14,2,4,6,pythia-410m,control,draw_1
A15.6,attn,15,17,5,22,pythia-410m,control,draw_1
A6.3,attn,6,7,47,54,pythia-410m,control,draw_1
A7.2,attn,7,7,30,37,pythia-410m,control,draw_1
A8.9,attn,8,15,35,50,pythia-410m,control,draw_1
A13.0,attn,13,24,20,44,pythia-410m,control,draw_1
A8.13,attn,8,8,73,81,pythia-410m,control,draw_1
A15.8,attn,15,4,3,7,pythia-410m,control,draw_1
A15.10,attn,15,12,3,15,pythia-410m,control,draw_1
A15.11,attn,15,18,16,34,pythia-410m,control,draw_1
A8.14,attn,8,1,19,20,pythia-410m,control,draw_1
A9.1,attn,9,15,30,45,pythia-410m,control,draw_1
A9.6,attn,9,5,18,23,pythia-410m,control,draw_1
A12.5,attn,12,40,19,59,pythia-410m,control,draw_1
M13,mlp,13,80,33,113,pythia-410m,control,draw_1
A15.14,attn,15,5,1,6,pythia-410m,control,draw_1
A15.15,attn,15,3,1,4,pythia-410m,control,draw_1
embed,embed,-1,0,12,12,pythia-410m,control,draw_1
M18,mlp,18,90,16,106,pythia-410m,control,draw_1
A0.0,attn,0,1,14,15,pythia-410m,control,draw_1
A0.14,attn,0,1,22,23,pythia-410m,control,draw_1
A1.11,attn,1,1,8,9,pythia-410m,control,draw_1
A1.14,attn,1,1,5,6,pythia-410m,control,draw_1
M1,mlp,1,10,54,64,pythia-410m,control,draw_1
M2,mlp,2,17,62,79,pythia-410m,control,draw_1
A3.7,attn,3,2,12,14,pythia-410m,control,draw_1
A3.12,attn,3,2,8,10,pythia-410m,control,draw_1
M4,mlp,4,18,64,82,pythia-410m,control,draw_1
A5.3,attn,5,2,10,12,pythia-410m,control,draw_1
A5.5,attn,5,4,14,18,pythia-410m,control,draw_1
A5.9,attn,5,8,20,28,pythia-410m,control,draw_1
A7.3,attn,7,1,9,10,pythia-410m,control,draw_1
A7.9,attn,7,0,12,12,pythia-410m,control,draw_1
A8.1,attn,8,5,9,14,pythia-410m,control,draw_1
A8.3,attn,8,2,10,12,pythia-410m,control,draw_1
A8.10,attn,8,3,16,19,pythia-410m,control,draw_1
A8.12,attn,8,9,22,31,pythia-410m,control,draw_1
A8.15,attn,8,4,27,31,pythia-410m,control,draw_1
A9.0,attn,9,11,5,16,pythia-410m,control,draw_1
A9.8,attn,9,1,14,15,pythia-410m,control,draw_1
A9.13,attn,9,11,24,35,pythia-410m,control,draw_1
A10.1,attn,10,4,11,15,pythia-410m,control,draw_1
A10.4,attn,10,8,10,18,pythia-410m,control,draw_1
A10.7,attn,10,14,11,25,pythia-410m,control,draw_1
A10.10,attn,10,14,14,28,pythia-410m,control,draw_1
A10.13,attn,10,3,14,17,pythia-410m,control,draw_1
A11.15,attn,11,14,12,26,pythia-410m,control,draw_1
A12.9,attn,12,6,2,8,pythia-410m,control,draw_1
A12.11,attn,12,8,14,22,pythia-410m,control,draw_1
A13.12,attn,13,10,8,18,pythia-410m,control,draw_1
A14.0,attn,14,20,15,35,pythia-410m,control,draw_1
A14.2,attn,14,29,8,37,pythia-410m,control,draw_1
A14.8,attn,14,6,5,11,pythia-410m,control,draw_1
M15,mlp,15,61,20,81,pythia-410m,control,draw_1
A16.1,attn,16,25,6,31,pythia-410m,control,draw_1
A16.3,attn,16,32,3,35,pythia-410m,control,draw_1
A16.4,attn,16,33,6,39,pythia-410m,control,draw_1
A16.5,attn,16,28,8,36,pythia-410m,control,draw_1
A16.7,attn,16,7,5,12,pythia-410m,control,draw_1
A16.11,attn,16,11,6,17,pythia-410m,control,draw_1
A16.12,attn,16,23,5,28,pythia-410m,control,draw_1
A16.15,attn,16,10,8,18,pythia-410m,control,draw_1
M16,mlp,16,89,18,107,pythia-410m,control,draw_1
A17.1,attn,17,15,5,20,pythia-410m,control,draw_1
A17.4,attn,17,9,7,16,pythia-410m,control,draw_1
A17.9,attn,17,27,5,32,pythia-410m,control,draw_1
M17,mlp,17,68,23,91,pythia-410m,control,draw_1
A21.1,attn,21,4,3,7,pythia-410m,control,draw_1
M19,mlp,19,85,11,96,pythia-410m,control,draw_1
A21.2,attn,21,1,2,3,pythia-410m,control,draw_1
A21.4,attn,21,1,2,3,pythia-410m,control,draw_1
A21.7,attn,21,3,3,6,pythia-410m,control,draw_1
M20,mlp,20,68,7,75,pythia-410m,control,draw_1
A21.12,attn,21,7,3,10,pythia-410m,control,draw_1
A16.14,attn,16,42,8,50,pythia-410m,control,draw_1
A21.14,attn,21,11,1,12,pythia-410m,control,draw_1
A11.4,attn,11,12,9,21,pythia-410m,control,draw_1
A18.0,attn,18,11,5,16,pythia-410m,control,draw_1
A18.12,attn,18,29,8,37,pythia-410m,control,draw_1
A19.15,attn,19,41,3,44,pythia-410m,control,draw_1
A0.5,attn,0,1,14,15,pythia-410m,control,draw_1
A0.7,attn,0,1,4,5,pythia-410m,control,draw_1
A1.3,attn,1,1,10,11,pythia-410m,control,draw_1
A1.4,attn,1,1,8,9,pythia-410m,control,draw_1
A1.10,attn,1,1,7,8,pythia-410m,control,draw_1
A1.13,attn,1,1,6,7,pythia-410m,control,draw_1
A1.15,attn,1,1,2,3,pythia-410m,control,draw_1
A2.7,attn,2,0,2,2,pythia-410m,control,draw_1
A2.13,attn,2,0,1,1,pythia-410m,control,draw_1
A3.1,attn,3,3,20,23,pythia-410m,control,draw_1
A3.4,attn,3,0,3,3,pythia-410m,control,draw_1
A3.10,attn,3,3,10,13,pythia-410m,control,draw_1
A4.5,attn,4,0,6,6,pythia-410m,control,draw_1
A5.8,attn,5,3,10,13,pythia-410m,control,draw_1
A6.13,attn,6,3,20,23,pythia-410m,control,draw_1
A8.2,attn,8,4,22,26,pythia-410m,control,draw_1
A10.14,attn,10,2,6,8,pythia-410m,control,draw_1
A10.15,attn,10,4,6,10,pythia-410m,control,draw_1
A11.13,attn,11,25,14,39,pythia-410m,control,draw_1
A12.4,attn,12,3,8,11,pythia-410m,control,draw_1
A13.5,attn,13,5,9,14,pythia-410m,control,draw_1
A14.5,attn,14,7,5,12,pythia-410m,control,draw_1
A16.13,attn,16,25,3,28,pythia-410m,control,draw_1
A17.10,attn,17,11,4,15,pythia-410m,control,draw_1
A17.11,attn,17,1,2,3,pythia-410m,control,draw_1
A18.5,attn,18,1,2,3,pythia-410m,control,draw_1
A18.8,attn,18,16,8,24,pythia-410m,control,draw_1
A18.11,attn,18,16,6,22,pythia-410m,control,draw_1
A18.14,attn,18,15,2,17,pythia-410m,control,draw_1
A0.9,attn,0,0,2,2,pythia-410m,control,draw_1
A1.6,attn,1,1,5,6,pythia-410m,control,draw_1
A1.9,attn,1,1,4,5,pythia-410m,control,draw_1
A1.12,attn,1,1,3,4,pythia-410m,control,draw_1
A2.0,attn,2,0,1,1,pythia-410m,control,draw_1
A2.10,attn,2,4,19,23,pythia-410m,control,draw_1
A4.6,attn,4,3,6,9,pythia-410m,control,draw_1
A4.9,attn,4,0,14,14,pythia-410m,control,draw_1
A4.15,attn,4,1,2,3,pythia-410m,control,draw_1
A5.0,attn,5,1,3,4,pythia-410m,control,draw_1
A7.0,attn,7,9,20,29,pythia-410m,control,draw_1
A8.4,attn,8,4,9,13,pythia-410m,control,draw_1
A8.5,attn,8,2,12,14,pythia-410m,control,draw_1
A0.3,attn,0,0,10,10,pythia-410m,control,draw_1
A4.0,attn,4,1,5,6,pythia-410m,control,draw_1
A8.8,attn,8,2,3,5,pythia-410m,control,draw_1
A8.11,attn,8,4,18,22,pythia-410m,control,draw_1
A7.4,attn,7,1,4,5,pythia-410m,control,draw_1
A1.2,attn,1,1,2,3,pythia-410m,control,draw_1
A1.7,attn,1,1,1,2,pythia-410m,control,draw_1
A1.8,attn,1,0,3,3,pythia-410m,control,draw_1
A22.2,attn,22,2,2,4,pythia-410m,control,draw_1
A22.3,attn,22,1,2,3,pythia-410m,control,draw_1
A22.6,attn,22,10,2,12,pythia-410m,control,draw_1
M21,mlp,21,76,5,81,pythia-410m,control,draw_1
A22.11,attn,22,12,2,14,pythia-410m,control,draw_1
A4.12,attn,4,1,1,2,pythia-410m,control,draw_1
A7.6,attn,7,0,7,7,pythia-410m,control,draw_1
A7.10,attn,7,2,12,14,pythia-410m,control,draw_1
A9.14,attn,9,1,5,6,pythia-410m,control,draw_1
A16.10,attn,16,5,3,8,pythia-410m,control,draw_1
A18.13,attn,18,25,3,28,pythia-410m,control,draw_1
A19.7,attn,19,22,6,28,pythia-410m,control,draw_1
A19.12,attn,19,16,4,20,pythia-410m,control,draw_1
A20.1,attn,20,10,3,13,pythia-410m,control,draw_1
A20.6,attn,20,1,3,4,pythia-410m,control,draw_1
A20.15,attn,20,7,3,10,pythia-410m,control,draw_1
A5.4,attn,5,0,8,8,pythia-410m,control,draw_1
A5.12,attn,5,2,4,6,pythia-410m,control,draw_1
A5.15,attn,5,1,7,8,pythia-410m,control,draw_1
A7.12,attn,7,0,3,3,pythia-410m,control,draw_1
A9.12,attn,9,4,4,8,pythia-410m,control,draw_1
A9.15,attn,9,2,6,8,pythia-410m,control,draw_1
A12.10,attn,12,6,3,9,pythia-410m,control,draw_1
A4.14,attn,4,0,3,3,pythia-410m,control,draw_1
A9.3,attn,9,6,11,17,pythia-410m,control,draw_1
A10.11,attn,10,1,5,6,pythia-410m,control,draw_1
A13.9,attn,13,1,1,2,pythia-410m,control,draw_1
A13.14,attn,13,7,5,12,pythia-410m,control,draw_1
A12.1,attn,12,5,2,7,pythia-410m,control,draw_1
A12.2,attn,12,3,1,4,pythia-410m,control,draw_1
A10.5,attn,10,5,8,13,pythia-410m,control,draw_1
A11.9,attn,11,4,3,7,pythia-410m,control,draw_1
A12.6,attn,12,3,3,6,pythia-410m,control,draw_1
A12.7,attn,12,2,2,4,pythia-410m,control,draw_1
A12.8,attn,12,5,2,7,pythia-410m,control,draw_1
A11.8,attn,11,2,4,6,pythia-410m,control,draw_1
A12.14,attn,12,2,1,3,pythia-410m,control,draw_1
A6.4,attn,6,2,5,7,pythia-410m,control,draw_1
A6.5,attn,6,1,6,7,pythia-410m,control,draw_1
A6.6,attn,6,1,5,6,pythia-410m,control,draw_1
A6.9,attn,6,3,4,7,pythia-410m,control,draw_1
A6.11,attn,6,1,3,4,pythia-410m,control,draw_1
A6.15,attn,6,2,10,12,pythia-410m,control,draw_1
A5.1,attn,5,2,6,8,pythia-410m,control,draw_1
A5.14,attn,5,0,2,2,pythia-410m,control,draw_1
A6.1,attn,6,0,2,2,pythia-410m,control,draw_1
A6.10,attn,6,0,6,6,pythia-410m,control,draw_1
A9.2,attn,9,4,2,6,pythia-410m,control,draw_1
A9.7,attn,9,4,8,12,pythia-410m,control,draw_1
A19.2,attn,19,7,2,9,pythia-410m,control,draw_1
A19.3,attn,19,1,2,3,pythia-410m,control,draw_1
A19.4,attn,19,2,1,3,pythia-410m,control,draw_1
A19.5,attn,19,2,4,6,pythia-410m,control,draw_1
A19.6,attn,19,2,2,4,pythia-410m,control,draw_1
A19.8,attn,19,6,1,7,pythia-410m,control,draw_1
A19.9,attn,19,10,3,13,pythia-410m,control,draw_1
A19.11,attn,19,6,1,7,pythia-410m,control,draw_1
A19.14,attn,19,2,2,4,pythia-410m,control,draw_1
A0.4,attn,0,0,5,5,pythia-410m,control,draw_1
A0.6,attn,0,0,1,1,pythia-410m,control,draw_1
A0.10,attn,0,0,1,1,pythia-410m,control,draw_1
A0.11,attn,0,1,1,2,pythia-410m,control,draw_1
A0.12,attn,0,1,2,3,pythia-410m,control,draw_1
A0.15,attn,0,1,3,4,pythia-410m,control,draw_1
A5.11,attn,5,2,5,7,pythia-410m,control,draw_1
A7.7,attn,7,1,6,7,pythia-410m,control,draw_1
A3.3,attn,3,1,4,5,pythia-410m,control,draw_1
A7.14,attn,7,1,2,3,pythia-410m,control,draw_1
A10.2,attn,10,1,3,4,pythia-410m,control,draw_1
A10.6,attn,10,4,2,6,pythia-410m,control,draw_1
M23,mlp,23,165,1,166,pythia-410m,control,draw_1
A10.8,attn,10,1,3,4,pythia-410m,control,draw_1
A16.2,attn,16,1,1,2,pythia-410m,control,draw_1
A16.6,attn,16,2,2,4,pythia-410m,control,draw_1
A17.0,attn,17,4,3,7,pythia-410m,control,draw_1
A17.5,attn,17,8,2,10,pythia-410m,control,draw_1
A17.15,attn,17,32,3,35,pythia-410m,control,draw_1
A18.7,attn,18,3,2,5,pythia-410m,control,draw_1
A18.15,attn,18,1,2,3,pythia-410m,control,draw_1
A20.2,attn,20,12,2,14,pythia-410m,control,draw_1
A20.14,attn,20,1,3,4,pythia-410m,control,draw_1
M22,mlp,22,108,3,111,pythia-410m,control,draw_1
A17.2,attn,17,6,2,8,pythia-410m,control,draw_1
A17.7,attn,17,3,1,4,pythia-410m,control,draw_1
A17.14,attn,17,3,1,4,pythia-410m,control,draw_1
A14.3,attn,14,14,1,15,pythia-410m,control,draw_1
A14.6,attn,14,2,1,3,pythia-410m,control,draw_1
A14.7,attn,14,4,1,5,pythia-410m,control,draw_1
A11.0,attn,11,3,2,5,pythia-410m,control,draw_1
A20.7,attn,20,9,1,10,pythia-410m,control,draw_1
A20.13,attn,20,10,2,12,pythia-410m,control,draw_1
A4.2,attn,4,0,1,1,pythia-410m,control,draw_1
A3.6,attn,3,0,2,2,pythia-410m,control,draw_1
A7.13,attn,7,0,4,4,pythia-410m,control,draw_1
A3.9,attn,3,0,2,2,pythia-410m,control,draw_1
A18.1,attn,18,3,1,4,pythia-410m,control,draw_1
A18.2,attn,18,2,1,3,pythia-410m,control,draw_1
A18.3,attn,18,4,1,5,pythia-410m,control,draw_1
A18.10,attn,18,5,1,6,pythia-410m,control,draw_1
A4.4,attn,4,0,4,4,pythia-410m,control,draw_1
A16.0,attn,16,9,1,10,pythia-410m,control,draw_1
A23.12,attn,23,3,1,4,pythia-410m,control,draw_1
R23,resid,23,271,0,271,pythia-410m,control,draw_1
A3.15,attn,3,0,1,1,pythia-410m,control,draw_1
A5.13,attn,5,0,1,1,pythia-410m,control,draw_1
A6.12,attn,6,0,1,1,pythia-410m,control,draw_1
A7.11,attn,7,0,1,1,pythia-410m,control,draw_1
A13.8,attn,13,0,1,1,pythia-410m,control,draw_1
A14.13,attn,14,0,1,1,pythia-410m,control,draw_1
A20.3,attn,20,0,1,1,pythia-410m,control,draw_1
A21.0,attn,21,0,1,1,pythia-410m,control,draw_1
A21.6,attn,21,0,1,1,pythia-410m,control,draw_1
A21.9,attn,21,0,1,1,pythia-410m,control,draw_1
A22.5,attn,22,0,1,1,pythia-410m,control,draw_1
A22.10,attn,22,0,1,1,pythia-410m,control,draw_1
A22.13,attn,22,0,1,1,pythia-410m,control,draw_1
A23.11,attn,23,0,1,1,pythia-410m,control,draw_1
A23.13,attn,23,0,1,1,pythia-410m,control,draw_1
A23.14,attn,23,0,1,1,pythia-410m,control,draw_1
A23.15,attn,23,0,1,1,pythia-410m,control,draw_1
M0,mlp,0,1,125,126,pythia-410m,control,draw_2
M21,mlp,21,61,6,67,pythia-410m,control,draw_2
M1,mlp,1,12,51,63,pythia-410m,control,draw_2
M2,mlp,2,12,64,76,pythia-410m,control,draw_2
M3,mlp,3,12,67,79,pythia-410m,control,draw_2
M4,mlp,4,20,67,87,pythia-410m,control,draw_2
A5.2,attn,5,10,40,50,pythia-410m,control,draw_2
M5,mlp,5,16,60,76,pythia-410m,control,draw_2
A6.0,attn,6,10,67,77,pythia-410m,control,draw_2
A6.3,attn,6,9,52,61,pythia-410m,control,draw_2
M6,mlp,6,19,47,66,pythia-410m,control,draw_2
A7.1,attn,7,17,78,95,pythia-410m,control,draw_2
A7.8,attn,7,33,76,109,pythia-410m,control,draw_2
M7,mlp,7,30,59,89,pythia-410m,control,draw_2
A8.0,attn,8,5,32,37,pythia-410m,control,draw_2
A8.2,attn,8,13,25,38,pythia-410m,control,draw_2
A8.6,attn,8,15,42,57,pythia-410m,control,draw_2
A8.7,attn,8,14,32,46,pythia-410m,control,draw_2
A8.9,attn,8,12,48,60,pythia-410m,control,draw_2
A8.13,attn,8,7,52,59,pythia-410m,control,draw_2
A8.15,attn,8,9,31,40,pythia-410m,control,draw_2
A9.4,attn,9,27,41,68,pythia-410m,control,draw_2
A9.5,attn,9,18,39,57,pythia-410m,control,draw_2
A9.9,attn,9,12,25,37,pythia-410m,control,draw_2
M9,mlp,9,42,52,94,pythia-410m,control,draw_2
A10.0,attn,10,33,37,70,pythia-410m,control,draw_2
A10.3,attn,10,40,40,80,pythia-410m,control,draw_2
A10.5,attn,10,2,10,12,pythia-410m,control,draw_2
M10,mlp,10,52,37,89,pythia-410m,control,draw_2
A11.1,attn,11,41,28,69,pythia-410m,control,draw_2
A11.2,attn,11,22,31,53,pythia-410m,control,draw_2
A11.6,attn,11,37,39,76,pythia-410m,control,draw_2
A11.14,attn,11,53,58,111,pythia-410m,control,draw_2
A11.15,attn,11,8,19,27,pythia-410m,control,draw_2
M11,mlp,11,57,35,92,pythia-410m,control,draw_2
A12.5,attn,12,40,19,59,pythia-410m,control,draw_2
A12.11,attn,12,19,28,47,pythia-410m,control,draw_2
A12.13,attn,12,57,20,77,pythia-410m,control,draw_2
M12,mlp,12,60,44,104,pythia-410m,control,draw_2
A13.0,attn,13,32,25,57,pythia-410m,control,draw_2
M13,mlp,13,64,29,93,pythia-410m,control,draw_2
A14.2,attn,14,23,9,32,pythia-410m,control,draw_2
A14.5,attn,14,6,5,11,pythia-410m,control,draw_2
M14,mlp,14,50,36,86,pythia-410m,control,draw_2
A15.11,attn,15,15,13,28,pythia-410m,control,draw_2
M15,mlp,15,65,17,82,pythia-410m,control,draw_2
A16.1,attn,16,20,7,27,pythia-410m,control,draw_2
A16.3,attn,16,17,6,23,pythia-410m,control,draw_2
A16.10,attn,16,5,3,8,pythia-410m,control,draw_2
A16.11,attn,16,7,7,14,pythia-410m,control,draw_2
A16.15,attn,16,4,7,11,pythia-410m,control,draw_2
M16,mlp,16,90,17,107,pythia-410m,control,draw_2
A17.1,attn,17,10,5,15,pythia-410m,control,draw_2
A17.4,attn,17,19,7,26,pythia-410m,control,draw_2
M17,mlp,17,80,19,99,pythia-410m,control,draw_2
M18,mlp,18,94,15,109,pythia-410m,control,draw_2
A19.7,attn,19,17,6,23,pythia-410m,control,draw_2
A19.9,attn,19,13,4,17,pythia-410m,control,draw_2
A19.12,attn,19,13,4,17,pythia-410m,control,draw_2
M19,mlp,19,88,10,98,pythia-410m,control,draw_2
A20.6,attn,20,4,3,7,pythia-410m,control,draw_2
M20,mlp,20,61,4,65,pythia-410m,control,draw_2
A0.4,attn,0,0,5,5,pythia-410m,control,draw_2
A0.6,attn,0,1,4,5,pythia-410m,control,draw_2
A0.15,attn,0,1,7,8,pythia-410m,control,draw_2
A1.3,attn,1,0,9,9,pythia-410m,control,draw_2
A1.5,attn,1,0,2,2,pythia-410m,control,draw_2
A1.6,attn,1,1,12,13,pythia-410m,control,draw_2
A1.8,attn,1,1,3,4,pythia-410m,control,draw_2
A1.10,attn,1,1,9,10,pythia-410m,control,draw_2
A1.11,attn,1,1,11,12,pythia-410m,control,draw_2
A0.0,attn,0,1,13,14,pythia-410m,control,draw_2
A0.9,attn,0,0,3,3,pythia-410m,control,draw_2
A2.10,attn,2,5,13,18,pythia-410m,control,draw_2
A3.3,attn,3,1,4,5,pythia-410m,control,draw_2
A3.4,attn,3,0,1,1,pythia-410m,control,draw_2
A3.10,attn,3,0,5,5,pythia-410m,control,draw_2
A3.12,attn,3,1,5,6,pythia-410m,control,draw_2
A4.14,attn,4,1,9,10,pythia-410m,control,draw_2
A4.15,attn,4,2,5,7,pythia-410m,control,draw_2
A5.0,attn,5,1,4,5,pythia-410m,control,draw_2
A5.1,attn,5,1,7,8,pythia-410m,control,draw_2
A5.4,attn,5,4,13,17,pythia-410m,control,draw_2
A5.5,attn,5,3,23,26,pythia-410m,control,draw_2
A5.8,attn,5,3,10,13,pythia-410m,control,draw_2
A5.9,attn,5,9,26,35,pythia-410m,control,draw_2
A5.11,attn,5,2,8,10,pythia-410m,control,draw_2
A5.12,attn,5,2,8,10,pythia-410m,control,draw_2
A6.13,attn,6,12,24,36,pythia-410m,control,draw_2
embed,embed,-1,0,13,13,pythia-410m,control,draw_2
A0.5,attn,0,0,11,11,pythia-410m,control,draw_2
A0.14,attn,0,1,18,19,pythia-410m,control,draw_2
A1.4,attn,1,1,5,6,pythia-410m,control,draw_2
A1.9,attn,1,1,5,6,pythia-410m,control,draw_2
A2.14,attn,2,0,1,1,pythia-410m,control,draw_2
A3.1,attn,3,5,28,33,pythia-410m,control,draw_2
A3.7,attn,3,1,8,9,pythia-410m,control,draw_2
A3.8,attn,3,0,1,1,pythia-410m,control,draw_2
A1.14,attn,1,0,4,4,pythia-410m,control,draw_2
A3.9,attn,3,0,3,3,pythia-410m,control,draw_2
A4.6,attn,4,3,6,9,pythia-410m,control,draw_2
A4.8,attn,4,0,1,1,pythia-410m,control,draw_2
A6.4,attn,6,1,4,5,pythia-410m,control,draw_2
A6.10,attn,6,1,6,7,pythia-410m,control,draw_2
A7.0,attn,7,14,30,44,pythia-410m,control,draw_2
A7.4,attn,7,2,6,8,pythia-410m,control,draw_2
A7.14,attn,7,2,5,7,pythia-410m,control,draw_2
A8.1,attn,8,1,8,9,pythia-410m,control,draw_2
A8.3,attn,8,1,10,11,pythia-410m,control,draw_2
A8.4,attn,8,3,10,13,pythia-410m,control,draw_2
A8.5,attn,8,2,11,13,pythia-410m,control,draw_2
A8.11,attn,8,5,14,19,pythia-410m,control,draw_2
A8.12,attn,8,9,28,37,pythia-410m,control,draw_2
A8.14,attn,8,3,13,16,pythia-410m,control,draw_2
M8,mlp,8,40,45,85,pythia-410m,control,draw_2
A7.3,attn,7,4,7,11,pythia-410m,control,draw_2
A7.9,attn,7,3,17,20,pythia-410m,control,draw_2
A7.10,attn,7,1,8,9,pythia-410m,control,draw_2
A9.1,attn,9,21,30,51,pythia-410m,control,draw_2
A9.6,attn,9,3,17,20,pythia-410m,control,draw_2
A9.8,attn,9,4,26,30,pythia-410m,control,draw_2
A9.15,attn,9,1,7,8,pythia-410m,control,draw_2
A10.6,attn,10,3,3,6,pythia-410m,control,draw_2
A10.9,attn,10,11,43,54,pythia-410m,control,draw_2
A10.12,attn,10,4,16,20,pythia-410m,control,draw_2
A1.7,attn,1,1,2,3,pythia-410m,control,draw_2
A1.13,attn,1,1,2,3,pythia-410m,control,draw_2
A1.15,attn,1,1,1,2,pythia-410m,control,draw_2
A4.9,attn,4,1,15,16,pythia-410m,control,draw_2
A6.11,attn,6,0,3,3,pythia-410m,control,draw_2
A7.2,attn,7,7,26,33,pythia-410m,control,draw_2
A9.0,attn,9,11,8,19,pythia-410m,control,draw_2
A9.13,attn,9,17,34,51,pythia-410m,control,draw_2
A9.14,attn,9,2,8,10,pythia-410m,control,draw_2
A10.1,attn,10,1,11,12,pythia-410m,control,draw_2
A10.4,attn,10,5,8,13,pythia-410m,control,draw_2
A10.7,attn,10,6,12,18,pythia-410m,control,draw_2
A10.8,attn,10,2,4,6,pythia-410m,control,draw_2
A10.13,attn,10,11,15,26,pythia-410m,control,draw_2
A12.4,attn,12,6,7,13,pythia-410m,control,draw_2
A13.5,attn,13,3,4,7,pythia-410m,control,draw_2
A14.0,attn,14,10,10,20,pythia-410m,control,draw_2
A15.4,attn,15,7,7,14,pythia-410m,control,draw_2
A15.6,attn,15,23,4,27,pythia-410m,control,draw_2
A15.15,attn,15,1,2,3,pythia-410m,control,draw_2
A16.4,attn,16,32,4,36,pythia-410m,control,draw_2
A16.6,attn,16,3,4,7,pythia-410m,control,draw_2
A16.14,attn,16,41,10,51,pythia-410m,control,draw_2
A6.6,attn,6,0,4,4,pythia-410m,control,draw_2
A10.14,attn,10,2,3,5,pythia-410m,control,draw_2
A14.8,attn,14,9,6,15,pythia-410m,control,draw_2
A16.5,attn,16,22,7,29,pythia-410m,control,draw_2
A16.7,attn,16,5,8,13,pythia-410m,control,draw_2
A16.12,attn,16,22,5,27,pythia-410m,control,draw_2
A16.13,attn,16,14,3,17,pythia-410m,control,draw_2
A17.5,attn,17,8,3,11,pythia-410m,control,draw_2
A17.9,attn,17,29,5,34,pythia-410m,control,draw_2
A18.8,attn,18,25,7,32,pythia-410m,control,draw_2
A18.12,attn,18,38,5,43,pythia-410m,control,draw_2
A0.2,attn,0,1,1,2,pythia-410m,control,draw_2
A0.3,attn,0,1,8,9,pythia-410m,control,draw_2
A0.11,attn,0,1,2,3,pythia-410m,control,draw_2
A0.12,attn,0,1,1,2,pythia-410m,control,draw_2
A8.10,attn,8,2,9,11,pythia-410m,control,draw_2
A7.7,attn,7,3,7,10,pythia-410m,control,draw_2
A6.2,attn,6,0,2,2,pythia-410m,control,draw_2
A4.0,attn,4,2,4,6,pythia-410m,control,draw_2
A5.3,attn,5,0,7,7,pythia-410m,control,draw_2
A4.5,attn,4,0,6,6,pythia-410m,control,draw_2
A6.9,attn,6,1,7,8,pythia-410m,control,draw_2
A6.12,attn,6,2,4,6,pythia-410m,control,draw_2
A7.12,attn,7,2,5,7,pythia-410m,control,draw_2
A9.2,attn,9,3,3,6,pythia-410m,control,draw_2
A9.3,attn,9,14,15,29,pythia-410m,control,draw_2
A10.10,attn,10,12,14,26,pythia-410m,control,draw_2
A10.11,attn,10,2,5,7,pythia-410m,control,draw_2
A10.15,attn,10,1,6,7,pythia-410m,control,draw_2
A13.8,attn,13,4,1,5,pythia-410m,control,draw_2
A13.9,attn,13,3,1,4,pythia-410m,control,draw_2
A13.12,attn,13,5,9,14,pythia-410m,control,draw_2
A13.14,attn,13,1,5,6,pythia-410m,control,draw_2
A0.7,attn,0,0,4,4,pythia-410m,control,draw_2
A5.15,attn,5,0,3,3,pythia-410m,control,draw_2
A6.15,attn,6,1,5,6,pythia-410m,control,draw_2
A9.7,attn,9,3,7,10,pythia-410m,control,draw_2
A22.2,attn,22,5,2,7,pythia-410m,control,draw_2
A17.10,attn,17,10,6,16,pythia-410m,control,draw_2
A22.3,attn,22,1,2,3,pythia-410m,control,draw_2
A22.6,attn,22,11,2,13,pythia-410m,control,draw_2
A22.11,attn,22,8,2,10,pythia-410m,control,draw_2
A22.13,attn,22,2,1,3,pythia-410m,control,draw_2
A1.12,attn,1,0,4,4,pythia-410m,control,draw_2
A7.6,attn,7,2,8,10,pythia-410m,control,draw_2
A12.10,attn,12,5,3,8,pythia-410m,control,draw_2
A14.15,attn,14,4,7,11,pythia-410m,control,draw_2
A18.0,attn,18,6,2,8,pythia-410m,control,draw_2
A18.2,attn,18,1,2,3,pythia-410m,control,draw_2
A18.3,attn,18,5,2,7,pythia-410m,control,draw_2
A18.7,attn,18,2,3,5,pythia-410m,control,draw_2
A11.4,attn,11,4,3,7,pythia-410m,control,draw_2
A12.12,attn,12,1,5,6,pythia-410m,control,draw_2
A18.9,attn,18,3,1,4,pythia-410m,control,draw_2
A18.10,attn,18,2,1,3,pythia-410m,control,draw_2
A18.11,attn,18,4,3,7,pythia-410m,control,draw_2
A11.7,attn,11,7,2,9,pythia-410m,control,draw_2
A14.11,attn,14,5,8,13,pythia-410m,control,draw_2
A18.13,attn,18,27,4,31,pythia-410m,control,draw_2
A18.14,attn,18,25,2,27,pythia-410m,control,draw_2
A18.15,attn,18,2,2,4,pythia-410m,control,draw_2
A7.15,attn,7,0,1,1,pythia-410m,control,draw_2
A2.0,attn,2,1,1,2,pythia-410m,control,draw_2
A2.3,attn,2,1,2,3,pythia-410m,control,draw_2
A2.13,attn,2,0,1,1,pythia-410m,control,draw_2
A4.2,attn,4,0,1,1,pythia-410m,control,draw_2
A4.3,attn,4,0,1,1,pythia-410m,control,draw_2
A5.6,attn,5,0,1,1,pythia-410m,control,draw_2
A6.14,attn,6,0,1,1,pythia-410m,control,draw_2
A7.11,attn,7,0,1,1,pythia-410m,control,draw_2
M22,mlp,22,94,2,96,pythia-410m,control,draw_2
A10.2,attn,10,0,2,2,pythia-410m,control,draw_2
A12.9,attn,12,4,3,7,pythia-410m,control,draw_2
A17.15,attn,17,19,3,22,pythia-410m,control,draw_2
A19.5,attn,19,2,3,5,pythia-410m,control,draw_2
A20.1,attn,20,5,3,8,pythia-410m,control,draw_2
A20.2,attn,20,20,3,23,pythia-410m,control,draw_2
A21.12,attn,21,5,3,8,pythia-410m,control,draw_2
A2.7,attn,2,1,1,2,pythia-410m,control,draw_2
A19.2,attn,19,10,2,12,pythia-410m,control,draw_2
A19.4,attn,19,8,1,9,pythia-410m,control,draw_2
A19.6,attn,19,2,2,4,pythia-410m,control,draw_2
A19.11,attn,19,4,1,5,pythia-410m,control,draw_2
A19.14,attn,19,2,2,4,pythia-410m,control,draw_2
A19.15,attn,19,38,2,40,pythia-410m,control,draw_2
A12.0,attn,12,8,6,14,pythia-410m,control,draw_2
A15.2,attn,15,5,4,9,pythia-410m,control,draw_2
A15.5,attn,15,18,3,21,pythia-410m,control,draw_2
A15.8,attn,15,7,3,10,pythia-410m,control,draw_2
A12.1,attn,12,4,2,6,pythia-410m,control,draw_2
A12.2,attn,12,2,1,3,pythia-410m,control,draw_2
A11.13,attn,11,14,8,22,pythia-410m,control,draw_2
A12.7,attn,12,16,3,19,pythia-410m,control,draw_2
A12.15,attn,12,1,2,3,pythia-410m,control,draw_2
A6.5,attn,6,0,4,4,pythia-410m,control,draw_2
A14.7,attn,14,3,2,5,pythia-410m,control,draw_2
A14.13,attn,14,3,1,4,pythia-410m,control,draw_2
A17.0,attn,17,2,1,3,pythia-410m,control,draw_2
A17.2,attn,17,4,2,6,pythia-410m,control,draw_2
A17.11,attn,17,6,1,7,pythia-410m,control,draw_2
A17.14,attn,17,1,1,2,pythia-410m,control,draw_2
A11.3,attn,11,0,1,1,pythia-410m,control,draw_2
M23,mlp,23,161,1,162,pythia-410m,control,draw_2
A11.8,attn,11,3,4,7,pythia-410m,control,draw_2
A15.0,attn,15,5,2,7,pythia-410m,control,draw_2
A15.1,attn,15,2,2,4,pythia-410m,control,draw_2
A15.14,attn,15,7,1,8,pythia-410m,control,draw_2
A19.3,attn,19,0,2,2,pythia-410m,control,draw_2
A19.8,attn,19,0,2,2,pythia-410m,control,draw_2
A20.14,attn,20,2,2,4,pythia-410m,control,draw_2
A21.1,attn,21,6,2,8,pythia-410m,control,draw_2
A21.2,attn,21,3,2,5,pythia-410m,control,draw_2
A21.6,attn,21,1,2,3,pythia-410m,control,draw_2
A21.7,attn,21,1,2,3,pythia-410m,control,draw_2
A22.12,attn,22,0,1,1,pythia-410m,control,draw_2
A23.12,attn,23,2,1,3,pythia-410m,control,draw_2
R23,resid,23,258,0,258,pythia-410m,control,draw_2
A3.6,attn,3,0,1,1,pythia-410m,control,draw_2
A4.4,attn,4,0,2,2,pythia-410m,control,draw_2
A4.11,attn,4,0,2,2,pythia-410m,control,draw_2
A4.12,attn,4,0,1,1,pythia-410m,control,draw_2
A5.14,attn,5,1,2,3,pythia-410m,control,draw_2
A6.1,attn,6,0,1,1,pythia-410m,control,draw_2
A8.8,attn,8,0,2,2,pythia-410m,control,draw_2
A9.12,attn,9,1,2,3,pythia-410m,control,draw_2
A11.0,attn,11,2,1,3,pythia-410m,control,draw_2
A12.8,attn,12,0,1,1,pythia-410m,control,draw_2
A15.10,attn,15,9,2,11,pythia-410m,control,draw_2
A16.0,attn,16,5,1,6,pythia-410m,control,draw_2
A16.2,attn,16,2,2,4,pythia-410m,control,draw_2
A18.1,attn,18,0,1,1,pythia-410m,control,draw_2
A20.3,attn,20,0,1,1,pythia-410m,control,draw_2
A20.7,attn,20,1,1,2,pythia-410m,control,draw_2
A20.13,attn,20,1,1,2,pythia-410m,control,draw_2
A20.15,attn,20,0,1,1,pythia-410m,control,draw_2
A21.0,attn,21,1,1,2,pythia-410m,control,draw_2
A21.4,attn,21,1,1,2,pythia-410m,control,draw_2
A21.14,attn,21,0,1,1,pythia-410m,control,draw_2
A23.1,attn,23,0,1,1,pythia-410m,control,draw_2
A23.13,attn,23,0,1,1,pythia-410m,control,draw_2
A23.14,attn,23,0,1,1,pythia-410m,control,draw_2
A14.6,attn,14,0,1,1,pythia-410m,control,draw_2
A2.8,attn,2,0,1,1,pythia-410m,control,draw_2
A0.10,attn,0,0,1,1,pythia-410m,control,draw_2
A2.15,attn,2,0,1,1,pythia-410m,control,draw_2
A3.0,attn,3,0,1,1,pythia-410m,control,draw_2
M3,mlp,3,13,60,73,pythia-410m,control,draw_3
A22.2,attn,22,9,2,11,pythia-410m,control,draw_3
M5,mlp,5,19,75,94,pythia-410m,control,draw_3
A7.8,attn,7,40,82,122,pythia-410m,control,draw_3
M8,mlp,8,37,64,101,pythia-410m,control,draw_3
M13,mlp,13,83,44,127,pythia-410m,control,draw_3
M17,mlp,17,79,18,97,pythia-410m,control,draw_3
M18,mlp,18,93,21,114,pythia-410m,control,draw_3
M20,mlp,20,69,9,78,pythia-410m,control,draw_3
M21,mlp,21,69,6,75,pythia-410m,control,draw_3
A11.2,attn,11,25,40,65,pythia-410m,control,draw_3
A22.6,attn,22,8,2,10,pythia-410m,control,draw_3
A11.14,attn,11,43,54,97,pythia-410m,control,draw_3
A12.5,attn,12,38,25,63,pythia-410m,control,draw_3
M14,mlp,14,51,33,84,pythia-410m,control,draw_3
A18.8,attn,18,23,7,30,pythia-410m,control,draw_3
A21.12,attn,21,12,4,16,pythia-410m,control,draw_3
M10,mlp,10,64,56,120,pythia-410m,control,draw_3
A22.11,attn,22,6,2,8,pythia-410m,control,draw_3
M12,mlp,12,43,36,79,pythia-410m,control,draw_3
A0.0,attn,0,1,13,14,pythia-410m,control,draw_3
M1,mlp,1,4,48,52,pythia-410m,control,draw_3
A0.14,attn,0,1,21,22,pythia-410m,control,draw_3
A0.15,attn,0,1,5,6,pythia-410m,control,draw_3
M0,mlp,0,1,132,133,pythia-410m,control,draw_3
A8.9,attn,8,10,57,67,pythia-410m,control,draw_3
A18.0,attn,18,10,2,12,pythia-410m,control,draw_3
A8.13,attn,8,6,39,45,pythia-410m,control,draw_3
A10.3,attn,10,38,50,88,pythia-410m,control,draw_3
A11.6,attn,11,34,39,73,pythia-410m,control,draw_3
A12.11,attn,12,17,30,47,pythia-410m,control,draw_3
A13.0,attn,13,39,33,72,pythia-410m,control,draw_3
M2,mlp,2,19,63,82,pythia-410m,control,draw_3
A18.2,attn,18,4,2,6,pythia-410m,control,draw_3
A12.0,attn,12,23,17,40,pythia-410m,control,draw_3
M4,mlp,4,15,88,103,pythia-410m,control,draw_3
A18.7,attn,18,6,2,8,pythia-410m,control,draw_3
A16.11,attn,16,5,8,13,pythia-410m,control,draw_3
A6.0,attn,6,13,69,82,pythia-410m,control,draw_3
A7.1,attn,7,14,68,82,pythia-410m,control,draw_3
M7,mlp,7,23,50,73,pythia-410m,control,draw_3
A8.7,attn,8,13,40,53,pythia-410m,control,draw_3
A9.1,attn,9,19,38,57,pythia-410m,control,draw_3
A9.3,attn,9,12,16,28,pythia-410m,control,draw_3
A9.5,attn,9,19,39,58,pythia-410m,control,draw_3
A9.13,attn,9,10,24,34,pythia-410m,control,draw_3
M9,mlp,9,45,58,103,pythia-410m,control,draw_3
A10.0,attn,10,27,37,64,pythia-410m,control,draw_3
A11.1,attn,11,40,30,70,pythia-410m,control,draw_3
A12.12,attn,12,9,19,28,pythia-410m,control,draw_3
M15,mlp,15,64,23,87,pythia-410m,control,draw_3
M16,mlp,16,83,18,101,pythia-410m,control,draw_3
A9.0,attn,9,12,11,23,pythia-410m,control,draw_3
A18.10,attn,18,1,1,2,pythia-410m,control,draw_3
A18.11,attn,18,22,5,27,pythia-410m,control,draw_3
A8.6,attn,8,19,45,64,pythia-410m,control,draw_3
A10.9,attn,10,8,35,43,pythia-410m,control,draw_3
M11,mlp,11,47,31,78,pythia-410m,control,draw_3
A15.11,attn,15,12,9,21,pythia-410m,control,draw_3
A18.12,attn,18,31,5,36,pythia-410m,control,draw_3
A8.2,attn,8,6,21,27,pythia-410m,control,draw_3
A9.4,attn,9,13,40,53,pythia-410m,control,draw_3
A13.5,attn,13,8,9,17,pythia-410m,control,draw_3
A17.4,attn,17,22,7,29,pythia-410m,control,draw_3
A17.10,attn,17,22,8,30,pythia-410m,control,draw_3
A18.13,attn,18,28,4,32,pythia-410m,control,draw_3
A9.2,attn,9,3,5,8,pythia-410m,control,draw_3
A9.9,attn,9,13,20,33,pythia-410m,control,draw_3
A11.4,attn,11,7,7,14,pythia-410m,control,draw_3
A12.1,attn,12,3,4,7,pythia-410m,control,draw_3
A18.14,attn,18,18,2,20,pythia-410m,control,draw_3
A18.15,attn,18,3,2,5,pythia-410m,control,draw_3
embed,embed,-1,0,13,13,pythia-410m,control,draw_3
A0.3,attn,0,1,9,10,pythia-410m,control,draw_3
A0.6,attn,0,1,1,2,pythia-410m,control,draw_3
A0.7,attn,0,1,7,8,pythia-410m,control,draw_3
A1.6,attn,1,3,12,15,pythia-410m,control,draw_3
A1.11,attn,1,1,10,11,pythia-410m,control,draw_3
A2.10,attn,2,4,20,24,pythia-410m,control,draw_3
A3.1,attn,3,3,20,23,pythia-410m,control,draw_3
A3.4,attn,3,0,3,3,pythia-410m,control,draw_3
A3.10,attn,3,3,7,10,pythia-410m,control,draw_3
A3.15,attn,3,0,2,2,pythia-410m,control,draw_3
A0.5,attn,0,0,13,13,pythia-410m,control,draw_3
A1.3,attn,1,1,9,10,pythia-410m,control,draw_3
A1.4,attn,1,1,6,7,pythia-410m,control,draw_3
A1.13,attn,1,2,4,6,pythia-410m,control,draw_3
A1.14,attn,1,1,11,12,pythia-410m,control,draw_3
A3.12,attn,3,1,5,6,pythia-410m,control,draw_3
A4.5,attn,4,1,13,14,pythia-410m,control,draw_3
A4.6,attn,4,2,9,11,pythia-410m,control,draw_3
A4.14,attn,4,0,7,7,pythia-410m,control,draw_3
A5.2,attn,5,8,43,51,pythia-410m,control,draw_3
A5.5,attn,5,2,11,13,pythia-410m,control,draw_3
A5.14,attn,5,0,2,2,pythia-410m,control,draw_3
A5.15,attn,5,0,3,3,pythia-410m,control,draw_3
A6.13,attn,6,5,26,31,pythia-410m,control,draw_3
A6.15,attn,6,1,7,8,pythia-410m,control,draw_3
M6,mlp,6,19,49,68,pythia-410m,control,draw_3
A7.0,attn,7,5,20,25,pythia-410m,control,draw_3
A7.2,attn,7,7,22,29,pythia-410m,control,draw_3
A7.3,attn,7,0,7,7,pythia-410m,control,draw_3
A7.4,attn,7,3,7,10,pythia-410m,control,draw_3
A7.6,attn,7,1,8,9,pythia-410m,control,draw_3
A7.9,attn,7,1,16,17,pythia-410m,control,draw_3
A7.10,attn,7,8,9,17,pythia-410m,control,draw_3
A1.12,attn,1,1,6,7,pythia-410m,control,draw_3
A2.7,attn,2,0,4,4,pythia-410m,control,draw_3
A3.6,attn,3,0,2,2,pythia-410m,control,draw_3
A5.4,attn,5,1,12,13,pythia-410m,control,draw_3
A7.7,attn,7,2,7,9,pythia-410m,control,draw_3
A7.14,attn,7,2,8,10,pythia-410m,control,draw_3
A8.0,attn,8,4,36,40,pythia-410m,control,draw_3
A8.1,attn,8,4,11,15,pythia-410m,control,draw_3
A8.4,attn,8,0,6,6,pythia-410m,control,draw_3
A8.5,attn,8,1,3,4,pythia-410m,control,draw_3
A8.10,attn,8,4,8,12,pythia-410m,control,draw_3
A8.11,attn,8,6,17,23,pythia-410m,control,draw_3
A8.12,attn,8,7,23,30,pythia-410m,control,draw_3
A8.14,attn,8,7,12,19,pythia-410m,control,draw_3
A8.15,attn,8,4,34,38,pythia-410m,control,draw_3
A4.9,attn,4,2,16,18,pythia-410m,control,draw_3
A5.9,attn,5,6,18,24,pythia-410m,control,draw_3
A6.3,attn,6,6,36,42,pythia-410m,control,draw_3
A6.9,attn,6,2,10,12,pythia-410m,control,draw_3
A6.10,attn,6,1,2,3,pythia-410m,control,draw_3
A6.11,attn,6,2,7,9,pythia-410m,control,draw_3
A6.12,attn,6,2,5,7,pythia-410m,control,draw_3
A5.1,attn,5,2,10,12,pythia-410m,control,draw_3
A5.3,attn,5,2,8,10,pythia-410m,control,draw_3
A6.14,attn,6,1,1,2,pythia-410m,control,draw_3
A5.8,attn,5,0,9,9,pythia-410m,control,draw_3
A9.12,attn,9,4,3,7,pythia-410m,control,draw_3
A9.15,attn,9,1,8,9,pythia-410m,control,draw_3
A10.1,attn,10,2,15,17,pythia-410m,control,draw_3
A10.12,attn,10,5,15,20,pythia-410m,control,draw_3
A10.13,attn,10,2,13,15,pythia-410m,control,draw_3
A10.15,attn,10,1,7,8,pythia-410m,control,draw_3
A12.13,attn,12,42,16,58,pythia-410m,control,draw_3
A8.3,attn,8,1,5,6,pythia-410m,control,draw_3
A11.13,attn,11,14,16,30,pythia-410m,control,draw_3
A11.15,attn,11,5,15,20,pythia-410m,control,draw_3
A12.4,attn,12,4,6,10,pythia-410m,control,draw_3
A14.0,attn,14,22,12,34,pythia-410m,control,draw_3
A14.2,attn,14,21,14,35,pythia-410m,control,draw_3
A14.5,attn,14,3,6,9,pythia-410m,control,draw_3
A14.8,attn,14,6,3,9,pythia-410m,control,draw_3
A15.4,attn,15,10,6,16,pythia-410m,control,draw_3
A16.4,attn,16,45,5,50,pythia-410m,control,draw_3
A16.5,attn,16,42,7,49,pythia-410m,control,draw_3
A16.14,attn,16,35,6,41,pythia-410m,control,draw_3
A17.2,attn,17,1,3,4,pythia-410m,control,draw_3
A19.5,attn,19,4,4,8,pythia-410m,control,draw_3
A19.7,attn,19,21,5,26,pythia-410m,control,draw_3
A19.15,attn,19,49,3,52,pythia-410m,control,draw_3
M19,mlp,19,80,8,88,pythia-410m,control,draw_3
A9.6,attn,9,5,15,20,pythia-410m,control,draw_3
A10.5,attn,10,5,6,11,pythia-410m,control,draw_3
A10.6,attn,10,1,2,3,pythia-410m,control,draw_3
A13.12,attn,13,8,8,16,pythia-410m,control,draw_3
A15.0,attn,15,11,3,14,pythia-410m,control,draw_3
A15.5,attn,15,18,4,22,pythia-410m,control,draw_3
A15.6,attn,15,21,7,28,pythia-410m,control,draw_3
A16.1,attn,16,16,6,22,pythia-410m,control,draw_3
A16.3,attn,16,23,5,28,pythia-410m,control,draw_3
A16.7,attn,16,15,6,21,pythia-410m,control,draw_3
A16.10,attn,16,4,3,7,pythia-410m,control,draw_3
A17.5,attn,17,5,3,8,pythia-410m,control,draw_3
A18.3,attn,18,0,3,3,pythia-410m,control,draw_3
A16.0,attn,16,4,2,6,pythia-410m,control,draw_3
A16.2,attn,16,2,1,3,pythia-410m,control,draw_3
A9.7,attn,9,1,7,8,pythia-410m,control,draw_3
A10.4,attn,10,11,7,18,pythia-410m,control,draw_3
A10.10,attn,10,13,16,29,pythia-410m,control,draw_3
A14.11,attn,14,2,3,5,pythia-410m,control,draw_3
A14.1,attn,14,1,2,3,pythia-410m,control,draw_3
A16.12,attn,16,23,5,28,pythia-410m,control,draw_3
A16.13,attn,16,15,3,18,pythia-410m,control,draw_3
A10.7,attn,10,9,11,20,pythia-410m,control,draw_3
A13.14,attn,13,3,6,9,pythia-410m,control,draw_3
A14.15,attn,14,5,6,11,pythia-410m,control,draw_3
A16.15,attn,16,10,4,14,pythia-410m,control,draw_3
R23,resid,23,264,0,264,pythia-410m,control,draw_3
A0.9,attn,0,0,2,2,pythia-410m,control,draw_3
A1.8,attn,1,0,1,1,pythia-410m,control,draw_3
A1.9,attn,1,2,4,6,pythia-410m,control,draw_3
A1.10,attn,1,1,9,10,pythia-410m,control,draw_3
A3.7,attn,3,0,4,4,pythia-410m,control,draw_3
A3.9,attn,3,0,1,1,pythia-410m,control,draw_3
A4.4,attn,4,0,3,3,pythia-410m,control,draw_3
A4.11,attn,4,0,1,1,pythia-410m,control,draw_3
A4.12,attn,4,0,1,1,pythia-410m,control,draw_3
A4.15,attn,4,2,5,7,pythia-410m,control,draw_3
A5.0,attn,5,0,1,1,pythia-410m,control,draw_3
A5.6,attn,5,0,1,1,pythia-410m,control,draw_3
A5.11,attn,5,0,7,7,pythia-410m,control,draw_3
A5.12,attn,5,0,4,4,pythia-410m,control,draw_3
A6.4,attn,6,0,3,3,pythia-410m,control,draw_3
A6.5,attn,6,0,3,3,pythia-410m,control,draw_3
A6.6,attn,6,0,4,4,pythia-410m,control,draw_3
A7.5,attn,7,0,1,1,pythia-410m,control,draw_3
A7.12,attn,7,1,3,4,pythia-410m,control,draw_3
A7.13,attn,7,1,2,3,pythia-410m,control,draw_3
A8.8,attn,8,1,2,3,pythia-410m,control,draw_3
A9.8,attn,9,2,16,18,pythia-410m,control,draw_3
A9.10,attn,9,0,1,1,pythia-410m,control,draw_3
A9.14,attn,9,0,7,7,pythia-410m,control,draw_3
A10.2,attn,10,0,2,2,pythia-410m,control,draw_3
A10.8,attn,10,0,2,2,pythia-410m,control,draw_3
A10.11,attn,10,3,4,7,pythia-410m,control,draw_3
A10.14,attn,10,3,2,5,pythia-410m,control,draw_3
A11.0,attn,11,0,3,3,pythia-410m,control,draw_3
A11.8,attn,11,1,2,3,pythia-410m,control,draw_3
A11.9,attn,11,2,1,3,pythia-410m,control,draw_3
A11.12,attn,11,0,2,2,pythia-410m,control,draw_3
A12.2,attn,12,2,2,4,pythia-410m,control,draw_3
A12.6,attn,12,2,1,3,pythia-410m,control,draw_3
A12.7,attn,12,26,3,29,pythia-410m,control,draw_3
A12.8,attn,12,0,2,2,pythia-410m,control,draw_3
A12.9,attn,12,6,2,8,pythia-410m,control,draw_3
A12.10,attn,12,4,3,7,pythia-410m,control,draw_3
A12.14,attn,12,0,1,1,pythia-410m,control,draw_3
A12.15,attn,12,1,1,2,pythia-410m,control,draw_3
A15.1,attn,15,4,1,5,pythia-410m,control,draw_3
A15.2,attn,15,7,3,10,pythia-410m,control,draw_3
A15.8,attn,15,4,2,6,pythia-410m,control,draw_3
A15.10,attn,15,11,3,14,pythia-410m,control,draw_3
A16.6,attn,16,0,2,2,pythia-410m,control,draw_3
A17.0,attn,17,5,2,7,pythia-410m,control,draw_3
A17.1,attn,17,10,2,12,pythia-410m,control,draw_3
A17.6,attn,17,2,1,3,pythia-410m,control,draw_3
A17.9,attn,17,42,5,47,pythia-410m,control,draw_3
A17.11,attn,17,9,1,10,pythia-410m,control,draw_3
A17.14,attn,17,2,1,3,pythia-410m,control,draw_3
A17.15,attn,17,24,3,27,pythia-410m,control,draw_3
A19.1,attn,19,1,1,2,pythia-410m,control,draw_3
A19.2,attn,19,11,3,14,pythia-410m,control,draw_3
A19.3,attn,19,2,2,4,pythia-410m,control,draw_3
A19.4,attn,19,0,2,2,pythia-410m,control,draw_3
A19.6,attn,19,1,2,3,pythia-410m,control,draw_3
A19.8,attn,19,2,1,3,pythia-410m,control,draw_3
A19.9,attn,19,9,3,12,pythia-410m,control,draw_3
A19.11,attn,19,10,2,12,pythia-410m,control,draw_3
A19.12,attn,19,13,2,15,pythia-410m,control,draw_3
A19.14,attn,19,1,2,3,pythia-410m,control,draw_3
A20.1,attn,20,2,2,4,pythia-410m,control,draw_3
A20.2,attn,20,14,3,17,pythia-410m,control,draw_3
A20.6,attn,20,0,2,2,pythia-410m,control,draw_3
A20.7,attn,20,0,1,1,pythia-410m,control,draw_3
A20.13,attn,20,12,1,13,pythia-410m,control,draw_3
A20.15,attn,20,2,2,4,pythia-410m,control,draw_3
A21.0,attn,21,1,1,2,pythia-410m,control,draw_3
A21.1,attn,21,5,1,6,pythia-410m,control,draw_3
A21.2,attn,21,4,2,6,pythia-410m,control,draw_3
A21.4,attn,21,8,1,9,pythia-410m,control,draw_3
A21.6,attn,21,3,2,5,pythia-410m,control,draw_3
A21.7,attn,21,5,2,7,pythia-410m,control,draw_3
A22.3,attn,22,0,2,2,pythia-410m,control,draw_3
A22.7,attn,22,0,1,1,pythia-410m,control,draw_3
A22.13,attn,22,0,2,2,pythia-410m,control,draw_3
M22,mlp,22,90,2,92,pythia-410m,control,draw_3
A23.12,attn,23,4,1,5,pythia-410m,control,draw_3
A23.13,attn,23,2,1,3,pythia-410m,control,draw_3
A23.14,attn,23,0,1,1,pythia-410m,control,draw_3
A23.15,attn,23,0,1,1,pythia-410m,control,draw_3
M23,mlp,23,170,1,171,pythia-410m,control,draw_3
A1.5,attn,1,1,1,2,pythia-410m,control,draw_3
A1.15,attn,1,3,6,9,pythia-410m,control,draw_3
A2.0,attn,2,0,2,2,pythia-410m,control,draw_3
A2.8,attn,2,0,2,2,pythia-410m,control,draw_3
A4.0,attn,4,0,4,4,pythia-410m,control,draw_3
A3.8,attn,3,0,1,1,pythia-410m,control,draw_3
A15.14,attn,15,5,3,8,pythia-410m,control,draw_3
A1.2,attn,1,0,1,1,pythia-410m,control,draw_3
A1.7,attn,1,0,1,1,pythia-410m,control,draw_3
A2.3,attn,2,1,1,2,pythia-410m,control,draw_3
A2.15,attn,2,1,2,3,pythia-410m,control,draw_3
A4.3,attn,4,0,2,2,pythia-410m,control,draw_3
A15.15,attn,15,1,1,2,pythia-410m,control,draw_3
A2.9,attn,2,1,1,2,pythia-410m,control,draw_3
A11.3,attn,11,0,1,1,pythia-410m,control,draw_3
M0,mlp,0,1,58,59,pythia-1b,low,draw_1
A7.0,attn,7,19,17,36,pythia-1b,low,draw_1
A1.0,attn,1,1,8,9,pythia-1b,low,draw_1
A1.3,attn,1,1,9,10,pythia-1b,low,draw_1
A1.7,attn,1,2,29,31,pythia-1b,low,draw_1
M2,mlp,2,8,21,29,pythia-1b,low,draw_1
A3.5,attn,3,7,15,22,pythia-1b,low,draw_1
A3.6,attn,3,3,13,16,pythia-1b,low,draw_1
M3,mlp,3,9,24,33,pythia-1b,low,draw_1
A4.3,attn,4,12,13,25,pythia-1b,low,draw_1
A4.4,attn,4,10,32,42,pythia-1b,low,draw_1
M4,mlp,4,11,24,35,pythia-1b,low,draw_1
A5.1,attn,5,12,33,45,pythia-1b,low,draw_1
A5.3,attn,5,5,14,19,pythia-1b,low,draw_1
A5.4,attn,5,8,20,28,pythia-1b,low,draw_1
A5.5,attn,5,4,8,12,pythia-1b,low,draw_1
M5,mlp,5,22,32,54,pythia-1b,low,draw_1
A6.0,attn,6,4,7,11,pythia-1b,low,draw_1
A6.5,attn,6,9,22,31,pythia-1b,low,draw_1
M6,mlp,6,23,22,45,pythia-1b,low,draw_1
A0.0,attn,0,1,5,6,pythia-1b,low,draw_1
A7.1,attn,7,28,31,59,pythia-1b,low,draw_1
M1,mlp,1,4,19,23,pythia-1b,low,draw_1
A2.0,attn,2,1,2,3,pythia-1b,low,draw_1
A2.1,attn,2,3,7,10,pythia-1b,low,draw_1
A2.3,attn,2,2,3,5,pythia-1b,low,draw_1
A3.2,attn,3,3,9,12,pythia-1b,low,draw_1
A3.7,attn,3,1,3,4,pythia-1b,low,draw_1
A4.0,attn,4,1,4,5,pythia-1b,low,draw_1
A4.1,attn,4,4,6,10,pythia-1b,low,draw_1
A5.0,attn,5,0,4,4,pythia-1b,low,draw_1
A5.6,attn,5,1,2,3,pythia-1b,low,draw_1
A6.1,attn,6,4,10,14,pythia-1b,low,draw_1
A6.3,attn,6,5,13,18,pythia-1b,low,draw_1
A7.2,attn,7,22,19,41,pythia-1b,low,draw_1
A2.5,attn,2,2,3,5,pythia-1b,low,draw_1
A6.2,attn,6,0,2,2,pythia-1b,low,draw_1
A7.3,attn,7,1,8,9,pythia-1b,low,draw_1
A7.4,attn,7,3,4,7,pythia-1b,low,draw_1
A7.6,attn,7,1,3,4,pythia-1b,low,draw_1
A7.7,attn,7,1,3,4,pythia-1b,low,draw_1
M12,mlp,12,31,11,42,pythia-1b,low,draw_1
M7,mlp,7,24,24,48,pythia-1b,low,draw_1
A8.2,attn,8,30,28,58,pythia-1b,low,draw_1
A8.5,attn,8,11,14,25,pythia-1b,low,draw_1
M8,mlp,8,22,19,41,pythia-1b,low,draw_1
A9.1,attn,9,4,6,10,pythia-1b,low,draw_1
A9.2,attn,9,28,17,45,pythia-1b,low,draw_1
A9.4,attn,9,3,7,10,pythia-1b,low,draw_1
A9.6,attn,9,10,5,15,pythia-1b,low,draw_1
M9,mlp,9,26,14,40,pythia-1b,low,draw_1
A10.0,attn,10,4,4,8,pythia-1b,low,draw_1
A10.5,attn,10,16,14,30,pythia-1b,low,draw_1
A10.6,attn,10,27,11,38,pythia-1b,low,draw_1
A11.0,attn,11,12,8,20,pythia-1b,low,draw_1
A11.2,attn,11,9,5,14,pythia-1b,low,draw_1
A11.6,attn,11,27,8,35,pythia-1b,low,draw_1
A11.7,attn,11,27,12,39,pythia-1b,low,draw_1
M11,mlp,11,36,15,51,pythia-1b,low,draw_1
A15.0,attn,15,5,1,6,pythia-1b,low,draw_1
A14.2,attn,14,31,4,35,pythia-1b,low,draw_1
A15.2,attn,15,1,1,2,pythia-1b,low,draw_1
A15.7,attn,15,7,1,8,pythia-1b,low,draw_1
M14,mlp,14,21,3,24,pythia-1b,low,draw_1
A9.5,attn,9,3,6,9,pythia-1b,low,draw_1
M10,mlp,10,20,7,27,pythia-1b,low,draw_1
A13.0,attn,13,3,4,7,pythia-1b,low,draw_1
A13.3,attn,13,12,2,14,pythia-1b,low,draw_1
A13.4,attn,13,8,4,12,pythia-1b,low,draw_1
M13,mlp,13,15,4,19,pythia-1b,low,draw_1
A0.4,attn,0,1,2,3,pythia-1b,low,draw_1
A3.0,attn,3,1,2,3,pythia-1b,low,draw_1
A5.2,attn,5,1,4,5,pythia-1b,low,draw_1
A8.0,attn,8,4,4,8,pythia-1b,low,draw_1
A8.7,attn,8,4,3,7,pythia-1b,low,draw_1
A9.0,attn,9,2,5,7,pythia-1b,low,draw_1
A10.1,attn,10,12,7,19,pythia-1b,low,draw_1
A10.2,attn,10,1,1,2,pythia-1b,low,draw_1
A0.3,attn,0,1,6,7,pythia-1b,low,draw_1
A4.5,attn,4,1,3,4,pythia-1b,low,draw_1
A6.6,attn,6,1,2,3,pythia-1b,low,draw_1
A7.5,attn,7,0,2,2,pythia-1b,low,draw_1
A8.1,attn,8,7,9,16,pythia-1b,low,draw_1
A5.7,attn,5,4,15,19,pythia-1b,low,draw_1
A9.7,attn,9,3,4,7,pythia-1b,low,draw_1
A14.0,attn,14,1,2,3,pythia-1b,low,draw_1
A11.4,attn,11,2,2,4,pythia-1b,low,draw_1
A11.5,attn,11,17,2,19,pythia-1b,low,draw_1
A12.0,attn,12,10,3,13,pythia-1b,low,draw_1
A12.1,attn,12,19,3,22,pythia-1b,low,draw_1
A12.4,attn,12,2,3,5,pythia-1b,low,draw_1
A13.2,attn,13,9,2,11,pythia-1b,low,draw_1
A14.6,attn,14,3,1,4,pythia-1b,low,draw_1
A4.2,attn,4,2,3,5,pythia-1b,low,draw_1
embed,embed,-1,0,5,5,pythia-1b,low,draw_1
A1.6,attn,1,1,1,2,pythia-1b,low,draw_1
A0.1,attn,0,1,5,6,pythia-1b,low,draw_1
A0.7,attn,0,0,2,2,pythia-1b,low,draw_1
A2.4,attn,2,0,1,1,pythia-1b,low,draw_1
A6.7,attn,6,0,1,1,pythia-1b,low,draw_1
A8.6,attn,8,2,3,5,pythia-1b,low,draw_1
A12.2,attn,12,3,2,5,pythia-1b,low,draw_1
A12.3,attn,12,5,2,7,pythia-1b,low,draw_1
A12.5,attn,12,2,1,3,pythia-1b,low,draw_1
A2.2,attn,2,2,3,5,pythia-1b,low,draw_1
A3.1,attn,3,0,1,1,pythia-1b,low,draw_1
A2.6,attn,2,1,2,3,pythia-1b,low,draw_1
R15,resid,15,69,0,69,pythia-1b,low,draw_1
A11.1,attn,11,0,1,1,pythia-1b,low,draw_1
A12.6,attn,12,0,2,2,pythia-1b,low,draw_1
A13.1,attn,13,7,2,9,pythia-1b,low,draw_1
A13.6,attn,13,3,2,5,pythia-1b,low,draw_1
A14.3,attn,14,0,1,1,pythia-1b,low,draw_1
A14.5,attn,14,0,1,1,pythia-1b,low,draw_1
A15.6,attn,15,0,1,1,pythia-1b,low,draw_1
M15,mlp,15,36,1,37,pythia-1b,low,draw_1
A4.7,attn,4,0,1,1,pythia-1b,low,draw_1
A2.7,attn,2,0,1,1,pythia-1b,low,draw_1
M5,mlp,5,16,29,45,pythia-1b,low,draw_2
A9.0,attn,9,4,8,12,pythia-1b,low,draw_2
M6,mlp,6,23,29,52,pythia-1b,low,draw_2
A7.1,attn,7,24,31,55,pythia-1b,low,draw_2
A8.2,attn,8,29,31,60,pythia-1b,low,draw_2
M0,mlp,0,1,55,56,pythia-1b,low,draw_2
A9.1,attn,9,2,4,6,pythia-1b,low,draw_2
A9.2,attn,9,23,15,38,pythia-1b,low,draw_2
A1.7,attn,1,2,30,32,pythia-1b,low,draw_2
M2,mlp,2,5,27,32,pythia-1b,low,draw_2
A3.5,attn,3,6,14,20,pythia-1b,low,draw_2
A4.3,attn,4,16,10,26,pythia-1b,low,draw_2
A4.4,attn,4,9,36,45,pythia-1b,low,draw_2
M4,mlp,4,10,23,33,pythia-1b,low,draw_2
A5.1,attn,5,12,28,40,pythia-1b,low,draw_2
A5.4,attn,5,5,18,23,pythia-1b,low,draw_2
A5.5,attn,5,4,11,15,pythia-1b,low,draw_2
A5.7,attn,5,5,14,19,pythia-1b,low,draw_2
A6.0,attn,6,4,6,10,pythia-1b,low,draw_2
A6.1,attn,6,2,7,9,pythia-1b,low,draw_2
A6.3,attn,6,9,18,27,pythia-1b,low,draw_2
A7.0,attn,7,14,20,34,pythia-1b,low,draw_2
A7.2,attn,7,20,19,39,pythia-1b,low,draw_2
M7,mlp,7,22,20,42,pythia-1b,low,draw_2
A8.0,attn,8,1,7,8,pythia-1b,low,draw_2
A8.5,attn,8,9,15,24,pythia-1b,low,draw_2
M8,mlp,8,20,18,38,pythia-1b,low,draw_2
A9.4,attn,9,1,7,8,pythia-1b,low,draw_2
A9.5,attn,9,10,7,17,pythia-1b,low,draw_2
M3,mlp,3,12,25,37,pythia-1b,low,draw_2
A4.2,attn,4,2,6,8,pythia-1b,low,draw_2
A8.1,attn,8,13,11,24,pythia-1b,low,draw_2
A9.6,attn,9,14,6,20,pythia-1b,low,draw_2
A8.7,attn,8,7,4,11,pythia-1b,low,draw_2
A9.7,attn,9,1,1,2,pythia-1b,low,draw_2
A10.0,attn,10,7,3,10,pythia-1b,low,draw_2
M9,mlp,9,25,13,38,pythia-1b,low,draw_2
A10.1,attn,10,2,4,6,pythia-1b,low,draw_2
A10.2,attn,10,2,2,4,pythia-1b,low,draw_2
A10.5,attn,10,29,9,38,pythia-1b,low,draw_2
M1,mlp,1,4,17,21,pythia-1b,low,draw_2
A3.6,attn,3,3,13,16,pythia-1b,low,draw_2
A5.3,attn,5,2,10,12,pythia-1b,low,draw_2
A6.5,attn,6,10,20,30,pythia-1b,low,draw_2
A7.6,attn,7,1,5,6,pythia-1b,low,draw_2
A8.6,attn,8,1,2,3,pythia-1b,low,draw_2
A10.6,attn,10,34,12,46,pythia-1b,low,draw_2
A3.2,attn,3,4,5,9,pythia-1b,low,draw_2
A7.3,attn,7,0,4,4,pythia-1b,low,draw_2
A7.4,attn,7,0,1,1,pythia-1b,low,draw_2
A9.3,attn,9,0,1,1,pythia-1b,low,draw_2
A0.3,attn,0,1,6,7,pythia-1b,low,draw_2
A2.1,attn,2,2,8,10,pythia-1b,low,draw_2
A4.1,attn,4,4,5,9,pythia-1b,low,draw_2
A6.6,attn,6,1,2,3,pythia-1b,low,draw_2
embed,embed,-1,0,5,5,pythia-1b,low,draw_2
A0.0,attn,0,1,4,5,pythia-1b,low,draw_2
A0.1,attn,0,1,3,4,pythia-1b,low,draw_2
A0.4,attn,0,1,2,3,pythia-1b,low,draw_2
A0.7,attn,0,0,1,1,pythia-1b,low,draw_2
A1.1,attn,1,0,1,1,pythia-1b,low,draw_2
A1.6,attn,1,0,3,3,pythia-1b,low,draw_2
A2.2,attn,2,2,2,4,pythia-1b,low,draw_2
A2.6,attn,2,2,2,4,pythia-1b,low,draw_2
A2.7,attn,2,0,1,1,pythia-1b,low,draw_2
A12.0,attn,12,11,1,12,pythia-1b,low,draw_2
A11.6,attn,11,20,8,28,pythia-1b,low,draw_2
A11.7,attn,11,18,11,29,pythia-1b,low,draw_2
A12.1,attn,12,14,3,17,pythia-1b,low,draw_2
A11.5,attn,11,8,5,13,pythia-1b,low,draw_2
M11,mlp,11,29,15,44,pythia-1b,low,draw_2
A12.2,attn,12,3,2,5,pythia-1b,low,draw_2
A12.3,attn,12,7,1,8,pythia-1b,low,draw_2
M10,mlp,10,14,11,25,pythia-1b,low,draw_2
A12.4,attn,12,3,3,6,pythia-1b,low,draw_2
A12.5,attn,12,1,1,2,pythia-1b,low,draw_2
A2.3,attn,2,1,4,5,pythia-1b,low,draw_2
A2.5,attn,2,2,6,8,pythia-1b,low,draw_2
A3.4,attn,3,0,2,2,pythia-1b,low,draw_2
A3.7,attn,3,0,1,1,pythia-1b,low,draw_2
A4.6,attn,4,1,2,3,pythia-1b,low,draw_2
A5.6,attn,5,0,4,4,pythia-1b,low,draw_2
A7.5,attn,7,0,1,1,pythia-1b,low,draw_2
A7.7,attn,7,1,3,4,pythia-1b,low,draw_2
A1.3,attn,1,1,4,5,pythia-1b,low,draw_2
A4.0,attn,4,2,3,5,pythia-1b,low,draw_2
A5.0,attn,5,2,3,5,pythia-1b,low,draw_2
A3.3,attn,3,1,1,2,pythia-1b,low,draw_2
A4.5,attn,4,0,4,4,pythia-1b,low,draw_2
M14,mlp,14,24,2,26,pythia-1b,low,draw_2
A11.0,attn,11,15,7,22,pythia-1b,low,draw_2
M12,mlp,12,32,11,43,pythia-1b,low,draw_2
A13.0,attn,13,7,4,11,pythia-1b,low,draw_2
A13.4,attn,13,5,4,9,pythia-1b,low,draw_2
M13,mlp,13,22,4,26,pythia-1b,low,draw_2
A0.5,attn,0,0,1,1,pythia-1b,low,draw_2
A1.0,attn,1,1,5,6,pythia-1b,low,draw_2
M15,mlp,15,37,1,38,pythia-1b,low,draw_2
A13.1,attn,13,16,2,18,pythia-1b,low,draw_2
A13.3,attn,13,8,2,10,pythia-1b,low,draw_2
A13.6,attn,13,2,2,4,pythia-1b,low,draw_2
A14.0,attn,14,4,2,6,pythia-1b,low,draw_2
A14.2,attn,14,34,4,38,pythia-1b,low,draw_2
A11.2,attn,11,18,3,21,pythia-1b,low,draw_2
A11.4,attn,11,2,3,5,pythia-1b,low,draw_2
A13.2,attn,13,12,2,14,pythia-1b,low,draw_2
A14.4,attn,14,1,1,2,pythia-1b,low,draw_2
A2.0,attn,2,0,2,2,pythia-1b,low,draw_2
R15,resid,15,68,0,68,pythia-1b,low,draw_2
A11.1,attn,11,0,1,1,pythia-1b,low,draw_2
A12.6,attn,12,0,2,2,pythia-1b,low,draw_2
A14.5,attn,14,0,1,1,pythia-1b,low,draw_2
A14.6,attn,14,0,1,1,pythia-1b,low,draw_2
A15.0,attn,15,5,1,6,pythia-1b,low,draw_2
A15.2,attn,15,1,1,2,pythia-1b,low,draw_2
A15.6,attn,15,0,1,1,pythia-1b,low,draw_2
A15.7,attn,15,2,1,3,pythia-1b,low,draw_2
A6.2,attn,6,0,1,1,pythia-1b,low,draw_2
A11.3,attn,11,0,1,1,pythia-1b,low,draw_2
A3.1,attn,3,1,1,2,pythia-1b,low,draw_2
A5.2,attn,5,0,1,1,pythia-1b,low,draw_2
A6.7,attn,6,0,1,1,pythia-1b,low,draw_2
A3.0,attn,3,0,1,1,pythia-1b,low,draw_2
M0,mlp,0,1,56,57,pythia-1b,low,draw_3
M10,mlp,10,26,10,36,pythia-1b,low,draw_3
A1.7,attn,1,2,23,25,pythia-1b,low,draw_3
M1,mlp,1,2,26,28,pythia-1b,low,draw_3
M2,mlp,2,5,26,31,pythia-1b,low,draw_3
A3.5,attn,3,6,18,24,pythia-1b,low,draw_3
M3,mlp,3,12,28,40,pythia-1b,low,draw_3
A4.3,attn,4,12,14,26,pythia-1b,low,draw_3
A4.4,attn,4,8,40,48,pythia-1b,low,draw_3
M4,mlp,4,9,22,31,pythia-1b,low,draw_3
A5.1,attn,5,11,38,49,pythia-1b,low,draw_3
A5.5,attn,5,2,12,14,pythia-1b,low,draw_3
A5.7,attn,5,5,14,19,pythia-1b,low,draw_3
M5,mlp,5,16,26,42,pythia-1b,low,draw_3
A6.3,attn,6,5,18,23,pythia-1b,low,draw_3
A6.5,attn,6,11,25,36,pythia-1b,low,draw_3
M6,mlp,6,17,25,42,pythia-1b,low,draw_3
A7.1,attn,7,24,31,55,pythia-1b,low,draw_3
A7.7,attn,7,1,6,7,pythia-1b,low,draw_3
M7,mlp,7,27,18,45,pythia-1b,low,draw_3
A8.2,attn,8,33,27,60,pythia-1b,low,draw_3
M8,mlp,8,13,15,28,pythia-1b,low,draw_3
A9.1,attn,9,9,10,19,pythia-1b,low,draw_3
A9.2,attn,9,27,15,42,pythia-1b,low,draw_3
A9.4,attn,9,5,5,10,pythia-1b,low,draw_3
A9.6,attn,9,5,7,12,pythia-1b,low,draw_3
M9,mlp,9,23,9,32,pythia-1b,low,draw_3
A14.0,attn,14,4,2,6,pythia-1b,low,draw_3
A10.5,attn,10,19,14,33,pythia-1b,low,draw_3
M11,mlp,11,34,17,51,pythia-1b,low,draw_3
M12,mlp,12,32,10,42,pythia-1b,low,draw_3
A14.2,attn,14,40,4,44,pythia-1b,low,draw_3
A6.1,attn,6,3,9,12,pythia-1b,low,draw_3
A7.0,attn,7,18,20,38,pythia-1b,low,draw_3
A7.2,attn,7,23,23,46,pythia-1b,low,draw_3
A8.1,attn,8,23,16,39,pythia-1b,low,draw_3
A8.5,attn,8,17,14,31,pythia-1b,low,draw_3
A9.0,attn,9,2,7,9,pythia-1b,low,draw_3
A9.3,attn,9,0,1,1,pythia-1b,low,draw_3
A9.5,attn,9,7,7,14,pythia-1b,low,draw_3
A10.4,attn,10,0,1,1,pythia-1b,low,draw_3
A10.6,attn,10,26,12,38,pythia-1b,low,draw_3
A11.0,attn,11,13,7,20,pythia-1b,low,draw_3
A11.4,attn,11,4,4,8,pythia-1b,low,draw_3
A11.5,attn,11,13,3,16,pythia-1b,low,draw_3
A11.6,attn,11,30,8,38,pythia-1b,low,draw_3
A11.7,attn,11,28,10,38,pythia-1b,low,draw_3
A12.0,attn,12,19,3,22,pythia-1b,low,draw_3
A12.4,attn,12,3,3,6,pythia-1b,low,draw_3
A13.0,attn,13,3,3,6,pythia-1b,low,draw_3
A13.2,attn,13,5,2,7,pythia-1b,low,draw_3
A13.4,attn,13,9,3,12,pythia-1b,low,draw_3
M13,mlp,13,20,4,24,pythia-1b,low,draw_3
A14.5,attn,14,1,1,2,pythia-1b,low,draw_3
A13.1,attn,13,2,1,3,pythia-1b,low,draw_3
A5.4,attn,5,9,18,27,pythia-1b,low,draw_3
A13.3,attn,13,14,1,15,pythia-1b,low,draw_3
A10.0,attn,10,7,5,12,pythia-1b,low,draw_3
A10.1,attn,10,1,3,4,pythia-1b,low,draw_3
A13.6,attn,13,3,3,6,pythia-1b,low,draw_3
R15,resid,15,62,0,62,pythia-1b,low,draw_3
A5.3,attn,5,3,12,15,pythia-1b,low,draw_3
A5.6,attn,5,4,8,12,pythia-1b,low,draw_3
A9.7,attn,9,2,3,5,pythia-1b,low,draw_3
A11.2,attn,11,12,1,13,pythia-1b,low,draw_3
A12.1,attn,12,8,2,10,pythia-1b,low,draw_3
A12.2,attn,12,2,1,3,pythia-1b,low,draw_3
A12.3,attn,12,3,2,5,pythia-1b,low,draw_3
A14.6,attn,14,0,2,2,pythia-1b,low,draw_3
M14,mlp,14,26,3,29,pythia-1b,low,draw_3
A15.0,attn,15,5,1,6,pythia-1b,low,draw_3
A15.2,attn,15,0,1,1,pythia-1b,low,draw_3
A15.4,attn,15,1,1,2,pythia-1b,low,draw_3
A15.5,attn,15,0,1,1,pythia-1b,low,draw_3
A15.7,attn,15,9,1,10,pythia-1b,low,draw_3
M15,mlp,15,38,1,39,pythia-1b,low,draw_3
A2.1,attn,2,2,7,9,pythia-1b,low,draw_3
A2.2,attn,2,0,2,2,pythia-1b,low,draw_3
A2.3,attn,2,1,4,5,pythia-1b,low,draw_3
A4.1,attn,4,2,6,8,pythia-1b,low,draw_3
A4.5,attn,4,2,8,10,pythia-1b,low,draw_3
A5.2,attn,5,2,3,5,pythia-1b,low,draw_3
embed,embed,-1,0,4,4,pythia-1b,low,draw_3
A2.5,attn,2,2,6,8,pythia-1b,low,draw_3
A3.2,attn,3,2,6,8,pythia-1b,low,draw_3
A3.6,attn,3,4,14,18,pythia-1b,low,draw_3
A2.6,attn,2,1,3,4,pythia-1b,low,draw_3
A1.0,attn,1,1,4,5,pythia-1b,low,draw_3
A1.3,attn,1,1,6,7,pythia-1b,low,draw_3
A1.5,attn,1,1,1,2,pythia-1b,low,draw_3
A0.1,attn,0,1,1,2,pythia-1b,low,draw_3
A0.0,attn,0,1,3,4,pythia-1b,low,draw_3
A8.0,attn,8,1,6,7,pythia-1b,low,draw_3
A6.0,attn,6,2,6,8,pythia-1b,low,draw_3
A6.6,attn,6,2,2,4,pythia-1b,low,draw_3
A7.4,attn,7,0,1,1,pythia-1b,low,draw_3
A7.5,attn,7,0,2,2,pythia-1b,low,draw_3
A7.6,attn,7,0,6,6,pythia-1b,low,draw_3
A7.3,attn,7,4,3,7,pythia-1b,low,draw_3
A4.2,attn,4,0,2,2,pythia-1b,low,draw_3
A10.2,attn,10,6,3,9,pythia-1b,low,draw_3
A8.7,attn,8,5,4,9,pythia-1b,low,draw_3
A10.3,attn,10,7,2,9,pythia-1b,low,draw_3
A10.7,attn,10,0,1,1,pythia-1b,low,draw_3
A0.3,attn,0,1,3,4,pythia-1b,low,draw_3
A0.7,attn,0,0,1,1,pythia-1b,low,draw_3
A2.7,attn,2,0,1,1,pythia-1b,low,draw_3
A6.2,attn,6,1,3,4,pythia-1b,low,draw_3
A4.6,attn,4,2,2,4,pythia-1b,low,draw_3
A8.6,attn,8,0,1,1,pythia-1b,low,draw_3
A2.0,attn,2,0,1,1,pythia-1b,low,draw_3
A3.3,attn,3,0,2,2,pythia-1b,low,draw_3
A4.0,attn,4,0,1,1,pythia-1b,low,draw_3
A3.0,attn,3,0,1,1,pythia-1b,low,draw_3
A0.5,attn,0,0,1,1,pythia-1b,low,draw_3
A3.7,attn,3,0,1,1,pythia-1b,low,draw_3
A1.6,attn,1,0,1,1,pythia-1b,low,draw_3
M0,mlp,0,1,52,53,pythia-1b,medium,draw_1
R15,resid,15,66,0,66,pythia-1b,medium,draw_1
M1,mlp,1,1,21,22,pythia-1b,medium,draw_1
M2,mlp,2,8,27,35,pythia-1b,medium,draw_1
A3.5,attn,3,8,17,25,pythia-1b,medium,draw_1
M3,mlp,3,9,21,30,pythia-1b,medium,draw_1
A4.4,attn,4,7,37,44,pythia-1b,medium,draw_1
A4.5,attn,4,6,6,12,pythia-1b,medium,draw_1
M4,mlp,4,9,17,26,pythia-1b,medium,draw_1
A5.1,attn,5,8,28,36,pythia-1b,medium,draw_1
A5.3,attn,5,3,13,16,pythia-1b,medium,draw_1
M5,mlp,5,19,30,49,pythia-1b,medium,draw_1
A6.1,attn,6,0,6,6,pythia-1b,medium,draw_1
A6.3,attn,6,7,18,25,pythia-1b,medium,draw_1
A6.5,attn,6,14,23,37,pythia-1b,medium,draw_1
M6,mlp,6,18,31,49,pythia-1b,medium,draw_1
A7.0,attn,7,16,20,36,pythia-1b,medium,draw_1
A7.1,attn,7,24,30,54,pythia-1b,medium,draw_1
A7.2,attn,7,20,17,37,pythia-1b,medium,draw_1
M7,mlp,7,21,16,37,pythia-1b,medium,draw_1
A8.2,attn,8,31,27,58,pythia-1b,medium,draw_1
A8.5,attn,8,7,10,17,pythia-1b,medium,draw_1
M8,mlp,8,16,15,31,pythia-1b,medium,draw_1
A9.0,attn,9,7,11,18,pythia-1b,medium,draw_1
A9.2,attn,9,17,12,29,pythia-1b,medium,draw_1
A9.5,attn,9,6,9,15,pythia-1b,medium,draw_1
A9.7,attn,9,0,2,2,pythia-1b,medium,draw_1
M9,mlp,9,25,12,37,pythia-1b,medium,draw_1
A10.0,attn,10,7,4,11,pythia-1b,medium,draw_1
A10.5,attn,10,13,12,25,pythia-1b,medium,draw_1
A10.6,attn,10,28,13,41,pythia-1b,medium,draw_1
M10,mlp,10,18,11,29,pythia-1b,medium,draw_1
A11.0,attn,11,16,7,23,pythia-1b,medium,draw_1
A11.2,attn,11,13,8,21,pythia-1b,medium,draw_1
A11.4,attn,11,2,1,3,pythia-1b,medium,draw_1
A11.5,attn,11,18,4,22,pythia-1b,medium,draw_1
A11.6,attn,11,32,8,40,pythia-1b,medium,draw_1
A11.7,attn,11,17,5,22,pythia-1b,medium,draw_1
M11,mlp,11,26,12,38,pythia-1b,medium,draw_1
A12.0,attn,12,12,3,15,pythia-1b,medium,draw_1
A12.1,attn,12,15,3,18,pythia-1b,medium,draw_1
A12.2,attn,12,0,1,1,pythia-1b,medium,draw_1
A12.3,attn,12,8,5,13,pythia-1b,medium,draw_1
A12.4,attn,12,2,2,4,pythia-1b,medium,draw_1
A12.5,attn,12,3,3,6,pythia-1b,medium,draw_1
A12.6,attn,12,0,3,3,pythia-1b,medium,draw_1
M12,mlp,12,25,11,36,pythia-1b,medium,draw_1
A13.0,attn,13,4,3,7,pythia-1b,medium,draw_1
A13.1,attn,13,17,2,19,pythia-1b,medium,draw_1
A13.2,attn,13,6,1,7,pythia-1b,medium,draw_1
A13.3,attn,13,6,3,9,pythia-1b,medium,draw_1
A13.4,attn,13,11,4,15,pythia-1b,medium,draw_1
A13.6,attn,13,4,2,6,pythia-1b,medium,draw_1
A13.7,attn,13,0,1,1,pythia-1b,medium,draw_1
M13,mlp,13,23,4,27,pythia-1b,medium,draw_1
A14.0,attn,14,3,2,5,pythia-1b,medium,draw_1
A14.1,attn,14,0,1,1,pythia-1b,medium,draw_1
A14.2,attn,14,40,3,43,pythia-1b,medium,draw_1
A14.3,attn,14,0,1,1,pythia-1b,medium,draw_1
A14.5,attn,14,0,2,2,pythia-1b,medium,draw_1
A14.6,attn,14,0,2,2,pythia-1b,medium,draw_1
M14,mlp,14,20,2,22,pythia-1b,medium,draw_1
A15.0,attn,15,4,1,5,pythia-1b,medium,draw_1
A15.2,attn,15,0,1,1,pythia-1b,medium,draw_1
A15.6,attn,15,0,1,1,pythia-1b,medium,draw_1
A15.7,attn,15,1,1,2,pythia-1b,medium,draw_1
M15,mlp,15,37,1,38,pythia-1b,medium,draw_1
A5.4,attn,5,6,17,23,pythia-1b,medium,draw_1
A10.7,attn,10,2,1,3,pythia-1b,medium,draw_1
A5.7,attn,5,0,6,6,pythia-1b,medium,draw_1
A8.7,attn,8,7,7,14,pythia-1b,medium,draw_1
A10.1,attn,10,4,4,8,pythia-1b,medium,draw_1
A9.4,attn,9,5,9,14,pythia-1b,medium,draw_1
A8.1,attn,8,8,8,16,pythia-1b,medium,draw_1
A1.7,attn,1,3,27,30,pythia-1b,medium,draw_1
A4.0,attn,4,2,2,4,pythia-1b,medium,draw_1
A4.3,attn,4,13,12,25,pythia-1b,medium,draw_1
A8.0,attn,8,1,4,5,pythia-1b,medium,draw_1
A9.1,attn,9,2,5,7,pythia-1b,medium,draw_1
A9.6,attn,9,6,4,10,pythia-1b,medium,draw_1
A5.5,attn,5,3,7,10,pythia-1b,medium,draw_1
A6.0,attn,6,2,3,5,pythia-1b,medium,draw_1
A7.5,attn,7,0,1,1,pythia-1b,medium,draw_1
A7.7,attn,7,0,3,3,pythia-1b,medium,draw_1
A5.6,attn,5,0,2,2,pythia-1b,medium,draw_1
A0.0,attn,0,1,7,8,pythia-1b,medium,draw_1
A0.1,attn,0,1,4,5,pythia-1b,medium,draw_1
A1.6,attn,1,1,2,3,pythia-1b,medium,draw_1
A2.3,attn,2,2,5,7,pythia-1b,medium,draw_1
A2.6,attn,2,1,3,4,pythia-1b,medium,draw_1
A3.3,attn,3,1,1,2,pythia-1b,medium,draw_1
A3.6,attn,3,4,9,13,pythia-1b,medium,draw_1
A2.5,attn,2,2,4,6,pythia-1b,medium,draw_1
A3.2,attn,3,3,5,8,pythia-1b,medium,draw_1
A3.4,attn,3,0,2,2,pythia-1b,medium,draw_1
A7.3,attn,7,1,3,4,pythia-1b,medium,draw_1
A7.4,attn,7,1,1,2,pythia-1b,medium,draw_1
A1.0,attn,1,1,4,5,pythia-1b,medium,draw_1
A2.2,attn,2,2,2,4,pythia-1b,medium,draw_1
A4.1,attn,4,4,5,9,pythia-1b,medium,draw_1
A4.2,attn,4,2,3,5,pythia-1b,medium,draw_1
A0.3,attn,0,1,3,4,pythia-1b,medium,draw_1
A6.2,attn,6,1,2,3,pythia-1b,medium,draw_1
A6.6,attn,6,0,2,2,pythia-1b,medium,draw_1
A6.7,attn,6,0,1,1,pythia-1b,medium,draw_1
A7.6,attn,7,0,3,3,pythia-1b,medium,draw_1
A10.4,attn,10,0,1,1,pythia-1b,medium,draw_1
A1.3,attn,1,1,4,5,pythia-1b,medium,draw_1
A2.1,attn,2,2,5,7,pythia-1b,medium,draw_1
A3.7,attn,3,1,1,2,pythia-1b,medium,draw_1
A0.7,attn,0,1,3,4,pythia-1b,medium,draw_1
A2.0,attn,2,0,2,2,pythia-1b,medium,draw_1
A2.4,attn,2,0,1,1,pythia-1b,medium,draw_1
embed,embed,-1,0,7,7,pythia-1b,medium,draw_1
A0.4,attn,0,1,1,2,pythia-1b,medium,draw_1
A5.0,attn,5,0,1,1,pythia-1b,medium,draw_1
A3.0,attn,3,0,1,1,pythia-1b,medium,draw_1
A2.7,attn,2,0,1,1,pythia-1b,medium,draw_1
A10.2,attn,10,0,1,1,pythia-1b,medium,draw_1
M0,mlp,0,1,63,64,pythia-1b,medium,draw_2
M15,mlp,15,39,1,40,pythia-1b,medium,draw_2
M3,mlp,3,10,28,38,pythia-1b,medium,draw_2
M4,mlp,4,12,22,34,pythia-1b,medium,draw_2
A5.1,attn,5,13,39,52,pythia-1b,medium,draw_2
M5,mlp,5,18,31,49,pythia-1b,medium,draw_2
A6.3,attn,6,9,19,28,pythia-1b,medium,draw_2
M6,mlp,6,19,23,42,pythia-1b,medium,draw_2
A7.0,attn,7,12,23,35,pythia-1b,medium,draw_2
A7.1,attn,7,26,30,56,pythia-1b,medium,draw_2
A7.2,attn,7,19,20,39,pythia-1b,medium,draw_2
M7,mlp,7,22,24,46,pythia-1b,medium,draw_2
A8.1,attn,8,17,10,27,pythia-1b,medium,draw_2
A8.2,attn,8,33,29,62,pythia-1b,medium,draw_2
M8,mlp,8,21,21,42,pythia-1b,medium,draw_2
A9.0,attn,9,2,9,11,pythia-1b,medium,draw_2
A9.2,attn,9,27,17,44,pythia-1b,medium,draw_2
A9.5,attn,9,4,8,12,pythia-1b,medium,draw_2
M9,mlp,9,23,15,38,pythia-1b,medium,draw_2
A10.0,attn,10,11,5,16,pythia-1b,medium,draw_2
A10.5,attn,10,20,15,35,pythia-1b,medium,draw_2
A10.6,attn,10,22,9,31,pythia-1b,medium,draw_2
M10,mlp,10,26,12,38,pythia-1b,medium,draw_2
A11.0,attn,11,14,7,21,pythia-1b,medium,draw_2
A11.5,attn,11,15,3,18,pythia-1b,medium,draw_2
A11.6,attn,11,32,8,40,pythia-1b,medium,draw_2
M11,mlp,11,35,14,49,pythia-1b,medium,draw_2
A12.4,attn,12,6,3,9,pythia-1b,medium,draw_2
A12.5,attn,12,1,2,3,pythia-1b,medium,draw_2
M12,mlp,12,27,9,36,pythia-1b,medium,draw_2
A13.0,attn,13,1,3,4,pythia-1b,medium,draw_2
A13.1,attn,13,14,2,16,pythia-1b,medium,draw_2
A13.4,attn,13,5,2,7,pythia-1b,medium,draw_2
A13.6,attn,13,5,3,8,pythia-1b,medium,draw_2
M13,mlp,13,24,5,29,pythia-1b,medium,draw_2
A14.0,attn,14,5,2,7,pythia-1b,medium,draw_2
A14.2,attn,14,41,3,44,pythia-1b,medium,draw_2
A14.5,attn,14,1,2,3,pythia-1b,medium,draw_2
A14.6,attn,14,0,2,2,pythia-1b,medium,draw_2
M14,mlp,14,26,3,29,pythia-1b,medium,draw_2
A0.3,attn,0,1,9,10,pythia-1b,medium,draw_2
M1,mlp,1,3,22,25,pythia-1b,medium,draw_2
A0.4,attn,0,1,3,4,pythia-1b,medium,draw_2
A1.0,attn,1,1,4,5,pythia-1b,medium,draw_2
A1.3,attn,1,1,5,6,pythia-1b,medium,draw_2
A0.1,attn,0,1,4,5,pythia-1b,medium,draw_2
A1.7,attn,1,3,31,34,pythia-1b,medium,draw_2
A0.7,attn,0,0,2,2,pythia-1b,medium,draw_2
A2.0,attn,2,1,5,6,pythia-1b,medium,draw_2
A2.2,attn,2,2,3,5,pythia-1b,medium,draw_2
A2.6,attn,2,1,4,5,pythia-1b,medium,draw_2
M2,mlp,2,8,29,37,pythia-1b,medium,draw_2
A3.5,attn,3,7,19,26,pythia-1b,medium,draw_2
A4.0,attn,4,3,5,8,pythia-1b,medium,draw_2
A4.1,attn,4,7,6,13,pythia-1b,medium,draw_2
A4.2,attn,4,5,6,11,pythia-1b,medium,draw_2
A4.4,attn,4,10,38,48,pythia-1b,medium,draw_2
A4.6,attn,4,0,3,3,pythia-1b,medium,draw_2
A4.7,attn,4,1,2,3,pythia-1b,medium,draw_2
A4.3,attn,4,11,13,24,pythia-1b,medium,draw_2
A5.3,attn,5,5,12,17,pythia-1b,medium,draw_2
A6.5,attn,6,11,26,37,pythia-1b,medium,draw_2
A7.3,attn,7,3,5,8,pythia-1b,medium,draw_2
A7.6,attn,7,1,7,8,pythia-1b,medium,draw_2
A7.7,attn,7,1,4,5,pythia-1b,medium,draw_2
A9.1,attn,9,3,6,9,pythia-1b,medium,draw_2
A9.4,attn,9,3,7,10,pythia-1b,medium,draw_2
A15.0,attn,15,3,1,4,pythia-1b,medium,draw_2
A15.7,attn,15,5,1,6,pythia-1b,medium,draw_2
A2.1,attn,2,2,5,7,pythia-1b,medium,draw_2
A2.3,attn,2,2,4,6,pythia-1b,medium,draw_2
A2.5,attn,2,2,6,8,pythia-1b,medium,draw_2
A8.5,attn,8,12,7,19,pythia-1b,medium,draw_2
A10.1,attn,10,3,4,7,pythia-1b,medium,draw_2
A11.7,attn,11,16,8,24,pythia-1b,medium,draw_2
A5.4,attn,5,5,21,26,pythia-1b,medium,draw_2
A5.7,attn,5,2,7,9,pythia-1b,medium,draw_2
A7.5,attn,7,1,3,4,pythia-1b,medium,draw_2
A3.1,attn,3,0,1,1,pythia-1b,medium,draw_2
A3.2,attn,3,2,7,9,pythia-1b,medium,draw_2
A5.2,attn,5,2,5,7,pythia-1b,medium,draw_2
A5.5,attn,5,4,10,14,pythia-1b,medium,draw_2
A6.0,attn,6,5,7,12,pythia-1b,medium,draw_2
A6.2,attn,6,2,2,4,pythia-1b,medium,draw_2
A11.2,attn,11,14,5,19,pythia-1b,medium,draw_2
A13.3,attn,13,7,2,9,pythia-1b,medium,draw_2
A3.3,attn,3,0,2,2,pythia-1b,medium,draw_2
A4.5,attn,4,1,3,4,pythia-1b,medium,draw_2
A3.6,attn,3,4,8,12,pythia-1b,medium,draw_2
A5.6,attn,5,2,3,5,pythia-1b,medium,draw_2
A0.5,attn,0,1,1,2,pythia-1b,medium,draw_2
A11.4,attn,11,3,3,6,pythia-1b,medium,draw_2
A6.6,attn,6,0,3,3,pythia-1b,medium,draw_2
A8.0,attn,8,3,3,6,pythia-1b,medium,draw_2
A8.7,attn,8,10,6,16,pythia-1b,medium,draw_2
embed,embed,-1,0,7,7,pythia-1b,medium,draw_2
A9.6,attn,9,3,6,9,pythia-1b,medium,draw_2
A12.0,attn,12,3,2,5,pythia-1b,medium,draw_2
A12.1,attn,12,11,3,14,pythia-1b,medium,draw_2
A13.2,attn,13,11,2,13,pythia-1b,medium,draw_2
A0.0,attn,0,1,2,3,pythia-1b,medium,draw_2
A1.6,attn,1,0,1,1,pythia-1b,medium,draw_2
A3.0,attn,3,0,1,1,pythia-1b,medium,draw_2
A3.7,attn,3,1,1,2,pythia-1b,medium,draw_2
A10.2,attn,10,10,3,13,pythia-1b,medium,draw_2
A8.6,attn,8,2,2,4,pythia-1b,medium,draw_2
A9.7,attn,9,0,1,1,pythia-1b,medium,draw_2
A6.1,attn,6,2,2,4,pythia-1b,medium,draw_2
A7.4,attn,7,2,1,3,pythia-1b,medium,draw_2
A2.7,attn,2,0,1,1,pythia-1b,medium,draw_2
R15,resid,15,70,0,70,pythia-1b,medium,draw_2
A10.4,attn,10,0,1,1,pythia-1b,medium,draw_2
A12.2,attn,12,5,1,6,pythia-1b,medium,draw_2
A12.3,attn,12,18,2,20,pythia-1b,medium,draw_2
A12.6,attn,12,3,1,4,pythia-1b,medium,draw_2
A13.7,attn,13,0,1,1,pythia-1b,medium,draw_2
A15.2,attn,15,0,1,1,pythia-1b,medium,draw_2
A6.7,attn,6,0,1,1,pythia-1b,medium,draw_2
M0,mlp,0,1,54,55,pythia-1b,medium,draw_3
R15,resid,15,67,0,67,pythia-1b,medium,draw_3
M1,mlp,1,2,19,21,pythia-1b,medium,draw_3
M2,mlp,2,7,25,32,pythia-1b,medium,draw_3
M3,mlp,3,10,29,39,pythia-1b,medium,draw_3
A4.3,attn,4,13,13,26,pythia-1b,medium,draw_3
A4.4,attn,4,11,33,44,pythia-1b,medium,draw_3
M4,mlp,4,10,19,29,pythia-1b,medium,draw_3
A5.1,attn,5,15,28,43,pythia-1b,medium,draw_3
A5.3,attn,5,12,7,19,pythia-1b,medium,draw_3
A5.6,attn,5,2,4,6,pythia-1b,medium,draw_3
A5.7,attn,5,6,8,14,pythia-1b,medium,draw_3
M5,mlp,5,17,24,41,pythia-1b,medium,draw_3
A6.0,attn,6,4,6,10,pythia-1b,medium,draw_3
A6.3,attn,6,5,18,23,pythia-1b,medium,draw_3
A6.5,attn,6,13,21,34,pythia-1b,medium,draw_3
A6.6,attn,6,0,1,1,pythia-1b,medium,draw_3
M6,mlp,6,18,23,41,pythia-1b,medium,draw_3
A7.0,attn,7,15,15,30,pythia-1b,medium,draw_3
A7.1,attn,7,22,31,53,pythia-1b,medium,draw_3
A7.2,attn,7,21,21,42,pythia-1b,medium,draw_3
A7.3,attn,7,0,4,4,pythia-1b,medium,draw_3
M7,mlp,7,20,22,42,pythia-1b,medium,draw_3
A8.2,attn,8,28,29,57,pythia-1b,medium,draw_3
A8.5,attn,8,4,9,13,pythia-1b,medium,draw_3
M8,mlp,8,18,15,33,pythia-1b,medium,draw_3
A9.0,attn,9,1,5,6,pythia-1b,medium,draw_3
A9.2,attn,9,14,14,28,pythia-1b,medium,draw_3
A9.6,attn,9,2,3,5,pythia-1b,medium,draw_3
A9.7,attn,9,0,1,1,pythia-1b,medium,draw_3
M9,mlp,9,25,15,40,pythia-1b,medium,draw_3
A10.0,attn,10,9,5,14,pythia-1b,medium,draw_3
A10.5,attn,10,24,14,38,pythia-1b,medium,draw_3
A10.6,attn,10,26,8,34,pythia-1b,medium,draw_3
M10,mlp,10,19,11,30,pythia-1b,medium,draw_3
A11.0,attn,11,13,5,18,pythia-1b,medium,draw_3
A11.1,attn,11,0,3,3,pythia-1b,medium,draw_3
A11.2,attn,11,15,3,18,pythia-1b,medium,draw_3
A11.4,attn,11,3,2,5,pythia-1b,medium,draw_3
A11.5,attn,11,13,4,17,pythia-1b,medium,draw_3
A11.6,attn,11,17,9,26,pythia-1b,medium,draw_3
A11.7,attn,11,16,7,23,pythia-1b,medium,draw_3
M11,mlp,11,32,13,45,pythia-1b,medium,draw_3
A12.0,attn,12,14,2,16,pythia-1b,medium,draw_3
A12.1,attn,12,4,2,6,pythia-1b,medium,draw_3
A12.2,attn,12,0,1,1,pythia-1b,medium,draw_3
A12.3,attn,12,10,2,12,pythia-1b,medium,draw_3
A12.4,attn,12,3,3,6,pythia-1b,medium,draw_3
A12.5,attn,12,1,5,6,pythia-1b,medium,draw_3
A12.6,attn,12,4,1,5,pythia-1b,medium,draw_3
M12,mlp,12,24,11,35,pythia-1b,medium,draw_3
A13.0,attn,13,2,4,6,pythia-1b,medium,draw_3
A13.1,attn,13,16,3,19,pythia-1b,medium,draw_3
A13.2,attn,13,3,1,4,pythia-1b,medium,draw_3
A13.3,attn,13,16,2,18,pythia-1b,medium,draw_3
A13.4,attn,13,3,3,6,pythia-1b,medium,draw_3
A13.6,attn,13,4,2,6,pythia-1b,medium,draw_3
M13,mlp,13,21,4,25,pythia-1b,medium,draw_3
A14.0,attn,14,2,2,4,pythia-1b,medium,draw_3
A14.2,attn,14,31,3,34,pythia-1b,medium,draw_3
A14.5,attn,14,0,2,2,pythia-1b,medium,draw_3
A14.6,attn,14,2,1,3,pythia-1b,medium,draw_3
M14,mlp,14,23,2,25,pythia-1b,medium,draw_3
A15.0,attn,15,6,1,7,pythia-1b,medium,draw_3
A15.2,attn,15,0,1,1,pythia-1b,medium,draw_3
A15.6,attn,15,0,1,1,pythia-1b,medium,draw_3
A15.7,attn,15,4,1,5,pythia-1b,medium,draw_3
M15,mlp,15,39,1,40,pythia-1b,medium,draw_3
A0.1,attn,0,1,5,6,pythia-1b,medium,draw_3
A0.3,attn,0,1,5,6,pythia-1b,medium,draw_3
A1.3,attn,1,2,8,10,pythia-1b,medium,draw_3
A1.7,attn,1,4,29,33,pythia-1b,medium,draw_3
A2.0,attn,2,1,2,3,pythia-1b,medium,draw_3
A2.5,attn,2,1,7,8,pythia-1b,medium,draw_3
A3.1,attn,3,0,1,1,pythia-1b,medium,draw_3
A3.5,attn,3,8,13,21,pythia-1b,medium,draw_3
A4.0,attn,4,4,5,9,pythia-1b,medium,draw_3
A4.2,attn,4,3,5,8,pythia-1b,medium,draw_3
A7.6,attn,7,0,4,4,pythia-1b,medium,draw_3
A10.1,attn,10,2,3,5,pythia-1b,medium,draw_3
A5.4,attn,5,6,14,20,pythia-1b,medium,draw_3
A10.4,attn,10,1,1,2,pythia-1b,medium,draw_3
A4.5,attn,4,0,4,4,pythia-1b,medium,draw_3
A9.1,attn,9,6,8,14,pythia-1b,medium,draw_3
A6.1,attn,6,3,11,14,pythia-1b,medium,draw_3
A7.7,attn,7,1,5,6,pythia-1b,medium,draw_3
A8.0,attn,8,1,1,2,pythia-1b,medium,draw_3
A8.7,attn,8,1,3,4,pythia-1b,medium,draw_3
A9.4,attn,9,4,5,9,pythia-1b,medium,draw_3
A2.2,attn,2,2,4,6,pythia-1b,medium,draw_3
A4.6,attn,4,0,1,1,pythia-1b,medium,draw_3
A5.5,attn,5,4,8,12,pythia-1b,medium,draw_3
A8.1,attn,8,11,11,22,pythia-1b,medium,draw_3
A9.5,attn,9,8,8,16,pythia-1b,medium,draw_3
A3.2,attn,3,3,7,10,pythia-1b,medium,draw_3
A3.3,attn,3,1,3,4,pythia-1b,medium,draw_3
A1.6,attn,1,1,1,2,pythia-1b,medium,draw_3
A2.1,attn,2,2,6,8,pythia-1b,medium,draw_3
A2.3,attn,2,0,4,4,pythia-1b,medium,draw_3
A3.6,attn,3,3,8,11,pythia-1b,medium,draw_3
A3.7,attn,3,1,2,3,pythia-1b,medium,draw_3
A4.1,attn,4,3,8,11,pythia-1b,medium,draw_3
A0.5,attn,0,1,2,3,pythia-1b,medium,draw_3
A1.0,attn,1,1,6,7,pythia-1b,medium,draw_3
A2.6,attn,2,1,2,3,pythia-1b,medium,draw_3
A0.7,attn,0,1,2,3,pythia-1b,medium,draw_3
embed,embed,-1,0,6,6,pythia-1b,medium,draw_3
A7.4,attn,7,2,2,4,pythia-1b,medium,draw_3
A5.2,attn,5,1,2,3,pythia-1b,medium,draw_3
A2.7,attn,2,0,1,1,pythia-1b,medium,draw_3
A5.0,attn,5,0,1,1,pythia-1b,medium,draw_3
A8.6,attn,8,1,1,2,pythia-1b,medium,draw_3
A10.2,attn,10,0,1,1,pythia-1b,medium,draw_3
A7.5,attn,7,0,1,1,pythia-1b,medium,draw_3
A0.4,attn,0,1,1,2,pythia-1b,medium,draw_3
A0.0,attn,0,0,1,1,pythia-1b,medium,draw_3
M0,mlp,0,1,53,54,pythia-1b,high,draw_1
A3.2,attn,3,4,9,13,pythia-1b,high,draw_1
A1.7,attn,1,2,28,30,pythia-1b,high,draw_1
A2.0,attn,2,1,5,6,pythia-1b,high,draw_1
M2,mlp,2,6,32,38,pythia-1b,high,draw_1
A3.3,attn,3,1,4,5,pythia-1b,high,draw_1
A3.4,attn,3,1,2,3,pythia-1b,high,draw_1
A0.1,attn,0,1,2,3,pythia-1b,high,draw_1
A3.5,attn,3,10,15,25,pythia-1b,high,draw_1
A1.0,attn,1,1,3,4,pythia-1b,high,draw_1
A1.3,attn,1,1,6,7,pythia-1b,high,draw_1
M1,mlp,1,5,21,26,pythia-1b,high,draw_1
A2.1,attn,2,1,4,5,pythia-1b,high,draw_1
A2.3,attn,2,3,5,8,pythia-1b,high,draw_1
A2.5,attn,2,2,6,8,pythia-1b,high,draw_1
A3.6,attn,3,6,10,16,pythia-1b,high,draw_1
A5.4,attn,5,6,13,19,pythia-1b,high,draw_1
A12.0,attn,12,5,3,8,pythia-1b,high,draw_1
M6,mlp,6,24,26,50,pythia-1b,high,draw_1
A7.1,attn,7,22,35,57,pythia-1b,high,draw_1
A8.1,attn,8,16,15,31,pythia-1b,high,draw_1
M9,mlp,9,23,16,39,pythia-1b,high,draw_1
A12.1,attn,12,6,3,9,pythia-1b,high,draw_1
A4.1,attn,4,3,5,8,pythia-1b,high,draw_1
A4.4,attn,4,10,38,48,pythia-1b,high,draw_1
A5.1,attn,5,12,34,46,pythia-1b,high,draw_1
A11.5,attn,11,14,8,22,pythia-1b,high,draw_1
A12.2,attn,12,6,1,7,pythia-1b,high,draw_1
A8.2,attn,8,29,26,55,pythia-1b,high,draw_1
A9.2,attn,9,22,19,41,pythia-1b,high,draw_1
M10,mlp,10,25,13,38,pythia-1b,high,draw_1
A12.3,attn,12,20,1,21,pythia-1b,high,draw_1
M5,mlp,5,18,33,51,pythia-1b,high,draw_1
A6.3,attn,6,7,17,24,pythia-1b,high,draw_1
A6.5,attn,6,12,23,35,pythia-1b,high,draw_1
A7.0,attn,7,15,23,38,pythia-1b,high,draw_1
M7,mlp,7,24,21,45,pythia-1b,high,draw_1
A8.6,attn,8,2,3,5,pythia-1b,high,draw_1
M8,mlp,8,22,21,43,pythia-1b,high,draw_1
A9.4,attn,9,6,7,13,pythia-1b,high,draw_1
A11.0,attn,11,18,9,27,pythia-1b,high,draw_1
A11.7,attn,11,18,7,25,pythia-1b,high,draw_1
M11,mlp,11,40,14,54,pythia-1b,high,draw_1
A10.6,attn,10,19,14,33,pythia-1b,high,draw_1
A12.4,attn,12,2,3,5,pythia-1b,high,draw_1
A12.5,attn,12,1,1,2,pythia-1b,high,draw_1
A12.6,attn,12,9,2,11,pythia-1b,high,draw_1
A7.2,attn,7,21,21,42,pythia-1b,high,draw_1
A7.6,attn,7,0,5,5,pythia-1b,high,draw_1
A8.5,attn,8,11,14,25,pythia-1b,high,draw_1
A2.6,attn,2,3,3,6,pythia-1b,high,draw_1
A2.7,attn,2,0,1,1,pythia-1b,high,draw_1
A3.1,attn,3,0,1,1,pythia-1b,high,draw_1
M3,mlp,3,8,23,31,pythia-1b,high,draw_1
A4.0,attn,4,0,6,6,pythia-1b,high,draw_1
A4.2,attn,4,2,5,7,pythia-1b,high,draw_1
A4.3,attn,4,10,11,21,pythia-1b,high,draw_1
M4,mlp,4,12,25,37,pythia-1b,high,draw_1
A0.0,attn,0,1,4,5,pythia-1b,high,draw_1
A0.3,attn,0,1,5,6,pythia-1b,high,draw_1
A5.3,attn,5,4,11,15,pythia-1b,high,draw_1
A5.7,attn,5,0,6,6,pythia-1b,high,draw_1
A6.0,attn,6,6,10,16,pythia-1b,high,draw_1
A7.5,attn,7,2,4,6,pythia-1b,high,draw_1
A8.7,attn,8,0,3,3,pythia-1b,high,draw_1
A9.5,attn,9,6,11,17,pythia-1b,high,draw_1
M13,mlp,13,23,5,28,pythia-1b,high,draw_1
A10.5,attn,10,26,15,41,pythia-1b,high,draw_1
A11.6,attn,11,20,8,28,pythia-1b,high,draw_1
M12,mlp,12,31,9,40,pythia-1b,high,draw_1
A0.7,attn,0,1,4,5,pythia-1b,high,draw_1
A10.0,attn,10,11,4,15,pythia-1b,high,draw_1
A5.5,attn,5,4,14,18,pythia-1b,high,draw_1
A10.1,attn,10,2,5,7,pythia-1b,high,draw_1
A10.2,attn,10,7,2,9,pythia-1b,high,draw_1
A10.3,attn,10,4,1,5,pythia-1b,high,draw_1
A6.1,attn,6,2,5,7,pythia-1b,high,draw_1
A7.3,attn,7,3,7,10,pythia-1b,high,draw_1
A9.6,attn,9,2,6,8,pythia-1b,high,draw_1
A9.7,attn,9,2,2,4,pythia-1b,high,draw_1
A10.7,attn,10,3,1,4,pythia-1b,high,draw_1
A5.2,attn,5,0,4,4,pythia-1b,high,draw_1
A6.6,attn,6,0,5,5,pythia-1b,high,draw_1
A9.0,attn,9,2,6,8,pythia-1b,high,draw_1
A9.1,attn,9,3,4,7,pythia-1b,high,draw_1
embed,embed,-1,0,6,6,pythia-1b,high,draw_1
M15,mlp,15,37,1,38,pythia-1b,high,draw_1
A13.0,attn,13,1,3,4,pythia-1b,high,draw_1
A13.1,attn,13,24,3,27,pythia-1b,high,draw_1
A13.4,attn,13,4,3,7,pythia-1b,high,draw_1
A13.6,attn,13,4,2,6,pythia-1b,high,draw_1
A14.0,attn,14,4,2,6,pythia-1b,high,draw_1
A14.2,attn,14,35,2,37,pythia-1b,high,draw_1
A14.5,attn,14,0,1,1,pythia-1b,high,draw_1
A14.6,attn,14,2,2,4,pythia-1b,high,draw_1
A6.2,attn,6,0,2,2,pythia-1b,high,draw_1
A5.6,attn,5,0,4,4,pythia-1b,high,draw_1
A11.2,attn,11,20,2,22,pythia-1b,high,draw_1
A11.4,attn,11,4,3,7,pythia-1b,high,draw_1
A7.7,attn,7,1,3,4,pythia-1b,high,draw_1
A8.0,attn,8,2,2,4,pythia-1b,high,draw_1
A6.7,attn,6,0,1,1,pythia-1b,high,draw_1
A4.5,attn,4,3,7,10,pythia-1b,high,draw_1
A15.0,attn,15,1,1,2,pythia-1b,high,draw_1
A15.7,attn,15,9,1,10,pythia-1b,high,draw_1
M14,mlp,14,24,2,26,pythia-1b,high,draw_1
A11.3,attn,11,0,1,1,pythia-1b,high,draw_1
A13.2,attn,13,3,1,4,pythia-1b,high,draw_1
A13.3,attn,13,16,1,17,pythia-1b,high,draw_1
A4.6,attn,4,0,1,1,pythia-1b,high,draw_1
A2.2,attn,2,0,3,3,pythia-1b,high,draw_1
A0.4,attn,0,1,1,2,pythia-1b,high,draw_1
R15,resid,15,72,0,72,pythia-1b,high,draw_1
A13.7,attn,13,0,1,1,pythia-1b,high,draw_1
A15.2,attn,15,0,1,1,pythia-1b,high,draw_1
A15.3,attn,15,0,1,1,pythia-1b,high,draw_1
A15.5,attn,15,0,1,1,pythia-1b,high,draw_1
A15.6,attn,15,0,1,1,pythia-1b,high,draw_1
A0.6,attn,0,0,1,1,pythia-1b,high,draw_1
A0.0,attn,0,1,2,3,pythia-1b,high,draw_2
M9,mlp,9,30,12,42,pythia-1b,high,draw_2
M0,mlp,0,1,54,55,pythia-1b,high,draw_2
A1.0,attn,1,1,6,7,pythia-1b,high,draw_2
M1,mlp,1,1,19,20,pythia-1b,high,draw_2
A2.5,attn,2,2,6,8,pythia-1b,high,draw_2
M2,mlp,2,8,29,37,pythia-1b,high,draw_2
A3.6,attn,3,3,11,14,pythia-1b,high,draw_2
M3,mlp,3,13,23,36,pythia-1b,high,draw_2
A4.2,attn,4,4,5,9,pythia-1b,high,draw_2
A4.4,attn,4,11,33,44,pythia-1b,high,draw_2
A4.7,attn,4,0,1,1,pythia-1b,high,draw_2
M4,mlp,4,10,22,32,pythia-1b,high,draw_2
A5.1,attn,5,12,29,41,pythia-1b,high,draw_2
A5.3,attn,5,3,9,12,pythia-1b,high,draw_2
A5.4,attn,5,5,15,20,pythia-1b,high,draw_2
A5.7,attn,5,4,14,18,pythia-1b,high,draw_2
M5,mlp,5,10,27,37,pythia-1b,high,draw_2
A6.3,attn,6,6,16,22,pythia-1b,high,draw_2
A6.5,attn,6,10,20,30,pythia-1b,high,draw_2
M6,mlp,6,23,26,49,pythia-1b,high,draw_2
A7.0,attn,7,14,23,37,pythia-1b,high,draw_2
A7.1,attn,7,22,26,48,pythia-1b,high,draw_2
A7.2,attn,7,20,19,39,pythia-1b,high,draw_2
A7.3,attn,7,0,4,4,pythia-1b,high,draw_2
A7.6,attn,7,0,5,5,pythia-1b,high,draw_2
M7,mlp,7,20,19,39,pythia-1b,high,draw_2
A8.1,attn,8,3,7,10,pythia-1b,high,draw_2
A8.2,attn,8,33,26,59,pythia-1b,high,draw_2
A8.6,attn,8,1,5,6,pythia-1b,high,draw_2
M8,mlp,8,16,18,34,pythia-1b,high,draw_2
embed,embed,-1,0,5,5,pythia-1b,high,draw_2
A1.7,attn,1,2,24,26,pythia-1b,high,draw_2
A2.2,attn,2,1,6,7,pythia-1b,high,draw_2
A2.6,attn,2,2,2,4,pythia-1b,high,draw_2
A3.0,attn,3,2,3,5,pythia-1b,high,draw_2
A3.1,attn,3,1,2,3,pythia-1b,high,draw_2
A3.2,attn,3,2,5,7,pythia-1b,high,draw_2
A4.1,attn,4,3,5,8,pythia-1b,high,draw_2
A4.3,attn,4,13,13,26,pythia-1b,high,draw_2
A5.0,attn,5,1,4,5,pythia-1b,high,draw_2
A5.5,attn,5,4,5,9,pythia-1b,high,draw_2
A5.6,attn,5,4,7,11,pythia-1b,high,draw_2
A0.1,attn,0,1,3,4,pythia-1b,high,draw_2
A0.4,attn,0,0,1,1,pythia-1b,high,draw_2
A1.3,attn,1,1,4,5,pythia-1b,high,draw_2
A1.5,attn,1,0,1,1,pythia-1b,high,draw_2
A3.5,attn,3,7,16,23,pythia-1b,high,draw_2
A6.0,attn,6,5,4,9,pythia-1b,high,draw_2
A2.0,attn,2,3,3,6,pythia-1b,high,draw_2
A4.0,attn,4,1,3,4,pythia-1b,high,draw_2
A6.2,attn,6,0,1,1,pythia-1b,high,draw_2
A0.3,attn,0,1,4,5,pythia-1b,high,draw_2
A2.1,attn,2,2,6,8,pythia-1b,high,draw_2
A6.1,attn,6,2,4,6,pythia-1b,high,draw_2
A7.4,attn,7,1,1,2,pythia-1b,high,draw_2
A7.5,attn,7,1,2,3,pythia-1b,high,draw_2
A14.2,attn,14,30,4,34,pythia-1b,high,draw_2
A8.5,attn,8,5,11,16,pythia-1b,high,draw_2
A9.0,attn,9,4,7,11,pythia-1b,high,draw_2
A9.2,attn,9,21,15,36,pythia-1b,high,draw_2
A9.5,attn,9,13,9,22,pythia-1b,high,draw_2
A10.1,attn,10,6,6,12,pythia-1b,high,draw_2
A10.5,attn,10,17,11,28,pythia-1b,high,draw_2
A10.6,attn,10,32,14,46,pythia-1b,high,draw_2
M10,mlp,10,15,12,27,pythia-1b,high,draw_2
A11.0,attn,11,13,6,19,pythia-1b,high,draw_2
A11.4,attn,11,3,2,5,pythia-1b,high,draw_2
A11.5,attn,11,30,6,36,pythia-1b,high,draw_2
A11.6,attn,11,15,9,24,pythia-1b,high,draw_2
A11.7,attn,11,22,8,30,pythia-1b,high,draw_2
M11,mlp,11,30,12,42,pythia-1b,high,draw_2
A12.1,attn,12,25,3,28,pythia-1b,high,draw_2
A12.4,attn,12,2,2,4,pythia-1b,high,draw_2
M12,mlp,12,25,7,32,pythia-1b,high,draw_2
A13.0,attn,13,3,4,7,pythia-1b,high,draw_2
A13.3,attn,13,16,4,20,pythia-1b,high,draw_2
M13,mlp,13,15,4,19,pythia-1b,high,draw_2
A14.6,attn,14,3,2,5,pythia-1b,high,draw_2
A9.1,attn,9,1,3,4,pythia-1b,high,draw_2
A8.0,attn,8,0,2,2,pythia-1b,high,draw_2
A9.4,attn,9,10,7,17,pythia-1b,high,draw_2
A5.2,attn,5,0,1,1,pythia-1b,high,draw_2
A9.6,attn,9,3,3,6,pythia-1b,high,draw_2
A9.7,attn,9,1,2,3,pythia-1b,high,draw_2
A15.0,attn,15,2,1,3,pythia-1b,high,draw_2
A15.3,attn,15,1,1,2,pythia-1b,high,draw_2
A15.6,attn,15,3,1,4,pythia-1b,high,draw_2
A15.7,attn,15,11,1,12,pythia-1b,high,draw_2
M14,mlp,14,17,3,20,pythia-1b,high,draw_2
R15,resid,15,69,0,69,pythia-1b,high,draw_2
A6.6,attn,6,3,3,6,pythia-1b,high,draw_2
A10.0,attn,10,8,5,13,pythia-1b,high,draw_2
A11.1,attn,11,0,1,1,pythia-1b,high,draw_2
A11.2,attn,11,1,3,4,pythia-1b,high,draw_2
A12.0,attn,12,2,1,3,pythia-1b,high,draw_2
A12.2,attn,12,6,1,7,pythia-1b,high,draw_2
A12.3,attn,12,11,3,14,pythia-1b,high,draw_2
A12.5,attn,12,2,1,3,pythia-1b,high,draw_2
A12.6,attn,12,2,1,3,pythia-1b,high,draw_2
A13.1,attn,13,5,2,7,pythia-1b,high,draw_2
A13.4,attn,13,2,2,4,pythia-1b,high,draw_2
A13.6,attn,13,4,3,7,pythia-1b,high,draw_2
A13.7,attn,13,0,1,1,pythia-1b,high,draw_2
A14.0,attn,14,0,1,1,pythia-1b,high,draw_2
A14.3,attn,14,0,1,1,pythia-1b,high,draw_2
A14.5,attn,14,0,1,1,pythia-1b,high,draw_2
A15.2,attn,15,0,1,1,pythia-1b,high,draw_2
A15.5,attn,15,0,1,1,pythia-1b,high,draw_2
M15,mlp,15,38,1,39,pythia-1b,high,draw_2
A10.2,attn,10,2,3,5,pythia-1b,high,draw_2
A10.7,attn,10,3,1,4,pythia-1b,high,draw_2
A1.6,attn,1,1,2,3,pythia-1b,high,draw_2
A3.3,attn,3,0,1,1,pythia-1b,high,draw_2
A4.5,attn,4,0,1,1,pythia-1b,high,draw_2
A2.3,attn,2,0,1,1,pythia-1b,high,draw_2
A8.7,attn,8,1,3,4,pythia-1b,high,draw_2
A2.4,attn,2,1,1,2,pythia-1b,high,draw_2
A7.7,attn,7,0,2,2,pythia-1b,high,draw_2
A10.4,attn,10,0,1,1,pythia-1b,high,draw_2
A9.3,attn,9,0,1,1,pythia-1b,high,draw_2
A3.4,attn,3,0,1,1,pythia-1b,high,draw_2
A0.6,attn,0,0,1,1,pythia-1b,high,draw_2
A1.4,attn,1,0,1,1,pythia-1b,high,draw_2
A2.7,attn,2,0,1,1,pythia-1b,high,draw_2
M0,mlp,0,1,53,54,pythia-1b,high,draw_3
M3,mlp,3,7,25,32,pythia-1b,high,draw_3
A1.0,attn,1,1,8,9,pythia-1b,high,draw_3
A1.7,attn,1,1,23,24,pythia-1b,high,draw_3
M1,mlp,1,3,17,20,pythia-1b,high,draw_3
A2.5,attn,2,1,2,3,pythia-1b,high,draw_3
A2.7,attn,2,0,1,1,pythia-1b,high,draw_3
M2,mlp,2,8,28,36,pythia-1b,high,draw_3
A4.4,attn,4,13,31,44,pythia-1b,high,draw_3
A5.0,attn,5,1,3,4,pythia-1b,high,draw_3
A0.1,attn,0,1,6,7,pythia-1b,high,draw_3
A5.1,attn,5,15,27,42,pythia-1b,high,draw_3
A0.3,attn,0,1,5,6,pythia-1b,high,draw_3
A1.3,attn,1,1,8,9,pythia-1b,high,draw_3
A2.0,attn,2,0,5,5,pythia-1b,high,draw_3
A2.1,attn,2,2,7,9,pythia-1b,high,draw_3
A3.5,attn,3,7,14,21,pythia-1b,high,draw_3
A3.6,attn,3,3,14,17,pythia-1b,high,draw_3
A4.0,attn,4,1,3,4,pythia-1b,high,draw_3
M4,mlp,4,13,17,30,pythia-1b,high,draw_3
A5.3,attn,5,8,11,19,pythia-1b,high,draw_3
A3.2,attn,3,3,7,10,pythia-1b,high,draw_3
A4.1,attn,4,5,7,12,pythia-1b,high,draw_3
A4.3,attn,4,13,13,26,pythia-1b,high,draw_3
A4.5,attn,4,1,6,7,pythia-1b,high,draw_3
A5.4,attn,5,6,15,21,pythia-1b,high,draw_3
A5.5,attn,5,5,8,13,pythia-1b,high,draw_3
A5.6,attn,5,1,8,9,pythia-1b,high,draw_3
M7,mlp,7,16,16,32,pythia-1b,high,draw_3
A2.2,attn,2,0,2,2,pythia-1b,high,draw_3
A4.7,attn,4,1,4,5,pythia-1b,high,draw_3
A5.2,attn,5,0,6,6,pythia-1b,high,draw_3
A5.7,attn,5,0,10,10,pythia-1b,high,draw_3
M5,mlp,5,17,30,47,pythia-1b,high,draw_3
A6.3,attn,6,11,17,28,pythia-1b,high,draw_3
A6.5,attn,6,14,21,35,pythia-1b,high,draw_3
M6,mlp,6,22,27,49,pythia-1b,high,draw_3
M8,mlp,8,15,15,30,pythia-1b,high,draw_3
A6.2,attn,6,1,3,4,pythia-1b,high,draw_3
A7.1,attn,7,26,29,55,pythia-1b,high,draw_3
A7.3,attn,7,2,5,7,pythia-1b,high,draw_3
A7.6,attn,7,4,9,13,pythia-1b,high,draw_3
A8.2,attn,8,28,28,56,pythia-1b,high,draw_3
A15.0,attn,15,4,1,5,pythia-1b,high,draw_3
M11,mlp,11,32,16,48,pythia-1b,high,draw_3
M12,mlp,12,26,10,36,pythia-1b,high,draw_3
A14.2,attn,14,35,3,38,pythia-1b,high,draw_3
A15.6,attn,15,1,1,2,pythia-1b,high,draw_3
A10.5,attn,10,20,16,36,pythia-1b,high,draw_3
A15.7,attn,15,6,1,7,pythia-1b,high,draw_3
A10.6,attn,10,23,13,36,pythia-1b,high,draw_3
A11.5,attn,11,22,8,30,pythia-1b,high,draw_3
M14,mlp,14,20,3,23,pythia-1b,high,draw_3
A7.0,attn,7,17,20,37,pythia-1b,high,draw_3
A7.2,attn,7,26,20,46,pythia-1b,high,draw_3
A8.5,attn,8,7,13,20,pythia-1b,high,draw_3
A9.1,attn,9,0,6,6,pythia-1b,high,draw_3
A9.2,attn,9,17,15,32,pythia-1b,high,draw_3
A9.4,attn,9,4,6,10,pythia-1b,high,draw_3
A9.5,attn,9,10,9,19,pythia-1b,high,draw_3
A9.6,attn,9,2,5,7,pythia-1b,high,draw_3
M9,mlp,9,24,16,40,pythia-1b,high,draw_3
M10,mlp,10,19,14,33,pythia-1b,high,draw_3
A11.0,attn,11,18,5,23,pythia-1b,high,draw_3
A11.6,attn,11,35,7,42,pythia-1b,high,draw_3
A11.7,attn,11,19,8,27,pythia-1b,high,draw_3
A7.5,attn,7,1,3,4,pythia-1b,high,draw_3
A7.7,attn,7,1,2,3,pythia-1b,high,draw_3
A8.1,attn,8,7,9,16,pythia-1b,high,draw_3
A8.7,attn,8,3,5,8,pythia-1b,high,draw_3
A9.0,attn,9,4,6,10,pythia-1b,high,draw_3
A10.1,attn,10,5,6,11,pythia-1b,high,draw_3
A4.2,attn,4,2,2,4,pythia-1b,high,draw_3
A0.0,attn,0,1,4,5,pythia-1b,high,draw_3
A1.6,attn,1,1,2,3,pythia-1b,high,draw_3
A2.3,attn,2,0,2,2,pythia-1b,high,draw_3
A4.6,attn,4,1,1,2,pythia-1b,high,draw_3
A3.0,attn,3,1,4,5,pythia-1b,high,draw_3
A3.3,attn,3,1,2,3,pythia-1b,high,draw_3
A3.7,attn,3,1,2,3,pythia-1b,high,draw_3
A7.4,attn,7,1,2,3,pythia-1b,high,draw_3
A1.5,attn,1,1,1,2,pythia-1b,high,draw_3
A6.0,attn,6,2,6,8,pythia-1b,high,draw_3
A0.4,attn,0,0,2,2,pythia-1b,high,draw_3
R15,resid,15,65,0,65,pythia-1b,high,draw_3
A6.1,attn,6,0,1,1,pythia-1b,high,draw_3
A10.0,attn,10,4,2,6,pythia-1b,high,draw_3
A11.2,attn,11,13,3,16,pythia-1b,high,draw_3
A11.4,attn,11,5,3,8,pythia-1b,high,draw_3
A12.0,attn,12,1,1,2,pythia-1b,high,draw_3
A12.1,attn,12,12,2,14,pythia-1b,high,draw_3
A12.2,attn,12,7,1,8,pythia-1b,high,draw_3
A12.3,attn,12,12,4,16,pythia-1b,high,draw_3
A12.4,attn,12,4,3,7,pythia-1b,high,draw_3
A12.5,attn,12,3,1,4,pythia-1b,high,draw_3
A12.6,attn,12,7,1,8,pythia-1b,high,draw_3
A13.0,attn,13,3,3,6,pythia-1b,high,draw_3
A13.1,attn,13,4,2,6,pythia-1b,high,draw_3
A13.2,attn,13,2,1,3,pythia-1b,high,draw_3
A13.3,attn,13,16,2,18,pythia-1b,high,draw_3
A13.4,attn,13,4,3,7,pythia-1b,high,draw_3
A13.6,attn,13,2,2,4,pythia-1b,high,draw_3
M13,mlp,13,21,4,25,pythia-1b,high,draw_3
A14.0,attn,14,3,2,5,pythia-1b,high,draw_3
A14.5,attn,14,1,2,3,pythia-1b,high,draw_3
A14.6,attn,14,8,2,10,pythia-1b,high,draw_3
A15.1,attn,15,0,1,1,pythia-1b,high,draw_3
A15.2,attn,15,0,1,1,pythia-1b,high,draw_3
M15,mlp,15,42,1,43,pythia-1b,high,draw_3
A9.7,attn,9,1,4,5,pythia-1b,high,draw_3
A10.2,attn,10,2,4,6,pythia-1b,high,draw_3
A10.4,attn,10,0,1,1,pythia-1b,high,draw_3
A8.0,attn,8,3,3,6,pythia-1b,high,draw_3
A2.6,attn,2,0,2,2,pythia-1b,high,draw_3
embed,embed,-1,0,4,4,pythia-1b,high,draw_3
A0.5,attn,0,0,1,1,pythia-1b,high,draw_3
A0.7,attn,0,0,1,1,pythia-1b,high,draw_3
A10.7,attn,10,1,1,2,pythia-1b,high,draw_3
A6.6,attn,6,0,1,1,pythia-1b,high,draw_3
A8.6,attn,8,0,2,2,pythia-1b,high,draw_3
A9.3,attn,9,0,2,2,pythia-1b,high,draw_3
M0,mlp,0,1,48,49,pythia-1b,very_high,draw_1
M1,mlp,1,1,15,16,pythia-1b,very_high,draw_1
A4.1,attn,4,3,5,8,pythia-1b,very_high,draw_1
M2,mlp,2,10,18,28,pythia-1b,very_high,draw_1
M3,mlp,3,8,26,34,pythia-1b,very_high,draw_1
A4.2,attn,4,4,2,6,pythia-1b,very_high,draw_1
A1.7,attn,1,2,21,23,pythia-1b,very_high,draw_1
A3.5,attn,3,7,16,23,pythia-1b,very_high,draw_1
A0.0,attn,0,1,6,7,pythia-1b,very_high,draw_1
A4.3,attn,4,14,10,24,pythia-1b,very_high,draw_1
A1.0,attn,1,1,6,7,pythia-1b,very_high,draw_1
A1.3,attn,1,1,6,7,pythia-1b,very_high,draw_1
A1.6,attn,1,1,1,2,pythia-1b,very_high,draw_1
A2.0,attn,2,1,7,8,pythia-1b,very_high,draw_1
A2.1,attn,2,1,5,6,pythia-1b,very_high,draw_1
A2.3,attn,2,0,2,2,pythia-1b,very_high,draw_1
A3.2,attn,3,2,8,10,pythia-1b,very_high,draw_1
A3.6,attn,3,4,12,16,pythia-1b,very_high,draw_1
A4.4,attn,4,12,38,50,pythia-1b,very_high,draw_1
A4.5,attn,4,3,4,7,pythia-1b,very_high,draw_1
M11,mlp,11,29,15,44,pythia-1b,very_high,draw_1
A13.0,attn,13,2,3,5,pythia-1b,very_high,draw_1
M12,mlp,12,19,9,28,pythia-1b,very_high,draw_1
A13.3,attn,13,14,2,16,pythia-1b,very_high,draw_1
A5.4,attn,5,5,13,18,pythia-1b,very_high,draw_1
A6.3,attn,6,5,13,18,pythia-1b,very_high,draw_1
A7.0,attn,7,17,18,35,pythia-1b,very_high,draw_1
A7.1,attn,7,30,27,57,pythia-1b,very_high,draw_1
M7,mlp,7,22,19,41,pythia-1b,very_high,draw_1
A8.2,attn,8,28,25,53,pythia-1b,very_high,draw_1
A8.5,attn,8,4,8,12,pythia-1b,very_high,draw_1
A9.2,attn,9,15,13,28,pythia-1b,very_high,draw_1
A10.1,attn,10,2,6,8,pythia-1b,very_high,draw_1
A10.2,attn,10,10,3,13,pythia-1b,very_high,draw_1
A10.6,attn,10,30,11,41,pythia-1b,very_high,draw_1
A12.3,attn,12,12,5,17,pythia-1b,very_high,draw_1
A7.2,attn,7,18,15,33,pythia-1b,very_high,draw_1
A13.4,attn,13,3,2,5,pythia-1b,very_high,draw_1
A13.6,attn,13,3,2,5,pythia-1b,very_high,draw_1
A9.5,attn,9,8,9,17,pythia-1b,very_high,draw_1
M9,mlp,9,21,15,36,pythia-1b,very_high,draw_1
embed,embed,-1,0,4,4,pythia-1b,very_high,draw_1
M4,mlp,4,9,22,31,pythia-1b,very_high,draw_1
A2.6,attn,2,2,4,6,pythia-1b,very_high,draw_1
A3.1,attn,3,0,1,1,pythia-1b,very_high,draw_1
A3.7,attn,3,1,2,3,pythia-1b,very_high,draw_1
A5.1,attn,5,13,27,40,pythia-1b,very_high,draw_1
M5,mlp,5,15,27,42,pythia-1b,very_high,draw_1
M6,mlp,6,23,25,48,pythia-1b,very_high,draw_1
A7.3,attn,7,2,5,7,pythia-1b,very_high,draw_1
A7.5,attn,7,0,4,4,pythia-1b,very_high,draw_1
A8.7,attn,8,2,6,8,pythia-1b,very_high,draw_1
M8,mlp,8,15,11,26,pythia-1b,very_high,draw_1
A9.0,attn,9,1,4,5,pythia-1b,very_high,draw_1
A10.0,attn,10,11,5,16,pythia-1b,very_high,draw_1
A10.5,attn,10,13,10,23,pythia-1b,very_high,draw_1
M10,mlp,10,17,13,30,pythia-1b,very_high,draw_1
M13,mlp,13,18,3,21,pythia-1b,very_high,draw_1
A9.4,attn,9,3,4,7,pythia-1b,very_high,draw_1
A11.5,attn,11,25,8,33,pythia-1b,very_high,draw_1
A0.3,attn,0,1,7,8,pythia-1b,very_high,draw_1
A2.2,attn,2,3,2,5,pythia-1b,very_high,draw_1
A3.0,attn,3,0,1,1,pythia-1b,very_high,draw_1
A4.0,attn,4,0,2,2,pythia-1b,very_high,draw_1
A4.6,attn,4,0,2,2,pythia-1b,very_high,draw_1
A5.2,attn,5,2,1,3,pythia-1b,very_high,draw_1
A5.3,attn,5,4,10,14,pythia-1b,very_high,draw_1
A5.5,attn,5,3,9,12,pythia-1b,very_high,draw_1
A2.5,attn,2,2,2,4,pythia-1b,very_high,draw_1
A5.6,attn,5,1,3,4,pythia-1b,very_high,draw_1
A5.7,attn,5,2,7,9,pythia-1b,very_high,draw_1
A4.7,attn,4,0,2,2,pythia-1b,very_high,draw_1
A6.2,attn,6,0,4,4,pythia-1b,very_high,draw_1
A6.5,attn,6,10,15,25,pythia-1b,very_high,draw_1
A6.6,attn,6,1,2,3,pythia-1b,very_high,draw_1
A0.5,attn,0,1,2,3,pythia-1b,very_high,draw_1
A11.7,attn,11,13,3,16,pythia-1b,very_high,draw_1
A12.1,attn,12,12,3,15,pythia-1b,very_high,draw_1
A11.4,attn,11,3,3,6,pythia-1b,very_high,draw_1
A11.6,attn,11,12,3,15,pythia-1b,very_high,draw_1
A12.2,attn,12,6,1,7,pythia-1b,very_high,draw_1
A12.6,attn,12,1,1,2,pythia-1b,very_high,draw_1
A15.6,attn,15,1,1,2,pythia-1b,very_high,draw_1
A15.7,attn,15,3,1,4,pythia-1b,very_high,draw_1
R15,resid,15,67,0,67,pythia-1b,very_high,draw_1
A7.6,attn,7,2,5,7,pythia-1b,very_high,draw_1
A10.4,attn,10,0,1,1,pythia-1b,very_high,draw_1
A11.0,attn,11,9,2,11,pythia-1b,very_high,draw_1
A11.2,attn,11,14,1,15,pythia-1b,very_high,draw_1
A13.1,attn,13,0,1,1,pythia-1b,very_high,draw_1
A14.0,attn,14,2,2,4,pythia-1b,very_high,draw_1
A14.2,attn,14,21,2,23,pythia-1b,very_high,draw_1
A14.5,attn,14,2,1,3,pythia-1b,very_high,draw_1
A14.6,attn,14,4,2,6,pythia-1b,very_high,draw_1
M14,mlp,14,20,1,21,pythia-1b,very_high,draw_1
A15.0,attn,15,0,1,1,pythia-1b,very_high,draw_1
A15.2,attn,15,0,1,1,pythia-1b,very_high,draw_1
A15.3,attn,15,0,1,1,pythia-1b,very_high,draw_1
A15.5,attn,15,0,1,1,pythia-1b,very_high,draw_1
M15,mlp,15,32,1,33,pythia-1b,very_high,draw_1
A3.3,attn,3,0,1,1,pythia-1b,very_high,draw_1
A5.0,attn,5,0,1,1,pythia-1b,very_high,draw_1
A6.0,attn,6,1,3,4,pythia-1b,very_high,draw_1
A7.4,attn,7,2,1,3,pythia-1b,very_high,draw_1
A7.7,attn,7,0,2,2,pythia-1b,very_high,draw_1
A0.6,attn,0,0,1,1,pythia-1b,very_high,draw_1
A2.7,attn,2,0,1,1,pythia-1b,very_high,draw_1
A1.4,attn,1,0,1,1,pythia-1b,very_high,draw_1
A9.1,attn,9,0,3,3,pythia-1b,very_high,draw_1
A12.4,attn,12,0,1,1,pythia-1b,very_high,draw_1
A8.0,attn,8,1,2,3,pythia-1b,very_high,draw_1
A8.1,attn,8,11,6,17,pythia-1b,very_high,draw_1
A6.1,attn,6,0,3,3,pythia-1b,very_high,draw_1
A8.6,attn,8,1,1,2,pythia-1b,very_high,draw_1
A9.6,attn,9,3,3,6,pythia-1b,very_high,draw_1
A9.7,attn,9,0,1,1,pythia-1b,very_high,draw_1
A0.1,attn,0,0,1,1,pythia-1b,very_high,draw_1
A0.4,attn,0,0,1,1,pythia-1b,very_high,draw_1
M0,mlp,0,1,52,53,pythia-1b,very_high,draw_2
M5,mlp,5,15,27,42,pythia-1b,very_high,draw_2
A1.7,attn,1,2,22,24,pythia-1b,very_high,draw_2
M1,mlp,1,3,17,20,pythia-1b,very_high,draw_2
A2.1,attn,2,2,7,9,pythia-1b,very_high,draw_2
A2.2,attn,2,0,3,3,pythia-1b,very_high,draw_2
A2.5,attn,2,2,3,5,pythia-1b,very_high,draw_2
A2.6,attn,2,2,3,5,pythia-1b,very_high,draw_2
M2,mlp,2,8,36,44,pythia-1b,very_high,draw_2
A3.5,attn,3,9,18,27,pythia-1b,very_high,draw_2
A3.6,attn,3,4,12,16,pythia-1b,very_high,draw_2
M3,mlp,3,11,25,36,pythia-1b,very_high,draw_2
A4.2,attn,4,3,2,5,pythia-1b,very_high,draw_2
A4.4,attn,4,15,31,46,pythia-1b,very_high,draw_2
A4.5,attn,4,3,7,10,pythia-1b,very_high,draw_2
M4,mlp,4,9,21,30,pythia-1b,very_high,draw_2
A7.0,attn,7,17,20,37,pythia-1b,very_high,draw_2
A5.1,attn,5,16,28,44,pythia-1b,very_high,draw_2
A5.3,attn,5,4,10,14,pythia-1b,very_high,draw_2
A5.4,attn,5,5,13,18,pythia-1b,very_high,draw_2
A6.0,attn,6,4,7,11,pythia-1b,very_high,draw_2
A6.3,attn,6,10,20,30,pythia-1b,very_high,draw_2
A6.5,attn,6,12,19,31,pythia-1b,very_high,draw_2
M6,mlp,6,22,21,43,pythia-1b,very_high,draw_2
A7.1,attn,7,24,33,57,pythia-1b,very_high,draw_2
A1.0,attn,1,1,6,7,pythia-1b,very_high,draw_2
A2.0,attn,2,1,5,6,pythia-1b,very_high,draw_2
A2.3,attn,2,1,4,5,pythia-1b,very_high,draw_2
A3.2,attn,3,3,7,10,pythia-1b,very_high,draw_2
A3.3,attn,3,1,3,4,pythia-1b,very_high,draw_2
A5.5,attn,5,5,6,11,pythia-1b,very_high,draw_2
A5.7,attn,5,4,12,16,pythia-1b,very_high,draw_2
A6.1,attn,6,1,5,6,pythia-1b,very_high,draw_2
A6.2,attn,6,1,3,4,pythia-1b,very_high,draw_2
A0.3,attn,0,1,7,8,pythia-1b,very_high,draw_2
A7.2,attn,7,20,20,40,pythia-1b,very_high,draw_2
A4.3,attn,4,19,14,33,pythia-1b,very_high,draw_2
A4.7,attn,4,0,1,1,pythia-1b,very_high,draw_2
A5.0,attn,5,2,3,5,pythia-1b,very_high,draw_2
A7.3,attn,7,1,6,7,pythia-1b,very_high,draw_2
A7.6,attn,7,1,7,8,pythia-1b,very_high,draw_2
M9,mlp,9,28,18,46,pythia-1b,very_high,draw_2
A6.6,attn,6,0,1,1,pythia-1b,very_high,draw_2
A6.7,attn,6,1,2,3,pythia-1b,very_high,draw_2
A7.5,attn,7,0,5,5,pythia-1b,very_high,draw_2
M7,mlp,7,17,17,34,pythia-1b,very_high,draw_2
A8.1,attn,8,10,11,21,pythia-1b,very_high,draw_2
A8.2,attn,8,28,26,54,pythia-1b,very_high,draw_2
A8.5,attn,8,3,10,13,pythia-1b,very_high,draw_2
A8.6,attn,8,1,3,4,pythia-1b,very_high,draw_2
M8,mlp,8,14,14,28,pythia-1b,very_high,draw_2
A10.0,attn,10,7,2,9,pythia-1b,very_high,draw_2
A9.2,attn,9,20,11,31,pythia-1b,very_high,draw_2
A10.1,attn,10,8,5,13,pythia-1b,very_high,draw_2
A10.2,attn,10,11,4,15,pythia-1b,very_high,draw_2
A10.5,attn,10,15,12,27,pythia-1b,very_high,draw_2
A10.6,attn,10,32,12,44,pythia-1b,very_high,draw_2
A7.7,attn,7,0,1,1,pythia-1b,very_high,draw_2
A8.0,attn,8,0,6,6,pythia-1b,very_high,draw_2
A9.0,attn,9,3,4,7,pythia-1b,very_high,draw_2
A9.1,attn,9,4,6,10,pythia-1b,very_high,draw_2
A9.3,attn,9,0,1,1,pythia-1b,very_high,draw_2
A9.6,attn,9,4,4,8,pythia-1b,very_high,draw_2
A9.7,attn,9,1,1,2,pythia-1b,very_high,draw_2
A9.4,attn,9,1,3,4,pythia-1b,very_high,draw_2
A9.5,attn,9,9,5,14,pythia-1b,very_high,draw_2
A0.1,attn,0,1,7,8,pythia-1b,very_high,draw_2
A7.4,attn,7,0,1,1,pythia-1b,very_high,draw_2
A8.7,attn,8,4,4,8,pythia-1b,very_high,draw_2
M14,mlp,14,17,2,19,pythia-1b,very_high,draw_2
M10,mlp,10,18,13,31,pythia-1b,very_high,draw_2
A11.6,attn,11,21,7,28,pythia-1b,very_high,draw_2
M11,mlp,11,36,16,52,pythia-1b,very_high,draw_2
M12,mlp,12,23,8,31,pythia-1b,very_high,draw_2
A13.1,attn,13,3,2,5,pythia-1b,very_high,draw_2
embed,embed,-1,0,4,4,pythia-1b,very_high,draw_2
R15,resid,15,70,0,70,pythia-1b,very_high,draw_2
A5.6,attn,5,3,6,9,pythia-1b,very_high,draw_2
A10.4,attn,10,0,1,1,pythia-1b,very_high,draw_2
A11.0,attn,11,15,6,21,pythia-1b,very_high,draw_2
A11.2,attn,11,4,3,7,pythia-1b,very_high,draw_2
A11.4,attn,11,1,3,4,pythia-1b,very_high,draw_2
A11.5,attn,11,31,5,36,pythia-1b,very_high,draw_2
A11.7,attn,11,5,5,10,pythia-1b,very_high,draw_2
A12.0,attn,12,2,1,3,pythia-1b,very_high,draw_2
A12.1,attn,12,11,1,12,pythia-1b,very_high,draw_2
A12.2,attn,12,6,1,7,pythia-1b,very_high,draw_2
A12.3,attn,12,25,3,28,pythia-1b,very_high,draw_2
A12.5,attn,12,2,1,3,pythia-1b,very_high,draw_2
A12.6,attn,12,6,1,7,pythia-1b,very_high,draw_2
A13.0,attn,13,2,3,5,pythia-1b,very_high,draw_2
A13.3,attn,13,12,2,14,pythia-1b,very_high,draw_2
A13.4,attn,13,3,2,5,pythia-1b,very_high,draw_2
A13.6,attn,13,2,2,4,pythia-1b,very_high,draw_2
A13.7,attn,13,0,1,1,pythia-1b,very_high,draw_2
M13,mlp,13,13,4,17,pythia-1b,very_high,draw_2
A14.0,attn,14,4,2,6,pythia-1b,very_high,draw_2
A14.2,attn,14,23,3,26,pythia-1b,very_high,draw_2
A14.3,attn,14,1,1,2,pythia-1b,very_high,draw_2
A14.5,attn,14,2,1,3,pythia-1b,very_high,draw_2
A14.6,attn,14,4,2,6,pythia-1b,very_high,draw_2
A15.0,attn,15,3,1,4,pythia-1b,very_high,draw_2
A15.2,attn,15,1,1,2,pythia-1b,very_high,draw_2
A15.3,attn,15,0,1,1,pythia-1b,very_high,draw_2
A15.5,attn,15,0,1,1,pythia-1b,very_high,draw_2
A15.6,attn,15,1,1,2,pythia-1b,very_high,draw_2
A15.7,attn,15,7,1,8,pythia-1b,very_high,draw_2
M15,mlp,15,38,1,39,pythia-1b,very_high,draw_2
A12.4,attn,12,1,2,3,pythia-1b,very_high,draw_2
A4.1,attn,4,4,5,9,pythia-1b,very_high,draw_2
A0.0,attn,0,1,5,6,pythia-1b,very_high,draw_2
A1.3,attn,1,1,5,6,pythia-1b,very_high,draw_2
A1.6,attn,1,1,1,2,pythia-1b,very_high,draw_2
A1.4,attn,1,0,2,2,pythia-1b,very_high,draw_2
A1.5,attn,1,0,1,1,pythia-1b,very_high,draw_2
A2.7,attn,2,0,2,2,pythia-1b,very_high,draw_2
A4.6,attn,4,0,1,1,pythia-1b,very_high,draw_2
A5.2,attn,5,1,1,2,pythia-1b,very_high,draw_2
A0.4,attn,0,0,2,2,pythia-1b,very_high,draw_2
A0.5,attn,0,0,1,1,pythia-1b,very_high,draw_2
A10.7,attn,10,0,1,1,pythia-1b,very_high,draw_2
A4.0,attn,4,0,1,1,pythia-1b,very_high,draw_2
M0,mlp,0,1,53,54,pythia-1b,very_high,draw_3
M15,mlp,15,40,1,41,pythia-1b,very_high,draw_3
M3,mlp,3,8,25,33,pythia-1b,very_high,draw_3
A4.4,attn,4,5,26,31,pythia-1b,very_high,draw_3
M4,mlp,4,8,19,27,pythia-1b,very_high,draw_3
A5.1,attn,5,12,29,41,pythia-1b,very_high,draw_3
A5.7,attn,5,6,12,18,pythia-1b,very_high,draw_3
M5,mlp,5,18,23,41,pythia-1b,very_high,draw_3
M6,mlp,6,19,23,42,pythia-1b,very_high,draw_3
A7.1,attn,7,26,29,55,pythia-1b,very_high,draw_3
A7.2,attn,7,23,18,41,pythia-1b,very_high,draw_3
A7.7,attn,7,0,4,4,pythia-1b,very_high,draw_3
M7,mlp,7,15,15,30,pythia-1b,very_high,draw_3
A8.1,attn,8,9,8,17,pythia-1b,very_high,draw_3
A8.2,attn,8,28,28,56,pythia-1b,very_high,draw_3
A8.6,attn,8,2,3,5,pythia-1b,very_high,draw_3
M8,mlp,8,13,16,29,pythia-1b,very_high,draw_3
A9.0,attn,9,1,4,5,pythia-1b,very_high,draw_3
A9.2,attn,9,21,15,36,pythia-1b,very_high,draw_3
A9.5,attn,9,4,5,9,pythia-1b,very_high,draw_3
M9,mlp,9,29,13,42,pythia-1b,very_high,draw_3
A10.5,attn,10,13,10,23,pythia-1b,very_high,draw_3
A10.6,attn,10,26,11,37,pythia-1b,very_high,draw_3
M10,mlp,10,17,11,28,pythia-1b,very_high,draw_3
A11.0,attn,11,10,5,15,pythia-1b,very_high,draw_3
A11.4,attn,11,1,3,4,pythia-1b,very_high,draw_3
A11.5,attn,11,28,7,35,pythia-1b,very_high,draw_3
A11.7,attn,11,14,5,19,pythia-1b,very_high,draw_3
M11,mlp,11,28,13,41,pythia-1b,very_high,draw_3
A12.3,attn,12,16,4,20,pythia-1b,very_high,draw_3
A12.4,attn,12,0,1,1,pythia-1b,very_high,draw_3
M12,mlp,12,19,9,28,pythia-1b,very_high,draw_3
A13.0,attn,13,2,3,5,pythia-1b,very_high,draw_3
A13.3,attn,13,12,2,14,pythia-1b,very_high,draw_3
A13.4,attn,13,4,2,6,pythia-1b,very_high,draw_3
A13.6,attn,13,3,2,5,pythia-1b,very_high,draw_3
M13,mlp,13,18,4,22,pythia-1b,very_high,draw_3
A14.0,attn,14,2,2,4,pythia-1b,very_high,draw_3
A14.2,attn,14,17,2,19,pythia-1b,very_high,draw_3
A14.6,attn,14,6,2,8,pythia-1b,very_high,draw_3
M14,mlp,14,20,2,22,pythia-1b,very_high,draw_3
A1.7,attn,1,2,23,25,pythia-1b,very_high,draw_3
M1,mlp,1,5,22,27,pythia-1b,very_high,draw_3
A4.0,attn,4,1,4,5,pythia-1b,very_high,draw_3
A5.4,attn,5,4,10,14,pythia-1b,very_high,draw_3
A6.0,attn,6,3,7,10,pythia-1b,very_high,draw_3
A6.3,attn,6,6,15,21,pythia-1b,very_high,draw_3
A7.0,attn,7,18,18,36,pythia-1b,very_high,draw_3
A7.5,attn,7,1,3,4,pythia-1b,very_high,draw_3
A8.0,attn,8,0,1,1,pythia-1b,very_high,draw_3
A8.5,attn,8,3,4,7,pythia-1b,very_high,draw_3
A8.7,attn,8,2,4,6,pythia-1b,very_high,draw_3
A9.4,attn,9,3,4,7,pythia-1b,very_high,draw_3
A9.6,attn,9,5,3,8,pythia-1b,very_high,draw_3
A6.1,attn,6,2,2,4,pythia-1b,very_high,draw_3
A6.5,attn,6,10,16,26,pythia-1b,very_high,draw_3
A3.6,attn,3,4,10,14,pythia-1b,very_high,draw_3
A4.3,attn,4,13,13,26,pythia-1b,very_high,draw_3
A6.6,attn,6,1,2,3,pythia-1b,very_high,draw_3
M2,mlp,2,8,23,31,pythia-1b,very_high,draw_3
A12.6,attn,12,9,2,11,pythia-1b,very_high,draw_3
A2.0,attn,2,0,2,2,pythia-1b,very_high,draw_3
A2.2,attn,2,1,2,3,pythia-1b,very_high,draw_3
A3.5,attn,3,8,14,22,pythia-1b,very_high,draw_3
A12.1,attn,12,2,2,4,pythia-1b,very_high,draw_3
A12.2,attn,12,7,1,8,pythia-1b,very_high,draw_3
A10.2,attn,10,3,4,7,pythia-1b,very_high,draw_3
A10.1,attn,10,0,3,3,pythia-1b,very_high,draw_3
A1.0,attn,1,1,4,5,pythia-1b,very_high,draw_3
A1.3,attn,1,1,7,8,pythia-1b,very_high,draw_3
A1.5,attn,1,1,1,2,pythia-1b,very_high,draw_3
A0.3,attn,0,1,12,13,pythia-1b,very_high,draw_3
A13.1,attn,13,5,1,6,pythia-1b,very_high,draw_3
A12.5,attn,12,0,1,1,pythia-1b,very_high,draw_3
A0.1,attn,0,0,3,3,pythia-1b,very_high,draw_3
A0.4,attn,0,1,2,3,pythia-1b,very_high,draw_3
A15.3,attn,15,2,1,3,pythia-1b,very_high,draw_3
A15.6,attn,15,1,1,2,pythia-1b,very_high,draw_3
A15.7,attn,15,2,1,3,pythia-1b,very_high,draw_3
embed,embed,-1,0,4,4,pythia-1b,very_high,draw_3
A0.0,attn,0,1,3,4,pythia-1b,very_high,draw_3
A11.2,attn,11,16,3,19,pythia-1b,very_high,draw_3
A11.6,attn,11,8,3,11,pythia-1b,very_high,draw_3
A3.2,attn,3,3,9,12,pythia-1b,very_high,draw_3
A3.3,attn,3,2,5,7,pythia-1b,very_high,draw_3
A2.1,attn,2,3,4,7,pythia-1b,very_high,draw_3
A2.3,attn,2,1,2,3,pythia-1b,very_high,draw_3
A9.1,attn,9,0,1,1,pythia-1b,very_high,draw_3
A4.1,attn,4,2,5,7,pythia-1b,very_high,draw_3
A7.3,attn,7,0,4,4,pythia-1b,very_high,draw_3
A5.3,attn,5,5,8,13,pythia-1b,very_high,draw_3
A4.5,attn,4,1,3,4,pythia-1b,very_high,draw_3
A5.2,attn,5,0,2,2,pythia-1b,very_high,draw_3
A5.5,attn,5,3,8,11,pythia-1b,very_high,draw_3
A7.4,attn,7,0,1,1,pythia-1b,very_high,draw_3
A5.6,attn,5,4,4,8,pythia-1b,very_high,draw_3
A2.6,attn,2,2,1,3,pythia-1b,very_high,draw_3
A2.7,attn,2,0,1,1,pythia-1b,very_high,draw_3
A4.2,attn,4,3,3,6,pythia-1b,very_high,draw_3
A7.6,attn,7,1,2,3,pythia-1b,very_high,draw_3
A10.7,attn,10,0,1,1,pythia-1b,very_high,draw_3
A9.7,attn,9,0,2,2,pythia-1b,very_high,draw_3
R15,resid,15,68,0,68,pythia-1b,very_high,draw_3
A10.0,attn,10,5,1,6,pythia-1b,very_high,draw_3
A12.7,attn,12,0,1,1,pythia-1b,very_high,draw_3
A14.3,attn,14,0,1,1,pythia-1b,very_high,draw_3
A14.5,attn,14,0,1,1,pythia-1b,very_high,draw_3
A14.7,attn,14,0,1,1,pythia-1b,very_high,draw_3
A15.0,attn,15,0,1,1,pythia-1b,very_high,draw_3
A15.2,attn,15,0,1,1,pythia-1b,very_high,draw_3
A4.7,attn,4,2,3,5,pythia-1b,very_high,draw_3
A2.5,attn,2,2,2,4,pythia-1b,very_high,draw_3
A5.0,attn,5,0,2,2,pythia-1b,very_high,draw_3
A6.2,attn,6,0,1,1,pythia-1b,very_high,draw_3
A0.5,attn,0,0,1,1,pythia-1b,very_high,draw_3
M5,mlp,5,11,25,36,pythia-1b,control,draw_1
A12.1,attn,12,6,3,9,pythia-1b,control,draw_1
A7.1,attn,7,26,30,56,pythia-1b,control,draw_1
A8.1,attn,8,15,11,26,pythia-1b,control,draw_1
A10.6,attn,10,31,11,42,pythia-1b,control,draw_1
A11.6,attn,11,17,7,24,pythia-1b,control,draw_1
A11.7,attn,11,19,6,25,pythia-1b,control,draw_1
A4.4,attn,4,12,35,47,pythia-1b,control,draw_1
A12.2,attn,12,3,1,4,pythia-1b,control,draw_1
M8,mlp,8,14,14,28,pythia-1b,control,draw_1
M0,mlp,0,1,59,60,pythia-1b,control,draw_1
A12.3,attn,12,8,5,13,pythia-1b,control,draw_1
A6.5,attn,6,13,22,35,pythia-1b,control,draw_1
A7.0,attn,7,16,20,36,pythia-1b,control,draw_1
A7.2,attn,7,19,20,39,pythia-1b,control,draw_1
A9.2,attn,9,24,14,38,pythia-1b,control,draw_1
M11,mlp,11,34,14,48,pythia-1b,control,draw_1
A12.4,attn,12,1,2,3,pythia-1b,control,draw_1
M6,mlp,6,22,24,46,pythia-1b,control,draw_1
A12.6,attn,12,3,1,4,pythia-1b,control,draw_1
A9.4,attn,9,5,7,12,pythia-1b,control,draw_1
A6.0,attn,6,4,7,11,pythia-1b,control,draw_1
A5.4,attn,5,9,17,26,pythia-1b,control,draw_1
A6.1,attn,6,2,5,7,pythia-1b,control,draw_1
A5.1,attn,5,19,32,51,pythia-1b,control,draw_1
A6.3,attn,6,7,20,27,pythia-1b,control,draw_1
M3,mlp,3,13,25,38,pythia-1b,control,draw_1
A4.1,attn,4,2,7,9,pythia-1b,control,draw_1
M4,mlp,4,8,26,34,pythia-1b,control,draw_1
A1.7,attn,1,1,21,22,pythia-1b,control,draw_1
M1,mlp,1,4,17,21,pythia-1b,control,draw_1
M2,mlp,2,7,29,36,pythia-1b,control,draw_1
A4.3,attn,4,10,18,28,pythia-1b,control,draw_1
A5.7,attn,5,5,13,18,pythia-1b,control,draw_1
A1.3,attn,1,1,9,10,pythia-1b,control,draw_1
A1.5,attn,1,1,3,4,pythia-1b,control,draw_1
A1.6,attn,1,1,3,4,pythia-1b,control,draw_1
A3.5,attn,3,8,19,27,pythia-1b,control,draw_1
A2.0,attn,2,1,4,5,pythia-1b,control,draw_1
A2.1,attn,2,3,7,10,pythia-1b,control,draw_1
A2.2,attn,2,2,4,6,pythia-1b,control,draw_1
A2.3,attn,2,1,1,2,pythia-1b,control,draw_1
A2.5,attn,2,1,5,6,pythia-1b,control,draw_1
A13.0,attn,13,2,4,6,pythia-1b,control,draw_1
M12,mlp,12,27,9,36,pythia-1b,control,draw_1
A13.1,attn,13,6,2,8,pythia-1b,control,draw_1
A13.3,attn,13,17,1,18,pythia-1b,control,draw_1
A8.2,attn,8,31,27,58,pythia-1b,control,draw_1
A8.6,attn,8,0,1,1,pythia-1b,control,draw_1
A8.7,attn,8,8,5,13,pythia-1b,control,draw_1
A10.1,attn,10,5,6,11,pythia-1b,control,draw_1
M10,mlp,10,20,7,27,pythia-1b,control,draw_1
A10.0,attn,10,10,4,14,pythia-1b,control,draw_1
A13.4,attn,13,3,2,5,pythia-1b,control,draw_1
A9.0,attn,9,7,9,16,pythia-1b,control,draw_1
A13.6,attn,13,4,1,5,pythia-1b,control,draw_1
A9.5,attn,9,13,10,23,pythia-1b,control,draw_1
A11.0,attn,11,11,4,15,pythia-1b,control,draw_1
A5.5,attn,5,3,10,13,pythia-1b,control,draw_1
A7.7,attn,7,0,1,1,pythia-1b,control,draw_1
M14,mlp,14,16,3,19,pythia-1b,control,draw_1
M9,mlp,9,29,14,43,pythia-1b,control,draw_1
A10.5,attn,10,17,9,26,pythia-1b,control,draw_1
M13,mlp,13,23,5,28,pythia-1b,control,draw_1
A0.3,attn,0,1,6,7,pythia-1b,control,draw_1
A0.4,attn,0,0,1,1,pythia-1b,control,draw_1
A0.6,attn,0,1,2,3,pythia-1b,control,draw_1
A2.6,attn,2,0,1,1,pythia-1b,control,draw_1
A2.7,attn,2,0,2,2,pythia-1b,control,draw_1
A8.5,attn,8,6,12,18,pythia-1b,control,draw_1
A11.2,attn,11,7,1,8,pythia-1b,control,draw_1
A11.4,attn,11,1,2,3,pythia-1b,control,draw_1
A11.5,attn,11,34,4,38,pythia-1b,control,draw_1
A3.6,attn,3,4,11,15,pythia-1b,control,draw_1
A4.0,attn,4,1,3,4,pythia-1b,control,draw_1
A5.3,attn,5,6,11,17,pythia-1b,control,draw_1
A7.6,attn,7,0,5,5,pythia-1b,control,draw_1
M7,mlp,7,25,14,39,pythia-1b,control,draw_1
A8.0,attn,8,0,2,2,pythia-1b,control,draw_1
A9.1,attn,9,8,5,13,pythia-1b,control,draw_1
A9.3,attn,9,0,2,2,pythia-1b,control,draw_1
A9.6,attn,9,4,4,8,pythia-1b,control,draw_1
A10.7,attn,10,3,1,4,pythia-1b,control,draw_1
A9.7,attn,9,2,2,4,pythia-1b,control,draw_1
A10.3,attn,10,0,1,1,pythia-1b,control,draw_1
embed,embed,-1,0,4,4,pythia-1b,control,draw_1
A0.0,attn,0,1,4,5,pythia-1b,control,draw_1
A14.0,attn,14,3,2,5,pythia-1b,control,draw_1
A14.2,attn,14,21,4,25,pythia-1b,control,draw_1
A12.0,attn,12,0,1,1,pythia-1b,control,draw_1
A14.5,attn,14,1,1,2,pythia-1b,control,draw_1
A14.6,attn,14,7,2,9,pythia-1b,control,draw_1
R15,resid,15,66,0,66,pythia-1b,control,draw_1
A5.6,attn,5,3,4,7,pythia-1b,control,draw_1
A6.6,attn,6,0,2,2,pythia-1b,control,draw_1
A7.3,attn,7,4,6,10,pythia-1b,control,draw_1
A12.7,attn,12,0,1,1,pythia-1b,control,draw_1
A14.3,attn,14,0,1,1,pythia-1b,control,draw_1
A15.0,attn,15,1,1,2,pythia-1b,control,draw_1
A15.2,attn,15,0,1,1,pythia-1b,control,draw_1
A15.6,attn,15,0,1,1,pythia-1b,control,draw_1
A15.7,attn,15,8,1,9,pythia-1b,control,draw_1
M15,mlp,15,40,1,41,pythia-1b,control,draw_1
A0.5,attn,0,0,4,4,pythia-1b,control,draw_1
A3.2,attn,3,2,6,8,pythia-1b,control,draw_1
A4.5,attn,4,0,5,5,pythia-1b,control,draw_1
A4.6,attn,4,0,2,2,pythia-1b,control,draw_1
A0.1,attn,0,0,3,3,pythia-1b,control,draw_1
A4.7,attn,4,0,2,2,pythia-1b,control,draw_1
A4.2,attn,4,0,7,7,pythia-1b,control,draw_1
A3.1,attn,3,1,2,3,pythia-1b,control,draw_1
A5.2,attn,5,2,1,3,pythia-1b,control,draw_1
A1.0,attn,1,1,3,4,pythia-1b,control,draw_1
A1.2,attn,1,0,1,1,pythia-1b,control,draw_1
A7.5,attn,7,0,2,2,pythia-1b,control,draw_1
A7.4,attn,7,0,1,1,pythia-1b,control,draw_1
A3.4,attn,3,0,1,1,pythia-1b,control,draw_1
A10.2,attn,10,2,1,3,pythia-1b,control,draw_1
A2.4,attn,2,0,1,1,pythia-1b,control,draw_1
M0,mlp,0,1,51,52,pythia-1b,control,draw_2
M5,mlp,5,16,20,36,pythia-1b,control,draw_2
A1.3,attn,1,2,7,9,pythia-1b,control,draw_2
A1.7,attn,1,2,25,27,pythia-1b,control,draw_2
M1,mlp,1,2,15,17,pythia-1b,control,draw_2
A2.0,attn,2,0,3,3,pythia-1b,control,draw_2
A2.5,attn,2,2,4,6,pythia-1b,control,draw_2
M2,mlp,2,7,20,27,pythia-1b,control,draw_2
A3.2,attn,3,2,7,9,pythia-1b,control,draw_2
A3.5,attn,3,7,16,23,pythia-1b,control,draw_2
A3.6,attn,3,2,12,14,pythia-1b,control,draw_2
M3,mlp,3,8,29,37,pythia-1b,control,draw_2
A4.0,attn,4,1,3,4,pythia-1b,control,draw_2
A4.1,attn,4,3,7,10,pythia-1b,control,draw_2
A4.3,attn,4,8,9,17,pythia-1b,control,draw_2
A4.4,attn,4,9,31,40,pythia-1b,control,draw_2
M4,mlp,4,6,17,23,pythia-1b,control,draw_2
M10,mlp,10,18,9,27,pythia-1b,control,draw_2
A5.1,attn,5,14,32,46,pythia-1b,control,draw_2
A5.4,attn,5,5,12,17,pythia-1b,control,draw_2
A6.3,attn,6,3,15,18,pythia-1b,control,draw_2
A6.5,attn,6,9,17,26,pythia-1b,control,draw_2
M6,mlp,6,18,22,40,pythia-1b,control,draw_2
A7.1,attn,7,24,30,54,pythia-1b,control,draw_2
A7.6,attn,7,1,6,7,pythia-1b,control,draw_2
M7,mlp,7,19,16,35,pythia-1b,control,draw_2
A8.2,attn,8,27,26,53,pythia-1b,control,draw_2
A8.5,attn,8,4,10,14,pythia-1b,control,draw_2
M8,mlp,8,16,17,33,pythia-1b,control,draw_2
A9.0,attn,9,1,5,6,pythia-1b,control,draw_2
A9.2,attn,9,16,16,32,pythia-1b,control,draw_2
M9,mlp,9,27,15,42,pythia-1b,control,draw_2
A4.2,attn,4,1,1,2,pythia-1b,control,draw_2
A1.0,attn,1,1,4,5,pythia-1b,control,draw_2
A2.1,attn,2,1,5,6,pythia-1b,control,draw_2
A0.1,attn,0,1,3,4,pythia-1b,control,draw_2
A0.7,attn,0,1,1,2,pythia-1b,control,draw_2
A1.4,attn,1,0,1,1,pythia-1b,control,draw_2
M14,mlp,14,22,2,24,pythia-1b,control,draw_2
A7.0,attn,7,16,13,29,pythia-1b,control,draw_2
A7.2,attn,7,24,19,43,pythia-1b,control,draw_2
A9.5,attn,9,5,5,10,pythia-1b,control,draw_2
A10.2,attn,10,3,3,6,pythia-1b,control,draw_2
A10.5,attn,10,14,12,26,pythia-1b,control,draw_2
A10.6,attn,10,27,14,41,pythia-1b,control,draw_2
A11.4,attn,11,3,3,6,pythia-1b,control,draw_2
A11.5,attn,11,22,10,32,pythia-1b,control,draw_2
M11,mlp,11,33,14,47,pythia-1b,control,draw_2
A12.3,attn,12,7,4,11,pythia-1b,control,draw_2
M12,mlp,12,20,10,30,pythia-1b,control,draw_2
A13.1,attn,13,11,2,13,pythia-1b,control,draw_2
A13.4,attn,13,6,3,9,pythia-1b,control,draw_2
M13,mlp,13,20,4,24,pythia-1b,control,draw_2
A6.0,attn,6,4,8,12,pythia-1b,control,draw_2
A7.5,attn,7,1,4,5,pythia-1b,control,draw_2
A8.0,attn,8,1,3,4,pythia-1b,control,draw_2
A8.1,attn,8,9,7,16,pythia-1b,control,draw_2
A9.4,attn,9,2,4,6,pythia-1b,control,draw_2
A5.6,attn,5,0,2,2,pythia-1b,control,draw_2
A9.6,attn,9,1,2,3,pythia-1b,control,draw_2
A5.0,attn,5,1,2,3,pythia-1b,control,draw_2
A5.5,attn,5,4,10,14,pythia-1b,control,draw_2
A10.0,attn,10,10,4,14,pythia-1b,control,draw_2
A5.3,attn,5,5,10,15,pythia-1b,control,draw_2
A5.7,attn,5,2,11,13,pythia-1b,control,draw_2
A6.1,attn,6,1,5,6,pythia-1b,control,draw_2
A7.4,attn,7,0,2,2,pythia-1b,control,draw_2
A3.3,attn,3,1,2,3,pythia-1b,control,draw_2
A3.7,attn,3,1,1,2,pythia-1b,control,draw_2
A13.0,attn,13,2,4,6,pythia-1b,control,draw_2
A8.7,attn,8,0,2,2,pythia-1b,control,draw_2
A12.1,attn,12,12,2,14,pythia-1b,control,draw_2
A13.3,attn,13,8,2,10,pythia-1b,control,draw_2
A13.6,attn,13,2,2,4,pythia-1b,control,draw_2
R15,resid,15,69,0,69,pythia-1b,control,draw_2
A6.6,attn,6,0,4,4,pythia-1b,control,draw_2
A7.3,attn,7,0,4,4,pythia-1b,control,draw_2
A9.7,attn,9,0,4,4,pythia-1b,control,draw_2
A10.1,attn,10,0,3,3,pythia-1b,control,draw_2
A11.0,attn,11,11,3,14,pythia-1b,control,draw_2
A11.1,attn,11,0,1,1,pythia-1b,control,draw_2
A11.2,attn,11,12,2,14,pythia-1b,control,draw_2
A11.6,attn,11,25,5,30,pythia-1b,control,draw_2
A11.7,attn,11,12,6,18,pythia-1b,control,draw_2
A12.2,attn,12,11,1,12,pythia-1b,control,draw_2
A12.6,attn,12,5,1,6,pythia-1b,control,draw_2
A12.7,attn,12,3,1,4,pythia-1b,control,draw_2
A13.7,attn,13,0,2,2,pythia-1b,control,draw_2
A14.0,attn,14,2,1,3,pythia-1b,control,draw_2
A14.2,attn,14,23,2,25,pythia-1b,control,draw_2
A14.3,attn,14,0,1,1,pythia-1b,control,draw_2
A14.5,attn,14,1,1,2,pythia-1b,control,draw_2
A14.6,attn,14,3,2,5,pythia-1b,control,draw_2
A15.0,attn,15,0,1,1,pythia-1b,control,draw_2
A15.2,attn,15,0,1,1,pythia-1b,control,draw_2
A15.3,attn,15,1,1,2,pythia-1b,control,draw_2
A15.6,attn,15,0,1,1,pythia-1b,control,draw_2
A15.7,attn,15,9,1,10,pythia-1b,control,draw_2
M15,mlp,15,42,1,43,pythia-1b,control,draw_2
A3.1,attn,3,0,1,1,pythia-1b,control,draw_2
A0.0,attn,0,1,1,2,pythia-1b,control,draw_2
A0.3,attn,0,1,2,3,pythia-1b,control,draw_2
A0.4,attn,0,0,1,1,pythia-1b,control,draw_2
A6.2,attn,6,0,1,1,pythia-1b,control,draw_2
A2.2,attn,2,1,2,3,pythia-1b,control,draw_2
A2.3,attn,2,0,1,1,pythia-1b,control,draw_2
A7.7,attn,7,1,2,3,pythia-1b,control,draw_2
A6.7,attn,6,1,1,2,pythia-1b,control,draw_2
A8.4,attn,8,0,1,1,pythia-1b,control,draw_2
A8.6,attn,8,0,1,1,pythia-1b,control,draw_2
A2.6,attn,2,1,1,2,pythia-1b,control,draw_2
A4.6,attn,4,0,1,1,pythia-1b,control,draw_2
A4.7,attn,4,0,1,1,pythia-1b,control,draw_2
A12.5,attn,12,2,1,3,pythia-1b,control,draw_2
A1.5,attn,1,1,1,2,pythia-1b,control,draw_2
A2.4,attn,2,0,1,1,pythia-1b,control,draw_2
embed,embed,-1,0,5,5,pythia-1b,control,draw_2
A4.5,attn,4,0,1,1,pythia-1b,control,draw_2
A12.4,attn,12,0,1,1,pythia-1b,control,draw_2
M3,mlp,3,7,28,35,pythia-1b,control,draw_3
A11.0,attn,11,17,4,21,pythia-1b,control,draw_3
M4,mlp,4,8,19,27,pythia-1b,control,draw_3
A5.6,attn,5,1,8,9,pythia-1b,control,draw_3
M5,mlp,5,12,25,37,pythia-1b,control,draw_3
M6,mlp,6,20,20,40,pythia-1b,control,draw_3
A7.0,attn,7,17,17,34,pythia-1b,control,draw_3
A7.1,attn,7,20,33,53,pythia-1b,control,draw_3
A8.1,attn,8,9,10,19,pythia-1b,control,draw_3
A8.2,attn,8,34,29,63,pythia-1b,control,draw_3
A8.6,attn,8,0,4,4,pythia-1b,control,draw_3
M8,mlp,8,17,21,38,pythia-1b,control,draw_3
A9.0,attn,9,4,5,9,pythia-1b,control,draw_3
A9.5,attn,9,8,8,16,pythia-1b,control,draw_3
M9,mlp,9,32,15,47,pythia-1b,control,draw_3
A10.5,attn,10,13,13,26,pythia-1b,control,draw_3
A10.6,attn,10,28,12,40,pythia-1b,control,draw_3
M10,mlp,10,19,13,32,pythia-1b,control,draw_3
A11.1,attn,11,2,1,3,pythia-1b,control,draw_3
A6.5,attn,6,12,20,32,pythia-1b,control,draw_3
A11.2,attn,11,5,1,6,pythia-1b,control,draw_3
A7.2,attn,7,20,18,38,pythia-1b,control,draw_3
A11.4,attn,11,3,2,5,pythia-1b,control,draw_3
M0,mlp,0,1,46,47,pythia-1b,control,draw_3
A11.5,attn,11,29,7,36,pythia-1b,control,draw_3
A1.7,attn,1,2,21,23,pythia-1b,control,draw_3
A2.5,attn,2,1,3,4,pythia-1b,control,draw_3
A4.3,attn,4,13,16,29,pythia-1b,control,draw_3
A4.4,attn,4,12,32,44,pythia-1b,control,draw_3
A4.5,attn,4,2,7,9,pythia-1b,control,draw_3
A5.1,attn,5,14,30,44,pythia-1b,control,draw_3
A5.7,attn,5,0,14,14,pythia-1b,control,draw_3
A6.3,attn,6,8,18,26,pythia-1b,control,draw_3
A6.6,attn,6,1,4,5,pythia-1b,control,draw_3
A7.6,attn,7,1,5,6,pythia-1b,control,draw_3
M7,mlp,7,26,15,41,pythia-1b,control,draw_3
A8.5,attn,8,7,10,17,pythia-1b,control,draw_3
A8.7,attn,8,2,4,6,pythia-1b,control,draw_3
A9.6,attn,9,2,3,5,pythia-1b,control,draw_3
A10.1,attn,10,3,4,7,pythia-1b,control,draw_3
A10.2,attn,10,4,5,9,pythia-1b,control,draw_3
A11.6,attn,11,23,6,29,pythia-1b,control,draw_3
A5.4,attn,5,4,12,16,pythia-1b,control,draw_3
A6.0,attn,6,1,7,8,pythia-1b,control,draw_3
A11.7,attn,11,26,5,31,pythia-1b,control,draw_3
A4.0,attn,4,0,4,4,pythia-1b,control,draw_3
A8.0,attn,8,1,3,4,pythia-1b,control,draw_3
A9.2,attn,9,22,9,31,pythia-1b,control,draw_3
A9.7,attn,9,1,2,3,pythia-1b,control,draw_3
A10.0,attn,10,9,3,12,pythia-1b,control,draw_3
M12,mlp,12,27,9,36,pythia-1b,control,draw_3
M2,mlp,2,5,28,33,pythia-1b,control,draw_3
A3.5,attn,3,7,16,23,pythia-1b,control,draw_3
A9.1,attn,9,0,3,3,pythia-1b,control,draw_3
A9.4,attn,9,2,4,6,pythia-1b,control,draw_3
M11,mlp,11,33,11,44,pythia-1b,control,draw_3
A1.3,attn,1,1,6,7,pythia-1b,control,draw_3
M1,mlp,1,1,18,19,pythia-1b,control,draw_3
A4.2,attn,4,1,3,4,pythia-1b,control,draw_3
A5.3,attn,5,11,11,22,pythia-1b,control,draw_3
A5.5,attn,5,3,6,9,pythia-1b,control,draw_3
A6.7,attn,6,1,2,3,pythia-1b,control,draw_3
A7.3,attn,7,0,2,2,pythia-1b,control,draw_3
A7.7,attn,7,1,2,3,pythia-1b,control,draw_3
A12.1,attn,12,4,1,5,pythia-1b,control,draw_3
A12.2,attn,12,4,2,6,pythia-1b,control,draw_3
A12.3,attn,12,20,2,22,pythia-1b,control,draw_3
A12.4,attn,12,1,3,4,pythia-1b,control,draw_3
A12.6,attn,12,3,1,4,pythia-1b,control,draw_3
embed,embed,-1,0,6,6,pythia-1b,control,draw_3
A14.0,attn,14,2,2,4,pythia-1b,control,draw_3
A14.2,attn,14,27,3,30,pythia-1b,control,draw_3
A13.0,attn,13,2,3,5,pythia-1b,control,draw_3
M13,mlp,13,14,4,18,pythia-1b,control,draw_3
A14.6,attn,14,1,2,3,pythia-1b,control,draw_3
A0.3,attn,0,1,6,7,pythia-1b,control,draw_3
A1.0,attn,1,1,6,7,pythia-1b,control,draw_3
A2.0,attn,2,0,2,2,pythia-1b,control,draw_3
A2.2,attn,2,0,1,1,pythia-1b,control,draw_3
A3.6,attn,3,3,14,17,pythia-1b,control,draw_3
A5.2,attn,5,0,2,2,pythia-1b,control,draw_3
A6.1,attn,6,1,6,7,pythia-1b,control,draw_3
A6.2,attn,6,1,1,2,pythia-1b,control,draw_3
A4.1,attn,4,3,4,7,pythia-1b,control,draw_3
A0.0,attn,0,1,3,4,pythia-1b,control,draw_3
A0.4,attn,0,1,1,2,pythia-1b,control,draw_3
A1.6,attn,1,1,3,4,pythia-1b,control,draw_3
A2.1,attn,2,1,5,6,pythia-1b,control,draw_3
A2.3,attn,2,0,1,1,pythia-1b,control,draw_3
A3.2,attn,3,2,2,4,pythia-1b,control,draw_3
A4.6,attn,4,1,1,2,pythia-1b,control,draw_3
A7.5,attn,7,0,3,3,pythia-1b,control,draw_3
A0.1,attn,0,1,5,6,pythia-1b,control,draw_3
A0.5,attn,0,1,3,4,pythia-1b,control,draw_3
A2.7,attn,2,0,1,1,pythia-1b,control,draw_3
A3.3,attn,3,0,1,1,pythia-1b,control,draw_3
A5.0,attn,5,1,2,3,pythia-1b,control,draw_3
A4.7,attn,4,0,2,2,pythia-1b,control,draw_3
A13.1,attn,13,5,2,7,pythia-1b,control,draw_3
A13.3,attn,13,8,2,10,pythia-1b,control,draw_3
A13.4,attn,13,2,2,4,pythia-1b,control,draw_3
A13.6,attn,13,4,2,6,pythia-1b,control,draw_3
A13.7,attn,13,1,1,2,pythia-1b,control,draw_3
A2.6,attn,2,0,1,1,pythia-1b,control,draw_3
A9.3,attn,9,0,2,2,pythia-1b,control,draw_3
M14,mlp,14,20,2,22,pythia-1b,control,draw_3
A0.7,attn,0,0,1,1,pythia-1b,control,draw_3
A6.4,attn,6,0,1,1,pythia-1b,control,draw_3
A7.4,attn,7,0,1,1,pythia-1b,control,draw_3
R15,resid,15,65,0,65,pythia-1b,control,draw_3
A10.4,attn,10,0,1,1,pythia-1b,control,draw_3
A15.0,attn,15,0,1,1,pythia-1b,control,draw_3
A15.2,attn,15,0,1,1,pythia-1b,control,draw_3
A15.5,attn,15,0,1,1,pythia-1b,control,draw_3
A15.7,attn,15,6,1,7,pythia-1b,control,draw_3
M15,mlp,15,45,1,46,pythia-1b,control,draw_3
A14.5,attn,14,0,1,1,pythia-1b,control,draw_3
M15,mlp,15,64,27,91,pythia-1.4b,low,draw_1
A21.0,attn,21,1,1,2,pythia-1.4b,low,draw_1
M7,mlp,7,40,54,94,pythia-1.4b,low,draw_1
A21.6,attn,21,2,2,4,pythia-1.4b,low,draw_1
M8,mlp,8,33,41,74,pythia-1.4b,low,draw_1
A0.2,attn,0,1,4,5,pythia-1.4b,low,draw_1
A21.7,attn,21,22,1,23,pythia-1.4b,low,draw_1
M0,mlp,0,1,123,124,pythia-1.4b,low,draw_1
M1,mlp,1,7,50,57,pythia-1.4b,low,draw_1
A2.0,attn,2,3,17,20,pythia-1.4b,low,draw_1
A2.7,attn,2,0,10,10,pythia-1.4b,low,draw_1
M2,mlp,2,10,38,48,pythia-1.4b,low,draw_1
M3,mlp,3,7,56,63,pythia-1.4b,low,draw_1
A4.7,attn,4,7,42,49,pythia-1.4b,low,draw_1
A5.5,attn,5,3,35,38,pythia-1.4b,low,draw_1
M6,mlp,6,43,69,112,pythia-1.4b,low,draw_1
A8.12,attn,8,7,13,20,pythia-1.4b,low,draw_1
A9.9,attn,9,8,28,36,pythia-1.4b,low,draw_1
A9.12,attn,9,51,50,101,pythia-1.4b,low,draw_1
M9,mlp,9,39,31,70,pythia-1.4b,low,draw_1
M10,mlp,10,41,35,76,pythia-1.4b,low,draw_1
M11,mlp,11,45,38,83,pythia-1.4b,low,draw_1
M13,mlp,13,43,24,67,pythia-1.4b,low,draw_1
A17.1,attn,17,19,4,23,pythia-1.4b,low,draw_1
A19.13,attn,19,10,4,14,pythia-1.4b,low,draw_1
A21.10,attn,21,1,1,2,pythia-1.4b,low,draw_1
A21.14,attn,21,1,2,3,pythia-1.4b,low,draw_1
A0.6,attn,0,1,8,9,pythia-1.4b,low,draw_1
A0.3,attn,0,1,14,15,pythia-1.4b,low,draw_1
A2.5,attn,2,8,44,52,pythia-1.4b,low,draw_1
A0.7,attn,0,1,3,4,pythia-1.4b,low,draw_1
A1.4,attn,1,2,3,5,pythia-1.4b,low,draw_1
A1.5,attn,1,1,8,9,pythia-1.4b,low,draw_1
A1.11,attn,1,4,18,22,pythia-1.4b,low,draw_1
A2.6,attn,2,1,5,6,pythia-1.4b,low,draw_1
A2.11,attn,2,1,2,3,pythia-1.4b,low,draw_1
A2.15,attn,2,1,1,2,pythia-1.4b,low,draw_1
A3.4,attn,3,2,15,17,pythia-1.4b,low,draw_1
A4.15,attn,4,11,25,36,pythia-1.4b,low,draw_1
M4,mlp,4,21,53,74,pythia-1.4b,low,draw_1
A5.4,attn,5,16,60,76,pythia-1.4b,low,draw_1
A5.8,attn,5,6,39,45,pythia-1.4b,low,draw_1
A5.11,attn,5,12,34,46,pythia-1.4b,low,draw_1
M5,mlp,5,22,58,80,pythia-1.4b,low,draw_1
A6.2,attn,6,15,35,50,pythia-1.4b,low,draw_1
A6.11,attn,6,8,29,37,pythia-1.4b,low,draw_1
A7.3,attn,7,25,62,87,pythia-1.4b,low,draw_1
A7.5,attn,7,9,18,27,pythia-1.4b,low,draw_1
A7.6,attn,7,8,23,31,pythia-1.4b,low,draw_1
A7.8,attn,7,6,14,20,pythia-1.4b,low,draw_1
A7.15,attn,7,10,31,41,pythia-1.4b,low,draw_1
A8.0,attn,8,4,3,7,pythia-1.4b,low,draw_1
A8.3,attn,8,36,46,82,pythia-1.4b,low,draw_1
A8.4,attn,8,14,28,42,pythia-1.4b,low,draw_1
A8.5,attn,8,11,20,31,pythia-1.4b,low,draw_1
A8.6,attn,8,10,26,36,pythia-1.4b,low,draw_1
A9.1,attn,9,13,16,29,pythia-1.4b,low,draw_1
A9.5,attn,9,10,7,17,pythia-1.4b,low,draw_1
A9.6,attn,9,0,3,3,pythia-1.4b,low,draw_1
A9.13,attn,9,3,7,10,pythia-1.4b,low,draw_1
A9.14,attn,9,0,2,2,pythia-1.4b,low,draw_1
A10.0,attn,10,36,49,85,pythia-1.4b,low,draw_1
A10.3,attn,10,15,9,24,pythia-1.4b,low,draw_1
A10.4,attn,10,21,32,53,pythia-1.4b,low,draw_1
A10.7,attn,10,17,8,25,pythia-1.4b,low,draw_1
A10.8,attn,10,27,13,40,pythia-1.4b,low,draw_1
A10.9,attn,10,42,52,94,pythia-1.4b,low,draw_1
A10.15,attn,10,2,5,7,pythia-1.4b,low,draw_1
A0.14,attn,0,0,2,2,pythia-1.4b,low,draw_1
A1.2,attn,1,1,5,6,pythia-1.4b,low,draw_1
A1.8,attn,1,0,3,3,pythia-1.4b,low,draw_1
A1.10,attn,1,1,3,4,pythia-1.4b,low,draw_1
A3.0,attn,3,0,1,1,pythia-1.4b,low,draw_1
A3.5,attn,3,5,16,21,pythia-1.4b,low,draw_1
A3.11,attn,3,3,5,8,pythia-1.4b,low,draw_1
A4.1,attn,4,4,15,19,pythia-1.4b,low,draw_1
A4.4,attn,4,2,4,6,pythia-1.4b,low,draw_1
A4.5,attn,4,1,2,3,pythia-1.4b,low,draw_1
A4.6,attn,4,5,8,13,pythia-1.4b,low,draw_1
A4.9,attn,4,1,3,4,pythia-1.4b,low,draw_1
A4.10,attn,4,1,2,3,pythia-1.4b,low,draw_1
A4.11,attn,4,0,3,3,pythia-1.4b,low,draw_1
A4.14,attn,4,2,9,11,pythia-1.4b,low,draw_1
A5.2,attn,5,1,3,4,pythia-1.4b,low,draw_1
A5.3,attn,5,1,2,3,pythia-1.4b,low,draw_1
A5.6,attn,5,0,7,7,pythia-1.4b,low,draw_1
A5.12,attn,5,2,6,8,pythia-1.4b,low,draw_1
A5.13,attn,5,1,1,2,pythia-1.4b,low,draw_1
A5.14,attn,5,2,5,7,pythia-1.4b,low,draw_1
A5.15,attn,5,2,5,7,pythia-1.4b,low,draw_1
A12.3,attn,12,11,2,13,pythia-1.4b,low,draw_1
A10.14,attn,10,8,12,20,pythia-1.4b,low,draw_1
A11.9,attn,11,5,7,12,pythia-1.4b,low,draw_1
A12.7,attn,12,26,7,33,pythia-1.4b,low,draw_1
A8.14,attn,8,15,20,35,pythia-1.4b,low,draw_1
A9.10,attn,9,3,3,6,pythia-1.4b,low,draw_1
A9.15,attn,9,0,1,1,pythia-1.4b,low,draw_1
A10.5,attn,10,3,5,8,pythia-1.4b,low,draw_1
A11.2,attn,11,21,25,46,pythia-1.4b,low,draw_1
A11.8,attn,11,21,23,44,pythia-1.4b,low,draw_1
A11.15,attn,11,14,9,23,pythia-1.4b,low,draw_1
A12.8,attn,12,6,11,17,pythia-1.4b,low,draw_1
A12.11,attn,12,13,8,21,pythia-1.4b,low,draw_1
A11.14,attn,11,7,15,22,pythia-1.4b,low,draw_1
A12.12,attn,12,21,26,47,pythia-1.4b,low,draw_1
A8.1,attn,8,0,3,3,pythia-1.4b,low,draw_1
A11.13,attn,11,15,16,31,pythia-1.4b,low,draw_1
A12.13,attn,12,3,1,4,pythia-1.4b,low,draw_1
A12.14,attn,12,2,5,7,pythia-1.4b,low,draw_1
A12.15,attn,12,35,10,45,pythia-1.4b,low,draw_1
A3.13,attn,3,2,7,9,pythia-1.4b,low,draw_1
A23.2,attn,23,1,1,2,pythia-1.4b,low,draw_1
A23.9,attn,23,2,1,3,pythia-1.4b,low,draw_1
A5.0,attn,5,4,5,9,pythia-1.4b,low,draw_1
A1.6,attn,1,1,4,5,pythia-1.4b,low,draw_1
A3.3,attn,3,1,6,7,pythia-1.4b,low,draw_1
A3.2,attn,3,0,3,3,pythia-1.4b,low,draw_1
A6.1,attn,6,1,3,4,pythia-1.4b,low,draw_1
A3.8,attn,3,0,2,2,pythia-1.4b,low,draw_1
A6.6,attn,6,1,4,5,pythia-1.4b,low,draw_1
A6.7,attn,6,2,5,7,pythia-1.4b,low,draw_1
A6.8,attn,6,5,4,9,pythia-1.4b,low,draw_1
A6.9,attn,6,7,7,14,pythia-1.4b,low,draw_1
A6.10,attn,6,5,9,14,pythia-1.4b,low,draw_1
A6.15,attn,6,7,12,19,pythia-1.4b,low,draw_1
A0.4,attn,0,0,3,3,pythia-1.4b,low,draw_1
A7.10,attn,7,4,8,12,pythia-1.4b,low,draw_1
A10.2,attn,10,1,5,6,pythia-1.4b,low,draw_1
A11.4,attn,11,3,5,8,pythia-1.4b,low,draw_1
M12,mlp,12,35,26,61,pythia-1.4b,low,draw_1
M22,mlp,22,37,2,39,pythia-1.4b,low,draw_1
A10.11,attn,10,7,2,9,pythia-1.4b,low,draw_1
A13.0,attn,13,6,4,10,pythia-1.4b,low,draw_1
A13.1,attn,13,15,13,28,pythia-1.4b,low,draw_1
A14.0,attn,14,11,3,14,pythia-1.4b,low,draw_1
A14.11,attn,14,26,12,38,pythia-1.4b,low,draw_1
M14,mlp,14,58,23,81,pythia-1.4b,low,draw_1
A15.1,attn,15,13,2,15,pythia-1.4b,low,draw_1
A15.3,attn,15,18,4,22,pythia-1.4b,low,draw_1
A15.11,attn,15,23,4,27,pythia-1.4b,low,draw_1
A15.14,attn,15,16,4,20,pythia-1.4b,low,draw_1
A16.15,attn,16,17,3,20,pythia-1.4b,low,draw_1
M16,mlp,16,42,14,56,pythia-1.4b,low,draw_1
M17,mlp,17,34,12,46,pythia-1.4b,low,draw_1
A18.2,attn,18,12,3,15,pythia-1.4b,low,draw_1
M19,mlp,19,19,5,24,pythia-1.4b,low,draw_1
M20,mlp,20,18,5,23,pythia-1.4b,low,draw_1
M21,mlp,21,28,4,32,pythia-1.4b,low,draw_1
A4.8,attn,4,2,4,6,pythia-1.4b,low,draw_1
A7.4,attn,7,2,7,9,pythia-1.4b,low,draw_1
A9.2,attn,9,0,3,3,pythia-1.4b,low,draw_1
A13.2,attn,13,4,4,8,pythia-1.4b,low,draw_1
A13.9,attn,13,0,2,2,pythia-1.4b,low,draw_1
A13.12,attn,13,0,1,1,pythia-1.4b,low,draw_1
A13.15,attn,13,34,10,44,pythia-1.4b,low,draw_1
A8.13,attn,8,1,4,5,pythia-1.4b,low,draw_1
A10.10,attn,10,1,3,4,pythia-1.4b,low,draw_1
A13.6,attn,13,4,3,7,pythia-1.4b,low,draw_1
A13.8,attn,13,1,2,3,pythia-1.4b,low,draw_1
A13.11,attn,13,0,1,1,pythia-1.4b,low,draw_1
A14.8,attn,14,2,2,4,pythia-1.4b,low,draw_1
A19.6,attn,19,9,1,10,pythia-1.4b,low,draw_1
M18,mlp,18,26,7,33,pythia-1.4b,low,draw_1
A19.14,attn,19,6,2,8,pythia-1.4b,low,draw_1
A1.1,attn,1,1,2,3,pythia-1.4b,low,draw_1
A1.9,attn,1,1,2,3,pythia-1.4b,low,draw_1
A0.12,attn,0,1,3,4,pythia-1.4b,low,draw_1
A13.7,attn,13,4,3,7,pythia-1.4b,low,draw_1
A13.13,attn,13,19,3,22,pythia-1.4b,low,draw_1
A7.9,attn,7,0,4,4,pythia-1.4b,low,draw_1
A17.5,attn,17,13,1,14,pythia-1.4b,low,draw_1
A17.7,attn,17,5,1,6,pythia-1.4b,low,draw_1
A17.8,attn,17,4,1,5,pythia-1.4b,low,draw_1
A17.12,attn,17,11,1,12,pythia-1.4b,low,draw_1
A15.10,attn,15,18,8,26,pythia-1.4b,low,draw_1
A17.13,attn,17,1,1,2,pythia-1.4b,low,draw_1
A17.15,attn,17,3,1,4,pythia-1.4b,low,draw_1
A16.0,attn,16,15,5,20,pythia-1.4b,low,draw_1
A16.3,attn,16,10,5,15,pythia-1.4b,low,draw_1
A12.10,attn,12,0,1,1,pythia-1.4b,low,draw_1
A15.5,attn,15,6,3,9,pythia-1.4b,low,draw_1
A16.2,attn,16,8,3,11,pythia-1.4b,low,draw_1
A16.10,attn,16,7,2,9,pythia-1.4b,low,draw_1
A7.2,attn,7,1,1,2,pythia-1.4b,low,draw_1
A6.5,attn,6,0,1,1,pythia-1.4b,low,draw_1
A4.2,attn,4,0,1,1,pythia-1.4b,low,draw_1
embed,embed,-1,0,9,9,pythia-1.4b,low,draw_1
A0.5,attn,0,1,2,3,pythia-1.4b,low,draw_1
A4.3,attn,4,0,1,1,pythia-1.4b,low,draw_1
A15.15,attn,15,12,2,14,pythia-1.4b,low,draw_1
A6.14,attn,6,0,1,1,pythia-1.4b,low,draw_1
A8.2,attn,8,3,5,8,pythia-1.4b,low,draw_1
A8.15,attn,8,0,1,1,pythia-1.4b,low,draw_1
A8.7,attn,8,1,1,2,pythia-1.4b,low,draw_1
A2.1,attn,2,0,1,1,pythia-1.4b,low,draw_1
A18.0,attn,18,11,1,12,pythia-1.4b,low,draw_1
A11.6,attn,11,16,2,18,pythia-1.4b,low,draw_1
A16.4,attn,16,27,2,29,pythia-1.4b,low,draw_1
A18.6,attn,18,7,1,8,pythia-1.4b,low,draw_1
A18.8,attn,18,7,1,8,pythia-1.4b,low,draw_1
A18.11,attn,18,2,1,3,pythia-1.4b,low,draw_1
A22.2,attn,22,35,2,37,pythia-1.4b,low,draw_1
A21.15,attn,21,0,1,1,pythia-1.4b,low,draw_1
A22.9,attn,22,5,2,7,pythia-1.4b,low,draw_1
A22.13,attn,22,18,2,20,pythia-1.4b,low,draw_1
A18.1,attn,18,0,1,1,pythia-1.4b,low,draw_1
A11.0,attn,11,1,1,2,pythia-1.4b,low,draw_1
A11.11,attn,11,1,2,3,pythia-1.4b,low,draw_1
A11.12,attn,11,1,2,3,pythia-1.4b,low,draw_1
A7.13,attn,7,0,1,1,pythia-1.4b,low,draw_1
A9.7,attn,9,1,4,5,pythia-1.4b,low,draw_1
A8.11,attn,8,0,4,4,pythia-1.4b,low,draw_1
M23,mlp,23,84,1,85,pythia-1.4b,low,draw_1
A14.6,attn,14,21,4,25,pythia-1.4b,low,draw_1
A14.12,attn,14,13,2,15,pythia-1.4b,low,draw_1
A15.2,attn,15,5,2,7,pythia-1.4b,low,draw_1
A16.6,attn,16,10,2,12,pythia-1.4b,low,draw_1
A19.2,attn,19,0,1,1,pythia-1.4b,low,draw_1
A22.12,attn,22,0,2,2,pythia-1.4b,low,draw_1
A7.0,attn,7,0,3,3,pythia-1.4b,low,draw_1
A20.1,attn,20,14,1,15,pythia-1.4b,low,draw_1
A15.9,attn,15,18,2,20,pythia-1.4b,low,draw_1
A20.2,attn,20,3,1,4,pythia-1.4b,low,draw_1
A20.3,attn,20,1,1,2,pythia-1.4b,low,draw_1
A20.6,attn,20,5,1,6,pythia-1.4b,low,draw_1
A20.10,attn,20,3,1,4,pythia-1.4b,low,draw_1
A20.15,attn,20,7,1,8,pythia-1.4b,low,draw_1
A0.11,attn,0,1,4,5,pythia-1.4b,low,draw_1
A3.14,attn,3,0,2,2,pythia-1.4b,low,draw_1
A6.12,attn,6,0,2,2,pythia-1.4b,low,draw_1
A6.13,attn,6,0,1,1,pythia-1.4b,low,draw_1
A16.1,attn,16,3,1,4,pythia-1.4b,low,draw_1
A14.1,attn,14,4,2,6,pythia-1.4b,low,draw_1
A16.5,attn,16,10,1,11,pythia-1.4b,low,draw_1
A16.13,attn,16,5,1,6,pythia-1.4b,low,draw_1
A14.5,attn,14,5,1,6,pythia-1.4b,low,draw_1
A14.7,attn,14,3,1,4,pythia-1.4b,low,draw_1
A14.14,attn,14,15,1,16,pythia-1.4b,low,draw_1
A0.10,attn,0,1,2,3,pythia-1.4b,low,draw_1
A7.11,attn,7,0,1,1,pythia-1.4b,low,draw_1
A8.9,attn,8,0,1,1,pythia-1.4b,low,draw_1
A1.3,attn,1,0,1,1,pythia-1.4b,low,draw_1
R23,resid,23,179,0,179,pythia-1.4b,low,draw_1
A15.6,attn,15,1,1,2,pythia-1.4b,low,draw_1
A15.7,attn,15,10,1,11,pythia-1.4b,low,draw_1
A15.13,attn,15,9,1,10,pythia-1.4b,low,draw_1
A17.6,attn,17,0,1,1,pythia-1.4b,low,draw_1
A18.15,attn,18,0,1,1,pythia-1.4b,low,draw_1
A19.3,attn,19,0,1,1,pythia-1.4b,low,draw_1
A19.5,attn,19,0,1,1,pythia-1.4b,low,draw_1
A19.11,attn,19,0,1,1,pythia-1.4b,low,draw_1
A22.0,attn,22,0,1,1,pythia-1.4b,low,draw_1
A23.0,attn,23,0,1,1,pythia-1.4b,low,draw_1
A23.10,attn,23,0,1,1,pythia-1.4b,low,draw_1
A23.12,attn,23,0,1,1,pythia-1.4b,low,draw_1
A0.6,attn,0,1,12,13,pythia-1.4b,low,draw_2
M14,mlp,14,64,20,84,pythia-1.4b,low,draw_2
M0,mlp,0,1,141,142,pythia-1.4b,low,draw_2
A2.5,attn,2,9,48,57,pythia-1.4b,low,draw_2
M2,mlp,2,12,47,59,pythia-1.4b,low,draw_2
A3.3,attn,3,2,4,6,pythia-1.4b,low,draw_2
M3,mlp,3,13,47,60,pythia-1.4b,low,draw_2
A4.7,attn,4,9,43,52,pythia-1.4b,low,draw_2
A4.8,attn,4,2,2,4,pythia-1.4b,low,draw_2
M4,mlp,4,18,49,67,pythia-1.4b,low,draw_2
A5.4,attn,5,15,64,79,pythia-1.4b,low,draw_2
A5.11,attn,5,8,48,56,pythia-1.4b,low,draw_2
M5,mlp,5,24,62,86,pythia-1.4b,low,draw_2
A6.2,attn,6,20,32,52,pythia-1.4b,low,draw_2
A6.11,attn,6,12,21,33,pythia-1.4b,low,draw_2
A6.15,attn,6,4,14,18,pythia-1.4b,low,draw_2
A7.3,attn,7,19,69,88,pythia-1.4b,low,draw_2
A7.4,attn,7,5,10,15,pythia-1.4b,low,draw_2
A7.5,attn,7,18,25,43,pythia-1.4b,low,draw_2
A7.10,attn,7,5,8,13,pythia-1.4b,low,draw_2
A7.15,attn,7,6,37,43,pythia-1.4b,low,draw_2
M7,mlp,7,32,54,86,pythia-1.4b,low,draw_2
A8.1,attn,8,1,3,4,pythia-1.4b,low,draw_2
A8.3,attn,8,24,38,62,pythia-1.4b,low,draw_2
A8.5,attn,8,13,36,49,pythia-1.4b,low,draw_2
A8.6,attn,8,3,17,20,pythia-1.4b,low,draw_2
A8.14,attn,8,20,27,47,pythia-1.4b,low,draw_2
A9.1,attn,9,11,27,38,pythia-1.4b,low,draw_2
A9.3,attn,9,1,5,6,pythia-1.4b,low,draw_2
A9.5,attn,9,3,4,7,pythia-1.4b,low,draw_2
A9.7,attn,9,1,5,6,pythia-1.4b,low,draw_2
A9.8,attn,9,0,4,4,pythia-1.4b,low,draw_2
A9.9,attn,9,10,29,39,pythia-1.4b,low,draw_2
A9.12,attn,9,46,45,91,pythia-1.4b,low,draw_2
M9,mlp,9,44,41,85,pythia-1.4b,low,draw_2
A10.0,attn,10,31,54,85,pythia-1.4b,low,draw_2
A10.3,attn,10,30,14,44,pythia-1.4b,low,draw_2
A10.4,attn,10,33,36,69,pythia-1.4b,low,draw_2
A10.8,attn,10,22,15,37,pythia-1.4b,low,draw_2
A10.9,attn,10,46,56,102,pythia-1.4b,low,draw_2
A10.11,attn,10,10,2,12,pythia-1.4b,low,draw_2
A10.14,attn,10,26,16,42,pythia-1.4b,low,draw_2
M10,mlp,10,34,29,63,pythia-1.4b,low,draw_2
A11.2,attn,11,39,21,60,pythia-1.4b,low,draw_2
A11.4,attn,11,8,7,15,pythia-1.4b,low,draw_2
A11.6,attn,11,16,8,24,pythia-1.4b,low,draw_2
A11.8,attn,11,19,18,37,pythia-1.4b,low,draw_2
A11.12,attn,11,5,3,8,pythia-1.4b,low,draw_2
A11.13,attn,11,11,16,27,pythia-1.4b,low,draw_2
A11.14,attn,11,21,13,34,pythia-1.4b,low,draw_2
A11.15,attn,11,23,10,33,pythia-1.4b,low,draw_2
M11,mlp,11,44,32,76,pythia-1.4b,low,draw_2
A12.3,attn,12,7,8,15,pythia-1.4b,low,draw_2
A12.5,attn,12,4,2,6,pythia-1.4b,low,draw_2
A12.10,attn,12,3,5,8,pythia-1.4b,low,draw_2
A12.11,attn,12,10,5,15,pythia-1.4b,low,draw_2
A12.12,attn,12,26,26,52,pythia-1.4b,low,draw_2
A12.14,attn,12,3,5,8,pythia-1.4b,low,draw_2
A12.15,attn,12,28,4,32,pythia-1.4b,low,draw_2
M12,mlp,12,43,27,70,pythia-1.4b,low,draw_2
A13.1,attn,13,20,14,34,pythia-1.4b,low,draw_2
A13.2,attn,13,8,4,12,pythia-1.4b,low,draw_2
A13.8,attn,13,9,2,11,pythia-1.4b,low,draw_2
A13.15,attn,13,15,10,25,pythia-1.4b,low,draw_2
M13,mlp,13,60,22,82,pythia-1.4b,low,draw_2
A0.7,attn,0,1,2,3,pythia-1.4b,low,draw_2
A0.10,attn,0,1,2,3,pythia-1.4b,low,draw_2
A1.11,attn,1,3,15,18,pythia-1.4b,low,draw_2
A2.7,attn,2,2,10,12,pythia-1.4b,low,draw_2
A3.4,attn,3,3,12,15,pythia-1.4b,low,draw_2
A3.8,attn,3,1,1,2,pythia-1.4b,low,draw_2
A4.1,attn,4,4,18,22,pythia-1.4b,low,draw_2
A4.4,attn,4,0,5,5,pythia-1.4b,low,draw_2
A4.6,attn,4,2,6,8,pythia-1.4b,low,draw_2
A4.9,attn,4,2,5,7,pythia-1.4b,low,draw_2
A5.0,attn,5,3,10,13,pythia-1.4b,low,draw_2
A5.2,attn,5,0,3,3,pythia-1.4b,low,draw_2
A5.5,attn,5,9,27,36,pythia-1.4b,low,draw_2
A5.8,attn,5,6,44,50,pythia-1.4b,low,draw_2
A5.15,attn,5,2,3,5,pythia-1.4b,low,draw_2
A6.8,attn,6,3,4,7,pythia-1.4b,low,draw_2
A6.10,attn,6,6,10,16,pythia-1.4b,low,draw_2
A6.12,attn,6,2,2,4,pythia-1.4b,low,draw_2
A6.13,attn,6,0,1,1,pythia-1.4b,low,draw_2
M6,mlp,6,32,62,94,pythia-1.4b,low,draw_2
A7.0,attn,7,4,4,8,pythia-1.4b,low,draw_2
A7.1,attn,7,3,2,5,pythia-1.4b,low,draw_2
A7.2,attn,7,1,5,6,pythia-1.4b,low,draw_2
M1,mlp,1,6,48,54,pythia-1.4b,low,draw_2
A3.5,attn,3,6,16,22,pythia-1.4b,low,draw_2
A4.14,attn,4,1,8,9,pythia-1.4b,low,draw_2
A4.15,attn,4,7,19,26,pythia-1.4b,low,draw_2
A6.5,attn,6,0,3,3,pythia-1.4b,low,draw_2
A6.9,attn,6,7,14,21,pythia-1.4b,low,draw_2
A5.12,attn,5,7,7,14,pythia-1.4b,low,draw_2
A7.6,attn,7,12,19,31,pythia-1.4b,low,draw_2
A2.0,attn,2,1,20,21,pythia-1.4b,low,draw_2
A7.8,attn,7,3,7,10,pythia-1.4b,low,draw_2
A0.8,attn,0,0,2,2,pythia-1.4b,low,draw_2
A8.4,attn,8,13,25,38,pythia-1.4b,low,draw_2
A8.12,attn,8,9,10,19,pythia-1.4b,low,draw_2
M8,mlp,8,33,51,84,pythia-1.4b,low,draw_2
A9.15,attn,9,0,2,2,pythia-1.4b,low,draw_2
A10.7,attn,10,19,9,28,pythia-1.4b,low,draw_2
A10.15,attn,10,0,6,6,pythia-1.4b,low,draw_2
A11.9,attn,11,6,8,14,pythia-1.4b,low,draw_2
A11.11,attn,11,3,7,10,pythia-1.4b,low,draw_2
A9.13,attn,9,5,7,12,pythia-1.4b,low,draw_2
A10.5,attn,10,11,5,16,pythia-1.4b,low,draw_2
A0.3,attn,0,1,15,16,pythia-1.4b,low,draw_2
A9.14,attn,9,2,3,5,pythia-1.4b,low,draw_2
A0.2,attn,0,1,5,6,pythia-1.4b,low,draw_2
A1.5,attn,1,1,4,5,pythia-1.4b,low,draw_2
A1.7,attn,1,0,1,1,pythia-1.4b,low,draw_2
A1.8,attn,1,2,4,6,pythia-1.4b,low,draw_2
A1.14,attn,1,1,4,5,pythia-1.4b,low,draw_2
A2.15,attn,2,0,1,1,pythia-1.4b,low,draw_2
A3.11,attn,3,1,4,5,pythia-1.4b,low,draw_2
A3.13,attn,3,3,8,11,pythia-1.4b,low,draw_2
A21.0,attn,21,2,1,3,pythia-1.4b,low,draw_2
M15,mlp,15,64,33,97,pythia-1.4b,low,draw_2
A21.14,attn,21,1,2,3,pythia-1.4b,low,draw_2
A17.1,attn,17,14,3,17,pythia-1.4b,low,draw_2
A17.5,attn,17,10,1,11,pythia-1.4b,low,draw_2
A17.7,attn,17,1,1,2,pythia-1.4b,low,draw_2
A17.8,attn,17,1,1,2,pythia-1.4b,low,draw_2
A17.11,attn,17,16,3,19,pythia-1.4b,low,draw_2
A17.12,attn,17,5,1,6,pythia-1.4b,low,draw_2
A17.13,attn,17,4,2,6,pythia-1.4b,low,draw_2
A17.15,attn,17,3,1,4,pythia-1.4b,low,draw_2
M19,mlp,19,21,6,27,pythia-1.4b,low,draw_2
M17,mlp,17,33,13,46,pythia-1.4b,low,draw_2
M18,mlp,18,22,8,30,pythia-1.4b,low,draw_2
A1.2,attn,1,1,3,4,pythia-1.4b,low,draw_2
A2.2,attn,2,1,3,4,pythia-1.4b,low,draw_2
A2.11,attn,2,0,1,1,pythia-1.4b,low,draw_2
A3.2,attn,3,0,1,1,pythia-1.4b,low,draw_2
A3.10,attn,3,1,2,3,pythia-1.4b,low,draw_2
A4.5,attn,4,6,5,11,pythia-1.4b,low,draw_2
A4.11,attn,4,2,1,3,pythia-1.4b,low,draw_2
A4.13,attn,4,0,1,1,pythia-1.4b,low,draw_2
A14.11,attn,14,20,8,28,pythia-1.4b,low,draw_2
M16,mlp,16,44,11,55,pythia-1.4b,low,draw_2
A15.5,attn,15,5,5,10,pythia-1.4b,low,draw_2
A16.0,attn,16,14,4,18,pythia-1.4b,low,draw_2
A16.2,attn,16,24,4,28,pythia-1.4b,low,draw_2
A16.6,attn,16,5,3,8,pythia-1.4b,low,draw_2
A16.10,attn,16,9,2,11,pythia-1.4b,low,draw_2
M23,mlp,23,79,1,80,pythia-1.4b,low,draw_2
A10.2,attn,10,0,4,4,pythia-1.4b,low,draw_2
A11.5,attn,11,0,1,1,pythia-1.4b,low,draw_2
A12.8,attn,12,7,6,13,pythia-1.4b,low,draw_2
A13.9,attn,13,10,3,13,pythia-1.4b,low,draw_2
A14.0,attn,14,4,4,8,pythia-1.4b,low,draw_2
A14.6,attn,14,30,5,35,pythia-1.4b,low,draw_2
A16.4,attn,16,12,3,15,pythia-1.4b,low,draw_2
A18.2,attn,18,11,2,13,pythia-1.4b,low,draw_2
A18.8,attn,18,9,2,11,pythia-1.4b,low,draw_2
A18.11,attn,18,11,2,13,pythia-1.4b,low,draw_2
A19.1,attn,19,0,2,2,pythia-1.4b,low,draw_2
A19.14,attn,19,11,2,13,pythia-1.4b,low,draw_2
A20.2,attn,20,0,1,1,pythia-1.4b,low,draw_2
M20,mlp,20,20,5,25,pythia-1.4b,low,draw_2
M21,mlp,21,19,4,23,pythia-1.4b,low,draw_2
A22.0,attn,22,10,2,12,pythia-1.4b,low,draw_2
A22.2,attn,22,33,2,35,pythia-1.4b,low,draw_2
A22.12,attn,22,0,2,2,pythia-1.4b,low,draw_2
M22,mlp,22,32,2,34,pythia-1.4b,low,draw_2
A12.7,attn,12,36,9,45,pythia-1.4b,low,draw_2
A2.6,attn,2,1,5,6,pythia-1.4b,low,draw_2
A9.6,attn,9,0,1,1,pythia-1.4b,low,draw_2
A12.13,attn,12,5,3,8,pythia-1.4b,low,draw_2
A9.0,attn,9,2,1,3,pythia-1.4b,low,draw_2
A9.10,attn,9,2,3,5,pythia-1.4b,low,draw_2
A0.12,attn,0,1,4,5,pythia-1.4b,low,draw_2
A5.14,attn,5,3,5,8,pythia-1.4b,low,draw_2
A6.6,attn,6,1,6,7,pythia-1.4b,low,draw_2
A6.7,attn,6,3,5,8,pythia-1.4b,low,draw_2
A7.7,attn,7,0,2,2,pythia-1.4b,low,draw_2
A8.0,attn,8,1,2,3,pythia-1.4b,low,draw_2
A8.2,attn,8,3,4,7,pythia-1.4b,low,draw_2
A8.8,attn,8,0,1,1,pythia-1.4b,low,draw_2
A8.9,attn,8,0,1,1,pythia-1.4b,low,draw_2
A8.11,attn,8,0,4,4,pythia-1.4b,low,draw_2
A8.15,attn,8,0,2,2,pythia-1.4b,low,draw_2
A0.4,attn,0,1,6,7,pythia-1.4b,low,draw_2
A0.5,attn,0,1,1,2,pythia-1.4b,low,draw_2
A0.13,attn,0,1,1,2,pythia-1.4b,low,draw_2
A5.1,attn,5,1,2,3,pythia-1.4b,low,draw_2
A0.11,attn,0,0,2,2,pythia-1.4b,low,draw_2
A4.2,attn,4,0,6,6,pythia-1.4b,low,draw_2
A4.3,attn,4,0,1,1,pythia-1.4b,low,draw_2
A5.13,attn,5,2,2,4,pythia-1.4b,low,draw_2
A7.9,attn,7,0,3,3,pythia-1.4b,low,draw_2
A14.8,attn,14,5,3,8,pythia-1.4b,low,draw_2
A14.14,attn,14,34,1,35,pythia-1.4b,low,draw_2
A13.6,attn,13,3,2,5,pythia-1.4b,low,draw_2
A1.4,attn,1,1,1,2,pythia-1.4b,low,draw_2
A1.6,attn,1,1,3,4,pythia-1.4b,low,draw_2
A1.10,attn,1,1,1,2,pythia-1.4b,low,draw_2
A1.13,attn,1,0,1,1,pythia-1.4b,low,draw_2
A1.15,attn,1,0,1,1,pythia-1.4b,low,draw_2
A15.9,attn,15,8,3,11,pythia-1.4b,low,draw_2
A15.11,attn,15,18,4,22,pythia-1.4b,low,draw_2
A16.5,attn,16,4,2,6,pythia-1.4b,low,draw_2
A16.13,attn,16,3,3,6,pythia-1.4b,low,draw_2
A1.0,attn,1,0,1,1,pythia-1.4b,low,draw_2
A3.15,attn,3,0,2,2,pythia-1.4b,low,draw_2
A16.1,attn,16,5,1,6,pythia-1.4b,low,draw_2
A15.10,attn,15,0,2,2,pythia-1.4b,low,draw_2
A16.3,attn,16,6,1,7,pythia-1.4b,low,draw_2
A16.15,attn,16,27,1,28,pythia-1.4b,low,draw_2
embed,embed,-1,0,10,10,pythia-1.4b,low,draw_2
A6.4,attn,6,0,1,1,pythia-1.4b,low,draw_2
A7.13,attn,7,0,1,1,pythia-1.4b,low,draw_2
A20.1,attn,20,29,1,30,pythia-1.4b,low,draw_2
A13.13,attn,13,14,3,17,pythia-1.4b,low,draw_2
A15.3,attn,15,25,2,27,pythia-1.4b,low,draw_2
A19.11,attn,19,2,2,4,pythia-1.4b,low,draw_2
A19.13,attn,19,19,4,23,pythia-1.4b,low,draw_2
A20.3,attn,20,7,1,8,pythia-1.4b,low,draw_2
A20.6,attn,20,4,1,5,pythia-1.4b,low,draw_2
A20.11,attn,20,3,1,4,pythia-1.4b,low,draw_2
A20.15,attn,20,9,1,10,pythia-1.4b,low,draw_2
A18.0,attn,18,5,1,6,pythia-1.4b,low,draw_2
A18.6,attn,18,6,1,7,pythia-1.4b,low,draw_2
A18.10,attn,18,2,1,3,pythia-1.4b,low,draw_2
A18.15,attn,18,3,1,4,pythia-1.4b,low,draw_2
R23,resid,23,173,0,173,pythia-1.4b,low,draw_2
A8.13,attn,8,2,4,6,pythia-1.4b,low,draw_2
A11.7,attn,11,0,1,1,pythia-1.4b,low,draw_2
A13.0,attn,13,5,1,6,pythia-1.4b,low,draw_2
A14.4,attn,14,0,1,1,pythia-1.4b,low,draw_2
A14.9,attn,14,0,1,1,pythia-1.4b,low,draw_2
A15.1,attn,15,14,1,15,pythia-1.4b,low,draw_2
A15.13,attn,15,11,1,12,pythia-1.4b,low,draw_2
A15.14,attn,15,10,2,12,pythia-1.4b,low,draw_2
A15.15,attn,15,10,1,11,pythia-1.4b,low,draw_2
A17.6,attn,17,0,1,1,pythia-1.4b,low,draw_2
A19.3,attn,19,2,1,3,pythia-1.4b,low,draw_2
A19.5,attn,19,0,1,1,pythia-1.4b,low,draw_2
A19.6,attn,19,7,1,8,pythia-1.4b,low,draw_2
A21.10,attn,21,0,1,1,pythia-1.4b,low,draw_2
A22.9,attn,22,3,1,4,pythia-1.4b,low,draw_2
A22.13,attn,22,8,1,9,pythia-1.4b,low,draw_2
A23.0,attn,23,4,1,5,pythia-1.4b,low,draw_2
A23.2,attn,23,4,1,5,pythia-1.4b,low,draw_2
A23.5,attn,23,3,1,4,pythia-1.4b,low,draw_2
A23.9,attn,23,6,1,7,pythia-1.4b,low,draw_2
A23.12,attn,23,0,1,1,pythia-1.4b,low,draw_2
A13.7,attn,13,8,1,9,pythia-1.4b,low,draw_2
A5.3,attn,5,1,1,2,pythia-1.4b,low,draw_2
A5.6,attn,5,2,4,6,pythia-1.4b,low,draw_2
A0.9,attn,0,0,1,1,pythia-1.4b,low,draw_2
A9.2,attn,9,0,1,1,pythia-1.4b,low,draw_2
A8.7,attn,8,0,1,1,pythia-1.4b,low,draw_2
A0.1,attn,0,0,1,1,pythia-1.4b,low,draw_2
A3.1,attn,3,0,2,2,pythia-1.4b,low,draw_2
A2.10,attn,2,0,1,1,pythia-1.4b,low,draw_2
A2.13,attn,2,0,1,1,pythia-1.4b,low,draw_2
A12.2,attn,12,0,1,1,pythia-1.4b,low,draw_2
M0,mlp,0,1,122,123,pythia-1.4b,low,draw_3
A9.0,attn,9,3,3,6,pythia-1.4b,low,draw_3
M5,mlp,5,32,60,92,pythia-1.4b,low,draw_3
M8,mlp,8,39,47,86,pythia-1.4b,low,draw_3
A9.1,attn,9,11,17,28,pythia-1.4b,low,draw_3
A2.0,attn,2,1,21,22,pythia-1.4b,low,draw_3
A3.5,attn,3,4,23,27,pythia-1.4b,low,draw_3
A4.7,attn,4,10,44,54,pythia-1.4b,low,draw_3
A5.4,attn,5,15,61,76,pythia-1.4b,low,draw_3
A5.5,attn,5,6,30,36,pythia-1.4b,low,draw_3
A5.11,attn,5,13,44,57,pythia-1.4b,low,draw_3
A6.2,attn,6,14,32,46,pythia-1.4b,low,draw_3
A7.3,attn,7,14,71,85,pythia-1.4b,low,draw_3
A7.6,attn,7,10,21,31,pythia-1.4b,low,draw_3
A7.15,attn,7,8,38,46,pythia-1.4b,low,draw_3
A2.5,attn,2,7,47,54,pythia-1.4b,low,draw_3
A9.5,attn,9,8,10,18,pythia-1.4b,low,draw_3
M3,mlp,3,12,50,62,pythia-1.4b,low,draw_3
M4,mlp,4,18,51,69,pythia-1.4b,low,draw_3
M7,mlp,7,40,71,111,pythia-1.4b,low,draw_3
A8.5,attn,8,18,27,45,pythia-1.4b,low,draw_3
A9.9,attn,9,11,34,45,pythia-1.4b,low,draw_3
A5.8,attn,5,5,32,37,pythia-1.4b,low,draw_3
A6.11,attn,6,10,21,31,pythia-1.4b,low,draw_3
M6,mlp,6,35,72,107,pythia-1.4b,low,draw_3
A8.14,attn,8,13,24,37,pythia-1.4b,low,draw_3
A6.10,attn,6,6,8,14,pythia-1.4b,low,draw_3
A9.10,attn,9,2,4,6,pythia-1.4b,low,draw_3
A0.3,attn,0,1,10,11,pythia-1.4b,low,draw_3
A9.12,attn,9,53,47,100,pythia-1.4b,low,draw_3
A0.9,attn,0,0,1,1,pythia-1.4b,low,draw_3
A1.6,attn,1,1,4,5,pythia-1.4b,low,draw_3
A1.11,attn,1,3,14,17,pythia-1.4b,low,draw_3
M1,mlp,1,6,41,47,pythia-1.4b,low,draw_3
A3.4,attn,3,4,12,16,pythia-1.4b,low,draw_3
A3.13,attn,3,4,15,19,pythia-1.4b,low,draw_3
A4.1,attn,4,1,12,13,pythia-1.4b,low,draw_3
A4.5,attn,4,5,4,9,pythia-1.4b,low,draw_3
A4.14,attn,4,3,10,13,pythia-1.4b,low,draw_3
A4.15,attn,4,12,28,40,pythia-1.4b,low,draw_3
A5.0,attn,5,5,9,14,pythia-1.4b,low,draw_3
A5.2,attn,5,0,1,1,pythia-1.4b,low,draw_3
A5.15,attn,5,0,5,5,pythia-1.4b,low,draw_3
A6.7,attn,6,1,5,6,pythia-1.4b,low,draw_3
A6.12,attn,6,1,3,4,pythia-1.4b,low,draw_3
A6.15,attn,6,6,10,16,pythia-1.4b,low,draw_3
A7.0,attn,7,0,7,7,pythia-1.4b,low,draw_3
A7.5,attn,7,13,20,33,pythia-1.4b,low,draw_3
A7.7,attn,7,0,3,3,pythia-1.4b,low,draw_3
A7.9,attn,7,3,7,10,pythia-1.4b,low,draw_3
A7.10,attn,7,4,13,17,pythia-1.4b,low,draw_3
A8.0,attn,8,4,2,6,pythia-1.4b,low,draw_3
A8.2,attn,8,1,1,2,pythia-1.4b,low,draw_3
A8.3,attn,8,35,44,79,pythia-1.4b,low,draw_3
A8.4,attn,8,22,25,47,pythia-1.4b,low,draw_3
A8.6,attn,8,7,27,34,pythia-1.4b,low,draw_3
A8.8,attn,8,1,1,2,pythia-1.4b,low,draw_3
A8.11,attn,8,2,4,6,pythia-1.4b,low,draw_3
A8.12,attn,8,10,13,23,pythia-1.4b,low,draw_3
A8.13,attn,8,0,4,4,pythia-1.4b,low,draw_3
A9.13,attn,9,3,9,12,pythia-1.4b,low,draw_3
A9.14,attn,9,1,2,3,pythia-1.4b,low,draw_3
A16.0,attn,16,20,7,27,pythia-1.4b,low,draw_3
A10.0,attn,10,34,51,85,pythia-1.4b,low,draw_3
A10.4,attn,10,27,30,57,pythia-1.4b,low,draw_3
A10.9,attn,10,49,47,96,pythia-1.4b,low,draw_3
A12.8,attn,12,18,9,27,pythia-1.4b,low,draw_3
M12,mlp,12,45,33,78,pythia-1.4b,low,draw_3
M13,mlp,13,54,29,83,pythia-1.4b,low,draw_3
M14,mlp,14,56,25,81,pythia-1.4b,low,draw_3
M15,mlp,15,61,29,90,pythia-1.4b,low,draw_3
A16.1,attn,16,4,1,5,pythia-1.4b,low,draw_3
A16.2,attn,16,15,4,19,pythia-1.4b,low,draw_3
A11.13,attn,11,24,16,40,pythia-1.4b,low,draw_3
A12.10,attn,12,3,7,10,pythia-1.4b,low,draw_3
A16.3,attn,16,9,1,10,pythia-1.4b,low,draw_3
A11.8,attn,11,26,24,50,pythia-1.4b,low,draw_3
A12.12,attn,12,30,28,58,pythia-1.4b,low,draw_3
A16.4,attn,16,12,5,17,pythia-1.4b,low,draw_3
A15.5,attn,15,1,5,6,pythia-1.4b,low,draw_3
A16.5,attn,16,9,2,11,pythia-1.4b,low,draw_3
A14.11,attn,14,25,11,36,pythia-1.4b,low,draw_3
A16.6,attn,16,8,3,11,pythia-1.4b,low,draw_3
M10,mlp,10,42,33,75,pythia-1.4b,low,draw_3
A16.10,attn,16,3,2,5,pythia-1.4b,low,draw_3
A16.13,attn,16,7,1,8,pythia-1.4b,low,draw_3
A16.15,attn,16,7,1,8,pythia-1.4b,low,draw_3
A11.2,attn,11,33,15,48,pythia-1.4b,low,draw_3
embed,embed,-1,0,10,10,pythia-1.4b,low,draw_3
A0.2,attn,0,1,3,4,pythia-1.4b,low,draw_3
A0.4,attn,0,1,3,4,pythia-1.4b,low,draw_3
A0.5,attn,0,1,2,3,pythia-1.4b,low,draw_3
A0.6,attn,0,1,12,13,pythia-1.4b,low,draw_3
A0.10,attn,0,1,3,4,pythia-1.4b,low,draw_3
A0.11,attn,0,1,4,5,pythia-1.4b,low,draw_3
A0.14,attn,0,1,1,2,pythia-1.4b,low,draw_3
M11,mlp,11,38,32,70,pythia-1.4b,low,draw_3
M2,mlp,2,9,43,52,pythia-1.4b,low,draw_3
M9,mlp,9,39,30,69,pythia-1.4b,low,draw_3
A10.7,attn,10,14,16,30,pythia-1.4b,low,draw_3
A2.7,attn,2,1,9,10,pythia-1.4b,low,draw_3
A3.3,attn,3,1,7,8,pythia-1.4b,low,draw_3
A5.3,attn,5,0,1,1,pythia-1.4b,low,draw_3
A9.3,attn,9,0,3,3,pythia-1.4b,low,draw_3
A9.6,attn,9,0,3,3,pythia-1.4b,low,draw_3
A10.3,attn,10,17,10,27,pythia-1.4b,low,draw_3
A7.2,attn,7,1,6,7,pythia-1.4b,low,draw_3
A7.8,attn,7,5,14,19,pythia-1.4b,low,draw_3
A8.1,attn,8,0,2,2,pythia-1.4b,low,draw_3
A9.8,attn,9,0,3,3,pythia-1.4b,low,draw_3
A10.5,attn,10,9,4,13,pythia-1.4b,low,draw_3
A10.8,attn,10,32,14,46,pythia-1.4b,low,draw_3
A8.15,attn,8,0,2,2,pythia-1.4b,low,draw_3
A9.7,attn,9,0,3,3,pythia-1.4b,low,draw_3
A1.4,attn,1,1,3,4,pythia-1.4b,low,draw_3
A1.5,attn,1,1,6,7,pythia-1.4b,low,draw_3
A3.10,attn,3,0,1,1,pythia-1.4b,low,draw_3
A4.6,attn,4,4,6,10,pythia-1.4b,low,draw_3
A4.9,attn,4,1,4,5,pythia-1.4b,low,draw_3
A5.6,attn,5,0,2,2,pythia-1.4b,low,draw_3
A7.13,attn,7,1,2,3,pythia-1.4b,low,draw_3
A10.11,attn,10,5,2,7,pythia-1.4b,low,draw_3
A10.14,attn,10,13,16,29,pythia-1.4b,low,draw_3
A10.15,attn,10,3,6,9,pythia-1.4b,low,draw_3
A2.1,attn,2,1,1,2,pythia-1.4b,low,draw_3
A0.13,attn,0,0,2,2,pythia-1.4b,low,draw_3
A1.8,attn,1,1,6,7,pythia-1.4b,low,draw_3
A2.6,attn,2,2,5,7,pythia-1.4b,low,draw_3
A23.1,attn,23,4,1,5,pythia-1.4b,low,draw_3
A23.2,attn,23,4,1,5,pythia-1.4b,low,draw_3
M20,mlp,20,25,6,31,pythia-1.4b,low,draw_3
M22,mlp,22,36,3,39,pythia-1.4b,low,draw_3
A23.9,attn,23,8,1,9,pythia-1.4b,low,draw_3
M16,mlp,16,37,13,50,pythia-1.4b,low,draw_3
A17.11,attn,17,11,2,13,pythia-1.4b,low,draw_3
M17,mlp,17,38,14,52,pythia-1.4b,low,draw_3
A23.12,attn,23,1,1,2,pythia-1.4b,low,draw_3
A18.0,attn,18,6,1,7,pythia-1.4b,low,draw_3
A18.2,attn,18,21,2,23,pythia-1.4b,low,draw_3
A14.14,attn,14,10,2,12,pythia-1.4b,low,draw_3
A15.10,attn,15,16,8,24,pythia-1.4b,low,draw_3
A18.6,attn,18,7,1,8,pythia-1.4b,low,draw_3
A12.7,attn,12,32,9,41,pythia-1.4b,low,draw_3
A18.8,attn,18,13,1,14,pythia-1.4b,low,draw_3
A18.11,attn,18,7,1,8,pythia-1.4b,low,draw_3
A11.15,attn,11,13,13,26,pythia-1.4b,low,draw_3
A18.15,attn,18,1,1,2,pythia-1.4b,low,draw_3
A20.1,attn,20,18,1,19,pythia-1.4b,low,draw_3
A13.9,attn,13,0,3,3,pythia-1.4b,low,draw_3
A13.15,attn,13,20,9,29,pythia-1.4b,low,draw_3
A14.6,attn,14,31,6,37,pythia-1.4b,low,draw_3
A15.15,attn,15,14,3,17,pythia-1.4b,low,draw_3
A20.2,attn,20,6,1,7,pythia-1.4b,low,draw_3
M19,mlp,19,20,10,30,pythia-1.4b,low,draw_3
A20.6,attn,20,5,1,6,pythia-1.4b,low,draw_3
A20.10,attn,20,6,1,7,pythia-1.4b,low,draw_3
A20.13,attn,20,1,1,2,pythia-1.4b,low,draw_3
A20.15,attn,20,17,1,18,pythia-1.4b,low,draw_3
A14.0,attn,14,6,5,11,pythia-1.4b,low,draw_3
A14.4,attn,14,3,1,4,pythia-1.4b,low,draw_3
A14.5,attn,14,6,1,7,pythia-1.4b,low,draw_3
A11.4,attn,11,3,6,9,pythia-1.4b,low,draw_3
A13.1,attn,13,19,13,32,pythia-1.4b,low,draw_3
A13.2,attn,13,3,5,8,pythia-1.4b,low,draw_3
A14.7,attn,14,2,2,4,pythia-1.4b,low,draw_3
A14.8,attn,14,1,2,3,pythia-1.4b,low,draw_3
A11.6,attn,11,10,5,15,pythia-1.4b,low,draw_3
A12.5,attn,12,0,1,1,pythia-1.4b,low,draw_3
A12.15,attn,12,28,5,33,pythia-1.4b,low,draw_3
A14.12,attn,14,10,2,12,pythia-1.4b,low,draw_3
A6.6,attn,6,1,4,5,pythia-1.4b,low,draw_3
A7.1,attn,7,0,3,3,pythia-1.4b,low,draw_3
A7.4,attn,7,5,5,10,pythia-1.4b,low,draw_3
A11.9,attn,11,6,8,14,pythia-1.4b,low,draw_3
A12.3,attn,12,6,2,8,pythia-1.4b,low,draw_3
A11.14,attn,11,7,11,18,pythia-1.4b,low,draw_3
A12.11,attn,12,12,6,18,pythia-1.4b,low,draw_3
A11.11,attn,11,5,6,11,pythia-1.4b,low,draw_3
A12.14,attn,12,5,4,9,pythia-1.4b,low,draw_3
M21,mlp,21,28,4,32,pythia-1.4b,low,draw_3
A13.0,attn,13,10,2,12,pythia-1.4b,low,draw_3
M18,mlp,18,26,7,33,pythia-1.4b,low,draw_3
A6.1,attn,6,0,3,3,pythia-1.4b,low,draw_3
A6.9,attn,6,6,7,13,pythia-1.4b,low,draw_3
A1.1,attn,1,1,2,3,pythia-1.4b,low,draw_3
A1.2,attn,1,2,6,8,pythia-1.4b,low,draw_3
A1.15,attn,1,1,1,2,pythia-1.4b,low,draw_3
A1.10,attn,1,0,1,1,pythia-1.4b,low,draw_3
A2.15,attn,2,0,2,2,pythia-1.4b,low,draw_3
A17.1,attn,17,21,5,26,pythia-1.4b,low,draw_3
A3.9,attn,3,1,1,2,pythia-1.4b,low,draw_3
A3.11,attn,3,1,4,5,pythia-1.4b,low,draw_3
A14.1,attn,14,0,3,3,pythia-1.4b,low,draw_3
A15.9,attn,15,17,4,21,pythia-1.4b,low,draw_3
A15.13,attn,15,11,2,13,pythia-1.4b,low,draw_3
A5.14,attn,5,1,6,7,pythia-1.4b,low,draw_3
A3.7,attn,3,0,2,2,pythia-1.4b,low,draw_3
A4.4,attn,4,3,3,6,pythia-1.4b,low,draw_3
A4.11,attn,4,2,2,4,pythia-1.4b,low,draw_3
A5.12,attn,5,6,7,13,pythia-1.4b,low,draw_3
A5.13,attn,5,1,2,3,pythia-1.4b,low,draw_3
A22.2,attn,22,46,2,48,pythia-1.4b,low,draw_3
A13.6,attn,13,2,5,7,pythia-1.4b,low,draw_3
A13.7,attn,13,13,3,16,pythia-1.4b,low,draw_3
A15.3,attn,15,17,2,19,pythia-1.4b,low,draw_3
A21.15,attn,21,10,1,11,pythia-1.4b,low,draw_3
A22.9,attn,22,3,1,4,pythia-1.4b,low,draw_3
A22.13,attn,22,12,2,14,pythia-1.4b,low,draw_3
R23,resid,23,169,0,169,pythia-1.4b,low,draw_3
A4.3,attn,4,0,1,1,pythia-1.4b,low,draw_3
A10.2,attn,10,0,3,3,pythia-1.4b,low,draw_3
A13.8,attn,13,1,3,4,pythia-1.4b,low,draw_3
A13.13,attn,13,22,2,24,pythia-1.4b,low,draw_3
A15.1,attn,15,7,1,8,pythia-1.4b,low,draw_3
A15.2,attn,15,2,1,3,pythia-1.4b,low,draw_3
A15.6,attn,15,1,2,3,pythia-1.4b,low,draw_3
A15.7,attn,15,4,1,5,pythia-1.4b,low,draw_3
A15.11,attn,15,25,3,28,pythia-1.4b,low,draw_3
A15.14,attn,15,10,2,12,pythia-1.4b,low,draw_3
A17.7,attn,17,5,1,6,pythia-1.4b,low,draw_3
A17.8,attn,17,0,1,1,pythia-1.4b,low,draw_3
A17.13,attn,17,2,1,3,pythia-1.4b,low,draw_3
A17.15,attn,17,0,1,1,pythia-1.4b,low,draw_3
A19.1,attn,19,0,1,1,pythia-1.4b,low,draw_3
A19.2,attn,19,1,2,3,pythia-1.4b,low,draw_3
A19.3,attn,19,1,1,2,pythia-1.4b,low,draw_3
A19.6,attn,19,6,1,7,pythia-1.4b,low,draw_3
A19.10,attn,19,2,1,3,pythia-1.4b,low,draw_3
A19.11,attn,19,6,1,7,pythia-1.4b,low,draw_3
A19.13,attn,19,5,4,9,pythia-1.4b,low,draw_3
A19.14,attn,19,10,2,12,pythia-1.4b,low,draw_3
A21.0,attn,21,3,1,4,pythia-1.4b,low,draw_3
A21.7,attn,21,17,1,18,pythia-1.4b,low,draw_3
A21.10,attn,21,2,1,3,pythia-1.4b,low,draw_3
A21.14,attn,21,1,2,3,pythia-1.4b,low,draw_3
A22.12,attn,22,0,2,2,pythia-1.4b,low,draw_3
A23.10,attn,23,0,1,1,pythia-1.4b,low,draw_3
M23,mlp,23,85,1,86,pythia-1.4b,low,draw_3
A11.0,attn,11,0,1,1,pythia-1.4b,low,draw_3
A6.8,attn,6,4,2,6,pythia-1.4b,low,draw_3
A6.13,attn,6,0,1,1,pythia-1.4b,low,draw_3
A6.14,attn,6,0,1,1,pythia-1.4b,low,draw_3
A12.1,attn,12,0,1,1,pythia-1.4b,low,draw_3
A9.15,attn,9,0,2,2,pythia-1.4b,low,draw_3
A9.2,attn,9,0,1,1,pythia-1.4b,low,draw_3
A10.10,attn,10,0,3,3,pythia-1.4b,low,draw_3
A12.9,attn,12,0,1,1,pythia-1.4b,low,draw_3
A1.0,attn,1,0,2,2,pythia-1.4b,low,draw_3
A0.1,attn,0,0,2,2,pythia-1.4b,low,draw_3
A2.11,attn,2,0,1,1,pythia-1.4b,low,draw_3
A3.1,attn,3,0,1,1,pythia-1.4b,low,draw_3
A5.1,attn,5,0,1,1,pythia-1.4b,low,draw_3
A14.15,attn,14,0,1,1,pythia-1.4b,low,draw_3
A1.14,attn,1,0,1,1,pythia-1.4b,low,draw_3
A3.2,attn,3,0,2,2,pythia-1.4b,low,draw_3
A3.6,attn,3,0,1,1,pythia-1.4b,low,draw_3
A3.15,attn,3,0,1,1,pythia-1.4b,low,draw_3
A4.0,attn,4,0,1,1,pythia-1.4b,low,draw_3
A4.10,attn,4,0,1,1,pythia-1.4b,low,draw_3
A4.12,attn,4,0,1,1,pythia-1.4b,low,draw_3
A0.12,attn,0,0,1,1,pythia-1.4b,low,draw_3
A5.7,attn,5,0,1,1,pythia-1.4b,low,draw_3
A6.4,attn,6,0,1,1,pythia-1.4b,low,draw_3
A0.7,attn,0,0,1,1,pythia-1.4b,low,draw_3
M0,mlp,0,1,127,128,pythia-1.4b,medium,draw_1
A5.3,attn,5,1,3,4,pythia-1.4b,medium,draw_1
A5.4,attn,5,11,55,66,pythia-1.4b,medium,draw_1
A1.11,attn,1,6,18,24,pythia-1.4b,medium,draw_1
M1,mlp,1,14,58,72,pythia-1.4b,medium,draw_1
A2.5,attn,2,11,40,51,pythia-1.4b,medium,draw_1
A2.7,attn,2,6,9,15,pythia-1.4b,medium,draw_1
M2,mlp,2,22,50,72,pythia-1.4b,medium,draw_1
A3.5,attn,3,7,12,19,pythia-1.4b,medium,draw_1
A3.15,attn,3,1,3,4,pythia-1.4b,medium,draw_1
M3,mlp,3,37,49,86,pythia-1.4b,medium,draw_1
A4.15,attn,4,10,24,34,pythia-1.4b,medium,draw_1
M4,mlp,4,18,43,61,pythia-1.4b,medium,draw_1
A5.5,attn,5,6,32,38,pythia-1.4b,medium,draw_1
A4.4,attn,4,0,4,4,pythia-1.4b,medium,draw_1
A4.7,attn,4,7,30,37,pythia-1.4b,medium,draw_1
A5.8,attn,5,6,48,54,pythia-1.4b,medium,draw_1
A0.3,attn,0,1,24,25,pythia-1.4b,medium,draw_1
A5.11,attn,5,11,41,52,pythia-1.4b,medium,draw_1
A3.4,attn,3,3,10,13,pythia-1.4b,medium,draw_1
A3.13,attn,3,6,12,18,pythia-1.4b,medium,draw_1
A5.12,attn,5,4,6,10,pythia-1.4b,medium,draw_1
A5.14,attn,5,2,3,5,pythia-1.4b,medium,draw_1
M23,mlp,23,79,1,80,pythia-1.4b,medium,draw_1
A6.2,attn,6,15,31,46,pythia-1.4b,medium,draw_1
A6.9,attn,6,7,8,15,pythia-1.4b,medium,draw_1
A6.11,attn,6,11,22,33,pythia-1.4b,medium,draw_1
M6,mlp,6,28,64,92,pythia-1.4b,medium,draw_1
A7.3,attn,7,15,63,78,pythia-1.4b,medium,draw_1
A7.4,attn,7,2,8,10,pythia-1.4b,medium,draw_1
A7.5,attn,7,6,21,27,pythia-1.4b,medium,draw_1
A7.10,attn,7,5,15,20,pythia-1.4b,medium,draw_1
A8.3,attn,8,27,39,66,pythia-1.4b,medium,draw_1
A8.4,attn,8,14,16,30,pythia-1.4b,medium,draw_1
A8.5,attn,8,12,26,38,pythia-1.4b,medium,draw_1
A8.6,attn,8,6,19,25,pythia-1.4b,medium,draw_1
M8,mlp,8,28,49,77,pythia-1.4b,medium,draw_1
A9.1,attn,9,8,21,29,pythia-1.4b,medium,draw_1
A9.5,attn,9,7,4,11,pythia-1.4b,medium,draw_1
A9.9,attn,9,11,24,35,pythia-1.4b,medium,draw_1
A9.12,attn,9,52,50,102,pythia-1.4b,medium,draw_1
M9,mlp,9,34,34,68,pythia-1.4b,medium,draw_1
A10.0,attn,10,36,48,84,pythia-1.4b,medium,draw_1
A10.2,attn,10,4,4,8,pythia-1.4b,medium,draw_1
A10.3,attn,10,29,8,37,pythia-1.4b,medium,draw_1
A10.4,attn,10,23,37,60,pythia-1.4b,medium,draw_1
A10.8,attn,10,19,14,33,pythia-1.4b,medium,draw_1
A10.9,attn,10,41,51,92,pythia-1.4b,medium,draw_1
A10.14,attn,10,20,10,30,pythia-1.4b,medium,draw_1
A10.15,attn,10,2,6,8,pythia-1.4b,medium,draw_1
M10,mlp,10,38,26,64,pythia-1.4b,medium,draw_1
A11.2,attn,11,33,20,53,pythia-1.4b,medium,draw_1
A11.4,attn,11,4,5,9,pythia-1.4b,medium,draw_1
A11.8,attn,11,18,17,35,pythia-1.4b,medium,draw_1
A11.9,attn,11,0,9,9,pythia-1.4b,medium,draw_1
A11.13,attn,11,17,17,34,pythia-1.4b,medium,draw_1
A11.14,attn,11,8,13,21,pythia-1.4b,medium,draw_1
A11.15,attn,11,11,8,19,pythia-1.4b,medium,draw_1
M11,mlp,11,32,31,63,pythia-1.4b,medium,draw_1
A12.8,attn,12,7,12,19,pythia-1.4b,medium,draw_1
A12.10,attn,12,8,12,20,pythia-1.4b,medium,draw_1
A12.12,attn,12,23,25,48,pythia-1.4b,medium,draw_1
A12.14,attn,12,2,4,6,pythia-1.4b,medium,draw_1
A12.15,attn,12,30,10,40,pythia-1.4b,medium,draw_1
M12,mlp,12,36,25,61,pythia-1.4b,medium,draw_1
A13.1,attn,13,16,14,30,pythia-1.4b,medium,draw_1
A13.7,attn,13,9,6,15,pythia-1.4b,medium,draw_1
A13.8,attn,13,2,2,4,pythia-1.4b,medium,draw_1
A13.15,attn,13,35,10,45,pythia-1.4b,medium,draw_1
M13,mlp,13,41,18,59,pythia-1.4b,medium,draw_1
A14.11,attn,14,25,8,33,pythia-1.4b,medium,draw_1
M14,mlp,14,52,22,74,pythia-1.4b,medium,draw_1
A15.11,attn,15,19,2,21,pythia-1.4b,medium,draw_1
M15,mlp,15,55,31,86,pythia-1.4b,medium,draw_1
A16.0,attn,16,17,6,23,pythia-1.4b,medium,draw_1
A16.2,attn,16,10,3,13,pythia-1.4b,medium,draw_1
A16.4,attn,16,38,2,40,pythia-1.4b,medium,draw_1
M16,mlp,16,34,14,48,pythia-1.4b,medium,draw_1
A17.1,attn,17,13,3,16,pythia-1.4b,medium,draw_1
A17.7,attn,17,6,2,8,pythia-1.4b,medium,draw_1
A17.12,attn,17,9,2,11,pythia-1.4b,medium,draw_1
M17,mlp,17,28,10,38,pythia-1.4b,medium,draw_1
A18.2,attn,18,11,2,13,pythia-1.4b,medium,draw_1
M18,mlp,18,26,8,34,pythia-1.4b,medium,draw_1
A19.1,attn,19,0,2,2,pythia-1.4b,medium,draw_1
A19.14,attn,19,5,3,8,pythia-1.4b,medium,draw_1
M19,mlp,19,23,9,32,pythia-1.4b,medium,draw_1
M20,mlp,20,19,7,26,pythia-1.4b,medium,draw_1
A21.14,attn,21,1,2,3,pythia-1.4b,medium,draw_1
M21,mlp,21,34,3,37,pythia-1.4b,medium,draw_1
A22.0,attn,22,5,2,7,pythia-1.4b,medium,draw_1
A22.2,attn,22,29,2,31,pythia-1.4b,medium,draw_1
A22.9,attn,22,6,2,8,pythia-1.4b,medium,draw_1
A22.12,attn,22,0,2,2,pythia-1.4b,medium,draw_1
A22.13,attn,22,22,2,24,pythia-1.4b,medium,draw_1
M22,mlp,22,29,2,31,pythia-1.4b,medium,draw_1
A2.0,attn,2,17,14,31,pythia-1.4b,medium,draw_1
A4.1,attn,4,3,13,16,pythia-1.4b,medium,draw_1
A4.14,attn,4,0,4,4,pythia-1.4b,medium,draw_1
A5.2,attn,5,0,2,2,pythia-1.4b,medium,draw_1
M5,mlp,5,17,54,71,pythia-1.4b,medium,draw_1
A6.10,attn,6,1,5,6,pythia-1.4b,medium,draw_1
A6.15,attn,6,6,13,19,pythia-1.4b,medium,draw_1
A7.6,attn,7,11,17,28,pythia-1.4b,medium,draw_1
A7.15,attn,7,16,26,42,pythia-1.4b,medium,draw_1
M7,mlp,7,26,51,77,pythia-1.4b,medium,draw_1
A8.12,attn,8,10,8,18,pythia-1.4b,medium,draw_1
A8.13,attn,8,0,2,2,pythia-1.4b,medium,draw_1
A0.4,attn,0,1,16,17,pythia-1.4b,medium,draw_1
A0.6,attn,0,1,21,22,pythia-1.4b,medium,draw_1
A0.10,attn,0,1,8,9,pythia-1.4b,medium,draw_1
A0.11,attn,0,1,9,10,pythia-1.4b,medium,draw_1
A0.12,attn,0,1,11,12,pythia-1.4b,medium,draw_1
A0.13,attn,0,0,5,5,pythia-1.4b,medium,draw_1
A0.14,attn,0,1,12,13,pythia-1.4b,medium,draw_1
A1.0,attn,1,1,4,5,pythia-1.4b,medium,draw_1
A1.2,attn,1,2,5,7,pythia-1.4b,medium,draw_1
A1.3,attn,1,2,4,6,pythia-1.4b,medium,draw_1
A1.5,attn,1,5,8,13,pythia-1.4b,medium,draw_1
A1.14,attn,1,1,7,8,pythia-1.4b,medium,draw_1
A1.15,attn,1,3,2,5,pythia-1.4b,medium,draw_1
A0.2,attn,0,1,11,12,pythia-1.4b,medium,draw_1
A2.4,attn,2,13,1,14,pythia-1.4b,medium,draw_1
A0.5,attn,0,1,5,6,pythia-1.4b,medium,draw_1
A0.7,attn,0,1,9,10,pythia-1.4b,medium,draw_1
A0.8,attn,0,1,9,10,pythia-1.4b,medium,draw_1
A1.4,attn,1,2,4,6,pythia-1.4b,medium,draw_1
A1.7,attn,1,9,3,12,pythia-1.4b,medium,draw_1
A1.12,attn,1,5,3,8,pythia-1.4b,medium,draw_1
embed,embed,-1,0,19,19,pythia-1.4b,medium,draw_1
A1.8,attn,1,5,6,11,pythia-1.4b,medium,draw_1
A2.6,attn,2,25,4,29,pythia-1.4b,medium,draw_1
A0.1,attn,0,1,7,8,pythia-1.4b,medium,draw_1
A0.9,attn,0,1,5,6,pythia-1.4b,medium,draw_1
A1.6,attn,1,4,8,12,pythia-1.4b,medium,draw_1
A2.9,attn,2,23,1,24,pythia-1.4b,medium,draw_1
A1.9,attn,1,4,5,9,pythia-1.4b,medium,draw_1
A1.10,attn,1,3,2,5,pythia-1.4b,medium,draw_1
A1.13,attn,1,1,2,3,pythia-1.4b,medium,draw_1
A2.10,attn,2,4,1,5,pythia-1.4b,medium,draw_1
A2.11,attn,2,3,2,5,pythia-1.4b,medium,draw_1
A2.13,attn,2,8,3,11,pythia-1.4b,medium,draw_1
A2.14,attn,2,4,1,5,pythia-1.4b,medium,draw_1
A2.15,attn,2,17,2,19,pythia-1.4b,medium,draw_1
A1.1,attn,1,1,4,5,pythia-1.4b,medium,draw_1
A19.3,attn,19,3,3,6,pythia-1.4b,medium,draw_1
A19.6,attn,19,1,1,2,pythia-1.4b,medium,draw_1
A19.10,attn,19,3,1,4,pythia-1.4b,medium,draw_1
A19.11,attn,19,13,1,14,pythia-1.4b,medium,draw_1
A12.7,attn,12,28,7,35,pythia-1.4b,medium,draw_1
A19.13,attn,19,2,2,4,pythia-1.4b,medium,draw_1
A23.2,attn,23,2,1,3,pythia-1.4b,medium,draw_1
A23.9,attn,23,4,1,5,pythia-1.4b,medium,draw_1
A14.0,attn,14,14,4,18,pythia-1.4b,medium,draw_1
A14.5,attn,14,3,1,4,pythia-1.4b,medium,draw_1
A14.6,attn,14,15,3,18,pythia-1.4b,medium,draw_1
A8.14,attn,8,14,19,33,pythia-1.4b,medium,draw_1
A11.11,attn,11,3,6,9,pythia-1.4b,medium,draw_1
A14.7,attn,14,3,2,5,pythia-1.4b,medium,draw_1
A10.7,attn,10,11,6,17,pythia-1.4b,medium,draw_1
A11.6,attn,11,13,7,20,pythia-1.4b,medium,draw_1
A14.12,attn,14,14,1,15,pythia-1.4b,medium,draw_1
A14.14,attn,14,2,1,3,pythia-1.4b,medium,draw_1
A16.1,attn,16,10,1,11,pythia-1.4b,medium,draw_1
A16.3,attn,16,10,1,11,pythia-1.4b,medium,draw_1
A9.10,attn,9,2,5,7,pythia-1.4b,medium,draw_1
A12.1,attn,12,0,2,2,pythia-1.4b,medium,draw_1
A14.1,attn,14,0,2,2,pythia-1.4b,medium,draw_1
A16.5,attn,16,14,1,15,pythia-1.4b,medium,draw_1
A16.6,attn,16,1,1,2,pythia-1.4b,medium,draw_1
A16.10,attn,16,8,1,9,pythia-1.4b,medium,draw_1
A16.13,attn,16,6,2,8,pythia-1.4b,medium,draw_1
A16.15,attn,16,20,2,22,pythia-1.4b,medium,draw_1
A13.9,attn,13,0,3,3,pythia-1.4b,medium,draw_1
A20.1,attn,20,13,1,14,pythia-1.4b,medium,draw_1
A12.3,attn,12,11,2,13,pythia-1.4b,medium,draw_1
A20.10,attn,20,20,1,21,pythia-1.4b,medium,draw_1
A20.15,attn,20,7,1,8,pythia-1.4b,medium,draw_1
A4.8,attn,4,2,3,5,pythia-1.4b,medium,draw_1
A6.8,attn,6,1,5,6,pythia-1.4b,medium,draw_1
A7.8,attn,7,6,8,14,pythia-1.4b,medium,draw_1
A9.8,attn,9,0,2,2,pythia-1.4b,medium,draw_1
A5.15,attn,5,0,3,3,pythia-1.4b,medium,draw_1
A8.1,attn,8,0,3,3,pythia-1.4b,medium,draw_1
A8.2,attn,8,0,1,1,pythia-1.4b,medium,draw_1
A9.13,attn,9,1,10,11,pythia-1.4b,medium,draw_1
A9.3,attn,9,0,3,3,pythia-1.4b,medium,draw_1
A10.5,attn,10,4,4,8,pythia-1.4b,medium,draw_1
A7.9,attn,7,0,4,4,pythia-1.4b,medium,draw_1
A5.6,attn,5,0,4,4,pythia-1.4b,medium,draw_1
A6.7,attn,6,2,3,5,pythia-1.4b,medium,draw_1
A7.0,attn,7,0,3,3,pythia-1.4b,medium,draw_1
A8.11,attn,8,1,4,5,pythia-1.4b,medium,draw_1
A9.2,attn,9,0,3,3,pythia-1.4b,medium,draw_1
A10.11,attn,10,5,3,8,pythia-1.4b,medium,draw_1
A6.12,attn,6,0,3,3,pythia-1.4b,medium,draw_1
A15.3,attn,15,14,3,17,pythia-1.4b,medium,draw_1
A15.14,attn,15,17,5,22,pythia-1.4b,medium,draw_1
A18.8,attn,18,3,4,7,pythia-1.4b,medium,draw_1
A13.0,attn,13,7,2,9,pythia-1.4b,medium,draw_1
A15.15,attn,15,9,4,13,pythia-1.4b,medium,draw_1
A3.3,attn,3,4,5,9,pythia-1.4b,medium,draw_1
A3.11,attn,3,0,4,4,pythia-1.4b,medium,draw_1
A4.2,attn,4,0,4,4,pythia-1.4b,medium,draw_1
A4.13,attn,4,0,1,1,pythia-1.4b,medium,draw_1
A5.0,attn,5,0,2,2,pythia-1.4b,medium,draw_1
A6.6,attn,6,0,6,6,pythia-1.4b,medium,draw_1
A7.13,attn,7,0,1,1,pythia-1.4b,medium,draw_1
A4.5,attn,4,2,3,5,pythia-1.4b,medium,draw_1
A4.11,attn,4,1,1,2,pythia-1.4b,medium,draw_1
A11.12,attn,11,1,1,2,pythia-1.4b,medium,draw_1
A3.0,attn,3,1,2,3,pythia-1.4b,medium,draw_1
A3.8,attn,3,0,2,2,pythia-1.4b,medium,draw_1
A4.3,attn,4,0,2,2,pythia-1.4b,medium,draw_1
A4.6,attn,4,0,2,2,pythia-1.4b,medium,draw_1
A6.5,attn,6,1,2,3,pythia-1.4b,medium,draw_1
A15.1,attn,15,23,1,24,pythia-1.4b,medium,draw_1
A15.5,attn,15,3,2,5,pythia-1.4b,medium,draw_1
A15.9,attn,15,12,1,13,pythia-1.4b,medium,draw_1
A15.10,attn,15,7,1,8,pythia-1.4b,medium,draw_1
A15.13,attn,15,14,2,16,pythia-1.4b,medium,draw_1
A3.14,attn,3,0,2,2,pythia-1.4b,medium,draw_1
A17.8,attn,17,1,1,2,pythia-1.4b,medium,draw_1
A17.13,attn,17,2,1,3,pythia-1.4b,medium,draw_1
A6.1,attn,6,0,2,2,pythia-1.4b,medium,draw_1
A7.2,attn,7,0,2,2,pythia-1.4b,medium,draw_1
A9.14,attn,9,1,1,2,pythia-1.4b,medium,draw_1
A9.6,attn,9,0,2,2,pythia-1.4b,medium,draw_1
A11.10,attn,11,0,1,1,pythia-1.4b,medium,draw_1
A12.11,attn,12,9,3,12,pythia-1.4b,medium,draw_1
A12.13,attn,12,3,3,6,pythia-1.4b,medium,draw_1
A9.7,attn,9,0,1,1,pythia-1.4b,medium,draw_1
A4.9,attn,4,0,3,3,pythia-1.4b,medium,draw_1
A4.12,attn,4,0,1,1,pythia-1.4b,medium,draw_1
A5.10,attn,5,0,1,1,pythia-1.4b,medium,draw_1
A7.7,attn,7,0,1,1,pythia-1.4b,medium,draw_1
A8.0,attn,8,3,2,5,pythia-1.4b,medium,draw_1
A8.8,attn,8,0,1,1,pythia-1.4b,medium,draw_1
A8.10,attn,8,0,1,1,pythia-1.4b,medium,draw_1
A21.0,attn,21,12,1,13,pythia-1.4b,medium,draw_1
A21.2,attn,21,5,1,6,pythia-1.4b,medium,draw_1
A21.7,attn,21,2,1,3,pythia-1.4b,medium,draw_1
A16.12,attn,16,0,1,1,pythia-1.4b,medium,draw_1
A21.15,attn,21,0,1,1,pythia-1.4b,medium,draw_1
A22.15,attn,22,9,1,10,pythia-1.4b,medium,draw_1
A13.2,attn,13,3,2,5,pythia-1.4b,medium,draw_1
A13.13,attn,13,7,2,9,pythia-1.4b,medium,draw_1
A18.6,attn,18,3,2,5,pythia-1.4b,medium,draw_1
A5.13,attn,5,0,1,1,pythia-1.4b,medium,draw_1
R23,resid,23,173,0,173,pythia-1.4b,medium,draw_1
A8.7,attn,8,0,1,1,pythia-1.4b,medium,draw_1
A12.9,attn,12,0,1,1,pythia-1.4b,medium,draw_1
A13.6,attn,13,6,1,7,pythia-1.4b,medium,draw_1
A14.4,attn,14,0,1,1,pythia-1.4b,medium,draw_1
A17.15,attn,17,0,1,1,pythia-1.4b,medium,draw_1
A18.10,attn,18,8,1,9,pythia-1.4b,medium,draw_1
A18.11,attn,18,3,1,4,pythia-1.4b,medium,draw_1
A18.13,attn,18,4,1,5,pythia-1.4b,medium,draw_1
A18.15,attn,18,4,1,5,pythia-1.4b,medium,draw_1
A20.2,attn,20,0,1,1,pythia-1.4b,medium,draw_1
A20.6,attn,20,0,1,1,pythia-1.4b,medium,draw_1
A23.12,attn,23,0,1,1,pythia-1.4b,medium,draw_1
A5.1,attn,5,0,1,1,pythia-1.4b,medium,draw_1
A12.5,attn,12,0,1,1,pythia-1.4b,medium,draw_1
A17.11,attn,17,0,1,1,pythia-1.4b,medium,draw_1
M0,mlp,0,1,104,105,pythia-1.4b,medium,draw_2
A10.0,attn,10,43,60,103,pythia-1.4b,medium,draw_2
A2.5,attn,2,11,40,51,pythia-1.4b,medium,draw_2
M2,mlp,2,9,44,53,pythia-1.4b,medium,draw_2
A3.4,attn,3,2,14,16,pythia-1.4b,medium,draw_2
A3.5,attn,3,6,15,21,pythia-1.4b,medium,draw_2
M3,mlp,3,11,55,66,pythia-1.4b,medium,draw_2
A4.7,attn,4,5,42,47,pythia-1.4b,medium,draw_2
A4.14,attn,4,2,9,11,pythia-1.4b,medium,draw_2
A4.15,attn,4,7,24,31,pythia-1.4b,medium,draw_2
M4,mlp,4,16,41,57,pythia-1.4b,medium,draw_2
A5.4,attn,5,14,61,75,pythia-1.4b,medium,draw_2
A5.6,attn,5,0,5,5,pythia-1.4b,medium,draw_2
A5.11,attn,5,11,32,43,pythia-1.4b,medium,draw_2
M5,mlp,5,18,58,76,pythia-1.4b,medium,draw_2
A6.2,attn,6,16,38,54,pythia-1.4b,medium,draw_2
A6.5,attn,6,0,1,1,pythia-1.4b,medium,draw_2
A6.7,attn,6,0,5,5,pythia-1.4b,medium,draw_2
A6.8,attn,6,1,3,4,pythia-1.4b,medium,draw_2
A6.9,attn,6,5,8,13,pythia-1.4b,medium,draw_2
A6.11,attn,6,11,23,34,pythia-1.4b,medium,draw_2
A6.15,attn,6,7,15,22,pythia-1.4b,medium,draw_2
M6,mlp,6,31,58,89,pythia-1.4b,medium,draw_2
A7.3,attn,7,20,62,82,pythia-1.4b,medium,draw_2
A7.4,attn,7,6,8,14,pythia-1.4b,medium,draw_2
A7.5,attn,7,11,21,32,pythia-1.4b,medium,draw_2
A7.6,attn,7,7,16,23,pythia-1.4b,medium,draw_2
A7.8,attn,7,8,15,23,pythia-1.4b,medium,draw_2
A7.9,attn,7,0,4,4,pythia-1.4b,medium,draw_2
A7.15,attn,7,10,35,45,pythia-1.4b,medium,draw_2
M7,mlp,7,23,58,81,pythia-1.4b,medium,draw_2
A8.0,attn,8,3,7,10,pythia-1.4b,medium,draw_2
A8.4,attn,8,17,24,41,pythia-1.4b,medium,draw_2
A8.6,attn,8,8,21,29,pythia-1.4b,medium,draw_2
A8.7,attn,8,2,4,6,pythia-1.4b,medium,draw_2
A8.12,attn,8,6,9,15,pythia-1.4b,medium,draw_2
A8.14,attn,8,18,26,44,pythia-1.4b,medium,draw_2
M8,mlp,8,33,62,95,pythia-1.4b,medium,draw_2
A9.3,attn,9,0,3,3,pythia-1.4b,medium,draw_2
A9.5,attn,9,7,8,15,pythia-1.4b,medium,draw_2
A9.6,attn,9,1,3,4,pythia-1.4b,medium,draw_2
A9.8,attn,9,1,6,7,pythia-1.4b,medium,draw_2
A9.12,attn,9,50,46,96,pythia-1.4b,medium,draw_2
M9,mlp,9,48,29,77,pythia-1.4b,medium,draw_2
A10.3,attn,10,5,11,16,pythia-1.4b,medium,draw_2
A0.6,attn,0,1,8,9,pythia-1.4b,medium,draw_2
A10.4,attn,10,46,39,85,pythia-1.4b,medium,draw_2
A1.11,attn,1,3,12,15,pythia-1.4b,medium,draw_2
M1,mlp,1,4,46,50,pythia-1.4b,medium,draw_2
A2.2,attn,2,1,3,4,pythia-1.4b,medium,draw_2
A5.3,attn,5,0,4,4,pythia-1.4b,medium,draw_2
A5.5,attn,5,5,38,43,pythia-1.4b,medium,draw_2
A5.8,attn,5,5,31,36,pythia-1.4b,medium,draw_2
A5.14,attn,5,2,5,7,pythia-1.4b,medium,draw_2
A7.14,attn,7,0,1,1,pythia-1.4b,medium,draw_2
A8.2,attn,8,2,5,7,pythia-1.4b,medium,draw_2
A8.3,attn,8,23,38,61,pythia-1.4b,medium,draw_2
A8.5,attn,8,17,24,41,pythia-1.4b,medium,draw_2
A8.13,attn,8,0,3,3,pythia-1.4b,medium,draw_2
A9.1,attn,9,11,27,38,pythia-1.4b,medium,draw_2
A9.2,attn,9,0,3,3,pythia-1.4b,medium,draw_2
A10.5,attn,10,7,5,12,pythia-1.4b,medium,draw_2
A7.10,attn,7,9,12,21,pythia-1.4b,medium,draw_2
A10.6,attn,10,1,2,3,pythia-1.4b,medium,draw_2
A10.7,attn,10,24,14,38,pythia-1.4b,medium,draw_2
A2.0,attn,2,2,15,17,pythia-1.4b,medium,draw_2
A4.1,attn,4,1,19,20,pythia-1.4b,medium,draw_2
A10.8,attn,10,25,16,41,pythia-1.4b,medium,draw_2
A2.7,attn,2,2,9,11,pythia-1.4b,medium,draw_2
A6.10,attn,6,2,10,12,pythia-1.4b,medium,draw_2
A8.11,attn,8,1,8,9,pythia-1.4b,medium,draw_2
A0.3,attn,0,1,12,13,pythia-1.4b,medium,draw_2
A10.9,attn,10,38,46,84,pythia-1.4b,medium,draw_2
A3.3,attn,3,2,1,3,pythia-1.4b,medium,draw_2
A4.2,attn,4,1,2,3,pythia-1.4b,medium,draw_2
A4.6,attn,4,2,8,10,pythia-1.4b,medium,draw_2
A4.13,attn,4,0,2,2,pythia-1.4b,medium,draw_2
A7.0,attn,7,1,6,7,pythia-1.4b,medium,draw_2
A9.7,attn,9,0,2,2,pythia-1.4b,medium,draw_2
A10.10,attn,10,1,2,3,pythia-1.4b,medium,draw_2
A10.11,attn,10,12,1,13,pythia-1.4b,medium,draw_2
A10.14,attn,10,14,23,37,pythia-1.4b,medium,draw_2
A10.15,attn,10,7,7,14,pythia-1.4b,medium,draw_2
A9.13,attn,9,3,5,8,pythia-1.4b,medium,draw_2
A3.13,attn,3,4,12,16,pythia-1.4b,medium,draw_2
A5.0,attn,5,0,5,5,pythia-1.4b,medium,draw_2
A7.2,attn,7,0,2,2,pythia-1.4b,medium,draw_2
A5.12,attn,5,1,8,9,pythia-1.4b,medium,draw_2
A5.15,attn,5,0,5,5,pythia-1.4b,medium,draw_2
A1.0,attn,1,1,1,2,pythia-1.4b,medium,draw_2
A1.1,attn,1,1,2,3,pythia-1.4b,medium,draw_2
A1.4,attn,1,2,1,3,pythia-1.4b,medium,draw_2
A1.5,attn,1,1,4,5,pythia-1.4b,medium,draw_2
A1.6,attn,1,1,2,3,pythia-1.4b,medium,draw_2
A1.8,attn,1,2,1,3,pythia-1.4b,medium,draw_2
A1.14,attn,1,1,3,4,pythia-1.4b,medium,draw_2
A1.15,attn,1,1,3,4,pythia-1.4b,medium,draw_2
A0.2,attn,0,1,4,5,pythia-1.4b,medium,draw_2
A1.7,attn,1,0,1,1,pythia-1.4b,medium,draw_2
A2.6,attn,2,1,4,5,pythia-1.4b,medium,draw_2
A2.11,attn,2,1,2,3,pythia-1.4b,medium,draw_2
A2.13,attn,2,0,1,1,pythia-1.4b,medium,draw_2
M13,mlp,13,50,21,71,pythia-1.4b,medium,draw_2
A4.4,attn,4,0,3,3,pythia-1.4b,medium,draw_2
A6.6,attn,6,0,3,3,pythia-1.4b,medium,draw_2
A9.9,attn,9,12,23,35,pythia-1.4b,medium,draw_2
M10,mlp,10,46,36,82,pythia-1.4b,medium,draw_2
A11.2,attn,11,24,17,41,pythia-1.4b,medium,draw_2
A11.4,attn,11,6,6,12,pythia-1.4b,medium,draw_2
A11.9,attn,11,2,10,12,pythia-1.4b,medium,draw_2
A11.13,attn,11,25,11,36,pythia-1.4b,medium,draw_2
M11,mlp,11,37,24,61,pythia-1.4b,medium,draw_2
A12.3,attn,12,16,2,18,pythia-1.4b,medium,draw_2
A12.7,attn,12,38,14,52,pythia-1.4b,medium,draw_2
A12.8,attn,12,7,13,20,pythia-1.4b,medium,draw_2
A12.10,attn,12,3,9,12,pythia-1.4b,medium,draw_2
A12.11,attn,12,12,6,18,pythia-1.4b,medium,draw_2
A12.12,attn,12,22,19,41,pythia-1.4b,medium,draw_2
M12,mlp,12,46,30,76,pythia-1.4b,medium,draw_2
M22,mlp,22,25,3,28,pythia-1.4b,medium,draw_2
A11.14,attn,11,12,10,22,pythia-1.4b,medium,draw_2
A13.1,attn,13,10,15,25,pythia-1.4b,medium,draw_2
A13.15,attn,13,35,12,47,pythia-1.4b,medium,draw_2
M14,mlp,14,56,29,85,pythia-1.4b,medium,draw_2
M15,mlp,15,57,27,84,pythia-1.4b,medium,draw_2
M16,mlp,16,39,15,54,pythia-1.4b,medium,draw_2
M17,mlp,17,30,15,45,pythia-1.4b,medium,draw_2
M18,mlp,18,23,8,31,pythia-1.4b,medium,draw_2
A19.13,attn,19,5,3,8,pythia-1.4b,medium,draw_2
M21,mlp,21,17,4,21,pythia-1.4b,medium,draw_2
A0.4,attn,0,0,2,2,pythia-1.4b,medium,draw_2
A20.0,attn,20,17,1,18,pythia-1.4b,medium,draw_2
A20.1,attn,20,19,1,20,pythia-1.4b,medium,draw_2
A13.7,attn,13,5,2,7,pythia-1.4b,medium,draw_2
A15.3,attn,15,13,3,16,pythia-1.4b,medium,draw_2
A16.0,attn,16,12,7,19,pythia-1.4b,medium,draw_2
A20.2,attn,20,3,2,5,pythia-1.4b,medium,draw_2
M19,mlp,19,21,7,28,pythia-1.4b,medium,draw_2
A20.6,attn,20,2,1,3,pythia-1.4b,medium,draw_2
A12.14,attn,12,1,3,4,pythia-1.4b,medium,draw_2
A20.15,attn,20,5,1,6,pythia-1.4b,medium,draw_2
A14.1,attn,14,0,1,1,pythia-1.4b,medium,draw_2
A17.11,attn,17,0,2,2,pythia-1.4b,medium,draw_2
R23,resid,23,166,0,166,pythia-1.4b,medium,draw_2
A4.3,attn,4,0,2,2,pythia-1.4b,medium,draw_2
A5.1,attn,5,0,4,4,pythia-1.4b,medium,draw_2
A5.13,attn,5,0,1,1,pythia-1.4b,medium,draw_2
A9.10,attn,9,3,2,5,pythia-1.4b,medium,draw_2
A11.6,attn,11,18,6,24,pythia-1.4b,medium,draw_2
A11.8,attn,11,15,13,28,pythia-1.4b,medium,draw_2
A11.11,attn,11,3,3,6,pythia-1.4b,medium,draw_2
A11.15,attn,11,24,8,32,pythia-1.4b,medium,draw_2
A12.0,attn,12,0,1,1,pythia-1.4b,medium,draw_2
A12.15,attn,12,32,6,38,pythia-1.4b,medium,draw_2
A13.0,attn,13,15,2,17,pythia-1.4b,medium,draw_2
A13.6,attn,13,4,2,6,pythia-1.4b,medium,draw_2
A13.13,attn,13,14,1,15,pythia-1.4b,medium,draw_2
A14.0,attn,14,9,2,11,pythia-1.4b,medium,draw_2
A14.4,attn,14,1,1,2,pythia-1.4b,medium,draw_2
A14.6,attn,14,14,3,17,pythia-1.4b,medium,draw_2
A14.9,attn,14,1,1,2,pythia-1.4b,medium,draw_2
A14.11,attn,14,12,11,23,pythia-1.4b,medium,draw_2
A14.12,attn,14,3,1,4,pythia-1.4b,medium,draw_2
A14.14,attn,14,13,1,14,pythia-1.4b,medium,draw_2
A15.1,attn,15,20,1,21,pythia-1.4b,medium,draw_2
A15.5,attn,15,4,4,8,pythia-1.4b,medium,draw_2
A15.9,attn,15,21,3,24,pythia-1.4b,medium,draw_2
A15.11,attn,15,22,2,24,pythia-1.4b,medium,draw_2
A15.13,attn,15,17,2,19,pythia-1.4b,medium,draw_2
A15.14,attn,15,15,1,16,pythia-1.4b,medium,draw_2
A15.15,attn,15,23,1,24,pythia-1.4b,medium,draw_2
A16.1,attn,16,9,1,10,pythia-1.4b,medium,draw_2
A16.2,attn,16,10,3,13,pythia-1.4b,medium,draw_2
A16.3,attn,16,17,1,18,pythia-1.4b,medium,draw_2
A16.4,attn,16,15,2,17,pythia-1.4b,medium,draw_2
A16.5,attn,16,23,2,25,pythia-1.4b,medium,draw_2
A16.6,attn,16,5,4,9,pythia-1.4b,medium,draw_2
A16.10,attn,16,8,2,10,pythia-1.4b,medium,draw_2
A16.13,attn,16,15,1,16,pythia-1.4b,medium,draw_2
A16.15,attn,16,13,1,14,pythia-1.4b,medium,draw_2
A17.1,attn,17,14,3,17,pythia-1.4b,medium,draw_2
A17.7,attn,17,9,1,10,pythia-1.4b,medium,draw_2
A17.8,attn,17,4,1,5,pythia-1.4b,medium,draw_2
A17.12,attn,17,9,2,11,pythia-1.4b,medium,draw_2
A17.15,attn,17,3,1,4,pythia-1.4b,medium,draw_2
A18.2,attn,18,12,2,14,pythia-1.4b,medium,draw_2
A18.4,attn,18,9,1,10,pythia-1.4b,medium,draw_2
A18.6,attn,18,16,1,17,pythia-1.4b,medium,draw_2
A18.8,attn,18,4,1,5,pythia-1.4b,medium,draw_2
A18.9,attn,18,1,1,2,pythia-1.4b,medium,draw_2
A18.11,attn,18,6,1,7,pythia-1.4b,medium,draw_2
A18.15,attn,18,1,1,2,pythia-1.4b,medium,draw_2
A19.3,attn,19,3,2,5,pythia-1.4b,medium,draw_2
A19.5,attn,19,0,1,1,pythia-1.4b,medium,draw_2
A19.6,attn,19,10,1,11,pythia-1.4b,medium,draw_2
A19.11,attn,19,6,1,7,pythia-1.4b,medium,draw_2
A19.14,attn,19,6,2,8,pythia-1.4b,medium,draw_2
A20.3,attn,20,0,1,1,pythia-1.4b,medium,draw_2
M20,mlp,20,21,4,25,pythia-1.4b,medium,draw_2
A21.0,attn,21,4,1,5,pythia-1.4b,medium,draw_2
A21.1,attn,21,0,1,1,pythia-1.4b,medium,draw_2
A21.2,attn,21,6,1,7,pythia-1.4b,medium,draw_2
A21.7,attn,21,11,1,12,pythia-1.4b,medium,draw_2
A21.10,attn,21,0,1,1,pythia-1.4b,medium,draw_2
A21.14,attn,21,0,2,2,pythia-1.4b,medium,draw_2
A21.15,attn,21,1,2,3,pythia-1.4b,medium,draw_2
A22.2,attn,22,22,2,24,pythia-1.4b,medium,draw_2
A22.4,attn,22,1,1,2,pythia-1.4b,medium,draw_2
A22.9,attn,22,17,2,19,pythia-1.4b,medium,draw_2
A22.10,attn,22,0,1,1,pythia-1.4b,medium,draw_2
A22.12,attn,22,0,1,1,pythia-1.4b,medium,draw_2
A22.13,attn,22,12,2,14,pythia-1.4b,medium,draw_2
A23.2,attn,23,2,1,3,pythia-1.4b,medium,draw_2
A23.5,attn,23,0,1,1,pythia-1.4b,medium,draw_2
A23.9,attn,23,7,1,8,pythia-1.4b,medium,draw_2
A23.12,attn,23,0,1,1,pythia-1.4b,medium,draw_2
M23,mlp,23,79,1,80,pythia-1.4b,medium,draw_2
A1.2,attn,1,0,1,1,pythia-1.4b,medium,draw_2
A6.1,attn,6,0,2,2,pythia-1.4b,medium,draw_2
A7.7,attn,7,0,2,2,pythia-1.4b,medium,draw_2
A8.10,attn,8,0,1,1,pythia-1.4b,medium,draw_2
A9.0,attn,9,0,2,2,pythia-1.4b,medium,draw_2
A9.15,attn,9,0,1,1,pythia-1.4b,medium,draw_2
A15.10,attn,15,0,2,2,pythia-1.4b,medium,draw_2
A5.2,attn,5,1,2,3,pythia-1.4b,medium,draw_2
A3.15,attn,3,1,3,4,pythia-1.4b,medium,draw_2
A4.9,attn,4,1,4,5,pythia-1.4b,medium,draw_2
A4.5,attn,4,3,5,8,pythia-1.4b,medium,draw_2
embed,embed,-1,0,6,6,pythia-1.4b,medium,draw_2
A11.0,attn,11,0,1,1,pythia-1.4b,medium,draw_2
A13.2,attn,13,1,2,3,pythia-1.4b,medium,draw_2
A9.14,attn,9,1,1,2,pythia-1.4b,medium,draw_2
A8.1,attn,8,0,2,2,pythia-1.4b,medium,draw_2
A12.13,attn,12,0,1,1,pythia-1.4b,medium,draw_2
A13.8,attn,13,0,1,1,pythia-1.4b,medium,draw_2
A0.12,attn,0,1,3,4,pythia-1.4b,medium,draw_2
A2.15,attn,2,0,1,1,pythia-1.4b,medium,draw_2
A0.1,attn,0,0,3,3,pythia-1.4b,medium,draw_2
A0.7,attn,0,1,1,2,pythia-1.4b,medium,draw_2
A11.3,attn,11,0,1,1,pythia-1.4b,medium,draw_2
A10.2,attn,10,0,1,1,pythia-1.4b,medium,draw_2
A13.9,attn,13,0,2,2,pythia-1.4b,medium,draw_2
A12.5,attn,12,1,2,3,pythia-1.4b,medium,draw_2
A8.8,attn,8,0,2,2,pythia-1.4b,medium,draw_2
A0.10,attn,0,0,1,1,pythia-1.4b,medium,draw_2
A3.11,attn,3,0,1,1,pythia-1.4b,medium,draw_2
A5.10,attn,5,0,1,1,pythia-1.4b,medium,draw_2
A7.11,attn,7,0,2,2,pythia-1.4b,medium,draw_2
A7.12,attn,7,0,1,1,pythia-1.4b,medium,draw_2
A4.8,attn,4,0,1,1,pythia-1.4b,medium,draw_2
A7.13,attn,7,2,1,3,pythia-1.4b,medium,draw_2
A3.6,attn,3,0,1,1,pythia-1.4b,medium,draw_2
A4.0,attn,4,0,1,1,pythia-1.4b,medium,draw_2
A0.11,attn,0,0,1,1,pythia-1.4b,medium,draw_2
A4.12,attn,4,0,1,1,pythia-1.4b,medium,draw_2
A10.1,attn,10,0,1,1,pythia-1.4b,medium,draw_2
A12.1,attn,12,0,1,1,pythia-1.4b,medium,draw_2
A5.4,attn,5,14,61,75,pythia-1.4b,medium,draw_3
A9.0,attn,9,1,1,2,pythia-1.4b,medium,draw_3
M0,mlp,0,1,110,111,pythia-1.4b,medium,draw_3
A9.1,attn,9,3,20,23,pythia-1.4b,medium,draw_3
M5,mlp,5,22,55,77,pythia-1.4b,medium,draw_3
A7.5,attn,7,11,19,30,pythia-1.4b,medium,draw_3
A9.5,attn,9,6,5,11,pythia-1.4b,medium,draw_3
A5.11,attn,5,12,36,48,pythia-1.4b,medium,draw_3
A8.1,attn,8,0,3,3,pythia-1.4b,medium,draw_3
A8.6,attn,8,8,27,35,pythia-1.4b,medium,draw_3
M8,mlp,8,34,48,82,pythia-1.4b,medium,draw_3
A7.3,attn,7,12,60,72,pythia-1.4b,medium,draw_3
A9.8,attn,9,2,6,8,pythia-1.4b,medium,draw_3
A2.5,attn,2,10,51,61,pythia-1.4b,medium,draw_3
A9.9,attn,9,8,22,30,pythia-1.4b,medium,draw_3
A5.8,attn,5,6,47,53,pythia-1.4b,medium,draw_3
A6.2,attn,6,19,36,55,pythia-1.4b,medium,draw_3
A8.5,attn,8,8,23,31,pythia-1.4b,medium,draw_3
A9.11,attn,9,1,1,2,pythia-1.4b,medium,draw_3
A0.6,attn,0,1,8,9,pythia-1.4b,medium,draw_3
A9.12,attn,9,50,51,101,pythia-1.4b,medium,draw_3
A1.6,attn,1,1,7,8,pythia-1.4b,medium,draw_3
A1.11,attn,1,2,12,14,pythia-1.4b,medium,draw_3
M1,mlp,1,5,48,53,pythia-1.4b,medium,draw_3
A2.7,attn,2,2,8,10,pythia-1.4b,medium,draw_3
M2,mlp,2,10,48,58,pythia-1.4b,medium,draw_3
A3.8,attn,3,1,2,3,pythia-1.4b,medium,draw_3
A3.13,attn,3,5,15,20,pythia-1.4b,medium,draw_3
M3,mlp,3,11,51,62,pythia-1.4b,medium,draw_3
A4.6,attn,4,6,7,13,pythia-1.4b,medium,draw_3
A4.7,attn,4,8,30,38,pythia-1.4b,medium,draw_3
A4.8,attn,4,5,9,14,pythia-1.4b,medium,draw_3
A4.15,attn,4,10,23,33,pythia-1.4b,medium,draw_3
M4,mlp,4,21,47,68,pythia-1.4b,medium,draw_3
A5.0,attn,5,4,5,9,pythia-1.4b,medium,draw_3
A5.12,attn,5,2,7,9,pythia-1.4b,medium,draw_3
A5.14,attn,5,1,5,6,pythia-1.4b,medium,draw_3
A6.1,attn,6,0,2,2,pythia-1.4b,medium,draw_3
A6.8,attn,6,7,6,13,pythia-1.4b,medium,draw_3
A6.10,attn,6,6,9,15,pythia-1.4b,medium,draw_3
A6.11,attn,6,11,22,33,pythia-1.4b,medium,draw_3
A6.13,attn,6,0,1,1,pythia-1.4b,medium,draw_3
A6.15,attn,6,3,11,14,pythia-1.4b,medium,draw_3
M6,mlp,6,26,54,80,pythia-1.4b,medium,draw_3
A7.0,attn,7,1,5,6,pythia-1.4b,medium,draw_3
A7.4,attn,7,2,7,9,pythia-1.4b,medium,draw_3
A7.7,attn,7,0,1,1,pythia-1.4b,medium,draw_3
A7.8,attn,7,6,11,17,pythia-1.4b,medium,draw_3
A7.10,attn,7,6,22,28,pythia-1.4b,medium,draw_3
A7.13,attn,7,0,3,3,pythia-1.4b,medium,draw_3
A7.15,attn,7,8,30,38,pythia-1.4b,medium,draw_3
M7,mlp,7,42,53,95,pythia-1.4b,medium,draw_3
A8.0,attn,8,3,7,10,pythia-1.4b,medium,draw_3
A8.3,attn,8,18,44,62,pythia-1.4b,medium,draw_3
A8.4,attn,8,14,20,34,pythia-1.4b,medium,draw_3
A8.8,attn,8,0,1,1,pythia-1.4b,medium,draw_3
A8.11,attn,8,0,3,3,pythia-1.4b,medium,draw_3
A8.12,attn,8,6,10,16,pythia-1.4b,medium,draw_3
A8.14,attn,8,16,22,38,pythia-1.4b,medium,draw_3
A9.13,attn,9,7,6,13,pythia-1.4b,medium,draw_3
A9.14,attn,9,2,4,6,pythia-1.4b,medium,draw_3
A9.15,attn,9,1,1,2,pythia-1.4b,medium,draw_3
A1.0,attn,1,1,2,3,pythia-1.4b,medium,draw_3
A1.1,attn,1,1,3,4,pythia-1.4b,medium,draw_3
A1.2,attn,1,1,1,2,pythia-1.4b,medium,draw_3
A0.3,attn,0,1,18,19,pythia-1.4b,medium,draw_3
A1.8,attn,1,2,4,6,pythia-1.4b,medium,draw_3
A1.9,attn,1,1,1,2,pythia-1.4b,medium,draw_3
A1.12,attn,1,1,1,2,pythia-1.4b,medium,draw_3
A1.14,attn,1,1,3,4,pythia-1.4b,medium,draw_3
A1.15,attn,1,1,1,2,pythia-1.4b,medium,draw_3
M17,mlp,17,32,10,42,pythia-1.4b,medium,draw_3
A9.3,attn,9,0,2,2,pythia-1.4b,medium,draw_3
M9,mlp,9,43,38,81,pythia-1.4b,medium,draw_3
A10.0,attn,10,29,52,81,pythia-1.4b,medium,draw_3
A10.8,attn,10,21,15,36,pythia-1.4b,medium,draw_3
A10.9,attn,10,39,53,92,pythia-1.4b,medium,draw_3
A11.14,attn,11,11,13,24,pythia-1.4b,medium,draw_3
A12.10,attn,12,6,10,16,pythia-1.4b,medium,draw_3
A12.11,attn,12,10,5,15,pythia-1.4b,medium,draw_3
A12.12,attn,12,29,23,52,pythia-1.4b,medium,draw_3
M12,mlp,12,40,21,61,pythia-1.4b,medium,draw_3
A13.1,attn,13,13,11,24,pythia-1.4b,medium,draw_3
M13,mlp,13,56,26,82,pythia-1.4b,medium,draw_3
M14,mlp,14,57,28,85,pythia-1.4b,medium,draw_3
A15.5,attn,15,4,3,7,pythia-1.4b,medium,draw_3
A16.0,attn,16,22,7,29,pythia-1.4b,medium,draw_3
A16.2,attn,16,12,3,15,pythia-1.4b,medium,draw_3
A16.5,attn,16,8,6,14,pythia-1.4b,medium,draw_3
A16.10,attn,16,0,1,1,pythia-1.4b,medium,draw_3
M16,mlp,16,37,13,50,pythia-1.4b,medium,draw_3
A23.2,attn,23,7,1,8,pythia-1.4b,medium,draw_3
M15,mlp,15,66,32,98,pythia-1.4b,medium,draw_3
M18,mlp,18,26,9,35,pythia-1.4b,medium,draw_3
M19,mlp,19,24,10,34,pythia-1.4b,medium,draw_3
M20,mlp,20,28,7,35,pythia-1.4b,medium,draw_3
M21,mlp,21,21,5,26,pythia-1.4b,medium,draw_3
A23.9,attn,23,5,1,6,pythia-1.4b,medium,draw_3
M10,mlp,10,43,29,72,pythia-1.4b,medium,draw_3
A11.13,attn,11,25,15,40,pythia-1.4b,medium,draw_3
A11.15,attn,11,22,12,34,pythia-1.4b,medium,draw_3
M11,mlp,11,39,29,68,pythia-1.4b,medium,draw_3
A14.11,attn,14,17,10,27,pythia-1.4b,medium,draw_3
A17.6,attn,17,2,3,5,pythia-1.4b,medium,draw_3
A7.1,attn,7,1,1,2,pythia-1.4b,medium,draw_3
A3.5,attn,3,6,16,22,pythia-1.4b,medium,draw_3
A4.5,attn,4,5,4,9,pythia-1.4b,medium,draw_3
A7.6,attn,7,12,13,25,pythia-1.4b,medium,draw_3
A4.1,attn,4,3,13,16,pythia-1.4b,medium,draw_3
A5.5,attn,5,4,26,30,pythia-1.4b,medium,draw_3
A5.6,attn,5,1,3,4,pythia-1.4b,medium,draw_3
embed,embed,-1,0,11,11,pythia-1.4b,medium,draw_3
A0.2,attn,0,1,2,3,pythia-1.4b,medium,draw_3
A0.4,attn,0,1,3,4,pythia-1.4b,medium,draw_3
A0.8,attn,0,1,1,2,pythia-1.4b,medium,draw_3
A0.9,attn,0,1,2,3,pythia-1.4b,medium,draw_3
A0.10,attn,0,1,1,2,pythia-1.4b,medium,draw_3
A0.11,attn,0,1,2,3,pythia-1.4b,medium,draw_3
A0.12,attn,0,1,3,4,pythia-1.4b,medium,draw_3
A0.14,attn,0,1,1,2,pythia-1.4b,medium,draw_3
A6.6,attn,6,0,5,5,pythia-1.4b,medium,draw_3
A8.7,attn,8,0,3,3,pythia-1.4b,medium,draw_3
A10.4,attn,10,25,34,59,pythia-1.4b,medium,draw_3
A10.15,attn,10,4,5,9,pythia-1.4b,medium,draw_3
A11.4,attn,11,8,10,18,pythia-1.4b,medium,draw_3
A11.8,attn,11,28,24,52,pythia-1.4b,medium,draw_3
A11.9,attn,11,4,10,14,pythia-1.4b,medium,draw_3
A17.1,attn,17,8,2,10,pythia-1.4b,medium,draw_3
A10.3,attn,10,20,13,33,pythia-1.4b,medium,draw_3
A17.7,attn,17,10,1,11,pythia-1.4b,medium,draw_3
A11.2,attn,11,38,25,63,pythia-1.4b,medium,draw_3
A17.11,attn,17,2,1,3,pythia-1.4b,medium,draw_3
A17.13,attn,17,8,1,9,pythia-1.4b,medium,draw_3
A17.15,attn,17,6,1,7,pythia-1.4b,medium,draw_3
A3.4,attn,3,2,16,18,pythia-1.4b,medium,draw_3
A3.11,attn,3,1,2,3,pythia-1.4b,medium,draw_3
A4.14,attn,4,2,7,9,pythia-1.4b,medium,draw_3
A6.5,attn,6,0,2,2,pythia-1.4b,medium,draw_3
A6.12,attn,6,0,3,3,pythia-1.4b,medium,draw_3
A7.2,attn,7,0,2,2,pythia-1.4b,medium,draw_3
A8.2,attn,8,1,2,3,pythia-1.4b,medium,draw_3
A2.0,attn,2,1,9,10,pythia-1.4b,medium,draw_3
A3.0,attn,3,0,1,1,pythia-1.4b,medium,draw_3
A3.2,attn,3,0,2,2,pythia-1.4b,medium,draw_3
A4.9,attn,4,3,3,6,pythia-1.4b,medium,draw_3
A4.13,attn,4,0,3,3,pythia-1.4b,medium,draw_3
A5.1,attn,5,0,1,1,pythia-1.4b,medium,draw_3
A5.15,attn,5,0,3,3,pythia-1.4b,medium,draw_3
A12.8,attn,12,7,9,16,pythia-1.4b,medium,draw_3
A13.15,attn,13,44,11,55,pythia-1.4b,medium,draw_3
A16.1,attn,16,1,1,2,pythia-1.4b,medium,draw_3
A16.3,attn,16,10,1,11,pythia-1.4b,medium,draw_3
A15.3,attn,15,24,3,27,pythia-1.4b,medium,draw_3
A15.9,attn,15,16,4,20,pythia-1.4b,medium,draw_3
A16.4,attn,16,10,3,13,pythia-1.4b,medium,draw_3
A11.6,attn,11,12,8,20,pythia-1.4b,medium,draw_3
A16.6,attn,16,8,3,11,pythia-1.4b,medium,draw_3
A16.13,attn,16,5,1,6,pythia-1.4b,medium,draw_3
A16.15,attn,16,9,1,10,pythia-1.4b,medium,draw_3
M22,mlp,22,40,2,42,pythia-1.4b,medium,draw_3
A12.3,attn,12,6,6,12,pythia-1.4b,medium,draw_3
A13.13,attn,13,14,3,17,pythia-1.4b,medium,draw_3
A14.0,attn,14,13,3,16,pythia-1.4b,medium,draw_3
A15.1,attn,15,19,3,22,pythia-1.4b,medium,draw_3
A15.11,attn,15,16,4,20,pythia-1.4b,medium,draw_3
A15.15,attn,15,20,5,25,pythia-1.4b,medium,draw_3
A20.0,attn,20,4,1,5,pythia-1.4b,medium,draw_3
A20.1,attn,20,15,1,16,pythia-1.4b,medium,draw_3
A19.13,attn,19,4,2,6,pythia-1.4b,medium,draw_3
A20.2,attn,20,5,2,7,pythia-1.4b,medium,draw_3
A20.6,attn,20,6,1,7,pythia-1.4b,medium,draw_3
A20.8,attn,20,19,1,20,pythia-1.4b,medium,draw_3
A20.10,attn,20,1,1,2,pythia-1.4b,medium,draw_3
A20.15,attn,20,5,1,6,pythia-1.4b,medium,draw_3
A12.15,attn,12,21,6,27,pythia-1.4b,medium,draw_3
A18.8,attn,18,9,2,11,pythia-1.4b,medium,draw_3
A19.14,attn,19,6,3,9,pythia-1.4b,medium,draw_3
A22.2,attn,22,25,2,27,pythia-1.4b,medium,draw_3
A13.9,attn,13,1,2,3,pythia-1.4b,medium,draw_3
A18.1,attn,18,1,1,2,pythia-1.4b,medium,draw_3
A21.15,attn,21,0,1,1,pythia-1.4b,medium,draw_3
A22.4,attn,22,2,1,3,pythia-1.4b,medium,draw_3
A22.9,attn,22,9,2,11,pythia-1.4b,medium,draw_3
A22.13,attn,22,14,2,16,pythia-1.4b,medium,draw_3
A0.5,attn,0,0,1,1,pythia-1.4b,medium,draw_3
A0.7,attn,0,0,1,1,pythia-1.4b,medium,draw_3
A2.6,attn,2,2,3,5,pythia-1.4b,medium,draw_3
A2.11,attn,2,0,2,2,pythia-1.4b,medium,draw_3
A3.3,attn,3,1,2,3,pythia-1.4b,medium,draw_3
A3.12,attn,3,0,1,1,pythia-1.4b,medium,draw_3
A10.14,attn,10,16,9,25,pythia-1.4b,medium,draw_3
A5.3,attn,5,1,3,4,pythia-1.4b,medium,draw_3
A3.15,attn,3,2,5,7,pythia-1.4b,medium,draw_3
A10.7,attn,10,13,8,21,pythia-1.4b,medium,draw_3
A12.14,attn,12,2,3,5,pythia-1.4b,medium,draw_3
A14.6,attn,14,15,4,19,pythia-1.4b,medium,draw_3
A18.2,attn,18,12,2,14,pythia-1.4b,medium,draw_3
A18.6,attn,18,8,1,9,pythia-1.4b,medium,draw_3
A18.10,attn,18,5,1,6,pythia-1.4b,medium,draw_3
A18.11,attn,18,4,1,5,pythia-1.4b,medium,draw_3
A18.15,attn,18,5,1,6,pythia-1.4b,medium,draw_3
R23,resid,23,168,0,168,pythia-1.4b,medium,draw_3
A4.2,attn,4,0,3,3,pythia-1.4b,medium,draw_3
A4.3,attn,4,0,1,1,pythia-1.4b,medium,draw_3
A5.2,attn,5,0,3,3,pythia-1.4b,medium,draw_3
A7.9,attn,7,0,3,3,pythia-1.4b,medium,draw_3
A8.13,attn,8,1,3,4,pythia-1.4b,medium,draw_3
A9.10,attn,9,0,5,5,pythia-1.4b,medium,draw_3
A10.2,attn,10,1,3,4,pythia-1.4b,medium,draw_3
A10.5,attn,10,8,3,11,pythia-1.4b,medium,draw_3
A10.11,attn,10,0,2,2,pythia-1.4b,medium,draw_3
A11.0,attn,11,0,1,1,pythia-1.4b,medium,draw_3
A11.11,attn,11,5,4,9,pythia-1.4b,medium,draw_3
A11.12,attn,11,1,1,2,pythia-1.4b,medium,draw_3
A12.0,attn,12,1,1,2,pythia-1.4b,medium,draw_3
A12.7,attn,12,38,8,46,pythia-1.4b,medium,draw_3
A12.9,attn,12,1,1,2,pythia-1.4b,medium,draw_3
A12.13,attn,12,3,2,5,pythia-1.4b,medium,draw_3
A13.0,attn,13,11,1,12,pythia-1.4b,medium,draw_3
A13.2,attn,13,5,3,8,pythia-1.4b,medium,draw_3
A14.4,attn,14,6,1,7,pythia-1.4b,medium,draw_3
A14.5,attn,14,0,1,1,pythia-1.4b,medium,draw_3
A14.8,attn,14,7,2,9,pythia-1.4b,medium,draw_3
A14.12,attn,14,14,1,15,pythia-1.4b,medium,draw_3
A15.13,attn,15,9,1,10,pythia-1.4b,medium,draw_3
A15.14,attn,15,11,2,13,pythia-1.4b,medium,draw_3
A19.1,attn,19,0,1,1,pythia-1.4b,medium,draw_3
A19.3,attn,19,10,1,11,pythia-1.4b,medium,draw_3
A19.11,attn,19,6,1,7,pythia-1.4b,medium,draw_3
A21.0,attn,21,2,1,3,pythia-1.4b,medium,draw_3
A21.7,attn,21,14,1,15,pythia-1.4b,medium,draw_3
A21.10,attn,21,0,1,1,pythia-1.4b,medium,draw_3
A21.14,attn,21,3,2,5,pythia-1.4b,medium,draw_3
A22.12,attn,22,0,2,2,pythia-1.4b,medium,draw_3
A23.0,attn,23,0,1,1,pythia-1.4b,medium,draw_3
A23.10,attn,23,0,1,1,pythia-1.4b,medium,draw_3
A23.11,attn,23,0,1,1,pythia-1.4b,medium,draw_3
M23,mlp,23,83,1,84,pythia-1.4b,medium,draw_3
A10.10,attn,10,0,1,1,pythia-1.4b,medium,draw_3
A13.8,attn,13,2,2,4,pythia-1.4b,medium,draw_3
A2.2,attn,2,0,2,2,pythia-1.4b,medium,draw_3
A2.9,attn,2,0,1,1,pythia-1.4b,medium,draw_3
A9.2,attn,9,0,1,1,pythia-1.4b,medium,draw_3
A10.6,attn,10,0,1,1,pythia-1.4b,medium,draw_3
A6.9,attn,6,6,6,12,pythia-1.4b,medium,draw_3
A6.7,attn,6,0,2,2,pythia-1.4b,medium,draw_3
A3.1,attn,3,0,2,2,pythia-1.4b,medium,draw_3
A8.10,attn,8,0,1,1,pythia-1.4b,medium,draw_3
A9.6,attn,9,0,2,2,pythia-1.4b,medium,draw_3
A2.15,attn,2,1,2,3,pythia-1.4b,medium,draw_3
A4.4,attn,4,1,2,3,pythia-1.4b,medium,draw_3
A13.7,attn,13,4,1,5,pythia-1.4b,medium,draw_3
A1.4,attn,1,0,1,1,pythia-1.4b,medium,draw_3
A2.10,attn,2,1,1,2,pythia-1.4b,medium,draw_3
A12.5,attn,12,0,1,1,pythia-1.4b,medium,draw_3
A13.3,attn,13,0,1,1,pythia-1.4b,medium,draw_3
A1.5,attn,1,0,2,2,pythia-1.4b,medium,draw_3
A4.11,attn,4,0,1,1,pythia-1.4b,medium,draw_3
M0,mlp,0,1,99,100,pythia-1.4b,high,draw_1
A3.3,attn,3,1,3,4,pythia-1.4b,high,draw_1
A3.4,attn,3,3,13,16,pythia-1.4b,high,draw_1
A2.0,attn,2,3,11,14,pythia-1.4b,high,draw_1
A2.5,attn,2,11,37,48,pythia-1.4b,high,draw_1
A0.3,attn,0,1,16,17,pythia-1.4b,high,draw_1
A3.5,attn,3,7,10,17,pythia-1.4b,high,draw_1
A1.11,attn,1,3,12,15,pythia-1.4b,high,draw_1
M1,mlp,1,6,37,43,pythia-1.4b,high,draw_1
A2.7,attn,2,4,11,15,pythia-1.4b,high,draw_1
M2,mlp,2,9,39,48,pythia-1.4b,high,draw_1
A3.6,attn,3,1,2,3,pythia-1.4b,high,draw_1
A3.11,attn,3,2,2,4,pythia-1.4b,high,draw_1
A3.12,attn,3,1,1,2,pythia-1.4b,high,draw_1
A3.13,attn,3,5,14,19,pythia-1.4b,high,draw_1
A3.15,attn,3,2,3,5,pythia-1.4b,high,draw_1
A19.3,attn,19,13,2,15,pythia-1.4b,high,draw_1
A5.8,attn,5,3,31,34,pythia-1.4b,high,draw_1
A7.3,attn,7,13,52,65,pythia-1.4b,high,draw_1
A7.6,attn,7,5,15,20,pythia-1.4b,high,draw_1
M7,mlp,7,32,48,80,pythia-1.4b,high,draw_1
M8,mlp,8,32,56,88,pythia-1.4b,high,draw_1
A10.0,attn,10,28,52,80,pythia-1.4b,high,draw_1
A12.12,attn,12,24,15,39,pythia-1.4b,high,draw_1
M13,mlp,13,35,20,55,pythia-1.4b,high,draw_1
M14,mlp,14,50,24,74,pythia-1.4b,high,draw_1
M16,mlp,16,28,12,40,pythia-1.4b,high,draw_1
M18,mlp,18,16,9,25,pythia-1.4b,high,draw_1
M5,mlp,5,22,50,72,pythia-1.4b,high,draw_1
A19.6,attn,19,4,1,5,pythia-1.4b,high,draw_1
A9.12,attn,9,33,35,68,pythia-1.4b,high,draw_1
A19.10,attn,19,2,1,3,pythia-1.4b,high,draw_1
A10.9,attn,10,40,43,83,pythia-1.4b,high,draw_1
A19.11,attn,19,8,1,9,pythia-1.4b,high,draw_1
M4,mlp,4,24,30,54,pythia-1.4b,high,draw_1
A13.15,attn,13,36,10,46,pythia-1.4b,high,draw_1
A19.13,attn,19,1,2,3,pythia-1.4b,high,draw_1
M11,mlp,11,27,20,47,pythia-1.4b,high,draw_1
A19.14,attn,19,4,2,6,pythia-1.4b,high,draw_1
M15,mlp,15,56,30,86,pythia-1.4b,high,draw_1
A9.1,attn,9,25,21,46,pythia-1.4b,high,draw_1
M3,mlp,3,16,45,61,pythia-1.4b,high,draw_1
A4.7,attn,4,6,32,38,pythia-1.4b,high,draw_1
A5.3,attn,5,2,5,7,pythia-1.4b,high,draw_1
A5.4,attn,5,18,51,69,pythia-1.4b,high,draw_1
A5.5,attn,5,7,25,32,pythia-1.4b,high,draw_1
A5.11,attn,5,12,34,46,pythia-1.4b,high,draw_1
A5.12,attn,5,1,6,7,pythia-1.4b,high,draw_1
A6.2,attn,6,13,32,45,pythia-1.4b,high,draw_1
A6.11,attn,6,13,24,37,pythia-1.4b,high,draw_1
M6,mlp,6,26,59,85,pythia-1.4b,high,draw_1
A7.5,attn,7,13,24,37,pythia-1.4b,high,draw_1
A7.10,attn,7,3,13,16,pythia-1.4b,high,draw_1
A7.15,attn,7,7,30,37,pythia-1.4b,high,draw_1
A8.0,attn,8,2,4,6,pythia-1.4b,high,draw_1
A8.3,attn,8,28,38,66,pythia-1.4b,high,draw_1
A8.4,attn,8,13,26,39,pythia-1.4b,high,draw_1
A8.5,attn,8,6,18,24,pythia-1.4b,high,draw_1
A8.7,attn,8,0,5,5,pythia-1.4b,high,draw_1
A8.14,attn,8,11,18,29,pythia-1.4b,high,draw_1
A9.5,attn,9,1,3,4,pythia-1.4b,high,draw_1
A9.7,attn,9,1,6,7,pythia-1.4b,high,draw_1
A9.9,attn,9,7,14,21,pythia-1.4b,high,draw_1
A9.10,attn,9,2,3,5,pythia-1.4b,high,draw_1
A6.6,attn,6,0,2,2,pythia-1.4b,high,draw_1
A6.9,attn,6,2,4,6,pythia-1.4b,high,draw_1
A6.15,attn,6,9,10,19,pythia-1.4b,high,draw_1
A7.8,attn,7,6,12,18,pythia-1.4b,high,draw_1
A8.2,attn,8,0,1,1,pythia-1.4b,high,draw_1
A8.6,attn,8,5,22,27,pythia-1.4b,high,draw_1
A8.11,attn,8,0,5,5,pythia-1.4b,high,draw_1
A8.12,attn,8,5,11,16,pythia-1.4b,high,draw_1
M23,mlp,23,75,1,76,pythia-1.4b,high,draw_1
A4.15,attn,4,8,21,29,pythia-1.4b,high,draw_1
A7.4,attn,7,0,4,4,pythia-1.4b,high,draw_1
M9,mlp,9,37,36,73,pythia-1.4b,high,draw_1
A10.3,attn,10,12,9,21,pythia-1.4b,high,draw_1
A10.4,attn,10,29,31,60,pythia-1.4b,high,draw_1
A10.8,attn,10,29,15,44,pythia-1.4b,high,draw_1
A10.14,attn,10,10,12,22,pythia-1.4b,high,draw_1
A10.15,attn,10,1,5,6,pythia-1.4b,high,draw_1
M10,mlp,10,32,26,58,pythia-1.4b,high,draw_1
A11.2,attn,11,28,16,44,pythia-1.4b,high,draw_1
A11.8,attn,11,25,15,40,pythia-1.4b,high,draw_1
A11.9,attn,11,0,7,7,pythia-1.4b,high,draw_1
A11.11,attn,11,1,7,8,pythia-1.4b,high,draw_1
A11.13,attn,11,11,10,21,pythia-1.4b,high,draw_1
A11.14,attn,11,6,10,16,pythia-1.4b,high,draw_1
A12.8,attn,12,4,10,14,pythia-1.4b,high,draw_1
A12.10,attn,12,9,12,21,pythia-1.4b,high,draw_1
A12.14,attn,12,0,1,1,pythia-1.4b,high,draw_1
M12,mlp,12,40,22,62,pythia-1.4b,high,draw_1
A13.1,attn,13,8,7,15,pythia-1.4b,high,draw_1
A13.2,attn,13,0,1,1,pythia-1.4b,high,draw_1
A13.7,attn,13,14,2,16,pythia-1.4b,high,draw_1
A14.8,attn,14,1,2,3,pythia-1.4b,high,draw_1
A14.11,attn,14,20,5,25,pythia-1.4b,high,draw_1
A15.3,attn,15,9,2,11,pythia-1.4b,high,draw_1
A15.5,attn,15,4,4,8,pythia-1.4b,high,draw_1
A15.11,attn,15,17,3,20,pythia-1.4b,high,draw_1
A15.15,attn,15,9,3,12,pythia-1.4b,high,draw_1
A16.2,attn,16,8,5,13,pythia-1.4b,high,draw_1
A16.4,attn,16,33,5,38,pythia-1.4b,high,draw_1
A16.6,attn,16,3,2,5,pythia-1.4b,high,draw_1
A17.12,attn,17,0,1,1,pythia-1.4b,high,draw_1
M17,mlp,17,22,14,36,pythia-1.4b,high,draw_1
A18.2,attn,18,10,2,12,pythia-1.4b,high,draw_1
A18.6,attn,18,9,5,14,pythia-1.4b,high,draw_1
M19,mlp,19,16,10,26,pythia-1.4b,high,draw_1
M20,mlp,20,20,4,24,pythia-1.4b,high,draw_1
A21.14,attn,21,0,2,2,pythia-1.4b,high,draw_1
M21,mlp,21,24,2,26,pythia-1.4b,high,draw_1
A22.2,attn,22,9,2,11,pythia-1.4b,high,draw_1
A22.9,attn,22,6,2,8,pythia-1.4b,high,draw_1
A22.13,attn,22,13,2,15,pythia-1.4b,high,draw_1
M22,mlp,22,26,3,29,pythia-1.4b,high,draw_1
A2.2,attn,2,1,3,4,pythia-1.4b,high,draw_1
A1.6,attn,1,1,5,6,pythia-1.4b,high,draw_1
A2.4,attn,2,2,1,3,pythia-1.4b,high,draw_1
A0.4,attn,0,1,4,5,pythia-1.4b,high,draw_1
A0.6,attn,0,1,8,9,pythia-1.4b,high,draw_1
A1.4,attn,1,1,3,4,pythia-1.4b,high,draw_1
A1.5,attn,1,1,5,6,pythia-1.4b,high,draw_1
A1.8,attn,1,1,2,3,pythia-1.4b,high,draw_1
A1.9,attn,1,0,1,1,pythia-1.4b,high,draw_1
A2.6,attn,2,3,1,4,pythia-1.4b,high,draw_1
A2.9,attn,2,1,2,3,pythia-1.4b,high,draw_1
A2.15,attn,2,1,2,3,pythia-1.4b,high,draw_1
R23,resid,23,158,0,158,pythia-1.4b,high,draw_1
A4.1,attn,4,3,15,18,pythia-1.4b,high,draw_1
A4.3,attn,4,2,4,6,pythia-1.4b,high,draw_1
A4.8,attn,4,0,1,1,pythia-1.4b,high,draw_1
A6.10,attn,6,1,6,7,pythia-1.4b,high,draw_1
A9.8,attn,9,0,4,4,pythia-1.4b,high,draw_1
A9.13,attn,9,0,1,1,pythia-1.4b,high,draw_1
A10.2,attn,10,1,6,7,pythia-1.4b,high,draw_1
A10.7,attn,10,16,5,21,pythia-1.4b,high,draw_1
A10.11,attn,10,2,3,5,pythia-1.4b,high,draw_1
A11.6,attn,11,17,5,22,pythia-1.4b,high,draw_1
A11.12,attn,11,0,2,2,pythia-1.4b,high,draw_1
A11.15,attn,11,18,6,24,pythia-1.4b,high,draw_1
A12.0,attn,12,8,2,10,pythia-1.4b,high,draw_1
A12.3,attn,12,8,3,11,pythia-1.4b,high,draw_1
A12.6,attn,12,0,1,1,pythia-1.4b,high,draw_1
A12.7,attn,12,43,11,54,pythia-1.4b,high,draw_1
A12.9,attn,12,0,2,2,pythia-1.4b,high,draw_1
A12.11,attn,12,5,7,12,pythia-1.4b,high,draw_1
A12.13,attn,12,1,3,4,pythia-1.4b,high,draw_1
A12.15,attn,12,22,11,33,pythia-1.4b,high,draw_1
A13.0,attn,13,0,2,2,pythia-1.4b,high,draw_1
A13.6,attn,13,1,3,4,pythia-1.4b,high,draw_1
A13.9,attn,13,4,1,5,pythia-1.4b,high,draw_1
A13.13,attn,13,9,3,12,pythia-1.4b,high,draw_1
A14.0,attn,14,10,1,11,pythia-1.4b,high,draw_1
A14.5,attn,14,7,1,8,pythia-1.4b,high,draw_1
A14.6,attn,14,9,1,10,pythia-1.4b,high,draw_1
A14.7,attn,14,2,1,3,pythia-1.4b,high,draw_1
A14.12,attn,14,3,1,4,pythia-1.4b,high,draw_1
A15.1,attn,15,18,1,19,pythia-1.4b,high,draw_1
A15.6,attn,15,1,1,2,pythia-1.4b,high,draw_1
A15.9,attn,15,7,2,9,pythia-1.4b,high,draw_1
A15.13,attn,15,11,2,13,pythia-1.4b,high,draw_1
A15.14,attn,15,9,3,12,pythia-1.4b,high,draw_1
A16.0,attn,16,22,6,28,pythia-1.4b,high,draw_1
A16.3,attn,16,18,2,20,pythia-1.4b,high,draw_1
A16.5,attn,16,18,5,23,pythia-1.4b,high,draw_1
A16.10,attn,16,6,2,8,pythia-1.4b,high,draw_1
A16.13,attn,16,8,1,9,pythia-1.4b,high,draw_1
A16.15,attn,16,2,2,4,pythia-1.4b,high,draw_1
A17.1,attn,17,3,2,5,pythia-1.4b,high,draw_1
A17.5,attn,17,4,1,5,pythia-1.4b,high,draw_1
A17.7,attn,17,6,4,10,pythia-1.4b,high,draw_1
A17.15,attn,17,1,1,2,pythia-1.4b,high,draw_1
A18.4,attn,18,9,1,10,pythia-1.4b,high,draw_1
A18.8,attn,18,15,1,16,pythia-1.4b,high,draw_1
A18.10,attn,18,9,1,10,pythia-1.4b,high,draw_1
A18.11,attn,18,16,1,17,pythia-1.4b,high,draw_1
A18.15,attn,18,0,1,1,pythia-1.4b,high,draw_1
A19.1,attn,19,0,1,1,pythia-1.4b,high,draw_1
A19.5,attn,19,0,1,1,pythia-1.4b,high,draw_1
A20.1,attn,20,11,1,12,pythia-1.4b,high,draw_1
A20.3,attn,20,0,1,1,pythia-1.4b,high,draw_1
A20.6,attn,20,5,1,6,pythia-1.4b,high,draw_1
A20.10,attn,20,12,1,13,pythia-1.4b,high,draw_1
A20.15,attn,20,11,1,12,pythia-1.4b,high,draw_1
A21.0,attn,21,15,2,17,pythia-1.4b,high,draw_1
A21.7,attn,21,12,1,13,pythia-1.4b,high,draw_1
A22.0,attn,22,10,1,11,pythia-1.4b,high,draw_1
A22.3,attn,22,5,1,6,pythia-1.4b,high,draw_1
A22.12,attn,22,0,1,1,pythia-1.4b,high,draw_1
A23.2,attn,23,3,1,4,pythia-1.4b,high,draw_1
A23.9,attn,23,3,1,4,pythia-1.4b,high,draw_1
A5.0,attn,5,2,4,6,pythia-1.4b,high,draw_1
A5.2,attn,5,1,3,4,pythia-1.4b,high,draw_1
A3.8,attn,3,0,2,2,pythia-1.4b,high,draw_1
A4.6,attn,4,1,6,7,pythia-1.4b,high,draw_1
A4.9,attn,4,0,2,2,pythia-1.4b,high,draw_1
A4.14,attn,4,2,6,8,pythia-1.4b,high,draw_1
A5.14,attn,5,5,3,8,pythia-1.4b,high,draw_1
A0.2,attn,0,1,2,3,pythia-1.4b,high,draw_1
A0.10,attn,0,1,2,3,pythia-1.4b,high,draw_1
A0.12,attn,0,0,3,3,pythia-1.4b,high,draw_1
A0.14,attn,0,1,3,4,pythia-1.4b,high,draw_1
A1.14,attn,1,1,4,5,pythia-1.4b,high,draw_1
A2.11,attn,2,0,1,1,pythia-1.4b,high,draw_1
A2.14,attn,2,0,1,1,pythia-1.4b,high,draw_1
A3.9,attn,3,0,2,2,pythia-1.4b,high,draw_1
A5.15,attn,5,0,2,2,pythia-1.4b,high,draw_1
A6.8,attn,6,1,3,4,pythia-1.4b,high,draw_1
A6.12,attn,6,0,3,3,pythia-1.4b,high,draw_1
A7.0,attn,7,1,4,5,pythia-1.4b,high,draw_1
embed,embed,-1,0,8,8,pythia-1.4b,high,draw_1
A0.11,attn,0,1,1,2,pythia-1.4b,high,draw_1
A4.13,attn,4,1,3,4,pythia-1.4b,high,draw_1
A10.5,attn,10,8,5,13,pythia-1.4b,high,draw_1
A10.6,attn,10,0,1,1,pythia-1.4b,high,draw_1
A11.5,attn,11,0,2,2,pythia-1.4b,high,draw_1
A11.4,attn,11,0,2,2,pythia-1.4b,high,draw_1
A9.2,attn,9,0,2,2,pythia-1.4b,high,draw_1
A6.1,attn,6,0,1,1,pythia-1.4b,high,draw_1
A15.10,attn,15,0,3,3,pythia-1.4b,high,draw_1
A14.14,attn,14,2,1,3,pythia-1.4b,high,draw_1
A6.7,attn,6,0,3,3,pythia-1.4b,high,draw_1
A7.2,attn,7,0,3,3,pythia-1.4b,high,draw_1
A7.14,attn,7,0,2,2,pythia-1.4b,high,draw_1
A8.15,attn,8,0,2,2,pythia-1.4b,high,draw_1
A7.9,attn,7,0,2,2,pythia-1.4b,high,draw_1
A8.9,attn,8,0,1,1,pythia-1.4b,high,draw_1
A1.1,attn,1,1,1,2,pythia-1.4b,high,draw_1
A3.2,attn,3,0,2,2,pythia-1.4b,high,draw_1
A4.4,attn,4,0,1,1,pythia-1.4b,high,draw_1
A4.10,attn,4,0,1,1,pythia-1.4b,high,draw_1
A4.11,attn,4,0,1,1,pythia-1.4b,high,draw_1
A5.6,attn,5,0,2,2,pythia-1.4b,high,draw_1
A1.15,attn,1,0,2,2,pythia-1.4b,high,draw_1
A4.5,attn,4,0,2,2,pythia-1.4b,high,draw_1
A5.1,attn,5,0,1,1,pythia-1.4b,high,draw_1
A5.9,attn,5,0,2,2,pythia-1.4b,high,draw_1
A13.8,attn,13,0,1,1,pythia-1.4b,high,draw_1
A9.14,attn,9,0,1,1,pythia-1.4b,high,draw_1
A17.11,attn,17,4,2,6,pythia-1.4b,high,draw_1
A18.1,attn,18,0,1,1,pythia-1.4b,high,draw_1
A11.0,attn,11,0,1,1,pythia-1.4b,high,draw_1
A0.1,attn,0,0,1,1,pythia-1.4b,high,draw_1
A4.12,attn,4,0,1,1,pythia-1.4b,high,draw_1
A5.7,attn,5,0,1,1,pythia-1.4b,high,draw_1
A1.2,attn,1,0,1,1,pythia-1.4b,high,draw_1
A1.12,attn,1,0,1,1,pythia-1.4b,high,draw_1
M9,mlp,9,41,29,70,pythia-1.4b,high,draw_2
A23.1,attn,23,1,1,2,pythia-1.4b,high,draw_2
M15,mlp,15,48,30,78,pythia-1.4b,high,draw_2
A23.2,attn,23,3,1,4,pythia-1.4b,high,draw_2
M19,mlp,19,14,11,25,pythia-1.4b,high,draw_2
M22,mlp,22,26,3,29,pythia-1.4b,high,draw_2
M7,mlp,7,29,53,82,pythia-1.4b,high,draw_2
A23.9,attn,23,2,1,3,pythia-1.4b,high,draw_2
M12,mlp,12,35,27,62,pythia-1.4b,high,draw_2
A0.7,attn,0,0,1,1,pythia-1.4b,high,draw_2
M3,mlp,3,14,47,61,pythia-1.4b,high,draw_2
A0.10,attn,0,0,2,2,pythia-1.4b,high,draw_2
M0,mlp,0,1,103,104,pythia-1.4b,high,draw_2
A1.2,attn,1,1,1,2,pythia-1.4b,high,draw_2
A1.3,attn,1,0,1,1,pythia-1.4b,high,draw_2
A1.9,attn,1,0,1,1,pythia-1.4b,high,draw_2
A1.14,attn,1,1,2,3,pythia-1.4b,high,draw_2
M1,mlp,1,4,36,40,pythia-1.4b,high,draw_2
A2.2,attn,2,2,2,4,pythia-1.4b,high,draw_2
A2.9,attn,2,1,1,2,pythia-1.4b,high,draw_2
A2.10,attn,2,0,1,1,pythia-1.4b,high,draw_2
A2.11,attn,2,1,2,3,pythia-1.4b,high,draw_2
A2.15,attn,2,2,3,5,pythia-1.4b,high,draw_2
M2,mlp,2,10,45,55,pythia-1.4b,high,draw_2
M17,mlp,17,22,14,36,pythia-1.4b,high,draw_2
M5,mlp,5,14,45,59,pythia-1.4b,high,draw_2
A6.11,attn,6,10,29,39,pythia-1.4b,high,draw_2
M6,mlp,6,30,68,98,pythia-1.4b,high,draw_2
A7.10,attn,7,7,12,19,pythia-1.4b,high,draw_2
A7.15,attn,7,9,31,40,pythia-1.4b,high,draw_2
A8.3,attn,8,26,40,66,pythia-1.4b,high,draw_2
A9.12,attn,9,30,42,72,pythia-1.4b,high,draw_2
A10.0,attn,10,33,51,84,pythia-1.4b,high,draw_2
A10.8,attn,10,30,15,45,pythia-1.4b,high,draw_2
A10.9,attn,10,40,53,93,pythia-1.4b,high,draw_2
A10.15,attn,10,3,6,9,pythia-1.4b,high,draw_2
A11.13,attn,11,17,16,33,pythia-1.4b,high,draw_2
M11,mlp,11,38,28,66,pythia-1.4b,high,draw_2
A12.10,attn,12,4,9,13,pythia-1.4b,high,draw_2
A12.11,attn,12,8,4,12,pythia-1.4b,high,draw_2
M14,mlp,14,48,22,70,pythia-1.4b,high,draw_2
A15.5,attn,15,4,4,8,pythia-1.4b,high,draw_2
A16.2,attn,16,12,3,15,pythia-1.4b,high,draw_2
M16,mlp,16,24,12,36,pythia-1.4b,high,draw_2
A3.13,attn,3,4,14,18,pythia-1.4b,high,draw_2
A7.0,attn,7,1,3,4,pythia-1.4b,high,draw_2
A0.3,attn,0,1,14,15,pythia-1.4b,high,draw_2
A7.3,attn,7,20,55,75,pythia-1.4b,high,draw_2
A0.6,attn,0,1,9,10,pythia-1.4b,high,draw_2
A2.0,attn,2,2,8,10,pythia-1.4b,high,draw_2
A2.5,attn,2,10,39,49,pythia-1.4b,high,draw_2
A4.1,attn,4,0,9,9,pythia-1.4b,high,draw_2
A4.7,attn,4,16,36,52,pythia-1.4b,high,draw_2
A4.15,attn,4,12,23,35,pythia-1.4b,high,draw_2
M4,mlp,4,12,45,57,pythia-1.4b,high,draw_2
A5.3,attn,5,2,3,5,pythia-1.4b,high,draw_2
A5.5,attn,5,6,31,37,pythia-1.4b,high,draw_2
A6.2,attn,6,15,28,43,pythia-1.4b,high,draw_2
A6.8,attn,6,1,2,3,pythia-1.4b,high,draw_2
A6.9,attn,6,0,3,3,pythia-1.4b,high,draw_2
A6.15,attn,6,6,12,18,pythia-1.4b,high,draw_2
A7.4,attn,7,1,2,3,pythia-1.4b,high,draw_2
A7.5,attn,7,8,15,23,pythia-1.4b,high,draw_2
A3.4,attn,3,2,11,13,pythia-1.4b,high,draw_2
A5.4,attn,5,18,57,75,pythia-1.4b,high,draw_2
A5.6,attn,5,1,4,5,pythia-1.4b,high,draw_2
A5.8,attn,5,7,27,34,pythia-1.4b,high,draw_2
A5.11,attn,5,13,35,48,pythia-1.4b,high,draw_2
A7.6,attn,7,7,11,18,pythia-1.4b,high,draw_2
A7.8,attn,7,3,14,17,pythia-1.4b,high,draw_2
A7.9,attn,7,1,2,3,pythia-1.4b,high,draw_2
A6.10,attn,6,4,6,10,pythia-1.4b,high,draw_2
A7.14,attn,7,1,3,4,pythia-1.4b,high,draw_2
A8.1,attn,8,1,2,3,pythia-1.4b,high,draw_2
A5.0,attn,5,0,4,4,pythia-1.4b,high,draw_2
A5.12,attn,5,5,8,13,pythia-1.4b,high,draw_2
A6.7,attn,6,1,3,4,pythia-1.4b,high,draw_2
A7.2,attn,7,0,3,3,pythia-1.4b,high,draw_2
A8.4,attn,8,8,25,33,pythia-1.4b,high,draw_2
A8.5,attn,8,14,22,36,pythia-1.4b,high,draw_2
A2.7,attn,2,2,9,11,pythia-1.4b,high,draw_2
A8.6,attn,8,4,20,24,pythia-1.4b,high,draw_2
A8.8,attn,8,1,2,3,pythia-1.4b,high,draw_2
A8.12,attn,8,7,11,18,pythia-1.4b,high,draw_2
A8.13,attn,8,1,5,6,pythia-1.4b,high,draw_2
A8.14,attn,8,10,19,29,pythia-1.4b,high,draw_2
M13,mlp,13,39,18,57,pythia-1.4b,high,draw_2
M8,mlp,8,31,40,71,pythia-1.4b,high,draw_2
A9.1,attn,9,1,12,13,pythia-1.4b,high,draw_2
A10.3,attn,10,22,7,29,pythia-1.4b,high,draw_2
A10.14,attn,10,21,11,32,pythia-1.4b,high,draw_2
M10,mlp,10,37,26,63,pythia-1.4b,high,draw_2
A11.2,attn,11,40,20,60,pythia-1.4b,high,draw_2
A11.4,attn,11,1,4,5,pythia-1.4b,high,draw_2
A11.6,attn,11,12,5,17,pythia-1.4b,high,draw_2
A11.9,attn,11,4,8,12,pythia-1.4b,high,draw_2
A11.14,attn,11,5,9,14,pythia-1.4b,high,draw_2
A12.0,attn,12,0,1,1,pythia-1.4b,high,draw_2
A12.7,attn,12,15,4,19,pythia-1.4b,high,draw_2
A12.12,attn,12,13,17,30,pythia-1.4b,high,draw_2
A3.5,attn,3,5,12,17,pythia-1.4b,high,draw_2
A4.3,attn,4,3,3,6,pythia-1.4b,high,draw_2
A4.6,attn,4,5,6,11,pythia-1.4b,high,draw_2
A4.14,attn,4,4,5,9,pythia-1.4b,high,draw_2
A5.2,attn,5,0,2,2,pythia-1.4b,high,draw_2
A5.15,attn,5,2,3,5,pythia-1.4b,high,draw_2
A6.12,attn,6,0,2,2,pythia-1.4b,high,draw_2
A12.3,attn,12,13,1,14,pythia-1.4b,high,draw_2
A9.9,attn,9,8,23,31,pythia-1.4b,high,draw_2
A9.5,attn,9,2,4,6,pythia-1.4b,high,draw_2
A10.4,attn,10,19,25,44,pythia-1.4b,high,draw_2
A11.8,attn,11,23,19,42,pythia-1.4b,high,draw_2
A11.15,attn,11,8,10,18,pythia-1.4b,high,draw_2
A12.8,attn,12,4,4,8,pythia-1.4b,high,draw_2
A12.14,attn,12,1,1,2,pythia-1.4b,high,draw_2
A12.15,attn,12,18,10,28,pythia-1.4b,high,draw_2
A10.7,attn,10,10,8,18,pythia-1.4b,high,draw_2
A8.7,attn,8,0,2,2,pythia-1.4b,high,draw_2
A9.8,attn,9,0,2,2,pythia-1.4b,high,draw_2
A9.13,attn,9,3,7,10,pythia-1.4b,high,draw_2
A10.2,attn,10,0,1,1,pythia-1.4b,high,draw_2
A10.11,attn,10,8,4,12,pythia-1.4b,high,draw_2
A13.1,attn,13,8,8,16,pythia-1.4b,high,draw_2
A13.2,attn,13,8,2,10,pythia-1.4b,high,draw_2
A13.15,attn,13,33,9,42,pythia-1.4b,high,draw_2
A21.0,attn,21,4,1,5,pythia-1.4b,high,draw_2
A21.2,attn,21,10,1,11,pythia-1.4b,high,draw_2
A21.7,attn,21,12,1,13,pythia-1.4b,high,draw_2
A21.14,attn,21,4,2,6,pythia-1.4b,high,draw_2
A19.13,attn,19,2,2,4,pythia-1.4b,high,draw_2
A4.4,attn,4,2,1,3,pythia-1.4b,high,draw_2
embed,embed,-1,0,8,8,pythia-1.4b,high,draw_2
A0.4,attn,0,1,2,3,pythia-1.4b,high,draw_2
A1.0,attn,1,1,3,4,pythia-1.4b,high,draw_2
A1.1,attn,1,1,2,3,pythia-1.4b,high,draw_2
A1.5,attn,1,1,4,5,pythia-1.4b,high,draw_2
A1.15,attn,1,0,1,1,pythia-1.4b,high,draw_2
A3.3,attn,3,2,6,8,pythia-1.4b,high,draw_2
A3.15,attn,3,1,3,4,pythia-1.4b,high,draw_2
A4.8,attn,4,2,1,3,pythia-1.4b,high,draw_2
A4.9,attn,4,1,2,3,pythia-1.4b,high,draw_2
A4.13,attn,4,1,1,2,pythia-1.4b,high,draw_2
A1.11,attn,1,2,11,13,pythia-1.4b,high,draw_2
A19.3,attn,19,6,3,9,pythia-1.4b,high,draw_2
M18,mlp,18,14,8,22,pythia-1.4b,high,draw_2
A19.5,attn,19,9,1,10,pythia-1.4b,high,draw_2
A14.6,attn,14,7,5,12,pythia-1.4b,high,draw_2
A19.6,attn,19,11,1,12,pythia-1.4b,high,draw_2
A19.10,attn,19,13,2,15,pythia-1.4b,high,draw_2
A14.11,attn,14,24,14,38,pythia-1.4b,high,draw_2
A19.11,attn,19,18,2,20,pythia-1.4b,high,draw_2
A15.9,attn,15,12,2,14,pythia-1.4b,high,draw_2
A15.13,attn,15,11,3,14,pythia-1.4b,high,draw_2
A16.1,attn,16,6,4,10,pythia-1.4b,high,draw_2
A16.15,attn,16,16,3,19,pythia-1.4b,high,draw_2
A19.14,attn,19,4,3,7,pythia-1.4b,high,draw_2
A11.0,attn,11,0,2,2,pythia-1.4b,high,draw_2
A4.2,attn,4,0,2,2,pythia-1.4b,high,draw_2
A6.6,attn,6,1,2,3,pythia-1.4b,high,draw_2
A5.14,attn,5,0,3,3,pythia-1.4b,high,draw_2
R23,resid,23,152,0,152,pythia-1.4b,high,draw_2
A8.15,attn,8,0,1,1,pythia-1.4b,high,draw_2
A9.10,attn,9,4,3,7,pythia-1.4b,high,draw_2
A11.11,attn,11,2,2,4,pythia-1.4b,high,draw_2
A11.12,attn,11,1,2,3,pythia-1.4b,high,draw_2
A13.0,attn,13,14,5,19,pythia-1.4b,high,draw_2
A13.13,attn,13,8,1,9,pythia-1.4b,high,draw_2
A14.0,attn,14,12,4,16,pythia-1.4b,high,draw_2
A14.4,attn,14,3,2,5,pythia-1.4b,high,draw_2
A14.5,attn,14,0,1,1,pythia-1.4b,high,draw_2
A14.12,attn,14,11,1,12,pythia-1.4b,high,draw_2
A15.1,attn,15,9,2,11,pythia-1.4b,high,draw_2
A15.3,attn,15,11,1,12,pythia-1.4b,high,draw_2
A15.11,attn,15,14,2,16,pythia-1.4b,high,draw_2
A15.14,attn,15,24,3,27,pythia-1.4b,high,draw_2
A15.15,attn,15,15,4,19,pythia-1.4b,high,draw_2
A16.0,attn,16,19,5,24,pythia-1.4b,high,draw_2
A16.3,attn,16,17,2,19,pythia-1.4b,high,draw_2
A16.4,attn,16,20,3,23,pythia-1.4b,high,draw_2
A16.5,attn,16,8,1,9,pythia-1.4b,high,draw_2
A16.6,attn,16,4,2,6,pythia-1.4b,high,draw_2
A16.10,attn,16,4,1,5,pythia-1.4b,high,draw_2
A16.13,attn,16,13,3,16,pythia-1.4b,high,draw_2
A17.1,attn,17,13,2,15,pythia-1.4b,high,draw_2
A17.6,attn,17,0,1,1,pythia-1.4b,high,draw_2
A17.7,attn,17,12,4,16,pythia-1.4b,high,draw_2
A17.8,attn,17,8,1,9,pythia-1.4b,high,draw_2
A17.15,attn,17,3,1,4,pythia-1.4b,high,draw_2
A18.2,attn,18,12,2,14,pythia-1.4b,high,draw_2
A18.6,attn,18,9,1,10,pythia-1.4b,high,draw_2
A18.8,attn,18,9,1,10,pythia-1.4b,high,draw_2
A18.11,attn,18,12,3,15,pythia-1.4b,high,draw_2
A18.13,attn,18,0,1,1,pythia-1.4b,high,draw_2
A20.1,attn,20,3,1,4,pythia-1.4b,high,draw_2
A20.3,attn,20,1,1,2,pythia-1.4b,high,draw_2
A20.6,attn,20,5,1,6,pythia-1.4b,high,draw_2
A20.10,attn,20,7,1,8,pythia-1.4b,high,draw_2
A20.15,attn,20,25,1,26,pythia-1.4b,high,draw_2
M20,mlp,20,28,6,34,pythia-1.4b,high,draw_2
M21,mlp,21,18,3,21,pythia-1.4b,high,draw_2
A22.2,attn,22,13,2,15,pythia-1.4b,high,draw_2
A22.3,attn,22,2,1,3,pythia-1.4b,high,draw_2
A22.9,attn,22,13,2,15,pythia-1.4b,high,draw_2
A22.10,attn,22,0,1,1,pythia-1.4b,high,draw_2
A22.13,attn,22,14,2,16,pythia-1.4b,high,draw_2
A22.15,attn,22,10,1,11,pythia-1.4b,high,draw_2
A23.0,attn,23,0,1,1,pythia-1.4b,high,draw_2
A23.10,attn,23,0,1,1,pythia-1.4b,high,draw_2
A23.12,attn,23,0,1,1,pythia-1.4b,high,draw_2
M23,mlp,23,76,1,77,pythia-1.4b,high,draw_2
A15.10,attn,15,0,5,5,pythia-1.4b,high,draw_2
A15.12,attn,15,0,1,1,pythia-1.4b,high,draw_2
A13.7,attn,13,7,1,8,pythia-1.4b,high,draw_2
A22.0,attn,22,9,1,10,pythia-1.4b,high,draw_2
A21.15,attn,21,0,1,1,pythia-1.4b,high,draw_2
A9.6,attn,9,0,1,1,pythia-1.4b,high,draw_2
A8.9,attn,8,0,1,1,pythia-1.4b,high,draw_2
A9.7,attn,9,0,5,5,pythia-1.4b,high,draw_2
A10.5,attn,10,2,2,4,pythia-1.4b,high,draw_2
A8.11,attn,8,0,2,2,pythia-1.4b,high,draw_2
A9.2,attn,9,0,1,1,pythia-1.4b,high,draw_2
A8.10,attn,8,0,1,1,pythia-1.4b,high,draw_2
A13.9,attn,13,0,3,3,pythia-1.4b,high,draw_2
A0.8,attn,0,0,2,2,pythia-1.4b,high,draw_2
A0.13,attn,0,1,2,3,pythia-1.4b,high,draw_2
A0.2,attn,0,1,2,3,pythia-1.4b,high,draw_2
A1.6,attn,1,1,2,3,pythia-1.4b,high,draw_2
A6.1,attn,6,0,1,1,pythia-1.4b,high,draw_2
A8.0,attn,8,0,3,3,pythia-1.4b,high,draw_2
A8.2,attn,8,0,1,1,pythia-1.4b,high,draw_2
A10.10,attn,10,0,1,1,pythia-1.4b,high,draw_2
A19.2,attn,19,0,1,1,pythia-1.4b,high,draw_2
A22.12,attn,22,0,1,1,pythia-1.4b,high,draw_2
A4.12,attn,4,0,1,1,pythia-1.4b,high,draw_2
A11.7,attn,11,0,1,1,pythia-1.4b,high,draw_2
A14.8,attn,14,0,2,2,pythia-1.4b,high,draw_2
A3.0,attn,3,0,1,1,pythia-1.4b,high,draw_2
A3.2,attn,3,0,2,2,pythia-1.4b,high,draw_2
A3.6,attn,3,0,1,1,pythia-1.4b,high,draw_2
A10.1,attn,10,0,1,1,pythia-1.4b,high,draw_2
A0.9,attn,0,0,1,1,pythia-1.4b,high,draw_2
A0.14,attn,0,0,1,1,pythia-1.4b,high,draw_2
A1.7,attn,1,0,1,1,pythia-1.4b,high,draw_2
A0.12,attn,0,0,1,1,pythia-1.4b,high,draw_2
A1.4,attn,1,2,1,3,pythia-1.4b,high,draw_2
A1.8,attn,1,2,2,4,pythia-1.4b,high,draw_2
A4.10,attn,4,0,1,1,pythia-1.4b,high,draw_2
A5.5,attn,5,8,29,37,pythia-1.4b,high,draw_3
A7.2,attn,7,2,4,6,pythia-1.4b,high,draw_3
M6,mlp,6,30,60,90,pythia-1.4b,high,draw_3
M0,mlp,0,1,93,94,pythia-1.4b,high,draw_3
A7.3,attn,7,15,50,65,pythia-1.4b,high,draw_3
A2.5,attn,2,9,37,46,pythia-1.4b,high,draw_3
M2,mlp,2,10,40,50,pythia-1.4b,high,draw_3
A3.2,attn,3,0,2,2,pythia-1.4b,high,draw_3
M3,mlp,3,13,44,57,pythia-1.4b,high,draw_3
A4.1,attn,4,4,16,20,pythia-1.4b,high,draw_3
A4.7,attn,4,7,24,31,pythia-1.4b,high,draw_3
A4.15,attn,4,15,27,42,pythia-1.4b,high,draw_3
M4,mlp,4,13,31,44,pythia-1.4b,high,draw_3
A5.14,attn,5,0,3,3,pythia-1.4b,high,draw_3
A6.2,attn,6,13,36,49,pythia-1.4b,high,draw_3
A6.8,attn,6,1,4,5,pythia-1.4b,high,draw_3
A6.9,attn,6,2,7,9,pythia-1.4b,high,draw_3
A6.11,attn,6,11,20,31,pythia-1.4b,high,draw_3
A5.4,attn,5,15,46,61,pythia-1.4b,high,draw_3
A7.4,attn,7,1,3,4,pythia-1.4b,high,draw_3
A7.5,attn,7,12,17,29,pythia-1.4b,high,draw_3
A5.0,attn,5,2,4,6,pythia-1.4b,high,draw_3
A5.11,attn,5,15,36,51,pythia-1.4b,high,draw_3
M5,mlp,5,21,52,73,pythia-1.4b,high,draw_3
A6.10,attn,6,5,9,14,pythia-1.4b,high,draw_3
A6.15,attn,6,1,8,9,pythia-1.4b,high,draw_3
A2.7,attn,2,1,10,11,pythia-1.4b,high,draw_3
A7.6,attn,7,9,15,24,pythia-1.4b,high,draw_3
A3.13,attn,3,5,15,20,pythia-1.4b,high,draw_3
A5.12,attn,5,0,2,2,pythia-1.4b,high,draw_3
A7.8,attn,7,4,9,13,pythia-1.4b,high,draw_3
A7.10,attn,7,8,8,16,pythia-1.4b,high,draw_3
M1,mlp,1,3,38,41,pythia-1.4b,high,draw_3
A0.3,attn,0,1,16,17,pythia-1.4b,high,draw_3
A7.15,attn,7,10,29,39,pythia-1.4b,high,draw_3
A5.3,attn,5,1,4,5,pythia-1.4b,high,draw_3
A0.6,attn,0,1,11,12,pythia-1.4b,high,draw_3
A1.5,attn,1,1,10,11,pythia-1.4b,high,draw_3
A1.11,attn,1,3,11,14,pythia-1.4b,high,draw_3
A2.0,attn,2,2,11,13,pythia-1.4b,high,draw_3
A3.4,attn,3,3,8,11,pythia-1.4b,high,draw_3
A3.5,attn,3,7,9,16,pythia-1.4b,high,draw_3
A3.15,attn,3,1,3,4,pythia-1.4b,high,draw_3
A4.6,attn,4,7,7,14,pythia-1.4b,high,draw_3
A4.14,attn,4,3,5,8,pythia-1.4b,high,draw_3
A5.8,attn,5,6,29,35,pythia-1.4b,high,draw_3
A4.5,attn,4,7,6,13,pythia-1.4b,high,draw_3
A5.15,attn,5,1,4,5,pythia-1.4b,high,draw_3
A13.0,attn,13,12,4,16,pythia-1.4b,high,draw_3
A8.14,attn,8,15,21,36,pythia-1.4b,high,draw_3
M8,mlp,8,37,60,97,pythia-1.4b,high,draw_3
A10.0,attn,10,36,57,93,pythia-1.4b,high,draw_3
A10.9,attn,10,41,46,87,pythia-1.4b,high,draw_3
M10,mlp,10,32,26,58,pythia-1.4b,high,draw_3
A11.2,attn,11,29,19,48,pythia-1.4b,high,draw_3
A11.8,attn,11,11,16,27,pythia-1.4b,high,draw_3
A13.1,attn,13,11,9,20,pythia-1.4b,high,draw_3
A9.12,attn,9,31,41,72,pythia-1.4b,high,draw_3
A10.8,attn,10,23,13,36,pythia-1.4b,high,draw_3
M12,mlp,12,34,23,57,pythia-1.4b,high,draw_3
A8.5,attn,8,12,27,39,pythia-1.4b,high,draw_3
A13.6,attn,13,1,1,2,pythia-1.4b,high,draw_3
A13.7,attn,13,8,2,10,pythia-1.4b,high,draw_3
A8.6,attn,8,4,21,25,pythia-1.4b,high,draw_3
A13.9,attn,13,4,2,6,pythia-1.4b,high,draw_3
M7,mlp,7,29,49,78,pythia-1.4b,high,draw_3
A11.9,attn,11,1,10,11,pythia-1.4b,high,draw_3
A13.13,attn,13,9,1,10,pythia-1.4b,high,draw_3
A9.1,attn,9,13,20,33,pythia-1.4b,high,draw_3
A12.7,attn,12,42,11,53,pythia-1.4b,high,draw_3
A12.8,attn,12,1,5,6,pythia-1.4b,high,draw_3
A13.15,attn,13,25,9,34,pythia-1.4b,high,draw_3
A8.3,attn,8,34,36,70,pythia-1.4b,high,draw_3
A10.5,attn,10,16,6,22,pythia-1.4b,high,draw_3
A10.7,attn,10,5,9,14,pythia-1.4b,high,draw_3
A10.14,attn,10,13,13,26,pythia-1.4b,high,draw_3
A11.4,attn,11,7,6,13,pythia-1.4b,high,draw_3
A11.14,attn,11,13,12,25,pythia-1.4b,high,draw_3
A12.10,attn,12,5,13,18,pythia-1.4b,high,draw_3
A12.12,attn,12,20,12,32,pythia-1.4b,high,draw_3
M17,mlp,17,19,9,28,pythia-1.4b,high,draw_3
A11.13,attn,11,12,12,24,pythia-1.4b,high,draw_3
M11,mlp,11,38,25,63,pythia-1.4b,high,draw_3
M14,mlp,14,41,25,66,pythia-1.4b,high,draw_3
M15,mlp,15,51,29,80,pythia-1.4b,high,draw_3
A16.10,attn,16,2,2,4,pythia-1.4b,high,draw_3
M16,mlp,16,30,14,44,pythia-1.4b,high,draw_3
R23,resid,23,163,0,163,pythia-1.4b,high,draw_3
A4.3,attn,4,0,1,1,pythia-1.4b,high,draw_3
A4.8,attn,4,1,2,3,pythia-1.4b,high,draw_3
A8.0,attn,8,0,4,4,pythia-1.4b,high,draw_3
A8.4,attn,8,12,23,35,pythia-1.4b,high,draw_3
A8.7,attn,8,0,2,2,pythia-1.4b,high,draw_3
A8.11,attn,8,0,5,5,pythia-1.4b,high,draw_3
A8.12,attn,8,6,11,17,pythia-1.4b,high,draw_3
A9.5,attn,9,4,5,9,pythia-1.4b,high,draw_3
A9.7,attn,9,0,5,5,pythia-1.4b,high,draw_3
A9.8,attn,9,1,2,3,pythia-1.4b,high,draw_3
A9.9,attn,9,11,14,25,pythia-1.4b,high,draw_3
A9.10,attn,9,2,4,6,pythia-1.4b,high,draw_3
A9.13,attn,9,2,4,6,pythia-1.4b,high,draw_3
M9,mlp,9,40,30,70,pythia-1.4b,high,draw_3
A10.3,attn,10,14,7,21,pythia-1.4b,high,draw_3
A10.4,attn,10,14,21,35,pythia-1.4b,high,draw_3
A10.11,attn,10,7,2,9,pythia-1.4b,high,draw_3
A10.15,attn,10,1,5,6,pythia-1.4b,high,draw_3
A11.0,attn,11,1,1,2,pythia-1.4b,high,draw_3
A11.6,attn,11,4,5,9,pythia-1.4b,high,draw_3
A11.11,attn,11,7,2,9,pythia-1.4b,high,draw_3
A11.12,attn,11,1,1,2,pythia-1.4b,high,draw_3
A11.15,attn,11,20,5,25,pythia-1.4b,high,draw_3
A12.0,attn,12,0,2,2,pythia-1.4b,high,draw_3
A12.3,attn,12,12,1,13,pythia-1.4b,high,draw_3
A12.6,attn,12,0,1,1,pythia-1.4b,high,draw_3
A12.9,attn,12,1,1,2,pythia-1.4b,high,draw_3
A12.11,attn,12,11,5,16,pythia-1.4b,high,draw_3
A12.13,attn,12,0,2,2,pythia-1.4b,high,draw_3
A12.15,attn,12,21,7,28,pythia-1.4b,high,draw_3
M13,mlp,13,39,14,53,pythia-1.4b,high,draw_3
A14.0,attn,14,5,3,8,pythia-1.4b,high,draw_3
A14.1,attn,14,6,1,7,pythia-1.4b,high,draw_3
A14.4,attn,14,0,1,1,pythia-1.4b,high,draw_3
A14.5,attn,14,3,1,4,pythia-1.4b,high,draw_3
A14.6,attn,14,6,2,8,pythia-1.4b,high,draw_3
A14.7,attn,14,5,1,6,pythia-1.4b,high,draw_3
A14.8,attn,14,0,1,1,pythia-1.4b,high,draw_3
A14.11,attn,14,14,7,21,pythia-1.4b,high,draw_3
A14.12,attn,14,1,1,2,pythia-1.4b,high,draw_3
A15.1,attn,15,9,3,12,pythia-1.4b,high,draw_3
A15.3,attn,15,2,2,4,pythia-1.4b,high,draw_3
A15.5,attn,15,6,3,9,pythia-1.4b,high,draw_3
A15.6,attn,15,0,1,1,pythia-1.4b,high,draw_3
A15.9,attn,15,10,1,11,pythia-1.4b,high,draw_3
A15.11,attn,15,17,5,22,pythia-1.4b,high,draw_3
A15.13,attn,15,7,1,8,pythia-1.4b,high,draw_3
A15.14,attn,15,16,2,18,pythia-1.4b,high,draw_3
A15.15,attn,15,14,4,18,pythia-1.4b,high,draw_3
A16.0,attn,16,19,3,22,pythia-1.4b,high,draw_3
A16.1,attn,16,3,1,4,pythia-1.4b,high,draw_3
A16.2,attn,16,9,1,10,pythia-1.4b,high,draw_3
A16.3,attn,16,22,1,23,pythia-1.4b,high,draw_3
A16.4,attn,16,16,2,18,pythia-1.4b,high,draw_3
A16.5,attn,16,20,4,24,pythia-1.4b,high,draw_3
A16.6,attn,16,1,2,3,pythia-1.4b,high,draw_3
A16.13,attn,16,6,2,8,pythia-1.4b,high,draw_3
A16.15,attn,16,5,3,8,pythia-1.4b,high,draw_3
A17.1,attn,17,10,2,12,pythia-1.4b,high,draw_3
A17.7,attn,17,10,3,13,pythia-1.4b,high,draw_3
A17.8,attn,17,5,1,6,pythia-1.4b,high,draw_3
A17.13,attn,17,0,1,1,pythia-1.4b,high,draw_3
A17.15,attn,17,1,1,2,pythia-1.4b,high,draw_3
A18.2,attn,18,7,1,8,pythia-1.4b,high,draw_3
A18.4,attn,18,7,1,8,pythia-1.4b,high,draw_3
A18.6,attn,18,20,2,22,pythia-1.4b,high,draw_3
A18.8,attn,18,15,3,18,pythia-1.4b,high,draw_3
A18.10,attn,18,8,1,9,pythia-1.4b,high,draw_3
A18.11,attn,18,6,1,7,pythia-1.4b,high,draw_3
A18.12,attn,18,1,1,2,pythia-1.4b,high,draw_3
A18.13,attn,18,4,1,5,pythia-1.4b,high,draw_3
A18.15,attn,18,2,1,3,pythia-1.4b,high,draw_3
M18,mlp,18,21,8,29,pythia-1.4b,high,draw_3
A19.2,attn,19,1,1,2,pythia-1.4b,high,draw_3
A19.3,attn,19,8,2,10,pythia-1.4b,high,draw_3
A19.5,attn,19,9,1,10,pythia-1.4b,high,draw_3
A19.11,attn,19,6,5,11,pythia-1.4b,high,draw_3
A19.13,attn,19,3,2,5,pythia-1.4b,high,draw_3
A19.14,attn,19,2,2,4,pythia-1.4b,high,draw_3
M19,mlp,19,14,8,22,pythia-1.4b,high,draw_3
A20.1,attn,20,28,1,29,pythia-1.4b,high,draw_3
A20.6,attn,20,8,1,9,pythia-1.4b,high,draw_3
A20.10,attn,20,0,1,1,pythia-1.4b,high,draw_3
A20.15,attn,20,12,1,13,pythia-1.4b,high,draw_3
M20,mlp,20,17,5,22,pythia-1.4b,high,draw_3
A21.0,attn,21,13,1,14,pythia-1.4b,high,draw_3
A21.5,attn,21,6,1,7,pythia-1.4b,high,draw_3
M21,mlp,21,20,3,23,pythia-1.4b,high,draw_3
A22.2,attn,22,12,2,14,pythia-1.4b,high,draw_3
A22.9,attn,22,0,1,1,pythia-1.4b,high,draw_3
A22.12,attn,22,0,1,1,pythia-1.4b,high,draw_3
A22.13,attn,22,12,2,14,pythia-1.4b,high,draw_3
M22,mlp,22,28,2,30,pythia-1.4b,high,draw_3
A23.0,attn,23,0,1,1,pythia-1.4b,high,draw_3
A23.2,attn,23,0,1,1,pythia-1.4b,high,draw_3
A23.9,attn,23,3,1,4,pythia-1.4b,high,draw_3
M23,mlp,23,69,1,70,pythia-1.4b,high,draw_3
A0.1,attn,0,1,2,3,pythia-1.4b,high,draw_3
A0.13,attn,0,0,1,1,pythia-1.4b,high,draw_3
A1.0,attn,1,1,1,2,pythia-1.4b,high,draw_3
A1.2,attn,1,1,2,3,pythia-1.4b,high,draw_3
A1.6,attn,1,0,4,4,pythia-1.4b,high,draw_3
A1.14,attn,1,1,2,3,pythia-1.4b,high,draw_3
A1.15,attn,1,1,3,4,pythia-1.4b,high,draw_3
embed,embed,-1,0,8,8,pythia-1.4b,high,draw_3
A0.2,attn,0,1,2,3,pythia-1.4b,high,draw_3
A0.4,attn,0,1,4,5,pythia-1.4b,high,draw_3
A0.10,attn,0,1,2,3,pythia-1.4b,high,draw_3
A0.14,attn,0,1,3,4,pythia-1.4b,high,draw_3
A7.13,attn,7,0,2,2,pythia-1.4b,high,draw_3
A17.11,attn,17,13,2,15,pythia-1.4b,high,draw_3
A1.4,attn,1,1,1,2,pythia-1.4b,high,draw_3
A1.8,attn,1,1,2,3,pythia-1.4b,high,draw_3
A1.9,attn,1,1,1,2,pythia-1.4b,high,draw_3
A12.14,attn,12,1,2,3,pythia-1.4b,high,draw_3
A14.14,attn,14,3,1,4,pythia-1.4b,high,draw_3
A6.7,attn,6,1,4,5,pythia-1.4b,high,draw_3
A5.13,attn,5,0,3,3,pythia-1.4b,high,draw_3
A9.15,attn,9,0,1,1,pythia-1.4b,high,draw_3
A2.6,attn,2,1,2,3,pythia-1.4b,high,draw_3
A2.9,attn,2,1,1,2,pythia-1.4b,high,draw_3
A2.15,attn,2,2,3,5,pythia-1.4b,high,draw_3
A6.1,attn,6,0,2,2,pythia-1.4b,high,draw_3
A5.6,attn,5,0,4,4,pythia-1.4b,high,draw_3
A7.0,attn,7,0,2,2,pythia-1.4b,high,draw_3
A7.9,attn,7,0,2,2,pythia-1.4b,high,draw_3
A6.12,attn,6,0,3,3,pythia-1.4b,high,draw_3
A9.6,attn,9,0,2,2,pythia-1.4b,high,draw_3
A11.5,attn,11,0,1,1,pythia-1.4b,high,draw_3
A4.13,attn,4,1,4,5,pythia-1.4b,high,draw_3
A8.9,attn,8,0,1,1,pythia-1.4b,high,draw_3
A3.3,attn,3,2,3,5,pythia-1.4b,high,draw_3
A7.14,attn,7,0,1,1,pythia-1.4b,high,draw_3
A8.13,attn,8,0,2,2,pythia-1.4b,high,draw_3
A3.7,attn,3,0,1,1,pythia-1.4b,high,draw_3
A5.2,attn,5,0,2,2,pythia-1.4b,high,draw_3
A3.0,attn,3,0,2,2,pythia-1.4b,high,draw_3
A3.9,attn,3,0,1,1,pythia-1.4b,high,draw_3
A8.2,attn,8,0,1,1,pythia-1.4b,high,draw_3
A0.7,attn,0,0,1,1,pythia-1.4b,high,draw_3
A0.8,attn,0,0,2,2,pythia-1.4b,high,draw_3
A3.11,attn,3,1,3,4,pythia-1.4b,high,draw_3
A4.4,attn,4,0,1,1,pythia-1.4b,high,draw_3
A13.8,attn,13,0,1,1,pythia-1.4b,high,draw_3
A5.1,attn,5,0,3,3,pythia-1.4b,high,draw_3
A6.6,attn,6,0,2,2,pythia-1.4b,high,draw_3
A3.8,attn,3,0,1,1,pythia-1.4b,high,draw_3
A4.9,attn,4,1,1,2,pythia-1.4b,high,draw_3
A1.1,attn,1,0,1,1,pythia-1.4b,high,draw_3
A9.14,attn,9,0,1,1,pythia-1.4b,high,draw_3
A0.12,attn,0,0,1,1,pythia-1.4b,high,draw_3
A2.11,attn,2,0,1,1,pythia-1.4b,high,draw_3
A4.2,attn,4,0,2,2,pythia-1.4b,high,draw_3
A4.12,attn,4,0,1,1,pythia-1.4b,high,draw_3
M1,mlp,1,3,35,38,pythia-1.4b,very_high,draw_1
M16,mlp,16,21,8,29,pythia-1.4b,very_high,draw_1
M2,mlp,2,16,41,57,pythia-1.4b,very_high,draw_1
A5.8,attn,5,5,25,30,pythia-1.4b,very_high,draw_1
A5.11,attn,5,14,33,47,pythia-1.4b,very_high,draw_1
M6,mlp,6,31,52,83,pythia-1.4b,very_high,draw_1
A7.15,attn,7,13,28,41,pythia-1.4b,very_high,draw_1
M7,mlp,7,22,58,80,pythia-1.4b,very_high,draw_1
A8.3,attn,8,23,34,57,pythia-1.4b,very_high,draw_1
A8.14,attn,8,10,19,29,pythia-1.4b,very_high,draw_1
M9,mlp,9,34,30,64,pythia-1.4b,very_high,draw_1
A10.0,attn,10,33,51,84,pythia-1.4b,very_high,draw_1
A10.9,attn,10,39,46,85,pythia-1.4b,very_high,draw_1
A10.14,attn,10,7,11,18,pythia-1.4b,very_high,draw_1
M10,mlp,10,38,28,66,pythia-1.4b,very_high,draw_1
M11,mlp,11,28,14,42,pythia-1.4b,very_high,draw_1
A12.15,attn,12,27,9,36,pythia-1.4b,very_high,draw_1
M12,mlp,12,25,15,40,pythia-1.4b,very_high,draw_1
A13.15,attn,13,30,8,38,pythia-1.4b,very_high,draw_1
M14,mlp,14,42,23,65,pythia-1.4b,very_high,draw_1
A15.5,attn,15,4,3,7,pythia-1.4b,very_high,draw_1
M15,mlp,15,38,28,66,pythia-1.4b,very_high,draw_1
embed,embed,-1,0,12,12,pythia-1.4b,very_high,draw_1
A0.3,attn,0,1,9,10,pythia-1.4b,very_high,draw_1
A0.4,attn,0,1,4,5,pythia-1.4b,very_high,draw_1
A0.7,attn,0,1,1,2,pythia-1.4b,very_high,draw_1
A0.8,attn,0,1,2,3,pythia-1.4b,very_high,draw_1
A0.14,attn,0,1,7,8,pythia-1.4b,very_high,draw_1
M0,mlp,0,1,82,83,pythia-1.4b,very_high,draw_1
A1.1,attn,1,0,1,1,pythia-1.4b,very_high,draw_1
A1.2,attn,1,1,3,4,pythia-1.4b,very_high,draw_1
A1.3,attn,1,0,1,1,pythia-1.4b,very_high,draw_1
A1.5,attn,1,3,6,9,pythia-1.4b,very_high,draw_1
A1.9,attn,1,1,3,4,pythia-1.4b,very_high,draw_1
A1.11,attn,1,6,9,15,pythia-1.4b,very_high,draw_1
A1.13,attn,1,0,1,1,pythia-1.4b,very_high,draw_1
A1.15,attn,1,1,4,5,pythia-1.4b,very_high,draw_1
A2.5,attn,2,11,30,41,pythia-1.4b,very_high,draw_1
A4.7,attn,4,4,31,35,pythia-1.4b,very_high,draw_1
A4.8,attn,4,4,3,7,pythia-1.4b,very_high,draw_1
A5.4,attn,5,17,46,63,pythia-1.4b,very_high,draw_1
M5,mlp,5,21,51,72,pythia-1.4b,very_high,draw_1
A6.2,attn,6,17,28,45,pythia-1.4b,very_high,draw_1
A7.3,attn,7,14,46,60,pythia-1.4b,very_high,draw_1
A7.10,attn,7,8,11,19,pythia-1.4b,very_high,draw_1
A8.4,attn,8,11,17,28,pythia-1.4b,very_high,draw_1
A8.5,attn,8,14,16,30,pythia-1.4b,very_high,draw_1
A8.6,attn,8,8,16,24,pythia-1.4b,very_high,draw_1
A9.1,attn,9,9,17,26,pythia-1.4b,very_high,draw_1
A9.12,attn,9,34,30,64,pythia-1.4b,very_high,draw_1
A9.13,attn,9,1,4,5,pythia-1.4b,very_high,draw_1
A10.4,attn,10,20,22,42,pythia-1.4b,very_high,draw_1
A10.5,attn,10,6,8,14,pythia-1.4b,very_high,draw_1
A10.8,attn,10,26,14,40,pythia-1.4b,very_high,draw_1
A10.11,attn,10,18,3,21,pythia-1.4b,very_high,draw_1
A11.0,attn,11,0,1,1,pythia-1.4b,very_high,draw_1
A11.9,attn,11,2,10,12,pythia-1.4b,very_high,draw_1
A11.14,attn,11,5,8,13,pythia-1.4b,very_high,draw_1
A12.10,attn,12,8,8,16,pythia-1.4b,very_high,draw_1
A12.11,attn,12,8,7,15,pythia-1.4b,very_high,draw_1
A12.12,attn,12,16,9,25,pythia-1.4b,very_high,draw_1
A12.14,attn,12,0,3,3,pythia-1.4b,very_high,draw_1
A13.1,attn,13,4,5,9,pythia-1.4b,very_high,draw_1
A13.6,attn,13,1,3,4,pythia-1.4b,very_high,draw_1
M13,mlp,13,38,20,58,pythia-1.4b,very_high,draw_1
A3.3,attn,3,1,6,7,pythia-1.4b,very_high,draw_1
A3.4,attn,3,3,8,11,pythia-1.4b,very_high,draw_1
A0.6,attn,0,1,11,12,pythia-1.4b,very_high,draw_1
A3.5,attn,3,4,7,11,pythia-1.4b,very_high,draw_1
A3.7,attn,3,1,2,3,pythia-1.4b,very_high,draw_1
A3.11,attn,3,1,3,4,pythia-1.4b,very_high,draw_1
A3.13,attn,3,5,16,21,pythia-1.4b,very_high,draw_1
A7.2,attn,7,2,3,5,pythia-1.4b,very_high,draw_1
M3,mlp,3,18,35,53,pythia-1.4b,very_high,draw_1
A4.15,attn,4,10,20,30,pythia-1.4b,very_high,draw_1
M4,mlp,4,17,28,45,pythia-1.4b,very_high,draw_1
A5.6,attn,5,4,7,11,pythia-1.4b,very_high,draw_1
A6.11,attn,6,7,21,28,pythia-1.4b,very_high,draw_1
A7.4,attn,7,2,6,8,pythia-1.4b,very_high,draw_1
A7.5,attn,7,11,18,29,pythia-1.4b,very_high,draw_1
A5.14,attn,5,1,3,4,pythia-1.4b,very_high,draw_1
A7.6,attn,7,2,5,7,pythia-1.4b,very_high,draw_1
A7.8,attn,7,2,10,12,pythia-1.4b,very_high,draw_1
A7.9,attn,7,1,3,4,pythia-1.4b,very_high,draw_1
A5.5,attn,5,6,25,31,pythia-1.4b,very_high,draw_1
A6.10,attn,6,0,6,6,pythia-1.4b,very_high,draw_1
A4.13,attn,4,1,4,5,pythia-1.4b,very_high,draw_1
A5.3,attn,5,1,4,5,pythia-1.4b,very_high,draw_1
M23,mlp,23,77,1,78,pythia-1.4b,very_high,draw_1
A2.7,attn,2,1,7,8,pythia-1.4b,very_high,draw_1
M8,mlp,8,28,41,69,pythia-1.4b,very_high,draw_1
A10.3,attn,10,2,6,8,pythia-1.4b,very_high,draw_1
A10.15,attn,10,0,1,1,pythia-1.4b,very_high,draw_1
A11.2,attn,11,34,14,48,pythia-1.4b,very_high,draw_1
A11.13,attn,11,12,9,21,pythia-1.4b,very_high,draw_1
A12.0,attn,12,3,2,5,pythia-1.4b,very_high,draw_1
A12.8,attn,12,7,7,14,pythia-1.4b,very_high,draw_1
A13.7,attn,13,7,1,8,pythia-1.4b,very_high,draw_1
A14.0,attn,14,10,5,15,pythia-1.4b,very_high,draw_1
A14.11,attn,14,9,2,11,pythia-1.4b,very_high,draw_1
A15.9,attn,15,16,3,19,pythia-1.4b,very_high,draw_1
A15.11,attn,15,11,3,14,pythia-1.4b,very_high,draw_1
A15.13,attn,15,8,2,10,pythia-1.4b,very_high,draw_1
A15.14,attn,15,16,4,20,pythia-1.4b,very_high,draw_1
A15.15,attn,15,11,4,15,pythia-1.4b,very_high,draw_1
A16.0,attn,16,18,4,22,pythia-1.4b,very_high,draw_1
A16.4,attn,16,22,3,25,pythia-1.4b,very_high,draw_1
A16.5,attn,16,10,5,15,pythia-1.4b,very_high,draw_1
A16.6,attn,16,1,2,3,pythia-1.4b,very_high,draw_1
A16.13,attn,16,10,4,14,pythia-1.4b,very_high,draw_1
A17.1,attn,17,12,3,15,pythia-1.4b,very_high,draw_1
A17.7,attn,17,7,4,11,pythia-1.4b,very_high,draw_1
M17,mlp,17,19,9,28,pythia-1.4b,very_high,draw_1
A18.2,attn,18,3,2,5,pythia-1.4b,very_high,draw_1
A18.6,attn,18,6,4,10,pythia-1.4b,very_high,draw_1
A18.11,attn,18,11,2,13,pythia-1.4b,very_high,draw_1
A18.13,attn,18,1,2,3,pythia-1.4b,very_high,draw_1
M18,mlp,18,14,6,20,pythia-1.4b,very_high,draw_1
A19.14,attn,19,1,3,4,pythia-1.4b,very_high,draw_1
M19,mlp,19,10,7,17,pythia-1.4b,very_high,draw_1
M20,mlp,20,12,3,15,pythia-1.4b,very_high,draw_1
M21,mlp,21,25,3,28,pythia-1.4b,very_high,draw_1
A22.0,attn,22,12,1,13,pythia-1.4b,very_high,draw_1
A22.2,attn,22,0,2,2,pythia-1.4b,very_high,draw_1
A22.9,attn,22,8,2,10,pythia-1.4b,very_high,draw_1
A22.13,attn,22,14,2,16,pythia-1.4b,very_high,draw_1
M22,mlp,22,29,3,32,pythia-1.4b,very_high,draw_1
A2.0,attn,2,2,7,9,pythia-1.4b,very_high,draw_1
A4.1,attn,4,0,15,15,pythia-1.4b,very_high,draw_1
A5.12,attn,5,6,5,11,pythia-1.4b,very_high,draw_1
A6.15,attn,6,4,10,14,pythia-1.4b,very_high,draw_1
A20.1,attn,20,8,1,9,pythia-1.4b,very_high,draw_1
A20.6,attn,20,7,2,9,pythia-1.4b,very_high,draw_1
A20.7,attn,20,10,1,11,pythia-1.4b,very_high,draw_1
A16.3,attn,16,21,5,26,pythia-1.4b,very_high,draw_1
A20.15,attn,20,22,1,23,pythia-1.4b,very_high,draw_1
A9.9,attn,9,6,12,18,pythia-1.4b,very_high,draw_1
A12.6,attn,12,3,3,6,pythia-1.4b,very_high,draw_1
A13.2,attn,13,0,3,3,pythia-1.4b,very_high,draw_1
A14.6,attn,14,18,2,20,pythia-1.4b,very_high,draw_1
A19.3,attn,19,5,2,7,pythia-1.4b,very_high,draw_1
A19.5,attn,19,7,2,9,pythia-1.4b,very_high,draw_1
R23,resid,23,156,0,156,pythia-1.4b,very_high,draw_1
A4.3,attn,4,0,2,2,pythia-1.4b,very_high,draw_1
A4.6,attn,4,3,7,10,pythia-1.4b,very_high,draw_1
A5.1,attn,5,0,2,2,pythia-1.4b,very_high,draw_1
A8.0,attn,8,1,2,3,pythia-1.4b,very_high,draw_1
A8.2,attn,8,2,3,5,pythia-1.4b,very_high,draw_1
A8.7,attn,8,0,2,2,pythia-1.4b,very_high,draw_1
A8.11,attn,8,0,5,5,pythia-1.4b,very_high,draw_1
A8.12,attn,8,5,10,15,pythia-1.4b,very_high,draw_1
A9.5,attn,9,4,4,8,pythia-1.4b,very_high,draw_1
A9.7,attn,9,1,4,5,pythia-1.4b,very_high,draw_1
A9.8,attn,9,0,4,4,pythia-1.4b,very_high,draw_1
A9.10,attn,9,4,3,7,pythia-1.4b,very_high,draw_1
A10.7,attn,10,2,5,7,pythia-1.4b,very_high,draw_1
A11.4,attn,11,2,4,6,pythia-1.4b,very_high,draw_1
A11.6,attn,11,18,6,24,pythia-1.4b,very_high,draw_1
A11.8,attn,11,8,9,17,pythia-1.4b,very_high,draw_1
A11.11,attn,11,2,2,4,pythia-1.4b,very_high,draw_1
A11.12,attn,11,16,1,17,pythia-1.4b,very_high,draw_1
A11.15,attn,11,16,7,23,pythia-1.4b,very_high,draw_1
A12.3,attn,12,6,2,8,pythia-1.4b,very_high,draw_1
A12.7,attn,12,27,11,38,pythia-1.4b,very_high,draw_1
A12.9,attn,12,0,1,1,pythia-1.4b,very_high,draw_1
A13.0,attn,13,16,1,17,pythia-1.4b,very_high,draw_1
A13.13,attn,13,10,1,11,pythia-1.4b,very_high,draw_1
A14.5,attn,14,1,1,2,pythia-1.4b,very_high,draw_1
A14.7,attn,14,2,1,3,pythia-1.4b,very_high,draw_1
A15.1,attn,15,9,3,12,pythia-1.4b,very_high,draw_1
A15.3,attn,15,0,1,1,pythia-1.4b,very_high,draw_1
A16.1,attn,16,0,1,1,pythia-1.4b,very_high,draw_1
A16.15,attn,16,3,3,6,pythia-1.4b,very_high,draw_1
A17.6,attn,17,0,1,1,pythia-1.4b,very_high,draw_1
A17.15,attn,17,1,1,2,pythia-1.4b,very_high,draw_1
A18.4,attn,18,4,1,5,pythia-1.4b,very_high,draw_1
A18.8,attn,18,1,3,4,pythia-1.4b,very_high,draw_1
A19.1,attn,19,0,1,1,pythia-1.4b,very_high,draw_1
A19.11,attn,19,14,2,16,pythia-1.4b,very_high,draw_1
A20.3,attn,20,0,1,1,pythia-1.4b,very_high,draw_1
A21.0,attn,21,5,1,6,pythia-1.4b,very_high,draw_1
A21.2,attn,21,5,1,6,pythia-1.4b,very_high,draw_1
A21.7,attn,21,2,1,3,pythia-1.4b,very_high,draw_1
A21.14,attn,21,0,1,1,pythia-1.4b,very_high,draw_1
A22.12,attn,22,0,1,1,pythia-1.4b,very_high,draw_1
A23.0,attn,23,0,1,1,pythia-1.4b,very_high,draw_1
A23.2,attn,23,4,1,5,pythia-1.4b,very_high,draw_1
A23.9,attn,23,2,1,3,pythia-1.4b,very_high,draw_1
A23.10,attn,23,0,1,1,pythia-1.4b,very_high,draw_1
A8.8,attn,8,3,5,8,pythia-1.4b,very_high,draw_1
A0.12,attn,0,1,5,6,pythia-1.4b,very_high,draw_1
A0.1,attn,0,1,1,2,pythia-1.4b,very_high,draw_1
A0.2,attn,0,1,1,2,pythia-1.4b,very_high,draw_1
A0.11,attn,0,1,2,3,pythia-1.4b,very_high,draw_1
A1.6,attn,1,2,5,7,pythia-1.4b,very_high,draw_1
A1.7,attn,1,0,1,1,pythia-1.4b,very_high,draw_1
A2.6,attn,2,0,1,1,pythia-1.4b,very_high,draw_1
A2.11,attn,2,0,1,1,pythia-1.4b,very_high,draw_1
A3.10,attn,3,0,1,1,pythia-1.4b,very_high,draw_1
A3.12,attn,3,0,1,1,pythia-1.4b,very_high,draw_1
A3.14,attn,3,0,1,1,pythia-1.4b,very_high,draw_1
A6.7,attn,6,0,4,4,pythia-1.4b,very_high,draw_1
A6.9,attn,6,0,4,4,pythia-1.4b,very_high,draw_1
A8.9,attn,8,0,1,1,pythia-1.4b,very_high,draw_1
A8.13,attn,8,0,2,2,pythia-1.4b,very_high,draw_1
A8.15,attn,8,0,2,2,pythia-1.4b,very_high,draw_1
A4.2,attn,4,0,1,1,pythia-1.4b,very_high,draw_1
A4.14,attn,4,5,6,11,pythia-1.4b,very_high,draw_1
A7.14,attn,7,0,1,1,pythia-1.4b,very_high,draw_1
A16.10,attn,16,1,1,2,pythia-1.4b,very_high,draw_1
A3.8,attn,3,0,1,1,pythia-1.4b,very_high,draw_1
A3.15,attn,3,0,2,2,pythia-1.4b,very_high,draw_1
A5.15,attn,5,1,2,3,pythia-1.4b,very_high,draw_1
A5.13,attn,5,0,1,1,pythia-1.4b,very_high,draw_1
A7.0,attn,7,0,3,3,pythia-1.4b,very_high,draw_1
A9.2,attn,9,0,1,1,pythia-1.4b,very_high,draw_1
A12.13,attn,12,0,1,1,pythia-1.4b,very_high,draw_1
A13.8,attn,13,0,1,1,pythia-1.4b,very_high,draw_1
A14.8,attn,14,0,1,1,pythia-1.4b,very_high,draw_1
A1.4,attn,1,1,2,3,pythia-1.4b,very_high,draw_1
A4.9,attn,4,3,1,4,pythia-1.4b,very_high,draw_1
A4.12,attn,4,0,1,1,pythia-1.4b,very_high,draw_1
A5.2,attn,5,0,1,1,pythia-1.4b,very_high,draw_1
A17.11,attn,17,3,1,4,pythia-1.4b,very_high,draw_1
A18.1,attn,18,0,1,1,pythia-1.4b,very_high,draw_1
A21.15,attn,21,0,1,1,pythia-1.4b,very_high,draw_1
A5.0,attn,5,0,2,2,pythia-1.4b,very_high,draw_1
A9.0,attn,9,0,1,1,pythia-1.4b,very_high,draw_1
A10.2,attn,10,0,1,1,pythia-1.4b,very_high,draw_1
A6.1,attn,6,0,1,1,pythia-1.4b,very_high,draw_1
A6.8,attn,6,0,1,1,pythia-1.4b,very_high,draw_1
A1.8,attn,1,1,1,2,pythia-1.4b,very_high,draw_1
A0.10,attn,0,0,1,1,pythia-1.4b,very_high,draw_1
A1.12,attn,1,0,2,2,pythia-1.4b,very_high,draw_1
A1.14,attn,1,0,2,2,pythia-1.4b,very_high,draw_1
A2.4,attn,2,1,1,2,pythia-1.4b,very_high,draw_1
A4.4,attn,4,0,3,3,pythia-1.4b,very_high,draw_1
A6.4,attn,6,0,1,1,pythia-1.4b,very_high,draw_1
A9.6,attn,9,0,1,1,pythia-1.4b,very_high,draw_1
A4.5,attn,4,0,1,1,pythia-1.4b,very_high,draw_1
A6.12,attn,6,0,1,1,pythia-1.4b,very_high,draw_1
A2.2,attn,2,0,1,1,pythia-1.4b,very_high,draw_1
A3.0,attn,3,0,1,1,pythia-1.4b,very_high,draw_1
A6.6,attn,6,0,1,1,pythia-1.4b,very_high,draw_1
A7.7,attn,7,0,1,1,pythia-1.4b,very_high,draw_1
A0.8,attn,0,0,1,1,pythia-1.4b,very_high,draw_2
M11,mlp,11,45,23,68,pythia-1.4b,very_high,draw_2
M0,mlp,0,1,90,91,pythia-1.4b,very_high,draw_2
M1,mlp,1,4,38,42,pythia-1.4b,very_high,draw_2
M2,mlp,2,14,48,62,pythia-1.4b,very_high,draw_2
M3,mlp,3,16,41,57,pythia-1.4b,very_high,draw_2
A4.9,attn,4,0,3,3,pythia-1.4b,very_high,draw_2
A4.15,attn,4,11,19,30,pythia-1.4b,very_high,draw_2
M4,mlp,4,17,38,55,pythia-1.4b,very_high,draw_2
A5.5,attn,5,6,31,37,pythia-1.4b,very_high,draw_2
M5,mlp,5,26,45,71,pythia-1.4b,very_high,draw_2
A6.2,attn,6,12,22,34,pythia-1.4b,very_high,draw_2
A6.6,attn,6,1,3,4,pythia-1.4b,very_high,draw_2
A6.8,attn,6,4,4,8,pythia-1.4b,very_high,draw_2
A6.9,attn,6,10,11,21,pythia-1.4b,very_high,draw_2
A6.10,attn,6,6,6,12,pythia-1.4b,very_high,draw_2
A6.11,attn,6,11,18,29,pythia-1.4b,very_high,draw_2
A6.15,attn,6,5,13,18,pythia-1.4b,very_high,draw_2
M6,mlp,6,28,47,75,pythia-1.4b,very_high,draw_2
A7.3,attn,7,22,53,75,pythia-1.4b,very_high,draw_2
A7.5,attn,7,8,14,22,pythia-1.4b,very_high,draw_2
A7.6,attn,7,7,13,20,pythia-1.4b,very_high,draw_2
A7.8,attn,7,6,12,18,pythia-1.4b,very_high,draw_2
M7,mlp,7,34,42,76,pythia-1.4b,very_high,draw_2
A8.1,attn,8,2,3,5,pythia-1.4b,very_high,draw_2
A8.3,attn,8,21,31,52,pythia-1.4b,very_high,draw_2
A8.4,attn,8,10,19,29,pythia-1.4b,very_high,draw_2
A8.5,attn,8,10,16,26,pythia-1.4b,very_high,draw_2
A8.7,attn,8,0,2,2,pythia-1.4b,very_high,draw_2
A8.12,attn,8,8,9,17,pythia-1.4b,very_high,draw_2
M8,mlp,8,33,40,73,pythia-1.4b,very_high,draw_2
A9.2,attn,9,0,1,1,pythia-1.4b,very_high,draw_2
A9.6,attn,9,0,1,1,pythia-1.4b,very_high,draw_2
A9.9,attn,9,6,11,17,pythia-1.4b,very_high,draw_2
A9.12,attn,9,44,36,80,pythia-1.4b,very_high,draw_2
A9.14,attn,9,1,1,2,pythia-1.4b,very_high,draw_2
M9,mlp,9,54,24,78,pythia-1.4b,very_high,draw_2
A10.0,attn,10,34,45,79,pythia-1.4b,very_high,draw_2
A10.3,attn,10,19,6,25,pythia-1.4b,very_high,draw_2
A10.4,attn,10,16,19,35,pythia-1.4b,very_high,draw_2
A10.5,attn,10,9,6,15,pythia-1.4b,very_high,draw_2
A10.6,attn,10,0,1,1,pythia-1.4b,very_high,draw_2
A10.9,attn,10,39,47,86,pythia-1.4b,very_high,draw_2
A10.10,attn,10,6,2,8,pythia-1.4b,very_high,draw_2
A10.14,attn,10,16,10,26,pythia-1.4b,very_high,draw_2
M10,mlp,10,32,27,59,pythia-1.4b,very_high,draw_2
A1.1,attn,1,1,5,6,pythia-1.4b,very_high,draw_2
A0.3,attn,0,1,16,17,pythia-1.4b,very_high,draw_2
A1.4,attn,1,2,4,6,pythia-1.4b,very_high,draw_2
A1.5,attn,1,1,11,12,pythia-1.4b,very_high,draw_2
A1.6,attn,1,1,3,4,pythia-1.4b,very_high,draw_2
A1.9,attn,1,1,3,4,pythia-1.4b,very_high,draw_2
A1.11,attn,1,4,19,23,pythia-1.4b,very_high,draw_2
A0.4,attn,0,1,9,10,pythia-1.4b,very_high,draw_2
A0.6,attn,0,1,12,13,pythia-1.4b,very_high,draw_2
A1.12,attn,1,1,2,3,pythia-1.4b,very_high,draw_2
A1.14,attn,1,1,1,2,pythia-1.4b,very_high,draw_2
A1.15,attn,1,2,4,6,pythia-1.4b,very_high,draw_2
A17.1,attn,17,10,2,12,pythia-1.4b,very_high,draw_2
A12.10,attn,12,5,11,16,pythia-1.4b,very_high,draw_2
M12,mlp,12,31,17,48,pythia-1.4b,very_high,draw_2
M15,mlp,15,47,26,73,pythia-1.4b,very_high,draw_2
A17.5,attn,17,8,2,10,pythia-1.4b,very_high,draw_2
M16,mlp,16,23,13,36,pythia-1.4b,very_high,draw_2
A17.6,attn,17,1,1,2,pythia-1.4b,very_high,draw_2
A5.4,attn,5,17,48,65,pythia-1.4b,very_high,draw_2
A17.7,attn,17,11,1,12,pythia-1.4b,very_high,draw_2
A7.10,attn,7,8,17,25,pythia-1.4b,very_high,draw_2
A8.14,attn,8,14,16,30,pythia-1.4b,very_high,draw_2
A11.2,attn,11,49,19,68,pythia-1.4b,very_high,draw_2
A11.13,attn,11,11,13,24,pythia-1.4b,very_high,draw_2
A12.7,attn,12,26,6,32,pythia-1.4b,very_high,draw_2
A13.0,attn,13,6,3,9,pythia-1.4b,very_high,draw_2
A17.11,attn,17,1,3,4,pythia-1.4b,very_high,draw_2
A16.0,attn,16,14,2,16,pythia-1.4b,very_high,draw_2
A9.1,attn,9,15,24,39,pythia-1.4b,very_high,draw_2
M14,mlp,14,37,17,54,pythia-1.4b,very_high,draw_2
A16.1,attn,16,1,1,2,pythia-1.4b,very_high,draw_2
A16.3,attn,16,9,5,14,pythia-1.4b,very_high,draw_2
A15.15,attn,15,12,5,17,pythia-1.4b,very_high,draw_2
A16.4,attn,16,28,2,30,pythia-1.4b,very_high,draw_2
A7.15,attn,7,12,20,32,pythia-1.4b,very_high,draw_2
A9.10,attn,9,0,9,9,pythia-1.4b,very_high,draw_2
A10.8,attn,10,25,11,36,pythia-1.4b,very_high,draw_2
A12.15,attn,12,27,12,39,pythia-1.4b,very_high,draw_2
A13.15,attn,13,30,7,37,pythia-1.4b,very_high,draw_2
A15.11,attn,15,5,4,9,pythia-1.4b,very_high,draw_2
A16.5,attn,16,7,5,12,pythia-1.4b,very_high,draw_2
A16.6,attn,16,4,1,5,pythia-1.4b,very_high,draw_2
A16.10,attn,16,5,2,7,pythia-1.4b,very_high,draw_2
A16.13,attn,16,6,5,11,pythia-1.4b,very_high,draw_2
A2.5,attn,2,12,37,49,pythia-1.4b,very_high,draw_2
A4.7,attn,4,6,29,35,pythia-1.4b,very_high,draw_2
A5.11,attn,5,16,36,52,pythia-1.4b,very_high,draw_2
A7.2,attn,7,0,2,2,pythia-1.4b,very_high,draw_2
A8.2,attn,8,1,5,6,pythia-1.4b,very_high,draw_2
A8.6,attn,8,4,11,15,pythia-1.4b,very_high,draw_2
A11.4,attn,11,2,7,9,pythia-1.4b,very_high,draw_2
A11.6,attn,11,6,2,8,pythia-1.4b,very_high,draw_2
A11.7,attn,11,4,3,7,pythia-1.4b,very_high,draw_2
A11.14,attn,11,10,9,19,pythia-1.4b,very_high,draw_2
A12.8,attn,12,5,4,9,pythia-1.4b,very_high,draw_2
A12.9,attn,12,1,5,6,pythia-1.4b,very_high,draw_2
A12.11,attn,12,12,7,19,pythia-1.4b,very_high,draw_2
A12.12,attn,12,19,13,32,pythia-1.4b,very_high,draw_2
A12.13,attn,12,1,3,4,pythia-1.4b,very_high,draw_2
A13.8,attn,13,0,2,2,pythia-1.4b,very_high,draw_2
A14.0,attn,14,15,8,23,pythia-1.4b,very_high,draw_2
A14.11,attn,14,5,3,8,pythia-1.4b,very_high,draw_2
embed,embed,-1,0,11,11,pythia-1.4b,very_high,draw_2
A0.1,attn,0,1,1,2,pythia-1.4b,very_high,draw_2
A0.2,attn,0,1,2,3,pythia-1.4b,very_high,draw_2
A0.7,attn,0,1,1,2,pythia-1.4b,very_high,draw_2
A0.11,attn,0,1,1,2,pythia-1.4b,very_high,draw_2
A0.13,attn,0,1,1,2,pythia-1.4b,very_high,draw_2
A0.14,attn,0,1,2,3,pythia-1.4b,very_high,draw_2
A19.3,attn,19,23,2,25,pythia-1.4b,very_high,draw_2
A10.7,attn,10,3,7,10,pythia-1.4b,very_high,draw_2
M13,mlp,13,24,13,37,pythia-1.4b,very_high,draw_2
A18.11,attn,18,8,3,11,pythia-1.4b,very_high,draw_2
A19.10,attn,19,2,1,3,pythia-1.4b,very_high,draw_2
A19.11,attn,19,10,2,12,pythia-1.4b,very_high,draw_2
A19.14,attn,19,5,2,7,pythia-1.4b,very_high,draw_2
M18,mlp,18,16,6,22,pythia-1.4b,very_high,draw_2
A0.12,attn,0,0,2,2,pythia-1.4b,very_high,draw_2
A2.6,attn,2,0,1,1,pythia-1.4b,very_high,draw_2
A2.7,attn,2,1,10,11,pythia-1.4b,very_high,draw_2
A3.0,attn,3,0,1,1,pythia-1.4b,very_high,draw_2
A3.13,attn,3,4,10,14,pythia-1.4b,very_high,draw_2
A4.1,attn,4,3,10,13,pythia-1.4b,very_high,draw_2
A4.5,attn,4,2,2,4,pythia-1.4b,very_high,draw_2
A5.0,attn,5,6,8,14,pythia-1.4b,very_high,draw_2
A5.1,attn,5,0,1,1,pythia-1.4b,very_high,draw_2
A5.6,attn,5,1,5,6,pythia-1.4b,very_high,draw_2
A5.8,attn,5,7,34,41,pythia-1.4b,very_high,draw_2
A5.12,attn,5,4,5,9,pythia-1.4b,very_high,draw_2
A5.14,attn,5,3,6,9,pythia-1.4b,very_high,draw_2
A6.12,attn,6,0,2,2,pythia-1.4b,very_high,draw_2
A6.14,attn,6,0,1,1,pythia-1.4b,very_high,draw_2
M21,mlp,21,14,5,19,pythia-1.4b,very_high,draw_2
A10.11,attn,10,11,5,16,pythia-1.4b,very_high,draw_2
A15.3,attn,15,6,2,8,pythia-1.4b,very_high,draw_2
A15.14,attn,15,13,3,16,pythia-1.4b,very_high,draw_2
M20,mlp,20,12,3,15,pythia-1.4b,very_high,draw_2
A5.3,attn,5,1,7,8,pythia-1.4b,very_high,draw_2
A3.4,attn,3,1,9,10,pythia-1.4b,very_high,draw_2
A3.5,attn,3,5,11,16,pythia-1.4b,very_high,draw_2
A3.15,attn,3,1,5,6,pythia-1.4b,very_high,draw_2
A4.14,attn,4,1,8,9,pythia-1.4b,very_high,draw_2
A3.3,attn,3,1,3,4,pythia-1.4b,very_high,draw_2
A12.0,attn,12,7,2,9,pythia-1.4b,very_high,draw_2
A12.3,attn,12,8,1,9,pythia-1.4b,very_high,draw_2
A11.9,attn,11,4,11,15,pythia-1.4b,very_high,draw_2
A8.11,attn,8,0,5,5,pythia-1.4b,very_high,draw_2
A9.8,attn,9,0,2,2,pythia-1.4b,very_high,draw_2
A11.8,attn,11,9,9,18,pythia-1.4b,very_high,draw_2
A11.15,attn,11,2,4,6,pythia-1.4b,very_high,draw_2
A11.11,attn,11,2,3,5,pythia-1.4b,very_high,draw_2
A12.14,attn,12,1,1,2,pythia-1.4b,very_high,draw_2
A7.4,attn,7,4,6,10,pythia-1.4b,very_high,draw_2
A9.7,attn,9,3,5,8,pythia-1.4b,very_high,draw_2
R23,resid,23,155,0,155,pythia-1.4b,very_high,draw_2
A4.6,attn,4,0,5,5,pythia-1.4b,very_high,draw_2
A4.8,attn,4,0,2,2,pythia-1.4b,very_high,draw_2
A5.2,attn,5,0,2,2,pythia-1.4b,very_high,draw_2
A9.5,attn,9,2,4,6,pythia-1.4b,very_high,draw_2
A10.2,attn,10,0,4,4,pythia-1.4b,very_high,draw_2
A10.15,attn,10,1,5,6,pythia-1.4b,very_high,draw_2
A11.0,attn,11,2,2,4,pythia-1.4b,very_high,draw_2
A11.12,attn,11,8,3,11,pythia-1.4b,very_high,draw_2
A12.6,attn,12,0,1,1,pythia-1.4b,very_high,draw_2
A13.1,attn,13,2,4,6,pythia-1.4b,very_high,draw_2
A13.2,attn,13,5,2,7,pythia-1.4b,very_high,draw_2
A13.6,attn,13,1,1,2,pythia-1.4b,very_high,draw_2
A13.9,attn,13,2,1,3,pythia-1.4b,very_high,draw_2
A13.13,attn,13,14,1,15,pythia-1.4b,very_high,draw_2
A14.2,attn,14,3,1,4,pythia-1.4b,very_high,draw_2
A14.4,attn,14,8,2,10,pythia-1.4b,very_high,draw_2
A14.5,attn,14,0,1,1,pythia-1.4b,very_high,draw_2
A14.7,attn,14,3,1,4,pythia-1.4b,very_high,draw_2
A14.8,attn,14,0,1,1,pythia-1.4b,very_high,draw_2
A15.1,attn,15,16,2,18,pythia-1.4b,very_high,draw_2
A15.5,attn,15,3,3,6,pythia-1.4b,very_high,draw_2
A15.6,attn,15,2,1,3,pythia-1.4b,very_high,draw_2
A15.9,attn,15,5,2,7,pythia-1.4b,very_high,draw_2
A15.13,attn,15,3,1,4,pythia-1.4b,very_high,draw_2
M17,mlp,17,21,8,29,pythia-1.4b,very_high,draw_2
A18.2,attn,18,11,1,12,pythia-1.4b,very_high,draw_2
A18.6,attn,18,3,2,5,pythia-1.4b,very_high,draw_2
A18.8,attn,18,1,1,2,pythia-1.4b,very_high,draw_2
A18.13,attn,18,2,1,3,pythia-1.4b,very_high,draw_2
A18.15,attn,18,0,1,1,pythia-1.4b,very_high,draw_2
A19.5,attn,19,0,1,1,pythia-1.4b,very_high,draw_2
M19,mlp,19,9,6,15,pythia-1.4b,very_high,draw_2
A20.1,attn,20,6,1,7,pythia-1.4b,very_high,draw_2
A20.6,attn,20,0,1,1,pythia-1.4b,very_high,draw_2
A20.13,attn,20,12,1,13,pythia-1.4b,very_high,draw_2
A20.14,attn,20,15,1,16,pythia-1.4b,very_high,draw_2
A20.15,attn,20,6,1,7,pythia-1.4b,very_high,draw_2
A21.0,attn,21,25,1,26,pythia-1.4b,very_high,draw_2
A22.0,attn,22,8,2,10,pythia-1.4b,very_high,draw_2
A22.2,attn,22,2,1,3,pythia-1.4b,very_high,draw_2
A22.9,attn,22,5,2,7,pythia-1.4b,very_high,draw_2
A22.12,attn,22,0,2,2,pythia-1.4b,very_high,draw_2
A22.13,attn,22,1,1,2,pythia-1.4b,very_high,draw_2
M22,mlp,22,17,2,19,pythia-1.4b,very_high,draw_2
A23.0,attn,23,10,1,11,pythia-1.4b,very_high,draw_2
A23.2,attn,23,3,1,4,pythia-1.4b,very_high,draw_2
A23.9,attn,23,3,1,4,pythia-1.4b,very_high,draw_2
A23.10,attn,23,0,1,1,pythia-1.4b,very_high,draw_2
M23,mlp,23,88,1,89,pythia-1.4b,very_high,draw_2
A3.1,attn,3,1,1,2,pythia-1.4b,very_high,draw_2
A0.10,attn,0,0,1,1,pythia-1.4b,very_high,draw_2
A3.10,attn,3,0,3,3,pythia-1.4b,very_high,draw_2
A3.12,attn,3,0,2,2,pythia-1.4b,very_high,draw_2
A4.3,attn,4,0,1,1,pythia-1.4b,very_high,draw_2
A4.4,attn,4,0,1,1,pythia-1.4b,very_high,draw_2
A2.0,attn,2,1,2,3,pythia-1.4b,very_high,draw_2
A1.8,attn,1,0,1,1,pythia-1.4b,very_high,draw_2
A2.9,attn,2,2,1,3,pythia-1.4b,very_high,draw_2
A2.12,attn,2,1,2,3,pythia-1.4b,very_high,draw_2
A2.15,attn,2,1,3,4,pythia-1.4b,very_high,draw_2
A3.6,attn,3,0,1,1,pythia-1.4b,very_high,draw_2
A7.0,attn,7,3,3,6,pythia-1.4b,very_high,draw_2
A8.0,attn,8,4,4,8,pythia-1.4b,very_high,draw_2
A8.13,attn,8,0,2,2,pythia-1.4b,very_high,draw_2
A4.10,attn,4,0,1,1,pythia-1.4b,very_high,draw_2
A16.2,attn,16,0,2,2,pythia-1.4b,very_high,draw_2
A19.13,attn,19,0,1,1,pythia-1.4b,very_high,draw_2
A4.11,attn,4,0,2,2,pythia-1.4b,very_high,draw_2
A2.10,attn,2,0,1,1,pythia-1.4b,very_high,draw_2
A2.11,attn,2,0,1,1,pythia-1.4b,very_high,draw_2
A3.8,attn,3,0,1,1,pythia-1.4b,very_high,draw_2
A3.11,attn,3,0,4,4,pythia-1.4b,very_high,draw_2
A3.14,attn,3,0,1,1,pythia-1.4b,very_high,draw_2
A13.7,attn,13,0,1,1,pythia-1.4b,very_high,draw_2
A12.5,attn,12,0,1,1,pythia-1.4b,very_high,draw_2
A1.13,attn,1,0,1,1,pythia-1.4b,very_high,draw_2
A2.13,attn,2,0,1,1,pythia-1.4b,very_high,draw_2
A9.13,attn,9,0,2,2,pythia-1.4b,very_high,draw_2
A7.9,attn,7,0,3,3,pythia-1.4b,very_high,draw_2
A6.7,attn,6,0,1,1,pythia-1.4b,very_high,draw_2
A8.15,attn,8,0,4,4,pythia-1.4b,very_high,draw_2
A7.7,attn,7,0,2,2,pythia-1.4b,very_high,draw_2
A8.9,attn,8,0,1,1,pythia-1.4b,very_high,draw_2
A0.9,attn,0,0,1,1,pythia-1.4b,very_high,draw_2
A1.3,attn,1,0,1,1,pythia-1.4b,very_high,draw_2
A2.2,attn,2,0,1,1,pythia-1.4b,very_high,draw_2
A2.3,attn,2,0,1,1,pythia-1.4b,very_high,draw_2
A4.13,attn,4,0,2,2,pythia-1.4b,very_high,draw_2
A7.11,attn,7,0,1,1,pythia-1.4b,very_high,draw_2
A20.2,attn,20,0,1,1,pythia-1.4b,very_high,draw_2
A21.14,attn,21,0,1,1,pythia-1.4b,very_high,draw_2
A5.9,attn,5,0,1,1,pythia-1.4b,very_high,draw_2
A6.1,attn,6,0,1,1,pythia-1.4b,very_high,draw_2
A7.14,attn,7,0,1,1,pythia-1.4b,very_high,draw_2
A0.2,attn,0,0,2,2,pythia-1.4b,very_high,draw_3
M2,mlp,2,16,48,64,pythia-1.4b,very_high,draw_3
A0.3,attn,0,1,18,19,pythia-1.4b,very_high,draw_3
A0.4,attn,0,1,8,9,pythia-1.4b,very_high,draw_3
A0.6,attn,0,1,17,18,pythia-1.4b,very_high,draw_3
A0.7,attn,0,1,3,4,pythia-1.4b,very_high,draw_3
A0.11,attn,0,1,5,6,pythia-1.4b,very_high,draw_3
M0,mlp,0,1,97,98,pythia-1.4b,very_high,draw_3
A1.1,attn,1,1,3,4,pythia-1.4b,very_high,draw_3
A1.3,attn,1,0,3,3,pythia-1.4b,very_high,draw_3
A1.5,attn,1,2,7,9,pythia-1.4b,very_high,draw_3
A1.8,attn,1,2,4,6,pythia-1.4b,very_high,draw_3
A1.9,attn,1,1,2,3,pythia-1.4b,very_high,draw_3
A1.11,attn,1,4,18,22,pythia-1.4b,very_high,draw_3
A1.12,attn,1,1,5,6,pythia-1.4b,very_high,draw_3
A1.13,attn,1,1,1,2,pythia-1.4b,very_high,draw_3
M1,mlp,1,7,36,43,pythia-1.4b,very_high,draw_3
A13.9,attn,13,2,4,6,pythia-1.4b,very_high,draw_3
A22.0,attn,22,1,1,2,pythia-1.4b,very_high,draw_3
A22.2,attn,22,2,2,4,pythia-1.4b,very_high,draw_3
A10.0,attn,10,30,48,78,pythia-1.4b,very_high,draw_3
A22.9,attn,22,1,2,3,pythia-1.4b,very_high,draw_3
M6,mlp,6,35,55,90,pythia-1.4b,very_high,draw_3
A22.13,attn,22,3,1,4,pythia-1.4b,very_high,draw_3
A10.4,attn,10,17,26,43,pythia-1.4b,very_high,draw_3
A11.2,attn,11,56,25,81,pythia-1.4b,very_high,draw_3
embed,embed,-1,0,12,12,pythia-1.4b,very_high,draw_3
A1.15,attn,1,1,4,5,pythia-1.4b,very_high,draw_3
A2.7,attn,2,1,14,15,pythia-1.4b,very_high,draw_3
A3.3,attn,3,0,6,6,pythia-1.4b,very_high,draw_3
A3.5,attn,3,5,12,17,pythia-1.4b,very_high,draw_3
M3,mlp,3,17,50,67,pythia-1.4b,very_high,draw_3
A4.7,attn,4,7,30,37,pythia-1.4b,very_high,draw_3
A4.15,attn,4,11,25,36,pythia-1.4b,very_high,draw_3
M4,mlp,4,22,37,59,pythia-1.4b,very_high,draw_3
A5.3,attn,5,2,7,9,pythia-1.4b,very_high,draw_3
A5.4,attn,5,18,48,66,pythia-1.4b,very_high,draw_3
A5.8,attn,5,8,28,36,pythia-1.4b,very_high,draw_3
A5.11,attn,5,10,36,46,pythia-1.4b,very_high,draw_3
A6.2,attn,6,17,33,50,pythia-1.4b,very_high,draw_3
A6.8,attn,6,1,3,4,pythia-1.4b,very_high,draw_3
A6.11,attn,6,11,27,38,pythia-1.4b,very_high,draw_3
A7.10,attn,7,4,12,16,pythia-1.4b,very_high,draw_3
A7.15,attn,7,10,28,38,pythia-1.4b,very_high,draw_3
M7,mlp,7,38,45,83,pythia-1.4b,very_high,draw_3
A8.3,attn,8,23,37,60,pythia-1.4b,very_high,draw_3
A8.4,attn,8,13,24,37,pythia-1.4b,very_high,draw_3
A8.14,attn,8,20,18,38,pythia-1.4b,very_high,draw_3
A9.1,attn,9,7,11,18,pythia-1.4b,very_high,draw_3
A9.5,attn,9,4,5,9,pythia-1.4b,very_high,draw_3
A9.7,attn,9,3,4,7,pythia-1.4b,very_high,draw_3
A9.12,attn,9,34,39,73,pythia-1.4b,very_high,draw_3
M9,mlp,9,40,25,65,pythia-1.4b,very_high,draw_3
A10.2,attn,10,2,5,7,pythia-1.4b,very_high,draw_3
A10.3,attn,10,25,9,34,pythia-1.4b,very_high,draw_3
A2.5,attn,2,12,37,49,pythia-1.4b,very_high,draw_3
A3.4,attn,3,3,15,18,pythia-1.4b,very_high,draw_3
M5,mlp,5,28,43,71,pythia-1.4b,very_high,draw_3
A6.10,attn,6,3,6,9,pythia-1.4b,very_high,draw_3
A6.15,attn,6,3,9,12,pythia-1.4b,very_high,draw_3
A7.3,attn,7,26,52,78,pythia-1.4b,very_high,draw_3
A7.5,attn,7,9,14,23,pythia-1.4b,very_high,draw_3
A8.2,attn,8,0,1,1,pythia-1.4b,very_high,draw_3
A8.6,attn,8,4,20,24,pythia-1.4b,very_high,draw_3
A8.9,attn,8,0,3,3,pythia-1.4b,very_high,draw_3
A8.12,attn,8,9,8,17,pythia-1.4b,very_high,draw_3
M8,mlp,8,33,32,65,pythia-1.4b,very_high,draw_3
A8.11,attn,8,2,6,8,pythia-1.4b,very_high,draw_3
A9.14,attn,9,0,1,1,pythia-1.4b,very_high,draw_3
A10.7,attn,10,5,4,9,pythia-1.4b,very_high,draw_3
A10.8,attn,10,23,15,38,pythia-1.4b,very_high,draw_3
A4.1,attn,4,6,12,18,pythia-1.4b,very_high,draw_3
A8.5,attn,8,10,20,30,pythia-1.4b,very_high,draw_3
A8.13,attn,8,0,4,4,pythia-1.4b,very_high,draw_3
A9.13,attn,9,3,2,5,pythia-1.4b,very_high,draw_3
A10.9,attn,10,39,45,84,pythia-1.4b,very_high,draw_3
A4.6,attn,4,8,10,18,pythia-1.4b,very_high,draw_3
A4.9,attn,4,0,4,4,pythia-1.4b,very_high,draw_3
A5.2,attn,5,4,5,9,pythia-1.4b,very_high,draw_3
A6.4,attn,6,0,4,4,pythia-1.4b,very_high,draw_3
A6.7,attn,6,0,2,2,pythia-1.4b,very_high,draw_3
A6.9,attn,6,1,2,3,pythia-1.4b,very_high,draw_3
A7.7,attn,7,0,1,1,pythia-1.4b,very_high,draw_3
A10.11,attn,10,12,8,20,pythia-1.4b,very_high,draw_3
A10.14,attn,10,5,10,15,pythia-1.4b,very_high,draw_3
A5.5,attn,5,9,31,40,pythia-1.4b,very_high,draw_3
A7.6,attn,7,11,11,22,pythia-1.4b,very_high,draw_3
M13,mlp,13,35,20,55,pythia-1.4b,very_high,draw_3
A7.9,attn,7,0,3,3,pythia-1.4b,very_high,draw_3
A8.1,attn,8,2,2,4,pythia-1.4b,very_high,draw_3
M10,mlp,10,32,25,57,pythia-1.4b,very_high,draw_3
A11.9,attn,11,1,10,11,pythia-1.4b,very_high,draw_3
A11.13,attn,11,14,17,31,pythia-1.4b,very_high,draw_3
M11,mlp,11,32,28,60,pythia-1.4b,very_high,draw_3
A12.1,attn,12,0,1,1,pythia-1.4b,very_high,draw_3
A12.11,attn,12,24,7,31,pythia-1.4b,very_high,draw_3
A12.12,attn,12,17,18,35,pythia-1.4b,very_high,draw_3
A12.15,attn,12,27,10,37,pythia-1.4b,very_high,draw_3
M12,mlp,12,27,22,49,pythia-1.4b,very_high,draw_3
M16,mlp,16,25,9,34,pythia-1.4b,very_high,draw_3
A13.15,attn,13,29,8,37,pythia-1.4b,very_high,draw_3
A14.11,attn,14,14,4,18,pythia-1.4b,very_high,draw_3
M14,mlp,14,37,16,53,pythia-1.4b,very_high,draw_3
M15,mlp,15,43,20,63,pythia-1.4b,very_high,draw_3
A5.12,attn,5,4,6,10,pythia-1.4b,very_high,draw_3
A11.8,attn,11,28,23,51,pythia-1.4b,very_high,draw_3
A13.8,attn,13,0,1,1,pythia-1.4b,very_high,draw_3
A19.3,attn,19,20,1,21,pythia-1.4b,very_high,draw_3
A15.14,attn,15,22,6,28,pythia-1.4b,very_high,draw_3
A16.5,attn,16,14,4,18,pythia-1.4b,very_high,draw_3
M17,mlp,17,22,8,30,pythia-1.4b,very_high,draw_3
A19.11,attn,19,13,2,15,pythia-1.4b,very_high,draw_3
A19.13,attn,19,3,1,4,pythia-1.4b,very_high,draw_3
A19.14,attn,19,5,2,7,pythia-1.4b,very_high,draw_3
M18,mlp,18,16,6,22,pythia-1.4b,very_high,draw_3
A15.1,attn,15,14,4,18,pythia-1.4b,very_high,draw_3
A15.3,attn,15,9,2,11,pythia-1.4b,very_high,draw_3
A15.5,attn,15,3,1,4,pythia-1.4b,very_high,draw_3
A15.6,attn,15,2,1,3,pythia-1.4b,very_high,draw_3
A15.9,attn,15,21,1,22,pythia-1.4b,very_high,draw_3
A11.6,attn,11,2,2,4,pythia-1.4b,very_high,draw_3
A11.7,attn,11,0,1,1,pythia-1.4b,very_high,draw_3
A11.11,attn,11,2,4,6,pythia-1.4b,very_high,draw_3
A12.7,attn,12,26,5,31,pythia-1.4b,very_high,draw_3
A15.10,attn,15,1,2,3,pythia-1.4b,very_high,draw_3
A15.11,attn,15,12,3,15,pythia-1.4b,very_high,draw_3
A9.9,attn,9,7,9,16,pythia-1.4b,very_high,draw_3
A15.13,attn,15,5,2,7,pythia-1.4b,very_high,draw_3
A14.0,attn,14,14,7,21,pythia-1.4b,very_high,draw_3
A15.15,attn,15,14,3,17,pythia-1.4b,very_high,draw_3
A1.6,attn,1,2,3,5,pythia-1.4b,very_high,draw_3
A2.0,attn,2,2,8,10,pythia-1.4b,very_high,draw_3
A2.10,attn,2,0,1,1,pythia-1.4b,very_high,draw_3
A3.11,attn,3,0,2,2,pythia-1.4b,very_high,draw_3
A4.3,attn,4,4,3,7,pythia-1.4b,very_high,draw_3
A4.4,attn,4,0,3,3,pythia-1.4b,very_high,draw_3
A4.14,attn,4,2,6,8,pythia-1.4b,very_high,draw_3
A5.0,attn,5,1,2,3,pythia-1.4b,very_high,draw_3
A5.9,attn,5,0,3,3,pythia-1.4b,very_high,draw_3
A5.15,attn,5,2,5,7,pythia-1.4b,very_high,draw_3
A12.10,attn,12,6,7,13,pythia-1.4b,very_high,draw_3
A20.1,attn,20,3,1,4,pythia-1.4b,very_high,draw_3
A20.3,attn,20,3,1,4,pythia-1.4b,very_high,draw_3
A20.6,attn,20,6,2,8,pythia-1.4b,very_high,draw_3
A11.0,attn,11,2,2,4,pythia-1.4b,very_high,draw_3
A13.7,attn,13,9,2,11,pythia-1.4b,very_high,draw_3
A20.14,attn,20,3,2,5,pythia-1.4b,very_high,draw_3
A20.15,attn,20,21,1,22,pythia-1.4b,very_high,draw_3
M19,mlp,19,12,4,16,pythia-1.4b,very_high,draw_3
A3.8,attn,3,1,1,2,pythia-1.4b,very_high,draw_3
A3.13,attn,3,4,15,19,pythia-1.4b,very_high,draw_3
A3.15,attn,3,1,2,3,pythia-1.4b,very_high,draw_3
A7.4,attn,7,3,3,6,pythia-1.4b,very_high,draw_3
A7.12,attn,7,0,1,1,pythia-1.4b,very_high,draw_3
A18.2,attn,18,6,1,7,pythia-1.4b,very_high,draw_3
A16.0,attn,16,28,6,34,pythia-1.4b,very_high,draw_3
A18.4,attn,18,2,1,3,pythia-1.4b,very_high,draw_3
A18.6,attn,18,9,2,11,pythia-1.4b,very_high,draw_3
A16.13,attn,16,5,5,10,pythia-1.4b,very_high,draw_3
A18.8,attn,18,5,3,8,pythia-1.4b,very_high,draw_3
A18.11,attn,18,4,1,5,pythia-1.4b,very_high,draw_3
A18.15,attn,18,11,2,13,pythia-1.4b,very_high,draw_3
A0.12,attn,0,1,4,5,pythia-1.4b,very_high,draw_3
A0.13,attn,0,1,3,4,pythia-1.4b,very_high,draw_3
A1.7,attn,1,0,1,1,pythia-1.4b,very_high,draw_3
A2.11,attn,2,1,1,2,pythia-1.4b,very_high,draw_3
A3.0,attn,3,0,3,3,pythia-1.4b,very_high,draw_3
A3.12,attn,3,0,1,1,pythia-1.4b,very_high,draw_3
A3.14,attn,3,0,1,1,pythia-1.4b,very_high,draw_3
A23.0,attn,23,1,1,2,pythia-1.4b,very_high,draw_3
A23.1,attn,23,1,1,2,pythia-1.4b,very_high,draw_3
A23.2,attn,23,1,1,2,pythia-1.4b,very_high,draw_3
A2.4,attn,2,1,1,2,pythia-1.4b,very_high,draw_3
A1.4,attn,1,1,1,2,pythia-1.4b,very_high,draw_3
A2.9,attn,2,1,1,2,pythia-1.4b,very_high,draw_3
A2.13,attn,2,2,2,4,pythia-1.4b,very_high,draw_3
A2.15,attn,2,3,1,4,pythia-1.4b,very_high,draw_3
A0.10,attn,0,1,5,6,pythia-1.4b,very_high,draw_3
A5.14,attn,5,2,5,7,pythia-1.4b,very_high,draw_3
A6.12,attn,6,0,2,2,pythia-1.4b,very_high,draw_3
A7.8,attn,7,1,9,10,pythia-1.4b,very_high,draw_3
A8.0,attn,8,0,2,2,pythia-1.4b,very_high,draw_3
A9.8,attn,9,0,2,2,pythia-1.4b,very_high,draw_3
A10.10,attn,10,0,2,2,pythia-1.4b,very_high,draw_3
A11.4,attn,11,0,1,1,pythia-1.4b,very_high,draw_3
A17.1,attn,17,12,2,14,pythia-1.4b,very_high,draw_3
A17.5,attn,17,3,1,4,pythia-1.4b,very_high,draw_3
A17.7,attn,17,12,2,14,pythia-1.4b,very_high,draw_3
A13.0,attn,13,13,4,17,pythia-1.4b,very_high,draw_3
A17.11,attn,17,15,2,17,pythia-1.4b,very_high,draw_3
A0.1,attn,0,1,2,3,pythia-1.4b,very_high,draw_3
A0.8,attn,0,1,1,2,pythia-1.4b,very_high,draw_3
A5.6,attn,5,1,4,5,pythia-1.4b,very_high,draw_3
A13.1,attn,13,4,2,6,pythia-1.4b,very_high,draw_3
A10.15,attn,10,0,3,3,pythia-1.4b,very_high,draw_3
A13.12,attn,13,2,1,3,pythia-1.4b,very_high,draw_3
A13.13,attn,13,9,2,11,pythia-1.4b,very_high,draw_3
A11.14,attn,11,3,6,9,pythia-1.4b,very_high,draw_3
A11.15,attn,11,9,5,14,pythia-1.4b,very_high,draw_3
A14.1,attn,14,2,1,3,pythia-1.4b,very_high,draw_3
A14.9,attn,14,3,1,4,pythia-1.4b,very_high,draw_3
A14.12,attn,14,6,2,8,pythia-1.4b,very_high,draw_3
A12.8,attn,12,0,2,2,pythia-1.4b,very_high,draw_3
A16.2,attn,16,3,1,4,pythia-1.4b,very_high,draw_3
A16.3,attn,16,14,3,17,pythia-1.4b,very_high,draw_3
A16.4,attn,16,13,2,15,pythia-1.4b,very_high,draw_3
A12.5,attn,12,0,1,1,pythia-1.4b,very_high,draw_3
A16.6,attn,16,1,2,3,pythia-1.4b,very_high,draw_3
A16.10,attn,16,4,1,5,pythia-1.4b,very_high,draw_3
A0.14,attn,0,0,2,2,pythia-1.4b,very_high,draw_3
M23,mlp,23,71,1,72,pythia-1.4b,very_high,draw_3
A12.14,attn,12,0,2,2,pythia-1.4b,very_high,draw_3
M20,mlp,20,13,3,16,pythia-1.4b,very_high,draw_3
M21,mlp,21,20,3,23,pythia-1.4b,very_high,draw_3
M22,mlp,22,33,2,35,pythia-1.4b,very_high,draw_3
A3.1,attn,3,0,1,1,pythia-1.4b,very_high,draw_3
A3.6,attn,3,0,1,1,pythia-1.4b,very_high,draw_3
A4.5,attn,4,2,3,5,pythia-1.4b,very_high,draw_3
A4.13,attn,4,1,3,4,pythia-1.4b,very_high,draw_3
A5.13,attn,5,0,1,1,pythia-1.4b,very_high,draw_3
A6.6,attn,6,0,1,1,pythia-1.4b,very_high,draw_3
A7.0,attn,7,0,2,2,pythia-1.4b,very_high,draw_3
A7.2,attn,7,0,3,3,pythia-1.4b,very_high,draw_3
A4.8,attn,4,3,7,10,pythia-1.4b,very_high,draw_3
A12.0,attn,12,10,1,11,pythia-1.4b,very_high,draw_3
A12.6,attn,12,3,1,4,pythia-1.4b,very_high,draw_3
A12.13,attn,12,4,1,5,pythia-1.4b,very_high,draw_3
A1.10,attn,1,0,1,1,pythia-1.4b,very_high,draw_3
A2.1,attn,2,0,1,1,pythia-1.4b,very_high,draw_3
A3.9,attn,3,0,1,1,pythia-1.4b,very_high,draw_3
A21.0,attn,21,15,1,16,pythia-1.4b,very_high,draw_3
A21.2,attn,21,11,1,12,pythia-1.4b,very_high,draw_3
A20.10,attn,20,0,1,1,pythia-1.4b,very_high,draw_3
A21.6,attn,21,2,1,3,pythia-1.4b,very_high,draw_3
A21.14,attn,21,2,2,4,pythia-1.4b,very_high,draw_3
A11.12,attn,11,15,3,18,pythia-1.4b,very_high,draw_3
A4.0,attn,4,0,1,1,pythia-1.4b,very_high,draw_3
A4.11,attn,4,0,1,1,pythia-1.4b,very_high,draw_3
R23,resid,23,149,0,149,pythia-1.4b,very_high,draw_3
A8.7,attn,8,0,2,2,pythia-1.4b,very_high,draw_3
A9.11,attn,9,0,1,1,pythia-1.4b,very_high,draw_3
A13.2,attn,13,0,1,1,pythia-1.4b,very_high,draw_3
A14.5,attn,14,0,1,1,pythia-1.4b,very_high,draw_3
A14.6,attn,14,0,1,1,pythia-1.4b,very_high,draw_3
A21.7,attn,21,0,1,1,pythia-1.4b,very_high,draw_3
A23.9,attn,23,0,1,1,pythia-1.4b,very_high,draw_3
A23.12,attn,23,0,1,1,pythia-1.4b,very_high,draw_3
A1.14,attn,1,0,1,1,pythia-1.4b,very_high,draw_3
A8.8,attn,8,0,1,1,pythia-1.4b,very_high,draw_3
A9.10,attn,9,0,1,1,pythia-1.4b,very_high,draw_3
M0,mlp,0,1,105,106,pythia-1.4b,control,draw_1
A17.1,attn,17,6,2,8,pythia-1.4b,control,draw_1
M3,mlp,3,21,57,78,pythia-1.4b,control,draw_1
M4,mlp,4,13,45,58,pythia-1.4b,control,draw_1
A5.11,attn,5,13,40,53,pythia-1.4b,control,draw_1
M6,mlp,6,35,64,99,pythia-1.4b,control,draw_1
M15,mlp,15,56,25,81,pythia-1.4b,control,draw_1
A5.5,attn,5,5,25,30,pythia-1.4b,control,draw_1
A17.5,attn,17,4,2,6,pythia-1.4b,control,draw_1
M5,mlp,5,22,57,79,pythia-1.4b,control,draw_1
A10.0,attn,10,30,48,78,pythia-1.4b,control,draw_1
A17.7,attn,17,7,4,11,pythia-1.4b,control,draw_1
A7.3,attn,7,29,60,89,pythia-1.4b,control,draw_1
M7,mlp,7,30,57,87,pythia-1.4b,control,draw_1
M11,mlp,11,33,27,60,pythia-1.4b,control,draw_1
M14,mlp,14,44,16,60,pythia-1.4b,control,draw_1
A17.8,attn,17,2,1,3,pythia-1.4b,control,draw_1
A17.11,attn,17,3,1,4,pythia-1.4b,control,draw_1
M10,mlp,10,41,29,70,pythia-1.4b,control,draw_1
A5.4,attn,5,17,52,69,pythia-1.4b,control,draw_1
A17.15,attn,17,9,1,10,pythia-1.4b,control,draw_1
A8.6,attn,8,3,27,30,pythia-1.4b,control,draw_1
A9.12,attn,9,27,40,67,pythia-1.4b,control,draw_1
A10.9,attn,10,37,45,82,pythia-1.4b,control,draw_1
M19,mlp,19,12,6,18,pythia-1.4b,control,draw_1
M2,mlp,2,11,39,50,pythia-1.4b,control,draw_1
M8,mlp,8,23,37,60,pythia-1.4b,control,draw_1
A12.12,attn,12,23,24,47,pythia-1.4b,control,draw_1
M13,mlp,13,42,22,64,pythia-1.4b,control,draw_1
M16,mlp,16,28,9,37,pythia-1.4b,control,draw_1
M17,mlp,17,29,8,37,pythia-1.4b,control,draw_1
M18,mlp,18,19,5,24,pythia-1.4b,control,draw_1
embed,embed,-1,0,14,14,pythia-1.4b,control,draw_1
A0.4,attn,0,1,9,10,pythia-1.4b,control,draw_1
A0.11,attn,0,1,2,3,pythia-1.4b,control,draw_1
A1.3,attn,1,1,2,3,pythia-1.4b,control,draw_1
A1.5,attn,1,2,7,9,pythia-1.4b,control,draw_1
A1.8,attn,1,2,5,7,pythia-1.4b,control,draw_1
A1.10,attn,1,0,2,2,pythia-1.4b,control,draw_1
M1,mlp,1,9,34,43,pythia-1.4b,control,draw_1
A2.0,attn,2,5,13,18,pythia-1.4b,control,draw_1
A2.5,attn,2,13,47,60,pythia-1.4b,control,draw_1
A2.6,attn,2,0,1,1,pythia-1.4b,control,draw_1
A2.15,attn,2,2,2,4,pythia-1.4b,control,draw_1
A3.0,attn,3,0,1,1,pythia-1.4b,control,draw_1
A3.4,attn,3,3,12,15,pythia-1.4b,control,draw_1
A4.0,attn,4,1,1,2,pythia-1.4b,control,draw_1
A4.1,attn,4,3,9,12,pythia-1.4b,control,draw_1
A4.2,attn,4,0,4,4,pythia-1.4b,control,draw_1
A4.3,attn,4,0,2,2,pythia-1.4b,control,draw_1
A4.6,attn,4,6,11,17,pythia-1.4b,control,draw_1
A4.7,attn,4,6,22,28,pythia-1.4b,control,draw_1
A4.9,attn,4,1,3,4,pythia-1.4b,control,draw_1
A4.13,attn,4,2,2,4,pythia-1.4b,control,draw_1
A4.15,attn,4,15,32,47,pythia-1.4b,control,draw_1
A5.1,attn,5,1,1,2,pythia-1.4b,control,draw_1
A5.2,attn,5,1,5,6,pythia-1.4b,control,draw_1
A5.8,attn,5,7,29,36,pythia-1.4b,control,draw_1
A5.12,attn,5,4,2,6,pythia-1.4b,control,draw_1
A5.14,attn,5,1,2,3,pythia-1.4b,control,draw_1
A6.11,attn,6,14,32,46,pythia-1.4b,control,draw_1
A7.15,attn,7,11,32,43,pythia-1.4b,control,draw_1
A8.3,attn,8,29,33,62,pythia-1.4b,control,draw_1
A8.4,attn,8,15,28,43,pythia-1.4b,control,draw_1
A8.7,attn,8,0,2,2,pythia-1.4b,control,draw_1
A10.8,attn,10,30,14,44,pythia-1.4b,control,draw_1
A10.15,attn,10,2,7,9,pythia-1.4b,control,draw_1
A11.13,attn,11,12,15,27,pythia-1.4b,control,draw_1
A12.10,attn,12,6,9,15,pythia-1.4b,control,draw_1
M12,mlp,12,30,22,52,pythia-1.4b,control,draw_1
A13.1,attn,13,16,7,23,pythia-1.4b,control,draw_1
A13.15,attn,13,45,8,53,pythia-1.4b,control,draw_1
A15.5,attn,15,6,5,11,pythia-1.4b,control,draw_1
A16.10,attn,16,5,2,7,pythia-1.4b,control,draw_1
R23,resid,23,166,0,166,pythia-1.4b,control,draw_1
A1.11,attn,1,5,21,26,pythia-1.4b,control,draw_1
A2.7,attn,2,4,15,19,pythia-1.4b,control,draw_1
A3.13,attn,3,8,18,26,pythia-1.4b,control,draw_1
A4.8,attn,4,5,5,10,pythia-1.4b,control,draw_1
A4.14,attn,4,3,8,11,pythia-1.4b,control,draw_1
A5.0,attn,5,3,7,10,pythia-1.4b,control,draw_1
A6.2,attn,6,17,33,50,pythia-1.4b,control,draw_1
A6.15,attn,6,9,9,18,pythia-1.4b,control,draw_1
A7.5,attn,7,9,20,29,pythia-1.4b,control,draw_1
A7.6,attn,7,10,12,22,pythia-1.4b,control,draw_1
A7.10,attn,7,8,14,22,pythia-1.4b,control,draw_1
A8.0,attn,8,0,2,2,pythia-1.4b,control,draw_1
A8.2,attn,8,0,2,2,pythia-1.4b,control,draw_1
A8.5,attn,8,11,12,23,pythia-1.4b,control,draw_1
A8.12,attn,8,3,8,11,pythia-1.4b,control,draw_1
A8.14,attn,8,16,18,34,pythia-1.4b,control,draw_1
A9.1,attn,9,2,10,12,pythia-1.4b,control,draw_1
A9.5,attn,9,0,4,4,pythia-1.4b,control,draw_1
A9.9,attn,9,4,18,22,pythia-1.4b,control,draw_1
A9.13,attn,9,3,7,10,pythia-1.4b,control,draw_1
M9,mlp,9,33,27,60,pythia-1.4b,control,draw_1
A10.2,attn,10,0,6,6,pythia-1.4b,control,draw_1
A10.4,attn,10,25,24,49,pythia-1.4b,control,draw_1
A10.7,attn,10,4,4,8,pythia-1.4b,control,draw_1
A10.11,attn,10,17,4,21,pythia-1.4b,control,draw_1
A10.14,attn,10,10,11,21,pythia-1.4b,control,draw_1
A11.0,attn,11,1,1,2,pythia-1.4b,control,draw_1
A11.2,attn,11,29,18,47,pythia-1.4b,control,draw_1
A11.3,attn,11,0,1,1,pythia-1.4b,control,draw_1
A11.4,attn,11,6,5,11,pythia-1.4b,control,draw_1
A11.6,attn,11,2,3,5,pythia-1.4b,control,draw_1
A11.8,attn,11,13,19,32,pythia-1.4b,control,draw_1
A11.9,attn,11,1,10,11,pythia-1.4b,control,draw_1
A11.11,attn,11,3,4,7,pythia-1.4b,control,draw_1
A11.12,attn,11,10,3,13,pythia-1.4b,control,draw_1
A11.14,attn,11,10,10,20,pythia-1.4b,control,draw_1
A12.0,attn,12,0,1,1,pythia-1.4b,control,draw_1
A12.3,attn,12,7,1,8,pythia-1.4b,control,draw_1
A12.6,attn,12,2,2,4,pythia-1.4b,control,draw_1
A12.7,attn,12,30,6,36,pythia-1.4b,control,draw_1
A12.8,attn,12,1,5,6,pythia-1.4b,control,draw_1
A12.9,attn,12,0,3,3,pythia-1.4b,control,draw_1
A12.11,attn,12,13,3,16,pythia-1.4b,control,draw_1
A12.13,attn,12,8,2,10,pythia-1.4b,control,draw_1
A12.14,attn,12,2,2,4,pythia-1.4b,control,draw_1
A12.15,attn,12,34,11,45,pythia-1.4b,control,draw_1
A13.0,attn,13,21,3,24,pythia-1.4b,control,draw_1
A13.7,attn,13,9,3,12,pythia-1.4b,control,draw_1
A13.8,attn,13,0,2,2,pythia-1.4b,control,draw_1
A13.13,attn,13,9,4,13,pythia-1.4b,control,draw_1
A14.0,attn,14,17,3,20,pythia-1.4b,control,draw_1
A14.2,attn,14,0,1,1,pythia-1.4b,control,draw_1
A14.4,attn,14,8,2,10,pythia-1.4b,control,draw_1
A14.5,attn,14,4,1,5,pythia-1.4b,control,draw_1
A14.6,attn,14,13,2,15,pythia-1.4b,control,draw_1
A14.7,attn,14,4,1,5,pythia-1.4b,control,draw_1
A14.8,attn,14,0,2,2,pythia-1.4b,control,draw_1
A14.9,attn,14,3,1,4,pythia-1.4b,control,draw_1
A14.11,attn,14,12,10,22,pythia-1.4b,control,draw_1
A15.0,attn,15,3,1,4,pythia-1.4b,control,draw_1
A15.1,attn,15,20,2,22,pythia-1.4b,control,draw_1
A15.3,attn,15,2,3,5,pythia-1.4b,control,draw_1
A15.9,attn,15,8,2,10,pythia-1.4b,control,draw_1
A15.11,attn,15,13,4,17,pythia-1.4b,control,draw_1
A15.13,attn,15,6,1,7,pythia-1.4b,control,draw_1
A15.14,attn,15,15,4,19,pythia-1.4b,control,draw_1
A15.15,attn,15,16,3,19,pythia-1.4b,control,draw_1
A16.0,attn,16,17,5,22,pythia-1.4b,control,draw_1
A16.1,attn,16,0,1,1,pythia-1.4b,control,draw_1
A16.2,attn,16,5,2,7,pythia-1.4b,control,draw_1
A16.3,attn,16,15,1,16,pythia-1.4b,control,draw_1
A16.4,attn,16,36,3,39,pythia-1.4b,control,draw_1
A16.5,attn,16,13,5,18,pythia-1.4b,control,draw_1
A16.6,attn,16,3,2,5,pythia-1.4b,control,draw_1
A16.13,attn,16,20,4,24,pythia-1.4b,control,draw_1
A16.15,attn,16,6,1,7,pythia-1.4b,control,draw_1
A18.2,attn,18,17,2,19,pythia-1.4b,control,draw_1
A18.6,attn,18,11,3,14,pythia-1.4b,control,draw_1
A18.8,attn,18,1,3,4,pythia-1.4b,control,draw_1
A18.10,attn,18,5,1,6,pythia-1.4b,control,draw_1
A18.11,attn,18,4,2,6,pythia-1.4b,control,draw_1
A18.13,attn,18,5,1,6,pythia-1.4b,control,draw_1
A18.15,attn,18,14,1,15,pythia-1.4b,control,draw_1
A19.3,attn,19,7,3,10,pythia-1.4b,control,draw_1
A19.5,attn,19,4,1,5,pythia-1.4b,control,draw_1
A19.11,attn,19,4,4,8,pythia-1.4b,control,draw_1
A19.13,attn,19,1,2,3,pythia-1.4b,control,draw_1
A19.14,attn,19,4,2,6,pythia-1.4b,control,draw_1
A20.1,attn,20,9,1,10,pythia-1.4b,control,draw_1
A20.3,attn,20,5,1,6,pythia-1.4b,control,draw_1
A20.6,attn,20,13,1,14,pythia-1.4b,control,draw_1
A20.10,attn,20,2,1,3,pythia-1.4b,control,draw_1
A20.13,attn,20,12,1,13,pythia-1.4b,control,draw_1
A20.14,attn,20,3,1,4,pythia-1.4b,control,draw_1
A20.15,attn,20,4,1,5,pythia-1.4b,control,draw_1
M20,mlp,20,22,4,26,pythia-1.4b,control,draw_1
A21.0,attn,21,2,2,4,pythia-1.4b,control,draw_1
A21.2,attn,21,0,1,1,pythia-1.4b,control,draw_1
A21.7,attn,21,1,1,2,pythia-1.4b,control,draw_1
A21.14,attn,21,1,2,3,pythia-1.4b,control,draw_1
M21,mlp,21,28,4,32,pythia-1.4b,control,draw_1
A22.2,attn,22,7,2,9,pythia-1.4b,control,draw_1
A22.9,attn,22,9,1,10,pythia-1.4b,control,draw_1
A22.13,attn,22,8,1,9,pythia-1.4b,control,draw_1
M22,mlp,22,22,2,24,pythia-1.4b,control,draw_1
A23.0,attn,23,0,1,1,pythia-1.4b,control,draw_1
A23.1,attn,23,0,1,1,pythia-1.4b,control,draw_1
A23.2,attn,23,5,1,6,pythia-1.4b,control,draw_1
A23.9,attn,23,1,1,2,pythia-1.4b,control,draw_1
A23.10,attn,23,0,1,1,pythia-1.4b,control,draw_1
A23.12,attn,23,0,1,1,pythia-1.4b,control,draw_1
M23,mlp,23,85,1,86,pythia-1.4b,control,draw_1
A1.15,attn,1,0,2,2,pythia-1.4b,control,draw_1
A6.9,attn,6,3,5,8,pythia-1.4b,control,draw_1
A8.11,attn,8,1,3,4,pythia-1.4b,control,draw_1
A11.15,attn,11,3,5,8,pythia-1.4b,control,draw_1
A0.1,attn,0,1,2,3,pythia-1.4b,control,draw_1
A0.2,attn,0,0,6,6,pythia-1.4b,control,draw_1
A0.8,attn,0,0,1,1,pythia-1.4b,control,draw_1
A0.14,attn,0,1,3,4,pythia-1.4b,control,draw_1
A1.1,attn,1,2,3,5,pythia-1.4b,control,draw_1
A0.6,attn,0,1,9,10,pythia-1.4b,control,draw_1
A1.2,attn,1,1,1,2,pythia-1.4b,control,draw_1
A0.3,attn,0,1,15,16,pythia-1.4b,control,draw_1
A1.4,attn,1,1,3,4,pythia-1.4b,control,draw_1
A1.6,attn,1,1,3,4,pythia-1.4b,control,draw_1
A1.9,attn,1,1,1,2,pythia-1.4b,control,draw_1
A0.12,attn,0,1,4,5,pythia-1.4b,control,draw_1
A1.12,attn,1,1,1,2,pythia-1.4b,control,draw_1
A4.4,attn,4,1,1,2,pythia-1.4b,control,draw_1
A4.5,attn,4,5,3,8,pythia-1.4b,control,draw_1
A3.5,attn,3,5,14,19,pythia-1.4b,control,draw_1
A3.3,attn,3,2,6,8,pythia-1.4b,control,draw_1
A7.0,attn,7,5,3,8,pythia-1.4b,control,draw_1
A7.7,attn,7,0,1,1,pythia-1.4b,control,draw_1
A7.8,attn,7,6,8,14,pythia-1.4b,control,draw_1
A8.15,attn,8,0,2,2,pythia-1.4b,control,draw_1
A9.10,attn,9,1,3,4,pythia-1.4b,control,draw_1
A10.5,attn,10,1,2,3,pythia-1.4b,control,draw_1
A10.3,attn,10,20,6,26,pythia-1.4b,control,draw_1
A9.6,attn,9,0,1,1,pythia-1.4b,control,draw_1
A0.7,attn,0,1,3,4,pythia-1.4b,control,draw_1
A0.9,attn,0,0,2,2,pythia-1.4b,control,draw_1
A0.10,attn,0,1,3,4,pythia-1.4b,control,draw_1
A5.3,attn,5,2,4,6,pythia-1.4b,control,draw_1
A5.6,attn,5,1,4,5,pythia-1.4b,control,draw_1
A7.4,attn,7,3,5,8,pythia-1.4b,control,draw_1
A3.11,attn,3,0,2,2,pythia-1.4b,control,draw_1
A8.13,attn,8,0,5,5,pythia-1.4b,control,draw_1
A0.13,attn,0,1,1,2,pythia-1.4b,control,draw_1
A2.9,attn,2,7,1,8,pythia-1.4b,control,draw_1
A1.0,attn,1,0,1,1,pythia-1.4b,control,draw_1
A1.14,attn,1,0,1,1,pythia-1.4b,control,draw_1
A2.10,attn,2,1,2,3,pythia-1.4b,control,draw_1
A1.13,attn,1,0,1,1,pythia-1.4b,control,draw_1
A13.9,attn,13,0,1,1,pythia-1.4b,control,draw_1
A22.0,attn,22,1,1,2,pythia-1.4b,control,draw_1
A3.8,attn,3,1,2,3,pythia-1.4b,control,draw_1
A3.15,attn,3,0,1,1,pythia-1.4b,control,draw_1
A6.7,attn,6,1,3,4,pythia-1.4b,control,draw_1
A7.9,attn,7,2,1,3,pythia-1.4b,control,draw_1
A6.10,attn,6,2,4,6,pythia-1.4b,control,draw_1
A5.15,attn,5,0,2,2,pythia-1.4b,control,draw_1
A6.6,attn,6,0,1,1,pythia-1.4b,control,draw_1
A0.5,attn,0,0,1,1,pythia-1.4b,control,draw_1
A2.11,attn,2,0,1,1,pythia-1.4b,control,draw_1
A6.12,attn,6,0,1,1,pythia-1.4b,control,draw_1
A10.1,attn,10,0,1,1,pythia-1.4b,control,draw_1
A13.6,attn,13,0,1,1,pythia-1.4b,control,draw_1
A15.10,attn,15,0,2,2,pythia-1.4b,control,draw_1
A9.8,attn,9,0,1,1,pythia-1.4b,control,draw_1
A9.14,attn,9,0,1,1,pythia-1.4b,control,draw_1
A7.2,attn,7,0,3,3,pythia-1.4b,control,draw_1
A9.2,attn,9,0,2,2,pythia-1.4b,control,draw_1
A9.7,attn,9,0,3,3,pythia-1.4b,control,draw_1
A1.7,attn,1,0,1,1,pythia-1.4b,control,draw_1
A3.7,attn,3,0,1,1,pythia-1.4b,control,draw_1
A3.9,attn,3,0,1,1,pythia-1.4b,control,draw_1
A3.14,attn,3,0,1,1,pythia-1.4b,control,draw_1
A8.8,attn,8,0,1,1,pythia-1.4b,control,draw_1
A10.10,attn,10,0,1,1,pythia-1.4b,control,draw_1
A8.1,attn,8,0,1,1,pythia-1.4b,control,draw_1
A6.8,attn,6,0,1,1,pythia-1.4b,control,draw_1
A14.13,attn,14,0,1,1,pythia-1.4b,control,draw_1
embed,embed,-1,0,8,8,pythia-1.4b,control,draw_2
M0,mlp,0,1,97,98,pythia-1.4b,control,draw_2
M7,mlp,7,42,57,99,pythia-1.4b,control,draw_2
M22,mlp,22,26,3,29,pythia-1.4b,control,draw_2
A10.0,attn,10,30,55,85,pythia-1.4b,control,draw_2
A10.9,attn,10,37,43,80,pythia-1.4b,control,draw_2
M10,mlp,10,37,30,67,pythia-1.4b,control,draw_2
A11.13,attn,11,13,16,29,pythia-1.4b,control,draw_2
A12.11,attn,12,8,5,13,pythia-1.4b,control,draw_2
A12.12,attn,12,27,22,49,pythia-1.4b,control,draw_2
A13.0,attn,13,8,6,14,pythia-1.4b,control,draw_2
M13,mlp,13,39,18,57,pythia-1.4b,control,draw_2
M14,mlp,14,47,20,67,pythia-1.4b,control,draw_2
A15.1,attn,15,18,4,22,pythia-1.4b,control,draw_2
A15.9,attn,15,13,2,15,pythia-1.4b,control,draw_2
A15.13,attn,15,8,3,11,pythia-1.4b,control,draw_2
A15.14,attn,15,11,5,16,pythia-1.4b,control,draw_2
A15.15,attn,15,16,3,19,pythia-1.4b,control,draw_2
M15,mlp,15,46,25,71,pythia-1.4b,control,draw_2
A16.0,attn,16,23,3,26,pythia-1.4b,control,draw_2
A16.3,attn,16,9,3,12,pythia-1.4b,control,draw_2
A16.5,attn,16,21,5,26,pythia-1.4b,control,draw_2
A16.13,attn,16,9,2,11,pythia-1.4b,control,draw_2
M16,mlp,16,30,9,39,pythia-1.4b,control,draw_2
A17.7,attn,17,13,5,18,pythia-1.4b,control,draw_2
A18.8,attn,18,14,5,19,pythia-1.4b,control,draw_2
A18.11,attn,18,12,2,14,pythia-1.4b,control,draw_2
A19.3,attn,19,4,4,8,pythia-1.4b,control,draw_2
M21,mlp,21,20,3,23,pythia-1.4b,control,draw_2
M17,mlp,17,25,10,35,pythia-1.4b,control,draw_2
M2,mlp,2,15,43,58,pythia-1.4b,control,draw_2
A5.4,attn,5,18,60,78,pythia-1.4b,control,draw_2
M5,mlp,5,20,48,68,pythia-1.4b,control,draw_2
A7.3,attn,7,27,52,79,pythia-1.4b,control,draw_2
A8.3,attn,8,29,37,66,pythia-1.4b,control,draw_2
A9.12,attn,9,29,37,66,pythia-1.4b,control,draw_2
A10.14,attn,10,24,17,41,pythia-1.4b,control,draw_2
A10.15,attn,10,1,5,6,pythia-1.4b,control,draw_2
A11.14,attn,11,8,10,18,pythia-1.4b,control,draw_2
A12.10,attn,12,9,9,18,pythia-1.4b,control,draw_2
M12,mlp,12,31,27,58,pythia-1.4b,control,draw_2
A13.1,attn,13,3,4,7,pythia-1.4b,control,draw_2
A14.11,attn,14,12,5,17,pythia-1.4b,control,draw_2
A15.5,attn,15,4,4,8,pythia-1.4b,control,draw_2
A16.2,attn,16,12,3,15,pythia-1.4b,control,draw_2
A16.10,attn,16,10,2,12,pythia-1.4b,control,draw_2
M4,mlp,4,11,35,46,pythia-1.4b,control,draw_2
A20.1,attn,20,6,1,7,pythia-1.4b,control,draw_2
A12.15,attn,12,38,12,50,pythia-1.4b,control,draw_2
M18,mlp,18,15,6,21,pythia-1.4b,control,draw_2
A20.3,attn,20,1,1,2,pythia-1.4b,control,draw_2
A20.6,attn,20,11,2,13,pythia-1.4b,control,draw_2
A8.5,attn,8,15,21,36,pythia-1.4b,control,draw_2
M8,mlp,8,40,47,87,pythia-1.4b,control,draw_2
M11,mlp,11,38,29,67,pythia-1.4b,control,draw_2
A20.13,attn,20,3,1,4,pythia-1.4b,control,draw_2
A0.4,attn,0,1,7,8,pythia-1.4b,control,draw_2
A20.15,attn,20,14,2,16,pythia-1.4b,control,draw_2
A2.0,attn,2,3,10,13,pythia-1.4b,control,draw_2
A5.5,attn,5,7,28,35,pythia-1.4b,control,draw_2
M6,mlp,6,31,52,83,pythia-1.4b,control,draw_2
A9.9,attn,9,7,13,20,pythia-1.4b,control,draw_2
A10.3,attn,10,22,8,30,pythia-1.4b,control,draw_2
A12.7,attn,12,53,12,65,pythia-1.4b,control,draw_2
M1,mlp,1,6,36,42,pythia-1.4b,control,draw_2
A2.5,attn,2,8,38,46,pythia-1.4b,control,draw_2
A2.7,attn,2,1,6,7,pythia-1.4b,control,draw_2
M3,mlp,3,15,49,64,pythia-1.4b,control,draw_2
A4.7,attn,4,5,32,37,pythia-1.4b,control,draw_2
A4.15,attn,4,12,26,38,pythia-1.4b,control,draw_2
A5.3,attn,5,1,4,5,pythia-1.4b,control,draw_2
A5.8,attn,5,5,40,45,pythia-1.4b,control,draw_2
A6.2,attn,6,13,33,46,pythia-1.4b,control,draw_2
A6.7,attn,6,2,6,8,pythia-1.4b,control,draw_2
A6.9,attn,6,8,8,16,pythia-1.4b,control,draw_2
A6.11,attn,6,11,17,28,pythia-1.4b,control,draw_2
A7.5,attn,7,7,20,27,pythia-1.4b,control,draw_2
A7.15,attn,7,9,33,42,pythia-1.4b,control,draw_2
A8.4,attn,8,9,22,31,pythia-1.4b,control,draw_2
A8.6,attn,8,5,23,28,pythia-1.4b,control,draw_2
A8.14,attn,8,16,20,36,pythia-1.4b,control,draw_2
A9.7,attn,9,0,8,8,pythia-1.4b,control,draw_2
A9.8,attn,9,3,4,7,pythia-1.4b,control,draw_2
M9,mlp,9,38,25,63,pythia-1.4b,control,draw_2
A3.5,attn,3,4,13,17,pythia-1.4b,control,draw_2
A5.11,attn,5,13,41,54,pythia-1.4b,control,draw_2
A6.10,attn,6,3,8,11,pythia-1.4b,control,draw_2
A8.2,attn,8,0,2,2,pythia-1.4b,control,draw_2
A8.9,attn,8,0,1,1,pythia-1.4b,control,draw_2
A8.12,attn,8,9,12,21,pythia-1.4b,control,draw_2
A10.4,attn,10,21,29,50,pythia-1.4b,control,draw_2
A4.1,attn,4,4,17,21,pythia-1.4b,control,draw_2
A7.6,attn,7,2,11,13,pythia-1.4b,control,draw_2
A8.11,attn,8,5,7,12,pythia-1.4b,control,draw_2
A9.1,attn,9,3,18,21,pythia-1.4b,control,draw_2
A9.3,attn,9,0,2,2,pythia-1.4b,control,draw_2
A10.5,attn,10,7,7,14,pythia-1.4b,control,draw_2
A10.7,attn,10,9,4,13,pythia-1.4b,control,draw_2
A10.8,attn,10,30,13,43,pythia-1.4b,control,draw_2
A4.6,attn,4,4,10,14,pythia-1.4b,control,draw_2
A5.2,attn,5,1,3,4,pythia-1.4b,control,draw_2
A6.15,attn,6,3,9,12,pythia-1.4b,control,draw_2
A7.9,attn,7,0,3,3,pythia-1.4b,control,draw_2
A9.5,attn,9,17,9,26,pythia-1.4b,control,draw_2
A1.11,attn,1,3,17,20,pythia-1.4b,control,draw_2
A4.14,attn,4,1,7,8,pythia-1.4b,control,draw_2
A5.0,attn,5,1,6,7,pythia-1.4b,control,draw_2
A7.14,attn,7,0,3,3,pythia-1.4b,control,draw_2
A8.8,attn,8,0,1,1,pythia-1.4b,control,draw_2
A10.10,attn,10,1,1,2,pythia-1.4b,control,draw_2
A10.11,attn,10,1,2,3,pythia-1.4b,control,draw_2
A0.12,attn,0,0,6,6,pythia-1.4b,control,draw_2
A2.15,attn,2,1,2,3,pythia-1.4b,control,draw_2
A3.0,attn,3,0,1,1,pythia-1.4b,control,draw_2
A3.3,attn,3,1,6,7,pythia-1.4b,control,draw_2
A3.11,attn,3,2,5,7,pythia-1.4b,control,draw_2
A3.13,attn,3,5,20,25,pythia-1.4b,control,draw_2
A5.6,attn,5,0,1,1,pythia-1.4b,control,draw_2
A5.12,attn,5,3,8,11,pythia-1.4b,control,draw_2
A5.14,attn,5,1,2,3,pythia-1.4b,control,draw_2
A6.4,attn,6,0,2,2,pythia-1.4b,control,draw_2
A6.6,attn,6,0,1,1,pythia-1.4b,control,draw_2
A7.0,attn,7,0,2,2,pythia-1.4b,control,draw_2
A7.4,attn,7,0,5,5,pythia-1.4b,control,draw_2
A7.8,attn,7,5,10,15,pythia-1.4b,control,draw_2
A0.3,attn,0,1,13,14,pythia-1.4b,control,draw_2
A0.10,attn,0,1,2,3,pythia-1.4b,control,draw_2
A2.11,attn,2,1,2,3,pythia-1.4b,control,draw_2
A2.13,attn,2,0,1,1,pythia-1.4b,control,draw_2
A3.1,attn,3,0,2,2,pythia-1.4b,control,draw_2
A3.10,attn,3,0,1,1,pythia-1.4b,control,draw_2
A0.6,attn,0,1,14,15,pythia-1.4b,control,draw_2
A0.13,attn,0,1,2,3,pythia-1.4b,control,draw_2
A0.14,attn,0,0,2,2,pythia-1.4b,control,draw_2
A1.4,attn,1,1,3,4,pythia-1.4b,control,draw_2
A1.6,attn,1,1,5,6,pythia-1.4b,control,draw_2
A2.6,attn,2,2,2,4,pythia-1.4b,control,draw_2
A4.3,attn,4,2,3,5,pythia-1.4b,control,draw_2
A4.5,attn,4,5,4,9,pythia-1.4b,control,draw_2
A1.5,attn,1,1,5,6,pythia-1.4b,control,draw_2
A3.2,attn,3,0,2,2,pythia-1.4b,control,draw_2
A3.4,attn,3,2,7,9,pythia-1.4b,control,draw_2
A3.15,attn,3,0,1,1,pythia-1.4b,control,draw_2
A11.2,attn,11,24,16,40,pythia-1.4b,control,draw_2
A11.6,attn,11,18,4,22,pythia-1.4b,control,draw_2
A13.15,attn,13,34,8,42,pythia-1.4b,control,draw_2
A16.1,attn,16,3,1,4,pythia-1.4b,control,draw_2
A16.4,attn,16,40,2,42,pythia-1.4b,control,draw_2
A4.8,attn,4,3,7,10,pythia-1.4b,control,draw_2
A10.2,attn,10,0,4,4,pythia-1.4b,control,draw_2
A11.9,attn,11,5,10,15,pythia-1.4b,control,draw_2
A12.8,attn,12,5,8,13,pythia-1.4b,control,draw_2
A14.1,attn,14,0,1,1,pythia-1.4b,control,draw_2
A8.7,attn,8,0,4,4,pythia-1.4b,control,draw_2
A11.11,attn,11,4,3,7,pythia-1.4b,control,draw_2
A16.6,attn,16,5,2,7,pythia-1.4b,control,draw_2
A15.10,attn,15,0,1,1,pythia-1.4b,control,draw_2
A19.11,attn,19,3,2,5,pythia-1.4b,control,draw_2
M20,mlp,20,13,3,16,pythia-1.4b,control,draw_2
A0.1,attn,0,0,1,1,pythia-1.4b,control,draw_2
A0.2,attn,0,1,3,4,pythia-1.4b,control,draw_2
A1.2,attn,1,0,1,1,pythia-1.4b,control,draw_2
A1.9,attn,1,0,2,2,pythia-1.4b,control,draw_2
A1.14,attn,1,1,2,3,pythia-1.4b,control,draw_2
A1.15,attn,1,1,2,3,pythia-1.4b,control,draw_2
A4.9,attn,4,2,2,4,pythia-1.4b,control,draw_2
A5.13,attn,5,0,2,2,pythia-1.4b,control,draw_2
A11.8,attn,11,25,10,35,pythia-1.4b,control,draw_2
A13.7,attn,13,6,4,10,pythia-1.4b,control,draw_2
A13.9,attn,13,3,2,5,pythia-1.4b,control,draw_2
A13.12,attn,13,3,1,4,pythia-1.4b,control,draw_2
A13.13,attn,13,4,1,5,pythia-1.4b,control,draw_2
A9.10,attn,9,2,4,6,pythia-1.4b,control,draw_2
A7.10,attn,7,6,10,16,pythia-1.4b,control,draw_2
A9.13,attn,9,3,8,11,pythia-1.4b,control,draw_2
A12.13,attn,12,1,3,4,pythia-1.4b,control,draw_2
A13.8,attn,13,0,2,2,pythia-1.4b,control,draw_2
A3.8,attn,3,2,3,5,pythia-1.4b,control,draw_2
A6.8,attn,6,2,4,6,pythia-1.4b,control,draw_2
A7.2,attn,7,3,8,11,pythia-1.4b,control,draw_2
A22.2,attn,22,7,2,9,pythia-1.4b,control,draw_2
M19,mlp,19,11,4,15,pythia-1.4b,control,draw_2
A22.9,attn,22,4,1,5,pythia-1.4b,control,draw_2
A22.13,attn,22,13,2,15,pythia-1.4b,control,draw_2
A11.4,attn,11,5,4,9,pythia-1.4b,control,draw_2
A11.12,attn,11,6,3,9,pythia-1.4b,control,draw_2
A11.15,attn,11,16,5,21,pythia-1.4b,control,draw_2
A9.2,attn,9,0,2,2,pythia-1.4b,control,draw_2
A1.8,attn,1,1,1,2,pythia-1.4b,control,draw_2
A9.0,attn,9,2,1,3,pythia-1.4b,control,draw_2
A9.14,attn,9,1,1,2,pythia-1.4b,control,draw_2
A12.0,attn,12,3,1,4,pythia-1.4b,control,draw_2
A12.3,attn,12,6,3,9,pythia-1.4b,control,draw_2
A12.6,attn,12,4,2,6,pythia-1.4b,control,draw_2
A6.1,attn,6,0,1,1,pythia-1.4b,control,draw_2
A11.5,attn,11,0,2,2,pythia-1.4b,control,draw_2
A12.14,attn,12,1,2,3,pythia-1.4b,control,draw_2
A9.6,attn,9,0,1,1,pythia-1.4b,control,draw_2
A23.2,attn,23,3,1,4,pythia-1.4b,control,draw_2
A23.9,attn,23,3,1,4,pythia-1.4b,control,draw_2
R23,resid,23,165,0,165,pythia-1.4b,control,draw_2
A9.11,attn,9,0,1,1,pythia-1.4b,control,draw_2
A10.1,attn,10,0,1,1,pythia-1.4b,control,draw_2
A11.3,attn,11,0,1,1,pythia-1.4b,control,draw_2
A14.0,attn,14,15,4,19,pythia-1.4b,control,draw_2
A14.2,attn,14,5,1,6,pythia-1.4b,control,draw_2
A14.4,attn,14,7,2,9,pythia-1.4b,control,draw_2
A14.5,attn,14,0,1,1,pythia-1.4b,control,draw_2
A14.6,attn,14,2,1,3,pythia-1.4b,control,draw_2
A14.8,attn,14,0,1,1,pythia-1.4b,control,draw_2
A14.9,attn,14,0,1,1,pythia-1.4b,control,draw_2
A14.13,attn,14,0,1,1,pythia-1.4b,control,draw_2
A15.3,attn,15,7,1,8,pythia-1.4b,control,draw_2
A15.6,attn,15,0,1,1,pythia-1.4b,control,draw_2
A15.11,attn,15,10,2,12,pythia-1.4b,control,draw_2
A17.5,attn,17,14,1,15,pythia-1.4b,control,draw_2
A17.15,attn,17,3,1,4,pythia-1.4b,control,draw_2
A18.2,attn,18,3,1,4,pythia-1.4b,control,draw_2
A18.4,attn,18,10,1,11,pythia-1.4b,control,draw_2
A18.6,attn,18,14,1,15,pythia-1.4b,control,draw_2
A18.10,attn,18,7,2,9,pythia-1.4b,control,draw_2
A18.13,attn,18,3,1,4,pythia-1.4b,control,draw_2
A18.15,attn,18,6,2,8,pythia-1.4b,control,draw_2
A19.1,attn,19,0,2,2,pythia-1.4b,control,draw_2
A19.10,attn,19,0,2,2,pythia-1.4b,control,draw_2
A19.14,attn,19,3,2,5,pythia-1.4b,control,draw_2
A21.0,attn,21,5,2,7,pythia-1.4b,control,draw_2
A21.2,attn,21,2,1,3,pythia-1.4b,control,draw_2
A21.7,attn,21,4,1,5,pythia-1.4b,control,draw_2
A22.12,attn,22,0,1,1,pythia-1.4b,control,draw_2
A23.0,attn,23,0,1,1,pythia-1.4b,control,draw_2
A23.11,attn,23,0,1,1,pythia-1.4b,control,draw_2
M23,mlp,23,91,1,92,pythia-1.4b,control,draw_2
A0.7,attn,0,1,1,2,pythia-1.4b,control,draw_2
A0.8,attn,0,0,2,2,pythia-1.4b,control,draw_2
A2.4,attn,2,0,1,1,pythia-1.4b,control,draw_2
A2.9,attn,2,0,1,1,pythia-1.4b,control,draw_2
A5.9,attn,5,0,1,1,pythia-1.4b,control,draw_2
A8.15,attn,8,0,1,1,pythia-1.4b,control,draw_2
A17.1,attn,17,8,1,9,pythia-1.4b,control,draw_2
A4.0,attn,4,0,1,1,pythia-1.4b,control,draw_2
A5.1,attn,5,0,1,1,pythia-1.4b,control,draw_2
A5.10,attn,5,0,1,1,pythia-1.4b,control,draw_2
A6.5,attn,6,0,1,1,pythia-1.4b,control,draw_2
A13.2,attn,13,0,1,1,pythia-1.4b,control,draw_2
A21.1,attn,21,0,1,1,pythia-1.4b,control,draw_2
A11.0,attn,11,0,1,1,pythia-1.4b,control,draw_2
A8.1,attn,8,0,1,1,pythia-1.4b,control,draw_2
M0,mlp,0,1,104,105,pythia-1.4b,control,draw_3
A16.0,attn,16,13,5,18,pythia-1.4b,control,draw_3
M1,mlp,1,10,44,54,pythia-1.4b,control,draw_3
A5.4,attn,5,22,47,69,pythia-1.4b,control,draw_3
A7.3,attn,7,26,56,82,pythia-1.4b,control,draw_3
M7,mlp,7,45,45,90,pythia-1.4b,control,draw_3
M8,mlp,8,30,38,68,pythia-1.4b,control,draw_3
A9.9,attn,9,6,17,23,pythia-1.4b,control,draw_3
A10.0,attn,10,34,46,80,pythia-1.4b,control,draw_3
A10.4,attn,10,19,25,44,pythia-1.4b,control,draw_3
A10.8,attn,10,26,18,44,pythia-1.4b,control,draw_3
A10.9,attn,10,38,52,90,pythia-1.4b,control,draw_3
M14,mlp,14,49,22,71,pythia-1.4b,control,draw_3
M15,mlp,15,52,31,83,pythia-1.4b,control,draw_3
A16.1,attn,16,3,1,4,pythia-1.4b,control,draw_3
M6,mlp,6,26,51,77,pythia-1.4b,control,draw_3
M10,mlp,10,28,20,48,pythia-1.4b,control,draw_3
A16.2,attn,16,6,2,8,pythia-1.4b,control,draw_3
A12.10,attn,12,6,9,15,pythia-1.4b,control,draw_3
M13,mlp,13,32,14,46,pythia-1.4b,control,draw_3
A16.3,attn,16,15,2,17,pythia-1.4b,control,draw_3
A8.3,attn,8,32,28,60,pythia-1.4b,control,draw_3
M9,mlp,9,39,26,65,pythia-1.4b,control,draw_3
A11.2,attn,11,36,22,58,pythia-1.4b,control,draw_3
A12.8,attn,12,7,10,17,pythia-1.4b,control,draw_3
A12.11,attn,12,12,6,18,pythia-1.4b,control,draw_3
A12.12,attn,12,19,15,34,pythia-1.4b,control,draw_3
A14.6,attn,14,6,4,10,pythia-1.4b,control,draw_3
A0.14,attn,0,1,4,5,pythia-1.4b,control,draw_3
A16.4,attn,16,22,3,25,pythia-1.4b,control,draw_3
M4,mlp,4,17,37,54,pythia-1.4b,control,draw_3
A7.5,attn,7,10,18,28,pythia-1.4b,control,draw_3
A9.1,attn,9,4,15,19,pythia-1.4b,control,draw_3
A9.10,attn,9,0,7,7,pythia-1.4b,control,draw_3
A9.12,attn,9,39,33,72,pythia-1.4b,control,draw_3
M11,mlp,11,31,33,64,pythia-1.4b,control,draw_3
M12,mlp,12,32,21,53,pythia-1.4b,control,draw_3
A16.5,attn,16,5,3,8,pythia-1.4b,control,draw_3
A16.6,attn,16,3,1,4,pythia-1.4b,control,draw_3
A16.10,attn,16,7,2,9,pythia-1.4b,control,draw_3
A16.13,attn,16,7,2,9,pythia-1.4b,control,draw_3
A16.15,attn,16,8,2,10,pythia-1.4b,control,draw_3
M2,mlp,2,6,48,54,pythia-1.4b,control,draw_3
M5,mlp,5,23,44,67,pythia-1.4b,control,draw_3
M21,mlp,21,20,4,24,pythia-1.4b,control,draw_3
A7.15,attn,7,8,20,28,pythia-1.4b,control,draw_3
A13.15,attn,13,23,6,29,pythia-1.4b,control,draw_3
A15.1,attn,15,18,3,21,pythia-1.4b,control,draw_3
A15.14,attn,15,18,5,23,pythia-1.4b,control,draw_3
A15.15,attn,15,10,3,13,pythia-1.4b,control,draw_3
M17,mlp,17,25,9,34,pythia-1.4b,control,draw_3
A18.6,attn,18,6,3,9,pythia-1.4b,control,draw_3
M18,mlp,18,19,6,25,pythia-1.4b,control,draw_3
M20,mlp,20,15,4,19,pythia-1.4b,control,draw_3
A0.10,attn,0,0,2,2,pythia-1.4b,control,draw_3
A0.12,attn,0,1,5,6,pythia-1.4b,control,draw_3
A1.11,attn,1,3,20,23,pythia-1.4b,control,draw_3
A1.15,attn,1,2,3,5,pythia-1.4b,control,draw_3
A0.1,attn,0,0,1,1,pythia-1.4b,control,draw_3
A0.6,attn,0,1,13,14,pythia-1.4b,control,draw_3
A1.2,attn,1,0,2,2,pythia-1.4b,control,draw_3
A1.5,attn,1,1,7,8,pythia-1.4b,control,draw_3
A2.0,attn,2,1,9,10,pythia-1.4b,control,draw_3
A2.7,attn,2,1,7,8,pythia-1.4b,control,draw_3
A2.8,attn,2,0,1,1,pythia-1.4b,control,draw_3
A2.15,attn,2,1,2,3,pythia-1.4b,control,draw_3
A3.11,attn,3,0,2,2,pythia-1.4b,control,draw_3
A3.12,attn,3,0,1,1,pythia-1.4b,control,draw_3
A3.15,attn,3,1,5,6,pythia-1.4b,control,draw_3
M3,mlp,3,12,43,55,pythia-1.4b,control,draw_3
A4.1,attn,4,0,8,8,pythia-1.4b,control,draw_3
A4.3,attn,4,2,2,4,pythia-1.4b,control,draw_3
A4.4,attn,4,0,2,2,pythia-1.4b,control,draw_3
A4.13,attn,4,0,4,4,pythia-1.4b,control,draw_3
A4.14,attn,4,2,9,11,pythia-1.4b,control,draw_3
A4.6,attn,4,3,5,8,pythia-1.4b,control,draw_3
A3.3,attn,3,3,5,8,pythia-1.4b,control,draw_3
A4.7,attn,4,7,26,33,pythia-1.4b,control,draw_3
A3.5,attn,3,3,10,13,pythia-1.4b,control,draw_3
A4.8,attn,4,4,4,8,pythia-1.4b,control,draw_3
A3.13,attn,3,3,12,15,pythia-1.4b,control,draw_3
A4.15,attn,4,9,27,36,pythia-1.4b,control,draw_3
A2.5,attn,2,10,35,45,pythia-1.4b,control,draw_3
A2.2,attn,2,0,5,5,pythia-1.4b,control,draw_3
A3.4,attn,3,3,9,12,pythia-1.4b,control,draw_3
A4.10,attn,4,0,1,1,pythia-1.4b,control,draw_3
A5.0,attn,5,4,6,10,pythia-1.4b,control,draw_3
A5.5,attn,5,9,22,31,pythia-1.4b,control,draw_3
A5.8,attn,5,6,37,43,pythia-1.4b,control,draw_3
A5.11,attn,5,18,40,58,pythia-1.4b,control,draw_3
A5.12,attn,5,0,2,2,pythia-1.4b,control,draw_3
A0.3,attn,0,1,9,10,pythia-1.4b,control,draw_3
A1.8,attn,1,2,3,5,pythia-1.4b,control,draw_3
A1.12,attn,1,1,2,3,pythia-1.4b,control,draw_3
A1.14,attn,1,1,2,3,pythia-1.4b,control,draw_3
M23,mlp,23,82,1,83,pythia-1.4b,control,draw_3
A7.10,attn,7,11,15,26,pythia-1.4b,control,draw_3
A8.5,attn,8,8,15,23,pythia-1.4b,control,draw_3
A8.6,attn,8,5,13,18,pythia-1.4b,control,draw_3
A9.13,attn,9,4,4,8,pythia-1.4b,control,draw_3
A10.3,attn,10,21,6,27,pythia-1.4b,control,draw_3
A10.11,attn,10,17,6,23,pythia-1.4b,control,draw_3
A10.14,attn,10,4,8,12,pythia-1.4b,control,draw_3
A10.15,attn,10,0,2,2,pythia-1.4b,control,draw_3
A11.5,attn,11,0,1,1,pythia-1.4b,control,draw_3
A11.8,attn,11,8,13,21,pythia-1.4b,control,draw_3
A11.9,attn,11,1,8,9,pythia-1.4b,control,draw_3
A11.12,attn,11,1,2,3,pythia-1.4b,control,draw_3
A11.13,attn,11,15,12,27,pythia-1.4b,control,draw_3
A11.14,attn,11,1,6,7,pythia-1.4b,control,draw_3
A12.14,attn,12,2,2,4,pythia-1.4b,control,draw_3
A12.15,attn,12,24,8,32,pythia-1.4b,control,draw_3
A13.0,attn,13,7,3,10,pythia-1.4b,control,draw_3
A13.1,attn,13,11,4,15,pythia-1.4b,control,draw_3
A13.8,attn,13,8,3,11,pythia-1.4b,control,draw_3
A14.0,attn,14,16,6,22,pythia-1.4b,control,draw_3
A14.8,attn,14,0,2,2,pythia-1.4b,control,draw_3
A15.5,attn,15,4,5,9,pythia-1.4b,control,draw_3
A15.11,attn,15,8,3,11,pythia-1.4b,control,draw_3
A15.13,attn,15,2,3,5,pythia-1.4b,control,draw_3
M16,mlp,16,26,13,39,pythia-1.4b,control,draw_3
A17.1,attn,17,10,2,12,pythia-1.4b,control,draw_3
A17.5,attn,17,16,2,18,pythia-1.4b,control,draw_3
A17.7,attn,17,9,3,12,pythia-1.4b,control,draw_3
A18.2,attn,18,16,2,18,pythia-1.4b,control,draw_3
A19.1,attn,19,1,2,3,pythia-1.4b,control,draw_3
A19.14,attn,19,2,1,3,pythia-1.4b,control,draw_3
M19,mlp,19,15,6,21,pythia-1.4b,control,draw_3
A22.9,attn,22,1,2,3,pythia-1.4b,control,draw_3
A22.13,attn,22,23,2,25,pythia-1.4b,control,draw_3
M22,mlp,22,22,2,24,pythia-1.4b,control,draw_3
A19.3,attn,19,10,2,12,pythia-1.4b,control,draw_3
A19.6,attn,19,5,1,6,pythia-1.4b,control,draw_3
A19.11,attn,19,19,1,20,pythia-1.4b,control,draw_3
A14.11,attn,14,10,5,15,pythia-1.4b,control,draw_3
A5.3,attn,5,3,4,7,pythia-1.4b,control,draw_3
A6.2,attn,6,18,23,41,pythia-1.4b,control,draw_3
A6.9,attn,6,2,6,8,pythia-1.4b,control,draw_3
A6.10,attn,6,3,6,9,pythia-1.4b,control,draw_3
A6.15,attn,6,7,11,18,pythia-1.4b,control,draw_3
A8.4,attn,8,16,21,37,pythia-1.4b,control,draw_3
A8.14,attn,8,9,17,26,pythia-1.4b,control,draw_3
A9.3,attn,9,0,2,2,pythia-1.4b,control,draw_3
A10.2,attn,10,1,2,3,pythia-1.4b,control,draw_3
A6.11,attn,6,11,9,20,pythia-1.4b,control,draw_3
A8.12,attn,8,3,4,7,pythia-1.4b,control,draw_3
A9.7,attn,9,0,6,6,pythia-1.4b,control,draw_3
A9.8,attn,9,4,4,8,pythia-1.4b,control,draw_3
A10.7,attn,10,6,5,11,pythia-1.4b,control,draw_3
A5.15,attn,5,0,1,1,pythia-1.4b,control,draw_3
A7.4,attn,7,2,4,6,pythia-1.4b,control,draw_3
A7.9,attn,7,1,2,3,pythia-1.4b,control,draw_3
A6.7,attn,6,1,2,3,pythia-1.4b,control,draw_3
A7.0,attn,7,0,6,6,pythia-1.4b,control,draw_3
A8.11,attn,8,1,4,5,pythia-1.4b,control,draw_3
A8.13,attn,8,0,2,2,pythia-1.4b,control,draw_3
A9.5,attn,9,1,3,4,pythia-1.4b,control,draw_3
A0.4,attn,0,1,4,5,pythia-1.4b,control,draw_3
A1.6,attn,1,0,4,4,pythia-1.4b,control,draw_3
A2.9,attn,2,2,1,3,pythia-1.4b,control,draw_3
A2.13,attn,2,1,2,3,pythia-1.4b,control,draw_3
A3.9,attn,3,0,1,1,pythia-1.4b,control,draw_3
A5.6,attn,5,0,3,3,pythia-1.4b,control,draw_3
A7.6,attn,7,6,6,12,pythia-1.4b,control,draw_3
A7.8,attn,7,3,8,11,pythia-1.4b,control,draw_3
A1.9,attn,1,0,1,1,pythia-1.4b,control,draw_3
A3.2,attn,3,0,3,3,pythia-1.4b,control,draw_3
A4.0,attn,4,0,1,1,pythia-1.4b,control,draw_3
A4.2,attn,4,0,3,3,pythia-1.4b,control,draw_3
A5.1,attn,5,1,2,3,pythia-1.4b,control,draw_3
A5.9,attn,5,1,2,3,pythia-1.4b,control,draw_3
A5.10,attn,5,0,1,1,pythia-1.4b,control,draw_3
A5.13,attn,5,0,1,1,pythia-1.4b,control,draw_3
A6.5,attn,6,1,1,2,pythia-1.4b,control,draw_3
A6.6,attn,6,3,2,5,pythia-1.4b,control,draw_3
A6.8,attn,6,2,3,5,pythia-1.4b,control,draw_3
A6.12,attn,6,0,3,3,pythia-1.4b,control,draw_3
A6.13,attn,6,0,2,2,pythia-1.4b,control,draw_3
A11.6,attn,11,12,4,16,pythia-1.4b,control,draw_3
A13.9,attn,13,3,2,5,pythia-1.4b,control,draw_3
A18.8,attn,18,3,1,4,pythia-1.4b,control,draw_3
A18.11,attn,18,11,1,12,pythia-1.4b,control,draw_3
A12.7,attn,12,24,6,30,pythia-1.4b,control,draw_3
A9.2,attn,9,0,2,2,pythia-1.4b,control,draw_3
A20.1,attn,20,7,1,8,pythia-1.4b,control,draw_3
A19.13,attn,19,0,2,2,pythia-1.4b,control,draw_3
A20.6,attn,20,6,1,7,pythia-1.4b,control,draw_3
A20.13,attn,20,2,1,3,pythia-1.4b,control,draw_3
A20.15,attn,20,17,1,18,pythia-1.4b,control,draw_3
A8.7,attn,8,0,2,2,pythia-1.4b,control,draw_3
A11.4,attn,11,1,5,6,pythia-1.4b,control,draw_3
A12.0,attn,12,14,2,16,pythia-1.4b,control,draw_3
A12.9,attn,12,1,2,3,pythia-1.4b,control,draw_3
A12.13,attn,12,2,1,3,pythia-1.4b,control,draw_3
A13.6,attn,13,0,1,1,pythia-1.4b,control,draw_3
A8.0,attn,8,1,2,3,pythia-1.4b,control,draw_3
A8.1,attn,8,1,4,5,pythia-1.4b,control,draw_3
A7.2,attn,7,0,2,2,pythia-1.4b,control,draw_3
A14.4,attn,14,1,1,2,pythia-1.4b,control,draw_3
A14.5,attn,14,1,1,2,pythia-1.4b,control,draw_3
A2.10,attn,2,0,1,1,pythia-1.4b,control,draw_3
A3.10,attn,3,1,2,3,pythia-1.4b,control,draw_3
A5.2,attn,5,0,1,1,pythia-1.4b,control,draw_3
A5.14,attn,5,0,5,5,pythia-1.4b,control,draw_3
A21.0,attn,21,5,1,6,pythia-1.4b,control,draw_3
A21.14,attn,21,6,1,7,pythia-1.4b,control,draw_3
A15.9,attn,15,11,2,13,pythia-1.4b,control,draw_3
A17.15,attn,17,1,1,2,pythia-1.4b,control,draw_3
A13.2,attn,13,1,1,2,pythia-1.4b,control,draw_3
A13.13,attn,13,4,1,5,pythia-1.4b,control,draw_3
A12.6,attn,12,3,3,6,pythia-1.4b,control,draw_3
A11.0,attn,11,2,1,3,pythia-1.4b,control,draw_3
A9.14,attn,9,0,1,1,pythia-1.4b,control,draw_3
A11.11,attn,11,1,1,2,pythia-1.4b,control,draw_3
A11.15,attn,11,3,1,4,pythia-1.4b,control,draw_3
A10.5,attn,10,0,2,2,pythia-1.4b,control,draw_3
A1.0,attn,1,0,1,1,pythia-1.4b,control,draw_3
A2.11,attn,2,0,1,1,pythia-1.4b,control,draw_3
embed,embed,-1,0,8,8,pythia-1.4b,control,draw_3
A0.5,attn,0,1,1,2,pythia-1.4b,control,draw_3
R23,resid,23,150,0,150,pythia-1.4b,control,draw_3
A9.11,attn,9,0,1,1,pythia-1.4b,control,draw_3
A11.10,attn,11,0,1,1,pythia-1.4b,control,draw_3
A12.3,attn,12,6,1,7,pythia-1.4b,control,draw_3
A14.2,attn,14,0,1,1,pythia-1.4b,control,draw_3
A20.10,attn,20,0,1,1,pythia-1.4b,control,draw_3
A22.2,attn,22,8,1,9,pythia-1.4b,control,draw_3
A22.4,attn,22,4,1,5,pythia-1.4b,control,draw_3
A22.12,attn,22,0,1,1,pythia-1.4b,control,draw_3
A23.0,attn,23,0,1,1,pythia-1.4b,control,draw_3
A23.2,attn,23,5,1,6,pythia-1.4b,control,draw_3
A23.9,attn,23,2,1,3,pythia-1.4b,control,draw_3
A23.12,attn,23,0,1,1,pythia-1.4b,control,draw_3
A1.4,attn,1,0,1,1,pythia-1.4b,control,draw_3
A6.14,attn,6,0,1,1,pythia-1.4b,control,draw_3
A8.15,attn,8,0,1,1,pythia-1.4b,control,draw_3
A0.2,attn,0,0,2,2,pythia-1.4b,control,draw_3
A1.1,attn,1,0,1,1,pythia-1.4b,control,draw_3
A12.5,attn,12,0,1,1,pythia-1.4b,control,draw_3
A1.10,attn,1,0,1,1,pythia-1.4b,control,draw_3
A7.13,attn,7,0,1,1,pythia-1.4b,control,draw_3
A8.9,attn,8,0,1,1,pythia-1.4b,control,draw_3
A9.6,attn,9,0,1,1,pythia-1.4b,control,draw_3
A0.8,attn,0,0,1,1,pythia-1.4b,control,draw_3
