model,draw,head,layer,head_idx,entropy,max_entropy,normalized_entropy,dominant_band,total_edges
pythia-70m,draw_1,A0.0,0,0,2.321928094887362,2.321928094887362,1.0,low,5
pythia-70m,draw_1,A0.1,0,1,2.321928094887362,2.321928094887362,1.0,low,5
pythia-70m,draw_1,A0.2,0,2,2.321928094887362,2.321928094887362,1.0,low,5
pythia-70m,draw_1,A0.3,0,3,2.321928094887362,2.321928094887362,1.0,low,5
pythia-70m,draw_1,A0.4,0,4,2.321928094887362,2.321928094887362,1.0,low,5
pythia-70m,draw_1,A0.5,0,5,2.321928094887362,2.321928094887362,1.0,low,5
pythia-70m,draw_1,A0.6,0,6,2.321928094887362,2.321928094887362,1.0,low,5
pythia-70m,draw_1,A0.7,0,7,2.321928094887362,2.321928094887362,1.0,low,5
pythia-70m,draw_1,A1.0,1,0,1.0,2.321928094887362,0.43067655807339306,medium,2
pythia-70m,draw_1,A1.1,1,1,2.303701696057348,2.321928094887362,0.9921503172858166,control,20
pythia-70m,draw_1,A1.2,1,2,2.2597992234005675,2.321928094887362,0.9732425514710831,very_high,19
pythia-70m,draw_1,A1.3,1,3,2.313875597547823,2.321928094887362,0.9965319781619122,very_high,30
pythia-70m,draw_1,A1.4,1,4,0.0,2.321928094887362,0.0,,0
pythia-70m,draw_1,A1.5,1,5,1.584962500721156,2.321928094887362,0.6826061944859853,high,3
pythia-70m,draw_1,A1.6,1,6,2.197159723424149,2.321928094887362,0.9462651872218009,control,9
pythia-70m,draw_1,A1.7,1,7,1.584962500721156,2.321928094887362,0.6826061944859853,high,3
pythia-70m,draw_1,A2.0,2,0,1.9842010098207166,2.321928094887362,0.854548861435337,control,24
pythia-70m,draw_1,A2.1,2,1,2.2861743360962086,2.321928094887362,0.9846016942256396,control,26
pythia-70m,draw_1,A2.2,2,2,2.2983094013008034,2.321928094887362,0.9898279823399507,low,21
pythia-70m,draw_1,A2.3,2,3,2.2623147460276023,2.321928094887362,0.9743259280978502,control,28
pythia-70m,draw_1,A2.4,2,4,2.291311219434223,2.321928094887362,0.9868140294608803,very_high,37
pythia-70m,draw_1,A2.5,2,5,2.305958492868042,2.321928094887362,0.9931222667685172,low,14
pythia-70m,draw_1,A2.6,2,6,2.313100666415769,2.321928094887362,0.9961982334892152,very_high,44
pythia-70m,draw_1,A2.7,2,7,2.317100827280733,2.321928094887362,0.9979210090022779,low,46
pythia-70m,draw_1,A3.0,3,0,2.2766427101914957,2.321928094887362,0.9804966463881547,very_high,54
pythia-70m,draw_1,A3.1,3,1,2.3180407980601,2.321928094887362,0.9983258323822252,high,109
pythia-70m,draw_1,A3.2,3,2,2.197159723424149,2.321928094887362,0.9462651872218009,low,9
pythia-70m,draw_1,A3.3,3,3,2.3209194990354183,2.321928094887362,0.9995656214099977,medium,108
pythia-70m,draw_1,A3.4,3,4,2.306004990125901,2.321928094887362,0.9931422920474918,very_high,66
pythia-70m,draw_1,A3.5,3,5,2.3153185993564156,2.321928094887362,0.9971534452141304,control,69
pythia-70m,draw_1,A3.6,3,6,2.3162940105236784,2.321928094887362,0.9975735319383535,high,58
pythia-70m,draw_1,A3.7,3,7,1.8464393446710154,2.321928094887362,0.7952181416542045,control,10
pythia-70m,draw_1,A4.0,4,0,2.2516291673878226,2.321928094887362,0.9697238998682473,control,6
pythia-70m,draw_1,A4.1,4,1,0.8112781244591328,2.321928094887362,0.34939847028229715,very_high,8
pythia-70m,draw_1,A4.2,4,2,2.1633850947019644,2.321928094887362,0.9317192463735235,control,33
pythia-70m,draw_1,A4.3,4,3,0.0,2.321928094887362,0.0,,0
pythia-70m,draw_1,A4.4,4,4,1.7416838940090769,2.321928094887362,0.7501024247236936,medium,22
pythia-70m,draw_1,A4.5,4,5,1.3787834934861753,2.321928094887362,0.5938097293030346,low,7
pythia-70m,draw_1,A4.6,4,6,1.836591668108979,2.321928094887362,0.7909769782074465,medium,18
pythia-70m,draw_1,A4.7,4,7,2.3097661311006803,2.321928094887362,0.9947621272969386,control,70
pythia-70m,draw_1,A5.0,5,0,2.316333280562803,2.321928094887362,0.9975904446236391,medium,28
pythia-70m,draw_1,A5.1,5,1,2.2577560641285177,2.321928094887362,0.972362610668201,high,13
pythia-70m,draw_1,A5.2,5,2,2.1980854601465896,2.321928094887362,0.9466638803271036,control,34
pythia-70m,draw_1,A5.3,5,3,2.231271925293061,2.321928094887362,0.9609565129110085,high,37
pythia-70m,draw_1,A5.4,5,4,0.0,2.321928094887362,0.0,,0
pythia-70m,draw_1,A5.5,5,5,1.811278124459133,2.321928094887362,0.7800750283556903,very_high,8
pythia-70m,draw_1,A5.6,5,6,0.0,2.321928094887362,0.0,,0
pythia-70m,draw_1,A5.7,5,7,2.287984748160902,2.321928094887362,0.9853813962623563,medium,46
pythia-70m,draw_2,A0.0,0,0,2.321928094887362,2.321928094887362,1.0,low,5
pythia-70m,draw_2,A0.1,0,1,2.321928094887362,2.321928094887362,1.0,low,5
pythia-70m,draw_2,A0.2,0,2,2.321928094887362,2.321928094887362,1.0,low,5
pythia-70m,draw_2,A0.3,0,3,2.321928094887362,2.321928094887362,1.0,low,5
pythia-70m,draw_2,A0.4,0,4,2.321928094887362,2.321928094887362,1.0,low,5
pythia-70m,draw_2,A0.5,0,5,2.321928094887362,2.321928094887362,1.0,low,5
pythia-70m,draw_2,A0.6,0,6,2.321928094887362,2.321928094887362,1.0,low,5
pythia-70m,draw_2,A0.7,0,7,2.321928094887362,2.321928094887362,1.0,low,5
pythia-70m,draw_2,A1.0,1,0,1.0,2.321928094887362,0.43067655807339306,low,2
pythia-70m,draw_2,A1.1,1,1,2.2774058114255182,2.321928094887362,0.980825296201085,very_high,25
pythia-70m,draw_2,A1.2,1,2,2.2893965036461212,2.321928094887362,0.9859894062555719,very_high,24
pythia-70m,draw_2,A1.3,1,3,2.300022047976398,2.321928094887362,0.9905655791153918,high,29
pythia-70m,draw_2,A1.4,1,4,0.0,2.321928094887362,0.0,,0
pythia-70m,draw_2,A1.5,1,5,2.0,2.321928094887362,0.8613531161467861,low,4
pythia-70m,draw_2,A1.6,1,6,2.321928094887362,2.321928094887362,1.0,low,5
pythia-70m,draw_2,A1.7,1,7,0.9182958340544896,2.321928094887362,0.3954884891037233,high,3
pythia-70m,draw_2,A2.0,2,0,2.217021885879718,2.321928094887362,0.9548193549840598,very_high,14
pythia-70m,draw_2,A2.1,2,1,2.31030833266923,2.321928094887362,0.9949956408022635,very_high,25
pythia-70m,draw_2,A2.2,2,2,2.303701696057348,2.321928094887362,0.9921503172858166,high,20
pythia-70m,draw_2,A2.3,2,3,2.31030833266923,2.321928094887362,0.9949956408022635,control,25
pythia-70m,draw_2,A2.4,2,4,2.2658570316680584,2.321928094887362,0.9758515074851947,very_high,35
pythia-70m,draw_2,A2.5,2,5,2.1055872616982603,2.321928094887362,0.9068270745913876,low,15
pythia-70m,draw_2,A2.6,2,6,2.303990024745943,2.321928094887362,0.9922744936930145,very_high,45
pythia-70m,draw_2,A2.7,2,7,2.3106677999715277,2.321928094887362,0.9951504549427571,high,48
pythia-70m,draw_2,A3.0,3,0,2.3142187670144247,2.321928094887362,0.996679773206624,very_high,58
pythia-70m,draw_2,A3.1,3,1,2.3195401794781447,2.321928094887362,0.9989715808105878,high,110
pythia-70m,draw_2,A3.2,3,2,1.561278124459133,2.321928094887362,0.672405888837342,low,8
pythia-70m,draw_2,A3.3,3,3,2.3213317344544153,2.321928094887362,0.9997431615413673,high,110
pythia-70m,draw_2,A3.4,3,4,2.2761830067199815,2.321928094887362,0.9802986628793086,control,69
pythia-70m,draw_2,A3.5,3,5,2.3111192711932027,2.321928094887362,0.9953448930145773,very_high,67
pythia-70m,draw_2,A3.6,3,6,2.3161875070878604,2.321928094887362,0.9975276634051924,very_high,57
pythia-70m,draw_2,A3.7,3,7,2.1339375660949167,2.321928094887362,0.9190368861092725,control,13
pythia-70m,draw_2,A4.0,4,0,1.8464393446710154,2.321928094887362,0.7952181416542045,very_high,10
pythia-70m,draw_2,A4.1,4,1,1.0,2.321928094887362,0.43067655807339306,very_high,2
pythia-70m,draw_2,A4.2,4,2,1.9616751500478975,2.321928094887362,0.8448475016807354,control,31
pythia-70m,draw_2,A4.3,4,3,0.0,2.321928094887362,0.0,,0
pythia-70m,draw_2,A4.4,4,4,1.4932133643654213,2.321928094887362,0.6430919922340911,low,18
pythia-70m,draw_2,A4.5,4,5,1.8423709931771088,2.321928094887362,0.793465998035776,medium,7
pythia-70m,draw_2,A4.6,4,6,1.4854752972273344,2.321928094887362,0.6397593881129189,low,10
pythia-70m,draw_2,A4.7,4,7,2.2919529205066422,2.321928094887362,0.9870903950700618,control,64
pythia-70m,draw_2,A5.0,5,0,2.313875597547823,2.321928094887362,0.9965319781619122,high,30
pythia-70m,draw_2,A5.1,5,1,2.117492461184755,2.321928094887362,0.9119543649294083,low,12
pythia-70m,draw_2,A5.2,5,2,2.2907933211160745,2.321928094887362,0.986590982795788,very_high,36
pythia-70m,draw_2,A5.3,5,3,2.2163543593580317,2.321928094887362,0.9545318669592773,low,35
pythia-70m,draw_2,A5.4,5,4,0.0,2.321928094887362,0.0,,0
pythia-70m,draw_2,A5.5,5,5,1.3709505944546687,2.321928094887362,0.5904362833084089,very_high,5
pythia-70m,draw_2,A5.6,5,6,0.0,2.321928094887362,0.0,,0
pythia-70m,draw_2,A5.7,5,7,2.296590390453485,2.321928094887362,0.9890876446649367,control,43
pythia-70m,draw_3,A0.0,0,0,2.321928094887362,2.321928094887362,1.0,low,5
pythia-70m,draw_3,A0.1,0,1,2.321928094887362,2.321928094887362,1.0,low,5
pythia-70m,draw_3,A0.2,0,2,2.321928094887362,2.321928094887362,1.0,low,5
pythia-70m,draw_3,A0.3,0,3,2.321928094887362,2.321928094887362,1.0,low,5
pythia-70m,draw_3,A0.4,0,4,2.321928094887362,2.321928094887362,1.0,low,5
pythia-70m,draw_3,A0.5,0,5,2.321928094887362,2.321928094887362,1.0,low,5
pythia-70m,draw_3,A0.6,0,6,2.321928094887362,2.321928094887362,1.0,low,5
pythia-70m,draw_3,A0.7,0,7,2.321928094887362,2.321928094887362,1.0,low,5
pythia-70m,draw_3,A1.0,1,0,1.3709505944546687,2.321928094887362,0.5904362833084089,very_high,5
pythia-70m,draw_3,A1.1,1,1,2.259141984247902,2.321928094887362,0.972959493974982,control,22
pythia-70m,draw_3,A1.2,1,2,2.242572530766071,2.321928094887362,0.9658234187802699,very_high,22
pythia-70m,draw_3,A1.3,1,3,2.304552262405662,2.321928094887362,0.9925166362731214,high,31
pythia-70m,draw_3,A1.4,1,4,0.0,2.321928094887362,0.0,,0
pythia-70m,draw_3,A1.5,1,5,2.321928094887362,2.321928094887362,1.0,low,5
pythia-70m,draw_3,A1.6,1,6,2.321928094887362,2.321928094887362,1.0,low,5
pythia-70m,draw_3,A1.7,1,7,2.0,2.321928094887362,0.8613531161467861,low,4
pythia-70m,draw_3,A2.0,2,0,1.9527241956246546,2.321928094887362,0.8409925354382614,medium,20
pythia-70m,draw_3,A2.1,2,1,2.242572530766071,2.321928094887362,0.9658234187802699,very_high,22
pythia-70m,draw_3,A2.2,2,2,2.303701696057348,2.321928094887362,0.9921503172858166,control,20
pythia-70m,draw_3,A2.3,2,3,2.140532262662708,2.321928094887362,0.9218770673286272,high,28
pythia-70m,draw_3,A2.4,2,4,2.303248349330148,2.321928094887362,0.9919550714777322,high,36
pythia-70m,draw_3,A2.5,2,5,2.1492553971685,2.321928094887362,0.925633916873193,medium,15
pythia-70m,draw_3,A2.6,2,6,2.294004413982136,2.321928094887362,0.9879739252189974,high,42
pythia-70m,draw_3,A2.7,2,7,2.3183585188226514,2.321928094887362,0.9984626672666692,very_high,45
pythia-70m,draw_3,A3.0,3,0,2.2952142913196862,2.321928094887362,0.9884949910264246,very_high,57
pythia-70m,draw_3,A3.1,3,1,2.3204523121116054,2.321928094887362,0.9993644149536731,very_high,113
pythia-70m,draw_3,A3.2,3,2,1.3709505944546687,2.321928094887362,0.5904362833084089,medium,5
pythia-70m,draw_3,A3.3,3,3,2.317408598350907,2.321928094887362,0.9980535587874548,medium,103
pythia-70m,draw_3,A3.4,3,4,2.3104695004915214,2.321928094887362,0.9950650520052402,very_high,69
pythia-70m,draw_3,A3.5,3,5,2.3138238536701974,2.321928094887362,0.996509693286795,control,69
pythia-70m,draw_3,A3.6,3,6,2.3079988312917323,2.321928094887362,0.9940009926981371,control,63
pythia-70m,draw_3,A3.7,3,7,2.2062389286533897,2.321928094887362,0.9501753880799721,very_high,15
pythia-70m,draw_3,A4.0,4,0,1.9056390622295665,2.321928094887362,0.8207140722512383,control,8
pythia-70m,draw_3,A4.1,4,1,1.9219280948873623,2.321928094887362,0.8277293767706428,very_high,5
pythia-70m,draw_3,A4.2,4,2,2.194555180656724,2.321928094887362,0.9451434717073712,very_high,31
pythia-70m,draw_3,A4.3,4,3,-0.0,2.321928094887362,-0.0,control,1
pythia-70m,draw_3,A4.4,4,4,2.1473169397204104,2.321928094887362,0.924799068691478,low,24
pythia-70m,draw_3,A4.5,4,5,1.5,2.321928094887362,0.6460148371100897,low,4
pythia-70m,draw_3,A4.6,4,6,1.6402239289418519,2.321928094887362,0.7064059961862944,low,15
pythia-70m,draw_3,A4.7,4,7,2.3183275974482167,2.321928094887362,0.9984493501555568,control,72
pythia-70m,draw_3,A5.0,5,0,2.3052961878146676,2.321928094887362,0.9928370275077354,low,27
pythia-70m,draw_3,A5.1,5,1,2.1556390622295662,2.321928094887362,0.9283832117695864,low,8
pythia-70m,draw_3,A5.2,5,2,2.285770835910962,2.321928094887362,0.9844279161546757,high,36
pythia-70m,draw_3,A5.3,5,3,2.111160916358643,2.321928094887362,0.9092275169964109,medium,37
pythia-70m,draw_3,A5.4,5,4,0.0,2.321928094887362,0.0,,0
pythia-70m,draw_3,A5.5,5,5,1.5545851693377997,2.321928094887362,0.6695233899623465,control,12
pythia-70m,draw_3,A5.6,5,6,0.0,2.321928094887362,0.0,,0
pythia-70m,draw_3,A5.7,5,7,2.3104673089512584,2.321928094887362,0.9950641081602228,medium,46
pythia-160m,draw_1,A0.0,0,0,2.321928094887362,2.321928094887362,1.0,low,5
pythia-160m,draw_1,A0.1,0,1,1.0,2.321928094887362,0.43067655807339306,low,2
pythia-160m,draw_1,A0.2,0,2,2.321928094887362,2.321928094887362,1.0,low,5
pythia-160m,draw_1,A0.3,0,3,2.321928094887362,2.321928094887362,1.0,low,5
pythia-160m,draw_1,A0.4,0,4,2.321928094887362,2.321928094887362,1.0,low,5
pythia-160m,draw_1,A0.5,0,5,-0.0,2.321928094887362,-0.0,control,1
pythia-160m,draw_1,A0.6,0,6,2.0,2.321928094887362,0.8613531161467861,medium,4
pythia-160m,draw_1,A0.7,0,7,2.321928094887362,2.321928094887362,1.0,low,5
pythia-160m,draw_1,A0.8,0,8,2.321928094887362,2.321928094887362,1.0,low,5
pythia-160m,draw_1,A0.9,0,9,-0.0,2.321928094887362,-0.0,control,1
pythia-160m,draw_1,A0.10,0,10,1.0,2.321928094887362,0.43067655807339306,medium,2
pythia-160m,draw_1,A0.11,0,11,0.0,2.321928094887362,0.0,,0
pythia-160m,draw_1,A1.0,1,0,1.584962500721156,2.321928094887362,0.6826061944859853,low,3
pythia-160m,draw_1,A1.1,1,1,2.2464393446710154,2.321928094887362,0.9674887648835616,very_high,10
pythia-160m,draw_1,A1.2,1,2,2.197159723424149,2.321928094887362,0.9462651872218009,very_high,9
pythia-160m,draw_1,A1.3,1,3,1.0,2.321928094887362,0.43067655807339306,medium,2
pythia-160m,draw_1,A1.4,1,4,0.0,2.321928094887362,0.0,,0
pythia-160m,draw_1,A1.5,1,5,1.5,2.321928094887362,0.6460148371100897,high,4
pythia-160m,draw_1,A1.6,1,6,2.2516291673878226,2.321928094887362,0.9697238998682473,control,6
pythia-160m,draw_1,A1.7,1,7,-0.0,2.321928094887362,-0.0,control,1
pythia-160m,draw_1,A1.8,1,8,0.0,2.321928094887362,0.0,,0
pythia-160m,draw_1,A1.9,1,9,0.0,2.321928094887362,0.0,,0
pythia-160m,draw_1,A1.10,1,10,2.2844763510411217,2.321928094887362,0.9838704118664547,medium,21
pythia-160m,draw_1,A1.11,1,11,1.0,2.321928094887362,0.43067655807339306,medium,2
pythia-160m,draw_1,A2.0,2,0,1.0,2.321928094887362,0.43067655807339306,low,2
pythia-160m,draw_1,A2.1,2,1,-0.0,2.321928094887362,-0.0,very_high,1
pythia-160m,draw_1,A2.2,2,2,0.0,2.321928094887362,0.0,,0
pythia-160m,draw_1,A2.3,2,3,1.950212064914747,2.321928094887362,0.8399106196306879,low,7
pythia-160m,draw_1,A2.4,2,4,2.0,2.321928094887362,0.8613531161467861,low,4
pythia-160m,draw_1,A2.5,2,5,0.0,2.321928094887362,0.0,,0
pythia-160m,draw_1,A2.6,2,6,2.2724994555866935,2.321928094887362,0.9787122437557367,medium,23
pythia-160m,draw_1,A2.7,2,7,1.584962500721156,2.321928094887362,0.6826061944859853,low,3
pythia-160m,draw_1,A2.8,2,8,2.20237633194961,2.321928094887362,0.9485118582263627,very_high,30
pythia-160m,draw_1,A2.9,2,9,1.5,2.321928094887362,0.6460148371100897,very_high,4
pythia-160m,draw_1,A2.10,2,10,1.0,2.321928094887362,0.43067655807339306,medium,2
pythia-160m,draw_1,A2.11,2,11,2.197159723424149,2.321928094887362,0.9462651872218009,control,9
pythia-160m,draw_1,A3.0,3,0,2.2890255736436504,2.321928094887362,0.9858296553988215,control,25
pythia-160m,draw_1,A3.1,3,1,2.2322628970242686,2.321928094887362,0.9613833012053531,control,15
pythia-160m,draw_1,A3.2,3,2,2.31019159868833,2.321928094887362,0.9949453662131594,medium,32
pythia-160m,draw_1,A3.3,3,3,2.297330817147107,2.321928094887362,0.9894065290848516,control,28
pythia-160m,draw_1,A3.4,3,4,2.2670922798659787,2.321928094887362,0.9763834999274413,very_high,31
pythia-160m,draw_1,A3.5,3,5,-0.0,2.321928094887362,-0.0,very_high,2
pythia-160m,draw_1,A3.6,3,6,2.2359263506290326,2.321928094887362,0.9629610647945144,medium,7
pythia-160m,draw_1,A3.7,3,7,2.0,2.321928094887362,0.8613531161467861,low,4
pythia-160m,draw_1,A3.8,3,8,2.31122342677729,2.321928094887362,0.9953897503830361,low,31
pythia-160m,draw_1,A3.9,3,9,2.121928094887362,2.321928094887362,0.9138646883853213,very_high,10
pythia-160m,draw_1,A3.10,3,10,2.2516291673878226,2.321928094887362,0.9697238998682473,low,6
pythia-160m,draw_1,A3.11,3,11,0.0,2.321928094887362,0.0,,0
pythia-160m,draw_1,A4.0,4,0,1.974937501201927,2.321928094887362,0.8505592854277135,low,9
pythia-160m,draw_1,A4.1,4,1,2.2464393446710154,2.321928094887362,0.9674887648835616,low,10
pythia-160m,draw_1,A4.2,4,2,2.197159723424149,2.321928094887362,0.9462651872218009,low,9
pythia-160m,draw_1,A4.3,4,3,-0.0,2.321928094887362,-0.0,very_high,1
pythia-160m,draw_1,A4.4,4,4,2.2998963911678914,2.321928094887362,0.9905114616736055,control,11
pythia-160m,draw_1,A4.5,4,5,2.2416778774908437,2.321928094887362,0.9654381125870258,low,24
pythia-160m,draw_1,A4.6,4,6,2.3129350396193686,2.321928094887362,0.9961269019106167,low,50
pythia-160m,draw_1,A4.7,4,7,1.7273966735744795,2.321928094887362,0.7439492538024853,low,14
pythia-160m,draw_1,A4.8,4,8,2.2412789003170333,2.321928094887362,0.9652662824710594,very_high,41
pythia-160m,draw_1,A4.9,4,9,1.9735561123277503,2.321928094887362,0.8499643536220223,low,21
pythia-160m,draw_1,A4.10,4,10,2.31706941905823,2.321928094887362,0.9979074822171149,very_high,130
pythia-160m,draw_1,A4.11,4,11,2.3026163999817846,2.321928094887362,0.9916829057075024,low,49
pythia-160m,draw_1,A5.0,5,0,2.3189981496199885,2.321928094887362,0.9987381412569041,control,207
pythia-160m,draw_1,A5.1,5,1,2.315491661601367,2.321928094887362,0.9972279790661187,very_high,100
pythia-160m,draw_1,A5.2,5,2,2.057924310831006,2.321928094887362,0.8862997589642573,low,18
pythia-160m,draw_1,A5.3,5,3,1.5219280948873621,2.321928094887362,0.6554587535412855,low,5
pythia-160m,draw_1,A5.4,5,4,1.9709505944546688,2.321928094887362,0.8488422181524448,low,10
pythia-160m,draw_1,A5.5,5,5,2.3071885761626683,2.321928094887362,0.9936520348079905,medium,17
pythia-160m,draw_1,A5.6,5,6,2.3115999190010483,2.321928094887362,0.9955518967581057,low,169
pythia-160m,draw_1,A5.7,5,7,2.2541399442422336,2.321928094887362,0.9708052326019954,control,79
pythia-160m,draw_1,A5.8,5,8,2.230139059170444,2.321928094887362,0.9604686140285619,very_high,36
pythia-160m,draw_1,A5.9,5,9,0.0,2.321928094887362,0.0,,0
pythia-160m,draw_1,A5.10,5,10,2.3005930253749987,2.321928094887362,0.9908114856961587,low,102
pythia-160m,draw_1,A5.11,5,11,2.1799926534086667,2.321928094887362,0.9388717325953279,low,37
pythia-160m,draw_1,A6.0,6,0,0.6500224216483541,2.321928094887362,0.279949419226045,very_high,6
pythia-160m,draw_1,A6.1,6,1,2.2335169794023564,2.321928094887362,0.9619234050874884,high,23
pythia-160m,draw_1,A6.2,6,2,2.2405330040422813,2.321928094887362,0.9649450424307694,high,18
pythia-160m,draw_1,A6.3,6,3,2.307985545300162,2.321928094887362,0.993995270733017,high,92
pythia-160m,draw_1,A6.4,6,4,2.0464393446710156,2.321928094887362,0.8813534532688831,control,10
pythia-160m,draw_1,A6.5,6,5,2.1858797349817602,2.321928094887362,0.9414071606243252,low,40
pythia-160m,draw_1,A6.6,6,6,2.308976066956565,2.321928094887362,0.9944218651906939,low,76
pythia-160m,draw_1,A6.7,6,7,2.2536434973575568,2.321928094887362,0.9705914245664364,low,29
pythia-160m,draw_1,A6.8,6,8,2.2444745298554536,2.321928094887362,0.9666425652015439,high,22
pythia-160m,draw_1,A6.9,6,9,0.0,2.321928094887362,0.0,,0
pythia-160m,draw_1,A6.10,6,10,2.199687794731328,2.321928094887362,0.9473539682709406,very_high,13
pythia-160m,draw_1,A6.11,6,11,2.310295088399304,2.321928094887362,0.9949899368056776,medium,141
pythia-160m,draw_1,A7.0,7,0,1.0,2.321928094887362,0.43067655807339306,high,2
pythia-160m,draw_1,A7.1,7,1,-0.0,2.321928094887362,-0.0,high,2
pythia-160m,draw_1,A7.2,7,2,1.8910611120726526,2.321928094887362,0.8144356908538931,medium,9
pythia-160m,draw_1,A7.3,7,3,2.280260717316012,2.321928094887362,0.9820548372436264,medium,47
pythia-160m,draw_1,A7.4,7,4,2.184159712925868,2.321928094887362,0.9406663874454831,medium,49
pythia-160m,draw_1,A7.5,7,5,0.0,2.321928094887362,0.0,,0
pythia-160m,draw_1,A7.6,7,6,0.0,2.321928094887362,0.0,,0
pythia-160m,draw_1,A7.7,7,7,2.3140710026761364,2.321928094887362,0.996616134570004,high,104
pythia-160m,draw_1,A7.8,7,8,2.312372388768826,2.321928094887362,0.9958845813789079,medium,89
pythia-160m,draw_1,A7.9,7,9,0.0,2.321928094887362,0.0,,0
pythia-160m,draw_1,A7.10,7,10,0.0,2.321928094887362,0.0,,0
pythia-160m,draw_1,A7.11,7,11,2.2628357227172264,2.321928094887362,0.974550300545374,very_high,72
pythia-160m,draw_1,A8.0,8,0,2.1820058147602133,2.321928094887362,0.9397387539970584,medium,14
pythia-160m,draw_1,A8.1,8,1,1.5394910703001345,2.321928094887362,0.663022715341586,low,20
pythia-160m,draw_1,A8.2,8,2,2.2891254154774563,2.321928094887362,0.9858726549361567,low,137
pythia-160m,draw_1,A8.3,8,3,1.9709505944546686,2.321928094887362,0.8488422181524446,medium,10
pythia-160m,draw_1,A8.4,8,4,2.294765505940015,2.321928094887362,0.9883017096837942,medium,34
pythia-160m,draw_1,A8.5,8,5,0.0,2.321928094887362,0.0,,0
pythia-160m,draw_1,A8.6,8,6,0.0,2.321928094887362,0.0,,0
pythia-160m,draw_1,A8.7,8,7,2.3003555444884385,2.321928094887362,0.9907092082453267,high,47
pythia-160m,draw_1,A8.8,8,8,2.1897825905652786,2.321928094887362,0.9430880290336924,low,65
pythia-160m,draw_1,A8.9,8,9,-0.0,2.321928094887362,-0.0,very_high,2
pythia-160m,draw_1,A8.10,8,10,2.007744813788436,2.321928094887362,0.8646886258921092,low,74
pythia-160m,draw_1,A8.11,8,11,2.3154656757394356,2.321928094887362,0.9972167875645433,very_high,167
pythia-160m,draw_1,A9.0,9,0,1.4056390622295665,2.321928094887362,0.6053757932145417,high,8
pythia-160m,draw_1,A9.1,9,1,1.6691803368667308,2.321928094887362,0.7188768422855504,low,13
pythia-160m,draw_1,A9.2,9,2,2.241429344856353,2.321928094887362,0.9653310754074345,very_high,104
pythia-160m,draw_1,A9.3,9,3,2.243735757336199,2.321928094887362,0.9663243931957521,very_high,26
pythia-160m,draw_1,A9.4,9,4,1.1238561897747246,2.321928094887362,0.4840185155816564,low,25
pythia-160m,draw_1,A9.5,9,5,2.3071885761626687,2.321928094887362,0.9936520348079907,high,17
pythia-160m,draw_1,A9.6,9,6,2.3009718719343017,2.321928094887362,0.9909746460283573,low,77
pythia-160m,draw_1,A9.7,9,7,2.3094015337801608,2.321928094887362,0.9946051037778545,low,115
pythia-160m,draw_1,A9.8,9,8,2.2666261141651316,2.321928094887362,0.9761827332879086,medium,123
pythia-160m,draw_1,A9.9,9,9,2.3091237894880163,2.321928094887362,0.9944854858220892,medium,122
pythia-160m,draw_1,A9.10,9,10,0.0,2.321928094887362,0.0,,0
pythia-160m,draw_1,A9.11,9,11,0.0,2.321928094887362,0.0,,0
pythia-160m,draw_1,A10.0,10,0,1.5,2.321928094887362,0.6460148371100897,control,4
pythia-160m,draw_1,A10.1,10,1,1.8066963127247566,2.321928094887362,0.7781017494481888,medium,65
pythia-160m,draw_1,A10.2,10,2,0.0,2.321928094887362,0.0,,0
pythia-160m,draw_1,A10.3,10,3,0.0,2.321928094887362,0.0,,0
pythia-160m,draw_1,A10.4,10,4,0.0,2.321928094887362,0.0,,0
pythia-160m,draw_1,A10.5,10,5,2.1556390622295662,2.321928094887362,0.9283832117695864,medium,16
pythia-160m,draw_1,A10.6,10,6,2.2737566305744563,2.321928094887362,0.9792536795523624,control,104
pythia-160m,draw_1,A10.7,10,7,1.5546097612655667,2.321928094887362,0.6695339811291536,medium,15
pythia-160m,draw_1,A10.8,10,8,1.9141701112307734,2.321928094887362,0.8243881950718335,control,23
pythia-160m,draw_1,A10.9,10,9,2.1492799881316267,2.321928094887362,0.9256445076245521,very_high,19
pythia-160m,draw_1,A10.10,10,10,1.3143204867061788,2.321928094887362,0.5660470234199639,low,13
pythia-160m,draw_1,A10.11,10,11,1.5229571181374095,2.321928094887362,0.6559019297327934,medium,19
pythia-160m,draw_1,A11.0,11,0,2.2810361125534238,2.321928094887362,0.9823887817956214,low,9
pythia-160m,draw_1,A11.1,11,1,0.0,2.321928094887362,0.0,,0
pythia-160m,draw_1,A11.2,11,2,0.0,2.321928094887362,0.0,,0
pythia-160m,draw_1,A11.3,11,3,0.0,2.321928094887362,0.0,,0
pythia-160m,draw_1,A11.4,11,4,-0.0,2.321928094887362,-0.0,high,1
pythia-160m,draw_1,A11.5,11,5,1.0,2.321928094887362,0.43067655807339306,low,2
pythia-160m,draw_1,A11.6,11,6,1.5219280948873621,2.321928094887362,0.6554587535412855,medium,5
pythia-160m,draw_1,A11.7,11,7,1.9219280948873623,2.321928094887362,0.8277293767706428,very_high,5
pythia-160m,draw_1,A11.8,11,8,2.256908989558354,2.321928094887362,0.9719977955078913,high,17
pythia-160m,draw_1,A11.9,11,9,0.9182958340544896,2.321928094887362,0.3954884891037233,medium,3
pythia-160m,draw_1,A11.10,11,10,-0.0,2.321928094887362,-0.0,low,3
pythia-160m,draw_1,A11.11,11,11,2.2667574842042293,2.321928094887362,0.9762393112841812,control,22
pythia-160m,draw_2,A0.0,0,0,2.321928094887362,2.321928094887362,1.0,low,5
pythia-160m,draw_2,A0.1,0,1,1.0,2.321928094887362,0.43067655807339306,high,2
pythia-160m,draw_2,A0.2,0,2,2.321928094887362,2.321928094887362,1.0,low,5
pythia-160m,draw_2,A0.3,0,3,2.321928094887362,2.321928094887362,1.0,low,5
pythia-160m,draw_2,A0.4,0,4,2.321928094887362,2.321928094887362,1.0,low,5
pythia-160m,draw_2,A0.5,0,5,1.0,2.321928094887362,0.43067655807339306,very_high,2
pythia-160m,draw_2,A0.6,0,6,2.0,2.321928094887362,0.8613531161467861,low,4
pythia-160m,draw_2,A0.7,0,7,2.321928094887362,2.321928094887362,1.0,low,5
pythia-160m,draw_2,A0.8,0,8,2.321928094887362,2.321928094887362,1.0,low,5
pythia-160m,draw_2,A0.9,0,9,1.584962500721156,2.321928094887362,0.6826061944859853,high,3
pythia-160m,draw_2,A0.10,0,10,1.584962500721156,2.321928094887362,0.6826061944859853,medium,3
pythia-160m,draw_2,A0.11,0,11,0.0,2.321928094887362,0.0,,0
pythia-160m,draw_2,A1.0,1,0,0.0,2.321928094887362,0.0,,0
pythia-160m,draw_2,A1.1,1,1,1.5,2.321928094887362,0.6460148371100897,control,4
pythia-160m,draw_2,A1.2,1,2,2.256564762130954,2.321928094887362,0.9718495448242642,high,15
pythia-160m,draw_2,A1.3,1,3,1.5,2.321928094887362,0.6460148371100897,very_high,4
pythia-160m,draw_2,A1.4,1,4,0.0,2.321928094887362,0.0,,0
pythia-160m,draw_2,A1.5,1,5,0.9182958340544896,2.321928094887362,0.3954884891037233,low,3
pythia-160m,draw_2,A1.6,1,6,2.1180782093497093,2.321928094887362,0.9122066329329885,low,11
pythia-160m,draw_2,A1.7,1,7,2.25,2.321928094887362,0.9690222556651344,high,8
pythia-160m,draw_2,A1.8,1,8,-0.0,2.321928094887362,-0.0,control,1
pythia-160m,draw_2,A1.9,1,9,0.0,2.321928094887362,0.0,,0
pythia-160m,draw_2,A1.10,1,10,2.285129631910751,2.321928094887362,0.9841517646228418,low,23
pythia-160m,draw_2,A1.11,1,11,-0.0,2.321928094887362,-0.0,control,1
pythia-160m,draw_2,A2.0,2,0,-0.0,2.321928094887362,-0.0,high,1
pythia-160m,draw_2,A2.1,2,1,0.0,2.321928094887362,0.0,,0
pythia-160m,draw_2,A2.2,2,2,0.0,2.321928094887362,0.0,,0
pythia-160m,draw_2,A2.3,2,3,2.2359263506290326,2.321928094887362,0.9629610647945144,medium,7
pythia-160m,draw_2,A2.4,2,4,1.5,2.321928094887362,0.6460148371100897,control,4
pythia-160m,draw_2,A2.5,2,5,-0.0,2.321928094887362,-0.0,low,1
pythia-160m,draw_2,A2.6,2,6,2.303701696057348,2.321928094887362,0.9921503172858166,very_high,20
pythia-160m,draw_2,A2.7,2,7,1.5219280948873621,2.321928094887362,0.6554587535412855,low,5
pythia-160m,draw_2,A2.8,2,8,2.308316367625863,2.321928094887362,0.9941377481535838,medium,37
pythia-160m,draw_2,A2.9,2,9,-0.0,2.321928094887362,-0.0,control,1
pythia-160m,draw_2,A2.10,2,10,2.2516291673878226,2.321928094887362,0.9697238998682473,control,6
pythia-160m,draw_2,A2.11,2,11,2.251629167387823,2.321928094887362,0.9697238998682475,very_high,6
pythia-160m,draw_2,A3.0,3,0,2.31030833266923,2.321928094887362,0.9949956408022635,high,25
pythia-160m,draw_2,A3.1,3,1,2.224394445405986,2.321928094887362,0.9579945435450241,high,18
pythia-160m,draw_2,A3.2,3,2,2.2813172094432983,2.321928094887362,0.9825098436366377,very_high,28
pythia-160m,draw_2,A3.3,3,3,2.2916918783148064,2.321928094887362,0.98697797031737,high,29
pythia-160m,draw_2,A3.4,3,4,2.234920834855774,2.321928094887362,0.9625280127221989,medium,27
pythia-160m,draw_2,A3.5,3,5,-0.0,2.321928094887362,-0.0,control,1
pythia-160m,draw_2,A3.6,3,6,2.25,2.321928094887362,0.9690222556651344,high,8
pythia-160m,draw_2,A3.7,3,7,1.5566567074628228,2.321928094887362,0.6704155528719493,medium,7
pythia-160m,draw_2,A3.8,3,8,2.28332867551293,2.321928094887362,0.9833761349201882,low,42
pythia-160m,draw_2,A3.9,3,9,1.75,2.321928094887362,0.7536839766284379,control,8
pythia-160m,draw_2,A3.10,3,10,1.5,2.321928094887362,0.6460148371100897,very_high,4
pythia-160m,draw_2,A3.11,3,11,0.0,2.321928094887362,0.0,,0
pythia-160m,draw_2,A4.0,4,0,2.270942421748537,2.321928094887362,0.9780416657815159,very_high,14
pythia-160m,draw_2,A4.1,4,1,2.113283334294875,2.321928094887362,0.9101415926479804,medium,9
pythia-160m,draw_2,A4.2,4,2,2.256908989558354,2.321928094887362,0.9719977955078913,low,17
pythia-160m,draw_2,A4.3,4,3,1.0,2.321928094887362,0.43067655807339306,low,2
pythia-160m,draw_2,A4.4,4,4,1.664497779200461,2.321928094887362,0.7168601744668611,control,7
pythia-160m,draw_2,A4.5,4,5,2.31122342677729,2.321928094887362,0.9953897503830361,high,31
pythia-160m,draw_2,A4.6,4,6,2.3144733002043685,2.321928094887362,0.9967893946847844,medium,49
pythia-160m,draw_2,A4.7,4,7,2.3077056048418685,2.321928094887362,0.9938747069399737,high,28
pythia-160m,draw_2,A4.8,4,8,2.303990024745943,2.321928094887362,0.9922744936930145,very_high,45
pythia-160m,draw_2,A4.9,4,9,1.836591668108979,2.321928094887362,0.7909769782074465,low,18
pythia-160m,draw_2,A4.10,4,10,2.301600565820091,2.321928094887362,0.9912454097471708,very_high,137
pythia-160m,draw_2,A4.11,4,11,2.2998240512418904,2.321928094887362,0.9904803065632641,low,55
pythia-160m,draw_2,A5.0,5,0,2.3202530267251573,2.321928094887362,0.9992785874093633,medium,202
pythia-160m,draw_2,A5.1,5,1,2.314732367988199,2.321928094887362,0.9969009691062322,low,85
pythia-160m,draw_2,A5.2,5,2,2.2492870686521598,2.321928094887362,0.968715212846104,low,19
pythia-160m,draw_2,A5.3,5,3,1.0,2.321928094887362,0.43067655807339306,medium,2
pythia-160m,draw_2,A5.4,5,4,1.4488156357251847,2.321928094887362,0.6239709312770374,very_high,7
pythia-160m,draw_2,A5.5,5,5,1.965596230357602,2.321928094887362,0.8465362190524484,medium,15
pythia-160m,draw_2,A5.6,5,6,2.2921519564236132,2.321928094887362,0.9871761151737158,low,167
pythia-160m,draw_2,A5.7,5,7,2.307781232885867,2.321928094887362,0.9939072781656567,low,65
pythia-160m,draw_2,A5.8,5,8,2.2873887470624528,2.321928094887362,0.9851247125606682,control,31
pythia-160m,draw_2,A5.9,5,9,0.0,2.321928094887362,0.0,,0
pythia-160m,draw_2,A5.10,5,10,2.3179162004860157,2.321928094887362,0.9982721711278741,control,114
pythia-160m,draw_2,A5.11,5,11,2.2183076860588136,2.321928094887362,0.9553731189795629,medium,40
pythia-160m,draw_2,A6.0,6,0,1.4854752972273344,2.321928094887362,0.6397593881129189,control,10
pythia-160m,draw_2,A6.1,6,1,2.199079570624175,2.321928094887362,0.9470920204059348,high,25
pythia-160m,draw_2,A6.2,6,2,2.004886164091843,2.321928094887362,0.863457472480043,low,22
pythia-160m,draw_2,A6.3,6,3,2.301695688779591,2.321928094887362,0.9912863769759621,high,90
pythia-160m,draw_2,A6.4,6,4,1.2516291673878228,2.321928094887362,0.5390473417948543,very_high,6
pythia-160m,draw_2,A6.5,6,5,2.2235896541594986,2.321928094887362,0.9576479388210194,control,42
pythia-160m,draw_2,A6.6,6,6,2.2773187741797685,2.321928094887362,0.9807878112996614,low,68
pythia-160m,draw_2,A6.7,6,7,2.2564438107590803,2.321928094887362,0.9717974539037314,medium,40
pythia-160m,draw_2,A6.8,6,8,2.296537934880533,2.321928094887362,0.989065053279326,control,36
pythia-160m,draw_2,A6.9,6,9,0.0,2.321928094887362,0.0,,0
pythia-160m,draw_2,A6.10,6,10,2.201609497059027,2.321928094887362,0.9481816004150758,high,20
pythia-160m,draw_2,A6.11,6,11,2.3092948740279082,2.321928094887362,0.9945591679228694,medium,179
pythia-160m,draw_2,A7.0,7,0,1.4591479170272448,2.321928094887362,0.6284208026252547,high,6
pythia-160m,draw_2,A7.1,7,1,0.0,2.321928094887362,0.0,,0
pythia-160m,draw_2,A7.2,7,2,1.561278124459133,2.321928094887362,0.672405888837342,low,8
pythia-160m,draw_2,A7.3,7,3,2.248062869861211,2.321928094887362,0.9681879791244206,low,44
pythia-160m,draw_2,A7.4,7,4,2.144536710857392,2.321928094887362,0.923601689294097,medium,52
pythia-160m,draw_2,A7.5,7,5,0.0,2.321928094887362,0.0,,0
pythia-160m,draw_2,A7.6,7,6,0.0,2.321928094887362,0.0,,0
pythia-160m,draw_2,A7.7,7,7,2.2997570085711594,2.321928094887362,0.9904514328565897,medium,100
pythia-160m,draw_2,A7.8,7,8,2.3060033037954457,2.321928094887362,0.9931415657844956,medium,86
pythia-160m,draw_2,A7.9,7,9,-0.0,2.321928094887362,-0.0,very_high,1
pythia-160m,draw_2,A7.10,7,10,0.0,2.321928094887362,0.0,,0
pythia-160m,draw_2,A7.11,7,11,2.2948970774018753,2.321928094887362,0.9883583744281288,high,81
pythia-160m,draw_2,A8.0,8,0,1.7609640474436812,2.321928094887362,0.7584059348440358,high,10
pythia-160m,draw_2,A8.1,8,1,1.8512268158971916,2.321928094887362,0.7972799932837694,medium,17
pythia-160m,draw_2,A8.2,8,2,2.3062391927110437,2.321928094887362,0.993243157610753,low,134
pythia-160m,draw_2,A8.3,8,3,2.161978179679554,2.321928094887362,0.93111332105417,low,13
pythia-160m,draw_2,A8.4,8,4,2.215356348561749,2.321928094887362,0.9541020471046142,very_high,33
pythia-160m,draw_2,A8.5,8,5,0.0,2.321928094887362,0.0,,0
pythia-160m,draw_2,A8.6,8,6,0.0,2.321928094887362,0.0,,0
pythia-160m,draw_2,A8.7,8,7,2.2616334284675306,2.321928094887362,0.9740325005961236,low,34
pythia-160m,draw_2,A8.8,8,8,2.2330668508623472,2.321928094887362,0.9617295452771867,low,55
pythia-160m,draw_2,A8.9,8,9,0.0,2.321928094887362,0.0,,0
pythia-160m,draw_2,A8.10,8,10,2.0282300785934266,2.321928094887362,0.8735111492295445,low,75
pythia-160m,draw_2,A8.11,8,11,2.3174218180906316,2.321928094887362,0.9980592522194581,high,174
pythia-160m,draw_2,A9.0,9,0,1.5219280948873621,2.321928094887362,0.6554587535412855,medium,5
pythia-160m,draw_2,A9.1,9,1,1.8016366412706075,2.321928094887362,0.7759226675613337,medium,18
pythia-160m,draw_2,A9.2,9,2,2.2671520649701944,2.321928094887362,0.976409247970349,very_high,128
pythia-160m,draw_2,A9.3,9,3,2.285129631910751,2.321928094887362,0.9841517646228418,medium,23
pythia-160m,draw_2,A9.4,9,4,1.3437884540090375,2.321928094887362,0.5787381861513783,low,35
pythia-160m,draw_2,A9.5,9,5,1.8843135277997989,2.321928094887362,0.8115296644839503,high,13
pythia-160m,draw_2,A9.6,9,6,2.156169049731663,2.321928094887362,0.9286114649628113,control,84
pythia-160m,draw_2,A9.7,9,7,2.2833928514479163,2.321928094887362,0.9834037739909791,medium,120
pythia-160m,draw_2,A9.8,9,8,2.2695807271434116,2.321928094887362,0.9774552158358332,medium,122
pythia-160m,draw_2,A9.9,9,9,2.3118888056891884,2.321928094887362,0.9956763134826271,medium,126
pythia-160m,draw_2,A9.10,9,10,0.0,2.321928094887362,0.0,,0
pythia-160m,draw_2,A9.11,9,11,0.0,2.321928094887362,0.0,,0
pythia-160m,draw_2,A10.0,10,0,-0.0,2.321928094887362,-0.0,very_high,9
pythia-160m,draw_2,A10.1,10,1,1.7509864631059893,2.321928094887362,0.7541088231635917,low,70
pythia-160m,draw_2,A10.2,10,2,0.0,2.321928094887362,0.0,,0
pythia-160m,draw_2,A10.3,10,3,0.0,2.321928094887362,0.0,,0
pythia-160m,draw_2,A10.4,10,4,0.0,2.321928094887362,0.0,,0
pythia-160m,draw_2,A10.5,10,5,1.9877733714879842,2.321928094887362,0.8560873938623892,control,13
pythia-160m,draw_2,A10.6,10,6,2.2478590313923785,2.321928094887362,0.9681001906742608,high,87
pythia-160m,draw_2,A10.7,10,7,0.9709505944546686,2.321928094887362,0.4181656600790516,medium,15
pythia-160m,draw_2,A10.8,10,8,2.1230741894285696,2.321928094887362,0.9143582844375553,medium,25
pythia-160m,draw_2,A10.9,10,9,2.1718797807268224,2.321928094887362,0.9353777085126236,very_high,21
pythia-160m,draw_2,A10.10,10,10,1.79436910385194,2.321928094887362,0.7727927095601923,low,40
pythia-160m,draw_2,A10.11,10,11,2.093165418138664,2.321928094887362,0.9014772777622144,high,22
pythia-160m,draw_2,A11.0,11,0,2.256564762130954,2.321928094887362,0.9718495448242642,low,15
pythia-160m,draw_2,A11.1,11,1,0.0,2.321928094887362,0.0,,0
pythia-160m,draw_2,A11.2,11,2,1.0,2.321928094887362,0.43067655807339306,medium,2
pythia-160m,draw_2,A11.3,11,3,0.0,2.321928094887362,0.0,,0
pythia-160m,draw_2,A11.4,11,4,-0.0,2.321928094887362,-0.0,control,1
pythia-160m,draw_2,A11.5,11,5,1.0,2.321928094887362,0.43067655807339306,low,2
pythia-160m,draw_2,A11.6,11,6,1.5219280948873621,2.321928094887362,0.6554587535412855,low,5
pythia-160m,draw_2,A11.7,11,7,1.5219280948873621,2.321928094887362,0.6554587535412855,medium,5
pythia-160m,draw_2,A11.8,11,8,2.1559681021459083,2.321928094887362,0.9285249215482253,very_high,14
pythia-160m,draw_2,A11.9,11,9,0.0,2.321928094887362,0.0,,0
pythia-160m,draw_2,A11.10,11,10,-0.0,2.321928094887362,-0.0,low,4
pythia-160m,draw_2,A11.11,11,11,2.2607845582978525,2.321928094887362,0.9736669121131954,medium,18
pythia-160m,draw_3,A0.0,0,0,2.321928094887362,2.321928094887362,1.0,low,5
pythia-160m,draw_3,A0.1,0,1,0.0,2.321928094887362,0.0,,0
pythia-160m,draw_3,A0.2,0,2,2.321928094887362,2.321928094887362,1.0,low,5
pythia-160m,draw_3,A0.3,0,3,2.321928094887362,2.321928094887362,1.0,low,5
pythia-160m,draw_3,A0.4,0,4,2.321928094887362,2.321928094887362,1.0,low,5
pythia-160m,draw_3,A0.5,0,5,1.0,2.321928094887362,0.43067655807339306,very_high,2
pythia-160m,draw_3,A0.6,0,6,2.0,2.321928094887362,0.8613531161467861,low,4
pythia-160m,draw_3,A0.7,0,7,2.321928094887362,2.321928094887362,1.0,low,5
pythia-160m,draw_3,A0.8,0,8,2.321928094887362,2.321928094887362,1.0,low,5
pythia-160m,draw_3,A0.9,0,9,1.0,2.321928094887362,0.43067655807339306,low,2
pythia-160m,draw_3,A0.10,0,10,1.0,2.321928094887362,0.43067655807339306,very_high,2
pythia-160m,draw_3,A0.11,0,11,0.0,2.321928094887362,0.0,,0
pythia-160m,draw_3,A1.0,1,0,1.0,2.321928094887362,0.43067655807339306,low,2
pythia-160m,draw_3,A1.1,1,1,1.9182958340544893,2.321928094887362,0.8261650471771163,high,6
pythia-160m,draw_3,A1.2,1,2,2.2464393446710154,2.321928094887362,0.9674887648835616,very_high,10
pythia-160m,draw_3,A1.3,1,3,-0.0,2.321928094887362,-0.0,high,1
pythia-160m,draw_3,A1.4,1,4,0.0,2.321928094887362,0.0,,0
pythia-160m,draw_3,A1.5,1,5,0.0,2.321928094887362,0.0,,0
pythia-160m,draw_3,A1.6,1,6,1.9219280948873623,2.321928094887362,0.8277293767706428,high,5
pythia-160m,draw_3,A1.7,1,7,2.251629167387823,2.321928094887362,0.9697238998682475,very_high,6
pythia-160m,draw_3,A1.8,1,8,0.9182958340544896,2.321928094887362,0.3954884891037233,very_high,3
pythia-160m,draw_3,A1.9,1,9,0.0,2.321928094887362,0.0,,0
pythia-160m,draw_3,A1.10,1,10,2.25,2.321928094887362,0.9690222556651344,low,24
pythia-160m,draw_3,A1.11,1,11,-0.0,2.321928094887362,-0.0,control,1
pythia-160m,draw_3,A2.0,2,0,-0.0,2.321928094887362,-0.0,low,1
pythia-160m,draw_3,A2.1,2,1,1.5,2.321928094887362,0.6460148371100897,very_high,4
pythia-160m,draw_3,A2.2,2,2,0.0,2.321928094887362,0.0,,0
pythia-160m,draw_3,A2.3,2,3,2.25,2.321928094887362,0.9690222556651344,low,8
pythia-160m,draw_3,A2.4,2,4,2.321928094887362,2.321928094887362,1.0,low,5
pythia-160m,draw_3,A2.5,2,5,0.0,2.321928094887362,0.0,,0
pythia-160m,draw_3,A2.6,2,6,2.2492870686521598,2.321928094887362,0.968715212846104,high,19
pythia-160m,draw_3,A2.7,2,7,-0.0,2.321928094887362,-0.0,high,1
pythia-160m,draw_3,A2.8,2,8,2.303728908203315,2.321928094887362,0.9921620369191795,very_high,32
pythia-160m,draw_3,A2.9,2,9,0.0,2.321928094887362,0.0,,0
pythia-160m,draw_3,A2.10,2,10,2.2359263506290326,2.321928094887362,0.9629610647945144,medium,7
pythia-160m,draw_3,A2.11,2,11,2.1556390622295662,2.321928094887362,0.9283832117695864,high,8
pythia-160m,draw_3,A3.0,3,0,2.2772925846688996,2.321928094887362,0.9807765320912628,low,24
pythia-160m,draw_3,A3.1,3,1,1.889246428509158,2.321928094887362,0.8136541491827748,very_high,15
pythia-160m,draw_3,A3.2,3,2,2.2322433940125594,2.321928094887362,0.9613749017153981,very_high,31
pythia-160m,draw_3,A3.3,3,3,2.2195083368391986,2.321928094887362,0.9558902111251072,control,24
pythia-160m,draw_3,A3.4,3,4,2.2871017527145816,2.321928094887362,0.9850011108227406,very_high,32
pythia-160m,draw_3,A3.5,3,5,-0.0,2.321928094887362,-0.0,medium,2
pythia-160m,draw_3,A3.6,3,6,1.974937501201927,2.321928094887362,0.8505592854277135,very_high,9
pythia-160m,draw_3,A3.7,3,7,1.8464393446710154,2.321928094887362,0.7952181416542045,very_high,10
pythia-160m,draw_3,A3.8,3,8,2.182887531080747,2.321928094887362,0.9401184885471829,low,41
pythia-160m,draw_3,A3.9,3,9,2.1971597234241496,2.321928094887362,0.946265187221801,very_high,9
pythia-160m,draw_3,A3.10,3,10,1.0,2.321928094887362,0.43067655807339306,medium,2
pythia-160m,draw_3,A3.11,3,11,-0.0,2.321928094887362,-0.0,control,1
pythia-160m,draw_3,A4.0,4,0,2.1280852788913944,2.321928094887362,0.9165164431996026,low,7
pythia-160m,draw_3,A4.1,4,1,2.133387491316597,2.321928094887362,0.9187999817970628,low,17
pythia-160m,draw_3,A4.2,4,2,2.2892464285091583,2.321928094887362,0.9859247724121322,medium,15
pythia-160m,draw_3,A4.3,4,3,-0.0,2.321928094887362,-0.0,control,1
pythia-160m,draw_3,A4.4,4,4,1.8423709931771084,2.321928094887362,0.7934659980357758,very_high,7
pythia-160m,draw_3,A4.5,4,5,2.243257600151141,2.321928094887362,0.9661184621050734,very_high,31
pythia-160m,draw_3,A4.6,4,6,2.320603287281609,2.321928094887362,0.9994294364202447,medium,57
pythia-160m,draw_3,A4.7,4,7,2.2892464285091583,2.321928094887362,0.9859247724121322,very_high,15
pythia-160m,draw_3,A4.8,4,8,2.3032333559560527,2.321928094887362,0.991948614182983,very_high,42
pythia-160m,draw_3,A4.9,4,9,1.8389205950315937,2.321928094887362,0.7919799924384827,low,15
pythia-160m,draw_3,A4.10,4,10,2.3040855434946415,2.321928094887362,0.9923156313789354,medium,121
pythia-160m,draw_3,A4.11,4,11,2.3161875070878604,2.321928094887362,0.9975276634051924,very_high,57
pythia-160m,draw_3,A5.0,5,0,2.3210398796264617,2.321928094887362,0.9996174665086072,medium,192
pythia-160m,draw_3,A5.1,5,1,2.311060343001128,2.321928094887362,0.9953195140236409,medium,94
pythia-160m,draw_3,A5.2,5,2,1.7758589482446405,2.321928094887362,0.7648208194538377,low,13
pythia-160m,draw_3,A5.3,5,3,-0.0,2.321928094887362,-0.0,control,2
pythia-160m,draw_3,A5.4,5,4,1.9362600275315274,2.321928094887362,0.8339018041923716,very_high,11
pythia-160m,draw_3,A5.5,5,5,1.9362600275315274,2.321928094887362,0.8339018041923716,control,11
pythia-160m,draw_3,A5.6,5,6,2.316548050181715,2.321928094887362,0.9976829408638909,very_high,153
pythia-160m,draw_3,A5.7,5,7,2.269025746065812,2.321928094887362,0.9772161984955366,very_high,70
pythia-160m,draw_3,A5.8,5,8,2.28332693768606,2.321928094887362,0.9833753864788932,control,22
pythia-160m,draw_3,A5.9,5,9,0.0,2.321928094887362,0.0,,0
pythia-160m,draw_3,A5.10,5,10,2.315544014253647,2.321928094887362,0.9972505261262086,control,91
pythia-160m,draw_3,A5.11,5,11,2.31122342677729,2.321928094887362,0.9953897503830361,high,31
pythia-160m,draw_3,A6.0,6,0,1.584962500721156,2.321928094887362,0.6826061944859853,medium,6
pythia-160m,draw_3,A6.1,6,1,2.285770835910962,2.321928094887362,0.9844279161546757,medium,36
pythia-160m,draw_3,A6.2,6,2,1.9182958340544893,2.321928094887362,0.8261650471771163,low,18
pythia-160m,draw_3,A6.3,6,3,2.2882573416288787,2.321928094887362,0.9854987958788979,medium,115
pythia-160m,draw_3,A6.4,6,4,1.7527152789797047,2.321928094887362,0.7548533836336262,control,9
pythia-160m,draw_3,A6.5,6,5,2.302108153075121,2.321928094887362,0.991464015679089,medium,52
pythia-160m,draw_3,A6.6,6,6,2.303693681399888,2.321928094887362,0.9921468655607276,medium,79
pythia-160m,draw_3,A6.7,6,7,2.291615921862549,2.321928094887362,0.9869452576539484,high,32
pythia-160m,draw_3,A6.8,6,8,2.2670922798659787,2.321928094887362,0.9763834999274413,medium,31
pythia-160m,draw_3,A6.9,6,9,0.0,2.321928094887362,0.0,,0
pythia-160m,draw_3,A6.10,6,10,1.8776402831734214,2.321928094887362,0.8086556544570802,high,18
pythia-160m,draw_3,A6.11,6,11,2.3192615117719306,2.321928094887362,0.9988515651620293,low,141
pythia-160m,draw_3,A7.0,7,0,-0.0,2.321928094887362,-0.0,medium,3
pythia-160m,draw_3,A7.1,7,1,-0.0,2.321928094887362,-0.0,low,1
pythia-160m,draw_3,A7.2,7,2,1.224394445405986,2.321928094887362,0.5273179854716311,high,9
pythia-160m,draw_3,A7.3,7,3,2.2815778290074666,2.321928094887362,0.9826220863735003,high,34
pythia-160m,draw_3,A7.4,7,4,2.2125823032160294,2.321928094887362,0.9529073308031801,low,42
pythia-160m,draw_3,A7.5,7,5,-0.0,2.321928094887362,-0.0,very_high,1
pythia-160m,draw_3,A7.6,7,6,0.0,2.321928094887362,0.0,,0
pythia-160m,draw_3,A7.7,7,7,2.2740244428896066,2.321928094887362,0.979369020038461,medium,87
pythia-160m,draw_3,A7.8,7,8,2.3014640392805563,2.321928094887362,0.9911866109670383,very_high,114
pythia-160m,draw_3,A7.9,7,9,-0.0,2.321928094887362,-0.0,very_high,1
pythia-160m,draw_3,A7.10,7,10,0.0,2.321928094887362,0.0,,0
pythia-160m,draw_3,A7.11,7,11,2.3019195026325363,2.321928094887362,0.9913827683557976,high,70
pythia-160m,draw_3,A8.0,8,0,1.9219280948873623,2.321928094887362,0.8277293767706428,high,5
pythia-160m,draw_3,A8.1,8,1,1.882856063692049,2.321928094887362,0.8109019688585091,control,16
pythia-160m,draw_3,A8.2,8,2,2.2912689076693367,2.321928094887362,0.986795806775613,low,136
pythia-160m,draw_3,A8.3,8,3,0.9182958340544896,2.321928094887362,0.3954884891037233,control,3
pythia-160m,draw_3,A8.4,8,4,2.2262107147046875,2.321928094887362,0.9587767681551232,medium,42
pythia-160m,draw_3,A8.5,8,5,0.0,2.321928094887362,0.0,,0
pythia-160m,draw_3,A8.6,8,6,0.0,2.321928094887362,0.0,,0
pythia-160m,draw_3,A8.7,8,7,2.283491613608106,2.321928094887362,0.9834463085381975,control,45
pythia-160m,draw_3,A8.8,8,8,2.2431566858378225,2.321928094887362,0.9660750006759529,low,66
pythia-160m,draw_3,A8.9,8,9,0.0,2.321928094887362,0.0,,0
pythia-160m,draw_3,A8.10,8,10,2.069301523918155,2.321928094887362,0.8911996579370981,low,70
pythia-160m,draw_3,A8.11,8,11,2.3038938072286483,2.321928094887362,0.9922330550638396,control,155
pythia-160m,draw_3,A9.0,9,0,0.7219280948873623,2.321928094887362,0.31091750708257115,low,5
pythia-160m,draw_3,A9.1,9,1,2.170950594454669,2.321928094887362,0.9349775297671234,very_high,10
pythia-160m,draw_3,A9.2,9,2,2.2309550475597693,2.321928094887362,0.9608200410995044,control,106
pythia-160m,draw_3,A9.3,9,3,2.2281060666990187,2.321928094887362,0.9595930518283794,control,26
pythia-160m,draw_3,A9.4,9,4,1.7849418274376427,2.321928094887362,0.7687326026020763,low,21
pythia-160m,draw_3,A9.5,9,5,1.7169171866886992,2.321928094887362,0.7394359844601422,medium,16
pythia-160m,draw_3,A9.6,9,6,2.295986315213207,2.321928094887362,0.9888274836196366,medium,88
pythia-160m,draw_3,A9.7,9,7,2.211848553214371,2.321928094887362,0.9525913218779796,low,119
pythia-160m,draw_3,A9.8,9,8,2.295718604922885,2.321928094887362,0.9887121870732398,medium,131
pythia-160m,draw_3,A9.9,9,9,2.308464067890796,2.321928094887362,0.9942013591953116,control,133
pythia-160m,draw_3,A9.10,9,10,0.0,2.321928094887362,0.0,,0
pythia-160m,draw_3,A9.11,9,11,0.0,2.321928094887362,0.0,,0
pythia-160m,draw_3,A10.0,10,0,0.9182958340544896,2.321928094887362,0.3954884891037233,high,3
pythia-160m,draw_3,A10.1,10,1,1.7326435673473792,2.321928094887362,0.7462089679531745,low,63
pythia-160m,draw_3,A10.2,10,2,0.0,2.321928094887362,0.0,,0
pythia-160m,draw_3,A10.3,10,3,0.0,2.321928094887362,0.0,,0
pythia-160m,draw_3,A10.4,10,4,0.0,2.321928094887362,0.0,,0
pythia-160m,draw_3,A10.5,10,5,2.2577560641285177,2.321928094887362,0.972362610668201,low,13
pythia-160m,draw_3,A10.6,10,6,2.2719169553330305,2.321928094887362,0.9784613745514124,very_high,97
pythia-160m,draw_3,A10.7,10,7,1.7381493331928664,2.321928094887362,0.748580172237067,medium,26
pythia-160m,draw_3,A10.8,10,8,1.8727298369794543,2.321928094887362,0.8065408403916579,high,24
pythia-160m,draw_3,A10.9,10,9,2.174583503614888,2.321928094887362,0.93654213858004,control,18
pythia-160m,draw_3,A10.10,10,10,1.7209480533797532,2.321928094887362,0.741171984252698,medium,23
pythia-160m,draw_3,A10.11,10,11,2.201609497059027,2.321928094887362,0.9481816004150758,medium,20
pythia-160m,draw_3,A11.0,11,0,2.270942421748537,2.321928094887362,0.9780416657815159,low,14
pythia-160m,draw_3,A11.1,11,1,0.0,2.321928094887362,0.0,,0
pythia-160m,draw_3,A11.2,11,2,1.584962500721156,2.321928094887362,0.6826061944859853,low,3
pythia-160m,draw_3,A11.3,11,3,0.0,2.321928094887362,0.0,,0
pythia-160m,draw_3,A11.4,11,4,1.0,2.321928094887362,0.43067655807339306,high,2
pythia-160m,draw_3,A11.5,11,5,0.0,2.321928094887362,0.0,,0
pythia-160m,draw_3,A11.6,11,6,-0.0,2.321928094887362,-0.0,high,1
pythia-160m,draw_3,A11.7,11,7,0.9182958340544896,2.321928094887362,0.3954884891037233,very_high,3
pythia-160m,draw_3,A11.8,11,8,2.167124282150162,2.321928094887362,0.9333296267537046,high,21
pythia-160m,draw_3,A11.9,11,9,-0.0,2.321928094887362,-0.0,very_high,1
pythia-160m,draw_3,A11.10,11,10,0.0,2.321928094887362,0.0,,0
pythia-160m,draw_3,A11.11,11,11,2.1800365325772657,2.321928094887362,0.9388906303246313,very_high,16
pythia-410m,draw_1,A0.0,0,0,2.321928094887362,2.321928094887362,1.0,low,5
pythia-410m,draw_1,A0.1,0,1,0.0,2.321928094887362,0.0,,0
pythia-410m,draw_1,A0.2,0,2,0.0,2.321928094887362,0.0,,0
pythia-410m,draw_1,A0.3,0,3,1.0,2.321928094887362,0.43067655807339306,low,2
pythia-410m,draw_1,A0.4,0,4,1.584962500721156,2.321928094887362,0.6826061944859853,low,3
pythia-410m,draw_1,A0.5,0,5,2.321928094887362,2.321928094887362,1.0,low,5
pythia-410m,draw_1,A0.6,0,6,1.0,2.321928094887362,0.43067655807339306,low,2
pythia-410m,draw_1,A0.7,0,7,2.0,2.321928094887362,0.8613531161467861,low,4
pythia-410m,draw_1,A0.8,0,8,0.0,2.321928094887362,0.0,,0
pythia-410m,draw_1,A0.9,0,9,1.0,2.321928094887362,0.43067655807339306,low,2
pythia-410m,draw_1,A0.10,0,10,1.584962500721156,2.321928094887362,0.6826061944859853,low,3
pythia-410m,draw_1,A0.11,0,11,-0.0,2.321928094887362,-0.0,control,1
pythia-410m,draw_1,A0.12,0,12,1.584962500721156,2.321928094887362,0.6826061944859853,low,3
pythia-410m,draw_1,A0.13,0,13,1.0,2.321928094887362,0.43067655807339306,low,2
pythia-410m,draw_1,A0.14,0,14,2.321928094887362,2.321928094887362,1.0,low,5
pythia-410m,draw_1,A0.15,0,15,1.584962500721156,2.321928094887362,0.6826061944859853,low,3
pythia-410m,draw_1,A1.0,1,0,0.0,2.321928094887362,0.0,,0
pythia-410m,draw_1,A1.1,1,1,0.0,2.321928094887362,0.0,,0
pythia-410m,draw_1,A1.2,1,2,-0.0,2.321928094887362,-0.0,control,1
pythia-410m,draw_1,A1.3,1,3,2.0,2.321928094887362,0.8613531161467861,medium,4
pythia-410m,draw_1,A1.4,1,4,2.197159723424149,2.321928094887362,0.9462651872218009,medium,9
pythia-410m,draw_1,A1.5,1,5,1.0,2.321928094887362,0.43067655807339306,low,2
pythia-410m,draw_1,A1.6,1,6,1.0,2.321928094887362,0.43067655807339306,high,2
pythia-410m,draw_1,A1.7,1,7,0.7219280948873623,2.321928094887362,0.31091750708257115,low,5
pythia-410m,draw_1,A1.8,1,8,1.5219280948873621,2.321928094887362,0.6554587535412855,low,5
pythia-410m,draw_1,A1.9,1,9,1.0,2.321928094887362,0.43067655807339306,high,2
pythia-410m,draw_1,A1.10,1,10,2.0,2.321928094887362,0.8613531161467861,medium,4
pythia-410m,draw_1,A1.11,1,11,2.2516291673878226,2.321928094887362,0.9697238998682473,high,6
pythia-410m,draw_1,A1.12,1,12,1.584962500721156,2.321928094887362,0.6826061944859853,medium,3
pythia-410m,draw_1,A1.13,1,13,2.321928094887362,2.321928094887362,1.0,low,5
pythia-410m,draw_1,A1.14,1,14,1.8423709931771088,2.321928094887362,0.793465998035776,high,7
pythia-410m,draw_1,A1.15,1,15,1.9182958340544893,2.321928094887362,0.8261650471771163,high,6
pythia-410m,draw_1,A2.0,2,0,1.0,2.321928094887362,0.43067655807339306,medium,2
pythia-410m,draw_1,A2.1,2,1,0.0,2.321928094887362,0.0,,0
pythia-410m,draw_1,A2.2,2,2,0.0,2.321928094887362,0.0,,0
pythia-410m,draw_1,A2.3,2,3,0.7219280948873623,2.321928094887362,0.31091750708257115,low,5
pythia-410m,draw_1,A2.4,2,4,0.0,2.321928094887362,0.0,,0
pythia-410m,draw_1,A2.5,2,5,-0.0,2.321928094887362,-0.0,very_high,1
pythia-410m,draw_1,A2.6,2,6,0.0,2.321928094887362,0.0,,0
pythia-410m,draw_1,A2.7,2,7,0.0,2.321928094887362,0.0,,0
pythia-410m,draw_1,A2.8,2,8,1.5,2.321928094887362,0.6460148371100897,low,4
pythia-410m,draw_1,A2.9,2,9,-0.0,2.321928094887362,-0.0,medium,1
pythia-410m,draw_1,A2.10,2,10,2.2202895764172954,2.321928094887362,0.9562266726976326,high,22
pythia-410m,draw_1,A2.11,2,11,0.0,2.321928094887362,0.0,,0
pythia-410m,draw_1,A2.12,2,12,0.0,2.321928094887362,0.0,,0
pythia-410m,draw_1,A2.13,2,13,0.0,2.321928094887362,0.0,,0
pythia-410m,draw_1,A2.14,2,14,0.0,2.321928094887362,0.0,,0
pythia-410m,draw_1,A2.15,2,15,0.9182958340544896,2.321928094887362,0.3954884891037233,low,3
pythia-410m,draw_1,A3.0,3,0,0.0,2.321928094887362,0.0,,0
pythia-410m,draw_1,A3.1,3,1,2.2892464285091583,2.321928094887362,0.9859247724121322,high,15
pythia-410m,draw_1,A3.2,3,2,-0.0,2.321928094887362,-0.0,low,2
pythia-410m,draw_1,A3.3,3,3,-0.0,2.321928094887362,-0.0,control,1
pythia-410m,draw_1,A3.4,3,4,0.9182958340544896,2.321928094887362,0.3954884891037233,high,3
pythia-410m,draw_1,A3.5,3,5,0.0,2.321928094887362,0.0,,0
pythia-410m,draw_1,A3.6,3,6,1.0,2.321928094887362,0.43067655807339306,high,2
pythia-410m,draw_1,A3.7,3,7,1.5,2.321928094887362,0.6460148371100897,medium,8
pythia-410m,draw_1,A3.8,3,8,0.0,2.321928094887362,0.0,,0
pythia-410m,draw_1,A3.9,3,9,-0.0,2.321928094887362,-0.0,medium,1
pythia-410m,draw_1,A3.10,3,10,-0.0,2.321928094887362,-0.0,control,3
pythia-410m,draw_1,A3.11,3,11,0.0,2.321928094887362,0.0,,0
pythia-410m,draw_1,A3.12,3,12,2.0,2.321928094887362,0.8613531161467861,medium,8
pythia-410m,draw_1,A3.13,3,13,0.0,2.321928094887362,0.0,,0
pythia-410m,draw_1,A3.14,3,14,0.0,2.321928094887362,0.0,,0
pythia-410m,draw_1,A3.15,3,15,0.0,2.321928094887362,0.0,,0
pythia-410m,draw_1,A4.0,4,0,1.584962500721156,2.321928094887362,0.6826061944859853,low,3
pythia-410m,draw_1,A4.1,4,1,0.0,2.321928094887362,0.0,,0
pythia-410m,draw_1,A4.2,4,2,0.0,2.321928094887362,0.0,,0
pythia-410m,draw_1,A4.3,4,3,0.0,2.321928094887362,0.0,,0
pythia-410m,draw_1,A4.4,4,4,-0.0,2.321928094887362,-0.0,high,1
pythia-410m,draw_1,A4.5,4,5,0.9182958340544896,2.321928094887362,0.3954884891037233,high,3
pythia-410m,draw_1,A4.6,4,6,1.8879185026711327,2.321928094887362,0.8130822426534774,medium,12
pythia-410m,draw_1,A4.7,4,7,0.0,2.321928094887362,0.0,,0
pythia-410m,draw_1,A4.8,4,8,-0.0,2.321928094887362,-0.0,low,1
pythia-410m,draw_1,A4.9,4,9,1.3709505944546687,2.321928094887362,0.5904362833084089,medium,5
pythia-410m,draw_1,A4.10,4,10,-0.0,2.321928094887362,-0.0,medium,3
pythia-410m,draw_1,A4.11,4,11,1.0,2.321928094887362,0.43067655807339306,high,2
pythia-410m,draw_1,A4.12,4,12,1.0,2.321928094887362,0.43067655807339306,low,2
pythia-410m,draw_1,A4.13,4,13,-0.0,2.321928094887362,-0.0,low,2
pythia-410m,draw_1,A4.14,4,14,0.8112781244591328,2.321928094887362,0.34939847028229715,high,4
pythia-410m,draw_1,A4.15,4,15,2.25,2.321928094887362,0.9690222556651344,low,8
pythia-410m,draw_1,A5.0,5,0,1.584962500721156,2.321928094887362,0.6826061944859853,high,3
pythia-410m,draw_1,A5.1,5,1,1.9182958340544896,2.321928094887362,0.8261650471771164,very_high,6
pythia-410m,draw_1,A5.2,5,2,2.290734561683397,2.321928094887362,0.9865656764855683,medium,33
pythia-410m,draw_1,A5.3,5,3,1.9182958340544896,2.321928094887362,0.8261650471771164,low,6
pythia-410m,draw_1,A5.4,5,4,0.9182958340544896,2.321928094887362,0.3954884891037233,high,3
pythia-410m,draw_1,A5.5,5,5,2.2062389286533897,2.321928094887362,0.9501753880799721,medium,15
pythia-410m,draw_1,A5.6,5,6,0.0,2.321928094887362,0.0,,0
pythia-410m,draw_1,A5.7,5,7,0.0,2.321928094887362,0.0,,0
pythia-410m,draw_1,A5.8,5,8,1.811278124459133,2.321928094887362,0.7800750283556903,very_high,8
pythia-410m,draw_1,A5.9,5,9,2.1903964516472447,2.321928094887362,0.9433524046116087,control,26
pythia-410m,draw_1,A5.10,5,10,0.0,2.321928094887362,0.0,,0
pythia-410m,draw_1,A5.11,5,11,1.3787834934861753,2.321928094887362,0.5938097293030346,very_high,7
pythia-410m,draw_1,A5.12,5,12,1.9219280948873623,2.321928094887362,0.8277293767706428,control,5
pythia-410m,draw_1,A5.13,5,13,0.0,2.321928094887362,0.0,,0
pythia-410m,draw_1,A5.14,5,14,0.0,2.321928094887362,0.0,,0
pythia-410m,draw_1,A5.15,5,15,1.0,2.321928094887362,0.43067655807339306,low,2
pythia-410m,draw_1,A6.0,6,0,2.3184916359914913,2.321928094887362,0.9985199977107656,very_high,57
pythia-410m,draw_1,A6.1,6,1,0.0,2.321928094887362,0.0,,0
pythia-410m,draw_1,A6.2,6,2,0.0,2.321928094887362,0.0,,0
pythia-410m,draw_1,A6.3,6,3,2.294765505940015,2.321928094887362,0.9883017096837942,very_high,34
pythia-410m,draw_1,A6.4,6,4,1.4591479170272446,2.321928094887362,0.6284208026252547,medium,6
pythia-410m,draw_1,A6.5,6,5,1.5487949406953985,2.321928094887362,0.6670296742201792,very_high,8
pythia-410m,draw_1,A6.6,6,6,1.950212064914747,2.321928094887362,0.8399106196306879,low,7
pythia-410m,draw_1,A6.7,6,7,0.0,2.321928094887362,0.0,,0
pythia-410m,draw_1,A6.8,6,8,0.0,2.321928094887362,0.0,,0
pythia-410m,draw_1,A6.9,6,9,1.5566567074628228,2.321928094887362,0.6704155528719493,control,7
pythia-410m,draw_1,A6.10,6,10,1.584962500721156,2.321928094887362,0.6826061944859853,medium,3
pythia-410m,draw_1,A6.11,6,11,1.0,2.321928094887362,0.43067655807339306,high,2
pythia-410m,draw_1,A6.12,6,12,-0.0,2.321928094887362,-0.0,low,1
pythia-410m,draw_1,A6.13,6,13,2.1814081149277635,2.321928094887362,0.9394813386904579,low,27
pythia-410m,draw_1,A6.14,6,14,0.0,2.321928094887362,0.0,,0
pythia-410m,draw_1,A6.15,6,15,1.9182958340544896,2.321928094887362,0.8261650471771164,high,6
pythia-410m,draw_1,A7.0,7,0,2.2991814593727473,2.321928094887362,0.9902035573088157,very_high,40
pythia-410m,draw_1,A7.1,7,1,2.3025492905580007,2.321928094887362,0.9916540032518528,medium,59
pythia-410m,draw_1,A7.2,7,2,2.222754299595702,2.321928094887362,0.9572881711927126,very_high,34
pythia-410m,draw_1,A7.3,7,3,2.0,2.321928094887362,0.8613531161467861,low,4
pythia-410m,draw_1,A7.4,7,4,1.8910611120726526,2.321928094887362,0.8144356908538931,high,9
pythia-410m,draw_1,A7.5,7,5,0.0,2.321928094887362,0.0,,0
pythia-410m,draw_1,A7.6,7,6,1.5,2.321928094887362,0.6460148371100897,very_high,4
pythia-410m,draw_1,A7.7,7,7,2.1173503715768223,2.321928094887362,0.9118931702661257,medium,22
pythia-410m,draw_1,A7.8,7,8,2.3149105976142437,2.321928094887362,0.9969777284281239,medium,163
pythia-410m,draw_1,A7.9,7,9,1.9709505944546688,2.321928094887362,0.8488422181524448,high,10
pythia-410m,draw_1,A7.10,7,10,2.2202895764172954,2.321928094887362,0.9562266726976326,medium,22
pythia-410m,draw_1,A7.11,7,11,-0.0,2.321928094887362,-0.0,low,1
pythia-410m,draw_1,A7.12,7,12,-0.0,2.321928094887362,-0.0,low,1
pythia-410m,draw_1,A7.13,7,13,0.9182958340544896,2.321928094887362,0.3954884891037233,low,3
pythia-410m,draw_1,A7.14,7,14,1.6854752972273344,2.321928094887362,0.7258946997275976,low,10
pythia-410m,draw_1,A7.15,7,15,0.0,2.321928094887362,0.0,,0
pythia-410m,draw_1,A8.0,8,0,2.220111964470926,2.321928094887362,0.9561501793958975,low,30
pythia-410m,draw_1,A8.1,8,1,1.781937063546704,2.321928094887362,0.7674385212317036,high,15
pythia-410m,draw_1,A8.2,8,2,2.24261630395424,2.321928094887362,0.9658422708662864,medium,34
pythia-410m,draw_1,A8.3,8,3,1.6737949406953985,2.321928094887362,0.7208642439793533,high,16
pythia-410m,draw_1,A8.4,8,4,2.1658942083900237,2.321928094887362,0.9327998628205117,low,21
pythia-410m,draw_1,A8.5,8,5,2.201078735588117,2.321928094887362,0.9479530138916262,high,21
pythia-410m,draw_1,A8.6,8,6,2.2942474999817133,2.321928094887362,0.9880786166606113,low,92
pythia-410m,draw_1,A8.7,8,7,2.2979470123720436,2.321928094887362,0.9896719099234286,high,44
pythia-410m,draw_1,A8.8,8,8,1.584962500721156,2.321928094887362,0.6826061944859853,low,6
pythia-410m,draw_1,A8.9,8,9,2.2968049961020736,2.321928094887362,0.989180070287014,control,56
pythia-410m,draw_1,A8.10,8,10,2.313459750171824,2.321928094887362,0.996352882445333,low,19
pythia-410m,draw_1,A8.11,8,11,2.284560633641686,2.321928094887362,0.9839067104067714,low,29
pythia-410m,draw_1,A8.12,8,12,2.2950942369819196,2.321928094887362,0.9884432864374535,high,53
pythia-410m,draw_1,A8.13,8,13,2.2737683376743987,2.321928094887362,0.9792587215258706,low,47
pythia-410m,draw_1,A8.14,8,14,2.1709505944546685,2.321928094887362,0.9349775297671233,high,10
pythia-410m,draw_1,A8.15,8,15,2.2609640474436814,2.321928094887362,0.9737442138807325,low,20
pythia-410m,draw_1,A9.0,9,0,2.2476493083724605,2.321928094887362,0.9680098678858937,control,33
pythia-410m,draw_1,A9.1,9,1,2.3090434800180692,2.321928094887362,0.9944508984159917,low,95
pythia-410m,draw_1,A9.2,9,2,1.8676338909712122,2.321928094887362,0.8043461359047004,control,11
pythia-410m,draw_1,A9.3,9,3,2.272231062124823,2.321928094887362,0.9785966529833691,low,57
pythia-410m,draw_1,A9.4,9,4,2.3090124585450686,2.321928094887362,0.9944375381947734,medium,154
pythia-410m,draw_1,A9.5,9,5,2.315943484137055,2.321928094887362,0.9974225684406488,low,112
pythia-410m,draw_1,A9.6,9,6,2.134059668931332,2.321928094887362,0.9190894729385908,high,29
pythia-410m,draw_1,A9.7,9,7,2.1820058147602133,2.321928094887362,0.9397387539970584,medium,14
pythia-410m,draw_1,A9.8,9,8,2.0339478287161414,2.321928094887362,0.8759736501723191,low,23
pythia-410m,draw_1,A9.9,9,9,2.2651967559367345,2.321928094887362,0.9755671422058486,high,74
pythia-410m,draw_1,A9.10,9,10,0.0,2.321928094887362,0.0,,0
pythia-410m,draw_1,A9.11,9,11,0.0,2.321928094887362,0.0,,0
pythia-410m,draw_1,A9.12,9,12,2.3136088506956893,2.321928094887362,0.9964170965457583,medium,23
pythia-410m,draw_1,A9.13,9,13,2.294472014198827,2.321928094887362,0.9881753096708763,high,71
pythia-410m,draw_1,A9.14,9,14,1.8423709931771084,2.321928094887362,0.7934659980357758,high,7
pythia-410m,draw_1,A9.15,9,15,1.9852281360342516,2.321928094887362,0.8549912206176893,medium,14
pythia-410m,draw_1,A10.0,10,0,2.315238815642833,2.321928094887362,0.9971190842389744,low,128
pythia-410m,draw_1,A10.1,10,1,1.8656230927790345,2.321928094887362,0.803480132260313,low,26
pythia-410m,draw_1,A10.2,10,2,2.251629167387823,2.321928094887362,0.9697238998682475,very_high,6
pythia-410m,draw_1,A10.3,10,3,2.3117493803191347,2.321928094887362,0.9956162662441442,medium,169
pythia-410m,draw_1,A10.4,10,4,2.2885954157223796,2.321928094887362,0.9856443964658606,low,45
pythia-410m,draw_1,A10.5,10,5,2.1581047784968117,2.321928094887362,0.9294451379647493,low,22
pythia-410m,draw_1,A10.6,10,6,2.121276357834812,2.321928094887362,0.9135840005147602,high,19
pythia-410m,draw_1,A10.7,10,7,2.25,2.321928094887362,0.9690222556651344,medium,56
pythia-410m,draw_1,A10.8,10,8,1.9219280948873623,2.321928094887362,0.8277293767706428,high,5
pythia-410m,draw_1,A10.9,10,9,2.3172185733411954,2.321928094887362,0.9979717194703244,low,61
pythia-410m,draw_1,A10.10,10,10,2.264711445885763,2.321928094887362,0.9753581305434978,high,70
pythia-410m,draw_1,A10.11,10,11,1.870253816431622,2.321928094887362,0.8054744763843985,low,14
pythia-410m,draw_1,A10.12,10,12,2.131856144980515,2.321928094887362,0.9181404668278207,low,50
pythia-410m,draw_1,A10.13,10,13,2.2235896541594986,2.321928094887362,0.9576479388210194,very_high,42
pythia-410m,draw_1,A10.14,10,14,2.1280852788913944,2.321928094887362,0.9165164431996026,low,14
pythia-410m,draw_1,A10.15,10,15,2.2359263506290326,2.321928094887362,0.9629610647945144,high,14
pythia-410m,draw_1,A11.0,11,0,1.9056390622295665,2.321928094887362,0.8207140722512383,control,8
pythia-410m,draw_1,A11.1,11,1,2.3184996020727744,2.321928094887362,0.998523428515234,low,193
pythia-410m,draw_1,A11.2,11,2,2.286488896720697,2.321928094887362,0.9847371681126997,control,135
pythia-410m,draw_1,A11.3,11,3,0.9709505944546686,2.321928094887362,0.4181656600790516,very_high,5
pythia-410m,draw_1,A11.4,11,4,2.137657393209526,2.321928094887362,0.9206389284476206,low,56
pythia-410m,draw_1,A11.5,11,5,-0.0,2.321928094887362,-0.0,medium,5
pythia-410m,draw_1,A11.6,11,6,2.2888857486034215,2.321928094887362,0.9857694360317633,medium,187
pythia-410m,draw_1,A11.7,11,7,-0.0,2.321928094887362,-0.0,very_high,2
pythia-410m,draw_1,A11.8,11,8,1.9182958340544896,2.321928094887362,0.8261650471771164,high,18
pythia-410m,draw_1,A11.9,11,9,2.1820058147602133,2.321928094887362,0.9397387539970584,high,14
pythia-410m,draw_1,A11.10,11,10,0.0,2.321928094887362,0.0,,0
pythia-410m,draw_1,A11.11,11,11,0.0,2.321928094887362,0.0,,0
pythia-410m,draw_1,A11.12,11,12,1.5219280948873621,2.321928094887362,0.6554587535412855,medium,5
pythia-410m,draw_1,A11.13,11,13,2.2163335878726103,2.321928094887362,0.9545229211674299,medium,101
pythia-410m,draw_1,A11.14,11,14,2.315546657833695,2.321928094887362,0.9972516646541646,very_high,227
pythia-410m,draw_1,A11.15,11,15,2.268641957040956,2.321928094887362,0.9770509095592854,low,66
pythia-410m,draw_1,A12.0,12,0,2.2563350243190428,2.321928094887362,0.971750602134171,high,103
pythia-410m,draw_1,A12.1,12,1,2.141821596022348,2.321928094887362,0.9224323529821663,medium,19
pythia-410m,draw_1,A12.2,12,2,1.3709505944546687,2.321928094887362,0.5904362833084089,control,5
pythia-410m,draw_1,A12.3,12,3,0.0,2.321928094887362,0.0,,0
pythia-410m,draw_1,A12.4,12,4,2.1819662477955153,2.321928094887362,0.9397217134328888,very_high,33
pythia-410m,draw_1,A12.5,12,5,2.310167985515543,2.321928094887362,0.9949351965731782,high,217
pythia-410m,draw_1,A12.6,12,6,2.0670314951575843,2.321928094887362,0.8902220097637679,high,14
pythia-410m,draw_1,A12.7,12,7,1.764231577680143,2.321928094887362,0.759813183519676,low,41
pythia-410m,draw_1,A12.8,12,8,2.1700560228367705,2.321928094887362,0.9345922587417768,very_high,27
pythia-410m,draw_1,A12.9,12,9,2.2772925846688996,2.321928094887362,0.9807765320912628,very_high,24
pythia-410m,draw_1,A12.10,12,10,2.107735252622104,2.321928094887362,0.9077521639292414,control,18
pythia-410m,draw_1,A12.11,12,11,2.250297554839251,2.321928094887362,0.9691504055591412,low,62
pythia-410m,draw_1,A12.12,12,12,1.9826593516827626,2.321928094887362,0.8538849054147573,low,51
pythia-410m,draw_1,A12.13,12,13,2.2786372700347117,2.321928094887362,0.9813556565563024,low,247
pythia-410m,draw_1,A12.14,12,14,0.9182958340544896,2.321928094887362,0.3954884891037233,control,3
pythia-410m,draw_1,A12.15,12,15,-0.0,2.321928094887362,-0.0,medium,1
pythia-410m,draw_1,A13.0,13,0,2.2646063765897746,2.321928094887362,0.9753128796607423,low,189
pythia-410m,draw_1,A13.1,13,1,0.9182958340544896,2.321928094887362,0.3954884891037233,very_high,9
pythia-410m,draw_1,A13.2,13,2,0.0,2.321928094887362,0.0,,0
pythia-410m,draw_1,A13.3,13,3,0.0,2.321928094887362,0.0,,0
pythia-410m,draw_1,A13.4,13,4,-0.0,2.321928094887362,-0.0,medium,4
pythia-410m,draw_1,A13.5,13,5,2.284107451387086,2.321928094887362,0.9837115354331802,low,25
pythia-410m,draw_1,A13.6,13,6,-0.0,2.321928094887362,-0.0,low,1
pythia-410m,draw_1,A13.7,13,7,0.0,2.321928094887362,0.0,,0
pythia-410m,draw_1,A13.8,13,8,0.9182958340544896,2.321928094887362,0.3954884891037233,very_high,3
pythia-410m,draw_1,A13.9,13,9,1.3609640474436813,2.321928094887362,0.5861353116146787,low,10
pythia-410m,draw_1,A13.10,13,10,-0.0,2.321928094887362,-0.0,very_high,2
pythia-410m,draw_1,A13.11,13,11,0.0,2.321928094887362,0.0,,0
pythia-410m,draw_1,A13.12,13,12,2.2834516972954804,2.321928094887362,0.9834291175180649,control,40
pythia-410m,draw_1,A13.13,13,13,1.0,2.321928094887362,0.43067655807339306,low,2
pythia-410m,draw_1,A13.14,13,14,2.2815778290074666,2.321928094887362,0.9826220863735003,medium,34
pythia-410m,draw_1,A13.15,13,15,0.0,2.321928094887362,0.0,,0
pythia-410m,draw_1,A14.0,14,0,2.196642370342544,2.321928094887362,0.9460423753773065,medium,90
pythia-410m,draw_1,A14.1,14,1,-0.0,2.321928094887362,-0.0,low,1
pythia-410m,draw_1,A14.2,14,2,2.2919367894436604,2.321928094887362,0.9870834477993787,high,149
pythia-410m,draw_1,A14.3,14,3,0.9182958340544896,2.321928094887362,0.3954884891037233,control,21
pythia-410m,draw_1,A14.4,14,4,0.0,2.321928094887362,0.0,,0
pythia-410m,draw_1,A14.5,14,5,2.144263238890489,2.321928094887362,0.9234839113286617,low,44
pythia-410m,draw_1,A14.6,14,6,1.0,2.321928094887362,0.43067655807339306,low,4
pythia-410m,draw_1,A14.7,14,7,2.217021885879718,2.321928094887362,0.9548193549840598,control,14
pythia-410m,draw_1,A14.8,14,8,2.190081368476274,2.321928094887362,0.9432167056760282,low,68
pythia-410m,draw_1,A14.9,14,9,0.0,2.321928094887362,0.0,,0
pythia-410m,draw_1,A14.10,14,10,0.0,2.321928094887362,0.0,,0
pythia-410m,draw_1,A14.11,14,11,2.1698872102522317,2.321928094887362,0.9345195551189082,medium,21
pythia-410m,draw_1,A14.12,14,12,-0.0,2.321928094887362,-0.0,low,1
pythia-410m,draw_1,A14.13,14,13,1.561278124459133,2.321928094887362,0.672405888837342,medium,8
pythia-410m,draw_1,A14.14,14,14,0.0,2.321928094887362,0.0,,0
pythia-410m,draw_1,A14.15,14,15,1.9437545839367456,2.321928094887362,0.8371295339492578,control,28
pythia-410m,draw_1,A15.0,15,0,2.252847373691893,2.321928094887362,0.9702485527663076,control,29
pythia-410m,draw_1,A15.1,15,1,2.199687794731328,2.321928094887362,0.9473539682709406,medium,13
pythia-410m,draw_1,A15.2,15,2,2.0665779536136437,2.321928094887362,0.8900266800526803,low,26
pythia-410m,draw_1,A15.3,15,3,0.0,2.321928094887362,0.0,,0
pythia-410m,draw_1,A15.4,15,4,2.245098964779668,2.321928094887362,0.9669114946854455,low,60
pythia-410m,draw_1,A15.5,15,5,2.181073419886589,2.321928094887362,0.9393371933821206,control,73
pythia-410m,draw_1,A15.6,15,6,2.2536426298062224,2.321928094887362,0.9705910509324138,low,97
pythia-410m,draw_1,A15.7,15,7,0.0,2.321928094887362,0.0,,0
pythia-410m,draw_1,A15.8,15,8,2.1075170977223445,2.321928094887362,0.9076582097278861,low,43
pythia-410m,draw_1,A15.9,15,9,0.0,2.321928094887362,0.0,,0
pythia-410m,draw_1,A15.10,15,10,2.2394448409821734,2.321928094887362,0.9644763961094196,control,37
pythia-410m,draw_1,A15.11,15,11,2.2647175475005334,2.321928094887362,0.9753607583659458,medium,94
pythia-410m,draw_1,A15.12,15,12,-0.0,2.321928094887362,-0.0,low,12
pythia-410m,draw_1,A15.13,15,13,0.0,2.321928094887362,0.0,,0
pythia-410m,draw_1,A15.14,15,14,1.8050365325772657,2.321928094887362,0.7773869210471088,low,16
pythia-410m,draw_1,A15.15,15,15,1.7295739585136223,2.321928094887362,0.7448869593860205,low,12
pythia-410m,draw_1,A16.0,16,0,2.274156861823867,2.321928094887362,0.979426049769292,medium,35
pythia-410m,draw_1,A16.1,16,1,2.289418996046106,2.321928094887362,0.98599909320498,low,114
pythia-410m,draw_1,A16.2,16,2,-0.0,2.321928094887362,-0.0,control,1
pythia-410m,draw_1,A16.3,16,3,2.2834696276670785,2.321928094887362,0.9834368397087898,control,112
pythia-410m,draw_1,A16.4,16,4,2.2931911067339454,2.321928094887362,0.9876236528526906,high,135
pythia-410m,draw_1,A16.5,16,5,2.314474561815259,2.321928094887362,0.9967899380310203,low,137
pythia-410m,draw_1,A16.6,16,6,0.9709505944546686,2.321928094887362,0.4181656600790516,high,5
pythia-410m,draw_1,A16.7,16,7,2.1963425821246645,2.321928094887362,0.9459132636194791,low,61
pythia-410m,draw_1,A16.8,16,8,0.0,2.321928094887362,0.0,,0
pythia-410m,draw_1,A16.9,16,9,0.0,2.321928094887362,0.0,,0
pythia-410m,draw_1,A16.10,16,10,2.0620426920153516,2.321928094887362,0.8880734491975654,medium,25
pythia-410m,draw_1,A16.11,16,11,2.1796454815000015,2.321928094887362,0.9387222137926442,high,40
pythia-410m,draw_1,A16.12,16,12,2.286914373332146,2.321928094887362,0.9849204109152593,medium,121
pythia-410m,draw_1,A16.13,16,13,2.3080127721850343,2.321928094887362,0.9940069967140809,control,104
pythia-410m,draw_1,A16.14,16,14,2.319273141167293,2.321928094887362,0.9988565736699964,low,218
pythia-410m,draw_1,A16.15,16,15,2.170552680382995,2.321928094887362,0.934806157504326,low,58
pythia-410m,draw_1,A17.0,17,0,1.823067982273661,2.321928094887362,0.785152643739426,high,11
pythia-410m,draw_1,A17.1,17,1,2.282106291184361,2.321928094887362,0.9828496826449171,medium,88
pythia-410m,draw_1,A17.2,17,2,2.1209884529900824,2.321928094887362,0.9134600066471794,high,42
pythia-410m,draw_1,A17.3,17,3,0.0,2.321928094887362,0.0,,0
pythia-410m,draw_1,A17.4,17,4,2.1961709130409592,2.321928094887362,0.9458393297693813,medium,73
pythia-410m,draw_1,A17.5,17,5,2.2576293187329535,2.321928094887362,0.9723080243974876,high,53
pythia-410m,draw_1,A17.6,17,6,0.6219041416291193,2.321928094887362,0.2678395351684171,low,26
pythia-410m,draw_1,A17.7,17,7,1.9808259362290785,2.321928094887362,0.8530952963576459,medium,11
pythia-410m,draw_1,A17.8,17,8,0.0,2.321928094887362,0.0,,0
pythia-410m,draw_1,A17.9,17,9,2.2999181764245975,2.321928094887362,0.9905208440729805,high,142
pythia-410m,draw_1,A17.10,17,10,2.0808503515735124,2.321928094887362,0.8961734672814902,medium,111
pythia-410m,draw_1,A17.11,17,11,1.855388542207534,2.321928094887362,0.7990723512467511,low,12
pythia-410m,draw_1,A17.12,17,12,-0.0,2.321928094887362,-0.0,low,4
pythia-410m,draw_1,A17.13,17,13,0.0,2.321928094887362,0.0,,0
pythia-410m,draw_1,A17.14,17,14,1.5394847569315018,2.321928094887362,0.6630199963217134,low,11
pythia-410m,draw_1,A17.15,17,15,2.20580702616052,2.321928094887362,0.9499893778009197,control,105
pythia-410m,draw_1,A18.0,18,0,2.2790173897020076,2.321928094887362,0.9815193651862694,low,59
pythia-410m,draw_1,A18.1,18,1,0.8112781244591328,2.321928094887362,0.34939847028229715,control,4
pythia-410m,draw_1,A18.2,18,2,1.7682838124276892,2.321928094887362,0.7615583860332545,medium,39
pythia-410m,draw_1,A18.3,18,3,1.5545851693377997,2.321928094887362,0.6695233899623465,medium,12
pythia-410m,draw_1,A18.4,18,4,0.0,2.321928094887362,0.0,,0
pythia-410m,draw_1,A18.5,18,5,1.5219280948873621,2.321928094887362,0.6554587535412855,low,5
pythia-410m,draw_1,A18.6,18,6,0.0,2.321928094887362,0.0,,0
pythia-410m,draw_1,A18.7,18,7,2.063374009091355,2.321928094887362,0.8886468162535628,low,31
pythia-410m,draw_1,A18.8,18,8,2.2389368927028666,2.321928094887362,0.9642576346928083,low,136
pythia-410m,draw_1,A18.9,18,9,0.0,2.321928094887362,0.0,,0
pythia-410m,draw_1,A18.10,18,10,1.5466316153937778,2.321928094887362,0.6660979807252841,medium,18
pythia-410m,draw_1,A18.11,18,11,2.286803188204643,2.321928094887362,0.9848725260872373,low,89
pythia-410m,draw_1,A18.12,18,12,2.299902681596215,2.321928094887362,0.9905141708136247,medium,143
pythia-410m,draw_1,A18.13,18,13,2.2169911337417654,2.321928094887362,0.954806110759133,high,93
pythia-410m,draw_1,A18.14,18,14,2.1661465569785863,2.321928094887362,0.9329085434420686,medium,70
pythia-410m,draw_1,A18.15,18,15,1.6854752972273344,2.321928094887362,0.7258946997275976,low,10
pythia-410m,draw_1,A19.0,19,0,0.0,2.321928094887362,0.0,,0
pythia-410m,draw_1,A19.1,19,1,0.9182958340544896,2.321928094887362,0.3954884891037233,low,3
pythia-410m,draw_1,A19.2,19,2,2.281932786730063,2.321928094887362,0.9827749583437297,low,49
pythia-410m,draw_1,A19.3,19,3,1.3709505944546687,2.321928094887362,0.5904362833084089,high,5
pythia-410m,draw_1,A19.4,19,4,1.9806446448396473,2.321928094887362,0.8530172184060374,medium,32
pythia-410m,draw_1,A19.5,19,5,1.9591479170272448,2.321928094887362,0.8437590816619512,low,12
pythia-410m,draw_1,A19.6,19,6,2.149397470347699,2.321928094887362,0.925695104461005,medium,16
pythia-410m,draw_1,A19.7,19,7,2.2966750738541943,2.321928094887362,0.9891241158204803,very_high,105
pythia-410m,draw_1,A19.8,19,8,1.8350287858219632,2.321928094887362,0.7903038814434007,medium,28
pythia-410m,draw_1,A19.9,19,9,2.196402350074605,2.321928094887362,0.9459390042744426,medium,77
pythia-410m,draw_1,A19.10,19,10,-0.0,2.321928094887362,-0.0,low,1
pythia-410m,draw_1,A19.11,19,11,2.1396407499222305,2.321928094887362,0.9214931136900798,medium,43
pythia-410m,draw_1,A19.12,19,12,2.234802287948223,2.321928094887362,0.9624769573480847,control,53
pythia-410m,draw_1,A19.13,19,13,0.0,2.321928094887362,0.0,,0
pythia-410m,draw_1,A19.14,19,14,1.9219280948873623,2.321928094887362,0.8277293767706428,control,5
pythia-410m,draw_1,A19.15,19,15,2.2795339446025586,2.321928094887362,0.9817418332728947,medium,255
pythia-410m,draw_1,A20.0,20,0,0.0,2.321928094887362,0.0,,0
pythia-410m,draw_1,A20.1,20,1,2.129745427273617,2.321928094887362,0.9172314301907494,very_high,31
pythia-410m,draw_1,A20.2,20,2,2.3111192711932027,2.321928094887362,0.9953448930145773,low,67
pythia-410m,draw_1,A20.3,20,3,0.0,2.321928094887362,0.0,,0
pythia-410m,draw_1,A20.4,20,4,-0.0,2.321928094887362,-0.0,low,3
pythia-410m,draw_1,A20.5,20,5,0.0,2.321928094887362,0.0,,0
pythia-410m,draw_1,A20.6,20,6,2.1709505944546685,2.321928094887362,0.9349775297671233,low,10
pythia-410m,draw_1,A20.7,20,7,1.3520301017579528,2.321928094887362,0.5822876706367345,control,13
pythia-410m,draw_1,A20.8,20,8,0.0,2.321928094887362,0.0,,0
pythia-410m,draw_1,A20.9,20,9,0.0,2.321928094887362,0.0,,0
pythia-410m,draw_1,A20.10,20,10,0.0,2.321928094887362,0.0,,0
pythia-410m,draw_1,A20.11,20,11,0.0,2.321928094887362,0.0,,0
pythia-410m,draw_1,A20.12,20,12,0.0,2.321928094887362,0.0,,0
pythia-410m,draw_1,A20.13,20,13,2.2637146077525943,2.321928094887362,0.9749288157273484,control,38
pythia-410m,draw_1,A20.14,20,14,2.121928094887362,2.321928094887362,0.9138646883853213,very_high,10
pythia-410m,draw_1,A20.15,20,15,1.7416838940090769,2.321928094887362,0.7501024247236936,medium,22
pythia-410m,draw_1,A21.0,21,0,0.0,2.321928094887362,0.0,,0
pythia-410m,draw_1,A21.1,21,1,2.1393538721672005,2.321928094887362,0.9213695621659557,very_high,20
pythia-410m,draw_1,A21.2,21,2,2.063202513215852,2.321928094887362,0.8885729570001775,medium,19
pythia-410m,draw_1,A21.3,21,3,0.0,2.321928094887362,0.0,,0
pythia-410m,draw_1,A21.4,21,4,1.9026435035753766,2.321928094887362,0.8194239553605448,medium,37
pythia-410m,draw_1,A21.5,21,5,0.0,2.321928094887362,0.0,,0
pythia-410m,draw_1,A21.6,21,6,1.0,2.321928094887362,0.43067655807339306,low,2
pythia-410m,draw_1,A21.7,21,7,1.4536723994375542,2.321928094887362,0.6260626255560565,low,34
pythia-410m,draw_1,A21.8,21,8,0.0,2.321928094887362,0.0,,0
pythia-410m,draw_1,A21.9,21,9,-0.0,2.321928094887362,-0.0,medium,1
pythia-410m,draw_1,A21.10,21,10,0.0,2.321928094887362,0.0,,0
pythia-410m,draw_1,A21.11,21,11,0.0,2.321928094887362,0.0,,0
pythia-410m,draw_1,A21.12,21,12,2.1738845662071653,2.321928094887362,0.9362411226229732,high,30
pythia-410m,draw_1,A21.13,21,13,1.0,2.321928094887362,0.43067655807339306,low,4
pythia-410m,draw_1,A21.14,21,14,1.786080697230572,2.321928094887362,0.7692230871245889,control,24
pythia-410m,draw_1,A21.15,21,15,0.0,2.321928094887362,0.0,,0
pythia-410m,draw_1,A22.0,22,0,0.0,2.321928094887362,0.0,,0
pythia-410m,draw_1,A22.1,22,1,0.0,2.321928094887362,0.0,,0
pythia-410m,draw_1,A22.2,22,2,1.7952373789297227,2.321928094887362,0.7731666552821527,low,38
pythia-410m,draw_1,A22.3,22,3,1.7527152789797047,2.321928094887362,0.7548533836336262,high,9
pythia-410m,draw_1,A22.4,22,4,0.0,2.321928094887362,0.0,,0
pythia-410m,draw_1,A22.5,22,5,0.0,2.321928094887362,0.0,,0
pythia-410m,draw_1,A22.6,22,6,2.242324437944169,2.321928094887362,0.9657165710176504,medium,76
pythia-410m,draw_1,A22.7,22,7,0.0,2.321928094887362,0.0,,0
pythia-410m,draw_1,A22.8,22,8,-0.0,2.321928094887362,-0.0,low,1
pythia-410m,draw_1,A22.9,22,9,0.0,2.321928094887362,0.0,,0
pythia-410m,draw_1,A22.10,22,10,0.0,2.321928094887362,0.0,,0
pythia-410m,draw_1,A22.11,22,11,2.0926440765094907,2.321928094887362,0.9012527481437818,low,61
pythia-410m,draw_1,A22.12,22,12,0.0,2.321928094887362,0.0,,0
pythia-410m,draw_1,A22.13,22,13,0.0,2.321928094887362,0.0,,0
pythia-410m,draw_1,A22.14,22,14,0.0,2.321928094887362,0.0,,0
pythia-410m,draw_1,A22.15,22,15,1.5219280948873621,2.321928094887362,0.6554587535412855,medium,5
pythia-410m,draw_1,A23.0,23,0,0.0,2.321928094887362,0.0,,0
pythia-410m,draw_1,A23.1,23,1,0.9182958340544896,2.321928094887362,0.3954884891037233,medium,3
pythia-410m,draw_1,A23.2,23,2,0.0,2.321928094887362,0.0,,0
pythia-410m,draw_1,A23.3,23,3,0.0,2.321928094887362,0.0,,0
pythia-410m,draw_1,A23.4,23,4,0.0,2.321928094887362,0.0,,0
pythia-410m,draw_1,A23.5,23,5,0.0,2.321928094887362,0.0,,0
pythia-410m,draw_1,A23.6,23,6,0.0,2.321928094887362,0.0,,0
pythia-410m,draw_1,A23.7,23,7,0.0,2.321928094887362,0.0,,0
pythia-410m,draw_1,A23.8,23,8,0.0,2.321928094887362,0.0,,0
pythia-410m,draw_1,A23.9,23,9,0.0,2.321928094887362,0.0,,0
pythia-410m,draw_1,A23.10,23,10,0.0,2.321928094887362,0.0,,0
pythia-410m,draw_1,A23.11,23,11,-0.0,2.321928094887362,-0.0,low,1
pythia-410m,draw_1,A23.12,23,12,1.8879185026711327,2.321928094887362,0.8130822426534774,low,12
pythia-410m,draw_1,A23.13,23,13,-0.0,2.321928094887362,-0.0,low,1
pythia-410m,draw_1,A23.14,23,14,0.0,2.321928094887362,0.0,,0
pythia-410m,draw_1,A23.15,23,15,0.0,2.321928094887362,0.0,,0
pythia-410m,draw_2,A0.0,0,0,2.0,2.321928094887362,0.8613531161467861,low,4
pythia-410m,draw_2,A0.1,0,1,0.0,2.321928094887362,0.0,,0
pythia-410m,draw_2,A0.2,0,2,-0.0,2.321928094887362,-0.0,control,1
pythia-410m,draw_2,A0.3,0,3,2.0,2.321928094887362,0.8613531161467861,low,4
pythia-410m,draw_2,A0.4,0,4,0.0,2.321928094887362,0.0,,0
pythia-410m,draw_2,A0.5,0,5,1.0,2.321928094887362,0.43067655807339306,low,2
pythia-410m,draw_2,A0.6,0,6,1.584962500721156,2.321928094887362,0.6826061944859853,low,3
pythia-410m,draw_2,A0.7,0,7,1.0,2.321928094887362,0.43067655807339306,low,2
pythia-410m,draw_2,A0.8,0,8,0.0,2.321928094887362,0.0,,0
pythia-410m,draw_2,A0.9,0,9,-0.0,2.321928094887362,-0.0,high,1
pythia-410m,draw_2,A0.10,0,10,-0.0,2.321928094887362,-0.0,very_high,1
pythia-410m,draw_2,A0.11,0,11,1.584962500721156,2.321928094887362,0.6826061944859853,medium,3
pythia-410m,draw_2,A0.12,0,12,2.0,2.321928094887362,0.8613531161467861,medium,4
pythia-410m,draw_2,A0.13,0,13,-0.0,2.321928094887362,-0.0,medium,1
pythia-410m,draw_2,A0.14,0,14,2.321928094887362,2.321928094887362,1.0,low,5
pythia-410m,draw_2,A0.15,0,15,1.584962500721156,2.321928094887362,0.6826061944859853,low,3
pythia-410m,draw_2,A1.0,1,0,0.0,2.321928094887362,0.0,,0
pythia-410m,draw_2,A1.1,1,1,0.0,2.321928094887362,0.0,,0
pythia-410m,draw_2,A1.2,1,2,0.0,2.321928094887362,0.0,,0
pythia-410m,draw_2,A1.3,1,3,1.584962500721156,2.321928094887362,0.6826061944859853,medium,3
pythia-410m,draw_2,A1.4,1,4,2.2359263506290326,2.321928094887362,0.9629610647945144,low,7
pythia-410m,draw_2,A1.5,1,5,-0.0,2.321928094887362,-0.0,high,1
pythia-410m,draw_2,A1.6,1,6,1.5,2.321928094887362,0.6460148371100897,very_high,4
pythia-410m,draw_2,A1.7,1,7,1.584962500721156,2.321928094887362,0.6826061944859853,low,3
pythia-410m,draw_2,A1.8,1,8,1.0,2.321928094887362,0.43067655807339306,low,2
pythia-410m,draw_2,A1.9,1,9,1.5,2.321928094887362,0.6460148371100897,very_high,4
pythia-410m,draw_2,A1.10,1,10,2.0,2.321928094887362,0.8613531161467861,low,4
pythia-410m,draw_2,A1.11,1,11,1.9219280948873623,2.321928094887362,0.8277293767706428,very_high,5
pythia-410m,draw_2,A1.12,1,12,1.0,2.321928094887362,0.43067655807339306,low,2
pythia-410m,draw_2,A1.13,1,13,1.584962500721156,2.321928094887362,0.6826061944859853,medium,3
pythia-410m,draw_2,A1.14,1,14,-0.0,2.321928094887362,-0.0,very_high,2
pythia-410m,draw_2,A1.15,1,15,2.2516291673878226,2.321928094887362,0.9697238998682473,low,6
pythia-410m,draw_2,A2.0,2,0,1.584962500721156,2.321928094887362,0.6826061944859853,low,3
pythia-410m,draw_2,A2.1,2,1,0.0,2.321928094887362,0.0,,0
pythia-410m,draw_2,A2.2,2,2,-0.0,2.321928094887362,-0.0,medium,1
pythia-410m,draw_2,A2.3,2,3,-0.0,2.321928094887362,-0.0,control,1
pythia-410m,draw_2,A2.4,2,4,0.0,2.321928094887362,0.0,,0
pythia-410m,draw_2,A2.5,2,5,0.0,2.321928094887362,0.0,,0
pythia-410m,draw_2,A2.6,2,6,0.0,2.321928094887362,0.0,,0
pythia-410m,draw_2,A2.7,2,7,-0.0,2.321928094887362,-0.0,control,1
pythia-410m,draw_2,A2.8,2,8,0.0,2.321928094887362,0.0,,0
pythia-410m,draw_2,A2.9,2,9,0.0,2.321928094887362,0.0,,0
pythia-410m,draw_2,A2.10,2,10,2.22442278300112,2.321928094887362,0.9580067478829606,very_high,21
pythia-410m,draw_2,A2.11,2,11,0.0,2.321928094887362,0.0,,0
pythia-410m,draw_2,A2.12,2,12,0.0,2.321928094887362,0.0,,0
pythia-410m,draw_2,A2.13,2,13,-0.0,2.321928094887362,-0.0,low,1
pythia-410m,draw_2,A2.14,2,14,0.0,2.321928094887362,0.0,,0
pythia-410m,draw_2,A2.15,2,15,0.0,2.321928094887362,0.0,,0
pythia-410m,draw_2,A3.0,3,0,0.0,2.321928094887362,0.0,,0
pythia-410m,draw_2,A3.1,3,1,2.256908989558354,2.321928094887362,0.9719977955078913,control,17
pythia-410m,draw_2,A3.2,3,2,-0.0,2.321928094887362,-0.0,medium,1
pythia-410m,draw_2,A3.3,3,3,1.0,2.321928094887362,0.43067655807339306,medium,2
pythia-410m,draw_2,A3.4,3,4,0.0,2.321928094887362,0.0,,0
pythia-410m,draw_2,A3.5,3,5,0.0,2.321928094887362,0.0,,0
pythia-410m,draw_2,A3.6,3,6,0.0,2.321928094887362,0.0,,0
pythia-410m,draw_2,A3.7,3,7,2.0,2.321928094887362,0.8613531161467861,low,4
pythia-410m,draw_2,A3.8,3,8,-0.0,2.321928094887362,-0.0,very_high,1
pythia-410m,draw_2,A3.9,3,9,-0.0,2.321928094887362,-0.0,very_high,2
pythia-410m,draw_2,A3.10,3,10,-0.0,2.321928094887362,-0.0,very_high,2
pythia-410m,draw_2,A3.11,3,11,0.0,2.321928094887362,0.0,,0
pythia-410m,draw_2,A3.12,3,12,1.5,2.321928094887362,0.6460148371100897,low,4
pythia-410m,draw_2,A3.13,3,13,-0.0,2.321928094887362,-0.0,medium,1
pythia-410m,draw_2,A3.14,3,14,0.0,2.321928094887362,0.0,,0
pythia-410m,draw_2,A3.15,3,15,0.0,2.321928094887362,0.0,,0
pythia-410m,draw_2,A4.0,4,0,2.2516291673878226,2.321928094887362,0.9697238998682473,control,6
pythia-410m,draw_2,A4.1,4,1,0.0,2.321928094887362,0.0,,0
pythia-410m,draw_2,A4.2,4,2,0.0,2.321928094887362,0.0,,0
pythia-410m,draw_2,A4.3,4,3,0.0,2.321928094887362,0.0,,0
pythia-410m,draw_2,A4.4,4,4,0.0,2.321928094887362,0.0,,0
pythia-410m,draw_2,A4.5,4,5,1.5219280948873621,2.321928094887362,0.6554587535412855,medium,5
pythia-410m,draw_2,A4.6,4,6,2.197159723424149,2.321928094887362,0.9462651872218009,control,9
pythia-410m,draw_2,A4.7,4,7,0.0,2.321928094887362,0.0,,0
pythia-410m,draw_2,A4.8,4,8,0.0,2.321928094887362,0.0,,0
pythia-410m,draw_2,A4.9,4,9,2.25,2.321928094887362,0.9690222556651344,low,8
pythia-410m,draw_2,A4.10,4,10,-0.0,2.321928094887362,-0.0,high,1
pythia-410m,draw_2,A4.11,4,11,0.0,2.321928094887362,0.0,,0
pythia-410m,draw_2,A4.12,4,12,0.0,2.321928094887362,0.0,,0
pythia-410m,draw_2,A4.13,4,13,0.0,2.321928094887362,0.0,,0
pythia-410m,draw_2,A4.14,4,14,1.5,2.321928094887362,0.6460148371100897,low,4
pythia-410m,draw_2,A4.15,4,15,2.1219280948873624,2.321928094887362,0.9138646883853215,very_high,10
pythia-410m,draw_2,A5.0,5,0,1.5,2.321928094887362,0.6460148371100897,medium,4
pythia-410m,draw_2,A5.1,5,1,1.0,2.321928094887362,0.43067655807339306,very_high,2
pythia-410m,draw_2,A5.2,5,2,2.2991814593727473,2.321928094887362,0.9902035573088157,control,40
pythia-410m,draw_2,A5.3,5,3,1.5219280948873621,2.321928094887362,0.6554587535412855,low,5
pythia-410m,draw_2,A5.4,5,4,1.2516291673878228,2.321928094887362,0.5390473417948543,control,6
pythia-410m,draw_2,A5.5,5,5,1.9749375012019272,2.321928094887362,0.8505592854277136,control,9
pythia-410m,draw_2,A5.6,5,6,0.0,2.321928094887362,0.0,,0
pythia-410m,draw_2,A5.7,5,7,0.0,2.321928094887362,0.0,,0
pythia-410m,draw_2,A5.8,5,8,1.3709505944546687,2.321928094887362,0.5904362833084089,control,5
pythia-410m,draw_2,A5.9,5,9,2.086772686707626,2.321928094887362,0.8987240781928074,control,27
pythia-410m,draw_2,A5.10,5,10,0.0,2.321928094887362,0.0,,0
pythia-410m,draw_2,A5.11,5,11,1.0,2.321928094887362,0.43067655807339306,very_high,4
pythia-410m,draw_2,A5.12,5,12,-0.0,2.321928094887362,-0.0,control,2
pythia-410m,draw_2,A5.13,5,13,0.0,2.321928094887362,0.0,,0
pythia-410m,draw_2,A5.14,5,14,1.584962500721156,2.321928094887362,0.6826061944859853,medium,3
pythia-410m,draw_2,A5.15,5,15,-0.0,2.321928094887362,-0.0,low,1
pythia-410m,draw_2,A6.0,6,0,2.3171522640689273,2.321928094887362,0.9979431616211756,medium,55
pythia-410m,draw_2,A6.1,6,1,-0.0,2.321928094887362,-0.0,very_high,1
pythia-410m,draw_2,A6.2,6,2,0.0,2.321928094887362,0.0,,0
pythia-410m,draw_2,A6.3,6,3,2.2777164229010016,2.321928094887362,0.9809590692822444,high,38
pythia-410m,draw_2,A6.4,6,4,1.9182958340544893,2.321928094887362,0.8261650471771163,medium,6
pythia-410m,draw_2,A6.5,6,5,1.4591479170272446,2.321928094887362,0.6284208026252547,low,6
pythia-410m,draw_2,A6.6,6,6,-0.0,2.321928094887362,-0.0,low,2
pythia-410m,draw_2,A6.7,6,7,0.0,2.321928094887362,0.0,,0
pythia-410m,draw_2,A6.8,6,8,0.0,2.321928094887362,0.0,,0
pythia-410m,draw_2,A6.9,6,9,2.197159723424149,2.321928094887362,0.9462651872218009,medium,9
pythia-410m,draw_2,A6.10,6,10,2.0,2.321928094887362,0.8613531161467861,low,4
pythia-410m,draw_2,A6.11,6,11,1.5,2.321928094887362,0.6460148371100897,low,4
pythia-410m,draw_2,A6.12,6,12,1.9182958340544896,2.321928094887362,0.8261650471771164,high,6
pythia-410m,draw_2,A6.13,6,13,2.1820114610912515,2.321928094887362,0.9397411857394757,control,36
pythia-410m,draw_2,A6.14,6,14,-0.0,2.321928094887362,-0.0,low,1
pythia-410m,draw_2,A6.15,6,15,2.2359263506290326,2.321928094887362,0.9629610647945144,low,7
pythia-410m,draw_2,A7.0,7,0,2.2389053922833737,2.321928094887362,0.9642440682005633,control,47
pythia-410m,draw_2,A7.1,7,1,2.306272171096108,2.321928094887362,0.9932573606281232,control,69
pythia-410m,draw_2,A7.2,7,2,2.260981181017224,2.321928094887362,0.9737515929092133,control,26
pythia-410m,draw_2,A7.3,7,3,0.7219280948873623,2.321928094887362,0.31091750708257115,control,5
pythia-410m,draw_2,A7.4,7,4,1.5219280948873621,2.321928094887362,0.6554587535412855,high,5
pythia-410m,draw_2,A7.5,7,5,0.9182958340544896,2.321928094887362,0.3954884891037233,medium,3
pythia-410m,draw_2,A7.6,7,6,2.1556390622295662,2.321928094887362,0.9283832117695864,high,8
pythia-410m,draw_2,A7.7,7,7,2.24929588972045,2.321928094887362,0.9687190118734337,low,28
pythia-410m,draw_2,A7.8,7,8,2.3173222331458705,2.321928094887362,0.9980163633182124,high,166
pythia-410m,draw_2,A7.9,7,9,2.237397409783102,2.321928094887362,0.9635946154877115,low,13
pythia-410m,draw_2,A7.10,7,10,2.183667077920911,2.321928094887362,0.9404542210971617,medium,17
pythia-410m,draw_2,A7.11,7,11,0.0,2.321928094887362,0.0,,0
pythia-410m,draw_2,A7.12,7,12,1.5,2.321928094887362,0.6460148371100897,control,4
pythia-410m,draw_2,A7.13,7,13,0.9182958340544896,2.321928094887362,0.3954884891037233,low,3
pythia-410m,draw_2,A7.14,7,14,1.75,2.321928094887362,0.7536839766284379,high,8
pythia-410m,draw_2,A7.15,7,15,0.0,2.321928094887362,0.0,,0
pythia-410m,draw_2,A8.0,8,0,2.3045851693377997,2.321928094887362,0.9925308085173913,very_high,24
pythia-410m,draw_2,A8.1,8,1,1.9125056054120888,2.321928094887362,0.8236713314349493,low,24
pythia-410m,draw_2,A8.2,8,2,2.1695990466248736,2.321928094887362,0.9343954497997157,control,38
pythia-410m,draw_2,A8.3,8,3,2.197159723424149,2.321928094887362,0.9462651872218009,high,9
pythia-410m,draw_2,A8.4,8,4,2.278351811711312,2.321928094887362,0.9812327163481073,low,17
pythia-410m,draw_2,A8.5,8,5,2.226415353475711,2.321928094887362,0.9588649012766761,low,21
pythia-410m,draw_2,A8.6,8,6,2.2736210339834537,2.321928094887362,0.9791952812792629,medium,80
pythia-410m,draw_2,A8.7,8,7,2.235675767108528,2.321928094887362,0.9628531443463936,high,51
pythia-410m,draw_2,A8.8,8,8,1.5219280948873621,2.321928094887362,0.6554587535412855,low,5
pythia-410m,draw_2,A8.9,8,9,2.2724876891689534,2.321928094887362,0.9787071762354436,low,50
pythia-410m,draw_2,A8.10,8,10,2.2122028491557013,2.321928094887362,0.9527439088345311,high,23
pythia-410m,draw_2,A8.11,8,11,2.2945776700366283,2.321928094887362,0.9882208131634409,medium,29
pythia-410m,draw_2,A8.12,8,12,2.302133947084423,2.321928094887362,0.991475124554234,medium,42
pythia-410m,draw_2,A8.13,8,13,2.3045308646464164,2.321928094887362,0.9925074207598191,low,43
pythia-410m,draw_2,A8.14,8,14,2.270942421748537,2.321928094887362,0.9780416657815159,low,14
pythia-410m,draw_2,A8.15,8,15,2.281943552451317,2.321928094887362,0.9827795948875047,low,38
pythia-410m,draw_2,A9.0,9,0,2.0717972407264114,2.321928094887362,0.8922745046620039,control,32
pythia-410m,draw_2,A9.1,9,1,2.3098250317561284,2.321928094887362,0.9947874944284952,low,104
pythia-410m,draw_2,A9.2,9,2,1.9709505944546688,2.321928094887362,0.8488422181524448,very_high,10
pythia-410m,draw_2,A9.3,9,3,2.25110818375834,2.321928094887362,0.9694995244318891,control,48
pythia-410m,draw_2,A9.4,9,4,2.306536668355953,2.321928094887362,0.9933712733976132,medium,138
pythia-410m,draw_2,A9.5,9,5,2.3167513692092236,2.321928094887362,0.9977705056028492,high,88
pythia-410m,draw_2,A9.6,9,6,2.2593598634344993,2.321928094887362,0.9730533294331416,low,30
pythia-410m,draw_2,A9.7,9,7,2.1368005201485647,2.321928094887362,0.9202698933070199,low,17
pythia-410m,draw_2,A9.8,9,8,2.116299605701696,2.321928094887362,0.9114406300356854,medium,17
pythia-410m,draw_2,A9.9,9,9,2.227977730389904,2.321928094887362,0.9595377803884941,medium,69
pythia-410m,draw_2,A9.10,9,10,1.0,2.321928094887362,0.43067655807339306,medium,2
pythia-410m,draw_2,A9.11,9,11,0.0,2.321928094887362,0.0,,0
pythia-410m,draw_2,A9.12,9,12,2.1492799881316267,2.321928094887362,0.9256445076245521,very_high,19
pythia-410m,draw_2,A9.13,9,13,2.277286425159469,2.321928094887362,0.9807738793349419,high,72
pythia-410m,draw_2,A9.14,9,14,2.25,2.321928094887362,0.9690222556651344,low,8
pythia-410m,draw_2,A9.15,9,15,1.9182958340544893,2.321928094887362,0.8261650471771163,medium,6
pythia-410m,draw_2,A10.0,10,0,2.297732046516985,2.321928094887362,0.9895793291688686,very_high,145
pythia-410m,draw_2,A10.1,10,1,2.0838561897747248,2.321928094887362,0.8974680113321138,low,25
pythia-410m,draw_2,A10.2,10,2,1.5219280948873621,2.321928094887362,0.6554587535412855,medium,5
pythia-410m,draw_2,A10.3,10,3,2.307694237715827,2.321928094887362,0.993869811385255,control,163
pythia-410m,draw_2,A10.4,10,4,2.2815778290074666,2.321928094887362,0.9826220863735003,high,34
pythia-410m,draw_2,A10.5,10,5,2.185475297227334,2.321928094887362,0.941232978764294,low,20
pythia-410m,draw_2,A10.6,10,6,2.2806390622295662,2.321928094887362,0.9822177815287605,high,16
pythia-410m,draw_2,A10.7,10,7,2.172807661262219,2.321928094887362,0.9357773249079114,high,48
pythia-410m,draw_2,A10.8,10,8,1.9219280948873623,2.321928094887362,0.8277293767706428,control,5
pythia-410m,draw_2,A10.9,10,9,2.303438512216113,2.321928094887362,0.992036970174933,low,65
pythia-410m,draw_2,A10.10,10,10,2.266892984940521,2.321928094887362,0.9762976682749037,high,84
pythia-410m,draw_2,A10.11,10,11,2.1820058147602133,2.321928094887362,0.9397387539970584,low,14
pythia-410m,draw_2,A10.12,10,12,2.124798451846989,2.321928094887362,0.9151008838411354,low,53
pythia-410m,draw_2,A10.13,10,13,2.2731321325783918,2.321928094887362,0.9789847229048936,low,61
pythia-410m,draw_2,A10.14,10,14,2.1219280948873624,2.321928094887362,0.9138646883853215,high,10
pythia-410m,draw_2,A10.15,10,15,2.038159681645953,2.321928094887362,0.8777875964952415,medium,13
pythia-410m,draw_2,A11.0,11,0,1.9219280948873623,2.321928094887362,0.8277293767706428,control,5
pythia-410m,draw_2,A11.1,11,1,2.314344535439937,2.321928094887362,0.996733938719238,very_high,213
pythia-410m,draw_2,A11.2,11,2,2.3125628369856734,2.321928094887362,0.995966602961431,high,136
pythia-410m,draw_2,A11.3,11,3,0.0,2.321928094887362,0.0,,0
pythia-410m,draw_2,A11.4,11,4,2.1358475885141512,2.321928094887362,0.9198594879906314,very_high,53
pythia-410m,draw_2,A11.5,11,5,0.0,2.321928094887362,0.0,,0
pythia-410m,draw_2,A11.6,11,6,2.307407931123643,2.321928094887362,0.9937465058475794,medium,178
pythia-410m,draw_2,A11.7,11,7,1.1567796494470395,2.321928094887362,0.4981978778731972,control,10
pythia-410m,draw_2,A11.8,11,8,2.1820058147602133,2.321928094887362,0.9397387539970584,low,14
pythia-410m,draw_2,A11.9,11,9,1.5219280948873621,2.321928094887362,0.6554587535412855,high,10
pythia-410m,draw_2,A11.10,11,10,0.0,2.321928094887362,0.0,,0
pythia-410m,draw_2,A11.11,11,11,-0.0,2.321928094887362,-0.0,low,1
pythia-410m,draw_2,A11.12,11,12,0.0,2.321928094887362,0.0,,0
pythia-410m,draw_2,A11.13,11,13,2.3162800177604668,2.321928094887362,0.9975675055832556,very_high,80
pythia-410m,draw_2,A11.14,11,14,2.315832389511921,2.321928094887362,0.9973747225898755,control,228
pythia-410m,draw_2,A11.15,11,15,2.1880539091901428,2.321928094887362,0.9423435264890433,low,74
pythia-410m,draw_2,A12.0,12,0,2.207624814509657,2.321928094887362,0.950772256630432,very_high,100
pythia-410m,draw_2,A12.1,12,1,2.1162996057016965,2.321928094887362,0.9114406300356855,low,17
pythia-410m,draw_2,A12.2,12,2,1.5,2.321928094887362,0.6460148371100897,control,4
pythia-410m,draw_2,A12.3,12,3,-0.0,2.321928094887362,-0.0,medium,2
pythia-410m,draw_2,A12.4,12,4,1.9828048930173683,2.321928094887362,0.8539475866558026,high,31
pythia-410m,draw_2,A12.5,12,5,2.287928251915944,2.321928094887362,0.9853570646540338,high,223
pythia-410m,draw_2,A12.6,12,6,0.9852281360342515,2.321928094887362,0.4243146625442961,very_high,7
pythia-410m,draw_2,A12.7,12,7,2.05578756131804,2.321928094887362,0.8853795110385481,low,85
pythia-410m,draw_2,A12.8,12,8,1.8294732983598405,2.321928094887362,0.7879112632247939,very_high,15
pythia-410m,draw_2,A12.9,12,9,2.295465679180292,2.321928094887362,0.9886032578849717,medium,26
pythia-410m,draw_2,A12.10,12,10,2.199079570624175,2.321928094887362,0.9470920204059348,medium,25
pythia-410m,draw_2,A12.11,12,11,2.275545562042269,2.321928094887362,0.9800241303995492,low,77
pythia-410m,draw_2,A12.12,12,12,2.1581047784968117,2.321928094887362,0.9294451379647493,low,22
pythia-410m,draw_2,A12.13,12,13,2.3093670141817695,2.321928094887362,0.9945902369960332,low,288
pythia-410m,draw_2,A12.14,12,14,-0.0,2.321928094887362,-0.0,low,1
pythia-410m,draw_2,A12.15,12,15,-0.0,2.321928094887362,-0.0,control,1
pythia-410m,draw_2,A13.0,13,0,2.2804830119231836,2.321928094887362,0.9821505743199214,low,230
pythia-410m,draw_2,A13.1,13,1,-0.0,2.321928094887362,-0.0,very_high,4
pythia-410m,draw_2,A13.2,13,2,0.0,2.321928094887362,0.0,,0
pythia-410m,draw_2,A13.3,13,3,0.0,2.321928094887362,0.0,,0
pythia-410m,draw_2,A13.4,13,4,0.0,2.321928094887362,0.0,,0
pythia-410m,draw_2,A13.5,13,5,2.242572530766071,2.321928094887362,0.9658234187802699,high,22
pythia-410m,draw_2,A13.6,13,6,0.0,2.321928094887362,0.0,,0
pythia-410m,draw_2,A13.7,13,7,0.0,2.321928094887362,0.0,,0
pythia-410m,draw_2,A13.8,13,8,-0.0,2.321928094887362,-0.0,control,4
pythia-410m,draw_2,A13.9,13,9,1.584962500721156,2.321928094887362,0.6826061944859853,low,9
pythia-410m,draw_2,A13.10,13,10,-0.0,2.321928094887362,-0.0,very_high,1
pythia-410m,draw_2,A13.11,13,11,0.0,2.321928094887362,0.0,,0
pythia-410m,draw_2,A13.12,13,12,2.2135469940708457,2.321928094887362,0.9533228005401373,high,39
pythia-410m,draw_2,A13.13,13,13,-0.0,2.321928094887362,-0.0,medium,1
pythia-410m,draw_2,A13.14,13,14,2.1527217381013255,2.321928094887362,0.9271267886552512,low,23
pythia-410m,draw_2,A13.15,13,15,0.0,2.321928094887362,0.0,,0
pythia-410m,draw_2,A14.0,14,0,2.2899136463777534,2.321928094887362,0.9862121275072638,high,58
pythia-410m,draw_2,A14.1,14,1,1.0,2.321928094887362,0.43067655807339306,low,2
pythia-410m,draw_2,A14.2,14,2,2.2695430870973103,2.321928094887362,0.9774390051503326,very_high,143
pythia-410m,draw_2,A14.3,14,3,-0.0,2.321928094887362,-0.0,very_high,7
pythia-410m,draw_2,A14.4,14,4,0.0,2.321928094887362,0.0,,0
pythia-410m,draw_2,A14.5,14,5,2.2445880911314338,2.321928094887362,0.9666914733810135,very_high,36
pythia-410m,draw_2,A14.6,14,6,-0.0,2.321928094887362,-0.0,medium,3
pythia-410m,draw_2,A14.7,14,7,1.561278124459133,2.321928094887362,0.672405888837342,very_high,8
pythia-410m,draw_2,A14.8,14,8,2.2498844076856956,2.321928094887362,0.9689724727650701,low,86
pythia-410m,draw_2,A14.9,14,9,0.0,2.321928094887362,0.0,,0
pythia-410m,draw_2,A14.10,14,10,0.0,2.321928094887362,0.0,,0
pythia-410m,draw_2,A14.11,14,11,2.3066385274669576,2.321928094887362,0.9934151417289491,low,26
pythia-410m,draw_2,A14.12,14,12,0.0,2.321928094887362,0.0,,0
pythia-410m,draw_2,A14.13,14,13,1.9056390622295665,2.321928094887362,0.8207140722512383,control,8
pythia-410m,draw_2,A14.14,14,14,0.0,2.321928094887362,0.0,,0
pythia-410m,draw_2,A14.15,14,15,2.235336282879157,2.321928094887362,0.9627069364469679,medium,23
pythia-410m,draw_2,A15.0,15,0,2.261996198187295,2.321928094887362,0.9741887370104049,low,23
pythia-410m,draw_2,A15.1,15,1,2.0059777114237742,2.321928094887362,0.8639275763279333,high,14
pythia-410m,draw_2,A15.2,15,2,2.202786544752243,2.321928094887362,0.9486885272642783,medium,38
pythia-410m,draw_2,A15.3,15,3,0.0,2.321928094887362,0.0,,0
pythia-410m,draw_2,A15.4,15,4,2.2752802493540383,2.321928094887362,0.9799098664441688,low,58
pythia-410m,draw_2,A15.5,15,5,2.2382468913956517,2.321928094887362,0.9639604673047509,medium,87
pythia-410m,draw_2,A15.6,15,6,2.3081808567349382,2.321928094887362,0.9940793867894988,very_high,107
pythia-410m,draw_2,A15.7,15,7,0.0,2.321928094887362,0.0,,0
pythia-410m,draw_2,A15.8,15,8,2.262824692361507,2.321928094887362,0.9745455500297384,control,25
pythia-410m,draw_2,A15.9,15,9,0.0,2.321928094887362,0.0,,0
pythia-410m,draw_2,A15.10,15,10,2.0934171466252955,2.321928094887362,0.9015856913204059,very_high,38
pythia-410m,draw_2,A15.11,15,11,2.278321888236182,2.321928094887362,0.9812198290088326,low,85
pythia-410m,draw_2,A15.12,15,12,0.863120568566631,2.321928094887362,0.3717257956726267,medium,14
pythia-410m,draw_2,A15.13,15,13,0.0,2.321928094887362,0.0,,0
pythia-410m,draw_2,A15.14,15,14,2.292575939041037,2.321928094887362,0.9873587145480709,high,33
pythia-410m,draw_2,A15.15,15,15,1.3250112108241772,2.321928094887362,0.5706512676864156,low,12
pythia-410m,draw_2,A16.0,16,0,1.8947396630551758,2.321928094887362,0.8160199565297437,low,30
pythia-410m,draw_2,A16.1,16,1,2.306497029142878,2.321928094887362,0.9933542017177613,very_high,117
pythia-410m,draw_2,A16.2,16,2,0.9182958340544896,2.321928094887362,0.3954884891037233,control,3
pythia-410m,draw_2,A16.3,16,3,2.278874114149919,2.321928094887362,0.9814576597646397,medium,99
pythia-410m,draw_2,A16.4,16,4,2.2547437387732323,2.321928094887362,0.9710652727523894,high,133
pythia-410m,draw_2,A16.5,16,5,2.293398729252964,2.321928094887362,0.9877130710045601,high,155
pythia-410m,draw_2,A16.6,16,6,2.2312702546075758,2.321928094887362,0.9609557933859342,high,11
pythia-410m,draw_2,A16.7,16,7,2.1219860945068927,2.321928094887362,0.9138896674618303,medium,60
pythia-410m,draw_2,A16.8,16,8,0.0,2.321928094887362,0.0,,0
pythia-410m,draw_2,A16.9,16,9,0.0,2.321928094887362,0.0,,0
pythia-410m,draw_2,A16.10,16,10,2.2399343783255765,2.321928094887362,0.9646872283675247,medium,24
pythia-410m,draw_2,A16.11,16,11,2.2097716763014126,2.321928094887362,0.9516968596775645,very_high,40
pythia-410m,draw_2,A16.12,16,12,2.308199051082052,2.321928094887362,0.9940872226682902,low,142
pythia-410m,draw_2,A16.13,16,13,2.2700044736042213,2.321928094887362,0.9776377135030705,very_high,94
pythia-410m,draw_2,A16.14,16,14,2.2773812402999356,2.321928094887362,0.9808147139932912,low,235
pythia-410m,draw_2,A16.15,16,15,2.155612389029002,2.321928094887362,0.9283717242473746,medium,55
pythia-410m,draw_2,A17.0,17,0,1.7609640474436812,2.321928094887362,0.7584059348440358,very_high,10
pythia-410m,draw_2,A17.1,17,1,2.2935087476343283,2.321928094887362,0.9877604533423708,medium,70
pythia-410m,draw_2,A17.2,17,2,2.2190387533006475,2.321928094887362,0.9556879725029961,low,29
pythia-410m,draw_2,A17.3,17,3,0.0,2.321928094887362,0.0,,0
pythia-410m,draw_2,A17.4,17,4,2.2378996977944627,2.321928094887362,0.9638109391596058,medium,87
pythia-410m,draw_2,A17.5,17,5,2.296937865277545,2.321928094887362,0.9892372939261801,low,47
pythia-410m,draw_2,A17.6,17,6,1.2782038389853276,2.321928094887362,0.5504924298903985,low,29
pythia-410m,draw_2,A17.7,17,7,0.8112781244591328,2.321928094887362,0.34939847028229715,low,8
pythia-410m,draw_2,A17.8,17,8,0.0,2.321928094887362,0.0,,0
pythia-410m,draw_2,A17.9,17,9,2.3150938939183106,2.321928094887362,0.997056669849467,high,152
pythia-410m,draw_2,A17.10,17,10,2.1708310657567864,2.321928094887362,0.9349260515589284,medium,112
pythia-410m,draw_2,A17.11,17,11,2.0829954369195955,2.321928094887362,0.897097305255115,high,50
pythia-410m,draw_2,A17.12,17,12,0.0,2.321928094887362,0.0,,0
pythia-410m,draw_2,A17.13,17,13,0.0,2.321928094887362,0.0,,0
pythia-410m,draw_2,A17.14,17,14,1.4591479170272448,2.321928094887362,0.6284208026252547,medium,6
pythia-410m,draw_2,A17.15,17,15,2.271426122006215,2.321928094887362,0.9782499841436316,very_high,95
pythia-410m,draw_2,A18.0,18,0,2.241863286908475,2.321928094887362,0.9655179640768458,very_high,63
pythia-410m,draw_2,A18.1,18,1,-0.0,2.321928094887362,-0.0,very_high,9
pythia-410m,draw_2,A18.2,18,2,1.61355755664231,2.321928094887362,0.694921414748024,low,35
pythia-410m,draw_2,A18.3,18,3,1.4355205042826666,2.321928094887362,0.6182450298282404,control,9
pythia-410m,draw_2,A18.4,18,4,0.0,2.321928094887362,0.0,,0
pythia-410m,draw_2,A18.5,18,5,1.7028195311147831,2.321928094887362,0.7333644546806639,very_high,16
pythia-410m,draw_2,A18.6,18,6,0.0,2.321928094887362,0.0,,0
pythia-410m,draw_2,A18.7,18,7,2.1995812306460647,2.321928094887362,0.9473080736174853,low,15
pythia-410m,draw_2,A18.8,18,8,2.3081234810183555,2.321928094887362,0.994054676413364,medium,130
pythia-410m,draw_2,A18.9,18,9,-0.0,2.321928094887362,-0.0,control,3
pythia-410m,draw_2,A18.10,18,10,1.836591668108979,2.321928094887362,0.7909769782074465,low,9
pythia-410m,draw_2,A18.11,18,11,2.155011676192564,2.321928094887362,0.928113011310587,medium,80
pythia-410m,draw_2,A18.12,18,12,2.271154050501003,2.321928094887362,0.9781328093242172,control,147
pythia-410m,draw_2,A18.13,18,13,2.2637146077525943,2.321928094887362,0.9749288157273484,high,114
pythia-410m,draw_2,A18.14,18,14,2.270123932303094,2.321928094887362,0.977689161564333,control,92
pythia-410m,draw_2,A18.15,18,15,2.188721875540867,2.321928094887362,0.942631203937882,medium,12
pythia-410m,draw_2,A19.0,19,0,0.0,2.321928094887362,0.0,,0
pythia-410m,draw_2,A19.1,19,1,-0.0,2.321928094887362,-0.0,low,2
pythia-410m,draw_2,A19.2,19,2,2.2073863522630703,2.321928094887362,0.9506695565308415,low,94
pythia-410m,draw_2,A19.3,19,3,1.5709505944546684,2.321928094887362,0.6765715949230874,medium,10
pythia-410m,draw_2,A19.4,19,4,2.0588138903312014,2.321928094887362,0.8866828800015341,medium,27
pythia-410m,draw_2,A19.5,19,5,2.2607845582978525,2.321928094887362,0.9736669121131954,high,18
pythia-410m,draw_2,A19.6,19,6,2.2464393446710154,2.321928094887362,0.9674887648835616,high,10
pythia-410m,draw_2,A19.7,19,7,2.165613401590347,2.321928094887362,0.9326789259145435,very_high,120
pythia-410m,draw_2,A19.8,19,8,1.7827981151788008,2.321928094887362,0.7678093559849385,high,30
pythia-410m,draw_2,A19.9,19,9,2.3006072031502374,2.321928094887362,0.9908175917315997,low,79
pythia-410m,draw_2,A19.10,19,10,1.0,2.321928094887362,0.43067655807339306,low,2
pythia-410m,draw_2,A19.11,19,11,1.8044361076391144,2.321928094887362,0.7771283321013644,medium,34
pythia-410m,draw_2,A19.12,19,12,2.281932786730063,2.321928094887362,0.9827749583437297,control,49
pythia-410m,draw_2,A19.13,19,13,0.0,2.321928094887362,0.0,,0
pythia-410m,draw_2,A19.14,19,14,1.5566567074628228,2.321928094887362,0.6704155528719493,very_high,7
pythia-410m,draw_2,A19.15,19,15,2.2103562005634556,2.321928094887362,0.9519486005748515,low,276
pythia-410m,draw_2,A20.0,20,0,0.0,2.321928094887362,0.0,,0
pythia-410m,draw_2,A20.1,20,1,2.210699332842307,2.321928094887362,0.9520963796036712,medium,25
pythia-410m,draw_2,A20.2,20,2,2.248966600123299,2.321928094887362,0.9685771945631233,control,73
pythia-410m,draw_2,A20.3,20,3,0.0,2.321928094887362,0.0,,0
pythia-410m,draw_2,A20.4,20,4,0.0,2.321928094887362,0.0,,0
pythia-410m,draw_2,A20.5,20,5,0.0,2.321928094887362,0.0,,0
pythia-410m,draw_2,A20.6,20,6,1.5726236638951638,2.321928094887362,0.6772921467111377,medium,11
pythia-410m,draw_2,A20.7,20,7,1.7924812503605778,2.321928094887362,0.7719796553163857,very_high,6
pythia-410m,draw_2,A20.8,20,8,0.0,2.321928094887362,0.0,,0
pythia-410m,draw_2,A20.9,20,9,0.0,2.321928094887362,0.0,,0
pythia-410m,draw_2,A20.10,20,10,0.0,2.321928094887362,0.0,,0
pythia-410m,draw_2,A20.11,20,11,0.0,2.321928094887362,0.0,,0
pythia-410m,draw_2,A20.12,20,12,0.0,2.321928094887362,0.0,,0
pythia-410m,draw_2,A20.13,20,13,2.0574635032744535,2.321928094887362,0.8861012999518669,medium,29
pythia-410m,draw_2,A20.14,20,14,1.561278124459133,2.321928094887362,0.672405888837342,low,8
pythia-410m,draw_2,A20.15,20,15,0.7642045065086203,2.321928094887362,0.3291249665273085,medium,9
pythia-410m,draw_2,A21.0,21,0,1.584962500721156,2.321928094887362,0.6826061944859853,low,3
pythia-410m,draw_2,A21.1,21,1,2.2296723367048004,2.321928094887362,0.960267607603483,very_high,27
pythia-410m,draw_2,A21.2,21,2,2.313459750171824,2.321928094887362,0.996352882445333,low,19
pythia-410m,draw_2,A21.3,21,3,0.0,2.321928094887362,0.0,,0
pythia-410m,draw_2,A21.4,21,4,1.865150715358917,2.321928094887362,0.8032766903789053,medium,38
pythia-410m,draw_2,A21.5,21,5,0.0,2.321928094887362,0.0,,0
pythia-410m,draw_2,A21.6,21,6,1.0,2.321928094887362,0.43067655807339306,high,2
pythia-410m,draw_2,A21.7,21,7,1.993889614921999,2.321928094887362,0.8587215165328896,medium,29
pythia-410m,draw_2,A21.8,21,8,-0.0,2.321928094887362,-0.0,medium,2
pythia-410m,draw_2,A21.9,21,9,-0.0,2.321928094887362,-0.0,medium,1
pythia-410m,draw_2,A21.10,21,10,0.0,2.321928094887362,0.0,,0
pythia-410m,draw_2,A21.11,21,11,0.0,2.321928094887362,0.0,,0
pythia-410m,draw_2,A21.12,21,12,2.0860476206048344,2.321928094887362,0.8984118092192814,very_high,31
pythia-410m,draw_2,A21.13,21,13,-0.0,2.321928094887362,-0.0,low,2
pythia-410m,draw_2,A21.14,21,14,1.7967916319816366,2.321928094887362,0.773836035636926,low,15
pythia-410m,draw_2,A21.15,21,15,0.0,2.321928094887362,0.0,,0
pythia-410m,draw_2,A22.0,22,0,0.0,2.321928094887362,0.0,,0
pythia-410m,draw_2,A22.1,22,1,0.0,2.321928094887362,0.0,,0
pythia-410m,draw_2,A22.2,22,2,1.988052541194056,2.321928094887362,0.8562076257105186,low,53
pythia-410m,draw_2,A22.3,22,3,1.6577427265048887,2.321928094887362,0.7139509316223277,medium,9
pythia-410m,draw_2,A22.4,22,4,0.0,2.321928094887362,0.0,,0
pythia-410m,draw_2,A22.5,22,5,0.0,2.321928094887362,0.0,,0
pythia-410m,draw_2,A22.6,22,6,2.146734974367858,2.321928094887362,0.9245484298565227,low,82
pythia-410m,draw_2,A22.7,22,7,0.0,2.321928094887362,0.0,,0
pythia-410m,draw_2,A22.8,22,8,0.0,2.321928094887362,0.0,,0
pythia-410m,draw_2,A22.9,22,9,0.0,2.321928094887362,0.0,,0
pythia-410m,draw_2,A22.10,22,10,-0.0,2.321928094887362,-0.0,high,1
pythia-410m,draw_2,A22.11,22,11,2.250770316020851,2.321928094887362,0.9693540127176233,medium,73
pythia-410m,draw_2,A22.12,22,12,-0.0,2.321928094887362,-0.0,very_high,1
pythia-410m,draw_2,A22.13,22,13,-0.0,2.321928094887362,-0.0,control,2
pythia-410m,draw_2,A22.14,22,14,0.0,2.321928094887362,0.0,,0
pythia-410m,draw_2,A22.15,22,15,-0.0,2.321928094887362,-0.0,very_high,1
pythia-410m,draw_2,A23.0,23,0,0.0,2.321928094887362,0.0,,0
pythia-410m,draw_2,A23.1,23,1,1.3709505944546687,2.321928094887362,0.5904362833084089,low,5
pythia-410m,draw_2,A23.2,23,2,0.0,2.321928094887362,0.0,,0
pythia-410m,draw_2,A23.3,23,3,0.0,2.321928094887362,0.0,,0
pythia-410m,draw_2,A23.4,23,4,0.0,2.321928094887362,0.0,,0
pythia-410m,draw_2,A23.5,23,5,0.0,2.321928094887362,0.0,,0
pythia-410m,draw_2,A23.6,23,6,0.0,2.321928094887362,0.0,,0
pythia-410m,draw_2,A23.7,23,7,0.0,2.321928094887362,0.0,,0
pythia-410m,draw_2,A23.8,23,8,0.0,2.321928094887362,0.0,,0
pythia-410m,draw_2,A23.9,23,9,0.0,2.321928094887362,0.0,,0
pythia-410m,draw_2,A23.10,23,10,0.0,2.321928094887362,0.0,,0
pythia-410m,draw_2,A23.11,23,11,0.0,2.321928094887362,0.0,,0
pythia-410m,draw_2,A23.12,23,12,1.9591479170272448,2.321928094887362,0.8437590816619512,low,12
pythia-410m,draw_2,A23.13,23,13,-0.0,2.321928094887362,-0.0,very_high,1
pythia-410m,draw_2,A23.14,23,14,0.0,2.321928094887362,0.0,,0
pythia-410m,draw_2,A23.15,23,15,-0.0,2.321928094887362,-0.0,medium,1
pythia-410m,draw_3,A0.0,0,0,2.321928094887362,2.321928094887362,1.0,low,5
pythia-410m,draw_3,A0.1,0,1,0.0,2.321928094887362,0.0,,0
pythia-410m,draw_3,A0.2,0,2,1.0,2.321928094887362,0.43067655807339306,low,2
pythia-410m,draw_3,A0.3,0,3,2.0,2.321928094887362,0.8613531161467861,low,4
pythia-410m,draw_3,A0.4,0,4,1.0,2.321928094887362,0.43067655807339306,low,2
pythia-410m,draw_3,A0.5,0,5,2.0,2.321928094887362,0.8613531161467861,low,4
pythia-410m,draw_3,A0.6,0,6,1.584962500721156,2.321928094887362,0.6826061944859853,low,3
pythia-410m,draw_3,A0.7,0,7,2.321928094887362,2.321928094887362,1.0,low,5
pythia-410m,draw_3,A0.8,0,8,0.0,2.321928094887362,0.0,,0
pythia-410m,draw_3,A0.9,0,9,-0.0,2.321928094887362,-0.0,very_high,1
pythia-410m,draw_3,A0.10,0,10,-0.0,2.321928094887362,-0.0,very_high,1
pythia-410m,draw_3,A0.11,0,11,-0.0,2.321928094887362,-0.0,medium,1
pythia-410m,draw_3,A0.12,0,12,1.0,2.321928094887362,0.43067655807339306,low,2
pythia-410m,draw_3,A0.13,0,13,0.0,2.321928094887362,0.0,,0
pythia-410m,draw_3,A0.14,0,14,2.0,2.321928094887362,0.8613531161467861,low,4
pythia-410m,draw_3,A0.15,0,15,1.584962500721156,2.321928094887362,0.6826061944859853,low,3
pythia-410m,draw_3,A1.0,1,0,0.0,2.321928094887362,0.0,,0
pythia-410m,draw_3,A1.1,1,1,0.0,2.321928094887362,0.0,,0
pythia-410m,draw_3,A1.2,1,2,-0.0,2.321928094887362,-0.0,low,1
pythia-410m,draw_3,A1.3,1,3,2.2516291673878226,2.321928094887362,0.9697238998682473,medium,6
pythia-410m,draw_3,A1.4,1,4,2.058813890331201,2.321928094887362,0.8866828800015338,low,9
pythia-410m,draw_3,A1.5,1,5,1.584962500721156,2.321928094887362,0.6826061944859853,low,3
pythia-410m,draw_3,A1.6,1,6,1.4591479170272448,2.321928094887362,0.6284208026252547,control,6
pythia-410m,draw_3,A1.7,1,7,-0.0,2.321928094887362,-0.0,low,1
pythia-410m,draw_3,A1.8,1,8,2.0,2.321928094887362,0.8613531161467861,low,4
pythia-410m,draw_3,A1.9,1,9,1.5219280948873621,2.321928094887362,0.6554587535412855,very_high,5
pythia-410m,draw_3,A1.10,1,10,1.9219280948873623,2.321928094887362,0.8277293767706428,very_high,5
pythia-410m,draw_3,A1.11,1,11,1.9219280948873623,2.321928094887362,0.8277293767706428,very_high,5
pythia-410m,draw_3,A1.12,1,12,1.584962500721156,2.321928094887362,0.6826061944859853,low,3
pythia-410m,draw_3,A1.13,1,13,1.9219280948873623,2.321928094887362,0.8277293767706428,control,5
pythia-410m,draw_3,A1.14,1,14,2.321928094887362,2.321928094887362,1.0,low,5
pythia-410m,draw_3,A1.15,1,15,2.128085278891394,2.321928094887362,0.9165164431996023,control,7
pythia-410m,draw_3,A2.0,2,0,0.9182958340544896,2.321928094887362,0.3954884891037233,low,3
pythia-410m,draw_3,A2.1,2,1,0.0,2.321928094887362,0.0,,0
pythia-410m,draw_3,A2.2,2,2,0.0,2.321928094887362,0.0,,0
pythia-410m,draw_3,A2.3,2,3,1.5,2.321928094887362,0.6460148371100897,high,4
pythia-410m,draw_3,A2.4,2,4,0.0,2.321928094887362,0.0,,0
pythia-410m,draw_3,A2.5,2,5,0.0,2.321928094887362,0.0,,0
pythia-410m,draw_3,A2.6,2,6,0.0,2.321928094887362,0.0,,0
pythia-410m,draw_3,A2.7,2,7,-0.0,2.321928094887362,-0.0,low,1
pythia-410m,draw_3,A2.8,2,8,0.0,2.321928094887362,0.0,,0
pythia-410m,draw_3,A2.9,2,9,1.0,2.321928094887362,0.43067655807339306,low,2
pythia-410m,draw_3,A2.10,2,10,2.259141984247902,2.321928094887362,0.972959493974982,low,22
pythia-410m,draw_3,A2.11,2,11,0.0,2.321928094887362,0.0,,0
pythia-410m,draw_3,A2.12,2,12,0.0,2.321928094887362,0.0,,0
pythia-410m,draw_3,A2.13,2,13,-0.0,2.321928094887362,-0.0,very_high,2
pythia-410m,draw_3,A2.14,2,14,0.0,2.321928094887362,0.0,,0
pythia-410m,draw_3,A2.15,2,15,-0.0,2.321928094887362,-0.0,control,1
pythia-410m,draw_3,A3.0,3,0,0.0,2.321928094887362,0.0,,0
pythia-410m,draw_3,A3.1,3,1,2.292481250360578,2.321928094887362,0.9873179343530822,high,12
pythia-410m,draw_3,A3.2,3,2,-0.0,2.321928094887362,-0.0,low,1
pythia-410m,draw_3,A3.3,3,3,-0.0,2.321928094887362,-0.0,high,1
pythia-410m,draw_3,A3.4,3,4,0.0,2.321928094887362,0.0,,0
pythia-410m,draw_3,A3.5,3,5,0.0,2.321928094887362,0.0,,0
pythia-410m,draw_3,A3.6,3,6,-0.0,2.321928094887362,-0.0,very_high,1
pythia-410m,draw_3,A3.7,3,7,1.3709505944546687,2.321928094887362,0.5904362833084089,medium,5
pythia-410m,draw_3,A3.8,3,8,-0.0,2.321928094887362,-0.0,very_high,2
pythia-410m,draw_3,A3.9,3,9,1.0,2.321928094887362,0.43067655807339306,medium,2
pythia-410m,draw_3,A3.10,3,10,1.4591479170272448,2.321928094887362,0.6284208026252547,control,6
pythia-410m,draw_3,A3.11,3,11,0.0,2.321928094887362,0.0,,0
pythia-410m,draw_3,A3.12,3,12,2.1180782093497093,2.321928094887362,0.9122066329329885,low,11
pythia-410m,draw_3,A3.13,3,13,0.0,2.321928094887362,0.0,,0
pythia-410m,draw_3,A3.14,3,14,0.0,2.321928094887362,0.0,,0
pythia-410m,draw_3,A3.15,3,15,0.0,2.321928094887362,0.0,,0
pythia-410m,draw_3,A4.0,4,0,1.0,2.321928094887362,0.43067655807339306,low,2
pythia-410m,draw_3,A4.1,4,1,0.0,2.321928094887362,0.0,,0
pythia-410m,draw_3,A4.2,4,2,0.0,2.321928094887362,0.0,,0
pythia-410m,draw_3,A4.3,4,3,0.0,2.321928094887362,0.0,,0
pythia-410m,draw_3,A4.4,4,4,0.0,2.321928094887362,0.0,,0
pythia-410m,draw_3,A4.5,4,5,1.9219280948873623,2.321928094887362,0.8277293767706428,high,5
pythia-410m,draw_3,A4.6,4,6,2.25,2.321928094887362,0.9690222556651344,high,8
pythia-410m,draw_3,A4.7,4,7,0.0,2.321928094887362,0.0,,0
pythia-410m,draw_3,A4.8,4,8,0.0,2.321928094887362,0.0,,0
pythia-410m,draw_3,A4.9,4,9,1.5,2.321928094887362,0.6460148371100897,medium,8
pythia-410m,draw_3,A4.10,4,10,0.0,2.321928094887362,0.0,,0
pythia-410m,draw_3,A4.11,4,11,0.0,2.321928094887362,0.0,,0
pythia-410m,draw_3,A4.12,4,12,0.0,2.321928094887362,0.0,,0
pythia-410m,draw_3,A4.13,4,13,-0.0,2.321928094887362,-0.0,low,1
pythia-410m,draw_3,A4.14,4,14,1.5,2.321928094887362,0.6460148371100897,low,4
pythia-410m,draw_3,A4.15,4,15,2.0588138903312014,2.321928094887362,0.8866828800015341,very_high,9
pythia-410m,draw_3,A5.0,5,0,-0.0,2.321928094887362,-0.0,low,1
pythia-410m,draw_3,A5.1,5,1,-0.0,2.321928094887362,-0.0,control,2
pythia-410m,draw_3,A5.2,5,2,2.3174078582027615,2.321928094887362,0.9980532400229991,high,40
pythia-410m,draw_3,A5.3,5,3,1.561278124459133,2.321928094887362,0.672405888837342,medium,8
pythia-410m,draw_3,A5.4,5,4,2.1626441180472606,2.321928094887362,0.931400125098263,low,11
pythia-410m,draw_3,A5.5,5,5,2.1492553971685,2.321928094887362,0.925633916873193,very_high,15
pythia-410m,draw_3,A5.6,5,6,0.0,2.321928094887362,0.0,,0
pythia-410m,draw_3,A5.7,5,7,0.0,2.321928094887362,0.0,,0
pythia-410m,draw_3,A5.8,5,8,1.9219280948873623,2.321928094887362,0.8277293767706428,low,5
pythia-410m,draw_3,A5.9,5,9,2.1834949936349015,2.321928094887362,0.9403801084291648,very_high,34
pythia-410m,draw_3,A5.10,5,10,0.0,2.321928094887362,0.0,,0
pythia-410m,draw_3,A5.11,5,11,1.5219280948873621,2.321928094887362,0.6554587535412855,medium,5
pythia-410m,draw_3,A5.12,5,12,1.4056390622295665,2.321928094887362,0.6053757932145417,medium,8
pythia-410m,draw_3,A5.13,5,13,0.0,2.321928094887362,0.0,,0
pythia-410m,draw_3,A5.14,5,14,-0.0,2.321928094887362,-0.0,very_high,3
pythia-410m,draw_3,A5.15,5,15,1.0,2.321928094887362,0.43067655807339306,high,2
pythia-410m,draw_3,A6.0,6,0,2.296923494965323,2.321928094887362,0.9892311049695739,medium,60
pythia-410m,draw_3,A6.1,6,1,1.0,2.321928094887362,0.43067655807339306,medium,2
pythia-410m,draw_3,A6.2,6,2,-0.0,2.321928094887362,-0.0,medium,1
pythia-410m,draw_3,A6.3,6,3,2.25576207309274,2.321928094887362,0.971503845472083,high,36
pythia-410m,draw_3,A6.4,6,4,1.3709505944546687,2.321928094887362,0.5904362833084089,low,5
pythia-410m,draw_3,A6.5,6,5,1.75,2.321928094887362,0.7536839766284379,medium,8
pythia-410m,draw_3,A6.6,6,6,1.0,2.321928094887362,0.43067655807339306,low,2
pythia-410m,draw_3,A6.7,6,7,0.0,2.321928094887362,0.0,,0
pythia-410m,draw_3,A6.8,6,8,0.0,2.321928094887362,0.0,,0
pythia-410m,draw_3,A6.9,6,9,1.8423709931771084,2.321928094887362,0.7934659980357758,low,7
pythia-410m,draw_3,A6.10,6,10,0.9182958340544896,2.321928094887362,0.3954884891037233,high,3
pythia-410m,draw_3,A6.11,6,11,1.8423709931771084,2.321928094887362,0.7934659980357758,medium,7
pythia-410m,draw_3,A6.12,6,12,2.161978179679554,2.321928094887362,0.93111332105417,medium,13
pythia-410m,draw_3,A6.13,6,13,2.2383868473314767,2.321928094887362,0.964020743045474,medium,30
pythia-410m,draw_3,A6.14,6,14,-0.0,2.321928094887362,-0.0,control,1
pythia-410m,draw_3,A6.15,6,15,2.1556390622295662,2.321928094887362,0.9283832117695864,high,8
pythia-410m,draw_3,A7.0,7,0,2.2646251765577246,2.321928094887362,0.9753209763662309,very_high,41
pythia-410m,draw_3,A7.1,7,1,2.269858529516835,2.321928094887362,0.9775748588058438,medium,68
pythia-410m,draw_3,A7.2,7,2,2.2966496579651245,2.321928094887362,0.9891131697928554,medium,39
pythia-410m,draw_3,A7.3,7,3,1.974937501201927,2.321928094887362,0.8505592854277135,high,9
pythia-410m,draw_3,A7.4,7,4,2.199687794731328,2.321928094887362,0.9473539682709406,low,13
pythia-410m,draw_3,A7.5,7,5,-0.0,2.321928094887362,-0.0,medium,1
pythia-410m,draw_3,A7.6,7,6,1.7609640474436812,2.321928094887362,0.7584059348440358,very_high,10
pythia-410m,draw_3,A7.7,7,7,2.2322628970242686,2.321928094887362,0.9613833012053531,very_high,15
pythia-410m,draw_3,A7.8,7,8,2.31263620737496,2.321928094887362,0.9959982018681534,very_high,188
pythia-410m,draw_3,A7.9,7,9,1.8676338909712125,2.321928094887362,0.8043461359047005,very_high,11
pythia-410m,draw_3,A7.10,7,10,2.252628376133506,2.321928094887362,0.9701542356516352,medium,31
pythia-410m,draw_3,A7.11,7,11,0.0,2.321928094887362,0.0,,0
pythia-410m,draw_3,A7.12,7,12,1.5,2.321928094887362,0.6460148371100897,low,4
pythia-410m,draw_3,A7.13,7,13,1.584962500721156,2.321928094887362,0.6826061944859853,medium,3
pythia-410m,draw_3,A7.14,7,14,1.9808259362290785,2.321928094887362,0.8530952963576459,low,11
pythia-410m,draw_3,A7.15,7,15,0.0,2.321928094887362,0.0,,0
pythia-410m,draw_3,A8.0,8,0,2.197159723424149,2.321928094887362,0.9462651872218009,medium,36
pythia-410m,draw_3,A8.1,8,1,2.2062389286533897,2.321928094887362,0.9501753880799721,high,15
pythia-410m,draw_3,A8.2,8,2,2.2481524643989688,2.321928094887362,0.9682265653915643,low,48
pythia-410m,draw_3,A8.3,8,3,2.25,2.321928094887362,0.9690222556651344,low,8
pythia-410m,draw_3,A8.4,8,4,1.75,2.321928094887362,0.7536839766284379,medium,8
pythia-410m,draw_3,A8.5,8,5,1.9484930703645584,2.321928094887362,0.8391702889744658,medium,25
pythia-410m,draw_3,A8.6,8,6,2.2570755873791817,2.321928094887362,0.972069545283948,low,80
pythia-410m,draw_3,A8.7,8,7,2.298406121248364,2.321928094887362,0.9898696373540633,low,54
pythia-410m,draw_3,A8.8,8,8,1.2516291673878228,2.321928094887362,0.5390473417948543,low,6
pythia-410m,draw_3,A8.9,8,9,2.306536668355953,2.321928094887362,0.9933712733976132,medium,46
pythia-410m,draw_3,A8.10,8,10,2.165957320949175,2.321928094887362,0.9328270439202583,very_high,20
pythia-410m,draw_3,A8.11,8,11,2.243735757336199,2.321928094887362,0.9663243931957521,medium,26
pythia-410m,draw_3,A8.12,8,12,2.1847492146208163,2.321928094887362,0.9409202720064419,low,46
pythia-410m,draw_3,A8.13,8,13,2.284687689511207,2.321928094887362,0.9839614303913397,low,41
pythia-410m,draw_3,A8.14,8,14,1.9903166968736792,2.321928094887362,0.857182744485561,control,17
pythia-410m,draw_3,A8.15,8,15,2.2961399650265077,2.321928094887362,0.9888936569923775,low,30
pythia-410m,draw_3,A9.0,9,0,2.1831087631043564,2.321928094887362,0.9402137679936466,control,39
pythia-410m,draw_3,A9.1,9,1,2.313525734991652,2.321928094887362,0.9963813005604215,very_high,108
pythia-410m,draw_3,A9.2,9,2,2.2272170014624826,2.321928094887362,0.9592101522724052,low,16
pythia-410m,draw_3,A9.3,9,3,2.20486170411182,2.321928094887362,0.9495822497547147,low,55
pythia-410m,draw_3,A9.4,9,4,2.26606558239572,2.321928094887362,0.9759413253947675,medium,123
pythia-410m,draw_3,A9.5,9,5,2.3003581022417685,2.321928094887362,0.9907103098097273,low,110
pythia-410m,draw_3,A9.6,9,6,2.241946032206046,2.321928094887362,0.9655536005368003,low,30
pythia-410m,draw_3,A9.7,9,7,1.3787834934861753,2.321928094887362,0.5938097293030346,low,7
pythia-410m,draw_3,A9.8,9,8,1.9329145639793979,2.321928094887362,0.8324609914645804,low,15
pythia-410m,draw_3,A9.9,9,9,2.285290399014859,2.321928094887362,0.9842210032458907,medium,72
pythia-410m,draw_3,A9.10,9,10,0.0,2.321928094887362,0.0,,0
pythia-410m,draw_3,A9.11,9,11,0.0,2.321928094887362,0.0,,0
pythia-410m,draw_3,A9.12,9,12,2.25,2.321928094887362,0.9690222556651344,low,16
pythia-410m,draw_3,A9.13,9,13,2.305125052694657,2.321928094887362,0.9927633236232837,medium,56
pythia-410m,draw_3,A9.14,9,14,1.75,2.321928094887362,0.7536839766284379,medium,8
pythia-410m,draw_3,A9.15,9,15,1.5,2.321928094887362,0.6460148371100897,medium,4
pythia-410m,draw_3,A10.0,10,0,2.2853557806467566,2.321928094887362,0.9842491615820774,low,142
pythia-410m,draw_3,A10.1,10,1,2.1854752972273346,2.321928094887362,0.9412329787642941,low,20
pythia-410m,draw_3,A10.2,10,2,1.0,2.321928094887362,0.43067655807339306,medium,2
pythia-410m,draw_3,A10.3,10,3,2.3126641924900606,2.321928094887362,0.9960102544012023,medium,171
pythia-410m,draw_3,A10.4,10,4,2.2755480322505153,2.321928094887362,0.9800251942603344,very_high,60
pythia-410m,draw_3,A10.5,10,5,2.3100390843713403,2.321928094887362,0.9948796818720613,high,29
pythia-410m,draw_3,A10.6,10,6,2.121276357834812,2.321928094887362,0.9135840005147602,low,19
pythia-410m,draw_3,A10.7,10,7,2.0700755037471223,2.321928094887362,0.891532992905856,medium,68
pythia-410m,draw_3,A10.8,10,8,1.5,2.321928094887362,0.6460148371100897,medium,4
pythia-410m,draw_3,A10.9,10,9,2.2922381921018906,2.321928094887362,0.9872132548588195,low,50
pythia-410m,draw_3,A10.10,10,10,2.289803807778231,2.321928094887362,0.9861648225972779,low,78
pythia-410m,draw_3,A10.11,10,11,2.224394445405986,2.321928094887362,0.9579945435450241,high,18
pythia-410m,draw_3,A10.12,10,12,2.265423752779434,2.321928094887362,0.9756649044247561,low,41
pythia-410m,draw_3,A10.13,10,13,2.1998737308598,2.321928094887362,0.9474340466027725,low,35
pythia-410m,draw_3,A10.14,10,14,2.0418145155018155,2.321928094887362,0.8793616477606145,medium,19
pythia-410m,draw_3,A10.15,10,15,1.75,2.321928094887362,0.7536839766284379,medium,8
pythia-410m,draw_3,A11.0,11,0,0.9182958340544896,2.321928094887362,0.3954884891037233,high,3
pythia-410m,draw_3,A11.1,11,1,2.2965519313384046,2.321928094887362,0.9890710812256275,low,199
pythia-410m,draw_3,A11.2,11,2,2.301002034011742,2.321928094887362,0.9909876361280535,medium,137
pythia-410m,draw_3,A11.3,11,3,-0.0,2.321928094887362,-0.0,very_high,3
pythia-410m,draw_3,A11.4,11,4,2.176654930513493,2.321928094887362,0.9374342535870318,medium,39
pythia-410m,draw_3,A11.5,11,5,-0.0,2.321928094887362,-0.0,high,4
pythia-410m,draw_3,A11.6,11,6,2.297008474351304,2.321928094887362,0.9892677035990354,medium,177
pythia-410m,draw_3,A11.7,11,7,1.4488156357251847,2.321928094887362,0.6239709312770374,low,7
pythia-410m,draw_3,A11.8,11,8,1.6767370300521325,2.321928094887362,0.7221313328970559,high,11
pythia-410m,draw_3,A11.9,11,9,2.170950594454669,2.321928094887362,0.9349775297671234,medium,10
pythia-410m,draw_3,A11.10,11,10,0.0,2.321928094887362,0.0,,0
pythia-410m,draw_3,A11.11,11,11,0.0,2.321928094887362,0.0,,0
pythia-410m,draw_3,A11.12,11,12,-0.0,2.321928094887362,-0.0,very_high,1
pythia-410m,draw_3,A11.13,11,13,2.2269326746765556,2.321928094887362,0.9590876993908742,medium,116
pythia-410m,draw_3,A11.14,11,14,2.307043395701111,2.321928094887362,0.9935895089865076,low,235
pythia-410m,draw_3,A11.15,11,15,1.9829943537120263,2.321928094887362,0.8540291829356681,low,69
pythia-410m,draw_3,A12.0,12,0,2.294949079588062,2.321928094887362,0.988380770550688,low,97
pythia-410m,draw_3,A12.1,12,1,2.1352130207431887,2.321928094887362,0.9195861945271689,medium,24
pythia-410m,draw_3,A12.2,12,2,1.9502120649147465,2.321928094887362,0.8399106196306877,low,7
pythia-410m,draw_3,A12.3,12,3,-0.0,2.321928094887362,-0.0,medium,1
pythia-410m,draw_3,A12.4,12,4,2.1393538721672005,2.321928094887362,0.9213695621659557,medium,20
pythia-410m,draw_3,A12.5,12,5,2.3051241408406877,2.321928094887362,0.9927629309091548,medium,240
pythia-410m,draw_3,A12.6,12,6,1.95006375643621,2.321928094887362,0.8398467466456184,low,13
pythia-410m,draw_3,A12.7,12,7,2.1664524228505995,2.321928094887362,0.9330402727030593,medium,112
pythia-410m,draw_3,A12.8,12,8,1.5304930567574824,2.321928094887362,0.6591474818395388,low,9
pythia-410m,draw_3,A12.9,12,9,2.304944618932362,2.321928094887362,0.9926856150315784,high,35
pythia-410m,draw_3,A12.10,12,10,2.1229853836154926,2.321928094887362,0.9143200378556424,low,29
pythia-410m,draw_3,A12.11,12,11,2.1527447991987163,2.321928094887362,0.9271367205293009,low,79
pythia-410m,draw_3,A12.12,12,12,2.1624270718944847,2.321928094887362,0.9313066484082424,low,51
pythia-410m,draw_3,A12.13,12,13,2.308293650740742,2.321928094887362,0.9941279645236898,medium,270
pythia-410m,draw_3,A12.14,12,14,1.0,2.321928094887362,0.43067655807339306,low,6
pythia-410m,draw_3,A12.15,12,15,0.9182958340544896,2.321928094887362,0.3954884891037233,low,3
pythia-410m,draw_3,A13.0,13,0,2.2672370513794267,2.321928094887362,0.9764458496245602,low,226
pythia-410m,draw_3,A13.1,13,1,1.0,2.321928094887362,0.43067655807339306,low,4
pythia-410m,draw_3,A13.2,13,2,0.0,2.321928094887362,0.0,,0
pythia-410m,draw_3,A13.3,13,3,0.0,2.321928094887362,0.0,,0
pythia-410m,draw_3,A13.4,13,4,0.0,2.321928094887362,0.0,,0
pythia-410m,draw_3,A13.5,13,5,2.2091479170272446,2.321928094887362,0.9514282211802995,control,24
pythia-410m,draw_3,A13.6,13,6,0.0,2.321928094887362,0.0,,0
pythia-410m,draw_3,A13.7,13,7,-0.0,2.321928094887362,-0.0,low,3
pythia-410m,draw_3,A13.8,13,8,-0.0,2.321928094887362,-0.0,medium,3
pythia-410m,draw_3,A13.9,13,9,1.3787834934861753,2.321928094887362,0.5938097293030346,very_high,7
pythia-410m,draw_3,A13.10,13,10,0.0,2.321928094887362,0.0,,0
pythia-410m,draw_3,A13.11,13,11,0.0,2.321928094887362,0.0,,0
pythia-410m,draw_3,A13.12,13,12,2.254908605622865,2.321928094887362,0.9711362770397297,control,26
pythia-410m,draw_3,A13.13,13,13,-0.0,2.321928094887362,-0.0,low,2
pythia-410m,draw_3,A13.14,13,14,2.242572530766071,2.321928094887362,0.9658234187802699,medium,22
pythia-410m,draw_3,A13.15,13,15,0.0,2.321928094887362,0.0,,0
pythia-410m,draw_3,A14.0,14,0,2.261451749306845,2.321928094887362,0.9739542556405258,high,85
pythia-410m,draw_3,A14.1,14,1,1.7295739585136223,2.321928094887362,0.7448869593860205,high,12
pythia-410m,draw_3,A14.2,14,2,2.3102800540498034,2.321928094887362,0.9949834618637818,high,132
pythia-410m,draw_3,A14.3,14,3,1.3545842123564742,2.321928094887362,0.5833876661982444,medium,31
pythia-410m,draw_3,A14.4,14,4,0.0,2.321928094887362,0.0,,0
pythia-410m,draw_3,A14.5,14,5,2.121921855403167,2.321928094887362,0.913862001185744,low,37
pythia-410m,draw_3,A14.6,14,6,0.0,2.321928094887362,0.0,,0
pythia-410m,draw_3,A14.7,14,7,1.5219280948873621,2.321928094887362,0.6554587535412855,high,5
pythia-410m,draw_3,A14.8,14,8,2.228682324300348,2.321928094887362,0.9598412324686835,medium,81
pythia-410m,draw_3,A14.9,14,9,0.0,2.321928094887362,0.0,,0
pythia-410m,draw_3,A14.10,14,10,0.0,2.321928094887362,0.0,,0
pythia-410m,draw_3,A14.11,14,11,2.0978548143998657,2.321928094887362,0.903496890803431,high,24
pythia-410m,draw_3,A14.12,14,12,0.0,2.321928094887362,0.0,,0
pythia-410m,draw_3,A14.13,14,13,-0.0,2.321928094887362,-0.0,high,2
pythia-410m,draw_3,A14.14,14,14,0.0,2.321928094887362,0.0,,0
pythia-410m,draw_3,A14.15,14,15,2.094856783548739,2.321928094887362,0.9022057091954698,high,17
pythia-410m,draw_3,A15.0,15,0,2.0641893753728278,2.321928094887362,0.8889979753972367,control,28
pythia-410m,draw_3,A15.1,15,1,2.270942421748537,2.321928094887362,0.9780416657815159,control,14
pythia-410m,draw_3,A15.2,15,2,2.2869281404818254,2.321928094887362,0.9849263401038977,low,38
pythia-410m,draw_3,A15.3,15,3,0.0,2.321928094887362,0.0,,0
pythia-410m,draw_3,A15.4,15,4,2.2400502981135317,2.321928094887362,0.964737152302814,high,59
pythia-410m,draw_3,A15.5,15,5,2.2109449135078023,2.321928094887362,0.9522021454394161,low,121
pythia-410m,draw_3,A15.6,15,6,2.3037066429614397,2.321928094887362,0.9921524478014438,very_high,98
pythia-410m,draw_3,A15.7,15,7,0.0,2.321928094887362,0.0,,0
pythia-410m,draw_3,A15.8,15,8,2.180898748376089,2.321928094887362,0.9392619664571851,low,35
pythia-410m,draw_3,A15.9,15,9,0.0,2.321928094887362,0.0,,0
pythia-410m,draw_3,A15.10,15,10,2.21506326491006,2.321928094887362,0.9539758228462771,very_high,43
pythia-410m,draw_3,A15.11,15,11,2.2658928225154598,2.321928094887362,0.975866921764164,high,54
pythia-410m,draw_3,A15.12,15,12,1.0,2.321928094887362,0.43067655807339306,low,14
pythia-410m,draw_3,A15.13,15,13,0.0,2.321928094887362,0.0,,0
pythia-410m,draw_3,A15.14,15,14,2.1211274733371868,2.321928094887362,0.9135198794517725,very_high,20
pythia-410m,draw_3,A15.15,15,15,1.3244602933016414,2.321928094887362,0.5704140004240276,low,16
pythia-410m,draw_3,A16.0,16,0,1.8190269457641055,2.321928094887362,0.7834122640444416,high,21
pythia-410m,draw_3,A16.1,16,1,2.2975333448511828,2.321928094887362,0.9894937530193575,low,117
pythia-410m,draw_3,A16.2,16,2,0.9182958340544896,2.321928094887362,0.3954884891037233,control,3
pythia-410m,draw_3,A16.3,16,3,2.2871036138006184,2.321928094887362,0.9850019123488692,low,129
pythia-410m,draw_3,A16.4,16,4,2.1387251540727394,2.321928094887362,0.9210987880210347,control,118
pythia-410m,draw_3,A16.5,16,5,2.2687144778191923,2.321928094887362,0.977082142558445,control,167
pythia-410m,draw_3,A16.6,16,6,0.9182958340544896,2.321928094887362,0.3954884891037233,very_high,3
pythia-410m,draw_3,A16.7,16,7,2.237695894811921,2.321928094887362,0.9637231659925596,low,68
pythia-410m,draw_3,A16.8,16,8,0.0,2.321928094887362,0.0,,0
pythia-410m,draw_3,A16.9,16,9,0.0,2.321928094887362,0.0,,0
pythia-410m,draw_3,A16.10,16,10,2.2682734124061352,2.321928094887362,0.9768921860244644,medium,30
pythia-410m,draw_3,A16.11,16,11,2.2232086896384646,2.321928094887362,0.9574838663323524,very_high,44
pythia-410m,draw_3,A16.12,16,12,2.3025356813786924,2.321928094887362,0.9916481420973501,low,115
pythia-410m,draw_3,A16.13,16,13,2.2708616827138597,2.321928094887362,0.9780068933719587,low,102
pythia-410m,draw_3,A16.14,16,14,2.3035798285366598,2.321928094887362,0.9920978318014656,low,219
pythia-410m,draw_3,A16.15,16,15,2.2214175949443233,2.321928094887362,0.9567124838342961,medium,62
pythia-410m,draw_3,A17.0,17,0,2.256908989558354,2.321928094887362,0.9719977955078913,control,17
pythia-410m,draw_3,A17.1,17,1,2.2868693441965084,2.321928094887362,0.9849010179221099,medium,74
pythia-410m,draw_3,A17.2,17,2,2.183667077920911,2.321928094887362,0.9404542210971617,medium,17
pythia-410m,draw_3,A17.3,17,3,0.0,2.321928094887362,0.0,,0
pythia-410m,draw_3,A17.4,17,4,2.2942117991039654,2.321928094887362,0.9880632411294626,control,88
pythia-410m,draw_3,A17.5,17,5,2.2667574842042293,2.321928094887362,0.9762393112841812,low,22
pythia-410m,draw_3,A17.6,17,6,1.670945134858246,2.321928094887362,0.719636899410231,low,44
pythia-410m,draw_3,A17.7,17,7,0.7642045065086203,2.321928094887362,0.3291249665273085,medium,9
pythia-410m,draw_3,A17.8,17,8,0.0,2.321928094887362,0.0,,0
pythia-410m,draw_3,A17.9,17,9,2.257102812958085,2.321928094887362,0.9720812707025616,low,157
pythia-410m,draw_3,A17.10,17,10,2.1648286167529025,2.321928094887362,0.9323409374819246,low,110
pythia-410m,draw_3,A17.11,17,11,1.9603890942875588,2.321928094887362,0.8442936276123822,low,43
pythia-410m,draw_3,A17.12,17,12,0.0,2.321928094887362,0.0,,0
pythia-410m,draw_3,A17.13,17,13,0.0,2.321928094887362,0.0,,0
pythia-410m,draw_3,A17.14,17,14,2.2577560641285177,2.321928094887362,0.972362610668201,high,13
pythia-410m,draw_3,A17.15,17,15,2.1772870084777414,2.321928094887362,0.9377064747491083,very_high,109
pythia-410m,draw_3,A18.0,18,0,2.1339375660949167,2.321928094887362,0.9190368861092725,low,65
pythia-410m,draw_3,A18.1,18,1,-0.0,2.321928094887362,-0.0,very_high,4
pythia-410m,draw_3,A18.2,18,2,1.75,2.321928094887362,0.7536839766284379,medium,32
pythia-410m,draw_3,A18.3,18,3,0.8166890883150209,2.321928094887362,0.35172884557161055,medium,12
pythia-410m,draw_3,A18.4,18,4,0.0,2.321928094887362,0.0,,0
pythia-410m,draw_3,A18.5,18,5,1.4854752972273344,2.321928094887362,0.6397593881129189,high,10
pythia-410m,draw_3,A18.6,18,6,0.0,2.321928094887362,0.0,,0
pythia-410m,draw_3,A18.7,18,7,2.1477110700184037,2.321928094887362,0.9249688113716502,medium,25
pythia-410m,draw_3,A18.8,18,8,2.2498024165407395,2.321928094887362,0.968937161100968,low,147
pythia-410m,draw_3,A18.9,18,9,-0.0,2.321928094887362,-0.0,very_high,3
pythia-410m,draw_3,A18.10,18,10,1.3221793455166666,2.321928094887362,0.5694316496828495,medium,11
pythia-410m,draw_3,A18.11,18,11,2.2221953332167206,2.321928094887362,0.9570474374765341,low,101
pythia-410m,draw_3,A18.12,18,12,2.311879605638727,2.321928094887362,0.9956723512365603,low,162
pythia-410m,draw_3,A18.13,18,13,2.2660858259661962,2.321928094887362,0.9759500438260235,low,127
pythia-410m,draw_3,A18.14,18,14,2.0976207441386148,2.321928094887362,0.9033960822289682,low,75
pythia-410m,draw_3,A18.15,18,15,1.4056390622295665,2.321928094887362,0.6053757932145417,low,8
pythia-410m,draw_3,A19.0,19,0,0.0,2.321928094887362,0.0,,0
pythia-410m,draw_3,A19.1,19,1,2.1280852788913944,2.321928094887362,0.9165164431996026,high,7
pythia-410m,draw_3,A19.2,19,2,2.239992772157185,2.321928094887362,0.9647123772219346,medium,82
pythia-410m,draw_3,A19.3,19,3,1.2987949406953985,2.321928094887362,0.5593605347018309,low,8
pythia-410m,draw_3,A19.4,19,4,1.781937063546704,2.321928094887362,0.7674385212317036,low,15
pythia-410m,draw_3,A19.5,19,5,1.4056390622295665,2.321928094887362,0.6053757932145417,control,8
pythia-410m,draw_3,A19.6,19,6,2.188721875540867,2.321928094887362,0.942631203937882,low,12
pythia-410m,draw_3,A19.7,19,7,2.3070612759285862,2.321928094887362,0.9935972095813341,high,112
pythia-410m,draw_3,A19.8,19,8,1.9355697129622267,2.321928094887362,0.8336045018896772,medium,34
pythia-410m,draw_3,A19.9,19,9,2.22121248997024,2.321928094887362,0.9566241499300141,low,68
pythia-410m,draw_3,A19.10,19,10,-0.0,2.321928094887362,-0.0,low,4
pythia-410m,draw_3,A19.11,19,11,1.8674924611847552,2.321928094887362,0.80428522541106,control,24
pythia-410m,draw_3,A19.12,19,12,2.282717525638525,2.321928094887362,0.9831129269958124,medium,62
pythia-410m,draw_3,A19.13,19,13,0.0,2.321928094887362,0.0,,0
pythia-410m,draw_3,A19.14,19,14,1.3709505944546687,2.321928094887362,0.5904362833084089,medium,5
pythia-410m,draw_3,A19.15,19,15,2.245574021991434,2.321928094887362,0.9671160906902967,high,281
pythia-410m,draw_3,A20.0,20,0,0.0,2.321928094887362,0.0,,0
pythia-410m,draw_3,A20.1,20,1,2.14853573331382,2.321928094887362,0.9253239745212897,high,21
pythia-410m,draw_3,A20.2,20,2,2.2707551845244556,2.321928094887362,0.9779610270983051,high,66
pythia-410m,draw_3,A20.3,20,3,0.0,2.321928094887362,0.0,,0
pythia-410m,draw_3,A20.4,20,4,0.0,2.321928094887362,0.0,,0
pythia-410m,draw_3,A20.5,20,5,0.0,2.321928094887362,0.0,,0
pythia-410m,draw_3,A20.6,20,6,1.9220231428515733,2.321928094887362,0.8277703117007211,medium,13
pythia-410m,draw_3,A20.7,20,7,1.0,2.321928094887362,0.43067655807339306,medium,2
pythia-410m,draw_3,A20.8,20,8,0.0,2.321928094887362,0.0,,0
pythia-410m,draw_3,A20.9,20,9,0.0,2.321928094887362,0.0,,0
pythia-410m,draw_3,A20.10,20,10,0.0,2.321928094887362,0.0,,0
pythia-410m,draw_3,A20.11,20,11,0.0,2.321928094887362,0.0,,0
pythia-410m,draw_3,A20.12,20,12,0.0,2.321928094887362,0.0,,0
pythia-410m,draw_3,A20.13,20,13,2.219475244464337,2.321928094887362,0.9558759590150033,control,37
pythia-410m,draw_3,A20.14,20,14,1.9502120649147465,2.321928094887362,0.8399106196306877,low,7
pythia-410m,draw_3,A20.15,20,15,1.0,2.321928094887362,0.43067655807339306,low,4
pythia-410m,draw_3,A21.0,21,0,1.0,2.321928094887362,0.43067655807339306,very_high,2
pythia-410m,draw_3,A21.1,21,1,2.228634573470573,2.321928094887362,0.9598206673056707,medium,25
pythia-410m,draw_3,A21.2,21,2,1.9713352853069812,2.321928094887362,0.8490078954846411,low,17
pythia-410m,draw_3,A21.3,21,3,0.0,2.321928094887362,0.0,,0
pythia-410m,draw_3,A21.4,21,4,1.9054172440320793,2.321928094887362,0.8206185403534264,medium,27
pythia-410m,draw_3,A21.5,21,5,0.0,2.321928094887362,0.0,,0
pythia-410m,draw_3,A21.6,21,6,1.3709505944546687,2.321928094887362,0.5904362833084089,control,5
pythia-410m,draw_3,A21.7,21,7,2.2135469940708457,2.321928094887362,0.9533228005401373,medium,39
pythia-410m,draw_3,A21.8,21,8,-0.0,2.321928094887362,-0.0,medium,2
pythia-410m,draw_3,A21.9,21,9,-0.0,2.321928094887362,-0.0,low,1
pythia-410m,draw_3,A21.10,21,10,0.0,2.321928094887362,0.0,,0
pythia-410m,draw_3,A21.11,21,11,0.0,2.321928094887362,0.0,,0
pythia-410m,draw_3,A21.12,21,12,2.1377440154403264,2.321928094887362,0.9206762346118342,control,36
pythia-410m,draw_3,A21.13,21,13,-0.0,2.321928094887362,-0.0,low,2
pythia-410m,draw_3,A21.14,21,14,1.4488156357251847,2.321928094887362,0.6239709312770374,medium,7
pythia-410m,draw_3,A21.15,21,15,0.0,2.321928094887362,0.0,,0
pythia-410m,draw_3,A22.0,22,0,0.0,2.321928094887362,0.0,,0
pythia-410m,draw_3,A22.1,22,1,0.0,2.321928094887362,0.0,,0
pythia-410m,draw_3,A22.2,22,2,1.8218835504857782,2.321928094887362,0.7846425367337478,low,51
pythia-410m,draw_3,A22.3,22,3,1.8365916681089791,2.321928094887362,0.7909769782074466,very_high,9
pythia-410m,draw_3,A22.4,22,4,0.0,2.321928094887362,0.0,,0
pythia-410m,draw_3,A22.5,22,5,0.0,2.321928094887362,0.0,,0
pythia-410m,draw_3,A22.6,22,6,2.2080273804491664,2.321928094887362,0.9509456323436574,low,74
pythia-410m,draw_3,A22.7,22,7,0.0,2.321928094887362,0.0,,0
pythia-410m,draw_3,A22.8,22,8,1.0,2.321928094887362,0.43067655807339306,low,6
pythia-410m,draw_3,A22.9,22,9,0.0,2.321928094887362,0.0,,0
pythia-410m,draw_3,A22.10,22,10,0.0,2.321928094887362,0.0,,0
pythia-410m,draw_3,A22.11,22,11,2.1292891567372205,2.321928094887362,0.9170349251665837,low,58
pythia-410m,draw_3,A22.12,22,12,0.0,2.321928094887362,0.0,,0
pythia-410m,draw_3,A22.13,22,13,-0.0,2.321928094887362,-0.0,very_high,1
pythia-410m,draw_3,A22.14,22,14,0.0,2.321928094887362,0.0,,0
pythia-410m,draw_3,A22.15,22,15,-0.0,2.321928094887362,-0.0,high,1
pythia-410m,draw_3,A23.0,23,0,0.0,2.321928094887362,0.0,,0
pythia-410m,draw_3,A23.1,23,1,1.0,2.321928094887362,0.43067655807339306,low,2
pythia-410m,draw_3,A23.2,23,2,0.0,2.321928094887362,0.0,,0
pythia-410m,draw_3,A23.3,23,3,0.0,2.321928094887362,0.0,,0
pythia-410m,draw_3,A23.4,23,4,0.0,2.321928094887362,0.0,,0
pythia-410m,draw_3,A23.5,23,5,0.0,2.321928094887362,0.0,,0
pythia-410m,draw_3,A23.6,23,6,0.0,2.321928094887362,0.0,,0
pythia-410m,draw_3,A23.7,23,7,0.0,2.321928094887362,0.0,,0
pythia-410m,draw_3,A23.8,23,8,0.0,2.321928094887362,0.0,,0
pythia-410m,draw_3,A23.9,23,9,0.0,2.321928094887362,0.0,,0
pythia-410m,draw_3,A23.10,23,10,0.0,2.321928094887362,0.0,,0
pythia-410m,draw_3,A23.11,23,11,0.0,2.321928094887362,0.0,,0
pythia-410m,draw_3,A23.12,23,12,1.855388542207534,2.321928094887362,0.7990723512467511,low,12
pythia-410m,draw_3,A23.13,23,13,0.9182958340544896,2.321928094887362,0.3954884891037233,control,3
pythia-410m,draw_3,A23.14,23,14,-0.0,2.321928094887362,-0.0,low,2
pythia-410m,draw_3,A23.15,23,15,0.0,2.321928094887362,0.0,,0
pythia-1b,draw_1,A0.0,0,0,2.321928094887362,2.321928094887362,1.0,low,5
pythia-1b,draw_1,A0.1,0,1,1.584962500721156,2.321928094887362,0.6826061944859853,low,3
pythia-1b,draw_1,A0.2,0,2,0.0,2.321928094887362,0.0,,0
pythia-1b,draw_1,A0.3,0,3,2.321928094887362,2.321928094887362,1.0,low,5
pythia-1b,draw_1,A0.4,0,4,1.584962500721156,2.321928094887362,0.6826061944859853,low,3
pythia-1b,draw_1,A0.5,0,5,-0.0,2.321928094887362,-0.0,very_high,1
pythia-1b,draw_1,A0.6,0,6,-0.0,2.321928094887362,-0.0,control,1
pythia-1b,draw_1,A0.7,0,7,1.0,2.321928094887362,0.43067655807339306,medium,2
pythia-1b,draw_1,A1.0,1,0,2.321928094887362,2.321928094887362,1.0,low,5
pythia-1b,draw_1,A1.1,1,1,0.0,2.321928094887362,0.0,,0
pythia-1b,draw_1,A1.2,1,2,0.0,2.321928094887362,0.0,,0
pythia-1b,draw_1,A1.3,1,3,2.321928094887362,2.321928094887362,1.0,low,5
pythia-1b,draw_1,A1.4,1,4,0.0,2.321928094887362,0.0,,0
pythia-1b,draw_1,A1.5,1,5,-0.0,2.321928094887362,-0.0,control,1
pythia-1b,draw_1,A1.6,1,6,2.0,2.321928094887362,0.8613531161467861,low,4
pythia-1b,draw_1,A1.7,1,7,2.2464393446710154,2.321928094887362,0.9674887648835616,medium,10
pythia-1b,draw_1,A2.0,2,0,2.0,2.321928094887362,0.8613531161467861,low,4
pythia-1b,draw_1,A2.1,2,1,2.1709505944546685,2.321928094887362,0.9349775297671233,low,10
pythia-1b,draw_1,A2.2,2,2,1.974937501201927,2.321928094887362,0.8505592854277135,very_high,9
pythia-1b,draw_1,A2.3,2,3,1.9056390622295665,2.321928094887362,0.8207140722512383,high,8
pythia-1b,draw_1,A2.4,2,4,0.0,2.321928094887362,0.0,,0
pythia-1b,draw_1,A2.5,2,5,2.2810361125534238,2.321928094887362,0.9823887817956214,low,9
pythia-1b,draw_1,A2.6,2,6,1.8423709931771084,2.321928094887362,0.7934659980357758,high,7
pythia-1b,draw_1,A2.7,2,7,0.0,2.321928094887362,0.0,,0
pythia-1b,draw_1,A3.0,3,0,-0.0,2.321928094887362,-0.0,low,1
pythia-1b,draw_1,A3.1,3,1,-0.0,2.321928094887362,-0.0,control,1
pythia-1b,draw_1,A3.2,3,2,2.270942421748537,2.321928094887362,0.9780416657815159,high,14
pythia-1b,draw_1,A3.3,3,3,1.0,2.321928094887362,0.43067655807339306,medium,2
pythia-1b,draw_1,A3.4,3,4,-0.0,2.321928094887362,-0.0,high,1
pythia-1b,draw_1,A3.5,3,5,2.30887184844536,2.321928094887362,0.9943769807210006,high,40
pythia-1b,draw_1,A3.6,3,6,2.2844763510411217,2.321928094887362,0.9838704118664547,high,21
pythia-1b,draw_1,A3.7,3,7,1.584962500721156,2.321928094887362,0.6826061944859853,low,3
pythia-1b,draw_1,A4.0,4,0,1.5,2.321928094887362,0.6460148371100897,medium,4
pythia-1b,draw_1,A4.1,4,1,2.2806390622295662,2.321928094887362,0.9822177815287605,low,16
pythia-1b,draw_1,A4.2,4,2,1.9219280948873623,2.321928094887362,0.8277293767706428,very_high,10
pythia-1b,draw_1,A4.3,4,3,2.308629538327235,2.321928094887362,0.9942726234333401,very_high,59
pythia-1b,draw_1,A4.4,4,4,2.2973440406095698,2.321928094887362,0.9894122241201508,very_high,51
pythia-1b,draw_1,A4.5,4,5,1.7758589482446405,2.321928094887362,0.7648208194538377,medium,13
pythia-1b,draw_1,A4.6,4,6,0.0,2.321928094887362,0.0,,0
pythia-1b,draw_1,A4.7,4,7,0.0,2.321928094887362,0.0,,0
pythia-1b,draw_1,A5.0,5,0,0.0,2.321928094887362,0.0,,0
pythia-1b,draw_1,A5.1,5,1,2.2678837639285927,2.321928094887362,0.9767243735592979,control,64
pythia-1b,draw_1,A5.2,5,2,1.5219280948873621,2.321928094887362,0.6554587535412855,very_high,5
pythia-1b,draw_1,A5.3,5,3,2.28332693768606,2.321928094887362,0.9833753864788932,control,22
pythia-1b,draw_1,A5.4,5,4,2.2886829737188243,2.321928094887362,0.9856821056424012,control,34
pythia-1b,draw_1,A5.5,5,5,2.3071885761626683,2.321928094887362,0.9936520348079905,low,17
pythia-1b,draw_1,A5.6,5,6,1.3709505944546687,2.321928094887362,0.5904362833084089,control,5
pythia-1b,draw_1,A5.7,5,7,1.4949188482339508,2.321928094887362,0.643826504156439,control,11
pythia-1b,draw_1,A6.0,6,0,2.1162996057016965,2.321928094887362,0.9114406300356855,high,17
pythia-1b,draw_1,A6.1,6,1,1.5,2.321928094887362,0.6460148371100897,low,8
pythia-1b,draw_1,A6.2,6,2,-0.0,2.321928094887362,-0.0,medium,1
pythia-1b,draw_1,A6.3,6,3,2.303430687416446,2.321928094887362,0.9920336002171448,medium,31
pythia-1b,draw_1,A6.4,6,4,0.0,2.321928094887362,0.0,,0
pythia-1b,draw_1,A6.5,6,5,2.303207870728452,2.321928094887362,0.9919376382928782,medium,58
pythia-1b,draw_1,A6.6,6,6,1.0,2.321928094887362,0.43067655807339306,low,2
pythia-1b,draw_1,A6.7,6,7,0.0,2.321928094887362,0.0,,0
pythia-1b,draw_1,A7.0,7,0,2.317197865192567,2.321928094887362,0.9979628009561491,low,83
pythia-1b,draw_1,A7.1,7,1,2.313362551606415,2.321928094887362,0.996311021301733,very_high,130
pythia-1b,draw_1,A7.2,7,2,2.3183162280996097,2.321928094887362,0.9984444536436311,low,100
pythia-1b,draw_1,A7.3,7,3,2.1180782093497093,2.321928094887362,0.9122066329329885,control,11
pythia-1b,draw_1,A7.4,7,4,1.4591479170272446,2.321928094887362,0.6284208026252547,low,6
pythia-1b,draw_1,A7.5,7,5,-0.0,2.321928094887362,-0.0,high,2
pythia-1b,draw_1,A7.6,7,6,0.9182958340544896,2.321928094887362,0.3954884891037233,very_high,3
pythia-1b,draw_1,A7.7,7,7,1.0,2.321928094887362,0.43067655807339306,low,2
pythia-1b,draw_1,A8.0,8,0,1.75,2.321928094887362,0.7536839766284379,low,8
pythia-1b,draw_1,A8.1,8,1,2.2485287651552452,2.321928094887362,0.9683886293060778,high,57
pythia-1b,draw_1,A8.2,8,2,2.320817676243676,2.321928094887362,0.9995217687205168,medium,149
pythia-1b,draw_1,A8.3,8,3,0.0,2.321928094887362,0.0,,0
pythia-1b,draw_1,A8.4,8,4,0.0,2.321928094887362,0.0,,0
pythia-1b,draw_1,A8.5,8,5,2.227229011971205,2.321928094887362,0.9592153249169625,low,39
pythia-1b,draw_1,A8.6,8,6,1.5219280948873621,2.321928094887362,0.6554587535412855,low,5
pythia-1b,draw_1,A8.7,8,7,1.83748482971194,2.321928094887362,0.7913616419724131,control,21
pythia-1b,draw_1,A9.0,9,0,1.968823886664298,2.321928094887362,0.84792629496126,medium,19
pythia-1b,draw_1,A9.1,9,1,1.8077635764171942,2.321928094887362,0.7785613949018045,control,17
pythia-1b,draw_1,A9.2,9,2,2.2860076179563618,2.321928094887362,0.984529892631002,low,106
pythia-1b,draw_1,A9.3,9,3,0.0,2.321928094887362,0.0,,0
pythia-1b,draw_1,A9.4,9,4,2.2667574842042293,2.321928094887362,0.9762393112841812,high,22
pythia-1b,draw_1,A9.5,9,5,2.173254061257547,2.321928094887362,0.9359695789214233,control,36
pythia-1b,draw_1,A9.6,9,6,2.1044984515601635,2.321928094887362,0.9063581495887165,low,25
pythia-1b,draw_1,A9.7,9,7,1.5566567074628228,2.321928094887362,0.6704155528719493,low,7
pythia-1b,draw_1,A10.0,10,0,2.240723800904484,2.321928094887362,0.9650272141666741,high,43
pythia-1b,draw_1,A10.1,10,1,1.9786885704510973,2.321928094887362,0.8521747830210411,low,25
pythia-1b,draw_1,A10.2,10,2,1.5783898247235197,2.321928094887362,0.6797754970099916,very_high,20
pythia-1b,draw_1,A10.3,10,3,-0.0,2.321928094887362,-0.0,high,4
pythia-1b,draw_1,A10.4,10,4,0.0,2.321928094887362,0.0,,0
pythia-1b,draw_1,A10.5,10,5,2.269276422671907,2.321928094887362,0.9773241590334392,high,85
pythia-1b,draw_1,A10.6,10,6,2.302850214667843,2.321928094887362,0.991783604211721,control,135
pythia-1b,draw_1,A10.7,10,7,1.561278124459133,2.321928094887362,0.672405888837342,high,8
pythia-1b,draw_1,A11.0,11,0,2.276799076137142,2.321928094887362,0.9805639895354256,high,66
pythia-1b,draw_1,A11.1,11,1,0.0,2.321928094887362,0.0,,0
pythia-1b,draw_1,A11.2,11,2,2.2308028344559174,2.321928094887362,0.9607544864838438,high,63
pythia-1b,draw_1,A11.3,11,3,0.0,2.321928094887362,0.0,,0
pythia-1b,draw_1,A11.4,11,4,2.188721875540867,2.321928094887362,0.942631203937882,high,12
pythia-1b,draw_1,A11.5,11,5,2.246381681951399,2.321928094887362,0.967463930901948,control,108
pythia-1b,draw_1,A11.6,11,6,2.242600995070223,2.321928094887362,0.9658356776888101,medium,108
pythia-1b,draw_1,A11.7,11,7,2.280718426391538,2.321928094887362,0.9822519618128729,low,94
pythia-1b,draw_1,A12.0,12,0,1.5012404120907166,2.321928094887362,0.6465490535199121,medium,27
pythia-1b,draw_1,A12.1,12,1,2.179479586388543,2.321928094887362,0.9386507666570402,low,58
pythia-1b,draw_1,A12.2,12,2,1.9182958340544893,2.321928094887362,0.8261650471771163,high,18
pythia-1b,draw_1,A12.3,12,3,2.1606043719058796,2.321928094887362,0.9305216542507495,high,53
pythia-1b,draw_1,A12.4,12,4,1.950212064914747,2.321928094887362,0.8399106196306879,low,7
pythia-1b,draw_1,A12.5,12,5,1.4591479170272448,2.321928094887362,0.6284208026252547,medium,6
pythia-1b,draw_1,A12.6,12,6,1.1401156785146092,2.321928094887362,0.491021096228183,high,13
pythia-1b,draw_1,A12.7,12,7,0.0,2.321928094887362,0.0,,0
pythia-1b,draw_1,A13.0,13,0,2.188721875540867,2.321928094887362,0.942631203937882,medium,12
pythia-1b,draw_1,A13.1,13,1,1.779198098880252,2.321928094887362,0.7662589133564714,high,54
pythia-1b,draw_1,A13.2,13,2,1.4591479170272448,2.321928094887362,0.6284208026252547,low,18
pythia-1b,draw_1,A13.3,13,3,2.248226855750869,2.321928094887362,0.9682586040029512,control,65
pythia-1b,draw_1,A13.4,13,4,2.1144112430814612,2.321928094887362,0.9106273565220082,medium,29
pythia-1b,draw_1,A13.5,13,5,0.0,2.321928094887362,0.0,,0
pythia-1b,draw_1,A13.6,13,6,2.3082708345352603,2.321928094887362,0.9941181381188445,medium,18
pythia-1b,draw_1,A13.7,13,7,0.0,2.321928094887362,0.0,,0
pythia-1b,draw_1,A14.0,14,0,2.199687794731328,2.321928094887362,0.9473539682709406,high,13
pythia-1b,draw_1,A14.1,14,1,0.0,2.321928094887362,0.0,,0
pythia-1b,draw_1,A14.2,14,2,2.2739165631473996,2.321928094887362,0.9793225587624015,medium,148
pythia-1b,draw_1,A14.3,14,3,0.0,2.321928094887362,0.0,,0
pythia-1b,draw_1,A14.4,14,4,0.0,2.321928094887362,0.0,,0
pythia-1b,draw_1,A14.5,14,5,0.9182958340544896,2.321928094887362,0.3954884891037233,very_high,3
pythia-1b,draw_1,A14.6,14,6,1.8496017527145812,2.321928094887362,0.7965801166656309,control,16
pythia-1b,draw_1,A14.7,14,7,0.0,2.321928094887362,0.0,,0
pythia-1b,draw_1,A15.0,15,0,1.676737030052133,2.321928094887362,0.7221313328970561,low,11
pythia-1b,draw_1,A15.1,15,1,0.0,2.321928094887362,0.0,,0
pythia-1b,draw_1,A15.2,15,2,-0.0,2.321928094887362,-0.0,low,1
pythia-1b,draw_1,A15.3,15,3,0.0,2.321928094887362,0.0,,0
pythia-1b,draw_1,A15.4,15,4,0.0,2.321928094887362,0.0,,0
pythia-1b,draw_1,A15.5,15,5,0.0,2.321928094887362,0.0,,0
pythia-1b,draw_1,A15.6,15,6,-0.0,2.321928094887362,-0.0,very_high,1
pythia-1b,draw_1,A15.7,15,7,2.0596514588594785,2.321928094887362,0.887043601132443,high,28
pythia-1b,draw_2,A0.0,0,0,2.321928094887362,2.321928094887362,1.0,low,5
pythia-1b,draw_2,A0.1,0,1,2.321928094887362,2.321928094887362,1.0,low,5
pythia-1b,draw_2,A0.2,0,2,0.0,2.321928094887362,0.0,,0
pythia-1b,draw_2,A0.3,0,3,2.321928094887362,2.321928094887362,1.0,low,5
pythia-1b,draw_2,A0.4,0,4,1.0,2.321928094887362,0.43067655807339306,low,2
pythia-1b,draw_2,A0.5,0,5,-0.0,2.321928094887362,-0.0,medium,1
pythia-1b,draw_2,A0.6,0,6,0.0,2.321928094887362,0.0,,0
pythia-1b,draw_2,A0.7,0,7,-0.0,2.321928094887362,-0.0,control,1
pythia-1b,draw_2,A1.0,1,0,2.321928094887362,2.321928094887362,1.0,low,5
pythia-1b,draw_2,A1.1,1,1,0.0,2.321928094887362,0.0,,0
pythia-1b,draw_2,A1.2,1,2,0.0,2.321928094887362,0.0,,0
pythia-1b,draw_2,A1.3,1,3,2.2516291673878226,2.321928094887362,0.9697238998682473,control,6
pythia-1b,draw_2,A1.4,1,4,0.0,2.321928094887362,0.0,,0
pythia-1b,draw_2,A1.5,1,5,-0.0,2.321928094887362,-0.0,control,1
pythia-1b,draw_2,A1.6,1,6,1.0,2.321928094887362,0.43067655807339306,high,2
pythia-1b,draw_2,A1.7,1,7,2.299896391167891,2.321928094887362,0.9905114616736054,medium,11
pythia-1b,draw_2,A2.0,2,0,1.3709505944546687,2.321928094887362,0.5904362833084089,high,5
pythia-1b,draw_2,A2.1,2,1,2.2810361125534238,2.321928094887362,0.9823887817956214,low,9
pythia-1b,draw_2,A2.2,2,2,1.9182958340544893,2.321928094887362,0.8261650471771163,low,6
pythia-1b,draw_2,A2.3,2,3,1.5,2.321928094887362,0.6460148371100897,medium,4
pythia-1b,draw_2,A2.4,2,4,-0.0,2.321928094887362,-0.0,high,1
pythia-1b,draw_2,A2.5,2,5,2.321928094887362,2.321928094887362,1.0,low,10
pythia-1b,draw_2,A2.6,2,6,2.25,2.321928094887362,0.9690222556651344,low,8
pythia-1b,draw_2,A2.7,2,7,0.0,2.321928094887362,0.0,,0
pythia-1b,draw_2,A3.0,3,0,-0.0,2.321928094887362,-0.0,high,2
pythia-1b,draw_2,A3.1,3,1,1.0,2.321928094887362,0.43067655807339306,low,2
pythia-1b,draw_2,A3.2,3,2,2.2577560641285177,2.321928094887362,0.972362610668201,low,13
pythia-1b,draw_2,A3.3,3,3,1.584962500721156,2.321928094887362,0.6826061944859853,low,3
pythia-1b,draw_2,A3.4,3,4,0.0,2.321928094887362,0.0,,0
pythia-1b,draw_2,A3.5,3,5,2.308992963094606,2.321928094887362,0.9944291419612702,very_high,36
pythia-1b,draw_2,A3.6,3,6,2.2806390622295662,2.321928094887362,0.9822177815287605,medium,16
pythia-1b,draw_2,A3.7,3,7,1.0,2.321928094887362,0.43067655807339306,medium,2
pythia-1b,draw_2,A4.0,4,0,1.8423709931771088,2.321928094887362,0.793465998035776,medium,7
pythia-1b,draw_2,A4.1,4,1,2.2417812580773235,2.321928094887362,0.9654826361821827,medium,21
pythia-1b,draw_2,A4.2,4,2,2.1492553971685,2.321928094887362,0.925633916873193,medium,15
pythia-1b,draw_2,A4.3,4,3,2.2620580427522112,2.321928094887362,0.9742153720147586,very_high,67
pythia-1b,draw_2,A4.4,4,4,2.2931275444972967,2.321928094887362,0.9875962780873873,very_high,54
pythia-1b,draw_2,A4.5,4,5,0.8112781244591328,2.321928094887362,0.34939847028229715,very_high,4
pythia-1b,draw_2,A4.6,4,6,-0.0,2.321928094887362,-0.0,low,1
pythia-1b,draw_2,A4.7,4,7,-0.0,2.321928094887362,-0.0,medium,1
pythia-1b,draw_2,A5.0,5,0,1.9182958340544893,2.321928094887362,0.8261650471771163,low,6
pythia-1b,draw_2,A5.1,5,1,2.3131371716227216,2.321928094887362,0.9962139554260973,very_high,67
pythia-1b,draw_2,A5.2,5,2,0.9182958340544896,2.321928094887362,0.3954884891037233,medium,3
pythia-1b,draw_2,A5.3,5,3,2.2492870686521593,2.321928094887362,0.9687152128461037,medium,19
pythia-1b,draw_2,A5.4,5,4,2.321928094887362,2.321928094887362,1.0,low,25
pythia-1b,draw_2,A5.5,5,5,2.315667876377007,2.321928094887362,0.9973038706391728,very_high,21
pythia-1b,draw_2,A5.6,5,6,1.5304930567574826,2.321928094887362,0.6591474818395389,high,9
pythia-1b,draw_2,A5.7,5,7,2.2280722251069975,2.321928094887362,0.9595784770480079,low,17
pythia-1b,draw_2,A6.0,6,0,2.313100666415769,2.321928094887362,0.9961982334892152,medium,22
pythia-1b,draw_2,A6.1,6,1,2.25,2.321928094887362,0.9690222556651344,low,8
pythia-1b,draw_2,A6.2,6,2,0.9182958340544896,2.321928094887362,0.3954884891037233,medium,3
pythia-1b,draw_2,A6.3,6,3,2.2218157039714996,2.321928094887362,0.9568839400598583,very_high,37
pythia-1b,draw_2,A6.4,6,4,0.0,2.321928094887362,0.0,,0
pythia-1b,draw_2,A6.5,6,5,2.3150323195950886,2.321928094887362,0.9970301512318761,very_high,52
pythia-1b,draw_2,A6.6,6,6,0.8112781244591328,2.321928094887362,0.34939847028229715,high,4
pythia-1b,draw_2,A6.7,6,7,1.0,2.321928094887362,0.43067655807339306,very_high,2
pythia-1b,draw_2,A7.0,7,0,2.311573105078338,2.321928094887362,0.9955403486301645,very_high,73
pythia-1b,draw_2,A7.1,7,1,2.31992202616175,2.321928094887362,0.9991360332259948,medium,120
pythia-1b,draw_2,A7.2,7,2,2.3169334546979985,2.321928094887362,0.9978489255544298,control,103
pythia-1b,draw_2,A7.3,7,3,0.8112781244591328,2.321928094887362,0.34939847028229715,medium,4
pythia-1b,draw_2,A7.4,7,4,0.9182958340544896,2.321928094887362,0.3954884891037233,medium,3
pythia-1b,draw_2,A7.5,7,5,1.584962500721156,2.321928094887362,0.6826061944859853,medium,3
pythia-1b,draw_2,A7.6,7,6,2.0,2.321928094887362,0.8613531161467861,low,4
pythia-1b,draw_2,A7.7,7,7,1.584962500721156,2.321928094887362,0.6826061944859853,low,3
pythia-1b,draw_2,A8.0,8,0,1.3709505944546687,2.321928094887362,0.5904362833084089,medium,5
pythia-1b,draw_2,A8.1,8,1,2.1601305238890176,2.321928094887362,0.9303175790177975,medium,52
pythia-1b,draw_2,A8.2,8,2,2.3168229497466535,2.321928094887362,0.9978013336623345,medium,150
pythia-1b,draw_2,A8.3,8,3,0.0,2.321928094887362,0.0,,0
pythia-1b,draw_2,A8.4,8,4,0.0,2.321928094887362,0.0,,0
pythia-1b,draw_2,A8.5,8,5,2.137927361836182,2.321928094887362,0.9207551976065365,medium,33
pythia-1b,draw_2,A8.6,8,6,1.9219280948873623,2.321928094887362,0.8277293767706428,medium,5
pythia-1b,draw_2,A8.7,8,7,1.6925786457610765,2.321928094887362,0.7289539454249053,medium,22
pythia-1b,draw_2,A9.0,9,0,2.1820058147602133,2.321928094887362,0.9397387539970584,low,14
pythia-1b,draw_2,A9.1,9,1,1.8464393446710154,2.321928094887362,0.7952181416542045,very_high,10
pythia-1b,draw_2,A9.2,9,2,2.301269646926136,2.321928094887362,0.9911028907369207,medium,107
pythia-1b,draw_2,A9.3,9,3,0.0,2.321928094887362,0.0,,0
pythia-1b,draw_2,A9.4,9,4,1.7360411676599226,2.321928094887362,0.7476722347614898,high,17
pythia-1b,draw_2,A9.5,9,5,2.199894376029658,2.321928094887362,0.9474429379934679,high,41
pythia-1b,draw_2,A9.6,9,6,1.811346433249389,2.321928094887362,0.7801044473503639,low,25
pythia-1b,draw_2,A9.7,9,7,1.584962500721156,2.321928094887362,0.6826061944859853,low,3
pythia-1b,draw_2,A10.0,10,0,2.296590390453485,2.321928094887362,0.9890876446649367,medium,43
pythia-1b,draw_2,A10.1,10,1,1.81294527625988,2.321928094887362,0.7807930315550218,very_high,19
pythia-1b,draw_2,A10.2,10,2,1.9492150557701984,2.321928094887362,0.839481231163946,very_high,28
pythia-1b,draw_2,A10.3,10,3,0.0,2.321928094887362,0.0,,0
pythia-1b,draw_2,A10.4,10,4,0.0,2.321928094887362,0.0,,0
pythia-1b,draw_2,A10.5,10,5,2.2676113251663494,2.321928094887362,0.9766070405708891,low,95
pythia-1b,draw_2,A10.6,10,6,2.305364897414965,2.321928094887362,0.992866619121898,low,147
pythia-1b,draw_2,A10.7,10,7,-0.0,2.321928094887362,-0.0,high,3
pythia-1b,draw_2,A11.0,11,0,2.312916504222303,2.321928094887362,0.996118919149606,low,68
pythia-1b,draw_2,A11.1,11,1,0.0,2.321928094887362,0.0,,0
pythia-1b,draw_2,A11.2,11,2,1.9538696615963926,2.321928094887362,0.8414858607803597,low,49
pythia-1b,draw_2,A11.3,11,3,0.0,2.321928094887362,0.0,,0
pythia-1b,draw_2,A11.4,11,4,2.2295739585136225,2.321928094887362,0.960225238422717,medium,12
pythia-1b,draw_2,A11.5,11,5,2.1854897183896425,2.321928094887362,0.9412391896208403,very_high,106
pythia-1b,draw_2,A11.6,11,6,2.277019746002824,2.321928094887362,0.980659026873648,medium,113
pythia-1b,draw_2,A11.7,11,7,2.1926281736872384,2.321928094887362,0.9443135549783698,high,73
pythia-1b,draw_2,A12.0,12,0,1.5694452621548822,2.321928094887362,0.6759232835894587,low,18
pythia-1b,draw_2,A12.1,12,1,2.2374078565259214,2.321928094887362,0.963599114654952,high,73
pythia-1b,draw_2,A12.2,12,2,2.1981374139267325,2.321928094887362,0.9466862556023145,control,31
pythia-1b,draw_2,A12.3,12,3,2.138760319424656,2.321928094887362,0.9211139329137616,very_high,68
pythia-1b,draw_2,A12.4,12,4,1.7295739585136223,2.321928094887362,0.7448869593860205,medium,12
pythia-1b,draw_2,A12.5,12,5,2.25,2.321928094887362,0.9690222556651344,high,8
pythia-1b,draw_2,A12.6,12,6,1.882856063692049,2.321928094887362,0.8109019688585091,very_high,16
pythia-1b,draw_2,A12.7,12,7,-0.0,2.321928094887362,-0.0,control,3
pythia-1b,draw_2,A13.0,13,0,2.0131324651707385,2.321928094887362,0.8670089610455386,low,15
pythia-1b,draw_2,A13.1,13,1,2.110194646351596,2.321928094887362,0.9088113671556064,low,49
pythia-1b,draw_2,A13.2,13,2,0.9986359641585718,2.321928094887362,0.43008909981211807,low,23
pythia-1b,draw_2,A13.3,13,3,2.247503097597827,2.321928094887362,0.9679468983327214,high,51
pythia-1b,draw_2,A13.4,13,4,2.226415353475711,2.321928094887362,0.9588649012766761,control,21
pythia-1b,draw_2,A13.5,13,5,0.0,2.321928094887362,0.0,,0
pythia-1b,draw_2,A13.6,13,6,2.1995812306460647,2.321928094887362,0.9473080736174853,medium,15
pythia-1b,draw_2,A13.7,13,7,0.0,2.321928094887362,0.0,,0
pythia-1b,draw_2,A14.0,14,0,1.9329145639793979,2.321928094887362,0.8324609914645804,medium,15
pythia-1b,draw_2,A14.1,14,1,0.0,2.321928094887362,0.0,,0
pythia-1b,draw_2,A14.2,14,2,2.285266086088449,2.321928094887362,0.9842105322384276,medium,151
pythia-1b,draw_2,A14.3,14,3,-0.0,2.321928094887362,-0.0,very_high,1
pythia-1b,draw_2,A14.4,14,4,-0.0,2.321928094887362,-0.0,low,1
pythia-1b,draw_2,A14.5,14,5,1.5,2.321928094887362,0.6460148371100897,very_high,4
pythia-1b,draw_2,A14.6,14,6,1.5709505944546684,2.321928094887362,0.6765715949230874,very_high,10
pythia-1b,draw_2,A14.7,14,7,0.0,2.321928094887362,0.0,,0
pythia-1b,draw_2,A15.0,15,0,1.922023142851573,2.321928094887362,0.827770311700721,low,13
pythia-1b,draw_2,A15.1,15,1,0.0,2.321928094887362,0.0,,0
pythia-1b,draw_2,A15.2,15,2,1.0,2.321928094887362,0.43067655807339306,low,2
pythia-1b,draw_2,A15.3,15,3,1.0,2.321928094887362,0.43067655807339306,high,2
pythia-1b,draw_2,A15.4,15,4,0.0,2.321928094887362,0.0,,0
pythia-1b,draw_2,A15.5,15,5,0.0,2.321928094887362,0.0,,0
pythia-1b,draw_2,A15.6,15,6,0.8112781244591328,2.321928094887362,0.34939847028229715,high,4
pythia-1b,draw_2,A15.7,15,7,2.1508687898729533,2.321928094887362,0.9263287672899677,high,34
pythia-1b,draw_3,A0.0,0,0,2.0,2.321928094887362,0.8613531161467861,low,4
pythia-1b,draw_3,A0.1,0,1,2.0,2.321928094887362,0.8613531161467861,low,4
pythia-1b,draw_3,A0.2,0,2,0.0,2.321928094887362,0.0,,0
pythia-1b,draw_3,A0.3,0,3,2.321928094887362,2.321928094887362,1.0,low,5
pythia-1b,draw_3,A0.4,0,4,1.584962500721156,2.321928094887362,0.6826061944859853,medium,3
pythia-1b,draw_3,A0.5,0,5,1.0,2.321928094887362,0.43067655807339306,medium,2
pythia-1b,draw_3,A0.6,0,6,0.0,2.321928094887362,0.0,,0
pythia-1b,draw_3,A0.7,0,7,-0.0,2.321928094887362,-0.0,medium,1
pythia-1b,draw_3,A1.0,1,0,2.321928094887362,2.321928094887362,1.0,low,5
pythia-1b,draw_3,A1.1,1,1,0.0,2.321928094887362,0.0,,0
pythia-1b,draw_3,A1.2,1,2,0.0,2.321928094887362,0.0,,0
pythia-1b,draw_3,A1.3,1,3,2.2516291673878226,2.321928094887362,0.9697238998682473,medium,6
pythia-1b,draw_3,A1.4,1,4,0.0,2.321928094887362,0.0,,0
pythia-1b,draw_3,A1.5,1,5,1.584962500721156,2.321928094887362,0.6826061944859853,low,3
pythia-1b,draw_3,A1.6,1,6,1.584962500721156,2.321928094887362,0.6826061944859853,medium,3
pythia-1b,draw_3,A1.7,1,7,2.1867043459100244,2.321928094887362,0.9417623012206596,medium,11
pythia-1b,draw_3,A2.0,2,0,-0.0,2.321928094887362,-0.0,medium,1
pythia-1b,draw_3,A2.1,2,1,2.2464393446710154,2.321928094887362,0.9674887648835616,very_high,10
pythia-1b,draw_3,A2.2,2,2,0.9182958340544896,2.321928094887362,0.3954884891037233,medium,3
pythia-1b,draw_3,A2.3,2,3,1.0,2.321928094887362,0.43067655807339306,low,2
pythia-1b,draw_3,A2.4,2,4,0.0,2.321928094887362,0.0,,0
pythia-1b,draw_3,A2.5,2,5,2.2359263506290326,2.321928094887362,0.9629610647945144,low,7
pythia-1b,draw_3,A2.6,2,6,1.5,2.321928094887362,0.6460148371100897,very_high,4
pythia-1b,draw_3,A2.7,2,7,0.0,2.321928094887362,0.0,,0
pythia-1b,draw_3,A3.0,3,0,-0.0,2.321928094887362,-0.0,high,1
pythia-1b,draw_3,A3.1,3,1,0.0,2.321928094887362,0.0,,0
pythia-1b,draw_3,A3.2,3,2,2.295465679180292,2.321928094887362,0.9886032578849717,medium,13
pythia-1b,draw_3,A3.3,3,3,1.5,2.321928094887362,0.6460148371100897,very_high,4
pythia-1b,draw_3,A3.4,3,4,0.0,2.321928094887362,0.0,,0
pythia-1b,draw_3,A3.5,3,5,2.314015448299718,2.321928094887362,0.9965922086023823,medium,36
pythia-1b,draw_3,A3.6,3,6,2.3071885761626683,2.321928094887362,0.9936520348079905,low,17
pythia-1b,draw_3,A3.7,3,7,1.0,2.321928094887362,0.43067655807339306,medium,2
pythia-1b,draw_3,A4.0,4,0,1.2516291673878228,2.321928094887362,0.5390473417948543,medium,6
pythia-1b,draw_3,A4.1,4,1,2.2322628970242686,2.321928094887362,0.9613833012053531,high,15
pythia-1b,draw_3,A4.2,4,2,1.8910611120726526,2.321928094887362,0.8144356908538931,medium,9
pythia-1b,draw_3,A4.3,4,3,2.321212260125146,2.321928094887362,0.9996917067484594,medium,64
pythia-1b,draw_3,A4.4,4,4,2.251676076279797,2.321928094887362,0.9697441024283858,high,49
pythia-1b,draw_3,A4.5,4,5,1.9182958340544896,2.321928094887362,0.8261650471771164,low,6
pythia-1b,draw_3,A4.6,4,6,1.5,2.321928094887362,0.6460148371100897,low,4
pythia-1b,draw_3,A4.7,4,7,0.9182958340544896,2.321928094887362,0.3954884891037233,very_high,3
pythia-1b,draw_3,A5.0,5,0,1.0,2.321928094887362,0.43067655807339306,high,2
pythia-1b,draw_3,A5.1,5,1,2.3111192711932027,2.321928094887362,0.9953448930145773,medium,67
pythia-1b,draw_3,A5.2,5,2,0.9182958340544896,2.321928094887362,0.3954884891037233,low,3
pythia-1b,draw_3,A5.3,5,3,2.1716118139836733,2.321928094887362,0.9352623015180059,medium,39
pythia-1b,draw_3,A5.4,5,4,2.252847373691893,2.321928094887362,0.9702485527663076,low,29
pythia-1b,draw_3,A5.5,5,5,2.256908989558354,2.321928094887362,0.9719977955078913,high,17
pythia-1b,draw_3,A5.6,5,6,2.084962500721156,2.321928094887362,0.8979444735226818,low,12
pythia-1b,draw_3,A5.7,5,7,1.5798634010685344,2.321928094887362,0.680410131798321,medium,17
pythia-1b,draw_3,A6.0,6,0,2.188721875540867,2.321928094887362,0.942631203937882,medium,12
pythia-1b,draw_3,A6.1,6,1,1.8910611120726526,2.321928094887362,0.8144356908538931,low,9
pythia-1b,draw_3,A6.2,6,2,1.584962500721156,2.321928094887362,0.6826061944859853,low,3
pythia-1b,draw_3,A6.3,6,3,2.2497743381389426,2.321928094887362,0.9689250683915258,high,35
pythia-1b,draw_3,A6.4,6,4,0.0,2.321928094887362,0.0,,0
pythia-1b,draw_3,A6.5,6,5,2.3118695288222115,2.321928094887362,0.9956680113879071,high,60
pythia-1b,draw_3,A6.6,6,6,1.5,2.321928094887362,0.6460148371100897,low,4
pythia-1b,draw_3,A6.7,6,7,-0.0,2.321928094887362,-0.0,control,1
pythia-1b,draw_3,A7.0,7,0,2.3188686350957894,2.321928094887362,0.9986823623874015,low,85
pythia-1b,draw_3,A7.1,7,1,2.3147784487820755,2.321928094887362,0.9969208150239323,high,118
pythia-1b,draw_3,A7.2,7,2,2.315997454217027,2.321928094887362,0.9974458120889299,high,113
pythia-1b,draw_3,A7.3,7,3,0.9182958340544896,2.321928094887362,0.3954884891037233,low,6
pythia-1b,draw_3,A7.4,7,4,0.9182958340544896,2.321928094887362,0.3954884891037233,medium,3
pythia-1b,draw_3,A7.5,7,5,1.0,2.321928094887362,0.43067655807339306,high,2
pythia-1b,draw_3,A7.6,7,6,1.2516291673878228,2.321928094887362,0.5390473417948543,high,6
pythia-1b,draw_3,A7.7,7,7,2.0,2.321928094887362,0.8613531161467861,low,4
pythia-1b,draw_3,A8.0,8,0,1.7924812503605778,2.321928094887362,0.7719796553163857,high,6
pythia-1b,draw_3,A8.1,8,1,2.174070044706139,2.321928094887362,0.9363210038645079,low,59
pythia-1b,draw_3,A8.2,8,2,2.316175891681508,2.321928094887362,0.997522660921964,control,151
pythia-1b,draw_3,A8.3,8,3,0.0,2.321928094887362,0.0,,0
pythia-1b,draw_3,A8.4,8,4,0.0,2.321928094887362,0.0,,0
pythia-1b,draw_3,A8.5,8,5,2.0493821262797516,2.321928094887362,0.8826208403232952,low,38
pythia-1b,draw_3,A8.6,8,6,0.9182958340544896,2.321928094887362,0.3954884891037233,very_high,3
pythia-1b,draw_3,A8.7,8,7,2.1339375660949167,2.321928094887362,0.9190368861092725,low,13
pythia-1b,draw_3,A9.0,9,0,2.084962500721156,2.321928094887362,0.8979444735226818,high,12
pythia-1b,draw_3,A9.1,9,1,0.9709505944546686,2.321928094887362,0.4181656600790516,low,15
pythia-1b,draw_3,A9.2,9,2,2.286746519812682,2.321928094887362,0.9848481203392362,low,101
pythia-1b,draw_3,A9.3,9,3,0.0,2.321928094887362,0.0,,0
pythia-1b,draw_3,A9.4,9,4,2.2607845582978525,2.321928094887362,0.9736669121131954,low,18
pythia-1b,draw_3,A9.5,9,5,2.267000246621467,2.321928094887362,0.9763438633664667,high,37
pythia-1b,draw_3,A9.6,9,6,2.1737949406953985,2.321928094887362,0.9362025230160499,low,16
pythia-1b,draw_3,A9.7,9,7,1.5,2.321928094887362,0.6460148371100897,low,4
pythia-1b,draw_3,A10.0,10,0,2.254528283756173,2.321928094887362,0.9709724813272226,medium,34
pythia-1b,draw_3,A10.1,10,1,1.789929075309999,2.321928094887362,0.7708804933500015,high,11
pythia-1b,draw_3,A10.2,10,2,1.8892464285091581,2.321928094887362,0.8136541491827749,low,15
pythia-1b,draw_3,A10.3,10,3,-0.0,2.321928094887362,-0.0,low,7
pythia-1b,draw_3,A10.4,10,4,-0.0,2.321928094887362,-0.0,medium,1
pythia-1b,draw_3,A10.5,10,5,2.2802309889197514,2.321928094887362,0.9820420339202478,medium,89
pythia-1b,draw_3,A10.6,10,6,2.319117481609848,2.321928094887362,0.9987895347475647,control,129
pythia-1b,draw_3,A10.7,10,7,-0.0,2.321928094887362,-0.0,high,1
pythia-1b,draw_3,A11.0,11,0,2.2909269512263806,2.321928094887362,0.9866485341517497,high,71
pythia-1b,draw_3,A11.1,11,1,-0.0,2.321928094887362,-0.0,control,2
pythia-1b,draw_3,A11.2,11,2,2.236667407184974,2.321928094887362,0.963280220481365,very_high,61
pythia-1b,draw_3,A11.3,11,3,0.0,2.321928094887362,0.0,,0
pythia-1b,draw_3,A11.4,11,4,2.1800365325772657,2.321928094887362,0.9388906303246313,high,16
pythia-1b,draw_3,A11.5,11,5,2.239899660923252,2.321928094887362,0.9646722763961864,control,105
pythia-1b,draw_3,A11.6,11,6,2.180706247796635,2.321928094887362,0.9391790609701987,high,113
pythia-1b,draw_3,A11.7,11,7,2.270665943168501,2.321928094887362,0.9779225929382847,low,103
pythia-1b,draw_3,A12.0,12,0,1.1458866158316752,2.321928094887362,0.4935065036487543,low,34
pythia-1b,draw_3,A12.1,12,1,2.072905595320056,2.321928094887362,0.8927518470035195,high,30
pythia-1b,draw_3,A12.2,12,2,1.8567796494470394,2.321928094887362,0.7996714685245724,high,20
pythia-1b,draw_3,A12.3,12,3,2.136765528424555,2.321928094887362,0.9202548231917622,control,61
pythia-1b,draw_3,A12.4,12,4,1.867633890971212,2.321928094887362,0.8043461359047003,high,11
pythia-1b,draw_3,A12.5,12,5,0.8112781244591328,2.321928094887362,0.34939847028229715,high,4
pythia-1b,draw_3,A12.6,12,6,1.8741838269462516,2.321928094887362,0.8071670397860314,very_high,23
pythia-1b,draw_3,A12.7,12,7,0.0,2.321928094887362,0.0,,0
pythia-1b,draw_3,A13.0,13,0,2.292481250360578,2.321928094887362,0.9873179343530822,low,12
pythia-1b,draw_3,A13.1,13,1,1.9618974703476995,2.321928094887362,0.844943249822244,medium,32
pythia-1b,draw_3,A13.2,13,2,1.4854752972273344,2.321928094887362,0.6397593881129189,low,10
pythia-1b,draw_3,A13.3,13,3,2.2819317115181454,2.321928094887362,0.9827744952751618,medium,66
pythia-1b,draw_3,A13.4,13,4,2.1283310497671026,2.321928094887362,0.9166222909544273,low,22
pythia-1b,draw_3,A13.5,13,5,0.0,2.321928094887362,0.0,,0
pythia-1b,draw_3,A13.6,13,6,2.2806390622295662,2.321928094887362,0.9822177815287605,medium,16
pythia-1b,draw_3,A13.7,13,7,-0.0,2.321928094887362,-0.0,control,1
pythia-1b,draw_3,A14.0,14,0,2.2577560641285177,2.321928094887362,0.972362610668201,low,13
pythia-1b,draw_3,A14.1,14,1,0.0,2.321928094887362,0.0,,0
pythia-1b,draw_3,A14.2,14,2,2.2698123846943417,2.321928094887362,0.9775549853125195,low,150
pythia-1b,draw_3,A14.3,14,3,0.0,2.321928094887362,0.0,,0
pythia-1b,draw_3,A14.4,14,4,0.0,2.321928094887362,0.0,,0
pythia-1b,draw_3,A14.5,14,5,1.0,2.321928094887362,0.43067655807339306,low,2
pythia-1b,draw_3,A14.6,14,6,1.6457113704075783,2.321928094887362,0.7087693085893827,high,17
pythia-1b,draw_3,A14.7,14,7,0.0,2.321928094887362,0.0,,0
pythia-1b,draw_3,A15.0,15,0,1.5655962303576019,2.321928094887362,0.674265595823091,medium,15
pythia-1b,draw_3,A15.1,15,1,0.0,2.321928094887362,0.0,,0
pythia-1b,draw_3,A15.2,15,2,0.0,2.321928094887362,0.0,,0
pythia-1b,draw_3,A15.3,15,3,-0.0,2.321928094887362,-0.0,very_high,2
pythia-1b,draw_3,A15.4,15,4,-0.0,2.321928094887362,-0.0,low,1
pythia-1b,draw_3,A15.5,15,5,0.0,2.321928094887362,0.0,,0
pythia-1b,draw_3,A15.6,15,6,1.0,2.321928094887362,0.43067655807339306,high,2
pythia-1b,draw_3,A15.7,15,7,2.1790032421029246,2.321928094887362,0.9384456163396521,low,27
pythia-1.4b,draw_1,A0.0,0,0,0.0,2.321928094887362,0.0,,0
pythia-1.4b,draw_1,A0.1,0,1,1.584962500721156,2.321928094887362,0.6826061944859853,medium,3
pythia-1.4b,draw_1,A0.2,0,2,2.0,2.321928094887362,0.8613531161467861,low,4
pythia-1.4b,draw_1,A0.3,0,3,2.321928094887362,2.321928094887362,1.0,low,5
pythia-1.4b,draw_1,A0.4,0,4,2.0,2.321928094887362,0.8613531161467861,medium,4
pythia-1.4b,draw_1,A0.5,0,5,1.0,2.321928094887362,0.43067655807339306,low,2
pythia-1.4b,draw_1,A0.6,0,6,2.321928094887362,2.321928094887362,1.0,low,5
pythia-1.4b,draw_1,A0.7,0,7,2.0,2.321928094887362,0.8613531161467861,low,4
pythia-1.4b,draw_1,A0.8,0,8,1.0,2.321928094887362,0.43067655807339306,medium,2
pythia-1.4b,draw_1,A0.9,0,9,-0.0,2.321928094887362,-0.0,medium,1
pythia-1.4b,draw_1,A0.10,0,10,2.0,2.321928094887362,0.8613531161467861,low,4
pythia-1.4b,draw_1,A0.11,0,11,2.321928094887362,2.321928094887362,1.0,low,5
pythia-1.4b,draw_1,A0.12,0,12,2.0,2.321928094887362,0.8613531161467861,low,4
pythia-1.4b,draw_1,A0.13,0,13,-0.0,2.321928094887362,-0.0,control,1
pythia-1.4b,draw_1,A0.14,0,14,2.0,2.321928094887362,0.8613531161467861,medium,4
pythia-1.4b,draw_1,A0.15,0,15,0.0,2.321928094887362,0.0,,0
pythia-1.4b,draw_1,A1.0,1,0,-0.0,2.321928094887362,-0.0,medium,1
pythia-1.4b,draw_1,A1.1,1,1,1.9219280948873623,2.321928094887362,0.8277293767706428,control,5
pythia-1.4b,draw_1,A1.2,1,2,1.9219280948873623,2.321928094887362,0.8277293767706428,medium,5
pythia-1.4b,draw_1,A1.3,1,3,0.9182958340544896,2.321928094887362,0.3954884891037233,medium,3
pythia-1.4b,draw_1,A1.4,1,4,2.2359263506290326,2.321928094887362,0.9629610647945144,low,7
pythia-1.4b,draw_1,A1.5,1,5,2.0545851693377997,2.321928094887362,0.8848616689990431,medium,12
pythia-1.4b,draw_1,A1.6,1,6,2.058813890331201,2.321928094887362,0.8866828800015338,medium,9
pythia-1.4b,draw_1,A1.7,1,7,-0.0,2.321928094887362,-0.0,medium,9
pythia-1.4b,draw_1,A1.8,1,8,1.6577427265048887,2.321928094887362,0.7139509316223277,medium,9
pythia-1.4b,draw_1,A1.9,1,9,1.6644977792004614,2.321928094887362,0.7168601744668613,medium,7
pythia-1.4b,draw_1,A1.10,1,10,0.8112781244591328,2.321928094887362,0.34939847028229715,medium,4
pythia-1.4b,draw_1,A1.11,1,11,2.2772925846688996,2.321928094887362,0.9807765320912628,medium,24
pythia-1.4b,draw_1,A1.12,1,12,0.6500224216483541,2.321928094887362,0.279949419226045,medium,6
pythia-1.4b,draw_1,A1.13,1,13,-0.0,2.321928094887362,-0.0,medium,1
pythia-1.4b,draw_1,A1.14,1,14,1.0,2.321928094887362,0.43067655807339306,medium,2
pythia-1.4b,draw_1,A1.15,1,15,0.8112781244591328,2.321928094887362,0.34939847028229715,medium,4
pythia-1.4b,draw_1,A2.0,2,0,1.820014469607868,2.321928094887362,0.7838375674144886,medium,30
pythia-1.4b,draw_1,A2.1,2,1,0.0,2.321928094887362,0.0,,0
pythia-1.4b,draw_1,A2.2,2,2,-0.0,2.321928094887362,-0.0,high,1
pythia-1.4b,draw_1,A2.3,2,3,0.0,2.321928094887362,0.0,,0
pythia-1.4b,draw_1,A2.4,2,4,0.8683927290103626,2.321928094887362,0.37399639158614373,medium,16
pythia-1.4b,draw_1,A2.5,2,5,2.305499358628931,2.321928094887362,0.9929245284147233,control,54
pythia-1.4b,draw_1,A2.6,2,6,0.6906950555920002,2.321928094887362,0.29746616922067354,medium,29
pythia-1.4b,draw_1,A2.7,2,7,1.8062389286533895,2.321928094887362,0.7779047648506148,medium,15
pythia-1.4b,draw_1,A2.8,2,8,0.0,2.321928094887362,0.0,,0
pythia-1.4b,draw_1,A2.9,2,9,0.9640863283315679,2.321928094887362,0.4152093815714548,medium,31
pythia-1.4b,draw_1,A2.10,2,10,0.7219280948873623,2.321928094887362,0.31091750708257115,medium,5
pythia-1.4b,draw_1,A2.11,2,11,0.8112781244591328,2.321928094887362,0.34939847028229715,medium,4
pythia-1.4b,draw_1,A2.12,2,12,0.0,2.321928094887362,0.0,,0
pythia-1.4b,draw_1,A2.13,2,13,-0.0,2.321928094887362,-0.0,medium,8
pythia-1.4b,draw_1,A2.14,2,14,-0.0,2.321928094887362,-0.0,medium,4
pythia-1.4b,draw_1,A2.15,2,15,0.988180837004676,2.321928094887362,0.4255863216352585,medium,21
pythia-1.4b,draw_1,A3.0,3,0,-0.0,2.321928094887362,-0.0,medium,1
pythia-1.4b,draw_1,A3.1,3,1,0.0,2.321928094887362,0.0,,0
pythia-1.4b,draw_1,A3.2,3,2,0.0,2.321928094887362,0.0,,0
pythia-1.4b,draw_1,A3.3,3,3,2.058813890331201,2.321928094887362,0.8866828800015338,medium,9
pythia-1.4b,draw_1,A3.4,3,4,2.305958492868042,2.321928094887362,0.9931222667685172,medium,14
pythia-1.4b,draw_1,A3.5,3,5,2.288703141426173,2.321928094887362,0.9856907914011863,medium,28
pythia-1.4b,draw_1,A3.6,3,6,-0.0,2.321928094887362,-0.0,high,1
pythia-1.4b,draw_1,A3.7,3,7,-0.0,2.321928094887362,-0.0,very_high,1
pythia-1.4b,draw_1,A3.8,3,8,-0.0,2.321928094887362,-0.0,control,1
pythia-1.4b,draw_1,A3.9,3,9,0.0,2.321928094887362,0.0,,0
pythia-1.4b,draw_1,A3.10,3,10,0.0,2.321928094887362,0.0,,0
pythia-1.4b,draw_1,A3.11,3,11,1.4591479170272448,2.321928094887362,0.6284208026252547,low,6
pythia-1.4b,draw_1,A3.12,3,12,-0.0,2.321928094887362,-0.0,high,1
pythia-1.4b,draw_1,A3.13,3,13,2.210860643017994,2.321928094887362,0.9521658521149182,control,26
pythia-1.4b,draw_1,A3.14,3,14,0.0,2.321928094887362,0.0,,0
pythia-1.4b,draw_1,A3.15,3,15,0.9182958340544896,2.321928094887362,0.3954884891037233,high,3
pythia-1.4b,draw_1,A4.0,4,0,-0.0,2.321928094887362,-0.0,control,1
pythia-1.4b,draw_1,A4.1,4,1,1.9877733714879842,2.321928094887362,0.8560873938623892,low,13
pythia-1.4b,draw_1,A4.2,4,2,0.0,2.321928094887362,0.0,,0
pythia-1.4b,draw_1,A4.3,4,3,-0.0,2.321928094887362,-0.0,high,2
pythia-1.4b,draw_1,A4.4,4,4,0.9182958340544896,2.321928094887362,0.3954884891037233,low,3
pythia-1.4b,draw_1,A4.5,4,5,1.2987949406953985,2.321928094887362,0.5593605347018309,control,8
pythia-1.4b,draw_1,A4.6,4,6,1.781937063546704,2.321928094887362,0.7674385212317036,control,15
pythia-1.4b,draw_1,A4.7,4,7,2.2961399650265077,2.321928094887362,0.9888936569923775,low,30
pythia-1.4b,draw_1,A4.8,4,8,1.884313527799799,2.321928094887362,0.8115296644839504,control,13
pythia-1.4b,draw_1,A4.9,4,9,1.3709505944546687,2.321928094887362,0.5904362833084089,very_high,5
pythia-1.4b,draw_1,A4.10,4,10,-0.0,2.321928094887362,-0.0,low,1
pythia-1.4b,draw_1,A4.11,4,11,-0.0,2.321928094887362,-0.0,medium,1
pythia-1.4b,draw_1,A4.12,4,12,0.0,2.321928094887362,0.0,,0
pythia-1.4b,draw_1,A4.13,4,13,1.5,2.321928094887362,0.6460148371100897,control,4
pythia-1.4b,draw_1,A4.14,4,14,1.8879185026711327,2.321928094887362,0.8130822426534774,very_high,12
pythia-1.4b,draw_1,A4.15,4,15,2.290152897776704,2.321928094887362,0.9863151674762781,control,54
pythia-1.4b,draw_1,A5.0,5,0,1.5304930567574826,2.321928094887362,0.6591474818395389,low,9
pythia-1.4b,draw_1,A5.1,5,1,-0.0,2.321928094887362,-0.0,control,1
pythia-1.4b,draw_1,A5.2,5,2,1.584962500721156,2.321928094887362,0.6826061944859853,low,3
pythia-1.4b,draw_1,A5.3,5,3,2.2359263506290326,2.321928094887362,0.9629610647945144,high,7
pythia-1.4b,draw_1,A5.4,5,4,2.302690438892503,2.321928094887362,0.991714792530734,high,79
pythia-1.4b,draw_1,A5.5,5,5,2.272088893287269,2.321928094887362,0.978535424197746,high,27
pythia-1.4b,draw_1,A5.6,5,6,0.7219280948873623,2.321928094887362,0.31091750708257115,very_high,5
pythia-1.4b,draw_1,A5.7,5,7,0.0,2.321928094887362,0.0,,0
pythia-1.4b,draw_1,A5.8,5,8,2.272088893287269,2.321928094887362,0.978535424197746,control,27
pythia-1.4b,draw_1,A5.9,5,9,0.0,2.321928094887362,0.0,,0
pythia-1.4b,draw_1,A5.10,5,10,0.0,2.321928094887362,0.0,,0
pythia-1.4b,draw_1,A5.11,5,11,2.317074809306897,2.321928094887362,0.997909803670858,very_high,62
pythia-1.4b,draw_1,A5.12,5,12,2.1162996057016965,2.321928094887362,0.9114406300356855,very_high,17
pythia-1.4b,draw_1,A5.13,5,13,-0.0,2.321928094887362,-0.0,low,1
pythia-1.4b,draw_1,A5.14,5,14,2.0403733936884962,2.321928094887362,0.8787409903782898,high,11
pythia-1.4b,draw_1,A5.15,5,15,0.9182958340544896,2.321928094887362,0.3954884891037233,low,3
pythia-1.4b,draw_1,A6.0,6,0,0.0,2.321928094887362,0.0,,0
pythia-1.4b,draw_1,A6.1,6,1,-0.0,2.321928094887362,-0.0,low,1
pythia-1.4b,draw_1,A6.2,6,2,2.3150180886611182,2.321928094887362,0.9970240223022155,very_high,77
pythia-1.4b,draw_1,A6.3,6,3,0.0,2.321928094887362,0.0,,0
pythia-1.4b,draw_1,A6.4,6,4,0.0,2.321928094887362,0.0,,0
pythia-1.4b,draw_1,A6.5,6,5,-0.0,2.321928094887362,-0.0,medium,1
pythia-1.4b,draw_1,A6.6,6,6,-0.0,2.321928094887362,-0.0,low,1
pythia-1.4b,draw_1,A6.7,6,7,1.5219280948873621,2.321928094887362,0.6554587535412855,low,5
pythia-1.4b,draw_1,A6.8,6,8,1.1488348542809166,2.321928094887362,0.4947762408364533,low,7
pythia-1.4b,draw_1,A6.9,6,9,1.823829807603063,2.321928094887362,0.7854807440501459,low,19
pythia-1.4b,draw_1,A6.10,6,10,1.6577427265048887,2.321928094887362,0.7139509316223277,low,9
pythia-1.4b,draw_1,A6.11,6,11,2.2729408790150076,2.321928094887362,0.978902354478496,control,53
pythia-1.4b,draw_1,A6.12,6,12,0.0,2.321928094887362,0.0,,0
pythia-1.4b,draw_1,A6.13,6,13,0.0,2.321928094887362,0.0,,0
pythia-1.4b,draw_1,A6.14,6,14,0.0,2.321928094887362,0.0,,0
pythia-1.4b,draw_1,A6.15,6,15,2.265857031668058,2.321928094887362,0.9758515074851944,high,35
pythia-1.4b,draw_1,A7.0,7,0,0.6500224216483541,2.321928094887362,0.279949419226045,control,6
pythia-1.4b,draw_1,A7.1,7,1,0.0,2.321928094887362,0.0,,0
pythia-1.4b,draw_1,A7.2,7,2,0.9182958340544896,2.321928094887362,0.3954884891037233,very_high,3
pythia-1.4b,draw_1,A7.3,7,3,2.2413177321603635,2.321928094887362,0.9652830064356884,control,96
pythia-1.4b,draw_1,A7.4,7,4,1.9749375012019272,2.321928094887362,0.8505592854277136,control,9
pythia-1.4b,draw_1,A7.5,7,5,2.2781314763225513,2.321928094887362,0.981137823061254,high,48
pythia-1.4b,draw_1,A7.6,7,6,2.1454064117667375,2.321928094887362,0.9239762490882872,medium,36
pythia-1.4b,draw_1,A7.7,7,7,0.0,2.321928094887362,0.0,,0
pythia-1.4b,draw_1,A7.8,7,8,2.237397409783102,2.321928094887362,0.9635946154877115,low,26
pythia-1.4b,draw_1,A7.9,7,9,0.9182958340544896,2.321928094887362,0.3954884891037233,control,3
pythia-1.4b,draw_1,A7.10,7,10,2.2229074943218796,2.321928094887362,0.9573541485700977,very_high,28
pythia-1.4b,draw_1,A7.11,7,11,0.0,2.321928094887362,0.0,,0
pythia-1.4b,draw_1,A7.12,7,12,0.0,2.321928094887362,0.0,,0
pythia-1.4b,draw_1,A7.13,7,13,0.0,2.321928094887362,0.0,,0
pythia-1.4b,draw_1,A7.14,7,14,0.0,2.321928094887362,0.0,,0
pythia-1.4b,draw_1,A7.15,7,15,2.2709561625134906,2.321928094887362,0.9780475836068713,medium,57
pythia-1.4b,draw_1,A8.0,8,0,1.8464393446710154,2.321928094887362,0.7952181416542045,low,10
pythia-1.4b,draw_1,A8.1,8,1,0.0,2.321928094887362,0.0,,0
pythia-1.4b,draw_1,A8.2,8,2,0.9709505944546686,2.321928094887362,0.4181656600790516,low,5
pythia-1.4b,draw_1,A8.3,8,3,2.306524663519923,2.321928094887362,0.9933661031961516,low,143
pythia-1.4b,draw_1,A8.4,8,4,2.314316639822173,2.321928094887362,0.996721924730594,control,67
pythia-1.4b,draw_1,A8.5,8,5,2.2745210293522127,2.321928094887362,0.979582888186962,very_high,54
pythia-1.4b,draw_1,A8.6,8,6,2.2158255021937237,2.321928094887362,0.9543041005760406,low,32
pythia-1.4b,draw_1,A8.7,8,7,-0.0,2.321928094887362,-0.0,low,1
pythia-1.4b,draw_1,A8.8,8,8,-0.0,2.321928094887362,-0.0,very_high,3
pythia-1.4b,draw_1,A8.9,8,9,0.0,2.321928094887362,0.0,,0
pythia-1.4b,draw_1,A8.10,8,10,0.0,2.321928094887362,0.0,,0
pythia-1.4b,draw_1,A8.11,8,11,1.0,2.321928094887362,0.43067655807339306,medium,2
pythia-1.4b,draw_1,A8.12,8,12,2.212059467131387,2.321928094887362,0.9526821575578097,medium,30
pythia-1.4b,draw_1,A8.13,8,13,-0.0,2.321928094887362,-0.0,low,1
pythia-1.4b,draw_1,A8.14,8,14,2.299252352739997,2.321928094887362,0.990234089420213,control,66
pythia-1.4b,draw_1,A8.15,8,15,0.0,2.321928094887362,0.0,,0
pythia-1.4b,draw_1,A9.0,9,0,0.0,2.321928094887362,0.0,,0
pythia-1.4b,draw_1,A9.1,9,1,1.995496223056266,2.321928094887362,0.8594134449943285,high,57
pythia-1.4b,draw_1,A9.2,9,2,0.0,2.321928094887362,0.0,,0
pythia-1.4b,draw_1,A9.3,9,3,0.0,2.321928094887362,0.0,,0
pythia-1.4b,draw_1,A9.4,9,4,0.0,2.321928094887362,0.0,,0
pythia-1.4b,draw_1,A9.5,9,5,1.6925786457610765,2.321928094887362,0.7289539454249053,low,22
pythia-1.4b,draw_1,A9.6,9,6,0.0,2.321928094887362,0.0,,0
pythia-1.4b,draw_1,A9.7,9,7,1.584962500721156,2.321928094887362,0.6826061944859853,low,3
pythia-1.4b,draw_1,A9.8,9,8,0.0,2.321928094887362,0.0,,0
pythia-1.4b,draw_1,A9.9,9,9,2.247285910782856,2.321928094887362,0.9678533610627907,medium,36
pythia-1.4b,draw_1,A9.10,9,10,2.188721875540867,2.321928094887362,0.942631203937882,very_high,12
pythia-1.4b,draw_1,A9.11,9,11,0.0,2.321928094887362,0.0,,0
pythia-1.4b,draw_1,A9.12,9,12,2.274146931722177,2.321928094887362,0.979421773107275,medium,197
pythia-1.4b,draw_1,A9.13,9,13,1.811278124459133,2.321928094887362,0.7800750283556903,low,8
pythia-1.4b,draw_1,A9.14,9,14,-0.0,2.321928094887362,-0.0,medium,1
pythia-1.4b,draw_1,A9.15,9,15,0.0,2.321928094887362,0.0,,0
pythia-1.4b,draw_1,A10.0,10,0,2.3149105976142437,2.321928094887362,0.9969777284281239,low,163
pythia-1.4b,draw_1,A10.1,10,1,0.0,2.321928094887362,0.0,,0
pythia-1.4b,draw_1,A10.2,10,2,1.2516291673878228,2.321928094887362,0.5390473417948543,medium,6
pythia-1.4b,draw_1,A10.3,10,3,2.0425442740003446,2.321928094887362,0.8796759376389859,medium,78
pythia-1.4b,draw_1,A10.4,10,4,2.3089396055611617,2.321928094887362,0.994406162122419,high,118
pythia-1.4b,draw_1,A10.5,10,5,2.0837651410695517,2.321928094887362,0.8974287987891529,high,22
pythia-1.4b,draw_1,A10.6,10,6,0.0,2.321928094887362,0.0,,0
pythia-1.4b,draw_1,A10.7,10,7,2.0130438676494036,2.321928094887362,0.8669708041699962,low,50
pythia-1.4b,draw_1,A10.8,10,8,2.305238385411761,2.321928094887362,0.9928121333678032,control,131
pythia-1.4b,draw_1,A10.9,10,9,2.3205716114710726,2.321928094887362,0.9994157943911888,low,199
pythia-1.4b,draw_1,A10.10,10,10,-0.0,2.321928094887362,-0.0,low,1
pythia-1.4b,draw_1,A10.11,10,11,1.9860028388895463,2.321928094887362,0.8553248669769372,very_high,49
pythia-1.4b,draw_1,A10.12,10,12,0.0,2.321928094887362,0.0,,0
pythia-1.4b,draw_1,A10.13,10,13,0.0,2.321928094887362,0.0,,0
pythia-1.4b,draw_1,A10.14,10,14,2.2081122907992468,2.321928094887362,0.9509822012409749,medium,55
pythia-1.4b,draw_1,A10.15,10,15,1.9502120649147465,2.321928094887362,0.8399106196306877,low,7
pythia-1.4b,draw_1,A11.0,11,0,1.0,2.321928094887362,0.43067655807339306,low,2
pythia-1.4b,draw_1,A11.1,11,1,0.0,2.321928094887362,0.0,,0
pythia-1.4b,draw_1,A11.2,11,2,2.3029105031459207,2.321928094887362,0.991809569045951,very_high,145
pythia-1.4b,draw_1,A11.3,11,3,0.0,2.321928094887362,0.0,,0
pythia-1.4b,draw_1,A11.4,11,4,1.889246428509158,2.321928094887362,0.8136541491827748,control,15
pythia-1.4b,draw_1,A11.5,11,5,0.0,2.321928094887362,0.0,,0
pythia-1.4b,draw_1,A11.6,11,6,2.1254360184031262,2.321928094887362,0.9153754688110753,very_high,66
pythia-1.4b,draw_1,A11.7,11,7,0.0,2.321928094887362,0.0,,0
pythia-1.4b,draw_1,A11.8,11,8,2.2270446186727852,2.321928094887362,0.9591359110458674,high,85
pythia-1.4b,draw_1,A11.9,11,9,1.2987949406953985,2.321928094887362,0.5593605347018309,low,8
pythia-1.4b,draw_1,A11.10,11,10,0.0,2.321928094887362,0.0,,0
pythia-1.4b,draw_1,A11.11,11,11,2.1709505944546685,2.321928094887362,0.9349775297671233,medium,10
pythia-1.4b,draw_1,A11.12,11,12,1.3352377453121176,2.321928094887362,0.5750555963607007,very_high,28
pythia-1.4b,draw_1,A11.13,11,13,2.3021626970592415,2.321928094887362,0.9914875064944336,medium,67
pythia-1.4b,draw_1,A11.14,11,14,2.2813088658300735,2.321928094887362,0.9825062502380122,control,36
pythia-1.4b,draw_1,A11.15,11,15,2.161127693581362,2.321928094887362,0.9307470366287116,high,62
pythia-1.4b,draw_1,A12.0,12,0,0.8453509366224364,2.321928094887362,0.36407283174867,high,11
pythia-1.4b,draw_1,A12.1,12,1,0.0,2.321928094887362,0.0,,0
pythia-1.4b,draw_1,A12.2,12,2,0.0,2.321928094887362,0.0,,0
pythia-1.4b,draw_1,A12.3,12,3,2.2804797531032444,2.321928094887362,0.9821491708225666,low,43
pythia-1.4b,draw_1,A12.4,12,4,0.0,2.321928094887362,0.0,,0
pythia-1.4b,draw_1,A12.5,12,5,0.0,2.321928094887362,0.0,,0
pythia-1.4b,draw_1,A12.6,12,6,0.9709505944546686,2.321928094887362,0.4181656600790516,very_high,5
pythia-1.4b,draw_1,A12.7,12,7,2.2944785188238574,2.321928094887362,0.988178111060396,high,154
pythia-1.4b,draw_1,A12.8,12,8,2.131346433249389,2.321928094887362,0.9179209459338497,medium,25
pythia-1.4b,draw_1,A12.9,12,9,0.0,2.321928094887362,0.0,,0
pythia-1.4b,draw_1,A12.10,12,10,1.9851930840221093,2.321928094887362,0.8549761245377463,high,31
pythia-1.4b,draw_1,A12.11,12,11,2.2443292057401973,2.321928094887362,0.9665799775117803,low,48
pythia-1.4b,draw_1,A12.12,12,12,2.3081808567349382,2.321928094887362,0.9940793867894988,high,107
pythia-1.4b,draw_1,A12.13,12,13,1.672905595320056,2.321928094887362,0.7204812237741623,control,15
pythia-1.4b,draw_1,A12.14,12,14,1.584962500721156,2.321928094887362,0.6826061944859853,low,6
pythia-1.4b,draw_1,A12.15,12,15,2.3027316208162802,2.321928094887362,0.9917325286199213,low,148
pythia-1.4b,draw_1,A13.0,13,0,1.8158576830330424,2.321928094887362,0.7820473368797971,control,50
pythia-1.4b,draw_1,A13.1,13,1,2.177501372512218,2.321928094887362,0.9377987963136514,medium,59
pythia-1.4b,draw_1,A13.2,13,2,0.9852281360342515,2.321928094887362,0.4243146625442961,low,7
pythia-1.4b,draw_1,A13.3,13,3,0.0,2.321928094887362,0.0,,0
pythia-1.4b,draw_1,A13.4,13,4,0.0,2.321928094887362,0.0,,0
pythia-1.4b,draw_1,A13.5,13,5,0.0,2.321928094887362,0.0,,0
pythia-1.4b,draw_1,A13.6,13,6,1.6258145836939115,2.321928094887362,0.7002002289708202,medium,12
pythia-1.4b,draw_1,A13.7,13,7,2.216657699139974,2.321928094887362,0.9546625082924909,high,43
pythia-1.4b,draw_1,A13.8,13,8,0.9182958340544896,2.321928094887362,0.3954884891037233,medium,3
pythia-1.4b,draw_1,A13.9,13,9,-0.0,2.321928094887362,-0.0,high,4
pythia-1.4b,draw_1,A13.10,13,10,0.0,2.321928094887362,0.0,,0
pythia-1.4b,draw_1,A13.11,13,11,0.0,2.321928094887362,0.0,,0
pythia-1.4b,draw_1,A13.12,13,12,0.0,2.321928094887362,0.0,,0
pythia-1.4b,draw_1,A13.13,13,13,2.2245164246696425,2.321928094887362,0.958047077154452,low,54
pythia-1.4b,draw_1,A13.14,13,14,0.0,2.321928094887362,0.0,,0
pythia-1.4b,draw_1,A13.15,13,15,2.308763932715233,2.321928094887362,0.9943305039457874,control,180
pythia-1.4b,draw_1,A14.0,14,0,2.2883552311478472,2.321928094887362,0.9855409545999987,control,62
pythia-1.4b,draw_1,A14.1,14,1,-0.0,2.321928094887362,-0.0,low,4
pythia-1.4b,draw_1,A14.2,14,2,0.0,2.321928094887362,0.0,,0
pythia-1.4b,draw_1,A14.3,14,3,0.0,2.321928094887362,0.0,,0
pythia-1.4b,draw_1,A14.4,14,4,-0.0,2.321928094887362,-0.0,control,8
pythia-1.4b,draw_1,A14.5,14,5,2.1211274733371868,2.321928094887362,0.9135198794517725,high,20
pythia-1.4b,draw_1,A14.6,14,6,2.267194405716501,2.321928094887362,0.9764274831372346,low,76
pythia-1.4b,draw_1,A14.7,14,7,2.270942421748537,2.321928094887362,0.9780416657815159,control,14
pythia-1.4b,draw_1,A14.8,14,8,0.9182958340544896,2.321928094887362,0.3954884891037233,low,3
pythia-1.4b,draw_1,A14.9,14,9,-0.0,2.321928094887362,-0.0,control,3
pythia-1.4b,draw_1,A14.10,14,10,0.0,2.321928094887362,0.0,,0
pythia-1.4b,draw_1,A14.11,14,11,2.2160046263242035,2.321928094887362,0.9543812451400235,low,92
pythia-1.4b,draw_1,A14.12,14,12,1.3681048373817144,2.321928094887362,0.5892106824471159,medium,30
pythia-1.4b,draw_1,A14.13,14,13,0.0,2.321928094887362,0.0,,0
pythia-1.4b,draw_1,A14.14,14,14,0.9530138853315971,2.321928094887362,0.4104407399307636,low,19
pythia-1.4b,draw_1,A14.15,14,15,0.0,2.321928094887362,0.0,,0
pythia-1.4b,draw_1,A15.0,15,0,-0.0,2.321928094887362,-0.0,control,3
pythia-1.4b,draw_1,A15.1,15,1,2.252458970360959,2.321928094887362,0.9700812765565967,medium,83
pythia-1.4b,draw_1,A15.2,15,2,-0.0,2.321928094887362,-0.0,low,5
pythia-1.4b,draw_1,A15.3,15,3,1.7311265233591002,2.321928094887362,0.7455556126698566,low,43
pythia-1.4b,draw_1,A15.4,15,4,0.0,2.321928094887362,0.0,,0
pythia-1.4b,draw_1,A15.5,15,5,2.2724994555866935,2.321928094887362,0.9787122437557367,low,23
pythia-1.4b,draw_1,A15.6,15,6,1.0,2.321928094887362,0.43067655807339306,low,2
pythia-1.4b,draw_1,A15.7,15,7,-0.0,2.321928094887362,-0.0,low,10
pythia-1.4b,draw_1,A15.8,15,8,0.0,2.321928094887362,0.0,,0
pythia-1.4b,draw_1,A15.9,15,9,2.230250706595366,2.321928094887362,0.9605166979572451,low,61
pythia-1.4b,draw_1,A15.10,15,10,0.8554508105601306,2.321928094887362,0.36842261069313126,low,25
pythia-1.4b,draw_1,A15.11,15,11,2.2738481037946396,2.321928094887362,0.9792930749239869,low,83
pythia-1.4b,draw_1,A15.12,15,12,0.0,2.321928094887362,0.0,,0
pythia-1.4b,draw_1,A15.13,15,13,2.2642163188227293,2.321928094887362,0.9751448909241814,medium,48
pythia-1.4b,draw_1,A15.14,15,14,2.290926582875026,2.321928094887362,0.986648375511456,medium,73
pythia-1.4b,draw_1,A15.15,15,15,2.286715490662535,2.321928094887362,0.9848347568116509,control,57
pythia-1.4b,draw_1,A16.0,16,0,2.310079035768404,2.321928094887362,0.9948968880022389,high,89
pythia-1.4b,draw_1,A16.1,16,1,0.7793498372920851,2.321928094887362,0.3356477054600141,medium,13
pythia-1.4b,draw_1,A16.2,16,2,1.959714974151055,2.321928094887362,0.8440032998722649,medium,31
pythia-1.4b,draw_1,A16.3,16,3,2.258923139464212,2.321928094887362,0.9728652426567901,very_high,74
pythia-1.4b,draw_1,A16.4,16,4,2.295062413285052,2.321928094887362,0.9884295807172214,medium,156
pythia-1.4b,draw_1,A16.5,16,5,2.2853540104384615,2.321928094887362,0.9842483991948618,high,65
pythia-1.4b,draw_1,A16.6,16,6,1.7960885595978366,2.321928094887362,0.7735332388425946,low,18
pythia-1.4b,draw_1,A16.7,16,7,0.0,2.321928094887362,0.0,,0
pythia-1.4b,draw_1,A16.8,16,8,0.0,2.321928094887362,0.0,,0
pythia-1.4b,draw_1,A16.9,16,9,0.0,2.321928094887362,0.0,,0
pythia-1.4b,draw_1,A16.10,16,10,2.133743060194321,2.321928094887362,0.918953116977479,medium,27
pythia-1.4b,draw_1,A16.11,16,11,0.0,2.321928094887362,0.0,,0
pythia-1.4b,draw_1,A16.12,16,12,0.0,2.321928094887362,0.0,,0
pythia-1.4b,draw_1,A16.13,16,13,2.1294596742094,2.321928094887362,0.9171083630445934,control,49
pythia-1.4b,draw_1,A16.14,16,14,0.0,2.321928094887362,0.0,,0
pythia-1.4b,draw_1,A16.15,16,15,1.8726689026900432,2.321928094887362,0.8065145974216257,medium,48
pythia-1.4b,draw_1,A17.0,17,0,0.0,2.321928094887362,0.0,,0
pythia-1.4b,draw_1,A17.1,17,1,2.103381745008358,2.321928094887362,0.9058772102546069,low,53
pythia-1.4b,draw_1,A17.2,17,2,0.0,2.321928094887362,0.0,,0
pythia-1.4b,draw_1,A17.3,17,3,0.0,2.321928094887362,0.0,,0
pythia-1.4b,draw_1,A17.4,17,4,0.0,2.321928094887362,0.0,,0
pythia-1.4b,draw_1,A17.5,17,5,1.3396642639295127,2.321928094887362,0.5769619941630881,low,21
pythia-1.4b,draw_1,A17.6,17,6,0.0,2.321928094887362,0.0,,0
pythia-1.4b,draw_1,A17.7,17,7,2.31122342677729,2.321928094887362,0.9953897503830361,very_high,31
pythia-1.4b,draw_1,A17.8,17,8,1.3787834934861753,2.321928094887362,0.5938097293030346,low,7
pythia-1.4b,draw_1,A17.9,17,9,0.0,2.321928094887362,0.0,,0
pythia-1.4b,draw_1,A17.10,17,10,0.0,2.321928094887362,0.0,,0
pythia-1.4b,draw_1,A17.11,17,11,1.5709505944546684,2.321928094887362,0.6765715949230874,high,10
pythia-1.4b,draw_1,A17.12,17,12,0.9927744539878083,2.321928094887362,0.42756468478666143,low,20
pythia-1.4b,draw_1,A17.13,17,13,0.9182958340544896,2.321928094887362,0.3954884891037233,medium,3
pythia-1.4b,draw_1,A17.14,17,14,0.0,2.321928094887362,0.0,,0
pythia-1.4b,draw_1,A17.15,17,15,1.4299111709758698,2.321928094887362,0.6158292214665827,control,14
pythia-1.4b,draw_1,A18.0,18,0,-0.0,2.321928094887362,-0.0,low,11
pythia-1.4b,draw_1,A18.1,18,1,0.0,2.321928094887362,0.0,,0
pythia-1.4b,draw_1,A18.2,18,2,2.1706688589791048,2.321928094887362,0.9348561929022203,control,53
pythia-1.4b,draw_1,A18.3,18,3,0.0,2.321928094887362,0.0,,0
pythia-1.4b,draw_1,A18.4,18,4,0.8904916402194913,2.321928094887362,0.38351387460286085,high,13
pythia-1.4b,draw_1,A18.5,18,5,0.0,2.321928094887362,0.0,,0
pythia-1.4b,draw_1,A18.6,18,6,2.211613340917737,2.321928094887362,0.9524900214556486,control,36
pythia-1.4b,draw_1,A18.7,18,7,0.0,2.321928094887362,0.0,,0
pythia-1.4b,draw_1,A18.8,18,8,1.6804530247303398,2.321928094887362,0.7237317246948852,high,27
pythia-1.4b,draw_1,A18.9,18,9,0.0,2.321928094887362,0.0,,0
pythia-1.4b,draw_1,A18.10,18,10,1.5440240964819507,2.321928094887362,0.6649749834552271,high,22
pythia-1.4b,draw_1,A18.11,18,11,1.9252406873541528,2.321928094887362,0.82915603269254,high,36
pythia-1.4b,draw_1,A18.12,18,12,0.0,2.321928094887362,0.0,,0
pythia-1.4b,draw_1,A18.13,18,13,1.360964047443681,2.321928094887362,0.5861353116146786,control,10
pythia-1.4b,draw_1,A18.14,18,14,0.0,2.321928094887362,0.0,,0
pythia-1.4b,draw_1,A18.15,18,15,0.7642045065086203,2.321928094887362,0.3291249665273085,control,18
pythia-1.4b,draw_1,A19.0,19,0,0.0,2.321928094887362,0.0,,0
pythia-1.4b,draw_1,A19.1,19,1,0.0,2.321928094887362,0.0,,0
pythia-1.4b,draw_1,A19.2,19,2,0.0,2.321928094887362,0.0,,0
pythia-1.4b,draw_1,A19.3,19,3,1.8030074660991144,2.321928094887362,0.7765130496801965,high,28
pythia-1.4b,draw_1,A19.4,19,4,0.0,2.321928094887362,0.0,,0
pythia-1.4b,draw_1,A19.5,19,5,0.9456603046006401,2.321928094887362,0.4072737250920402,very_high,11
pythia-1.4b,draw_1,A19.6,19,6,1.1981174211304033,2.321928094887362,0.5160010871002121,low,14
pythia-1.4b,draw_1,A19.7,19,7,0.0,2.321928094887362,0.0,,0
pythia-1.4b,draw_1,A19.8,19,8,0.0,2.321928094887362,0.0,,0
pythia-1.4b,draw_1,A19.9,19,9,0.0,2.321928094887362,0.0,,0
pythia-1.4b,draw_1,A19.10,19,10,0.9709505944546686,2.321928094887362,0.4181656600790516,medium,5
pythia-1.4b,draw_1,A19.11,19,11,1.8646666997688983,2.321928094887362,0.8030682362105421,very_high,39
pythia-1.4b,draw_1,A19.12,19,12,0.0,2.321928094887362,0.0,,0
pythia-1.4b,draw_1,A19.13,19,13,1.2916919971380596,2.321928094887362,0.5563014634183666,low,14
pythia-1.4b,draw_1,A19.14,19,14,2.165957320949175,2.321928094887362,0.9328270439202583,low,20
pythia-1.4b,draw_1,A19.15,19,15,0.0,2.321928094887362,0.0,,0
pythia-1.4b,draw_1,A20.0,20,0,0.0,2.321928094887362,0.0,,0
pythia-1.4b,draw_1,A20.1,20,1,2.2906004760222647,2.321928094887362,0.9865079289345448,low,55
pythia-1.4b,draw_1,A20.2,20,2,-0.0,2.321928094887362,-0.0,low,3
pythia-1.4b,draw_1,A20.3,20,3,0.6500224216483541,2.321928094887362,0.279949419226045,control,6
pythia-1.4b,draw_1,A20.4,20,4,0.0,2.321928094887362,0.0,,0
pythia-1.4b,draw_1,A20.5,20,5,0.0,2.321928094887362,0.0,,0
pythia-1.4b,draw_1,A20.6,20,6,1.8743412043048169,2.321928094887362,0.807234818525137,control,30
pythia-1.4b,draw_1,A20.7,20,7,-0.0,2.321928094887362,-0.0,very_high,10
pythia-1.4b,draw_1,A20.8,20,8,0.0,2.321928094887362,0.0,,0
pythia-1.4b,draw_1,A20.9,20,9,0.0,2.321928094887362,0.0,,0
pythia-1.4b,draw_1,A20.10,20,10,1.5280209491812582,2.321928094887362,0.6580828030574234,medium,37
pythia-1.4b,draw_1,A20.11,20,11,0.0,2.321928094887362,0.0,,0
pythia-1.4b,draw_1,A20.12,20,12,0.0,2.321928094887362,0.0,,0
pythia-1.4b,draw_1,A20.13,20,13,-0.0,2.321928094887362,-0.0,control,12
pythia-1.4b,draw_1,A20.14,20,14,-0.0,2.321928094887362,-0.0,control,3
pythia-1.4b,draw_1,A20.15,20,15,2.0750878454256667,2.321928094887362,0.8936916909678593,very_high,51
pythia-1.4b,draw_1,A21.0,21,0,1.8369244621672958,2.321928094887362,0.7911203048070297,high,35
pythia-1.4b,draw_1,A21.1,21,1,0.0,2.321928094887362,0.0,,0
pythia-1.4b,draw_1,A21.2,21,2,1.0,2.321928094887362,0.43067655807339306,medium,10
pythia-1.4b,draw_1,A21.3,21,3,0.0,2.321928094887362,0.0,,0
pythia-1.4b,draw_1,A21.4,21,4,0.0,2.321928094887362,0.0,,0
pythia-1.4b,draw_1,A21.5,21,5,0.0,2.321928094887362,0.0,,0
pythia-1.4b,draw_1,A21.6,21,6,-0.0,2.321928094887362,-0.0,low,2
pythia-1.4b,draw_1,A21.7,21,7,1.5641959209475198,2.321928094887362,0.6736625153861191,low,39
pythia-1.4b,draw_1,A21.8,21,8,0.0,2.321928094887362,0.0,,0
pythia-1.4b,draw_1,A21.9,21,9,0.0,2.321928094887362,0.0,,0
pythia-1.4b,draw_1,A21.10,21,10,-0.0,2.321928094887362,-0.0,low,1
pythia-1.4b,draw_1,A21.11,21,11,0.0,2.321928094887362,0.0,,0
pythia-1.4b,draw_1,A21.12,21,12,0.0,2.321928094887362,0.0,,0
pythia-1.4b,draw_1,A21.13,21,13,0.0,2.321928094887362,0.0,,0
pythia-1.4b,draw_1,A21.14,21,14,1.584962500721156,2.321928094887362,0.6826061944859853,low,3
pythia-1.4b,draw_1,A21.15,21,15,0.0,2.321928094887362,0.0,,0
pythia-1.4b,draw_1,A22.0,22,0,1.6699095137731645,2.321928094887362,0.7191908816858399,very_high,28
pythia-1.4b,draw_1,A22.1,22,1,0.0,2.321928094887362,0.0,,0
pythia-1.4b,draw_1,A22.2,22,2,1.714588545897894,2.321928094887362,0.7384330934593689,low,80
pythia-1.4b,draw_1,A22.3,22,3,-0.0,2.321928094887362,-0.0,high,5
pythia-1.4b,draw_1,A22.4,22,4,0.0,2.321928094887362,0.0,,0
pythia-1.4b,draw_1,A22.5,22,5,0.0,2.321928094887362,0.0,,0
pythia-1.4b,draw_1,A22.6,22,6,0.0,2.321928094887362,0.0,,0
pythia-1.4b,draw_1,A22.7,22,7,0.0,2.321928094887362,0.0,,0
pythia-1.4b,draw_1,A22.8,22,8,0.0,2.321928094887362,0.0,,0
pythia-1.4b,draw_1,A22.9,22,9,2.2886829737188243,2.321928094887362,0.9856821056424012,control,34
pythia-1.4b,draw_1,A22.10,22,10,0.0,2.321928094887362,0.0,,0
pythia-1.4b,draw_1,A22.11,22,11,0.0,2.321928094887362,0.0,,0
pythia-1.4b,draw_1,A22.12,22,12,0.0,2.321928094887362,0.0,,0
pythia-1.4b,draw_1,A22.13,22,13,2.2478209454209104,2.321928094887362,0.9680837879391581,medium,75
pythia-1.4b,draw_1,A22.14,22,14,0.0,2.321928094887362,0.0,,0
pythia-1.4b,draw_1,A22.15,22,15,-0.0,2.321928094887362,-0.0,medium,9
pythia-1.4b,draw_1,A23.0,23,0,0.0,2.321928094887362,0.0,,0
pythia-1.4b,draw_1,A23.1,23,1,0.0,2.321928094887362,0.0,,0
pythia-1.4b,draw_1,A23.2,23,2,2.1492553971685,2.321928094887362,0.925633916873193,control,15
pythia-1.4b,draw_1,A23.3,23,3,0.0,2.321928094887362,0.0,,0
pythia-1.4b,draw_1,A23.4,23,4,0.0,2.321928094887362,0.0,,0
pythia-1.4b,draw_1,A23.5,23,5,0.0,2.321928094887362,0.0,,0
pythia-1.4b,draw_1,A23.6,23,6,0.0,2.321928094887362,0.0,,0
pythia-1.4b,draw_1,A23.7,23,7,0.0,2.321928094887362,0.0,,0
pythia-1.4b,draw_1,A23.8,23,8,0.0,2.321928094887362,0.0,,0
pythia-1.4b,draw_1,A23.9,23,9,2.188721875540867,2.321928094887362,0.942631203937882,medium,12
pythia-1.4b,draw_1,A23.10,23,10,0.0,2.321928094887362,0.0,,0
pythia-1.4b,draw_1,A23.11,23,11,0.0,2.321928094887362,0.0,,0
pythia-1.4b,draw_1,A23.12,23,12,0.0,2.321928094887362,0.0,,0
pythia-1.4b,draw_1,A23.13,23,13,0.0,2.321928094887362,0.0,,0
pythia-1.4b,draw_1,A23.14,23,14,0.0,2.321928094887362,0.0,,0
pythia-1.4b,draw_1,A23.15,23,15,0.0,2.321928094887362,0.0,,0
pythia-1.4b,draw_2,A0.0,0,0,0.0,2.321928094887362,0.0,,0
pythia-1.4b,draw_2,A0.1,0,1,-0.0,2.321928094887362,-0.0,very_high,1
pythia-1.4b,draw_2,A0.2,0,2,2.321928094887362,2.321928094887362,1.0,low,5
pythia-1.4b,draw_2,A0.3,0,3,2.321928094887362,2.321928094887362,1.0,low,5
pythia-1.4b,draw_2,A0.4,0,4,2.0,2.321928094887362,0.8613531161467861,low,4
pythia-1.4b,draw_2,A0.5,0,5,-0.0,2.321928094887362,-0.0,low,1
pythia-1.4b,draw_2,A0.6,0,6,2.321928094887362,2.321928094887362,1.0,low,5
pythia-1.4b,draw_2,A0.7,0,7,2.0,2.321928094887362,0.8613531161467861,low,4
pythia-1.4b,draw_2,A0.8,0,8,0.0,2.321928094887362,0.0,,0
pythia-1.4b,draw_2,A0.9,0,9,0.0,2.321928094887362,0.0,,0
pythia-1.4b,draw_2,A0.10,0,10,1.0,2.321928094887362,0.43067655807339306,low,2
pythia-1.4b,draw_2,A0.11,0,11,-0.0,2.321928094887362,-0.0,very_high,1
pythia-1.4b,draw_2,A0.12,0,12,1.0,2.321928094887362,0.43067655807339306,low,2
pythia-1.4b,draw_2,A0.13,0,13,2.0,2.321928094887362,0.8613531161467861,low,4
pythia-1.4b,draw_2,A0.14,0,14,-0.0,2.321928094887362,-0.0,very_high,1
pythia-1.4b,draw_2,A0.15,0,15,0.0,2.321928094887362,0.0,,0
pythia-1.4b,draw_2,A1.0,1,0,1.0,2.321928094887362,0.43067655807339306,medium,2
pythia-1.4b,draw_2,A1.1,1,1,1.584962500721156,2.321928094887362,0.6826061944859853,medium,3
pythia-1.4b,draw_2,A1.2,1,2,1.0,2.321928094887362,0.43067655807339306,low,2
pythia-1.4b,draw_2,A1.3,1,3,0.0,2.321928094887362,0.0,,0
pythia-1.4b,draw_2,A1.4,1,4,2.25,2.321928094887362,0.9690222556651344,medium,8
pythia-1.4b,draw_2,A1.5,1,5,2.321928094887362,2.321928094887362,1.0,low,5
pythia-1.4b,draw_2,A1.6,1,6,2.321928094887362,2.321928094887362,1.0,low,5
pythia-1.4b,draw_2,A1.7,1,7,0.0,2.321928094887362,0.0,,0
pythia-1.4b,draw_2,A1.8,1,8,1.950212064914747,2.321928094887362,0.8399106196306879,low,7
pythia-1.4b,draw_2,A1.9,1,9,-0.0,2.321928094887362,-0.0,very_high,1
pythia-1.4b,draw_2,A1.10,1,10,-0.0,2.321928094887362,-0.0,low,1
pythia-1.4b,draw_2,A1.11,1,11,2.2892464285091583,2.321928094887362,0.9859247724121322,very_high,15
pythia-1.4b,draw_2,A1.12,1,12,-0.0,2.321928094887362,-0.0,very_high,1
pythia-1.4b,draw_2,A1.13,1,13,0.0,2.321928094887362,0.0,,0
pythia-1.4b,draw_2,A1.14,1,14,2.321928094887362,2.321928094887362,1.0,low,5
pythia-1.4b,draw_2,A1.15,1,15,1.5,2.321928094887362,0.6460148371100897,very_high,4
pythia-1.4b,draw_2,A2.0,2,0,2.197159723424149,2.321928094887362,0.9462651872218009,control,9
pythia-1.4b,draw_2,A2.1,2,1,0.0,2.321928094887362,0.0,,0
pythia-1.4b,draw_2,A2.2,2,2,1.5,2.321928094887362,0.6460148371100897,high,4
pythia-1.4b,draw_2,A2.3,2,3,0.0,2.321928094887362,0.0,,0
pythia-1.4b,draw_2,A2.4,2,4,0.0,2.321928094887362,0.0,,0
pythia-1.4b,draw_2,A2.5,2,5,2.307418114264353,2.321928094887362,0.9937508914875707,very_high,50
pythia-1.4b,draw_2,A2.6,2,6,1.5,2.321928094887362,0.6460148371100897,control,4
pythia-1.4b,draw_2,A2.7,2,7,2.25,2.321928094887362,0.9690222556651344,low,8
pythia-1.4b,draw_2,A2.8,2,8,0.0,2.321928094887362,0.0,,0
pythia-1.4b,draw_2,A2.9,2,9,0.9182958340544896,2.321928094887362,0.3954884891037233,very_high,3
pythia-1.4b,draw_2,A2.10,2,10,0.0,2.321928094887362,0.0,,0
pythia-1.4b,draw_2,A2.11,2,11,1.584962500721156,2.321928094887362,0.6826061944859853,medium,3
pythia-1.4b,draw_2,A2.12,2,12,-0.0,2.321928094887362,-0.0,very_high,1
pythia-1.4b,draw_2,A2.13,2,13,0.0,2.321928094887362,0.0,,0
pythia-1.4b,draw_2,A2.14,2,14,0.0,2.321928094887362,0.0,,0
pythia-1.4b,draw_2,A2.15,2,15,1.5,2.321928094887362,0.6460148371100897,high,4
pythia-1.4b,draw_2,A3.0,3,0,0.0,2.321928094887362,0.0,,0
pythia-1.4b,draw_2,A3.1,3,1,-0.0,2.321928094887362,-0.0,very_high,1
pythia-1.4b,draw_2,A3.2,3,2,0.0,2.321928094887362,0.0,,0
pythia-1.4b,draw_2,A3.3,3,3,2.25,2.321928094887362,0.9690222556651344,low,8
pythia-1.4b,draw_2,A3.4,3,4,2.246439344671016,2.321928094887362,0.9674887648835618,low,10
pythia-1.4b,draw_2,A3.5,3,5,2.306638527466958,2.321928094887362,0.9934151417289493,low,26
pythia-1.4b,draw_2,A3.6,3,6,0.0,2.321928094887362,0.0,,0
pythia-1.4b,draw_2,A3.7,3,7,0.0,2.321928094887362,0.0,,0
pythia-1.4b,draw_2,A3.8,3,8,0.9182958340544896,2.321928094887362,0.3954884891037233,control,3
pythia-1.4b,draw_2,A3.9,3,9,0.0,2.321928094887362,0.0,,0
pythia-1.4b,draw_2,A3.10,3,10,-0.0,2.321928094887362,-0.0,low,1
pythia-1.4b,draw_2,A3.11,3,11,0.9182958340544896,2.321928094887362,0.3954884891037233,control,3
pythia-1.4b,draw_2,A3.12,3,12,0.0,2.321928094887362,0.0,,0
pythia-1.4b,draw_2,A3.13,3,13,2.303701696057348,2.321928094887362,0.9921503172858166,control,20
pythia-1.4b,draw_2,A3.14,3,14,0.0,2.321928094887362,0.0,,0
pythia-1.4b,draw_2,A3.15,3,15,1.584962500721156,2.321928094887362,0.6826061944859853,medium,3
pythia-1.4b,draw_2,A4.0,4,0,0.0,2.321928094887362,0.0,,0
pythia-1.4b,draw_2,A4.1,4,1,1.855388542207534,2.321928094887362,0.7990723512467511,low,12
pythia-1.4b,draw_2,A4.2,4,2,-0.0,2.321928094887362,-0.0,medium,1
pythia-1.4b,draw_2,A4.3,4,3,0.9709505944546686,2.321928094887362,0.4181656600790516,high,5
pythia-1.4b,draw_2,A4.4,4,4,-0.0,2.321928094887362,-0.0,high,2
pythia-1.4b,draw_2,A4.5,4,5,1.882856063692049,2.321928094887362,0.8109019688585091,low,16
pythia-1.4b,draw_2,A4.6,4,6,1.884313527799799,2.321928094887362,0.8115296644839504,high,13
pythia-1.4b,draw_2,A4.7,4,7,2.15612807861366,2.321928094887362,0.9285938196627294,high,41
pythia-1.4b,draw_2,A4.8,4,8,1.5566567074628228,2.321928094887362,0.6704155528719493,control,7
pythia-1.4b,draw_2,A4.9,4,9,1.9182958340544896,2.321928094887362,0.8261650471771164,low,6
pythia-1.4b,draw_2,A4.10,4,10,0.0,2.321928094887362,0.0,,0
pythia-1.4b,draw_2,A4.11,4,11,-0.0,2.321928094887362,-0.0,low,2
pythia-1.4b,draw_2,A4.12,4,12,0.0,2.321928094887362,0.0,,0
pythia-1.4b,draw_2,A4.13,4,13,-0.0,2.321928094887362,-0.0,high,1
pythia-1.4b,draw_2,A4.14,4,14,2.058813890331201,2.321928094887362,0.8866828800015338,high,9
pythia-1.4b,draw_2,A4.15,4,15,2.280101339398382,2.321928094887362,0.9819861969106286,high,49
pythia-1.4b,draw_2,A5.0,5,0,1.295461844238322,2.321928094887362,0.5579250481919705,very_high,10
pythia-1.4b,draw_2,A5.1,5,1,-0.0,2.321928094887362,-0.0,low,1
pythia-1.4b,draw_2,A5.2,5,2,1.0,2.321928094887362,0.43067655807339306,medium,2
pythia-1.4b,draw_2,A5.3,5,3,1.9219280948873623,2.321928094887362,0.8277293767706428,high,5
pythia-1.4b,draw_2,A5.4,5,4,2.3147410753971904,2.321928094887362,0.9969047191831665,high,82
pythia-1.4b,draw_2,A5.5,5,5,2.292575939041037,2.321928094887362,0.9873587145480709,low,33
pythia-1.4b,draw_2,A5.6,5,6,1.5,2.321928094887362,0.6460148371100897,low,4
pythia-1.4b,draw_2,A5.7,5,7,0.0,2.321928094887362,0.0,,0
pythia-1.4b,draw_2,A5.8,5,8,2.3058231002082845,2.321928094887362,0.9930639563238245,high,30
pythia-1.4b,draw_2,A5.9,5,9,0.0,2.321928094887362,0.0,,0
pythia-1.4b,draw_2,A5.10,5,10,0.0,2.321928094887362,0.0,,0
pythia-1.4b,draw_2,A5.11,5,11,2.2870458543386456,2.321928094887362,0.9849770367025906,very_high,61
pythia-1.4b,draw_2,A5.12,5,12,2.1211274733371868,2.321928094887362,0.9135198794517725,low,20
pythia-1.4b,draw_2,A5.13,5,13,-0.0,2.321928094887362,-0.0,low,2
pythia-1.4b,draw_2,A5.14,5,14,1.8910611120726526,2.321928094887362,0.8144356908538931,low,9
pythia-1.4b,draw_2,A5.15,5,15,1.0,2.321928094887362,0.43067655807339306,low,4
pythia-1.4b,draw_2,A6.0,6,0,0.0,2.321928094887362,0.0,,0
pythia-1.4b,draw_2,A6.1,6,1,0.0,2.321928094887362,0.0,,0
pythia-1.4b,draw_2,A6.2,6,2,2.2983592611230184,2.321928094887362,0.9898494557965685,low,76
pythia-1.4b,draw_2,A6.3,6,3,0.0,2.321928094887362,0.0,,0
pythia-1.4b,draw_2,A6.4,6,4,0.0,2.321928094887362,0.0,,0
pythia-1.4b,draw_2,A6.5,6,5,0.0,2.321928094887362,0.0,,0
pythia-1.4b,draw_2,A6.6,6,6,1.584962500721156,2.321928094887362,0.6826061944859853,low,3
pythia-1.4b,draw_2,A6.7,6,7,1.4591479170272446,2.321928094887362,0.6284208026252547,low,6
pythia-1.4b,draw_2,A6.8,6,8,2.1180782093497093,2.321928094887362,0.9122066329329885,very_high,11
pythia-1.4b,draw_2,A6.9,6,9,1.957543733018063,2.321928094887362,0.8430681972143604,very_high,30
pythia-1.4b,draw_2,A6.10,6,10,2.2125823032160294,2.321928094887362,0.9529073308031801,low,21
pythia-1.4b,draw_2,A6.11,6,11,2.3195401794781447,2.321928094887362,0.9989715808105878,low,55
pythia-1.4b,draw_2,A6.12,6,12,-0.0,2.321928094887362,-0.0,low,2
pythia-1.4b,draw_2,A6.13,6,13,0.0,2.321928094887362,0.0,,0
pythia-1.4b,draw_2,A6.14,6,14,0.0,2.321928094887362,0.0,,0
pythia-1.4b,draw_2,A6.15,6,15,2.262824692361507,2.321928094887362,0.9745455500297384,medium,25
pythia-1.4b,draw_2,A7.0,7,0,1.7527152789797045,2.321928094887362,0.7548533836336261,low,9
pythia-1.4b,draw_2,A7.1,7,1,-0.0,2.321928094887362,-0.0,low,3
pythia-1.4b,draw_2,A7.2,7,2,0.8112781244591328,2.321928094887362,0.34939847028229715,control,4
pythia-1.4b,draw_2,A7.3,7,3,2.309728199206461,2.321928094887362,0.9947457909192949,control,108
pythia-1.4b,draw_2,A7.4,7,4,1.8050365325772657,2.321928094887362,0.7773869210471088,medium,16
pythia-1.4b,draw_2,A7.5,7,5,2.224211212653109,2.321928094887362,0.9579156294936887,low,52
pythia-1.4b,draw_2,A7.6,7,6,2.158597206320293,2.321928094887362,0.9296572150848658,low,35
pythia-1.4b,draw_2,A7.7,7,7,0.0,2.321928094887362,0.0,,0
pythia-1.4b,draw_2,A7.8,7,8,2.2186885704510972,2.321928094887362,0.9555371569586555,medium,25
pythia-1.4b,draw_2,A7.9,7,9,-0.0,2.321928094887362,-0.0,high,1
pythia-1.4b,draw_2,A7.10,7,10,2.292133732769315,2.321928094887362,0.9871682666730073,medium,35
pythia-1.4b,draw_2,A7.11,7,11,0.0,2.321928094887362,0.0,,0
pythia-1.4b,draw_2,A7.12,7,12,0.0,2.321928094887362,0.0,,0
pythia-1.4b,draw_2,A7.13,7,13,-0.0,2.321928094887362,-0.0,medium,2
pythia-1.4b,draw_2,A7.14,7,14,-0.0,2.321928094887362,-0.0,high,1
pythia-1.4b,draw_2,A7.15,7,15,2.288621608495794,2.321928094887362,0.9856556770793612,very_high,46
pythia-1.4b,draw_2,A8.0,8,0,1.4056390622295665,2.321928094887362,0.6053757932145417,very_high,8
pythia-1.4b,draw_2,A8.1,8,1,1.5,2.321928094887362,0.6460148371100897,very_high,4
pythia-1.4b,draw_2,A8.2,8,2,1.4591479170272448,2.321928094887362,0.6284208026252547,low,6
pythia-1.4b,draw_2,A8.3,8,3,2.313143997897443,2.321928094887362,0.9962168953425988,control,123
pythia-1.4b,draw_2,A8.4,8,4,2.265500705411331,2.321928094887362,0.975698046119396,medium,57
pythia-1.4b,draw_2,A8.5,8,5,2.301014407083998,2.321928094887362,0.9909929649202256,medium,69
pythia-1.4b,draw_2,A8.6,8,6,2.2364405016961446,2.321928094887362,0.9631824976064279,medium,24
pythia-1.4b,draw_2,A8.7,8,7,-0.0,2.321928094887362,-0.0,medium,2
pythia-1.4b,draw_2,A8.8,8,8,-0.0,2.321928094887362,-0.0,high,1
pythia-1.4b,draw_2,A8.9,8,9,0.0,2.321928094887362,0.0,,0
pythia-1.4b,draw_2,A8.10,8,10,0.0,2.321928094887362,0.0,,0
pythia-1.4b,draw_2,A8.11,8,11,0.6500224216483541,2.321928094887362,0.279949419226045,control,6
pythia-1.4b,draw_2,A8.12,8,12,2.3054045397675873,2.321928094887362,0.9928836921538794,low,39
pythia-1.4b,draw_2,A8.13,8,13,0.9182958340544896,2.321928094887362,0.3954884891037233,low,3
pythia-1.4b,draw_2,A8.14,8,14,2.285152708844441,2.321928094887362,0.9841617033172144,low,78
pythia-1.4b,draw_2,A8.15,8,15,0.0,2.321928094887362,0.0,,0
pythia-1.4b,draw_2,A9.0,9,0,1.0,2.321928094887362,0.43067655807339306,low,4
pythia-1.4b,draw_2,A9.1,9,1,1.9559485400738938,2.321928094887362,0.8423811850077028,very_high,41
pythia-1.4b,draw_2,A9.2,9,2,0.0,2.321928094887362,0.0,,0
pythia-1.4b,draw_2,A9.3,9,3,-0.0,2.321928094887362,-0.0,low,1
pythia-1.4b,draw_2,A9.4,9,4,0.0,2.321928094887362,0.0,,0
pythia-1.4b,draw_2,A9.5,9,5,1.7963498504571183,2.321928094887362,0.7736457706905261,control,31
pythia-1.4b,draw_2,A9.6,9,6,-0.0,2.321928094887362,-0.0,medium,1
pythia-1.4b,draw_2,A9.7,9,7,0.8112781244591328,2.321928094887362,0.34939847028229715,very_high,4
pythia-1.4b,draw_2,A9.8,9,8,0.8112781244591328,2.321928094887362,0.34939847028229715,control,4
pythia-1.4b,draw_2,A9.9,9,9,2.277425442696106,2.321928094887362,0.9808337509291325,medium,43
pythia-1.4b,draw_2,A9.10,9,10,1.9362600275315274,2.321928094887362,0.8339018041923716,high,11
pythia-1.4b,draw_2,A9.11,9,11,0.0,2.321928094887362,0.0,,0
pythia-1.4b,draw_2,A9.12,9,12,2.2869772968534225,2.321928094887362,0.9849475106008245,medium,199
pythia-1.4b,draw_2,A9.13,9,13,1.9591904234199458,2.321928094887362,0.8437773881688558,low,14
pythia-1.4b,draw_2,A9.14,9,14,1.9219280948873623,2.321928094887362,0.8277293767706428,low,5
pythia-1.4b,draw_2,A9.15,9,15,0.0,2.321928094887362,0.0,,0
pythia-1.4b,draw_2,A10.0,10,0,2.309344149483679,2.321928094887362,0.9945803897065583,medium,171
pythia-1.4b,draw_2,A10.1,10,1,0.0,2.321928094887362,0.0,,0
pythia-1.4b,draw_2,A10.2,10,2,0.0,2.321928094887362,0.0,,0
pythia-1.4b,draw_2,A10.3,10,3,2.168363187807437,2.321928094887362,0.9338631943779574,low,98
pythia-1.4b,draw_2,A10.4,10,4,2.2064589707453965,2.321928094887362,0.9502701550507889,medium,135
pythia-1.4b,draw_2,A10.5,10,5,2.1730905090312698,2.321928094887362,0.935899140811545,low,36
pythia-1.4b,draw_2,A10.6,10,6,-0.0,2.321928094887362,-0.0,medium,1
pythia-1.4b,draw_2,A10.7,10,7,2.0646260247707042,2.321928094887362,0.8891860300569989,medium,65
pythia-1.4b,draw_2,A10.8,10,8,2.311714264545818,2.321928094887362,0.9956011427037581,high,132
pythia-1.4b,draw_2,A10.9,10,9,2.317542788030364,2.321928094887362,0.9981113511367324,low,200
pythia-1.4b,draw_2,A10.10,10,10,1.061278124459133,2.321928094887362,0.4570676098006455,very_high,8
pythia-1.4b,draw_2,A10.11,10,11,2.0996369760516704,2.321928094887362,0.9042644260495607,medium,42
pythia-1.4b,draw_2,A10.12,10,12,0.0,2.321928094887362,0.0,,0
pythia-1.4b,draw_2,A10.13,10,13,0.0,2.321928094887362,0.0,,0
pythia-1.4b,draw_2,A10.14,10,14,2.2840316067504425,2.321928094887362,0.9836788709261223,low,101
pythia-1.4b,draw_2,A10.15,10,15,1.5510981710072647,2.321928094887362,0.668021621523344,medium,12
pythia-1.4b,draw_2,A11.0,11,0,-0.0,2.321928094887362,-0.0,very_high,2
pythia-1.4b,draw_2,A11.1,11,1,0.0,2.321928094887362,0.0,,0
pythia-1.4b,draw_2,A11.2,11,2,2.265074841777168,2.321928094887362,0.9755146366352261,very_high,176
pythia-1.4b,draw_2,A11.3,11,3,0.0,2.321928094887362,0.0,,0
pythia-1.4b,draw_2,A11.4,11,4,2.044912733238945,2.321928094887362,0.8806959775118035,low,22
pythia-1.4b,draw_2,A11.5,11,5,0.0,2.321928094887362,0.0,,0
pythia-1.4b,draw_2,A11.6,11,6,2.23433123030348,2.321928094887362,0.9622740838629925,medium,70
pythia-1.4b,draw_2,A11.7,11,7,-0.0,2.321928094887362,-0.0,very_high,4
pythia-1.4b,draw_2,A11.8,11,8,2.244260173866651,2.321928094887362,0.9665502471020839,control,91
pythia-1.4b,draw_2,A11.9,11,9,2.243773828551915,2.321928094887362,0.9663407895758984,low,21
pythia-1.4b,draw_2,A11.10,11,10,0.0,2.321928094887362,0.0,,0
pythia-1.4b,draw_2,A11.11,11,11,2.270942421748537,2.321928094887362,0.9780416657815159,control,14
pythia-1.4b,draw_2,A11.12,11,12,1.765957320949175,2.321928094887362,0.760556420690901,very_high,20
pythia-1.4b,draw_2,A11.13,11,13,2.2434555667795943,2.321928094887362,0.9662037216912289,medium,77
pythia-1.4b,draw_2,A11.14,11,14,2.1629417558019206,2.321928094887362,0.9315283107019927,low,56
pythia-1.4b,draw_2,A11.15,11,15,2.0243310656386604,2.321928094887362,0.8718319357503023,medium,73
pythia-1.4b,draw_2,A12.0,12,0,0.8812908992306927,2.321928094887362,0.37955133114208023,very_high,10
pythia-1.4b,draw_2,A12.1,12,1,0.0,2.321928094887362,0.0,,0
pythia-1.4b,draw_2,A12.2,12,2,0.0,2.321928094887362,0.0,,0
pythia-1.4b,draw_2,A12.3,12,3,2.2185166738834377,2.321928094887362,0.9554631251365512,medium,50
pythia-1.4b,draw_2,A12.4,12,4,0.0,2.321928094887362,0.0,,0
pythia-1.4b,draw_2,A12.5,12,5,0.7219280948873623,2.321928094887362,0.31091750708257115,low,5
pythia-1.4b,draw_2,A12.6,12,6,-0.0,2.321928094887362,-0.0,control,4
pythia-1.4b,draw_2,A12.7,12,7,2.214144081942896,2.321928094887362,0.9535799522897394,control,168
pythia-1.4b,draw_2,A12.8,12,8,2.288703141426173,2.321928094887362,0.9856907914011863,low,28
pythia-1.4b,draw_2,A12.9,12,9,-0.0,2.321928094887362,-0.0,very_high,1
pythia-1.4b,draw_2,A12.10,12,10,2.1829316468984663,2.321928094887362,0.940137488195715,control,24
pythia-1.4b,draw_2,A12.11,12,11,2.2986885704510973,2.321928094887362,0.989991281604527,medium,50
pythia-1.4b,draw_2,A12.12,12,12,2.2786891365753066,2.321928094887362,0.981377994259485,control,107
pythia-1.4b,draw_2,A12.13,12,13,1.1488348542809166,2.321928094887362,0.4947762408364533,low,7
pythia-1.4b,draw_2,A12.14,12,14,2.1280852788913944,2.321928094887362,0.9165164431996026,low,7
pythia-1.4b,draw_2,A12.15,12,15,2.282474162562694,2.321928094887362,0.9830081162239513,control,143
pythia-1.4b,draw_2,A13.0,13,0,2.1885928481857815,2.321928094887362,0.9425756348806965,medium,48
pythia-1.4b,draw_2,A13.1,13,1,1.928294281474555,2.321928094887362,0.830471144098068,low,43
pythia-1.4b,draw_2,A13.2,13,2,1.749902506162897,2.321928094887362,0.753641988318241,low,22
pythia-1.4b,draw_2,A13.3,13,3,0.0,2.321928094887362,0.0,,0
pythia-1.4b,draw_2,A13.4,13,4,0.0,2.321928094887362,0.0,,0
pythia-1.4b,draw_2,A13.5,13,5,0.0,2.321928094887362,0.0,,0
pythia-1.4b,draw_2,A13.6,13,6,1.4056390622295665,2.321928094887362,0.6053757932145417,medium,8
pythia-1.4b,draw_2,A13.7,13,7,1.9784820284039009,2.321928094887362,0.8520858302030572,low,26
pythia-1.4b,draw_2,A13.8,13,8,-0.0,2.321928094887362,-0.0,low,9
pythia-1.4b,draw_2,A13.9,13,9,1.2419460322060458,2.321928094887362,0.5348770424634072,low,15
pythia-1.4b,draw_2,A13.10,13,10,0.0,2.321928094887362,0.0,,0
pythia-1.4b,draw_2,A13.11,13,11,0.0,2.321928094887362,0.0,,0
pythia-1.4b,draw_2,A13.12,13,12,-0.0,2.321928094887362,-0.0,control,3
pythia-1.4b,draw_2,A13.13,13,13,2.201018859081628,2.321928094887362,0.9479272264839022,low,54
pythia-1.4b,draw_2,A13.14,13,14,0.0,2.321928094887362,0.0,,0
pythia-1.4b,draw_2,A13.15,13,15,2.2692388418649516,2.321928094887362,0.9773079738608501,medium,147
pythia-1.4b,draw_2,A14.0,14,0,2.203985297344837,2.321928094887362,0.9492048019048382,very_high,55
pythia-1.4b,draw_2,A14.1,14,1,0.0,2.321928094887362,0.0,,0
pythia-1.4b,draw_2,A14.2,14,2,0.954434002924965,2.321928094887362,0.4110523512879347,control,8
pythia-1.4b,draw_2,A14.3,14,3,0.0,2.321928094887362,0.0,,0
pythia-1.4b,draw_2,A14.4,14,4,1.7002237262558646,2.321928094887362,0.7322465023785947,very_high,19
pythia-1.4b,draw_2,A14.5,14,5,0.0,2.321928094887362,0.0,,0
pythia-1.4b,draw_2,A14.6,14,6,1.5362002426487606,2.321928094887362,0.6616054330154795,low,53
pythia-1.4b,draw_2,A14.7,14,7,-0.0,2.321928094887362,-0.0,very_high,3
pythia-1.4b,draw_2,A14.8,14,8,-0.0,2.321928094887362,-0.0,low,5
pythia-1.4b,draw_2,A14.9,14,9,-0.0,2.321928094887362,-0.0,medium,1
pythia-1.4b,draw_2,A14.10,14,10,0.0,2.321928094887362,0.0,,0
pythia-1.4b,draw_2,A14.11,14,11,2.1606957587868725,2.321928094887362,0.9305610124381086,high,73
pythia-1.4b,draw_2,A14.12,14,12,0.74959525725948,2.321928094887362,0.3228331053446524,high,14
pythia-1.4b,draw_2,A14.13,14,13,0.0,2.321928094887362,0.0,,0
pythia-1.4b,draw_2,A14.14,14,14,0.8507707040532599,2.321928094887362,0.36640699853133535,low,47
pythia-1.4b,draw_2,A14.15,14,15,0.0,2.321928094887362,0.0,,0
pythia-1.4b,draw_2,A15.0,15,0,0.0,2.321928094887362,0.0,,0
pythia-1.4b,draw_2,A15.1,15,1,2.2754942569871597,2.321928094887362,0.9800020345150029,medium,77
pythia-1.4b,draw_2,A15.2,15,2,0.0,2.321928094887362,0.0,,0
pythia-1.4b,draw_2,A15.3,15,3,2.1248877887103794,2.321928094887362,0.9151393591339695,low,62
pythia-1.4b,draw_2,A15.4,15,4,0.0,2.321928094887362,0.0,,0
pythia-1.4b,draw_2,A15.5,15,5,2.303701696057348,2.321928094887362,0.9921503172858166,low,20
pythia-1.4b,draw_2,A15.6,15,6,-0.0,2.321928094887362,-0.0,very_high,2
pythia-1.4b,draw_2,A15.7,15,7,0.0,2.321928094887362,0.0,,0
pythia-1.4b,draw_2,A15.8,15,8,0.0,2.321928094887362,0.0,,0
pythia-1.4b,draw_2,A15.9,15,9,2.1712265629672847,2.321928094887362,0.9350963829362734,medium,59
pythia-1.4b,draw_2,A15.10,15,10,0.0,2.321928094887362,0.0,,0
pythia-1.4b,draw_2,A15.11,15,11,2.176668863037603,2.321928094887362,0.9374402539985607,medium,69
pythia-1.4b,draw_2,A15.12,15,12,0.0,2.321928094887362,0.0,,0
pythia-1.4b,draw_2,A15.13,15,13,2.156871161505929,2.321928094887362,0.928913848045135,medium,50
pythia-1.4b,draw_2,A15.14,15,14,2.244328613110789,2.321928094887362,0.9665797222801865,high,73
pythia-1.4b,draw_2,A15.15,15,15,2.262610212378236,2.321928094887362,0.9744531785287676,medium,76
pythia-1.4b,draw_2,A16.0,16,0,2.279771083020447,2.321928094887362,0.9818439632304978,control,82
pythia-1.4b,draw_2,A16.1,16,1,2.068144667641655,2.321928094887362,0.8907014270577495,medium,24
pythia-1.4b,draw_2,A16.2,16,2,1.9045761505846561,2.321928094887362,0.820256301122472,low,58
pythia-1.4b,draw_2,A16.3,16,3,2.2107023462861912,2.321928094887362,0.9520976774233112,medium,58
pythia-1.4b,draw_2,A16.4,16,4,2.188581073086668,2.321928094887362,0.9425705636215393,control,115
pythia-1.4b,draw_2,A16.5,16,5,2.041850156482956,2.321928094887362,0.8793769974956986,medium,63
pythia-1.4b,draw_2,A16.6,16,6,2.3136088506956893,2.321928094887362,0.9964170965457583,low,23
pythia-1.4b,draw_2,A16.7,16,7,0.0,2.321928094887362,0.0,,0
pythia-1.4b,draw_2,A16.8,16,8,0.0,2.321928094887362,0.0,,0
pythia-1.4b,draw_2,A16.9,16,9,0.0,2.321928094887362,0.0,,0
pythia-1.4b,draw_2,A16.10,16,10,2.2433070448786667,2.321928094887362,0.966139756790139,control,36
pythia-1.4b,draw_2,A16.11,16,11,0.0,2.321928094887362,0.0,,0
pythia-1.4b,draw_2,A16.12,16,12,0.0,2.321928094887362,0.0,,0
pythia-1.4b,draw_2,A16.13,16,13,2.1430605910693346,2.321928094887362,0.9229659591044723,medium,46
pythia-1.4b,draw_2,A16.14,16,14,0.0,2.321928094887362,0.0,,0
pythia-1.4b,draw_2,A16.15,16,15,1.5129320846603211,2.321928094887362,0.6515843828203105,low,56
pythia-1.4b,draw_2,A17.0,17,0,0.0,2.321928094887362,0.0,,0
pythia-1.4b,draw_2,A17.1,17,1,2.2905933018648796,2.321928094887362,0.986504839193135,low,59
pythia-1.4b,draw_2,A17.2,17,2,0.0,2.321928094887362,0.0,,0
pythia-1.4b,draw_2,A17.3,17,3,0.0,2.321928094887362,0.0,,0
pythia-1.4b,draw_2,A17.4,17,4,0.0,2.321928094887362,0.0,,0
pythia-1.4b,draw_2,A17.5,17,5,1.5461796919474975,2.321928094887362,0.6659033478909274,control,32
pythia-1.4b,draw_2,A17.6,17,6,-0.0,2.321928094887362,-0.0,very_high,1
pythia-1.4b,draw_2,A17.7,17,7,2.095119800350944,2.321928094887362,0.9023189843665591,control,46
pythia-1.4b,draw_2,A17.8,17,8,1.2389012566026305,2.321928094887362,0.5335657289864225,high,13
pythia-1.4b,draw_2,A17.9,17,9,0.0,2.321928094887362,0.0,,0
pythia-1.4b,draw_2,A17.10,17,10,0.0,2.321928094887362,0.0,,0
pythia-1.4b,draw_2,A17.11,17,11,0.3227569588973982,2.321928094887362,0.13900385615216707,low,17
pythia-1.4b,draw_2,A17.12,17,12,0.9402859586706311,2.321928094887362,0.40495912028500813,medium,14
pythia-1.4b,draw_2,A17.13,17,13,-0.0,2.321928094887362,-0.0,low,4
pythia-1.4b,draw_2,A17.14,17,14,0.0,2.321928094887362,0.0,,0
pythia-1.4b,draw_2,A17.15,17,15,2.0,2.321928094887362,0.8613531161467861,low,12
pythia-1.4b,draw_2,A18.0,18,0,-0.0,2.321928094887362,-0.0,low,5
pythia-1.4b,draw_2,A18.1,18,1,0.0,2.321928094887362,0.0,,0
pythia-1.4b,draw_2,A18.2,18,2,2.208557127186805,2.321928094887362,0.9511737818452742,medium,49
pythia-1.4b,draw_2,A18.3,18,3,0.0,2.321928094887362,0.0,,0
pythia-1.4b,draw_2,A18.4,18,4,0.9980008838722996,2.321928094887362,0.42981558562032607,control,19
pythia-1.4b,draw_2,A18.5,18,5,0.0,2.321928094887362,0.0,,0
pythia-1.4b,draw_2,A18.6,18,6,2.1246092417987046,2.321928094887362,0.9150193955087874,medium,48
pythia-1.4b,draw_2,A18.7,18,7,0.0,2.321928094887362,0.0,,0
pythia-1.4b,draw_2,A18.8,18,8,2.0104906917162992,2.321928094887362,0.865871211146971,control,37
pythia-1.4b,draw_2,A18.9,18,9,-0.0,2.321928094887362,-0.0,medium,1
pythia-1.4b,draw_2,A18.10,18,10,0.7642045065086203,2.321928094887362,0.3291249665273085,control,9
pythia-1.4b,draw_2,A18.11,18,11,2.27588080683674,2.321928094887362,0.9801685124737439,high,49
pythia-1.4b,draw_2,A18.12,18,12,0.0,2.321928094887362,0.0,,0
pythia-1.4b,draw_2,A18.13,18,13,0.9709505944546686,2.321928094887362,0.4181656600790516,control,5
pythia-1.4b,draw_2,A18.14,18,14,0.0,2.321928094887362,0.0,,0
pythia-1.4b,draw_2,A18.15,18,15,1.295461844238322,2.321928094887362,0.5579250481919705,control,10
pythia-1.4b,draw_2,A19.0,19,0,0.0,2.321928094887362,0.0,,0
pythia-1.4b,draw_2,A19.1,19,1,0.0,2.321928094887362,0.0,,0
pythia-1.4b,draw_2,A19.2,19,2,0.0,2.321928094887362,0.0,,0
pythia-1.4b,draw_2,A19.3,19,3,1.7135436319751198,2.321928094887362,0.7379830735276256,very_high,38
pythia-1.4b,draw_2,A19.4,19,4,0.0,2.321928094887362,0.0,,0
pythia-1.4b,draw_2,A19.5,19,5,-0.0,2.321928094887362,-0.0,high,9
pythia-1.4b,draw_2,A19.6,19,6,1.5600508789044927,2.321928094887362,0.6718773429459587,high,28
pythia-1.4b,draw_2,A19.7,19,7,0.0,2.321928094887362,0.0,,0
pythia-1.4b,draw_2,A19.8,19,8,0.0,2.321928094887362,0.0,,0
pythia-1.4b,draw_2,A19.9,19,9,0.0,2.321928094887362,0.0,,0
pythia-1.4b,draw_2,A19.10,19,10,0.5665095065529053,2.321928094887362,0.2439823643980616,high,15
pythia-1.4b,draw_2,A19.11,19,11,1.9381562321615906,2.321928094887362,0.83471845507585,high,39
pythia-1.4b,draw_2,A19.12,19,12,0.0,2.321928094887362,0.0,,0
pythia-1.4b,draw_2,A19.13,19,13,1.07273728622321,2.321928094887362,0.4620028021476044,low,26
pythia-1.4b,draw_2,A19.14,19,14,2.1708068300952448,2.321928094887362,0.934915613827633,low,29
pythia-1.4b,draw_2,A19.15,19,15,0.0,2.321928094887362,0.0,,0
pythia-1.4b,draw_2,A20.0,20,0,-0.0,2.321928094887362,-0.0,medium,17
pythia-1.4b,draw_2,A20.1,20,1,1.8920972389769792,2.321928094887362,0.8148819264227757,low,63
pythia-1.4b,draw_2,A20.2,20,2,-0.0,2.321928094887362,-0.0,medium,3
pythia-1.4b,draw_2,A20.3,20,3,0.9864267287308424,2.321928094887362,0.42483086832139577,low,9
pythia-1.4b,draw_2,A20.4,20,4,0.0,2.321928094887362,0.0,,0
pythia-1.4b,draw_2,A20.5,20,5,0.0,2.321928094887362,0.0,,0
pythia-1.4b,draw_2,A20.6,20,6,1.7474594241169754,2.321928094887362,0.7525898101516126,control,22
pythia-1.4b,draw_2,A20.7,20,7,0.0,2.321928094887362,0.0,,0
pythia-1.4b,draw_2,A20.8,20,8,0.0,2.321928094887362,0.0,,0
pythia-1.4b,draw_2,A20.9,20,9,0.0,2.321928094887362,0.0,,0
pythia-1.4b,draw_2,A20.10,20,10,-0.0,2.321928094887362,-0.0,high,7
pythia-1.4b,draw_2,A20.11,20,11,-0.0,2.321928094887362,-0.0,low,3
pythia-1.4b,draw_2,A20.12,20,12,0.0,2.321928094887362,0.0,,0
pythia-1.4b,draw_2,A20.13,20,13,0.7219280948873623,2.321928094887362,0.31091750708257115,very_high,15
pythia-1.4b,draw_2,A20.14,20,14,-0.0,2.321928094887362,-0.0,very_high,15
pythia-1.4b,draw_2,A20.15,20,15,2.068268233346263,2.321928094887362,0.890754643910106,high,59
pythia-1.4b,draw_2,A21.0,21,0,1.6792769644172392,2.321928094887362,0.7232252230871523,very_high,40
pythia-1.4b,draw_2,A21.1,21,1,0.0,2.321928094887362,0.0,,0
pythia-1.4b,draw_2,A21.2,21,2,1.3516441151533922,2.321928094887362,0.58212143525442,high,18
pythia-1.4b,draw_2,A21.3,21,3,0.0,2.321928094887362,0.0,,0
pythia-1.4b,draw_2,A21.4,21,4,0.0,2.321928094887362,0.0,,0
pythia-1.4b,draw_2,A21.5,21,5,0.0,2.321928094887362,0.0,,0
pythia-1.4b,draw_2,A21.6,21,6,0.0,2.321928094887362,0.0,,0
pythia-1.4b,draw_2,A21.7,21,7,1.4558764720277595,2.321928094887362,0.62701186795295,high,27
pythia-1.4b,draw_2,A21.8,21,8,0.0,2.321928094887362,0.0,,0
pythia-1.4b,draw_2,A21.9,21,9,0.0,2.321928094887362,0.0,,0
pythia-1.4b,draw_2,A21.10,21,10,0.0,2.321928094887362,0.0,,0
pythia-1.4b,draw_2,A21.11,21,11,0.0,2.321928094887362,0.0,,0
pythia-1.4b,draw_2,A21.12,21,12,0.0,2.321928094887362,0.0,,0
pythia-1.4b,draw_2,A21.13,21,13,0.0,2.321928094887362,0.0,,0
pythia-1.4b,draw_2,A21.14,21,14,0.7219280948873623,2.321928094887362,0.31091750708257115,high,5
pythia-1.4b,draw_2,A21.15,21,15,-0.0,2.321928094887362,-0.0,medium,1
pythia-1.4b,draw_2,A22.0,22,0,1.579013207279971,2.321928094887362,0.6800439732637671,low,27
pythia-1.4b,draw_2,A22.1,22,1,0.0,2.321928094887362,0.0,,0
pythia-1.4b,draw_2,A22.2,22,2,1.9248423544729936,2.321928094887362,0.8289844800583149,low,77
pythia-1.4b,draw_2,A22.3,22,3,-0.0,2.321928094887362,-0.0,high,2
pythia-1.4b,draw_2,A22.4,22,4,-0.0,2.321928094887362,-0.0,medium,1
pythia-1.4b,draw_2,A22.5,22,5,0.0,2.321928094887362,0.0,,0
pythia-1.4b,draw_2,A22.6,22,6,0.0,2.321928094887362,0.0,,0
pythia-1.4b,draw_2,A22.7,22,7,0.0,2.321928094887362,0.0,,0
pythia-1.4b,draw_2,A22.8,22,8,0.0,2.321928094887362,0.0,,0
pythia-1.4b,draw_2,A22.9,22,9,2.0123861700718497,2.321928094887362,0.8666875492410421,medium,42
pythia-1.4b,draw_2,A22.10,22,10,0.0,2.321928094887362,0.0,,0
pythia-1.4b,draw_2,A22.11,22,11,0.0,2.321928094887362,0.0,,0
pythia-1.4b,draw_2,A22.12,22,12,0.0,2.321928094887362,0.0,,0
pythia-1.4b,draw_2,A22.13,22,13,2.0760409329441867,2.321928094887362,0.8941021634198781,high,48
pythia-1.4b,draw_2,A22.14,22,14,0.0,2.321928094887362,0.0,,0
pythia-1.4b,draw_2,A22.15,22,15,-0.0,2.321928094887362,-0.0,high,10
pythia-1.4b,draw_2,A23.0,23,0,0.863120568566631,2.321928094887362,0.3717257956726267,very_high,14
pythia-1.4b,draw_2,A23.1,23,1,-0.0,2.321928094887362,-0.0,high,1
pythia-1.4b,draw_2,A23.2,23,2,2.2892464285091583,2.321928094887362,0.9859247724121322,low,15
pythia-1.4b,draw_2,A23.3,23,3,0.0,2.321928094887362,0.0,,0
pythia-1.4b,draw_2,A23.4,23,4,0.0,2.321928094887362,0.0,,0
pythia-1.4b,draw_2,A23.5,23,5,-0.0,2.321928094887362,-0.0,low,3
pythia-1.4b,draw_2,A23.6,23,6,0.0,2.321928094887362,0.0,,0
pythia-1.4b,draw_2,A23.7,23,7,0.0,2.321928094887362,0.0,,0
pythia-1.4b,draw_2,A23.8,23,8,0.0,2.321928094887362,0.0,,0
pythia-1.4b,draw_2,A23.9,23,9,2.1698872102522317,2.321928094887362,0.9345195551189082,medium,21
pythia-1.4b,draw_2,A23.10,23,10,0.0,2.321928094887362,0.0,,0
pythia-1.4b,draw_2,A23.11,23,11,0.0,2.321928094887362,0.0,,0
pythia-1.4b,draw_2,A23.12,23,12,0.0,2.321928094887362,0.0,,0
pythia-1.4b,draw_2,A23.13,23,13,0.0,2.321928094887362,0.0,,0
pythia-1.4b,draw_2,A23.14,23,14,0.0,2.321928094887362,0.0,,0
pythia-1.4b,draw_2,A23.15,23,15,0.0,2.321928094887362,0.0,,0
pythia-1.4b,draw_3,A0.0,0,0,0.0,2.321928094887362,0.0,,0
pythia-1.4b,draw_3,A0.1,0,1,1.0,2.321928094887362,0.43067655807339306,high,2
pythia-1.4b,draw_3,A0.2,0,2,1.584962500721156,2.321928094887362,0.6826061944859853,low,3
pythia-1.4b,draw_3,A0.3,0,3,2.321928094887362,2.321928094887362,1.0,low,5
pythia-1.4b,draw_3,A0.4,0,4,2.321928094887362,2.321928094887362,1.0,low,5
pythia-1.4b,draw_3,A0.5,0,5,1.0,2.321928094887362,0.43067655807339306,low,2
pythia-1.4b,draw_3,A0.6,0,6,2.321928094887362,2.321928094887362,1.0,low,5
pythia-1.4b,draw_3,A0.7,0,7,-0.0,2.321928094887362,-0.0,very_high,1
pythia-1.4b,draw_3,A0.8,0,8,1.0,2.321928094887362,0.43067655807339306,medium,2
pythia-1.4b,draw_3,A0.9,0,9,-0.0,2.321928094887362,-0.0,medium,1
pythia-1.4b,draw_3,A0.10,0,10,2.0,2.321928094887362,0.8613531161467861,low,4
pythia-1.4b,draw_3,A0.11,0,11,1.584962500721156,2.321928094887362,0.6826061944859853,low,3
pythia-1.4b,draw_3,A0.12,0,12,1.584962500721156,2.321928094887362,0.6826061944859853,medium,3
pythia-1.4b,draw_3,A0.13,0,13,-0.0,2.321928094887362,-0.0,very_high,1
pythia-1.4b,draw_3,A0.14,0,14,2.0,2.321928094887362,0.8613531161467861,low,4
pythia-1.4b,draw_3,A0.15,0,15,0.0,2.321928094887362,0.0,,0
pythia-1.4b,draw_3,A1.0,1,0,1.0,2.321928094887362,0.43067655807339306,medium,2
pythia-1.4b,draw_3,A1.1,1,1,1.584962500721156,2.321928094887362,0.6826061944859853,low,3
pythia-1.4b,draw_3,A1.2,1,2,1.5,2.321928094887362,0.6460148371100897,low,4
pythia-1.4b,draw_3,A1.3,1,3,0.0,2.321928094887362,0.0,,0
pythia-1.4b,draw_3,A1.4,1,4,1.584962500721156,2.321928094887362,0.6826061944859853,low,3
pythia-1.4b,draw_3,A1.5,1,5,1.9219280948873623,2.321928094887362,0.8277293767706428,very_high,5
pythia-1.4b,draw_3,A1.6,1,6,1.5,2.321928094887362,0.6460148371100897,very_high,4
pythia-1.4b,draw_3,A1.7,1,7,0.0,2.321928094887362,0.0,,0
pythia-1.4b,draw_3,A1.8,1,8,2.25,2.321928094887362,0.9690222556651344,medium,8
pythia-1.4b,draw_3,A1.9,1,9,1.584962500721156,2.321928094887362,0.6826061944859853,medium,3
pythia-1.4b,draw_3,A1.10,1,10,0.0,2.321928094887362,0.0,,0
pythia-1.4b,draw_3,A1.11,1,11,2.2892464285091583,2.321928094887362,0.9859247724121322,very_high,15
pythia-1.4b,draw_3,A1.12,1,12,1.584962500721156,2.321928094887362,0.6826061944859853,medium,3
pythia-1.4b,draw_3,A1.13,1,13,-0.0,2.321928094887362,-0.0,very_high,1
pythia-1.4b,draw_3,A1.14,1,14,1.584962500721156,2.321928094887362,0.6826061944859853,medium,3
pythia-1.4b,draw_3,A1.15,1,15,2.2516291673878226,2.321928094887362,0.9697238998682473,control,6
pythia-1.4b,draw_3,A2.0,2,0,2.2359263506290326,2.321928094887362,0.9629610647945144,high,7
pythia-1.4b,draw_3,A2.1,2,1,-0.0,2.321928094887362,-0.0,low,1
pythia-1.4b,draw_3,A2.2,2,2,0.0,2.321928094887362,0.0,,0
pythia-1.4b,draw_3,A2.3,2,3,0.0,2.321928094887362,0.0,,0
pythia-1.4b,draw_3,A2.4,2,4,-0.0,2.321928094887362,-0.0,very_high,1
pythia-1.4b,draw_3,A2.5,2,5,2.3008183054339657,2.321928094887362,0.9909085085365572,very_high,48
pythia-1.4b,draw_3,A2.6,2,6,1.5219280948873621,2.321928094887362,0.6554587535412855,low,5
pythia-1.4b,draw_3,A2.7,2,7,2.2516291673878226,2.321928094887362,0.9697238998682473,medium,6
pythia-1.4b,draw_3,A2.8,2,8,0.0,2.321928094887362,0.0,,0
pythia-1.4b,draw_3,A2.9,2,9,1.5,2.321928094887362,0.6460148371100897,control,4
pythia-1.4b,draw_3,A2.10,2,10,-0.0,2.321928094887362,-0.0,medium,1
pythia-1.4b,draw_3,A2.11,2,11,-0.0,2.321928094887362,-0.0,very_high,1
pythia-1.4b,draw_3,A2.12,2,12,0.0,2.321928094887362,0.0,,0
pythia-1.4b,draw_3,A2.13,2,13,0.9182958340544896,2.321928094887362,0.3954884891037233,very_high,3
pythia-1.4b,draw_3,A2.14,2,14,0.0,2.321928094887362,0.0,,0
pythia-1.4b,draw_3,A2.15,2,15,1.8423709931771084,2.321928094887362,0.7934659980357758,very_high,7
pythia-1.4b,draw_3,A3.0,3,0,0.0,2.321928094887362,0.0,,0
pythia-1.4b,draw_3,A3.1,3,1,0.0,2.321928094887362,0.0,,0
pythia-1.4b,draw_3,A3.2,3,2,0.0,2.321928094887362,0.0,,0
pythia-1.4b,draw_3,A3.3,3,3,1.8423709931771086,2.321928094887362,0.7934659980357759,control,7
pythia-1.4b,draw_3,A3.4,3,4,2.2892464285091583,2.321928094887362,0.9859247724121322,low,15
pythia-1.4b,draw_3,A3.5,3,5,2.262824692361507,2.321928094887362,0.9745455500297384,high,25
pythia-1.4b,draw_3,A3.6,3,6,0.0,2.321928094887362,0.0,,0
pythia-1.4b,draw_3,A3.7,3,7,0.0,2.321928094887362,0.0,,0
pythia-1.4b,draw_3,A3.8,3,8,1.0,2.321928094887362,0.43067655807339306,medium,2
pythia-1.4b,draw_3,A3.9,3,9,-0.0,2.321928094887362,-0.0,low,1
pythia-1.4b,draw_3,A3.10,3,10,-0.0,2.321928094887362,-0.0,control,1
pythia-1.4b,draw_3,A3.11,3,11,1.584962500721156,2.321928094887362,0.6826061944859853,low,3
pythia-1.4b,draw_3,A3.12,3,12,0.0,2.321928094887362,0.0,,0
pythia-1.4b,draw_3,A3.13,3,13,2.2983094013008034,2.321928094887362,0.9898279823399507,medium,21
pythia-1.4b,draw_3,A3.14,3,14,0.0,2.321928094887362,0.0,,0
pythia-1.4b,draw_3,A3.15,3,15,1.9219280948873623,2.321928094887362,0.8277293767706428,medium,5
pythia-1.4b,draw_3,A4.0,4,0,0.0,2.321928094887362,0.0,,0
pythia-1.4b,draw_3,A4.1,4,1,1.7884504573082893,2.321928094887362,0.7702436872383199,very_high,14
pythia-1.4b,draw_3,A4.2,4,2,0.0,2.321928094887362,0.0,,0
pythia-1.4b,draw_3,A4.3,4,3,0.9182958340544896,2.321928094887362,0.3954884891037233,very_high,6
pythia-1.4b,draw_3,A4.4,4,4,0.8112781244591328,2.321928094887362,0.34939847028229715,low,4
pythia-1.4b,draw_3,A4.5,4,5,1.8863082816921724,2.321928094887362,0.8123887582245212,high,19
pythia-1.4b,draw_3,A4.6,4,6,2.2389211020256883,2.321928094887362,0.9642508340183116,very_high,28
pythia-1.4b,draw_3,A4.7,4,7,2.3065885185524198,2.321928094887362,0.9933936040617629,low,39
pythia-1.4b,draw_3,A4.8,4,8,1.8262452584026092,2.321928094887362,0.7865210220866901,medium,13
pythia-1.4b,draw_3,A4.9,4,9,1.3709505944546687,2.321928094887362,0.5904362833084089,medium,5
pythia-1.4b,draw_3,A4.10,4,10,0.0,2.321928094887362,0.0,,0
pythia-1.4b,draw_3,A4.11,4,11,-0.0,2.321928094887362,-0.0,low,2
pythia-1.4b,draw_3,A4.12,4,12,0.0,2.321928094887362,0.0,,0
pythia-1.4b,draw_3,A4.13,4,13,1.0,2.321928094887362,0.43067655807339306,high,2
pythia-1.4b,draw_3,A4.14,4,14,2.292481250360578,2.321928094887362,0.9873179343530822,low,12
pythia-1.4b,draw_3,A4.15,4,15,2.299113475399016,2.321928094887362,0.9901742782050048,high,57
pythia-1.4b,draw_3,A5.0,5,0,2.149397470347699,2.321928094887362,0.925695104461005,low,16
pythia-1.4b,draw_3,A5.1,5,1,-0.0,2.321928094887362,-0.0,control,1
pythia-1.4b,draw_3,A5.2,5,2,-0.0,2.321928094887362,-0.0,very_high,4
pythia-1.4b,draw_3,A5.3,5,3,1.8423709931771086,2.321928094887362,0.7934659980357759,control,7
pythia-1.4b,draw_3,A5.4,5,4,2.3009384654806153,2.321928094887362,0.9909602586518662,control,84
pythia-1.4b,draw_3,A5.5,5,5,2.265246528378741,2.321928094887362,0.975588578029859,very_high,36
pythia-1.4b,draw_3,A5.6,5,6,1.0,2.321928094887362,0.43067655807339306,medium,2
pythia-1.4b,draw_3,A5.7,5,7,0.0,2.321928094887362,0.0,,0
pythia-1.4b,draw_3,A5.8,5,8,2.304552262405662,2.321928094887362,0.9925166362731214,very_high,31
pythia-1.4b,draw_3,A5.9,5,9,-0.0,2.321928094887362,-0.0,control,1
pythia-1.4b,draw_3,A5.10,5,10,0.0,2.321928094887362,0.0,,0
pythia-1.4b,draw_3,A5.11,5,11,2.2932487786995877,2.321928094887362,0.9876484908163508,control,68
pythia-1.4b,draw_3,A5.12,5,12,1.4591479170272446,2.321928094887362,0.6284208026252547,low,12
pythia-1.4b,draw_3,A5.13,5,13,-0.0,2.321928094887362,-0.0,low,1
pythia-1.4b,draw_3,A5.14,5,14,1.5,2.321928094887362,0.6460148371100897,very_high,4
pythia-1.4b,draw_3,A5.15,5,15,0.9182958340544896,2.321928094887362,0.3954884891037233,very_high,3
pythia-1.4b,draw_3,A6.0,6,0,0.0,2.321928094887362,0.0,,0
pythia-1.4b,draw_3,A6.1,6,1,0.0,2.321928094887362,0.0,,0
pythia-1.4b,draw_3,A6.2,6,2,2.3069509124243015,2.321928094887362,0.9935496786071718,medium,81
pythia-1.4b,draw_3,A6.3,6,3,0.0,2.321928094887362,0.0,,0
pythia-1.4b,draw_3,A6.4,6,4,0.0,2.321928094887362,0.0,,0
pythia-1.4b,draw_3,A6.5,6,5,-0.0,2.321928094887362,-0.0,control,1
pythia-1.4b,draw_3,A6.6,6,6,0.8112781244591328,2.321928094887362,0.34939847028229715,control,4
pythia-1.4b,draw_3,A6.7,6,7,1.584962500721156,2.321928094887362,0.6826061944859853,low,3
pythia-1.4b,draw_3,A6.8,6,8,1.9301249653149701,2.321928094887362,0.8312595767133786,medium,15
pythia-1.4b,draw_3,A6.9,6,9,2.0274893113295236,2.321928094887362,0.8731921181339933,low,17
pythia-1.4b,draw_3,A6.10,6,10,2.256650413125812,2.321928094887362,0.9718864326999251,low,23
pythia-1.4b,draw_3,A6.11,6,11,2.3209194990354183,2.321928094887362,0.9995656214099977,medium,54
pythia-1.4b,draw_3,A6.12,6,12,-0.0,2.321928094887362,-0.0,low,1
pythia-1.4b,draw_3,A6.13,6,13,0.0,2.321928094887362,0.0,,0
pythia-1.4b,draw_3,A6.14,6,14,0.0,2.321928094887362,0.0,,0
pythia-1.4b,draw_3,A6.15,6,15,2.0883763717345074,2.321928094887362,0.8994147477404185,control,20
pythia-1.4b,draw_3,A7.0,7,0,-0.0,2.321928094887362,-0.0,medium,1
pythia-1.4b,draw_3,A7.1,7,1,-0.0,2.321928094887362,-0.0,medium,1
pythia-1.4b,draw_3,A7.2,7,2,0.9182958340544896,2.321928094887362,0.3954884891037233,high,3
pythia-1.4b,draw_3,A7.3,7,3,2.2450863036357207,2.321928094887362,0.9669060418275489,very_high,93
pythia-1.4b,draw_3,A7.4,7,4,2.133937566094917,2.321928094887362,0.9190368861092727,low,13
pythia-1.4b,draw_3,A7.5,7,5,2.309948438772791,2.321928094887362,0.9948406429376736,low,55
pythia-1.4b,draw_3,A7.6,7,6,2.2863858594743744,2.321928094887362,0.9846927923861002,medium,48
pythia-1.4b,draw_3,A7.7,7,7,0.0,2.321928094887362,0.0,,0
pythia-1.4b,draw_3,A7.8,7,8,2.1492799881316267,2.321928094887362,0.9256445076245521,medium,19
pythia-1.4b,draw_3,A7.9,7,9,0.8112781244591328,2.321928094887362,0.34939847028229715,low,4
pythia-1.4b,draw_3,A7.10,7,10,2.209135852408841,2.321928094887362,0.951423025231971,control,33
pythia-1.4b,draw_3,A7.11,7,11,0.0,2.321928094887362,0.0,,0
pythia-1.4b,draw_3,A7.12,7,12,0.0,2.321928094887362,0.0,,0
pythia-1.4b,draw_3,A7.13,7,13,-0.0,2.321928094887362,-0.0,low,1
pythia-1.4b,draw_3,A7.14,7,14,0.0,2.321928094887362,0.0,,0
pythia-1.4b,draw_3,A7.15,7,15,2.313100666415769,2.321928094887362,0.9961982334892152,high,44
pythia-1.4b,draw_3,A8.0,8,0,1.4056390622295665,2.321928094887362,0.6053757932145417,low,8
pythia-1.4b,draw_3,A8.1,8,1,0.9182958340544896,2.321928094887362,0.3954884891037233,very_high,3
pythia-1.4b,draw_3,A8.2,8,2,1.0,2.321928094887362,0.43067655807339306,low,2
pythia-1.4b,draw_3,A8.3,8,3,2.279330096893004,2.321928094887362,0.9816540408429726,low,142
pythia-1.4b,draw_3,A8.4,8,4,2.285803022989511,2.321928094887362,0.9844417783748797,low,77
pythia-1.4b,draw_3,A8.5,8,5,2.248471333066727,2.321928094887362,0.9683638946518718,low,56
pythia-1.4b,draw_3,A8.6,8,6,2.2623147460276027,2.321928094887362,0.9743259280978503,medium,28
pythia-1.4b,draw_3,A8.7,8,7,0.0,2.321928094887362,0.0,,0
pythia-1.4b,draw_3,A8.8,8,8,-0.0,2.321928094887362,-0.0,low,1
pythia-1.4b,draw_3,A8.9,8,9,0.0,2.321928094887362,0.0,,0
pythia-1.4b,draw_3,A8.10,8,10,0.0,2.321928094887362,0.0,,0
pythia-1.4b,draw_3,A8.11,8,11,1.5219280948873621,2.321928094887362,0.6554587535412855,low,5
pythia-1.4b,draw_3,A8.12,8,12,2.219138033230581,2.321928094887362,0.9557307300415057,low,34
pythia-1.4b,draw_3,A8.13,8,13,-0.0,2.321928094887362,-0.0,medium,1
pythia-1.4b,draw_3,A8.14,8,14,2.276441515308921,2.321928094887362,0.9804099964686255,very_high,73
pythia-1.4b,draw_3,A8.15,8,15,0.0,2.321928094887362,0.0,,0
pythia-1.4b,draw_3,A9.0,9,0,0.8112781244591328,2.321928094887362,0.34939847028229715,low,4
pythia-1.4b,draw_3,A9.1,9,1,2.1277739319327655,2.321928094887362,0.9163823533630936,high,38
pythia-1.4b,draw_3,A9.2,9,2,0.0,2.321928094887362,0.0,,0
pythia-1.4b,draw_3,A9.3,9,3,0.0,2.321928094887362,0.0,,0
pythia-1.4b,draw_3,A9.4,9,4,0.0,2.321928094887362,0.0,,0
pythia-1.4b,draw_3,A9.5,9,5,2.110093477608016,2.321928094887362,0.9087677961493366,low,23
pythia-1.4b,draw_3,A9.6,9,6,0.0,2.321928094887362,0.0,,0
pythia-1.4b,draw_3,A9.7,9,7,-0.0,2.321928094887362,-0.0,very_high,3
pythia-1.4b,draw_3,A9.8,9,8,1.3787834934861753,2.321928094887362,0.5938097293030346,control,7
pythia-1.4b,draw_3,A9.9,9,9,2.280479753103244,2.321928094887362,0.9821491708225664,low,43
pythia-1.4b,draw_3,A9.10,9,10,1.0,2.321928094887362,0.43067655807339306,low,4
pythia-1.4b,draw_3,A9.11,9,11,-0.0,2.321928094887362,-0.0,medium,1
pythia-1.4b,draw_3,A9.12,9,12,2.2903125500562425,2.321928094887362,0.9863839259705183,low,207
pythia-1.4b,draw_3,A9.13,9,13,2.1868085945630504,2.321928094887362,0.9418071986717287,medium,19
pythia-1.4b,draw_3,A9.14,9,14,0.9182958340544896,2.321928094887362,0.3954884891037233,medium,3
pythia-1.4b,draw_3,A9.15,9,15,-0.0,2.321928094887362,-0.0,medium,1
pythia-1.4b,draw_3,A10.0,10,0,2.3171150254954855,2.321928094887362,0.9979271238405382,high,163
pythia-1.4b,draw_3,A10.1,10,1,0.0,2.321928094887362,0.0,,0
pythia-1.4b,draw_3,A10.2,10,2,1.5,2.321928094887362,0.6460148371100897,very_high,4
pythia-1.4b,draw_3,A10.3,10,3,2.2951348037280392,2.321928094887362,0.9884607575840445,very_high,97
pythia-1.4b,draw_3,A10.4,10,4,2.280476055027651,2.321928094887362,0.9821475781480985,low,102
pythia-1.4b,draw_3,A10.5,10,5,1.513202452298429,2.321928094887362,0.6517008238241052,high,33
pythia-1.4b,draw_3,A10.6,10,6,0.0,2.321928094887362,0.0,,0
pythia-1.4b,draw_3,A10.7,10,7,2.167247517543,2.321928094887362,0.9333827013485249,low,43
pythia-1.4b,draw_3,A10.8,10,8,2.3055126964329276,2.321928094887362,0.9929302726942408,low,125
pythia-1.4b,draw_3,A10.9,10,9,2.31532075469245,2.321928094887362,0.9971543734668353,low,206
pythia-1.4b,draw_3,A10.10,10,10,0.0,2.321928094887362,0.0,,0
pythia-1.4b,draw_3,A10.11,10,11,1.8510265597705304,2.321928094887362,0.7971937476644059,control,41
pythia-1.4b,draw_3,A10.12,10,12,0.0,2.321928094887362,0.0,,0
pythia-1.4b,draw_3,A10.13,10,13,0.0,2.321928094887362,0.0,,0
pythia-1.4b,draw_3,A10.14,10,14,2.1465219469498247,2.321928094887362,0.924456683941349,medium,51
pythia-1.4b,draw_3,A10.15,10,15,1.4056390622295665,2.321928094887362,0.6053757932145417,medium,8
pythia-1.4b,draw_3,A11.0,11,0,1.5219280948873621,2.321928094887362,0.6554587535412855,very_high,5
pythia-1.4b,draw_3,A11.1,11,1,0.0,2.321928094887362,0.0,,0
pythia-1.4b,draw_3,A11.2,11,2,2.282374604911084,2.321928094887362,0.982965239077226,very_high,192
pythia-1.4b,draw_3,A11.3,11,3,0.0,2.321928094887362,0.0,,0
pythia-1.4b,draw_3,A11.4,11,4,1.7002237262558646,2.321928094887362,0.7322465023785947,medium,19
pythia-1.4b,draw_3,A11.5,11,5,0.0,2.321928094887362,0.0,,0
pythia-1.4b,draw_3,A11.6,11,6,2.090468570732828,2.321928094887362,0.9003158088038199,medium,40
pythia-1.4b,draw_3,A11.7,11,7,0.0,2.321928094887362,0.0,,0
pythia-1.4b,draw_3,A11.8,11,8,2.168339640059671,2.321928094887362,0.9338530529149992,medium,101
pythia-1.4b,draw_3,A11.9,11,9,1.8919954870390203,2.321928094887362,0.8148381042483582,low,13
pythia-1.4b,draw_3,A11.10,11,10,0.0,2.321928094887362,0.0,,0
pythia-1.4b,draw_3,A11.11,11,11,2.0783898247235197,2.321928094887362,0.8951137760466882,high,20
pythia-1.4b,draw_3,A11.12,11,12,0.9141828384352135,2.321928094887362,0.3937171183070426,very_high,18
pythia-1.4b,draw_3,A11.13,11,13,2.2578377339600753,2.321928094887362,0.9723977839501546,medium,90
pythia-1.4b,draw_3,A11.14,11,14,1.9702591284475048,2.321928094887362,0.8485444199524547,high,35
pythia-1.4b,draw_3,A11.15,11,15,2.0968953642078283,2.321928094887362,0.9030836780970815,medium,67
pythia-1.4b,draw_3,A12.0,12,0,1.1829661954675212,2.321928094887362,0.5094758093811288,control,25
pythia-1.4b,draw_3,A12.1,12,1,0.0,2.321928094887362,0.0,,0
pythia-1.4b,draw_3,A12.2,12,2,0.0,2.321928094887362,0.0,,0
pythia-1.4b,draw_3,A12.3,12,3,1.9219280948873623,2.321928094887362,0.8277293767706428,high,30
pythia-1.4b,draw_3,A12.4,12,4,0.0,2.321928094887362,0.0,,0
pythia-1.4b,draw_3,A12.5,12,5,0.0,2.321928094887362,0.0,,0
pythia-1.4b,draw_3,A12.6,12,6,1.0,2.321928094887362,0.43067655807339306,very_high,6
pythia-1.4b,draw_3,A12.7,12,7,2.289546855004746,2.321928094887362,0.9860541590612061,high,162
pythia-1.4b,draw_3,A12.8,12,8,1.5788905152745722,2.321928094887362,0.6799911326931788,low,33
pythia-1.4b,draw_3,A12.9,12,9,1.584962500721156,2.321928094887362,0.6826061944859853,medium,3
pythia-1.4b,draw_3,A12.10,12,10,2.2814453723879735,2.321928094887362,0.982565040412523,medium,26
pythia-1.4b,draw_3,A12.11,12,11,2.233868967089772,2.321928094887362,0.9620749979331888,very_high,69
pythia-1.4b,draw_3,A12.12,12,12,2.282670749367103,2.321928094887362,0.9830927815522369,low,115
pythia-1.4b,draw_3,A12.13,12,13,1.5304930567574824,2.321928094887362,0.6591474818395388,very_high,9
pythia-1.4b,draw_3,A12.14,12,14,1.7609640474436812,2.321928094887362,0.7584059348440358,low,10
pythia-1.4b,draw_3,A12.15,12,15,2.311389417852758,2.321928094887362,0.9954612388480895,low,121
pythia-1.4b,draw_3,A13.0,13,0,2.293018953567441,2.321928094887362,0.987549510519479,very_high,53
pythia-1.4b,draw_3,A13.1,13,1,2.186880396829592,2.321928094887362,0.9418381222247446,low,58
pythia-1.4b,draw_3,A13.2,13,2,1.3516441151533922,2.321928094887362,0.58212143525442,medium,9
pythia-1.4b,draw_3,A13.3,13,3,0.0,2.321928094887362,0.0,,0
pythia-1.4b,draw_3,A13.4,13,4,0.0,2.321928094887362,0.0,,0
pythia-1.4b,draw_3,A13.5,13,5,0.0,2.321928094887362,0.0,,0
pythia-1.4b,draw_3,A13.6,13,6,0.9182958340544896,2.321928094887362,0.3954884891037233,low,3
pythia-1.4b,draw_3,A13.7,13,7,1.8923145662851921,2.321928094887362,0.8149755241998522,low,34
pythia-1.4b,draw_3,A13.8,13,8,1.0957952550009336,2.321928094887362,0.47193332877695815,control,11
pythia-1.4b,draw_3,A13.9,13,9,1.8464393446710154,2.321928094887362,0.7952181416542045,high,10
pythia-1.4b,draw_3,A13.10,13,10,0.0,2.321928094887362,0.0,,0
pythia-1.4b,draw_3,A13.11,13,11,0.0,2.321928094887362,0.0,,0
pythia-1.4b,draw_3,A13.12,13,12,-0.0,2.321928094887362,-0.0,very_high,2
pythia-1.4b,draw_3,A13.13,13,13,2.125754882286389,2.321928094887362,0.9155127960108129,low,58
pythia-1.4b,draw_3,A13.14,13,14,0.0,2.321928094887362,0.0,,0
pythia-1.4b,draw_3,A13.15,13,15,2.2624355246671106,2.321928094887362,0.9743779446266024,medium,141
pythia-1.4b,draw_3,A14.0,14,0,2.1895523035819053,2.321928094887362,0.9429888498283241,control,54
pythia-1.4b,draw_3,A14.1,14,1,0.8112781244591328,2.321928094887362,0.34939847028229715,high,8
pythia-1.4b,draw_3,A14.2,14,2,0.0,2.321928094887362,0.0,,0
pythia-1.4b,draw_3,A14.3,14,3,0.0,2.321928094887362,0.0,,0
pythia-1.4b,draw_3,A14.4,14,4,1.295461844238322,2.321928094887362,0.5579250481919705,medium,10
pythia-1.4b,draw_3,A14.5,14,5,1.295461844238322,2.321928094887362,0.5579250481919705,low,10
pythia-1.4b,draw_3,A14.6,14,6,1.6648259164245587,2.321928094887362,0.7170014954771113,low,58
pythia-1.4b,draw_3,A14.7,14,7,0.863120568566631,2.321928094887362,0.3717257956726267,high,7
pythia-1.4b,draw_3,A14.8,14,8,0.5435644431995964,2.321928094887362,0.23410046348828256,medium,8
pythia-1.4b,draw_3,A14.9,14,9,-0.0,2.321928094887362,-0.0,very_high,3
pythia-1.4b,draw_3,A14.10,14,10,0.0,2.321928094887362,0.0,,0
pythia-1.4b,draw_3,A14.11,14,11,2.254321947235982,2.321928094887362,0.970883617024902,low,80
pythia-1.4b,draw_3,A14.12,14,12,1.6628406696769713,2.321928094887362,0.716146496240934,medium,31
pythia-1.4b,draw_3,A14.13,14,13,0.0,2.321928094887362,0.0,,0
pythia-1.4b,draw_3,A14.14,14,14,0.7793498372920851,2.321928094887362,0.3356477054600141,low,13
pythia-1.4b,draw_3,A14.15,14,15,0.0,2.321928094887362,0.0,,0
pythia-1.4b,draw_3,A15.0,15,0,0.0,2.321928094887362,0.0,,0
pythia-1.4b,draw_3,A15.1,15,1,2.2264914119864256,2.321928094887362,0.9588976578942828,medium,67
pythia-1.4b,draw_3,A15.2,15,2,-0.0,2.321928094887362,-0.0,low,2
pythia-1.4b,draw_3,A15.3,15,3,1.660914846380624,2.321928094887362,0.7153170892922056,medium,52
pythia-1.4b,draw_3,A15.4,15,4,0.0,2.321928094887362,0.0,,0
pythia-1.4b,draw_3,A15.5,15,5,2.155221528859512,2.321928094887362,0.9282033899348906,high,18
pythia-1.4b,draw_3,A15.6,15,6,0.9182958340544896,2.321928094887362,0.3954884891037233,very_high,3
pythia-1.4b,draw_3,A15.7,15,7,-0.0,2.321928094887362,-0.0,low,4
pythia-1.4b,draw_3,A15.8,15,8,0.0,2.321928094887362,0.0,,0
pythia-1.4b,draw_3,A15.9,15,9,2.2688378513826324,2.321928094887362,0.9771352766601047,very_high,75
pythia-1.4b,draw_3,A15.10,15,10,0.3227569588973982,2.321928094887362,0.13900385615216707,low,17
pythia-1.4b,draw_3,A15.11,15,11,2.226391666884328,2.321928094887362,0.9588547000170268,low,78
pythia-1.4b,draw_3,A15.12,15,12,0.0,2.321928094887362,0.0,,0
pythia-1.4b,draw_3,A15.13,15,13,2.1508687898729533,2.321928094887362,0.9263287672899677,low,34
pythia-1.4b,draw_3,A15.14,15,14,2.2610829771901475,2.321928094887362,0.9737954341345931,very_high,77
pythia-1.4b,draw_3,A15.15,15,15,2.2870534795945314,2.321928094887362,0.98498032072155,medium,72
pythia-1.4b,draw_3,A16.0,16,0,2.2805789261220544,2.321928094887362,0.9821918823169614,very_high,102
pythia-1.4b,draw_3,A16.1,16,1,1.867633890971212,2.321928094887362,0.8043461359047003,low,11
pythia-1.4b,draw_3,A16.2,16,2,2.1492553971685,2.321928094887362,0.925633916873193,low,45
pythia-1.4b,draw_3,A16.3,16,3,2.2469625967334066,2.321928094887362,0.9677141172807971,high,70
pythia-1.4b,draw_3,A16.4,16,4,2.2658239711624524,2.321928094887362,0.975837269100432,control,73
pythia-1.4b,draw_3,A16.5,16,5,2.1666317739509733,2.321928094887362,0.933117515017655,high,56
pythia-1.4b,draw_3,A16.6,16,6,1.880179922675738,2.321928094887362,0.8097494176566852,low,21
pythia-1.4b,draw_3,A16.7,16,7,0.0,2.321928094887362,0.0,,0
pythia-1.4b,draw_3,A16.8,16,8,0.0,2.321928094887362,0.0,,0
pythia-1.4b,draw_3,A16.9,16,9,0.0,2.321928094887362,0.0,,0
pythia-1.4b,draw_3,A16.10,16,10,1.8496017527145812,2.321928094887362,0.7965801166656309,control,16
pythia-1.4b,draw_3,A16.11,16,11,0.0,2.321928094887362,0.0,,0
pythia-1.4b,draw_3,A16.12,16,12,0.0,2.321928094887362,0.0,,0
pythia-1.4b,draw_3,A16.13,16,13,2.3058231002082845,2.321928094887362,0.9930639563238245,low,30
pythia-1.4b,draw_3,A16.14,16,14,0.0,2.321928094887362,0.0,,0
pythia-1.4b,draw_3,A16.15,16,15,1.968655135064784,2.321928094887362,0.847853617603212,medium,29
pythia-1.4b,draw_3,A17.0,17,0,0.0,2.321928094887362,0.0,,0
pythia-1.4b,draw_3,A17.1,17,1,2.2307901607636222,2.321928094887362,0.9607490282216681,low,61
pythia-1.4b,draw_3,A17.2,17,2,0.0,2.321928094887362,0.0,,0
pythia-1.4b,draw_3,A17.3,17,3,0.0,2.321928094887362,0.0,,0
pythia-1.4b,draw_3,A17.4,17,4,0.0,2.321928094887362,0.0,,0
pythia-1.4b,draw_3,A17.5,17,5,0.6292492238560345,2.321928094887362,0.271002889900671,control,19
pythia-1.4b,draw_3,A17.6,17,6,-0.0,2.321928094887362,-0.0,medium,2
pythia-1.4b,draw_3,A17.7,17,7,2.271451577930518,2.321928094887362,0.9782609474134931,very_high,46
pythia-1.4b,draw_3,A17.8,17,8,-0.0,2.321928094887362,-0.0,high,5
pythia-1.4b,draw_3,A17.9,17,9,0.0,2.321928094887362,0.0,,0
pythia-1.4b,draw_3,A17.10,17,10,0.0,2.321928094887362,0.0,,0
pythia-1.4b,draw_3,A17.11,17,11,1.7779709540090045,2.321928094887362,0.7657304108270652,very_high,41
pythia-1.4b,draw_3,A17.12,17,12,0.0,2.321928094887362,0.0,,0
pythia-1.4b,draw_3,A17.13,17,13,0.7219280948873623,2.321928094887362,0.31091750708257115,medium,10
pythia-1.4b,draw_3,A17.14,17,14,0.0,2.321928094887362,0.0,,0
pythia-1.4b,draw_3,A17.15,17,15,1.061278124459133,2.321928094887362,0.4570676098006455,medium,8
pythia-1.4b,draw_3,A18.0,18,0,-0.0,2.321928094887362,-0.0,low,6
pythia-1.4b,draw_3,A18.1,18,1,-0.0,2.321928094887362,-0.0,medium,1
pythia-1.4b,draw_3,A18.2,18,2,2.1732370306169075,2.321928094887362,0.9359622442237309,low,62
pythia-1.4b,draw_3,A18.3,18,3,0.0,2.321928094887362,0.0,,0
pythia-1.4b,draw_3,A18.4,18,4,0.7642045065086203,2.321928094887362,0.3291249665273085,high,9
pythia-1.4b,draw_3,A18.5,18,5,0.0,2.321928094887362,0.0,,0
pythia-1.4b,draw_3,A18.6,18,6,2.1612732623855604,2.321928094887362,0.9308097297002665,high,50
pythia-1.4b,draw_3,A18.7,18,7,0.0,2.321928094887362,0.0,,0
pythia-1.4b,draw_3,A18.8,18,8,2.122899135006495,2.321928094887362,0.9142828926015808,high,45
pythia-1.4b,draw_3,A18.9,18,9,0.0,2.321928094887362,0.0,,0
pythia-1.4b,draw_3,A18.10,18,10,0.9612366047228759,2.321928094887362,0.41398207241620283,high,13
pythia-1.4b,draw_3,A18.11,18,11,2.212031023008111,2.321928094887362,0.9526699073406999,control,32
pythia-1.4b,draw_3,A18.12,18,12,-0.0,2.321928094887362,-0.0,high,1
pythia-1.4b,draw_3,A18.13,18,13,-0.0,2.321928094887362,-0.0,high,4
pythia-1.4b,draw_3,A18.14,18,14,0.0,2.321928094887362,0.0,,0
pythia-1.4b,draw_3,A18.15,18,15,1.528801814525318,2.321928094887362,0.6584191034561218,very_high,19
pythia-1.4b,draw_3,A19.0,19,0,0.0,2.321928094887362,0.0,,0
pythia-1.4b,draw_3,A19.1,19,1,-0.0,2.321928094887362,-0.0,control,1
pythia-1.4b,draw_3,A19.2,19,2,1.0,2.321928094887362,0.43067655807339306,low,2
pythia-1.4b,draw_3,A19.3,19,3,2.0049726237989938,2.321928094887362,0.8634947086491307,very_high,49
pythia-1.4b,draw_3,A19.4,19,4,0.0,2.321928094887362,0.0,,0
pythia-1.4b,draw_3,A19.5,19,5,-0.0,2.321928094887362,-0.0,high,9
pythia-1.4b,draw_3,A19.6,19,6,0.9940302114769565,2.321928094887362,0.42810551009986264,low,11
pythia-1.4b,draw_3,A19.7,19,7,0.0,2.321928094887362,0.0,,0
pythia-1.4b,draw_3,A19.8,19,8,0.0,2.321928094887362,0.0,,0
pythia-1.4b,draw_3,A19.9,19,9,0.0,2.321928094887362,0.0,,0
pythia-1.4b,draw_3,A19.10,19,10,-0.0,2.321928094887362,-0.0,low,2
pythia-1.4b,draw_3,A19.11,19,11,2.136942907689862,2.321928094887362,0.9203312162832182,control,50
pythia-1.4b,draw_3,A19.12,19,12,0.0,2.321928094887362,0.0,,0
pythia-1.4b,draw_3,A19.13,19,13,1.965596230357602,2.321928094887362,0.8465362190524484,low,15
pythia-1.4b,draw_3,A19.14,19,14,2.0703083326692298,2.321928094887362,0.8916332668646492,low,25
pythia-1.4b,draw_3,A19.15,19,15,0.0,2.321928094887362,0.0,,0
pythia-1.4b,draw_3,A20.0,20,0,-0.0,2.321928094887362,-0.0,medium,4
pythia-1.4b,draw_3,A20.1,20,1,2.0275736162051183,2.321928094887362,0.8732284262676433,high,71
pythia-1.4b,draw_3,A20.2,20,2,0.9940302114769565,2.321928094887362,0.42810551009986264,low,11
pythia-1.4b,draw_3,A20.3,20,3,-0.0,2.321928094887362,-0.0,very_high,3
pythia-1.4b,draw_3,A20.4,20,4,0.0,2.321928094887362,0.0,,0
pythia-1.4b,draw_3,A20.5,20,5,0.0,2.321928094887362,0.0,,0
pythia-1.4b,draw_3,A20.6,20,6,2.304552262405662,2.321928094887362,0.9925166362731214,high,31
pythia-1.4b,draw_3,A20.7,20,7,0.0,2.321928094887362,0.0,,0
pythia-1.4b,draw_3,A20.8,20,8,-0.0,2.321928094887362,-0.0,medium,19
pythia-1.4b,draw_3,A20.9,20,9,0.0,2.321928094887362,0.0,,0
pythia-1.4b,draw_3,A20.10,20,10,0.5916727785823275,2.321928094887362,0.25481959578555763,low,7
pythia-1.4b,draw_3,A20.11,20,11,0.0,2.321928094887362,0.0,,0
pythia-1.4b,draw_3,A20.12,20,12,0.0,2.321928094887362,0.0,,0
pythia-1.4b,draw_3,A20.13,20,13,0.9182958340544896,2.321928094887362,0.3954884891037233,control,3
pythia-1.4b,draw_3,A20.14,20,14,-0.0,2.321928094887362,-0.0,very_high,3
pythia-1.4b,draw_3,A20.15,20,15,2.1999028769429207,2.321928094887362,0.9474465991375324,very_high,72
pythia-1.4b,draw_3,A21.0,21,0,1.9565169016919473,2.321928094887362,0.842625965033107,very_high,38
pythia-1.4b,draw_3,A21.1,21,1,0.0,2.321928094887362,0.0,,0
pythia-1.4b,draw_3,A21.2,21,2,-0.0,2.321928094887362,-0.0,very_high,11
pythia-1.4b,draw_3,A21.3,21,3,0.0,2.321928094887362,0.0,,0
pythia-1.4b,draw_3,A21.4,21,4,0.0,2.321928094887362,0.0,,0
pythia-1.4b,draw_3,A21.5,21,5,-0.0,2.321928094887362,-0.0,high,6
pythia-1.4b,draw_3,A21.6,21,6,-0.0,2.321928094887362,-0.0,very_high,2
pythia-1.4b,draw_3,A21.7,21,7,0.9932338197397066,2.321928094887362,0.42776252284758576,low,31
pythia-1.4b,draw_3,A21.8,21,8,0.0,2.321928094887362,0.0,,0
pythia-1.4b,draw_3,A21.9,21,9,0.0,2.321928094887362,0.0,,0
pythia-1.4b,draw_3,A21.10,21,10,-0.0,2.321928094887362,-0.0,low,2
pythia-1.4b,draw_3,A21.11,21,11,0.0,2.321928094887362,0.0,,0
pythia-1.4b,draw_3,A21.12,21,12,0.0,2.321928094887362,0.0,,0
pythia-1.4b,draw_3,A21.13,21,13,0.0,2.321928094887362,0.0,,0
pythia-1.4b,draw_3,A21.14,21,14,1.7295739585136223,2.321928094887362,0.7448869593860205,control,12
pythia-1.4b,draw_3,A21.15,21,15,-0.0,2.321928094887362,-0.0,low,10
pythia-1.4b,draw_3,A22.0,22,0,-0.0,2.321928094887362,-0.0,very_high,1
pythia-1.4b,draw_3,A22.1,22,1,0.0,2.321928094887362,0.0,,0
pythia-1.4b,draw_3,A22.2,22,2,1.8165802656064767,2.321928094887362,0.7823585362554476,low,93
pythia-1.4b,draw_3,A22.3,22,3,0.0,2.321928094887362,0.0,,0
pythia-1.4b,draw_3,A22.4,22,4,0.9182958340544896,2.321928094887362,0.3954884891037233,control,6
pythia-1.4b,draw_3,A22.5,22,5,0.0,2.321928094887362,0.0,,0
pythia-1.4b,draw_3,A22.6,22,6,0.0,2.321928094887362,0.0,,0
pythia-1.4b,draw_3,A22.7,22,7,0.0,2.321928094887362,0.0,,0
pythia-1.4b,draw_3,A22.8,22,8,0.0,2.321928094887362,0.0,,0
pythia-1.4b,draw_3,A22.9,22,9,1.4299111709758698,2.321928094887362,0.6158292214665827,medium,14
pythia-1.4b,draw_3,A22.10,22,10,0.0,2.321928094887362,0.0,,0
pythia-1.4b,draw_3,A22.11,22,11,0.0,2.321928094887362,0.0,,0
pythia-1.4b,draw_3,A22.12,22,12,0.0,2.321928094887362,0.0,,0
pythia-1.4b,draw_3,A22.13,22,13,2.1228299778501727,2.321928094887362,0.9142531082355296,control,64
pythia-1.4b,draw_3,A22.14,22,14,0.0,2.321928094887362,0.0,,0
pythia-1.4b,draw_3,A22.15,22,15,0.0,2.321928094887362,0.0,,0
pythia-1.4b,draw_3,A23.0,23,0,-0.0,2.321928094887362,-0.0,very_high,1
pythia-1.4b,draw_3,A23.1,23,1,0.7219280948873623,2.321928094887362,0.31091750708257115,low,5
pythia-1.4b,draw_3,A23.2,23,2,1.7779849042597489,2.321928094887362,0.76573641887304,medium,17
pythia-1.4b,draw_3,A23.3,23,3,0.0,2.321928094887362,0.0,,0
pythia-1.4b,draw_3,A23.4,23,4,0.0,2.321928094887362,0.0,,0
pythia-1.4b,draw_3,A23.5,23,5,0.0,2.321928094887362,0.0,,0
pythia-1.4b,draw_3,A23.6,23,6,0.0,2.321928094887362,0.0,,0
pythia-1.4b,draw_3,A23.7,23,7,0.0,2.321928094887362,0.0,,0
pythia-1.4b,draw_3,A23.8,23,8,0.0,2.321928094887362,0.0,,0
pythia-1.4b,draw_3,A23.9,23,9,1.8163401138534077,2.321928094887362,0.7822551085250206,low,18
pythia-1.4b,draw_3,A23.10,23,10,0.0,2.321928094887362,0.0,,0
pythia-1.4b,draw_3,A23.11,23,11,0.0,2.321928094887362,0.0,,0
pythia-1.4b,draw_3,A23.12,23,12,-0.0,2.321928094887362,-0.0,low,1
pythia-1.4b,draw_3,A23.13,23,13,0.0,2.321928094887362,0.0,,0
pythia-1.4b,draw_3,A23.14,23,14,0.0,2.321928094887362,0.0,,0
pythia-1.4b,draw_3,A23.15,23,15,0.0,2.321928094887362,0.0,,0
