model,draw,band,layer,mean_prob_correct,std_prob_correct,median_prob_correct
pythia-70m,draw_1,low,0,1.5709805438746116e-06,9.611093446437735e-06,7.816548297512327e-09
pythia-70m,draw_1,low,1,2.5620192900532857e-06,2.809270881698467e-05,2.422442912930478e-09
pythia-70m,draw_1,low,2,2.5672511583252344e-06,3.350014958414249e-05,1.171215902040501e-10
pythia-70m,draw_1,low,3,0.03295452147722244,0.13869448006153107,1.3495363191395882e-06
pythia-70m,draw_1,low,4,0.11303688585758209,0.26704010367393494,9.082375618163496e-05
pythia-70m,draw_1,low,5,0.42676785588264465,0.45797449350357056,0.08453235030174255
pythia-70m,draw_1,medium,0,7.59140239097178e-05,0.0010141554521396756,2.189483794268199e-08
pythia-70m,draw_1,medium,1,0.00024979692534543574,0.0034415079280734062,1.1627915519341059e-08
pythia-70m,draw_1,medium,2,0.0007224415894597769,0.010778645984828472,8.165448317498658e-10
pythia-70m,draw_1,medium,3,0.050982579588890076,0.17701652646064758,1.545610575703904e-05
pythia-70m,draw_1,medium,4,0.16620047390460968,0.3153420686721802,0.0013093400048092008
pythia-70m,draw_1,medium,5,0.5413302183151245,0.46325981616973877,0.7470558285713196
pythia-70m,draw_1,high,0,8.223702752729878e-05,0.001029022503644228,2.628815707339527e-07
pythia-70m,draw_1,high,1,6.722649413859472e-05,0.000575303565710783,4.054917823737014e-08
pythia-70m,draw_1,high,2,2.2665901269647293e-05,0.0002269669930683449,3.3563427592753214e-09
pythia-70m,draw_1,high,3,0.08056537061929703,0.21396027505397797,0.00025068866671063006
pythia-70m,draw_1,high,4,0.24871934950351715,0.36909183859825134,0.011749103665351868
pythia-70m,draw_1,high,5,0.561691164970398,0.4619562327861786,0.8712571263313293
pythia-70m,draw_1,very_high,0,0.00014878116780892015,0.0007997278589755297,2.2989056560618337e-06
pythia-70m,draw_1,very_high,1,3.9092170482035726e-05,0.00017480722453910857,8.128080821734329e-07
pythia-70m,draw_1,very_high,2,0.00013147688878234476,0.0009327145526185632,4.410037135471612e-08
pythia-70m,draw_1,very_high,3,0.13212020695209503,0.27125290036201477,0.003646551165729761
pythia-70m,draw_1,very_high,4,0.3682266175746918,0.40516915917396545,0.13653965294361115
pythia-70m,draw_1,very_high,5,0.7374987006187439,0.39173486828804016,0.9867079257965088
pythia-70m,draw_1,control,0,0.00011251184332650155,0.0006101848557591438,1.785339350135473e-06
pythia-70m,draw_1,control,1,6.566812953678891e-05,0.0004789095837622881,3.551550662450609e-07
pythia-70m,draw_1,control,2,7.23793709767051e-05,0.0009060701122507453,3.4306225416003144e-08
pythia-70m,draw_1,control,3,0.09172660112380981,0.21828125417232513,0.0011772323632612824
pythia-70m,draw_1,control,4,0.31545403599739075,0.37791624665260315,0.1071215495467186
pythia-70m,draw_1,control,5,0.7305598855018616,0.3951713740825653,0.9795414805412292
pythia-70m,draw_2,low,0,1.2660441370826447e-06,6.623389253945788e-06,1.2580056996114308e-08
pythia-70m,draw_2,low,1,2.5092670057347277e-06,2.1721940356655978e-05,6.044287736983733e-09
pythia-70m,draw_2,low,2,3.6559317777573597e-06,4.502590309130028e-05,1.8532560208672777e-10
pythia-70m,draw_2,low,3,0.02985851652920246,0.1341259479522705,5.040119503973983e-06
pythia-70m,draw_2,low,4,0.11161409318447113,0.2609165608882904,0.00024246310931630433
pythia-70m,draw_2,low,5,0.500183641910553,0.4621894061565399,0.5454232692718506
pythia-70m,draw_2,medium,0,1.0339350637877942e-06,4.572447778627975e-06,2.225780981746084e-08
pythia-70m,draw_2,medium,1,1.5000974826762103e-06,1.2862999028584454e-05,5.361118216029581e-09
pythia-70m,draw_2,medium,2,2.100226311085862e-06,1.7495209249318577e-05,3.102839651880629e-10
pythia-70m,draw_2,medium,3,0.03378709405660629,0.14931106567382812,1.6008474631235003e-05
pythia-70m,draw_2,medium,4,0.1533227562904358,0.3065730035305023,0.001601972384378314
pythia-70m,draw_2,medium,5,0.5616389513015747,0.4527018368244171,0.8062735795974731
pythia-70m,draw_2,high,0,5.098354449728504e-05,0.000410663487855345,1.853413920116509e-07
pythia-70m,draw_2,high,1,5.482421693159267e-05,0.0004238509573042393,7.440675631187332e-08
pythia-70m,draw_2,high,2,1.1998061381746083e-05,7.732143421890214e-05,9.756552898920745e-09
pythia-70m,draw_2,high,3,0.09190662205219269,0.2299295961856842,0.0003773099451791495
pythia-70m,draw_2,high,4,0.2598077356815338,0.3731389045715332,0.017199616879224777
pythia-70m,draw_2,high,5,0.6235532164573669,0.4294920861721039,0.922319233417511
pythia-70m,draw_2,very_high,0,4.4403597712516785e-05,0.00015371879271697253,1.8673439399208291e-06
pythia-70m,draw_2,very_high,1,0.0001575326605234295,0.001520331366918981,5.065239747636952e-07
pythia-70m,draw_2,very_high,2,1.3322021914063953e-05,7.143571565393358e-05,7.219227171617604e-08
pythia-70m,draw_2,very_high,3,0.11471029371023178,0.24630101025104523,0.0008572890073992312
pythia-70m,draw_2,very_high,4,0.36715826392173767,0.39779984951019287,0.1482042521238327
pythia-70m,draw_2,very_high,5,0.7393931150436401,0.39515987038612366,0.9882959723472595
pythia-70m,draw_2,control,0,5.9766247431980446e-05,0.0002925241715274751,1.4622951312048826e-06
pythia-70m,draw_2,control,1,4.997428186470643e-05,0.00025079818442463875,6.698250558656582e-07
pythia-70m,draw_2,control,2,1.6609177691861987e-05,7.86740638432093e-05,6.606746438819755e-08
pythia-70m,draw_2,control,3,0.10788798332214355,0.22824367880821228,0.0015009272610768676
pythia-70m,draw_2,control,4,0.33080655336380005,0.39535993337631226,0.06964597851037979
pythia-70m,draw_2,control,5,0.6856302618980408,0.4220667779445648,0.9892199635505676
pythia-70m,draw_3,low,0,5.17688113177428e-06,5.090409467811696e-05,8.62633431353288e-09
pythia-70m,draw_3,low,1,1.1037474223485333e-06,7.224965429486474e-06,3.0843101406219375e-09
pythia-70m,draw_3,low,2,1.8963014269957057e-07,1.3036803920840612e-06,9.145158935686126e-11
pythia-70m,draw_3,low,3,0.02054283209145069,0.09328745305538177,1.04697562619549e-06
pythia-70m,draw_3,low,4,0.07674756646156311,0.22355949878692627,3.5191875213058665e-05
pythia-70m,draw_3,low,5,0.3916807174682617,0.454391211271286,0.023413321003317833
pythia-70m,draw_3,medium,0,3.628875219874317e-06,2.2568383428733796e-05,2.416158118023759e-08
pythia-70m,draw_3,medium,1,1.8317166905035265e-05,0.0002551572979427874,8.560382624978047e-09
pythia-70m,draw_3,medium,2,0.0006195275927893817,0.00925006065517664,3.863768471834561e-10
pythia-70m,draw_3,medium,3,0.058224841952323914,0.19390730559825897,7.4808831413974985e-06
pythia-70m,draw_3,medium,4,0.15429554879665375,0.3057123124599457,0.0004766355559695512
pythia-70m,draw_3,medium,5,0.49651700258255005,0.47216907143592834,0.5464664697647095
pythia-70m,draw_3,high,0,2.3996850359253585e-05,9.431294893147424e-05,1.9662320482893847e-07
pythia-70m,draw_3,high,1,2.7593767299549654e-05,0.00016503971710335463,5.6724378083572446e-08
pythia-70m,draw_3,high,2,2.356644290557597e-05,0.00020276849681977183,9.465440875544573e-09
pythia-70m,draw_3,high,3,0.07719272375106812,0.20898813009262085,0.00017363906954415143
pythia-70m,draw_3,high,4,0.237799271941185,0.35610485076904297,0.016937561333179474
pythia-70m,draw_3,high,5,0.6180440187454224,0.4504473805427551,0.9553676843643188
pythia-70m,draw_3,very_high,0,8.27261756057851e-05,0.00029857669142074883,2.3747270461171865e-06
pythia-70m,draw_3,very_high,1,5.882043842575513e-05,0.00040476027061231434,5.616249723061628e-07
pythia-70m,draw_3,very_high,2,6.303406553342938e-05,0.0006694479379802942,9.50026119994618e-08
pythia-70m,draw_3,very_high,3,0.13943026959896088,0.2735075354576111,0.002806557808071375
pythia-70m,draw_3,very_high,4,0.38324734568595886,0.40425506234169006,0.1674494445323944
pythia-70m,draw_3,very_high,5,0.7876327633857727,0.37274712324142456,0.9962440729141235
pythia-70m,draw_3,control,0,4.6117580495774746e-05,0.00022312678629532456,1.143453232543834e-06
pythia-70m,draw_3,control,1,0.00013619102537631989,0.0013907474931329489,3.6290202842792496e-07
pythia-70m,draw_3,control,2,3.9986389310797676e-05,0.0003604968369472772,3.720791852401817e-08
pythia-70m,draw_3,control,3,0.11709847301244736,0.24220675230026245,0.0023170365020632744
pythia-70m,draw_3,control,4,0.3467249870300293,0.38765451312065125,0.1286296546459198
pythia-70m,draw_3,control,5,0.7429682612419128,0.38837549090385437,0.9919629096984863
pythia-160m,draw_1,low,0,7.00406963005662e-05,0.0008551734499633312,4.551144172637578e-07
pythia-160m,draw_1,low,1,1.9149281797581352e-05,0.0002190655068261549,7.490471887194872e-08
pythia-160m,draw_1,low,2,0.00029377583996392787,0.004346370231360197,5.3512589914817e-08
pythia-160m,draw_1,low,3,2.018868144659791e-05,0.0002043979475274682,7.492093168082192e-09
pythia-160m,draw_1,low,4,0.0003506974899210036,0.004169872496277094,6.158913947729161e-07
pythia-160m,draw_1,low,5,0.018836474046111107,0.10140500217676163,4.051192445331253e-05
pythia-160m,draw_1,low,6,0.015280806459486485,0.10316736996173859,7.852623639337253e-06
pythia-160m,draw_1,low,7,0.004555271472781897,0.023162322118878365,4.659820206143195e-06
pythia-160m,draw_1,low,8,0.11147147417068481,0.2562539875507355,0.0017472279723733664
pythia-160m,draw_1,low,9,0.3957763910293579,0.4225955903530121,0.13761600852012634
pythia-160m,draw_1,low,10,0.6124769449234009,0.42769449949264526,0.8736438751220703
pythia-160m,draw_1,low,11,0.9599531888961792,0.1693238765001297,0.9999805688858032
pythia-160m,draw_1,medium,0,0.0003192265285179019,0.004221303388476372,9.26806478673825e-07
pythia-160m,draw_1,medium,1,3.3505748433526605e-05,0.00021593029669020325,1.9066057177496987e-07
pythia-160m,draw_1,medium,2,9.878489800030366e-05,0.0010821472387760878,1.0075228118466839e-07
pythia-160m,draw_1,medium,3,6.746477447450161e-05,0.0005698452005162835,1.9410574481071308e-08
pythia-160m,draw_1,medium,4,0.0016925395466387272,0.014558990485966206,8.717124160284584e-07
pythia-160m,draw_1,medium,5,0.023185888305306435,0.09282710403203964,0.00010628195013850927
pythia-160m,draw_1,medium,6,0.012808222323656082,0.06578449159860611,2.1215730157564394e-05
pythia-160m,draw_1,medium,7,0.022345343604683876,0.1133088544011116,6.826177013863344e-06
pythia-160m,draw_1,medium,8,0.18230976164340973,0.3354366719722748,0.002500655362382531
pythia-160m,draw_1,medium,9,0.4816313683986664,0.42821013927459717,0.4776316285133362
pythia-160m,draw_1,medium,10,0.7125622630119324,0.38257789611816406,0.9404571652412415
pythia-160m,draw_1,medium,11,0.9829543828964233,0.11092609912157059,0.9999958276748657
pythia-160m,draw_1,high,0,0.00013700898853130639,0.0007310021901503205,4.115968749829335e-06
pythia-160m,draw_1,high,1,0.00039690957055427134,0.004218000452965498,1.151350147665653e-06
pythia-160m,draw_1,high,2,0.0004001453926321119,0.004162720870226622,5.411198458205035e-07
pythia-160m,draw_1,high,3,0.0003499336598906666,0.0029350491240620613,1.3036519419529213e-07
pythia-160m,draw_1,high,4,0.004817630629986525,0.06212201714515686,2.5734536848176504e-06
pythia-160m,draw_1,high,5,0.053225982934236526,0.17480094730854034,0.00033244933001697063
pythia-160m,draw_1,high,6,0.05456170812249184,0.1742488592863083,0.00013300996215548366
pythia-160m,draw_1,high,7,0.049761805683374405,0.1643136739730835,4.706870095105842e-05
pythia-160m,draw_1,high,8,0.2665185034275055,0.3655647039413452,0.05022483691573143
pythia-160m,draw_1,high,9,0.6014552712440491,0.42791154980659485,0.8456684947013855
pythia-160m,draw_1,high,10,0.7943888306617737,0.3503147065639496,0.9972904920578003
pythia-160m,draw_1,high,11,0.986145555973053,0.08277209848165512,0.9999982118606567
pythia-160m,draw_1,very_high,0,8.577478729421273e-05,0.0003157737082801759,7.98378823674284e-06
pythia-160m,draw_1,very_high,1,5.4050658945925534e-05,0.00023924025299493223,3.431865479797125e-06
pythia-160m,draw_1,very_high,2,0.0001063114104908891,0.0005870077293366194,1.9669312223413726e-06
pythia-160m,draw_1,very_high,3,0.00033967633498832583,0.003061688970774412,7.515382094425149e-07
pythia-160m,draw_1,very_high,4,0.00786520354449749,0.044087912887334824,2.260997825942468e-05
pythia-160m,draw_1,very_high,5,0.0945323184132576,0.24246399104595184,0.0011074939975515008
pythia-160m,draw_1,very_high,6,0.08691339939832687,0.21438902616500854,0.0004830935213249177
pythia-160m,draw_1,very_high,7,0.09760108590126038,0.24189874529838562,0.0005678259185515344
pythia-160m,draw_1,very_high,8,0.2793803811073303,0.36600908637046814,0.03705510124564171
pythia-160m,draw_1,very_high,9,0.601571798324585,0.41287100315093994,0.81158047914505
pythia-160m,draw_1,very_high,10,0.8314412236213684,0.30873793363571167,0.9960224032402039
pythia-160m,draw_1,very_high,11,0.9948890805244446,0.03679916635155678,0.9999990463256836
pythia-160m,draw_1,control,0,0.00027605006471276283,0.0020760372281074524,4.791656920133391e-06
pythia-160m,draw_1,control,1,9.835302626015618e-05,0.0004980472731404006,2.0007064449600875e-06
pythia-160m,draw_1,control,2,8.421588427154347e-05,0.0004020677297376096,1.0365653224653215e-06
pythia-160m,draw_1,control,3,6.256074266275391e-05,0.00042878236854448915,2.9116395694472885e-07
pythia-160m,draw_1,control,4,0.004401753190904856,0.023160429671406746,1.0201995792158414e-05
pythia-160m,draw_1,control,5,0.05705348029732704,0.166341170668602,0.0007406529039144516
pythia-160m,draw_1,control,6,0.03891916200518608,0.1107323095202446,0.00023538872483186424
pythia-160m,draw_1,control,7,0.07260007411241531,0.20015695691108704,6.418656266760081e-05
pythia-160m,draw_1,control,8,0.2655470073223114,0.35600388050079346,0.0407990887761116
pythia-160m,draw_1,control,9,0.603503406047821,0.4254426658153534,0.8438841700553894
pythia-160m,draw_1,control,10,0.8105980753898621,0.3274536728858948,0.9977967739105225
pythia-160m,draw_1,control,11,0.9894251823425293,0.08569514751434326,0.9999974966049194
pythia-160m,draw_2,low,0,1.0394912351330277e-05,4.566663483274169e-05,5.559846840696991e-07
pythia-160m,draw_2,low,1,7.156794708862435e-06,5.555384996114299e-05,9.82544108296679e-08
pythia-160m,draw_2,low,2,4.485419140110025e-06,1.909563252411317e-05,9.588554661377202e-08
pythia-160m,draw_2,low,3,6.307014700723812e-06,7.006990199442953e-05,9.391743382991535e-09
pythia-160m,draw_2,low,4,0.003227024106308818,0.04492572695016861,5.008137691220327e-07
pythia-160m,draw_2,low,5,0.02205553650856018,0.11979160457849503,5.403119575930759e-05
pythia-160m,draw_2,low,6,0.013797986321151257,0.09953656792640686,5.460085958475247e-06
pythia-160m,draw_2,low,7,0.015138089656829834,0.0835297629237175,1.4422975027628127e-06
pythia-160m,draw_2,low,8,0.12361925095319748,0.2685125768184662,0.0005393795436248183
pythia-160m,draw_2,low,9,0.3682110011577606,0.4086313247680664,0.12529250979423523
pythia-160m,draw_2,low,10,0.6063212156295776,0.4101777970790863,0.8289248943328857
pythia-160m,draw_2,low,11,0.9688360095024109,0.13974863290786743,0.9999831914901733
pythia-160m,draw_2,medium,0,6.524319178424776e-05,0.0004896271275356412,1.5877853911661077e-06
pythia-160m,draw_2,medium,1,1.9567436538636684e-05,0.0001106685449485667,4.317302568779269e-07
pythia-160m,draw_2,medium,2,4.422054917085916e-05,0.00037741338019259274,1.6897999444154266e-07
pythia-160m,draw_2,medium,3,2.668794331839308e-05,0.0002896269434131682,3.0177403687048354e-08
pythia-160m,draw_2,medium,4,0.0005976343527436256,0.00351023324765265,1.6191961549338885e-06
pythia-160m,draw_2,medium,5,0.030089883133769035,0.1313883513212204,0.00013692387437913567
pythia-160m,draw_2,medium,6,0.02747165597975254,0.12648771703243256,3.447987910476513e-05
pythia-160m,draw_2,medium,7,0.029744045808911324,0.12867407500743866,1.2042160051350947e-05
pythia-160m,draw_2,medium,8,0.21593843400478363,0.3395113945007324,0.012448564171791077
pythia-160m,draw_2,medium,9,0.5411033630371094,0.41810595989227295,0.6513041853904724
pythia-160m,draw_2,medium,10,0.7440566420555115,0.363103985786438,0.972280740737915
pythia-160m,draw_2,medium,11,0.9879894852638245,0.07902155816555023,0.9999912977218628
pythia-160m,draw_2,high,0,9.517514990875497e-05,0.0004105436964891851,3.944894615415251e-06
pythia-160m,draw_2,high,1,4.8059166147140786e-05,0.00023389769194182009,1.2468160548451124e-06
pythia-160m,draw_2,high,2,3.320481482660398e-05,0.00016957891057245433,5.558749194278789e-07
pythia-160m,draw_2,high,3,2.531199061195366e-05,0.00013613284681923687,1.0359384106095604e-07
pythia-160m,draw_2,high,4,0.002319417428225279,0.016556063666939735,4.832911599805811e-06
pythia-160m,draw_2,high,5,0.05510871112346649,0.17290565371513367,0.00027865354786626995
pythia-160m,draw_2,high,6,0.04735087603330612,0.15748804807662964,6.960555037949234e-05
pythia-160m,draw_2,high,7,0.05681862682104111,0.18603743612766266,5.9454585425555706e-05
pythia-160m,draw_2,high,8,0.2507598400115967,0.36734437942504883,0.019439568743109703
pythia-160m,draw_2,high,9,0.5985367298126221,0.4202120006084442,0.8412655591964722
pythia-160m,draw_2,high,10,0.7965207099914551,0.34543588757514954,0.9939956068992615
pythia-160m,draw_2,high,11,0.9834669828414917,0.1029324159026146,0.9999980926513672
pythia-160m,draw_2,very_high,0,0.00048720373888500035,0.0046250419691205025,1.0458145879965741e-05
pythia-160m,draw_2,very_high,1,0.00030966600752435625,0.001968631288036704,4.17849469158682e-06
pythia-160m,draw_2,very_high,2,0.000267786585027352,0.0018823606660589576,2.176065663661575e-06
pythia-160m,draw_2,very_high,3,0.00013404614583123475,0.0012186509557068348,6.762352882105915e-07
pythia-160m,draw_2,very_high,4,0.005439553875476122,0.05042939633131027,2.6803087166626938e-05
pythia-160m,draw_2,very_high,5,0.09859084337949753,0.23875750601291656,0.001541759236715734
pythia-160m,draw_2,very_high,6,0.08557620644569397,0.2159813642501831,0.0006208376144059002
pythia-160m,draw_2,very_high,7,0.10075820982456207,0.24356190860271454,0.00015065664774738252
pythia-160m,draw_2,very_high,8,0.2841486632823944,0.37515783309936523,0.0388985276222229
pythia-160m,draw_2,very_high,9,0.6080813407897949,0.4250463843345642,0.8772792220115662
pythia-160m,draw_2,very_high,10,0.7948305010795593,0.34522557258605957,0.99710613489151
pythia-160m,draw_2,very_high,11,0.9866857528686523,0.08754388988018036,0.9999990463256836
pythia-160m,draw_2,control,0,0.00029596418607980013,0.0019148349529132247,8.085602530627511e-06
pythia-160m,draw_2,control,1,0.00025858456501737237,0.0015807556919753551,2.426931814625277e-06
pythia-160m,draw_2,control,2,0.000194010921404697,0.0015140973264351487,2.366097305639414e-06
pythia-160m,draw_2,control,3,0.00013263357686810195,0.001091253710910678,7.441267939611862e-07
pythia-160m,draw_2,control,4,0.005867086350917816,0.030658813193440437,1.876366150099784e-05
pythia-160m,draw_2,control,5,0.07206232845783234,0.18333393335342407,0.0012275254121050239
pythia-160m,draw_2,control,6,0.06690304726362228,0.1845104992389679,0.0009403667063452303
pythia-160m,draw_2,control,7,0.08660753071308136,0.2317477911710739,0.0003785404551308602
pythia-160m,draw_2,control,8,0.3034801483154297,0.3795662224292755,0.06796455383300781
pythia-160m,draw_2,control,9,0.6235021352767944,0.4098069965839386,0.8292984962463379
pythia-160m,draw_2,control,10,0.7919305562973022,0.34094491600990295,0.9935824275016785
pythia-160m,draw_2,control,11,0.9911261796951294,0.07501578330993652,0.9999963045120239
pythia-160m,draw_3,low,0,1.091436752176378e-05,5.367426638258621e-05,6.022544880579517e-07
pythia-160m,draw_3,low,1,7.662654752493836e-06,6.560079782502726e-05,7.33627061322295e-08
pythia-160m,draw_3,low,2,8.70155963639263e-06,7.629249739693478e-05,3.9468041279633326e-08
pythia-160m,draw_3,low,3,1.5046169892229955e-06,1.1297309356450569e-05,4.869786351946459e-09
pythia-160m,draw_3,low,4,0.00015166157390922308,0.0011535760713741183,2.759634583071602e-07
pythia-160m,draw_3,low,5,0.014292431063950062,0.070595882833004,3.458480932749808e-05
pythia-160m,draw_3,low,6,0.016322124749422073,0.09953194111585617,2.9931557037343737e-06
pythia-160m,draw_3,low,7,0.006486756727099419,0.04607297480106354,2.0948461951775244e-06
pythia-160m,draw_3,low,8,0.15922339260578156,0.3001333177089691,0.0026587280444800854
pythia-160m,draw_3,low,9,0.3596303164958954,0.4093438982963562,0.10745435208082199
pythia-160m,draw_3,low,10,0.6026284694671631,0.4250863790512085,0.8601332902908325
pythia-160m,draw_3,low,11,0.9769555926322937,0.12893365323543549,0.999990701675415
pythia-160m,draw_3,medium,0,9.235197649104521e-05,0.0011241534957662225,1.184845586976735e-06
pythia-160m,draw_3,medium,1,4.1862691432470456e-05,0.0005054097855463624,2.2294690893431834e-07
pythia-160m,draw_3,medium,2,9.940010386344511e-06,5.2589017286663875e-05,1.634655575344368e-07
pythia-160m,draw_3,medium,3,4.8017782319220714e-06,2.8464008209994063e-05,2.3374749247295767e-08
pythia-160m,draw_3,medium,4,0.0006927041104063392,0.008161230944097042,1.7715375406623934e-06
pythia-160m,draw_3,medium,5,0.03840400651097298,0.15071344375610352,8.724573854124174e-05
pythia-160m,draw_3,medium,6,0.010973198339343071,0.04984600096940994,1.6322661394951865e-05
pythia-160m,draw_3,medium,7,0.011566615663468838,0.06813009828329086,6.9875322878942825e-06
pythia-160m,draw_3,medium,8,0.1965368241071701,0.32166042923927307,0.007797341328114271
pythia-160m,draw_3,medium,9,0.4986591041088104,0.4211183190345764,0.4723314642906189
pythia-160m,draw_3,medium,10,0.7379642128944397,0.3672373592853546,0.9760270714759827
pythia-160m,draw_3,medium,11,0.9815796613693237,0.1009790450334549,0.9999977350234985
pythia-160m,draw_3,high,0,9.474408579990268e-05,0.00039740101783536375,3.68481073564908e-06
pythia-160m,draw_3,high,1,9.206603863276541e-05,0.0005612731911242008,1.2074513051629765e-06
pythia-160m,draw_3,high,2,0.00011249543604208156,0.0007059911731630564,7.829883656995662e-07
pythia-160m,draw_3,high,3,0.000549706572201103,0.007122271228581667,1.0248714943372761e-07
pythia-160m,draw_3,high,4,0.0062795416451990604,0.060240667313337326,3.058413312828634e-06
pythia-160m,draw_3,high,5,0.05647929012775421,0.17708170413970947,0.0003050801460631192
pythia-160m,draw_3,high,6,0.03859493136405945,0.15464816987514496,0.00011082709534093738
pythia-160m,draw_3,high,7,0.037794265896081924,0.14466136693954468,3.873922469210811e-05
pythia-160m,draw_3,high,8,0.22870108485221863,0.3492186665534973,0.019493671134114265
pythia-160m,draw_3,high,9,0.604753851890564,0.41983452439308167,0.8210055828094482
pythia-160m,draw_3,high,10,0.8094997406005859,0.3286319971084595,0.9953704476356506
pythia-160m,draw_3,high,11,0.9885396361351013,0.07222035527229309,0.9999979734420776
pythia-160m,draw_3,very_high,0,0.0002940230187959969,0.0015179446199908853,9.762671652424615e-06
pythia-160m,draw_3,very_high,1,0.00022078462643548846,0.0011080799158662558,5.037129540141905e-06
pythia-160m,draw_3,very_high,2,0.0011943052522838116,0.010989689268171787,2.669041577973985e-06
pythia-160m,draw_3,very_high,3,0.0010225268779322505,0.010167885571718216,6.106236583036662e-07
pythia-160m,draw_3,very_high,4,0.012327144853770733,0.07734928280115128,3.637518238974735e-05
pythia-160m,draw_3,very_high,5,0.10847517102956772,0.2459227442741394,0.0016112793236970901
pythia-160m,draw_3,very_high,6,0.10303663462400436,0.24111585319042206,0.0006800519186072052
pythia-160m,draw_3,very_high,7,0.09060255438089371,0.23377655446529388,0.00027001515263691545
pythia-160m,draw_3,very_high,8,0.3408828675746918,0.40027308464050293,0.10090837627649307
pythia-160m,draw_3,very_high,9,0.5817050933837891,0.43782898783683777,0.8254624009132385
pythia-160m,draw_3,very_high,10,0.8250448107719421,0.31404638290405273,0.9971030354499817
pythia-160m,draw_3,very_high,11,0.9909834861755371,0.0673433318734169,0.9999983310699463
pythia-160m,draw_3,control,0,0.0002451010514050722,0.0015364860882982612,6.938549631740898e-06
pythia-160m,draw_3,control,1,0.0002972634683828801,0.0028770093340426683,3.0718231300852494e-06
pythia-160m,draw_3,control,2,0.00029125084984116256,0.003000152762979269,2.161624479413149e-06
pythia-160m,draw_3,control,3,0.0001399527827743441,0.0010645119473338127,5.887158067707787e-07
pythia-160m,draw_3,control,4,0.010907772928476334,0.06314848363399506,2.3948075977386907e-05
pythia-160m,draw_3,control,5,0.10848488658666611,0.25099441409111023,0.0015999353490769863
pythia-160m,draw_3,control,6,0.10452757030725479,0.24537555873394012,0.0006067636422812939
pythia-160m,draw_3,control,7,0.1249549612402916,0.2726869285106659,0.0004112050519324839
pythia-160m,draw_3,control,8,0.33262404799461365,0.386466383934021,0.11211550980806351
pythia-160m,draw_3,control,9,0.6764217019081116,0.3917718827724457,0.9292376041412354
pythia-160m,draw_3,control,10,0.8412504196166992,0.31302130222320557,0.9978728294372559
pythia-160m,draw_3,control,11,0.9864615201950073,0.09809770435094833,0.9999986886978149
pythia-410m,draw_1,low,0,1.4802219993725885e-05,1.8007027392741293e-05,7.450147222698433e-06
pythia-410m,draw_1,low,1,1.2759314813592937e-05,1.8899550923379138e-05,4.902381078863982e-06
pythia-410m,draw_1,low,2,1.1103582437499426e-05,2.032448901445605e-05,3.6867224935122067e-06
pythia-410m,draw_1,low,3,1.1259042366873473e-05,2.4352873879252e-05,2.897377044064342e-06
pythia-410m,draw_1,low,4,1.0873009159695357e-05,2.181792115152348e-05,2.707422936509829e-06
pythia-410m,draw_1,low,5,8.589180652052164e-06,1.5069427718117367e-05,2.5633564746385673e-06
pythia-410m,draw_1,low,6,9.976746696338523e-06,2.3914592020446435e-05,2.3554196104669245e-06
pythia-410m,draw_1,low,7,1.6334273823304102e-05,6.819874397478998e-05,3.0578912628698163e-06
pythia-410m,draw_1,low,8,2.8019534511258826e-05,0.00010236333037028089,4.3719310269807465e-06
pythia-410m,draw_1,low,9,3.648201527539641e-05,0.00020076066721230745,4.815912234334974e-06
pythia-410m,draw_1,low,10,0.00020602213044185191,0.0008469860185869038,3.311337059130892e-05
pythia-410m,draw_1,low,11,0.0032943449914455414,0.012500456534326077,0.0004596381913870573
pythia-410m,draw_1,low,12,0.0032221218571066856,0.01848490722477436,0.00044928479474037886
pythia-410m,draw_1,low,13,0.00404742918908596,0.014375058002769947,0.00041818321915343404
pythia-410m,draw_1,low,14,0.0036153278779238462,0.010455827228724957,0.0006331975455395877
pythia-410m,draw_1,low,15,0.005406358279287815,0.013427243568003178,0.0010077927727252245
pythia-410m,draw_1,low,16,0.08353191614151001,0.1620311588048935,0.013950854539871216
pythia-410m,draw_1,low,17,0.24095526337623596,0.2853434383869171,0.10457007586956024
pythia-410m,draw_1,low,18,0.4837229549884796,0.36885038018226624,0.4967072606086731
pythia-410m,draw_1,low,19,0.460113525390625,0.36265644431114197,0.43647944927215576
pythia-410m,draw_1,low,20,0.46079888939857483,0.3648523986339569,0.42725518345832825
pythia-410m,draw_1,low,21,0.5970585942268372,0.35482901334762573,0.7142719626426697
pythia-410m,draw_1,low,22,0.8530459403991699,0.24221789836883545,0.9567659497261047
pythia-410m,draw_1,low,23,0.9468311667442322,0.1508691906929016,0.9946198463439941
pythia-410m,draw_1,medium,0,2.5561157599440776e-05,7.524285319959745e-05,1.1857298886752687e-05
pythia-410m,draw_1,medium,1,1.963426620932296e-05,3.600594209274277e-05,7.720682333456352e-06
pythia-410m,draw_1,medium,2,1.8803046259563416e-05,4.4672851799987257e-05,5.127118583914125e-06
pythia-410m,draw_1,medium,3,1.8097429347108118e-05,4.7350531531265005e-05,4.309807991376147e-06
pythia-410m,draw_1,medium,4,1.4900931091688108e-05,3.201460640411824e-05,4.754990186484065e-06
pythia-410m,draw_1,medium,5,1.7024925909936428e-05,3.164199733873829e-05,4.546330274024513e-06
pythia-410m,draw_1,medium,6,2.444020901748445e-05,6.396654498530552e-05,5.01513522976893e-06
pythia-410m,draw_1,medium,7,4.587082003126852e-05,0.00019413258996792138,7.87322915130062e-06
pythia-410m,draw_1,medium,8,7.403670315397903e-05,0.0004181143012829125,9.62937883741688e-06
pythia-410m,draw_1,medium,9,7.229795301100239e-05,0.0003712578327395022,1.259288728761021e-05
pythia-410m,draw_1,medium,10,0.0005128086195327342,0.002035630401223898,8.139232522808015e-05
pythia-410m,draw_1,medium,11,0.004397454205900431,0.011755161918699741,0.000985541963018477
pythia-410m,draw_1,medium,12,0.00287462561391294,0.007375724613666534,0.0007470360142178833
pythia-410m,draw_1,medium,13,0.0038735929410904646,0.015952283516526222,0.0008063591085374355
pythia-410m,draw_1,medium,14,0.0035200028214603662,0.009869969449937344,0.0008459349628537893
pythia-410m,draw_1,medium,15,0.010246449150145054,0.04666119068861008,0.0018192793941125274
pythia-410m,draw_1,medium,16,0.17634795606136322,0.2569519877433777,0.04425531625747681
pythia-410m,draw_1,medium,17,0.3346906900405884,0.3224380612373352,0.2184104174375534
pythia-410m,draw_1,medium,18,0.6410506367683411,0.30178406834602356,0.7268898487091064
pythia-410m,draw_1,medium,19,0.6478883028030396,0.3208967447280884,0.7381365895271301
pythia-410m,draw_1,medium,20,0.6635482907295227,0.3311804234981537,0.8124495148658752
pythia-410m,draw_1,medium,21,0.8047593832015991,0.2555995285511017,0.9238734245300293
pythia-410m,draw_1,medium,22,0.9462763071060181,0.11066122353076935,0.9892604351043701
pythia-410m,draw_1,medium,23,0.9792490601539612,0.06574096530675888,0.9977705478668213
pythia-410m,draw_1,high,0,2.2886411898070946e-05,2.531146128603723e-05,1.2516193237388507e-05
pythia-410m,draw_1,high,1,2.230575955763925e-05,3.4885219065472484e-05,1.0398203812655993e-05
pythia-410m,draw_1,high,2,2.141945697076153e-05,4.3597228795988485e-05,6.641660547757056e-06
pythia-410m,draw_1,high,3,2.256657899124548e-05,4.4936205085832626e-05,6.395394393621245e-06
pythia-410m,draw_1,high,4,2.8064365324098617e-05,7.363008626271039e-05,7.211287538666511e-06
pythia-410m,draw_1,high,5,3.183927037753165e-05,6.742405093973503e-05,1.0317106898583006e-05
pythia-410m,draw_1,high,6,3.804617517744191e-05,9.146374941337854e-05,1.0435660442453809e-05
pythia-410m,draw_1,high,7,4.4938558858120814e-05,0.00011775666644098237,1.335424622084247e-05
pythia-410m,draw_1,high,8,5.1636845455504954e-05,0.00013907914399169385,1.4354683116835076e-05
pythia-410m,draw_1,high,9,7.86450327723287e-05,0.00015523200272582471,2.1146794097148813e-05
pythia-410m,draw_1,high,10,0.001059155911207199,0.005850704852491617,0.00012134680582676083
pythia-410m,draw_1,high,11,0.008831494487822056,0.034180205315351486,0.0013268194161355495
pythia-410m,draw_1,high,12,0.004671501461416483,0.016615193337202072,0.0007310595829039812
pythia-410m,draw_1,high,13,0.005222680978477001,0.018119534477591515,0.0007789861992932856
pythia-410m,draw_1,high,14,0.005637035239487886,0.02585352212190628,0.0010966958943754435
pythia-410m,draw_1,high,15,0.014412418007850647,0.05175413191318512,0.0023995875380933285
pythia-410m,draw_1,high,16,0.24745751917362213,0.28177276253700256,0.12796318531036377
pythia-410m,draw_1,high,17,0.4303288459777832,0.34239357709884644,0.42425358295440674
pythia-410m,draw_1,high,18,0.6839998960494995,0.32236573100090027,0.8152269721031189
pythia-410m,draw_1,high,19,0.7758861184120178,0.27880942821502686,0.9071847796440125
pythia-410m,draw_1,high,20,0.8176873326301575,0.25884780287742615,0.943298876285553
pythia-410m,draw_1,high,21,0.8944253325462341,0.190108522772789,0.9749898314476013
pythia-410m,draw_1,high,22,0.9552856683731079,0.12378397583961487,0.9942597150802612
pythia-410m,draw_1,high,23,0.9813078045845032,0.08051446080207825,0.9982295632362366
pythia-410m,draw_1,very_high,0,3.615668538259342e-05,5.0795624702004716e-05,1.90122354979394e-05
pythia-410m,draw_1,very_high,1,3.5259210562799126e-05,7.050484418869019e-05,1.2359638276393525e-05
pythia-410m,draw_1,very_high,2,3.609648047131486e-05,9.214183955918998e-05,9.157936801784672e-06
pythia-410m,draw_1,very_high,3,4.5880096877226606e-05,0.0001442054781364277,1.0610408935463056e-05
pythia-410m,draw_1,very_high,4,5.940634582657367e-05,0.000328159483615309,1.0889891200349666e-05
pythia-410m,draw_1,very_high,5,0.00012617236643563956,0.0010442918865010142,2.0998788386350498e-05
pythia-410m,draw_1,very_high,6,0.00012169713590992615,0.0007389801321551204,2.230305108241737e-05
pythia-410m,draw_1,very_high,7,0.00010147831198992208,0.0003236635820940137,1.6021716874092817e-05
pythia-410m,draw_1,very_high,8,0.00010956178448395804,0.0005575757240876555,1.710403557808604e-05
pythia-410m,draw_1,very_high,9,0.00014698652375955135,0.0005542252329178154,2.5739183911355212e-05
pythia-410m,draw_1,very_high,10,0.00126146140974015,0.0038664157036691904,0.0002005548303714022
pythia-410m,draw_1,very_high,11,0.01457702461630106,0.05198283493518829,0.0023218595888465643
pythia-410m,draw_1,very_high,12,0.00540598388761282,0.014659491367638111,0.0008999157580547035
pythia-410m,draw_1,very_high,13,0.009784076362848282,0.030334265902638435,0.000909539230633527
pythia-410m,draw_1,very_high,14,0.0065817758440971375,0.01648939773440361,0.0012650700518861413
pythia-410m,draw_1,very_high,15,0.03672369197010994,0.09023953229188919,0.004800629802048206
pythia-410m,draw_1,very_high,16,0.39653703570365906,0.3313165009021759,0.3445756733417511
pythia-410m,draw_1,very_high,17,0.5681955218315125,0.3312179446220398,0.6334947943687439
pythia-410m,draw_1,very_high,18,0.7386390566825867,0.30310213565826416,0.8807540535926819
pythia-410m,draw_1,very_high,19,0.8607949018478394,0.21076352894306183,0.9617859125137329
pythia-410m,draw_1,very_high,20,0.901559054851532,0.18494126200675964,0.9844982028007507
pythia-410m,draw_1,very_high,21,0.9407457113265991,0.13127270340919495,0.9895884990692139
pythia-410m,draw_1,very_high,22,0.9719215035438538,0.08399040997028351,0.9961262345314026
pythia-410m,draw_1,very_high,23,0.9807934761047363,0.0562724843621254,0.9981849789619446
pythia-410m,draw_1,control,0,2.9093951525283046e-05,3.361189010320231e-05,1.6515314200660214e-05
pythia-410m,draw_1,control,1,3.052123429370113e-05,5.838410652359016e-05,1.1854033800773323e-05
pythia-410m,draw_1,control,2,3.3542339224368334e-05,9.792637138161808e-05,8.452080692222808e-06
pythia-410m,draw_1,control,3,4.808679295820184e-05,0.00025172188179567456,9.239590326615144e-06
pythia-410m,draw_1,control,4,5.489855902851559e-05,0.00028210951131768525,9.57414522417821e-06
pythia-410m,draw_1,control,5,0.00014147593174129725,0.0011839015642181039,1.5696330592618324e-05
pythia-410m,draw_1,control,6,0.00011917532538063824,0.0004793794360011816,1.8113090845872648e-05
pythia-410m,draw_1,control,7,0.00010141205711988732,0.0003130875120405108,1.7085569197661243e-05
pythia-410m,draw_1,control,8,0.00010456404561409727,0.0003549297107383609,1.6297617548843846e-05
pythia-410m,draw_1,control,9,0.00016274726658593863,0.0007347101345658302,2.5288230972364545e-05
pythia-410m,draw_1,control,10,0.0018487587803974748,0.008313404396176338,0.00020951074839103967
pythia-410m,draw_1,control,11,0.011221226304769516,0.04374786093831062,0.0021392186172306538
pythia-410m,draw_1,control,12,0.0059004793874919415,0.022293591871857643,0.0008237172733061016
pythia-410m,draw_1,control,13,0.005750887095928192,0.01641290821135044,0.0008993170922622085
pythia-410m,draw_1,control,14,0.005213541444391012,0.01094772294163704,0.001209069974720478
pythia-410m,draw_1,control,15,0.021335633471608162,0.051348354667425156,0.004326708149164915
pythia-410m,draw_1,control,16,0.33559349179267883,0.298809289932251,0.24919182062149048
pythia-410m,draw_1,control,17,0.5245063900947571,0.33802592754364014,0.5596647262573242
pythia-410m,draw_1,control,18,0.7469936609268188,0.29796573519706726,0.8940587639808655
pythia-410m,draw_1,control,19,0.8419823050498962,0.2442619800567627,0.9580777883529663
pythia-410m,draw_1,control,20,0.877947986125946,0.22290171682834625,0.9764311909675598
pythia-410m,draw_1,control,21,0.9176786541938782,0.18459287285804749,0.9860694408416748
pythia-410m,draw_1,control,22,0.9640246629714966,0.12248513847589493,0.9963400363922119
pythia-410m,draw_1,control,23,0.9774229526519775,0.09459535032510757,0.997748076915741
pythia-410m,draw_2,low,0,1.5388677638839e-05,2.9133307180018164e-05,7.96470521891024e-06
pythia-410m,draw_2,low,1,1.39336325446493e-05,2.991946712427307e-05,4.843823262490332e-06
pythia-410m,draw_2,low,2,1.2628961485461332e-05,2.775500252027996e-05,3.3977207749558147e-06
pythia-410m,draw_2,low,3,1.1588710549403913e-05,2.7603653506957926e-05,2.8304875741014257e-06
pythia-410m,draw_2,low,4,1.2031681762891822e-05,2.718373252719175e-05,2.9386642381723505e-06
pythia-410m,draw_2,low,5,1.0372803444624878e-05,2.918869176937733e-05,2.9032053134869784e-06
pythia-410m,draw_2,low,6,1.1835797522508074e-05,3.429600110393949e-05,3.077333531109616e-06
pythia-410m,draw_2,low,7,1.9336048353579827e-05,4.975244519300759e-05,3.5856085105478996e-06
pythia-410m,draw_2,low,8,4.708344204118475e-05,0.0003681669768411666,4.822395112569211e-06
pythia-410m,draw_2,low,9,7.701865979470313e-05,0.0007885158411227167,5.82591610509553e-06
pythia-410m,draw_2,low,10,0.0003480166778899729,0.002576232422143221,3.9653190469834954e-05
pythia-410m,draw_2,low,11,0.003941675648093224,0.01627057045698166,0.0007457475294359028
pythia-410m,draw_2,low,12,0.002883786102756858,0.009841922670602798,0.0006319020176306367
pythia-410m,draw_2,low,13,0.002880119252949953,0.008159410208463669,0.0007016016752459109
pythia-410m,draw_2,low,14,0.003404221497476101,0.009030433371663094,0.0009709310834296048
pythia-410m,draw_2,low,15,0.0058029028587043285,0.01556420885026455,0.001370020559988916
pythia-410m,draw_2,low,16,0.09971018135547638,0.17023184895515442,0.022971346974372864
pythia-410m,draw_2,low,17,0.2984710931777954,0.30783557891845703,0.1829894483089447
pythia-410m,draw_2,low,18,0.5651203989982605,0.3544524312019348,0.629959225654602
pythia-410m,draw_2,low,19,0.5312263369560242,0.36329972743988037,0.527980625629425
pythia-410m,draw_2,low,20,0.5363503694534302,0.35488250851631165,0.5466330051422119
pythia-410m,draw_2,low,21,0.6702894568443298,0.3288085460662842,0.8020923137664795
pythia-410m,draw_2,low,22,0.8819112181663513,0.21667858958244324,0.9753579497337341
pythia-410m,draw_2,low,23,0.9575545191764832,0.1282569319009781,0.9954113364219666
pythia-410m,draw_2,medium,0,1.980619526875671e-05,3.1725216103950515e-05,9.822028005146421e-06
pythia-410m,draw_2,medium,1,1.7251482859137468e-05,2.8390291845425963e-05,6.951120212761452e-06
pythia-410m,draw_2,medium,2,1.8487675333744846e-05,4.3019139411626384e-05,5.043671535531757e-06
pythia-410m,draw_2,medium,3,2.0594530724338256e-05,6.061230305931531e-05,4.009545591543429e-06
pythia-410m,draw_2,medium,4,1.7301092157140374e-05,4.997166251996532e-05,3.6025489862367976e-06
pythia-410m,draw_2,medium,5,2.182526259275619e-05,7.457542233169079e-05,4.339181032264605e-06
pythia-410m,draw_2,medium,6,2.5520495910313912e-05,9.230612340616062e-05,4.581717348628445e-06
pythia-410m,draw_2,medium,7,4.197032467345707e-05,0.00018799117242451757,6.327108621917432e-06
pythia-410m,draw_2,medium,8,4.041071952087805e-05,0.0001246197643922642,8.609911674284376e-06
pythia-410m,draw_2,medium,9,5.587643681792542e-05,0.00019117927877232432,1.120915749197593e-05
pythia-410m,draw_2,medium,10,0.0003667560813482851,0.0010976921766996384,7.17316652298905e-05
pythia-410m,draw_2,medium,11,0.004533646162599325,0.0111499959602952,0.0009492879034951329
pythia-410m,draw_2,medium,12,0.0027172828558832407,0.006185544189065695,0.0006020411965437233
pythia-410m,draw_2,medium,13,0.004786933306604624,0.016749411821365356,0.0005916836089454591
pythia-410m,draw_2,medium,14,0.0036168936640024185,0.010030237026512623,0.0009780187392607331
pythia-410m,draw_2,medium,15,0.010230496525764465,0.03522559627890587,0.0015234044985845685
pythia-410m,draw_2,medium,16,0.14915360510349274,0.22618485987186432,0.02957833930850029
pythia-410m,draw_2,medium,17,0.3009529411792755,0.3064139783382416,0.17637024819850922
pythia-410m,draw_2,medium,18,0.5896568894386292,0.3086969256401062,0.6322557330131531
pythia-410m,draw_2,medium,19,0.6124516725540161,0.32833316922187805,0.7107186317443848
pythia-410m,draw_2,medium,20,0.6558870673179626,0.3245593309402466,0.7709178924560547
pythia-410m,draw_2,medium,21,0.7854457497596741,0.25769883394241333,0.896353542804718
pythia-410m,draw_2,medium,22,0.9255322217941284,0.14885291457176208,0.9851882457733154
pythia-410m,draw_2,medium,23,0.9714688062667847,0.10207770764827728,0.996192216873169
pythia-410m,draw_2,high,0,3.416454273974523e-05,6.611205753870308e-05,1.5125036043173168e-05
pythia-410m,draw_2,high,1,3.368349280208349e-05,7.847478991607204e-05,1.0052393918158486e-05
pythia-410m,draw_2,high,2,3.475163975963369e-05,9.959337330656126e-05,7.681829629291315e-06
pythia-410m,draw_2,high,3,3.719819142133929e-05,0.0001180245672003366,8.02891645435011e-06
pythia-410m,draw_2,high,4,2.6858560886466876e-05,6.0183836467331275e-05,7.81358903623186e-06
pythia-410m,draw_2,high,5,4.566150528262369e-05,0.00012116222205804661,1.051236813509604e-05
pythia-410m,draw_2,high,6,4.54611363238655e-05,0.00010332277452107519,1.305953901464818e-05
pythia-410m,draw_2,high,7,4.8859019443625584e-05,0.00012018860434181988,1.3371952263696585e-05
pythia-410m,draw_2,high,8,6.384302832884714e-05,0.00016709801275283098,1.528283246443607e-05
pythia-410m,draw_2,high,9,0.00011870630987687036,0.0004878417239524424,1.9100954887107946e-05
pythia-410m,draw_2,high,10,0.0010508473496884108,0.007321557030081749,0.00011148412886541337
pythia-410m,draw_2,high,11,0.0072390371933579445,0.02156263403594494,0.0012758345110341907
pythia-410m,draw_2,high,12,0.003576094750314951,0.014505171217024326,0.0007261413848027587
pythia-410m,draw_2,high,13,0.005639670882374048,0.01861162856221199,0.0006454756367020309
pythia-410m,draw_2,high,14,0.006295287981629372,0.024623310193419456,0.0009656941401772201
pythia-410m,draw_2,high,15,0.014378467574715614,0.048322342336177826,0.0026516164653003216
pythia-410m,draw_2,high,16,0.2554078698158264,0.2878115773200989,0.12316237390041351
pythia-410m,draw_2,high,17,0.41232001781463623,0.33174294233322144,0.37860316038131714
pythia-410m,draw_2,high,18,0.6782121062278748,0.31540876626968384,0.806322455406189
pythia-410m,draw_2,high,19,0.7685994505882263,0.27721428871154785,0.8958701491355896
pythia-410m,draw_2,high,20,0.8261641263961792,0.24564675986766815,0.9369294047355652
pythia-410m,draw_2,high,21,0.8922631144523621,0.20062053203582764,0.9752739071846008
pythia-410m,draw_2,high,22,0.9511322975158691,0.1390041708946228,0.9957883954048157
pythia-410m,draw_2,high,23,0.9684401154518127,0.12307119369506836,0.9983131885528564
pythia-410m,draw_2,very_high,0,2.8711649065371603e-05,4.20197902712971e-05,1.87622554221889e-05
pythia-410m,draw_2,very_high,1,2.858367224689573e-05,5.1377319323364645e-05,1.2832024367526174e-05
pythia-410m,draw_2,very_high,2,2.6154071747441776e-05,5.5357162636937574e-05,1.0734110219345894e-05
pythia-410m,draw_2,very_high,3,4.340531813795678e-05,0.00020161885186098516,1.119749231293099e-05
pythia-410m,draw_2,very_high,4,3.946830111090094e-05,0.00011878149234689772,1.1515496225911193e-05
pythia-410m,draw_2,very_high,5,5.864295962965116e-05,0.00010456882591824979,1.8888407794293016e-05
pythia-410m,draw_2,very_high,6,8.839587098918855e-05,0.000180397808435373,2.227378536190372e-05
pythia-410m,draw_2,very_high,7,7.652039494132623e-05,0.00029922358226031065,1.9167955542798154e-05
pythia-410m,draw_2,very_high,8,0.0001205243170261383,0.0005508607719093561,1.753305332385935e-05
pythia-410m,draw_2,very_high,9,0.00011975951201748103,0.00038519519148394465,2.8847043722635135e-05
pythia-410m,draw_2,very_high,10,0.0015464863972738385,0.007797758560627699,0.00017377667245455086
pythia-410m,draw_2,very_high,11,0.013305231928825378,0.052245769649744034,0.002253672108054161
pythia-410m,draw_2,very_high,12,0.008070738054811954,0.05636553838849068,0.0008932572090998292
pythia-410m,draw_2,very_high,13,0.007471071556210518,0.045362964272499084,0.0007711327634751797
pythia-410m,draw_2,very_high,14,0.007127266842871904,0.03297821059823036,0.000945582112763077
pythia-410m,draw_2,very_high,15,0.03939717262983322,0.10980407893657684,0.0039638858288526535
pythia-410m,draw_2,very_high,16,0.39994779229164124,0.33514827489852905,0.3596647083759308
pythia-410m,draw_2,very_high,17,0.540201723575592,0.34931284189224243,0.6376069188117981
pythia-410m,draw_2,very_high,18,0.6926332116127014,0.3429230749607086,0.8677536249160767
pythia-410m,draw_2,very_high,19,0.8243113160133362,0.26995164155960083,0.9601473808288574
pythia-410m,draw_2,very_high,20,0.8861528038978577,0.22219720482826233,0.9783635139465332
pythia-410m,draw_2,very_high,21,0.9196873903274536,0.17664241790771484,0.9855958223342896
pythia-410m,draw_2,very_high,22,0.9565104842185974,0.12401576340198517,0.9965612292289734
pythia-410m,draw_2,very_high,23,0.9750543832778931,0.0754847377538681,0.9979773163795471
pythia-410m,draw_2,control,0,2.8861431928817183e-05,4.549375080387108e-05,1.6844156562001444e-05
pythia-410m,draw_2,control,1,3.0834849894745275e-05,5.169976793695241e-05,1.1126930075988639e-05
pythia-410m,draw_2,control,2,3.20204344461672e-05,6.721143290633336e-05,8.502800483256578e-06
pythia-410m,draw_2,control,3,3.4955930459545925e-05,8.415661432081833e-05,8.79415892995894e-06
pythia-410m,draw_2,control,4,4.3001298763556406e-05,0.0001236903917742893,8.903582056518644e-06
pythia-410m,draw_2,control,5,5.4537918913410977e-05,0.00013693838263861835,1.485351640440058e-05
pythia-410m,draw_2,control,6,7.9828649177216e-05,0.0003071172977797687,1.6684025467839092e-05
pythia-410m,draw_2,control,7,7.01264725648798e-05,0.0001614503562450409,1.5122316654014867e-05
pythia-410m,draw_2,control,8,8.520819392288104e-05,0.00021653797011822462,1.627511483093258e-05
pythia-410m,draw_2,control,9,0.00012144113861722872,0.0004395892028696835,2.2461825210484676e-05
pythia-410m,draw_2,control,10,0.0012324439594522119,0.0035833551082760096,0.00014171969087328762
pythia-410m,draw_2,control,11,0.013404043391346931,0.039365120232105255,0.0017421434167772532
pythia-410m,draw_2,control,12,0.005956408102065325,0.016013406217098236,0.0008892318583093584
pythia-410m,draw_2,control,13,0.006716217380017042,0.016794750466942787,0.0009593731956556439
pythia-410m,draw_2,control,14,0.009084445424377918,0.03459016978740692,0.0012513353722169995
pythia-410m,draw_2,control,15,0.024257363751530647,0.06609299033880234,0.0036232732236385345
pythia-410m,draw_2,control,16,0.38554275035858154,0.33300793170928955,0.314540833234787
pythia-410m,draw_2,control,17,0.5765992403030396,0.3426322937011719,0.6400452852249146
pythia-410m,draw_2,control,18,0.7135229110717773,0.3206453025341034,0.8442416787147522
pythia-410m,draw_2,control,19,0.823089063167572,0.2587970197200775,0.9423472881317139
pythia-410m,draw_2,control,20,0.8759943842887878,0.20619846880435944,0.9730129241943359
pythia-410m,draw_2,control,21,0.9195088744163513,0.16009369492530823,0.9822429418563843
pythia-410m,draw_2,control,22,0.9571914076805115,0.11835534870624542,0.9949091076850891
pythia-410m,draw_2,control,23,0.9779725670814514,0.06760594993829727,0.9974811673164368
pythia-410m,draw_3,low,0,1.3328774002729915e-05,1.9081224309047684e-05,6.842436050646938e-06
pythia-410m,draw_3,low,1,1.077847718988778e-05,1.807861372071784e-05,5.2770287766179536e-06
pythia-410m,draw_3,low,2,9.354502253700048e-06,2.007717193919234e-05,3.2329965051758336e-06
pythia-410m,draw_3,low,3,8.673497177369427e-06,1.9890041585313156e-05,2.210480715802987e-06
pythia-410m,draw_3,low,4,8.739729310036637e-06,2.021010914177168e-05,2.4626108370284783e-06
pythia-410m,draw_3,low,5,7.734340215392876e-06,1.5486784832319245e-05,2.1484813714778284e-06
pythia-410m,draw_3,low,6,8.915259058994707e-06,2.144061181752477e-05,2.3241370854520937e-06
pythia-410m,draw_3,low,7,1.4040680980542675e-05,2.9970737159601413e-05,3.5319753806106746e-06
pythia-410m,draw_3,low,8,2.3764076104271226e-05,8.125920430757105e-05,5.318615876603872e-06
pythia-410m,draw_3,low,9,2.7902018700842746e-05,0.00010932151781162247,5.987571057630703e-06
pythia-410m,draw_3,low,10,0.00017008943541441113,0.000538535590749234,4.47810125479009e-05
pythia-410m,draw_3,low,11,0.003999818116426468,0.02216281369328499,0.0006374846561811864
pythia-410m,draw_3,low,12,0.003445899812504649,0.01979842409491539,0.000477688095998019
pythia-410m,draw_3,low,13,0.006478970870375633,0.03514980897307396,0.0005789417191408575
pythia-410m,draw_3,low,14,0.004825353156775236,0.022223804146051407,0.000819775159470737
pythia-410m,draw_3,low,15,0.008850936777889729,0.041703902184963226,0.001314872526563704
pythia-410m,draw_3,low,16,0.09317728877067566,0.17823085188865662,0.017131758853793144
pythia-410m,draw_3,low,17,0.24863651394844055,0.2904289662837982,0.1034589484333992
pythia-410m,draw_3,low,18,0.5223240256309509,0.35236290097236633,0.5347861051559448
pythia-410m,draw_3,low,19,0.488546222448349,0.36066266894340515,0.4558383524417877
pythia-410m,draw_3,low,20,0.4985337257385254,0.3610856831073761,0.48214736580848694
pythia-410m,draw_3,low,21,0.6305493116378784,0.32846301794052124,0.7477301359176636
pythia-410m,draw_3,low,22,0.8792470693588257,0.19871658086776733,0.9721970558166504
pythia-410m,draw_3,low,23,0.9666619896888733,0.10402077436447144,0.9952097535133362
pythia-410m,draw_3,medium,0,2.084613333863672e-05,5.76967686356511e-05,1.084757695934968e-05
pythia-410m,draw_3,medium,1,1.8236074538435787e-05,6.337214290397242e-05,8.322904250235297e-06
pythia-410m,draw_3,medium,2,1.6241656339843757e-05,6.863442831672728e-05,6.037425464455737e-06
pythia-410m,draw_3,medium,3,1.4148822629067581e-05,5.644672273774631e-05,4.750513198814588e-06
pythia-410m,draw_3,medium,4,1.5436231478815898e-05,6.342670531012118e-05,5.064802280685399e-06
pythia-410m,draw_3,medium,5,1.2939525731781032e-05,2.166990452678874e-05,5.508677077159518e-06
pythia-410m,draw_3,medium,6,1.4904402632964775e-05,2.3337592210737057e-05,5.914281246077735e-06
pythia-410m,draw_3,medium,7,2.359018435527105e-05,4.859633190790191e-05,7.033204383333214e-06
pythia-410m,draw_3,medium,8,4.4009149860357866e-05,0.0002231910766568035,7.090454801073065e-06
pythia-410m,draw_3,medium,9,5.075157241662964e-05,0.0002219516463810578,8.640205123811029e-06
pythia-410m,draw_3,medium,10,0.0003419322893023491,0.0017032199539244175,6.755921640433371e-05
pythia-410m,draw_3,medium,11,0.004039853345602751,0.013166460208594799,0.0007017857860773802
pythia-410m,draw_3,medium,12,0.0026602325960993767,0.007955171167850494,0.000431242398917675
pythia-410m,draw_3,medium,13,0.0035854014568030834,0.011238611303269863,0.0003907305363100022
pythia-410m,draw_3,medium,14,0.0034683099947869778,0.01655169203877449,0.0006495803827419877
pythia-410m,draw_3,medium,15,0.00784288626164198,0.030810190364718437,0.0015098251169547439
pythia-410m,draw_3,medium,16,0.12574252486228943,0.20482678711414337,0.03346288204193115
pythia-410m,draw_3,medium,17,0.29745054244995117,0.30610907077789307,0.154183492064476
pythia-410m,draw_3,medium,18,0.5334876179695129,0.34580543637275696,0.55312180519104
pythia-410m,draw_3,medium,19,0.5890683531761169,0.33631932735443115,0.6476098299026489
pythia-410m,draw_3,medium,20,0.6249720454216003,0.34193018078804016,0.7417043447494507
pythia-410m,draw_3,medium,21,0.7505708932876587,0.2900881767272949,0.8786730170249939
pythia-410m,draw_3,medium,22,0.9215088486671448,0.15348045527935028,0.9812567830085754
pythia-410m,draw_3,medium,23,0.9693194627761841,0.08630477637052536,0.995652437210083
pythia-410m,draw_3,high,0,2.9103006454533897e-05,4.2920153646264225e-05,1.538025935587939e-05
pythia-410m,draw_3,high,1,2.9102286134730093e-05,6.444930477300659e-05,1.0287110853823833e-05
pythia-410m,draw_3,high,2,2.7750558729167096e-05,7.855218427721411e-05,7.050212389003718e-06
pythia-410m,draw_3,high,3,2.7816293368232436e-05,6.589082477148622e-05,6.835715339548187e-06
pythia-410m,draw_3,high,4,2.7918422347283922e-05,6.185359234223142e-05,7.093628028087551e-06
pythia-410m,draw_3,high,5,4.1268824134022e-05,0.00012089368101442233,1.0574374755378813e-05
pythia-410m,draw_3,high,6,5.005963976145722e-05,0.0001742378226481378,1.3202058653405402e-05
pythia-410m,draw_3,high,7,0.00016803271137177944,0.0017524845898151398,1.3000125363760162e-05
pythia-410m,draw_3,high,8,0.00016702963330317289,0.0013109311694279313,1.512084054411389e-05
pythia-410m,draw_3,high,9,0.00020107511954847723,0.0012841885909438133,2.046811096079182e-05
pythia-410m,draw_3,high,10,0.0010692664654925466,0.0072912066243588924,0.00013425741053652018
pythia-410m,draw_3,high,11,0.0066636730916798115,0.021646851673722267,0.0014974779915064573
pythia-410m,draw_3,high,12,0.003635802771896124,0.01509104110300541,0.0007589820306748152
pythia-410m,draw_3,high,13,0.004839655477553606,0.016452301293611526,0.0008991144713945687
pythia-410m,draw_3,high,14,0.004263238050043583,0.010286856442689896,0.001067340257577598
pythia-410m,draw_3,high,15,0.01825655810534954,0.059352923184633255,0.0027418681420385838
pythia-410m,draw_3,high,16,0.28414905071258545,0.29862967133522034,0.16792958974838257
pythia-410m,draw_3,high,17,0.4728679656982422,0.3423077166080475,0.4395581781864166
pythia-410m,draw_3,high,18,0.6900269985198975,0.31232699751853943,0.8121293783187866
pythia-410m,draw_3,high,19,0.7845418453216553,0.27054542303085327,0.9221534729003906
pythia-410m,draw_3,high,20,0.8370110392570496,0.2320195585489273,0.9512805938720703
pythia-410m,draw_3,high,21,0.9085450172424316,0.1692202091217041,0.9750505089759827
pythia-410m,draw_3,high,22,0.9599998593330383,0.12490124255418777,0.9945598244667053
pythia-410m,draw_3,high,23,0.9736208915710449,0.1100897267460823,0.9983269572257996
pythia-410m,draw_3,very_high,0,3.406745599932037e-05,4.4444175728131086e-05,1.7388229025527835e-05
pythia-410m,draw_3,very_high,1,3.56687160092406e-05,7.367319631157443e-05,1.4342400390887633e-05
pythia-410m,draw_3,very_high,2,3.636481778812595e-05,0.00010171741450903937,1.2110883290006313e-05
pythia-410m,draw_3,very_high,3,3.613697117543779e-05,8.088826871244237e-05,1.3274333468871191e-05
pythia-410m,draw_3,very_high,4,3.9125450712163e-05,8.63658933667466e-05,1.2787695595761761e-05
pythia-410m,draw_3,very_high,5,6.987281085457653e-05,0.00013629267050419003,2.4699735149624757e-05
pythia-410m,draw_3,very_high,6,9.686937119113281e-05,0.0001910951395984739,2.5961644496419467e-05
pythia-410m,draw_3,very_high,7,7.903552614152431e-05,0.0001809489040169865,2.1233412553556263e-05
pythia-410m,draw_3,very_high,8,8.403944229939952e-05,0.0002180130104534328,1.684380004007835e-05
pythia-410m,draw_3,very_high,9,0.00016387381765525788,0.000487491546664387,2.4252769435406663e-05
pythia-410m,draw_3,very_high,10,0.002057845937088132,0.006749542895704508,0.0001642002898734063
pythia-410m,draw_3,very_high,11,0.016329066827893257,0.04768282547593117,0.0015488207573071122
pythia-410m,draw_3,very_high,12,0.006253244820982218,0.022106150165200233,0.0006331460317596793
pythia-410m,draw_3,very_high,13,0.0078027984127402306,0.026375826448202133,0.0005548103363253176
pythia-410m,draw_3,very_high,14,0.007939958944916725,0.03600060194730759,0.0008093611686490476
pythia-410m,draw_3,very_high,15,0.027367345988750458,0.0751967504620552,0.003769675502553582
pythia-410m,draw_3,very_high,16,0.41991862654685974,0.3336241841316223,0.4210071563720703
pythia-410m,draw_3,very_high,17,0.5804284811019897,0.3422265946865082,0.6415279507637024
pythia-410m,draw_3,very_high,18,0.7361189723014832,0.31721416115760803,0.8923179507255554
pythia-410m,draw_3,very_high,19,0.8277484774589539,0.271271675825119,0.9601715803146362
pythia-410m,draw_3,very_high,20,0.8814890384674072,0.22832639515399933,0.9826232194900513
pythia-410m,draw_3,very_high,21,0.9233933091163635,0.17194049060344696,0.9870251417160034
pythia-410m,draw_3,very_high,22,0.9605042934417725,0.12264291942119598,0.9964014291763306
pythia-410m,draw_3,very_high,23,0.9792097806930542,0.0619991235435009,0.9980875849723816
pythia-410m,draw_3,control,0,3.212003502994776e-05,3.729785748873837e-05,1.8047512639896013e-05
pythia-410m,draw_3,control,1,3.306138751213439e-05,5.97022553847637e-05,1.3618117009173147e-05
pythia-410m,draw_3,control,2,3.492326504783705e-05,9.78361422312446e-05,1.0276688044541515e-05
pythia-410m,draw_3,control,3,4.8081783461384475e-05,0.00017852797464001924,8.726271516934503e-06
pythia-410m,draw_3,control,4,6.838653644081205e-05,0.00038125866558402777,1.0336083505535498e-05
pythia-410m,draw_3,control,5,7.346540951402858e-05,0.0002758202899713069,1.4037942491995636e-05
pythia-410m,draw_3,control,6,8.254355634562671e-05,0.00026765585062094033,1.806588079489302e-05
pythia-410m,draw_3,control,7,0.00016408682859037071,0.001404722803272307,1.6735033568693325e-05
pythia-410m,draw_3,control,8,8.725402585696429e-05,0.00043504525092430413,1.279494335904019e-05
pythia-410m,draw_3,control,9,0.00010978960926877335,0.0005347967962734401,2.0956282241968438e-05
pythia-410m,draw_3,control,10,0.0009464385802857578,0.0023529387544840574,0.0001512498129159212
pythia-410m,draw_3,control,11,0.012772875837981701,0.04379550740122795,0.0019955849274992943
pythia-410m,draw_3,control,12,0.007176071871072054,0.028026428073644638,0.0007816684083081782
pythia-410m,draw_3,control,13,0.006996957119554281,0.020916765555739403,0.0007018563337624073
pythia-410m,draw_3,control,14,0.005734073929488659,0.018490009009838104,0.0011102749267593026
pythia-410m,draw_3,control,15,0.026516858488321304,0.07070618122816086,0.003469914197921753
pythia-410m,draw_3,control,16,0.3903668224811554,0.32600024342536926,0.2710392475128174
pythia-410m,draw_3,control,17,0.5490825772285461,0.34306445717811584,0.5908952951431274
pythia-410m,draw_3,control,18,0.7050023674964905,0.31985989212989807,0.8549880385398865
pythia-410m,draw_3,control,19,0.8108012080192566,0.280208021402359,0.9484332799911499
pythia-410m,draw_3,control,20,0.8565696477890015,0.24857909977436066,0.9760446548461914
pythia-410m,draw_3,control,21,0.9019907712936401,0.20758716762065887,0.9875184893608093
pythia-410m,draw_3,control,22,0.9443309307098389,0.15843640267848969,0.9965537786483765
pythia-410m,draw_3,control,23,0.9672713279724121,0.1145523190498352,0.9982438087463379
pythia-1b,draw_1,low,0,1.2665285794355441e-05,2.6305404389859177e-05,5.578338459599763e-06
pythia-1b,draw_1,low,1,1.0346720955567434e-05,2.1231568098301068e-05,3.785230092034908e-06
pythia-1b,draw_1,low,2,1.1909293789358344e-05,3.2746800570748746e-05,4.388265551824588e-06
pythia-1b,draw_1,low,3,1.3273356671561487e-05,6.295470666373149e-05,2.8740876132360427e-06
pythia-1b,draw_1,low,4,2.7628891984932125e-05,7.346303027588874e-05,4.649846232496202e-06
pythia-1b,draw_1,low,5,2.0307183149270713e-05,6.744297570548952e-05,2.9647487735928735e-06
pythia-1b,draw_1,low,6,2.4205826775869355e-05,0.00010585216659819707,1.927148105096421e-06
pythia-1b,draw_1,low,7,0.005880141630768776,0.04691634327173233,8.968664769781753e-05
pythia-1b,draw_1,low,8,0.005139517597854137,0.034702517092227936,0.0001504465617472306
pythia-1b,draw_1,low,9,0.003592698834836483,0.02477884106338024,8.415537740802392e-05
pythia-1b,draw_1,low,10,0.22953584790229797,0.33282679319381714,0.022875968366861343
pythia-1b,draw_1,low,11,0.7971211671829224,0.33242735266685486,0.9871149063110352
pythia-1b,draw_1,low,12,0.8411291241645813,0.2944372296333313,0.9897706508636475
pythia-1b,draw_1,low,13,0.8037493228912354,0.3289661705493927,0.9857255220413208
pythia-1b,draw_1,low,14,0.9370880722999573,0.212525874376297,0.999982476234436
pythia-1b,draw_1,low,15,0.9819716811180115,0.11829045414924622,1.0
pythia-1b,draw_1,medium,0,2.036910518654622e-05,3.19579521601554e-05,1.0305273463018239e-05
pythia-1b,draw_1,medium,1,2.0770004994119518e-05,3.3477041142759845e-05,7.956151421240065e-06
pythia-1b,draw_1,medium,2,2.067654531856533e-05,3.992922938778065e-05,6.9848688326601405e-06
pythia-1b,draw_1,medium,3,1.9624261767603457e-05,4.3120046029798687e-05,4.739241830975516e-06
pythia-1b,draw_1,medium,4,6.106662476668134e-05,0.0002071081689791754,7.988849574758206e-06
pythia-1b,draw_1,medium,5,2.6072515538544394e-05,6.0252925322856754e-05,4.184395947959274e-06
pythia-1b,draw_1,medium,6,6.748225132469088e-05,0.00041842367500066757,3.1016525099403225e-06
pythia-1b,draw_1,medium,7,0.008172398433089256,0.03757402300834656,0.0003285566344857216
pythia-1b,draw_1,medium,8,0.007242586929351091,0.033507201820611954,0.00024231644056271762
pythia-1b,draw_1,medium,9,0.011067603714764118,0.07279254496097565,0.00018916645785793662
pythia-1b,draw_1,medium,10,0.361605703830719,0.37851566076278687,0.1759614199399948
pythia-1b,draw_1,medium,11,0.8742494583129883,0.255814790725708,0.9945828318595886
pythia-1b,draw_1,medium,12,0.9178557395935059,0.2048845887184143,0.9985308647155762
pythia-1b,draw_1,medium,13,0.9130473732948303,0.2202814221382141,0.999213695526123
pythia-1b,draw_1,medium,14,0.9870971441268921,0.07765647768974304,0.9999979734420776
pythia-1b,draw_1,medium,15,0.9997305870056152,0.0037097518797963858,1.0
pythia-1b,draw_1,high,0,4.222976713208482e-05,8.516386151313782e-05,2.0861900338786654e-05
pythia-1b,draw_1,high,1,3.915526394848712e-05,6.0107307945145294e-05,1.771817733242642e-05
pythia-1b,draw_1,high,2,4.104777326574549e-05,9.456904808757827e-05,1.815969153540209e-05
pythia-1b,draw_1,high,3,3.405662937439047e-05,7.536118209827691e-05,1.0869590369111393e-05
pythia-1b,draw_1,high,4,0.00011425982665969059,0.00036619367892853916,2.1128338630660437e-05
pythia-1b,draw_1,high,5,0.0001546224084449932,0.0014824126847088337,1.063884610630339e-05
pythia-1b,draw_1,high,6,0.00010420300532132387,0.0003932276158593595,9.479377695242874e-06
pythia-1b,draw_1,high,7,0.036546241492033005,0.11412115395069122,0.0017623987514525652
pythia-1b,draw_1,high,8,0.020658107474446297,0.0762864202260971,0.0007924200035631657
pythia-1b,draw_1,high,9,0.02576856128871441,0.09868181496858597,0.0005316950264386833
pythia-1b,draw_1,high,10,0.3780882656574249,0.3748622536659241,0.2554949223995209
pythia-1b,draw_1,high,11,0.8509408235549927,0.2654551863670349,0.9880556464195251
pythia-1b,draw_1,high,12,0.9417967200279236,0.18097200989723206,0.9990641474723816
pythia-1b,draw_1,high,13,0.939154326915741,0.20922353863716125,0.999866247177124
pythia-1b,draw_1,high,14,0.9858783483505249,0.0975802019238472,0.999998927116394
pythia-1b,draw_1,high,15,0.993573784828186,0.07101526856422424,1.0
pythia-1b,draw_1,very_high,0,4.8631954996380955e-05,6.700224912492558e-05,2.7988857254968025e-05
pythia-1b,draw_1,very_high,1,4.9533453420735896e-05,5.6794284319039434e-05,3.01685395243112e-05
pythia-1b,draw_1,very_high,2,5.1154285756638274e-05,7.11760512785986e-05,2.3402073566103354e-05
pythia-1b,draw_1,very_high,3,5.064515062258579e-05,7.922594522824511e-05,2.0203144231345505e-05
pythia-1b,draw_1,very_high,4,9.447160846320912e-05,0.00016143202083185315,3.951616963604465e-05
pythia-1b,draw_1,very_high,5,7.260916027007625e-05,0.00024819112149998546,1.306310878135264e-05
pythia-1b,draw_1,very_high,6,0.0001249729102710262,0.0005318208131939173,1.2218561096233316e-05
pythia-1b,draw_1,very_high,7,0.08491472154855728,0.18108583986759186,0.011157751083374023
pythia-1b,draw_1,very_high,8,0.050970982760190964,0.13478407263755798,0.0037714699283242226
pythia-1b,draw_1,very_high,9,0.04908183962106705,0.14856088161468506,0.002090213354676962
pythia-1b,draw_1,very_high,10,0.41447877883911133,0.3636021316051483,0.3257739543914795
pythia-1b,draw_1,very_high,11,0.8586316108703613,0.2426619976758957,0.9748902320861816
pythia-1b,draw_1,very_high,12,0.9520835876464844,0.1414674073457718,0.9993461966514587
pythia-1b,draw_1,very_high,13,0.9589967131614685,0.16047435998916626,0.9999449253082275
pythia-1b,draw_1,very_high,14,0.9889649152755737,0.08998928219079971,0.9999997615814209
pythia-1b,draw_1,very_high,15,0.9966563582420349,0.03888636827468872,1.0
pythia-1b,draw_1,control,0,5.973783481749706e-05,0.00011521497799549252,2.6449732104083523e-05
pythia-1b,draw_1,control,1,6.853968079667538e-05,0.00014601493603549898,2.6179555788985454e-05
pythia-1b,draw_1,control,2,7.158001972129568e-05,0.00013915325689595193,2.2373540559783578e-05
pythia-1b,draw_1,control,3,7.398283196380362e-05,0.0002208375371992588,2.0653273168136366e-05
pythia-1b,draw_1,control,4,0.0002441637043375522,0.001213755807839334,3.110738180112094e-05
pythia-1b,draw_1,control,5,0.00011064919817727059,0.0004930316936224699,1.360914575343486e-05
pythia-1b,draw_1,control,6,0.00013087668048683554,0.0007582208490930498,1.0928492883977015e-05
pythia-1b,draw_1,control,7,0.05989980325102806,0.13604113459587097,0.006223563104867935
pythia-1b,draw_1,control,8,0.042864974588155746,0.11907560378313065,0.0025978623889386654
pythia-1b,draw_1,control,9,0.03485037386417389,0.09920113533735275,0.002067554509267211
pythia-1b,draw_1,control,10,0.41410505771636963,0.35366180539131165,0.32330214977264404
pythia-1b,draw_1,control,11,0.8442033529281616,0.2597322463989258,0.9790576696395874
pythia-1b,draw_1,control,12,0.9676627516746521,0.11468900740146637,0.9988473653793335
pythia-1b,draw_1,control,13,0.9537615180015564,0.17084448039531708,0.9999332427978516
pythia-1b,draw_1,control,14,0.9925270080566406,0.06529128551483154,0.9999996423721313
pythia-1b,draw_1,control,15,0.9995480179786682,0.004020801745355129,1.0
pythia-1b,draw_2,low,0,1.430740758223692e-05,2.9022136004641652e-05,5.463286925078137e-06
pythia-1b,draw_2,low,1,1.2454196621547453e-05,2.7454563678475097e-05,4.357260422693798e-06
pythia-1b,draw_2,low,2,1.47132750498713e-05,4.543588147498667e-05,4.164196070632897e-06
pythia-1b,draw_2,low,3,1.2164341569587123e-05,3.178096085321158e-05,2.8811127776862122e-06
pythia-1b,draw_2,low,4,2.654603849805426e-05,6.569610559381545e-05,4.815232841792749e-06
pythia-1b,draw_2,low,5,2.209429112554062e-05,6.051103991921991e-05,4.889135652774712e-06
pythia-1b,draw_2,low,6,1.6972018784144893e-05,7.040977652650326e-05,1.9212361621612217e-06
pythia-1b,draw_2,low,7,0.0012141948100179434,0.006396258715540171,5.2763669373234734e-05
pythia-1b,draw_2,low,8,0.002632305957376957,0.011257989332079887,0.00012459905701689422
pythia-1b,draw_2,low,9,0.003231870708987117,0.01907636597752571,7.909909618319944e-05
pythia-1b,draw_2,low,10,0.259893536567688,0.32951638102531433,0.07969781756401062
pythia-1b,draw_2,low,11,0.8424422144889832,0.29282915592193604,0.99094557762146
pythia-1b,draw_2,low,12,0.8635218739509583,0.2711382210254669,0.994827926158905
pythia-1b,draw_2,low,13,0.8444563746452332,0.30485913157463074,0.9951717257499695
pythia-1b,draw_2,low,14,0.9724096655845642,0.13975682854652405,0.9999865293502808
pythia-1b,draw_2,low,15,0.982010006904602,0.11774538457393646,1.0
pythia-1b,draw_2,medium,0,1.8423083020024933e-05,2.527917422412429e-05,9.821118510444649e-06
pythia-1b,draw_2,medium,1,1.7225822375621647e-05,2.688808490347583e-05,7.560414815088734e-06
pythia-1b,draw_2,medium,2,1.6343252355000004e-05,2.5715517040225677e-05,7.255495347635588e-06
pythia-1b,draw_2,medium,3,1.464446268073516e-05,3.2165058655664325e-05,5.1468118726916146e-06
pythia-1b,draw_2,medium,4,3.257388743804768e-05,7.93222279753536e-05,6.934167231520405e-06
pythia-1b,draw_2,medium,5,2.6381409043096937e-05,7.382655167020857e-05,4.646080469683511e-06
pythia-1b,draw_2,medium,6,7.442158675985411e-05,0.0009075852576643229,2.7642788609227864e-06
pythia-1b,draw_2,medium,7,0.007804074790328741,0.047107845544815063,0.0001748167269397527
pythia-1b,draw_2,medium,8,0.007361019495874643,0.04098447412252426,0.00023512160987593234
pythia-1b,draw_2,medium,9,0.007399904541671276,0.042496759444475174,0.00014881466631777585
pythia-1b,draw_2,medium,10,0.3022920787334442,0.3405250906944275,0.11179221421480179
pythia-1b,draw_2,medium,11,0.8817946910858154,0.2353377491235733,0.9892498254776001
pythia-1b,draw_2,medium,12,0.908074140548706,0.2282078117132187,0.9977680444717407
pythia-1b,draw_2,medium,13,0.9014573097229004,0.23534083366394043,0.9987140893936157
pythia-1b,draw_2,medium,14,0.9711796045303345,0.1496793031692505,0.9999969005584717
pythia-1b,draw_2,medium,15,0.9892855882644653,0.09293967485427856,1.0
pythia-1b,draw_2,high,0,4.058500053361058e-05,5.635288107441738e-05,2.3592763682245277e-05
pythia-1b,draw_2,high,1,4.313089084462263e-05,6.488623330369592e-05,1.850814078352414e-05
pythia-1b,draw_2,high,2,4.817957596969791e-05,9.08064903342165e-05,1.7584405213710852e-05
pythia-1b,draw_2,high,3,3.9463538996642455e-05,7.320156873902306e-05,1.2382308341329917e-05
pythia-1b,draw_2,high,4,7.618931704200804e-05,0.00015170787810347974,2.213379048043862e-05
pythia-1b,draw_2,high,5,6.951043906155974e-05,0.000177139911102131,1.1571702088986058e-05
pythia-1b,draw_2,high,6,9.454174141865224e-05,0.0005819423822686076,7.905990059953183e-06
pythia-1b,draw_2,high,7,0.03011223115026951,0.10482041537761688,0.0010699216509237885
pythia-1b,draw_2,high,8,0.021417029201984406,0.08181694149971008,0.0008939083199948072
pythia-1b,draw_2,high,9,0.016296766698360443,0.07321537286043167,0.0007847807719372213
pythia-1b,draw_2,high,10,0.36189526319503784,0.3523295819759369,0.23239561915397644
pythia-1b,draw_2,high,11,0.8521668910980225,0.260654479265213,0.9781855344772339
pythia-1b,draw_2,high,12,0.9568416476249695,0.13195094466209412,0.9989657402038574
pythia-1b,draw_2,high,13,0.9547238349914551,0.1525331437587738,0.9998950958251953
pythia-1b,draw_2,high,14,0.9844876527786255,0.10535917431116104,0.9999994039535522
pythia-1b,draw_2,high,15,0.993198037147522,0.07298385351896286,1.0
pythia-1b,draw_2,very_high,0,5.881608376512304e-05,6.178438343340531e-05,3.683570321300067e-05
pythia-1b,draw_2,very_high,1,6.732794281560928e-05,7.966248813318089e-05,3.4371747460681945e-05
pythia-1b,draw_2,very_high,2,6.920178566360846e-05,9.083009354071692e-05,3.369248588569462e-05
pythia-1b,draw_2,very_high,3,6.254214531509206e-05,0.00010497552284505218,2.3957112716743723e-05
pythia-1b,draw_2,very_high,4,0.00015352653281297535,0.0002751293941400945,5.5097560107242316e-05
pythia-1b,draw_2,very_high,5,0.00010993223986588418,0.0002573597594164312,2.4909793864935637e-05
pythia-1b,draw_2,very_high,6,0.00013328179193194956,0.0005724105285480618,2.1216397726675496e-05
pythia-1b,draw_2,very_high,7,0.054015953093767166,0.1370285600423813,0.006740277633070946
pythia-1b,draw_2,very_high,8,0.03424462303519249,0.09512767195701599,0.0032853882294148207
pythia-1b,draw_2,very_high,9,0.039051447063684464,0.12404371052980423,0.003383761504665017
pythia-1b,draw_2,very_high,10,0.42368564009666443,0.3456360101699829,0.3723059594631195
pythia-1b,draw_2,very_high,11,0.8265777826309204,0.27303382754325867,0.9638606905937195
pythia-1b,draw_2,very_high,12,0.9537940621376038,0.1440906971693039,0.998956561088562
pythia-1b,draw_2,very_high,13,0.9661456346511841,0.14484351873397827,0.999935507774353
pythia-1b,draw_2,very_high,14,0.9836263060569763,0.09494759887456894,0.9999997615814209
pythia-1b,draw_2,very_high,15,0.9947929382324219,0.043705012649297714,1.0
pythia-1b,draw_2,control,0,5.106179742142558e-05,6.487969949375838e-05,2.8639764423132874e-05
pythia-1b,draw_2,control,1,6.775472138542682e-05,0.00013579621736425906,2.8898726668558083e-05
pythia-1b,draw_2,control,2,7.731393270660192e-05,0.00016686070011928678,2.3232352759805508e-05
pythia-1b,draw_2,control,3,7.254422234836966e-05,0.00021538682631216943,1.5551964679616503e-05
pythia-1b,draw_2,control,4,0.00011943876597797498,0.0002766592369880527,3.910128361894749e-05
pythia-1b,draw_2,control,5,7.300043944269419e-05,0.00014650021330453455,1.9657800294226035e-05
pythia-1b,draw_2,control,6,6.796851812396199e-05,0.00018214998999610543,1.1817034646810498e-05
pythia-1b,draw_2,control,7,0.04276573285460472,0.10838606208562851,0.005106429569423199
pythia-1b,draw_2,control,8,0.022624611854553223,0.062010448426008224,0.002313048578798771
pythia-1b,draw_2,control,9,0.04152025282382965,0.12554262578487396,0.002680274425074458
pythia-1b,draw_2,control,10,0.4233928620815277,0.3694531321525574,0.3578203618526459
pythia-1b,draw_2,control,11,0.8322293162345886,0.2725832760334015,0.9818072319030762
pythia-1b,draw_2,control,12,0.9504453539848328,0.15210358798503876,0.9990140199661255
pythia-1b,draw_2,control,13,0.9441814422607422,0.18229612708091736,0.9998972415924072
pythia-1b,draw_2,control,14,0.9859640598297119,0.08563195168972015,0.9999996423721313
pythia-1b,draw_2,control,15,0.997161328792572,0.04011647030711174,1.0
pythia-1b,draw_3,low,0,1.3315891010279302e-05,2.3179227355285548e-05,5.6888238759711385e-06
pythia-1b,draw_3,low,1,1.2316417269175872e-05,2.585518086561933e-05,3.987984200648498e-06
pythia-1b,draw_3,low,2,1.2008092198811937e-05,2.5593213649699464e-05,3.9270726119866595e-06
pythia-1b,draw_3,low,3,9.592368769517634e-06,2.1568257579929195e-05,2.576260158093646e-06
pythia-1b,draw_3,low,4,1.989532756851986e-05,4.7386609367094934e-05,4.4312901081866585e-06
pythia-1b,draw_3,low,5,6.175769522087649e-05,0.0004024475929327309,3.990898221672978e-06
pythia-1b,draw_3,low,6,2.5319031919934787e-05,0.00012366342707537115,1.7596101997696678e-06
pythia-1b,draw_3,low,7,0.009127248078584671,0.06510475277900696,0.00011543038272066042
pythia-1b,draw_3,low,8,0.006859717424958944,0.05270788446068764,0.00012221351789776236
pythia-1b,draw_3,low,9,0.006564913783222437,0.05019542947411537,9.017141564982012e-05
pythia-1b,draw_3,low,10,0.28462743759155273,0.3486664891242981,0.07927201688289642
pythia-1b,draw_3,low,11,0.8585305213928223,0.26052114367485046,0.9897055625915527
pythia-1b,draw_3,low,12,0.8600699305534363,0.27379074692726135,0.9936379790306091
pythia-1b,draw_3,low,13,0.8211071491241455,0.3143515884876251,0.9895249605178833
pythia-1b,draw_3,low,14,0.9709774851799011,0.13093282282352448,0.9999754428863525
pythia-1b,draw_3,low,15,0.9910609126091003,0.06908436119556427,1.0
pythia-1b,draw_3,medium,0,1.8442295186105184e-05,3.3340205845888704e-05,9.040187251230236e-06
pythia-1b,draw_3,medium,1,1.8259624994243495e-05,3.859627395286225e-05,7.6831556725665e-06
pythia-1b,draw_3,medium,2,2.0842664525844157e-05,7.099539652699605e-05,6.697439403069438e-06
pythia-1b,draw_3,medium,3,1.4183059647621121e-05,2.7453283109935e-05,4.407095730130095e-06
pythia-1b,draw_3,medium,4,3.2610878406558186e-05,9.745779243530706e-05,7.484009529434843e-06
pythia-1b,draw_3,medium,5,4.836262087337673e-05,0.00016079595661722124,5.93882532484713e-06
pythia-1b,draw_3,medium,6,3.725454371306114e-05,0.00016426692309323698,2.702739266169374e-06
pythia-1b,draw_3,medium,7,0.006096756551414728,0.0468863919377327,0.0001747410133248195
pythia-1b,draw_3,medium,8,0.004056847188621759,0.02301882766187191,0.00014779754565097392
pythia-1b,draw_3,medium,9,0.007120464462786913,0.05367474630475044,0.000154841152834706
pythia-1b,draw_3,medium,10,0.36733001470565796,0.36836138367652893,0.23861530423164368
pythia-1b,draw_3,medium,11,0.863198459148407,0.2540125846862793,0.9873965382575989
pythia-1b,draw_3,medium,12,0.8888351917266846,0.23851360380649567,0.9939125776290894
pythia-1b,draw_3,medium,13,0.8829947710037231,0.25457829236984253,0.996667206287384
pythia-1b,draw_3,medium,14,0.9760538339614868,0.12543806433677673,0.9999948740005493
pythia-1b,draw_3,medium,15,0.9901144504547119,0.09412695467472076,1.0
pythia-1b,draw_3,high,0,3.464537803665735e-05,4.0071354305837303e-05,2.1008385374443606e-05
pythia-1b,draw_3,high,1,3.256861964473501e-05,4.053639713674784e-05,2.061192390101496e-05
pythia-1b,draw_3,high,2,3.623378506745212e-05,5.6162141845561564e-05,1.9708708350663073e-05
pythia-1b,draw_3,high,3,3.686843774630688e-05,8.199127478292212e-05,1.270389839191921e-05
pythia-1b,draw_3,high,4,8.50431970320642e-05,0.0002032382762990892,2.426656283205375e-05
pythia-1b,draw_3,high,5,0.000134947695187293,0.000415642251027748,1.8837692550732754e-05
pythia-1b,draw_3,high,6,7.535524491686374e-05,0.000327743764501065,8.20240984467091e-06
pythia-1b,draw_3,high,7,0.0369492806494236,0.12168721109628677,0.002480872441083193
pythia-1b,draw_3,high,8,0.014502542093396187,0.06113345921039581,0.0008570491336286068
pythia-1b,draw_3,high,9,0.01462697982788086,0.054501764476299286,0.0008590520592406392
pythia-1b,draw_3,high,10,0.43759793043136597,0.36136114597320557,0.3824295699596405
pythia-1b,draw_3,high,11,0.8768783807754517,0.22725088894367218,0.9816284775733948
pythia-1b,draw_3,high,12,0.9392600059509277,0.16953137516975403,0.9979820251464844
pythia-1b,draw_3,high,13,0.9401054382324219,0.18399375677108765,0.9997711777687073
pythia-1b,draw_3,high,14,0.9883436560630798,0.08211463689804077,0.9999986886978149
pythia-1b,draw_3,high,15,0.9923727512359619,0.07840742915868759,1.0
pythia-1b,draw_3,very_high,0,5.290485205478035e-05,6.477021088358015e-05,3.219059726689011e-05
pythia-1b,draw_3,very_high,1,5.969215999357402e-05,9.12925970624201e-05,3.394708619453013e-05
pythia-1b,draw_3,very_high,2,6.82926329318434e-05,0.00010648521856637672,3.360072150826454e-05
pythia-1b,draw_3,very_high,3,8.014082413865253e-05,0.0002872358018066734,2.5001434551086277e-05
pythia-1b,draw_3,very_high,4,0.00022907198581378907,0.0007947591948322952,4.841393092647195e-05
pythia-1b,draw_3,very_high,5,0.0003834555100183934,0.0014173376839607954,4.337422797107138e-05
pythia-1b,draw_3,very_high,6,0.0002023521956289187,0.0006293297628872097,2.4629987819935195e-05
pythia-1b,draw_3,very_high,7,0.07911267876625061,0.17817279696464539,0.008943001739680767
pythia-1b,draw_3,very_high,8,0.0329262837767601,0.10387679189443588,0.0018846221501007676
pythia-1b,draw_3,very_high,9,0.038403697311878204,0.12865668535232544,0.0020733713172376156
pythia-1b,draw_3,very_high,10,0.4320918023586273,0.3491050601005554,0.3875279128551483
pythia-1b,draw_3,very_high,11,0.8496695756912231,0.2131160944700241,0.9409248232841492
pythia-1b,draw_3,very_high,12,0.9640032052993774,0.10347214341163635,0.9975283741950989
pythia-1b,draw_3,very_high,13,0.9642820954322815,0.13468661904335022,0.9998764991760254
pythia-1b,draw_3,very_high,14,0.9931097030639648,0.0648830384016037,0.9999992847442627
pythia-1b,draw_3,very_high,15,0.9979827404022217,0.021464936435222626,1.0
pythia-1b,draw_3,control,0,4.825928044738248e-05,5.8077919675270095e-05,2.5400673621334136e-05
pythia-1b,draw_3,control,1,5.804807005915791e-05,9.446976764593273e-05,2.4053495508269407e-05
pythia-1b,draw_3,control,2,5.80718697165139e-05,9.302489343099296e-05,2.2049371182220057e-05
pythia-1b,draw_3,control,3,6.179916090331972e-05,0.00013838481390848756,2.0059876987943426e-05
pythia-1b,draw_3,control,4,0.0001776005228748545,0.0007427751552313566,3.344787182868458e-05
pythia-1b,draw_3,control,5,0.00017647021741140634,0.0005809460999444127,3.3445841836510226e-05
pythia-1b,draw_3,control,6,0.00018084311159327626,0.0008291888516396284,2.0834722818108276e-05
pythia-1b,draw_3,control,7,0.06710654497146606,0.15907743573188782,0.00694002490490675
pythia-1b,draw_3,control,8,0.034264858812093735,0.11541269719600677,0.0019803959876298904
pythia-1b,draw_3,control,9,0.039912838488817215,0.11849439889192581,0.00183301349170506
pythia-1b,draw_3,control,10,0.3889739513397217,0.33709242939949036,0.2877212464809418
pythia-1b,draw_3,control,11,0.8544186949729919,0.23232413828372955,0.9600658416748047
pythia-1b,draw_3,control,12,0.9421861171722412,0.16472244262695312,0.9976522326469421
pythia-1b,draw_3,control,13,0.948174238204956,0.18092761933803558,0.9998270869255066
pythia-1b,draw_3,control,14,0.9829756617546082,0.11772062629461288,0.9999994039535522
pythia-1b,draw_3,control,15,0.9932366013526917,0.07044727355241776,1.0
pythia-1.4b,draw_1,low,0,1.3054806004220154e-05,2.376397605985403e-05,5.721360139432363e-06
pythia-1.4b,draw_1,low,1,1.0421592378406785e-05,2.2973783416091464e-05,3.3869180242618313e-06
pythia-1.4b,draw_1,low,2,1.1159522728121374e-05,3.692516474984586e-05,2.6905263439402916e-06
pythia-1.4b,draw_1,low,3,1.0736045624071267e-05,3.1692394259152934e-05,2.5401268430869095e-06
pythia-1.4b,draw_1,low,4,1.3278749975143e-05,5.3557403589366004e-05,2.187107384088449e-06
pythia-1.4b,draw_1,low,5,1.462766249460401e-05,3.436035694903694e-05,3.295722081020358e-06
pythia-1.4b,draw_1,low,6,1.94234489754308e-05,5.105964373797178e-05,4.121345227758866e-06
pythia-1.4b,draw_1,low,7,2.3267162760021165e-05,6.76882773404941e-05,3.6466126402956434e-06
pythia-1.4b,draw_1,low,8,1.855226219049655e-05,6.467519415309653e-05,1.9215360680391314e-06
pythia-1.4b,draw_1,low,9,1.1405810255382676e-05,3.861295772367157e-05,1.1654283298412338e-06
pythia-1.4b,draw_1,low,10,0.01098080724477768,0.04323499649763107,0.00041946262354031205
pythia-1.4b,draw_1,low,11,0.005233157891780138,0.01918978989124298,0.0004246262542437762
pythia-1.4b,draw_1,low,12,0.009332139045000076,0.04644970968365669,0.00030684086959809065
pythia-1.4b,draw_1,low,13,0.10845915228128433,0.23700042068958282,0.004376331809908152
pythia-1.4b,draw_1,low,14,0.20473793148994446,0.32031089067459106,0.01714453659951687
pythia-1.4b,draw_1,low,15,0.4634552001953125,0.4223092794418335,0.36680272221565247
pythia-1.4b,draw_1,low,16,0.5810990929603577,0.4200018346309662,0.7941493391990662
pythia-1.4b,draw_1,low,17,0.5368421673774719,0.4226614832878113,0.5693082809448242
pythia-1.4b,draw_1,low,18,0.4765772819519043,0.4214191436767578,0.3917844295501709
pythia-1.4b,draw_1,low,19,0.33502140641212463,0.40435460209846497,0.05814030021429062
pythia-1.4b,draw_1,low,20,0.1803121715784073,0.3261587619781494,0.003115945728495717
pythia-1.4b,draw_1,low,21,0.2730187773704529,0.3775692284107208,0.043315641582012177
pythia-1.4b,draw_1,low,22,0.7588382959365845,0.37416619062423706,0.9884830117225647
pythia-1.4b,draw_1,low,23,0.9729824066162109,0.12904061377048492,0.9999970197677612
pythia-1.4b,draw_1,medium,0,1.6355272236978635e-05,2.108913213305641e-05,1.0056228347821161e-05
pythia-1.4b,draw_1,medium,1,1.4180572179611772e-05,2.6330277250963263e-05,5.595141828962369e-06
pythia-1.4b,draw_1,medium,2,1.4488289707514923e-05,3.800951526500285e-05,4.238330802763812e-06
pythia-1.4b,draw_1,medium,3,1.3351838788366877e-05,3.687969365273602e-05,3.501559376672958e-06
pythia-1.4b,draw_1,medium,4,2.0299412426538765e-05,7.616503717144951e-05,2.7905753086088225e-06
pythia-1.4b,draw_1,medium,5,3.653848762041889e-05,0.00015320925740525126,5.247506123851053e-06
pythia-1.4b,draw_1,medium,6,2.7097716156276874e-05,6.588847463717684e-05,5.01785416417988e-06
pythia-1.4b,draw_1,medium,7,5.97646321693901e-05,0.0002330528513994068,5.852792583027622e-06
pythia-1.4b,draw_1,medium,8,3.974170977016911e-05,0.00015872460789978504,3.5430250591161894e-06
pythia-1.4b,draw_1,medium,9,2.2334741515805945e-05,7.700352580286562e-05,1.8091428728439496e-06
pythia-1.4b,draw_1,medium,10,0.01644214615225792,0.04927920922636986,0.0010061269858852029
pythia-1.4b,draw_1,medium,11,0.010906294919550419,0.03965387120842934,0.000753875239752233
pythia-1.4b,draw_1,medium,12,0.0169618371874094,0.06699714064598083,0.0006355629884637892
pythia-1.4b,draw_1,medium,13,0.1075623482465744,0.21776767075061798,0.0071028731763362885
pythia-1.4b,draw_1,medium,14,0.22759254276752472,0.3416730761528015,0.024091795086860657
pythia-1.4b,draw_1,medium,15,0.624272882938385,0.4019485116004944,0.8540894985198975
pythia-1.4b,draw_1,medium,16,0.7456774711608887,0.3618003726005554,0.9812322854995728
pythia-1.4b,draw_1,medium,17,0.7379983067512512,0.36815935373306274,0.982023298740387
pythia-1.4b,draw_1,medium,18,0.7249701619148254,0.3841029703617096,0.9741623997688293
pythia-1.4b,draw_1,medium,19,0.6094874143600464,0.42369505763053894,0.8550231456756592
pythia-1.4b,draw_1,medium,20,0.4498383104801178,0.4355020821094513,0.2909008860588074
pythia-1.4b,draw_1,medium,21,0.6235544085502625,0.4236701428890228,0.8909578919410706
pythia-1.4b,draw_1,medium,22,0.8993903398513794,0.26083630323410034,0.9996199607849121
pythia-1.4b,draw_1,medium,23,0.9921995997428894,0.05273638293147087,0.9999994039535522
pythia-1.4b,draw_1,high,0,2.9597451430163346e-05,4.00796634494327e-05,1.4653955986432265e-05
pythia-1.4b,draw_1,high,1,3.103828203165904e-05,5.979251000098884e-05,1.0947111150017008e-05
pythia-1.4b,draw_1,high,2,2.4342964024981484e-05,4.9047517677536234e-05,8.4899356807e-06
pythia-1.4b,draw_1,high,3,2.7631918783299625e-05,5.924419019720517e-05,7.385126536973985e-06
pythia-1.4b,draw_1,high,4,3.6123921745456755e-05,8.400671504205093e-05,7.713476406934205e-06
pythia-1.4b,draw_1,high,5,0.00010137616482097656,0.00026055180933326483,1.9429118765401654e-05
pythia-1.4b,draw_1,high,6,6.736980139976367e-05,0.00020603580924216658,1.2553639862744603e-05
pythia-1.4b,draw_1,high,7,0.00018259018543176353,0.0008085053996182978,1.6464096916024573e-05
pythia-1.4b,draw_1,high,8,0.00011327322863508016,0.0003613810404203832,1.1891859685420059e-05
pythia-1.4b,draw_1,high,9,0.00010034976730821654,0.0004864181682933122,8.373122000193689e-06
pythia-1.4b,draw_1,high,10,0.07825133949518204,0.16525226831436157,0.00969361886382103
pythia-1.4b,draw_1,high,11,0.062223631888628006,0.1503170281648636,0.006865919567644596
pythia-1.4b,draw_1,high,12,0.10679800808429718,0.22720113396644592,0.00813269056379795
pythia-1.4b,draw_1,high,13,0.23719556629657745,0.32672756910324097,0.05836763605475426
pythia-1.4b,draw_1,high,14,0.30643928050994873,0.37376073002815247,0.05968143418431282
pythia-1.4b,draw_1,high,15,0.7427443861961365,0.35051780939102173,0.954338550567627
pythia-1.4b,draw_1,high,16,0.8778994679450989,0.27335917949676514,0.9984612464904785
pythia-1.4b,draw_1,high,17,0.8639042377471924,0.29189780354499817,0.9990630745887756
pythia-1.4b,draw_1,high,18,0.8455407619476318,0.3052886426448822,0.998578667640686
pythia-1.4b,draw_1,high,19,0.8143228888511658,0.33965325355529785,0.9942942261695862
pythia-1.4b,draw_1,high,20,0.7267851233482361,0.38090458512306213,0.9807949662208557
pythia-1.4b,draw_1,high,21,0.8406869769096375,0.31732743978500366,0.9986231327056885
pythia-1.4b,draw_1,high,22,0.9506101012229919,0.17693038284778595,0.9999843835830688
pythia-1.4b,draw_1,high,23,0.9908050298690796,0.059852439910173416,0.9999998807907104
pythia-1.4b,draw_1,very_high,0,5.51136072317604e-05,0.00013462893548421562,2.6494664780329913e-05
pythia-1.4b,draw_1,very_high,1,4.821395850740373e-05,6.689372821711004e-05,2.5202993128914386e-05
pythia-1.4b,draw_1,very_high,2,3.9484941225964576e-05,6.815524102421477e-05,1.5243272173393052e-05
pythia-1.4b,draw_1,very_high,3,5.103020157548599e-05,9.505155321676284e-05,1.528630127722863e-05
pythia-1.4b,draw_1,very_high,4,8.840327791403979e-05,0.00020932612824253738,1.711494587652851e-05
pythia-1.4b,draw_1,very_high,5,0.00026209114002995193,0.00064738595392555,3.9990354707697406e-05
pythia-1.4b,draw_1,very_high,6,0.00012331563630141318,0.00028893089620396495,2.1822273993166164e-05
pythia-1.4b,draw_1,very_high,7,0.0005411377060227096,0.0017417563358321786,3.650337748695165e-05
pythia-1.4b,draw_1,very_high,8,0.00040225021075457335,0.0020584994927048683,1.8056192857329734e-05
pythia-1.4b,draw_1,very_high,9,0.0003416977997403592,0.001765392255038023,1.5247334886225872e-05
pythia-1.4b,draw_1,very_high,10,0.17668701708316803,0.2542268633842468,0.05837075412273407
pythia-1.4b,draw_1,very_high,11,0.17077115178108215,0.2655470669269562,0.037769801914691925
pythia-1.4b,draw_1,very_high,12,0.20715616643428802,0.31685394048690796,0.02889629639685154
pythia-1.4b,draw_1,very_high,13,0.41353678703308105,0.4198603928089142,0.18042859435081482
pythia-1.4b,draw_1,very_high,14,0.4335148334503174,0.4331461489200592,0.23197098076343536
pythia-1.4b,draw_1,very_high,15,0.8189339637756348,0.3175821602344513,0.9954898953437805
pythia-1.4b,draw_1,very_high,16,0.9268787503242493,0.21927225589752197,0.999934196472168
pythia-1.4b,draw_1,very_high,17,0.9379112124443054,0.19965744018554688,0.999984860420227
pythia-1.4b,draw_1,very_high,18,0.9240666627883911,0.22587482631206512,0.999980092048645
pythia-1.4b,draw_1,very_high,19,0.8718294501304626,0.2960628867149353,0.9999052286148071
pythia-1.4b,draw_1,very_high,20,0.8339368104934692,0.33576780557632446,0.9995150566101074
pythia-1.4b,draw_1,very_high,21,0.9029503464698792,0.2510455548763275,0.999967098236084
pythia-1.4b,draw_1,very_high,22,0.9752295613288879,0.12218821048736572,0.9999983310699463
pythia-1.4b,draw_1,very_high,23,0.9945125579833984,0.05283306911587715,0.9999998807907104
pythia-1.4b,draw_1,control,0,4.621799598680809e-05,5.264467472443357e-05,3.1275241781258956e-05
pythia-1.4b,draw_1,control,1,5.1324896048754454e-05,7.102498784661293e-05,2.6227162379655056e-05
pythia-1.4b,draw_1,control,2,4.218086542095989e-05,7.6980737503618e-05,1.7909494999912567e-05
pythia-1.4b,draw_1,control,3,4.378938683657907e-05,7.875300798332319e-05,1.844996222644113e-05
pythia-1.4b,draw_1,control,4,8.008234726730734e-05,0.00023033871548250318,1.935813452291768e-05
pythia-1.4b,draw_1,control,5,0.0002700106706470251,0.0010930958669632673,4.39946998085361e-05
pythia-1.4b,draw_1,control,6,0.0002025880094151944,0.0008625024347566068,2.0840610886807553e-05
pythia-1.4b,draw_1,control,7,0.0005711584817618132,0.0020978322718292475,3.4302647691220045e-05
pythia-1.4b,draw_1,control,8,0.001168877468444407,0.009233316406607628,2.2910484403837472e-05
pythia-1.4b,draw_1,control,9,0.0008219227311201394,0.007211820222437382,1.662505565036554e-05
pythia-1.4b,draw_1,control,10,0.14075489342212677,0.22175583243370056,0.035467397421598434
pythia-1.4b,draw_1,control,11,0.14785240590572357,0.2465745061635971,0.02607155591249466
pythia-1.4b,draw_1,control,12,0.17325010895729065,0.2929707467556,0.019968843087553978
pythia-1.4b,draw_1,control,13,0.34024277329444885,0.39555057883262634,0.09782855212688446
pythia-1.4b,draw_1,control,14,0.38534343242645264,0.428823322057724,0.1408035010099411
pythia-1.4b,draw_1,control,15,0.7818779945373535,0.3510224521160126,0.9887855052947998
pythia-1.4b,draw_1,control,16,0.8931259512901306,0.2664604187011719,0.9997790455818176
pythia-1.4b,draw_1,control,17,0.8874473571777344,0.27295199036598206,0.9998723268508911
pythia-1.4b,draw_1,control,18,0.8695464134216309,0.2920422852039337,0.999903678894043
pythia-1.4b,draw_1,control,19,0.8170230984687805,0.3394821286201477,0.9996140599250793
pythia-1.4b,draw_1,control,20,0.7653236389160156,0.3757966160774231,0.9981256127357483
pythia-1.4b,draw_1,control,21,0.8294744491577148,0.3379499018192291,0.9998334646224976
pythia-1.4b,draw_1,control,22,0.9357742071151733,0.22168776392936707,0.9999969005584717
pythia-1.4b,draw_1,control,23,0.9764263033866882,0.13511912524700165,0.9999998807907104
pythia-1.4b,draw_2,low,0,1.3528097952075768e-05,2.218365807493683e-05,5.872149813512806e-06
pythia-1.4b,draw_2,low,1,1.0952202501357533e-05,2.4526229026378132e-05,3.2082707548397593e-06
pythia-1.4b,draw_2,low,2,1.1207355782971717e-05,2.551527359173633e-05,3.1336903703049757e-06
pythia-1.4b,draw_2,low,3,1.2335019164311234e-05,3.313129855087027e-05,2.863666850316804e-06
pythia-1.4b,draw_2,low,4,1.3476150343194604e-05,3.959999594371766e-05,1.822236640691699e-06
pythia-1.4b,draw_2,low,5,2.099326411553193e-05,6.131138798082247e-05,3.397243744984735e-06
pythia-1.4b,draw_2,low,6,3.761106199817732e-05,0.00014234769332688302,4.027838713227538e-06
pythia-1.4b,draw_2,low,7,6.855365791125223e-05,0.0003075799031648785,2.567704314060393e-06
pythia-1.4b,draw_2,low,8,3.322414340800606e-05,0.00016414711717516184,2.0909333215968218e-06
pythia-1.4b,draw_2,low,9,1.9363447790965438e-05,7.964060205267742e-05,1.8846318425858044e-06
pythia-1.4b,draw_2,low,10,0.014616129919886589,0.05926148220896721,0.0006372617790475488
pythia-1.4b,draw_2,low,11,0.010683008469641209,0.04315613582730293,0.00031830219086259604
pythia-1.4b,draw_2,low,12,0.01694900169968605,0.07723895460367203,0.00027225911617279053
pythia-1.4b,draw_2,low,13,0.1350569725036621,0.2532978355884552,0.010152719914913177
pythia-1.4b,draw_2,low,14,0.1687646210193634,0.28914526104927063,0.01199315581470728
pythia-1.4b,draw_2,low,15,0.47151947021484375,0.41453859210014343,0.3968471884727478
pythia-1.4b,draw_2,low,16,0.5624894499778748,0.4186559021472931,0.7123143076896667
pythia-1.4b,draw_2,low,17,0.5003666281700134,0.42194706201553345,0.5280926823616028
pythia-1.4b,draw_2,low,18,0.4169400930404663,0.4235991835594177,0.2309127300977707
pythia-1.4b,draw_2,low,19,0.27699941396713257,0.38164132833480835,0.01931321993470192
pythia-1.4b,draw_2,low,20,0.17076992988586426,0.3314734399318695,0.0014969527255743742
pythia-1.4b,draw_2,low,21,0.22859030961990356,0.36565327644348145,0.00895876344293356
pythia-1.4b,draw_2,low,22,0.707219123840332,0.36845555901527405,0.9285537004470825
pythia-1.4b,draw_2,low,23,0.9761631488800049,0.13361427187919617,0.9999953508377075
pythia-1.4b,draw_2,medium,0,1.7964090147870593e-05,2.259042412333656e-05,1.0311118785466533e-05
pythia-1.4b,draw_2,medium,1,1.4489823115582112e-05,2.703736026887782e-05,6.061577551008668e-06
pythia-1.4b,draw_2,medium,2,1.3420722098089755e-05,3.061826282646507e-05,5.10173322254559e-06
pythia-1.4b,draw_2,medium,3,1.2554824024846312e-05,2.3907314243842848e-05,5.206609785091132e-06
pythia-1.4b,draw_2,medium,4,1.2928410797030665e-05,3.936951543437317e-05,2.9488385280274088e-06
pythia-1.4b,draw_2,medium,5,2.7614529244601727e-05,9.91965425782837e-05,5.339943072613096e-06
pythia-1.4b,draw_2,medium,6,2.481899173290003e-05,8.187800267478451e-05,4.0307218114321586e-06
pythia-1.4b,draw_2,medium,7,4.4396354496711865e-05,0.00019033152784686536,3.773734079004498e-06
pythia-1.4b,draw_2,medium,8,2.7968999347649515e-05,0.00010551122250035405,2.774819677142659e-06
pythia-1.4b,draw_2,medium,9,2.4543734980397858e-05,0.00012632584548555315,2.318993892913568e-06
pythia-1.4b,draw_2,medium,10,0.027080612257122993,0.09422433376312256,0.001552832662127912
pythia-1.4b,draw_2,medium,11,0.021177511662244797,0.08221250772476196,0.0009830445051193237
pythia-1.4b,draw_2,medium,12,0.027734793722629547,0.1050337478518486,0.001094657345674932
pythia-1.4b,draw_2,medium,13,0.18112871050834656,0.2924520969390869,0.02646760828793049
pythia-1.4b,draw_2,medium,14,0.20114532113075256,0.3175348937511444,0.02288815937936306
pythia-1.4b,draw_2,medium,15,0.6397862434387207,0.3801563084125519,0.8074207305908203
pythia-1.4b,draw_2,medium,16,0.7417370080947876,0.361251562833786,0.9795927405357361
pythia-1.4b,draw_2,medium,17,0.7162044048309326,0.3830081820487976,0.9753702878952026
pythia-1.4b,draw_2,medium,18,0.6777986884117126,0.39393213391304016,0.9512069225311279
pythia-1.4b,draw_2,medium,19,0.5277636647224426,0.4294806122779846,0.5995569229125977
pythia-1.4b,draw_2,medium,20,0.3704172670841217,0.4118954837322235,0.12007887661457062
pythia-1.4b,draw_2,medium,21,0.46796780824661255,0.43180224299430847,0.3957102298736572
pythia-1.4b,draw_2,medium,22,0.8727373480796814,0.2767758369445801,0.9985038042068481
pythia-1.4b,draw_2,medium,23,0.9808477163314819,0.11193335056304932,0.9999974966049194
pythia-1.4b,draw_2,high,0,3.41677077813074e-05,4.569643715512939e-05,1.75169207068393e-05
pythia-1.4b,draw_2,high,1,3.6691457353299484e-05,7.175806968007237e-05,1.330679970124038e-05
pythia-1.4b,draw_2,high,2,2.8962671422050335e-05,5.5792523198761046e-05,9.371719897899311e-06
pythia-1.4b,draw_2,high,3,3.044076765945647e-05,5.47371237189509e-05,9.233706805389374e-06
pythia-1.4b,draw_2,high,4,2.676393705769442e-05,6.190635758684948e-05,8.202136086765677e-06
pythia-1.4b,draw_2,high,5,7.007613749010488e-05,0.00016683740250300616,1.74696742760716e-05
pythia-1.4b,draw_2,high,6,4.7697532863821834e-05,9.267318819183856e-05,1.022896140057128e-05
pythia-1.4b,draw_2,high,7,0.00021556811407208443,0.0007255953387357295,1.7298938473686576e-05
pythia-1.4b,draw_2,high,8,0.000108585343696177,0.0003075835120398551,9.865319952950813e-06
pythia-1.4b,draw_2,high,9,0.00013776290870737284,0.0005093551008030772,9.44467683439143e-06
pythia-1.4b,draw_2,high,10,0.08442246168851852,0.17184725403785706,0.008827021345496178
pythia-1.4b,draw_2,high,11,0.05698343738913536,0.1250796616077423,0.006212413776665926
pythia-1.4b,draw_2,high,12,0.07871407270431519,0.17875972390174866,0.006174720823764801
pythia-1.4b,draw_2,high,13,0.24061302840709686,0.3375164866447449,0.042227741330862045
pythia-1.4b,draw_2,high,14,0.25823161005973816,0.3719906210899353,0.031237496063113213
pythia-1.4b,draw_2,high,15,0.7182347178459167,0.3718395531177521,0.9635396599769592
pythia-1.4b,draw_2,high,16,0.8520380258560181,0.29319503903388977,0.9986075758934021
pythia-1.4b,draw_2,high,17,0.8516612648963928,0.288656622171402,0.9987829327583313
pythia-1.4b,draw_2,high,18,0.8089115619659424,0.32506537437438965,0.9985226988792419
pythia-1.4b,draw_2,high,19,0.7029221057891846,0.39686211943626404,0.9804270267486572
pythia-1.4b,draw_2,high,20,0.5857921838760376,0.4261761009693146,0.8147810101509094
pythia-1.4b,draw_2,high,21,0.6597352027893066,0.408132404088974,0.9359061121940613
pythia-1.4b,draw_2,high,22,0.9416653513908386,0.19763538241386414,0.9999810457229614
pythia-1.4b,draw_2,high,23,0.9789812564849854,0.1286853849887848,0.9999991655349731
pythia-1.4b,draw_2,very_high,0,5.247711669653654e-05,6.980450416449457e-05,3.382347131264396e-05
pythia-1.4b,draw_2,very_high,1,5.9817299188580364e-05,0.00011674255802063271,3.258074139012024e-05
pythia-1.4b,draw_2,very_high,2,4.5381551899481565e-05,8.663156040711328e-05,1.8511143935029395e-05
pythia-1.4b,draw_2,very_high,3,5.5419342970708385e-05,0.0001309312938246876,1.7305868823314086e-05
pythia-1.4b,draw_2,very_high,4,5.277724994812161e-05,0.0002045139262918383,1.2767819498549215e-05
pythia-1.4b,draw_2,very_high,5,0.00021350535098463297,0.0008293240098282695,3.112807098659687e-05
pythia-1.4b,draw_2,very_high,6,9.480983135290444e-05,0.00034428760409355164,1.622985291760415e-05
pythia-1.4b,draw_2,very_high,7,0.0002754860615823418,0.0008697892189957201,3.0515026082866825e-05
pythia-1.4b,draw_2,very_high,8,0.0002236549771623686,0.0009956096764653921,1.6796042473288253e-05
pythia-1.4b,draw_2,very_high,9,0.00013644651335198432,0.0004470204294193536,1.820053694245871e-05
pythia-1.4b,draw_2,very_high,10,0.1608404815196991,0.24269933998584747,0.03404904156923294
pythia-1.4b,draw_2,very_high,11,0.14366236329078674,0.22633686661720276,0.030000029131770134
pythia-1.4b,draw_2,very_high,12,0.165950208902359,0.27369973063468933,0.023070603609085083
pythia-1.4b,draw_2,very_high,13,0.3644004166126251,0.39044278860092163,0.15286554396152496
pythia-1.4b,draw_2,very_high,14,0.37296509742736816,0.41176116466522217,0.11882764101028442
pythia-1.4b,draw_2,very_high,15,0.7738842368125916,0.35954946279525757,0.9917991161346436
pythia-1.4b,draw_2,very_high,16,0.8925836682319641,0.2612694799900055,0.9998993873596191
pythia-1.4b,draw_2,very_high,17,0.9013902544975281,0.24613095819950104,0.9999306201934814
pythia-1.4b,draw_2,very_high,18,0.8797997236251831,0.2721480429172516,0.9999741315841675
pythia-1.4b,draw_2,very_high,19,0.7812886834144592,0.3618261516094208,0.9993564486503601
pythia-1.4b,draw_2,very_high,20,0.7297619581222534,0.39511987566947937,0.9953155517578125
pythia-1.4b,draw_2,very_high,21,0.7646712064743042,0.3681611716747284,0.9984128475189209
pythia-1.4b,draw_2,very_high,22,0.9455377459526062,0.1931459754705429,0.9999951124191284
pythia-1.4b,draw_2,very_high,23,0.9862901568412781,0.09802286326885223,0.9999995231628418
pythia-1.4b,draw_2,control,0,4.797079600393772e-05,8.728786633582786e-05,2.6299027013010345e-05
pythia-1.4b,draw_2,control,1,4.575632920023054e-05,7.741831359453499e-05,1.866135971795302e-05
pythia-1.4b,draw_2,control,2,3.690848097903654e-05,5.41524714208208e-05,1.3834983292326797e-05
pythia-1.4b,draw_2,control,3,3.9840098907006904e-05,6.37004995951429e-05,1.600624636921566e-05
pythia-1.4b,draw_2,control,4,3.9810376620152965e-05,0.00013482465874403715,1.095835705200443e-05
pythia-1.4b,draw_2,control,5,0.00011805330723291263,0.00035756491706706583,2.63485071627656e-05
pythia-1.4b,draw_2,control,6,6.3222752942238e-05,0.0001517937344033271,1.492998762842035e-05
pythia-1.4b,draw_2,control,7,0.0003453879908192903,0.0019996350165456533,2.600103834993206e-05
pythia-1.4b,draw_2,control,8,0.00019014879944734275,0.0005653334083035588,2.0001069060526788e-05
pythia-1.4b,draw_2,control,9,0.00022096112661529332,0.0011974170338362455,1.508013519924134e-05
pythia-1.4b,draw_2,control,10,0.19487246870994568,0.29799243807792664,0.027457578107714653
pythia-1.4b,draw_2,control,11,0.16650865972042084,0.28319695591926575,0.025112681090831757
pythia-1.4b,draw_2,control,12,0.16778191924095154,0.28938329219818115,0.013094627298414707
pythia-1.4b,draw_2,control,13,0.3268624544143677,0.37783318758010864,0.12156688421964645
pythia-1.4b,draw_2,control,14,0.3187023997306824,0.4010048508644104,0.038835909217596054
pythia-1.4b,draw_2,control,15,0.733643114566803,0.354183167219162,0.9575034379959106
pythia-1.4b,draw_2,control,16,0.8689929246902466,0.2683447003364563,0.9992282390594482
pythia-1.4b,draw_2,control,17,0.8540315628051758,0.2852914035320282,0.999218225479126
pythia-1.4b,draw_2,control,18,0.8267160654067993,0.3255835473537445,0.9992528557777405
pythia-1.4b,draw_2,control,19,0.7301831841468811,0.3983458876609802,0.9929585456848145
pythia-1.4b,draw_2,control,20,0.6680059432983398,0.43051353096961975,0.9743298888206482
pythia-1.4b,draw_2,control,21,0.6988279223442078,0.4179084002971649,0.990533709526062
pythia-1.4b,draw_2,control,22,0.9376450181007385,0.19737020134925842,0.999953031539917
pythia-1.4b,draw_2,control,23,0.9877710342407227,0.07988345623016357,0.9999983310699463
pythia-1.4b,draw_3,low,0,1.0165025742026046e-05,1.4243219993659295e-05,5.0395055950502865e-06
pythia-1.4b,draw_3,low,1,7.620021278853528e-06,1.2970671377843246e-05,2.8497706807684153e-06
pythia-1.4b,draw_3,low,2,8.035720384214073e-06,1.7378919437760487e-05,2.1329835817596177e-06
pythia-1.4b,draw_3,low,3,9.659090210334398e-06,2.50115517701488e-05,1.8414978057990083e-06
pythia-1.4b,draw_3,low,4,7.661511517653707e-06,1.9046927263843827e-05,1.121714262808382e-06
pythia-1.4b,draw_3,low,5,1.5624098523403518e-05,4.213983993395232e-05,1.9254944163549226e-06
pythia-1.4b,draw_3,low,6,1.8648655895958655e-05,5.5622153013246134e-05,2.398179049123428e-06
pythia-1.4b,draw_3,low,7,3.627144542406313e-05,0.00014437515346799046,1.7126224065577844e-06
pythia-1.4b,draw_3,low,8,2.721245436987374e-05,0.0001251035137102008,1.0834958175109932e-06
pythia-1.4b,draw_3,low,9,1.582204640726559e-05,8.625905320513994e-05,8.15326529846061e-07
pythia-1.4b,draw_3,low,10,0.010951755568385124,0.04524028301239014,0.000533253769390285
pythia-1.4b,draw_3,low,11,0.009857844561338425,0.04659409075975418,0.00028573215240612626
pythia-1.4b,draw_3,low,12,0.01449694111943245,0.06717672944068909,0.00025583337992429733
pythia-1.4b,draw_3,low,13,0.09773480147123337,0.20490644872188568,0.007003124337643385
pythia-1.4b,draw_3,low,14,0.18858526647090912,0.30489352345466614,0.015113569796085358
pythia-1.4b,draw_3,low,15,0.46740058064460754,0.420612096786499,0.32632970809936523
pythia-1.4b,draw_3,low,16,0.5218390822410583,0.4243510365486145,0.5859684348106384
pythia-1.4b,draw_3,low,17,0.43042582273483276,0.4238933026790619,0.2512965798377991
pythia-1.4b,draw_3,low,18,0.3566302955150604,0.4181288778781891,0.09901447594165802
pythia-1.4b,draw_3,low,19,0.19464875757694244,0.3314114212989807,0.0032083489932119846
pythia-1.4b,draw_3,low,20,0.0865628570318222,0.24532218277454376,5.962048817309551e-05
pythia-1.4b,draw_3,low,21,0.14931948482990265,0.30360835790634155,0.0008771491702646017
pythia-1.4b,draw_3,low,22,0.6581017971038818,0.4059768617153168,0.9255577921867371
pythia-1.4b,draw_3,low,23,0.9783546328544617,0.11228550970554352,0.999991774559021
pythia-1.4b,draw_3,medium,0,1.775853343133349e-05,2.663514533196576e-05,9.12102132133441e-06
pythia-1.4b,draw_3,medium,1,1.3775650586467236e-05,2.2742204237147234e-05,6.014273367327405e-06
pythia-1.4b,draw_3,medium,2,1.263341800950002e-05,2.286321068822872e-05,4.358748356025899e-06
pythia-1.4b,draw_3,medium,3,1.3663609024661127e-05,3.220051439711824e-05,5.599399173661368e-06
pythia-1.4b,draw_3,medium,4,1.6890136976144277e-05,5.6057338952086866e-05,3.373665776962298e-06
pythia-1.4b,draw_3,medium,5,5.02678012708202e-05,0.00022998338681645691,5.290120043355273e-06
pythia-1.4b,draw_3,medium,6,3.27606285281945e-05,0.00011658361472655088,3.871135959343519e-06
pythia-1.4b,draw_3,medium,7,5.986424730508588e-05,0.0002747083199210465,5.145825980434893e-06
pythia-1.4b,draw_3,medium,8,3.8059817597968504e-05,0.00013428380771074444,2.860977701857337e-06
pythia-1.4b,draw_3,medium,9,5.8508481743047014e-05,0.0004357668221928179,2.6219179289910244e-06
pythia-1.4b,draw_3,medium,10,0.026716172695159912,0.08989076316356659,0.0013435345608741045
pythia-1.4b,draw_3,medium,11,0.0179904755204916,0.0714852586388588,0.0010198113741353154
pythia-1.4b,draw_3,medium,12,0.020160799846053123,0.07958047837018967,0.0005865494022145867
pythia-1.4b,draw_3,medium,13,0.14992238581180573,0.2741173207759857,0.012164903804659843
pythia-1.4b,draw_3,medium,14,0.212344229221344,0.3350033164024353,0.01357260812073946
pythia-1.4b,draw_3,medium,15,0.5610940456390381,0.4098985195159912,0.6369495987892151
pythia-1.4b,draw_3,medium,16,0.6744497418403625,0.39547184109687805,0.9330683350563049
pythia-1.4b,draw_3,medium,17,0.6117666363716125,0.4063601493835449,0.7751917243003845
pythia-1.4b,draw_3,medium,18,0.5295981764793396,0.4318780303001404,0.6180815696716309
pythia-1.4b,draw_3,medium,19,0.35959044098854065,0.4165497422218323,0.08633717894554138
pythia-1.4b,draw_3,medium,20,0.20687425136566162,0.3436318337917328,0.005273131188005209
pythia-1.4b,draw_3,medium,21,0.3109266459941864,0.39652925729751587,0.05348203703761101
pythia-1.4b,draw_3,medium,22,0.8484030961990356,0.28887346386909485,0.9955774545669556
pythia-1.4b,draw_3,medium,23,0.9869693517684937,0.08201804757118225,0.9999971389770508
pythia-1.4b,draw_3,high,0,3.1090898119146004e-05,4.121663732803427e-05,1.651158345339354e-05
pythia-1.4b,draw_3,high,1,2.9890177756897174e-05,5.135373430675827e-05,1.2265601981198415e-05
pythia-1.4b,draw_3,high,2,2.5807201382122003e-05,5.335114474291913e-05,1.0024250514106825e-05
pythia-1.4b,draw_3,high,3,2.8406866476871073e-05,7.081250078044832e-05,7.869746696087532e-06
pythia-1.4b,draw_3,high,4,3.6356137570692226e-05,0.00010341662709834054,8.486256774631329e-06
pythia-1.4b,draw_3,high,5,5.963833973510191e-05,0.0001369955571135506,1.6242553101619706e-05
pythia-1.4b,draw_3,high,6,4.600015745381825e-05,0.00010405931971035898,1.2509426596807316e-05
pythia-1.4b,draw_3,high,7,0.00017003669927362353,0.0006123069324530661,1.3385047168412711e-05
pythia-1.4b,draw_3,high,8,0.0001262905861949548,0.0004344221670180559,1.0173485861741938e-05
pythia-1.4b,draw_3,high,9,0.00011130889470223337,0.000468333630124107,8.49834304972319e-06
pythia-1.4b,draw_3,high,10,0.06707677990198135,0.12381654977798462,0.009573910385370255
pythia-1.4b,draw_3,high,11,0.04935340955853462,0.11168140918016434,0.004710379522293806
pythia-1.4b,draw_3,high,12,0.056418877094984055,0.14474622905254364,0.003444068366661668
pythia-1.4b,draw_3,high,13,0.2261917144060135,0.32167401909828186,0.03060373105108738
pythia-1.4b,draw_3,high,14,0.20473307371139526,0.3163433372974396,0.02246779389679432
pythia-1.4b,draw_3,high,15,0.6497289538383484,0.39815887808799744,0.8740201592445374
pythia-1.4b,draw_3,high,16,0.8014571070671082,0.3340049386024475,0.9926468133926392
pythia-1.4b,draw_3,high,17,0.7806235551834106,0.3512618839740753,0.9921393990516663
pythia-1.4b,draw_3,high,18,0.7481250166893005,0.3767932951450348,0.9913226366043091
pythia-1.4b,draw_3,high,19,0.6069342494010925,0.4359169602394104,0.9039885401725769
pythia-1.4b,draw_3,high,20,0.49132949113845825,0.44671696424484253,0.4628812074661255
pythia-1.4b,draw_3,high,21,0.5684884190559387,0.44329071044921875,0.8722610473632812
pythia-1.4b,draw_3,high,22,0.9179574847221375,0.2371494621038437,0.9999111890792847
pythia-1.4b,draw_3,high,23,0.9772942662239075,0.1326269954442978,0.9999988079071045
pythia-1.4b,draw_3,very_high,0,5.640260860673152e-05,7.631109474459663e-05,2.9263032047310844e-05
pythia-1.4b,draw_3,very_high,1,6.915632548043504e-05,0.00013815694546792656,2.95803965855157e-05
pythia-1.4b,draw_3,very_high,2,5.171055454411544e-05,0.00010216088412562385,2.2029358660802245e-05
pythia-1.4b,draw_3,very_high,3,5.587860869127326e-05,0.0001002586359390989,2.2876249204273336e-05
pythia-1.4b,draw_3,very_high,4,7.106213888619095e-05,0.00013935461174696684,2.2169011572259478e-05
pythia-1.4b,draw_3,very_high,5,0.0002620535087771714,0.0007952097221277654,4.249418998369947e-05
pythia-1.4b,draw_3,very_high,6,0.00013881870836485177,0.0005067132879048586,2.415990638837684e-05
pythia-1.4b,draw_3,very_high,7,0.0004419866017997265,0.0016915221931412816,3.788603498833254e-05
pythia-1.4b,draw_3,very_high,8,0.00036609775270335376,0.0014786215033382177,2.552034129621461e-05
pythia-1.4b,draw_3,very_high,9,0.00027318563661538064,0.0011958464747294784,2.2402931790566072e-05
pythia-1.4b,draw_3,very_high,10,0.17694956064224243,0.24973297119140625,0.052333176136016846
pythia-1.4b,draw_3,very_high,11,0.156452938914299,0.24699652194976807,0.03466131538152695
pythia-1.4b,draw_3,very_high,12,0.16697806119918823,0.2800927758216858,0.023568132892251015
pythia-1.4b,draw_3,very_high,13,0.3557106852531433,0.3788205087184906,0.17465677857398987
pythia-1.4b,draw_3,very_high,14,0.3549503684043884,0.4061022698879242,0.10657001286745071
pythia-1.4b,draw_3,very_high,15,0.7525253891944885,0.3714599907398224,0.983727216720581
pythia-1.4b,draw_3,very_high,16,0.8825758099555969,0.27891480922698975,0.9997827410697937
pythia-1.4b,draw_3,very_high,17,0.8862291574478149,0.2790280878543854,0.9999173879623413
pythia-1.4b,draw_3,very_high,18,0.8680521845817566,0.29460424184799194,0.9998860359191895
pythia-1.4b,draw_3,very_high,19,0.7975412607192993,0.35840022563934326,0.9987655878067017
pythia-1.4b,draw_3,very_high,20,0.7314406037330627,0.3902484178543091,0.9900814890861511
pythia-1.4b,draw_3,very_high,21,0.7716924548149109,0.36644020676612854,0.995681643486023
pythia-1.4b,draw_3,very_high,22,0.9473221898078918,0.18408295512199402,0.9999955892562866
pythia-1.4b,draw_3,very_high,23,0.9681921601295471,0.15224134922027588,0.9999996423721313
pythia-1.4b,draw_3,control,0,5.187427086639218e-05,0.00012784387217834592,2.6285088097210974e-05
pythia-1.4b,draw_3,control,1,8.577583503210917e-05,0.0005261492333374918,2.4545030100853182e-05
pythia-1.4b,draw_3,control,2,8.00192792667076e-05,0.0005499124526977539,1.5529276424786076e-05
pythia-1.4b,draw_3,control,3,8.342273213202134e-05,0.0004678094119299203,1.8019341951003298e-05
pythia-1.4b,draw_3,control,4,7.914013258414343e-05,0.00026404214440844953,1.3643023521581199e-05
pythia-1.4b,draw_3,control,5,0.00023630796931684017,0.0012086192145943642,2.9510300009860657e-05
pythia-1.4b,draw_3,control,6,0.00015274339239113033,0.0007697285618633032,1.658227301959414e-05
pythia-1.4b,draw_3,control,7,0.0015128517989069223,0.01718609780073166,4.2919153202092275e-05
pythia-1.4b,draw_3,control,8,0.0006324226269498467,0.005918522365391254,2.587383278296329e-05
pythia-1.4b,draw_3,control,9,0.00028796971309930086,0.0017962913261726499,2.0497416699072346e-05
pythia-1.4b,draw_3,control,10,0.1780797690153122,0.26162809133529663,0.04389789327979088
pythia-1.4b,draw_3,control,11,0.15346653759479523,0.25300753116607666,0.018851352855563164
pythia-1.4b,draw_3,control,12,0.1777568906545639,0.30395856499671936,0.013513628393411636
pythia-1.4b,draw_3,control,13,0.3743903338909149,0.3996138572692871,0.17357143759727478
pythia-1.4b,draw_3,control,14,0.37318047881126404,0.42189347743988037,0.08249491453170776
pythia-1.4b,draw_3,control,15,0.7299394011497498,0.3837483525276184,0.9896159172058105
pythia-1.4b,draw_3,control,16,0.831412672996521,0.32752540707588196,0.9994016885757446
pythia-1.4b,draw_3,control,17,0.822369396686554,0.3447277843952179,0.999396562576294
pythia-1.4b,draw_3,control,18,0.7823994755744934,0.3753284513950348,0.9996066689491272
pythia-1.4b,draw_3,control,19,0.702330470085144,0.42023617029190063,0.9961714148521423
pythia-1.4b,draw_3,control,20,0.6390674710273743,0.44017428159713745,0.9578930139541626
pythia-1.4b,draw_3,control,21,0.6817652583122253,0.4317563474178314,0.9909023642539978
pythia-1.4b,draw_3,control,22,0.8934139013290405,0.27596408128738403,0.9999855756759644
pythia-1.4b,draw_3,control,23,0.9723044037818909,0.152208611369133,0.9999990463256836
